2025-04-15 01:19:51,807 - __main__ - INFO - Using device: cuda
2025-04-15 01:19:51,807 - __main__ - INFO - Loading data...
2025-04-15 01:19:51,823 - root - INFO - Loaded phenotypic data for 1112 subjects from /home/pl217/connecto-hopfield/Phenotypic_V1_0b_preprocessed1.csv
2025-04-15 01:19:51,824 - root - INFO - Filtered by site: 539 subjects remaining from included sites.
2025-04-15 01:19:51,825 - root - INFO - Filtered by valid FILE_ID: 519 subjects remaining.
2025-04-15 01:19:51,826 - root - INFO - Filtered by valid DX_GROUP (1 or 2): 519 subjects remaining.
2025-04-15 01:20:01,969 - root - INFO - Successfully processed 519 subjects, failed to process 0 subjects.
2025-04-15 01:20:02,745 - root - INFO - Total windows created: 91053
2025-04-15 01:20:02,745 - root - INFO - Window shape: (30, 200)
2025-04-15 01:20:02,746 - root - INFO - Unique DX_GROUP labels found: [1 2]
2025-04-15 01:20:02,750 - root - INFO - LabelEncoder mapping:
2025-04-15 01:20:02,751 - root - INFO -   Original DX_GROUP 1 -> Encoded 0
2025-04-15 01:20:02,751 - root - INFO -   Original DX_GROUP 2 -> Encoded 1
2025-04-15 01:20:02,754 - root - INFO - LabelEncoder saved to /home/pl217/connecto-hopfield/results/label_encoder.pkl
2025-04-15 01:20:02,866 - root - INFO - Computing connectivity matrices for 91053 subjects...
2025-04-15 01:20:03,587 - root - WARNING - Subject 1328 has regions with zero variance (indices: [51 79]). Marking for exclusion, but computing matrix with zeros for now.
2025-04-15 01:20:03,605 - root - WARNING - Subject 1329 has regions with zero variance (indices: [51 79]). Marking for exclusion, but computing matrix with zeros for now.
2025-04-15 01:20:03,624 - root - WARNING - Subject 1330 has regions with zero variance (indices: [51 79]). Marking for exclusion, but computing matrix with zeros for now.
2025-04-15 01:20:03,642 - root - WARNING - Subject 1331 has regions with zero variance (indices: [51 79]). Marking for exclusion, but computing matrix with zeros for now.
2025-04-15 01:20:03,661 - root - WARNING - Subject 1332 has regions with zero variance (indices: [51 79]). Marking for exclusion, but computing matrix with zeros for now.
2025-04-15 01:20:03,679 - root - WARNING - Subject 1333 has regions with zero variance (indices: [51 79]). Marking for exclusion, but computing matrix with zeros for now.
2025-04-15 01:20:03,698 - root - WARNING - Subject 1334 has regions with zero variance (indices: [51 79]). Marking for exclusion, but computing matrix with zeros for now.
2025-04-15 01:20:03,716 - root - WARNING - Subject 1335 has regions with zero variance (indices: [51 79]). Marking for exclusion, but computing matrix with zeros for now.
2025-04-15 01:20:03,734 - root - WARNING - Subject 1336 has regions with zero variance (indices: [51 79]). Marking for exclusion, but computing matrix with zeros for now.
2025-04-15 01:20:03,753 - root - WARNING - Subject 1337 has regions with zero variance (indices: [51 79]). Marking for exclusion, but computing matrix with zeros for now.
2025-04-15 01:20:03,771 - root - WARNING - Subject 1338 has regions with zero variance (indices: [51 79]). Marking for exclusion, but computing matrix with zeros for now.
2025-04-15 01:20:03,789 - root - WARNING - Subject 1339 has regions with zero variance (indices: [51 79]). Marking for exclusion, but computing matrix with zeros for now.
2025-04-15 01:20:03,808 - root - WARNING - Subject 1340 has regions with zero variance (indices: [51 79]). Marking for exclusion, but computing matrix with zeros for now.
2025-04-15 01:20:03,826 - root - WARNING - Subject 1341 has regions with zero variance (indices: [51 79]). Marking for exclusion, but computing matrix with zeros for now.
2025-04-15 01:20:03,844 - root - WARNING - Subject 1342 has regions with zero variance (indices: [51 79]). Marking for exclusion, but computing matrix with zeros for now.
2025-04-15 01:20:03,862 - root - WARNING - Subject 1343 has regions with zero variance (indices: [51 79]). Marking for exclusion, but computing matrix with zeros for now.
2025-04-15 01:20:03,881 - root - WARNING - Subject 1344 has regions with zero variance (indices: [51 79]). Marking for exclusion, but computing matrix with zeros for now.
2025-04-15 01:20:03,900 - root - WARNING - Subject 1345 has regions with zero variance (indices: [51 79]). Marking for exclusion, but computing matrix with zeros for now.
2025-04-15 01:20:03,918 - root - WARNING - Subject 1346 has regions with zero variance (indices: [51 79]). Marking for exclusion, but computing matrix with zeros for now.
2025-04-15 01:20:03,936 - root - WARNING - Subject 1347 has regions with zero variance (indices: [51 79]). Marking for exclusion, but computing matrix with zeros for now.
2025-04-15 01:20:03,955 - root - WARNING - Subject 1348 has regions with zero variance (indices: [51 79]). Marking for exclusion, but computing matrix with zeros for now.
2025-04-15 01:20:03,973 - root - WARNING - Subject 1349 has regions with zero variance (indices: [51 79]). Marking for exclusion, but computing matrix with zeros for now.
2025-04-15 01:20:03,992 - root - WARNING - Subject 1350 has regions with zero variance (indices: [51 79]). Marking for exclusion, but computing matrix with zeros for now.
2025-04-15 01:20:04,010 - root - WARNING - Subject 1351 has regions with zero variance (indices: [51 79]). Marking for exclusion, but computing matrix with zeros for now.
2025-04-15 01:20:04,028 - root - WARNING - Subject 1352 has regions with zero variance (indices: [51 79]). Marking for exclusion, but computing matrix with zeros for now.
2025-04-15 01:20:04,047 - root - WARNING - Subject 1353 has regions with zero variance (indices: [51 79]). Marking for exclusion, but computing matrix with zeros for now.
2025-04-15 01:20:04,065 - root - WARNING - Subject 1354 has regions with zero variance (indices: [51 79]). Marking for exclusion, but computing matrix with zeros for now.
2025-04-15 01:20:04,084 - root - WARNING - Subject 1355 has regions with zero variance (indices: [51 79]). Marking for exclusion, but computing matrix with zeros for now.
2025-04-15 01:20:04,102 - root - WARNING - Subject 1356 has regions with zero variance (indices: [51 79]). Marking for exclusion, but computing matrix with zeros for now.
2025-04-15 01:20:04,121 - root - WARNING - Subject 1357 has regions with zero variance (indices: [51 79]). Marking for exclusion, but computing matrix with zeros for now.
2025-04-15 01:20:04,140 - root - WARNING - Subject 1358 has regions with zero variance (indices: [51 79]). Marking for exclusion, but computing matrix with zeros for now.
2025-04-15 01:20:04,158 - root - WARNING - Subject 1359 has regions with zero variance (indices: [51 79]). Marking for exclusion, but computing matrix with zeros for now.
2025-04-15 01:20:04,176 - root - WARNING - Subject 1360 has regions with zero variance (indices: [51 79]). Marking for exclusion, but computing matrix with zeros for now.
2025-04-15 01:20:04,195 - root - WARNING - Subject 1361 has regions with zero variance (indices: [51 79]). Marking for exclusion, but computing matrix with zeros for now.
2025-04-15 01:20:04,214 - root - WARNING - Subject 1362 has regions with zero variance (indices: [51 79]). Marking for exclusion, but computing matrix with zeros for now.
2025-04-15 01:20:04,232 - root - WARNING - Subject 1363 has regions with zero variance (indices: [51 79]). Marking for exclusion, but computing matrix with zeros for now.
2025-04-15 01:20:04,251 - root - WARNING - Subject 1364 has regions with zero variance (indices: [51 79]). Marking for exclusion, but computing matrix with zeros for now.
2025-04-15 01:20:04,269 - root - WARNING - Subject 1365 has regions with zero variance (indices: [51 79]). Marking for exclusion, but computing matrix with zeros for now.
2025-04-15 01:20:04,287 - root - WARNING - Subject 1366 has regions with zero variance (indices: [51 79]). Marking for exclusion, but computing matrix with zeros for now.
2025-04-15 01:20:04,306 - root - WARNING - Subject 1367 has regions with zero variance (indices: [51 79]). Marking for exclusion, but computing matrix with zeros for now.
2025-04-15 01:20:04,325 - root - WARNING - Subject 1368 has regions with zero variance (indices: [51 79]). Marking for exclusion, but computing matrix with zeros for now.
2025-04-15 01:20:04,343 - root - WARNING - Subject 1369 has regions with zero variance (indices: [51 79]). Marking for exclusion, but computing matrix with zeros for now.
2025-04-15 01:20:04,362 - root - WARNING - Subject 1370 has regions with zero variance (indices: [51 79]). Marking for exclusion, but computing matrix with zeros for now.
2025-04-15 01:20:04,380 - root - WARNING - Subject 1371 has regions with zero variance (indices: [51 79]). Marking for exclusion, but computing matrix with zeros for now.
2025-04-15 01:20:04,398 - root - WARNING - Subject 1372 has regions with zero variance (indices: [51 79]). Marking for exclusion, but computing matrix with zeros for now.
2025-04-15 01:20:04,417 - root - WARNING - Subject 1373 has regions with zero variance (indices: [51 79]). Marking for exclusion, but computing matrix with zeros for now.
2025-04-15 01:20:04,435 - root - WARNING - Subject 1374 has regions with zero variance (indices: [51 79]). Marking for exclusion, but computing matrix with zeros for now.
2025-04-15 01:20:04,453 - root - WARNING - Subject 1375 has regions with zero variance (indices: [51 79]). Marking for exclusion, but computing matrix with zeros for now.
2025-04-15 01:20:04,472 - root - WARNING - Subject 1376 has regions with zero variance (indices: [51 79]). Marking for exclusion, but computing matrix with zeros for now.
2025-04-15 01:20:04,490 - root - WARNING - Subject 1377 has regions with zero variance (indices: [51 79]). Marking for exclusion, but computing matrix with zeros for now.
2025-04-15 01:20:04,509 - root - WARNING - Subject 1378 has regions with zero variance (indices: [51 79]). Marking for exclusion, but computing matrix with zeros for now.
2025-04-15 01:20:04,528 - root - WARNING - Subject 1379 has regions with zero variance (indices: [51 79]). Marking for exclusion, but computing matrix with zeros for now.
2025-04-15 01:20:04,546 - root - WARNING - Subject 1380 has regions with zero variance (indices: [51 79]). Marking for exclusion, but computing matrix with zeros for now.
2025-04-15 01:20:04,565 - root - WARNING - Subject 1381 has regions with zero variance (indices: [51 79]). Marking for exclusion, but computing matrix with zeros for now.
2025-04-15 01:20:04,583 - root - WARNING - Subject 1382 has regions with zero variance (indices: [51 79]). Marking for exclusion, but computing matrix with zeros for now.
2025-04-15 01:20:04,601 - root - WARNING - Subject 1383 has regions with zero variance (indices: [51 79]). Marking for exclusion, but computing matrix with zeros for now.
2025-04-15 01:20:04,619 - root - WARNING - Subject 1384 has regions with zero variance (indices: [51 79]). Marking for exclusion, but computing matrix with zeros for now.
2025-04-15 01:20:04,638 - root - WARNING - Subject 1385 has regions with zero variance (indices: [51 79]). Marking for exclusion, but computing matrix with zeros for now.
2025-04-15 01:20:04,656 - root - WARNING - Subject 1386 has regions with zero variance (indices: [51 79]). Marking for exclusion, but computing matrix with zeros for now.
2025-04-15 01:20:04,675 - root - WARNING - Subject 1387 has regions with zero variance (indices: [51 79]). Marking for exclusion, but computing matrix with zeros for now.
2025-04-15 01:20:04,693 - root - WARNING - Subject 1388 has regions with zero variance (indices: [51 79]). Marking for exclusion, but computing matrix with zeros for now.
2025-04-15 01:20:04,711 - root - WARNING - Subject 1389 has regions with zero variance (indices: [51 79]). Marking for exclusion, but computing matrix with zeros for now.
2025-04-15 01:20:04,730 - root - WARNING - Subject 1390 has regions with zero variance (indices: [51 79]). Marking for exclusion, but computing matrix with zeros for now.
2025-04-15 01:20:04,748 - root - WARNING - Subject 1391 has regions with zero variance (indices: [51 79]). Marking for exclusion, but computing matrix with zeros for now.
2025-04-15 01:20:04,767 - root - WARNING - Subject 1392 has regions with zero variance (indices: [51 79]). Marking for exclusion, but computing matrix with zeros for now.
2025-04-15 01:20:04,785 - root - WARNING - Subject 1393 has regions with zero variance (indices: [51 79]). Marking for exclusion, but computing matrix with zeros for now.
2025-04-15 01:20:04,804 - root - WARNING - Subject 1394 has regions with zero variance (indices: [51 79]). Marking for exclusion, but computing matrix with zeros for now.
2025-04-15 01:20:04,822 - root - WARNING - Subject 1395 has regions with zero variance (indices: [51 79]). Marking for exclusion, but computing matrix with zeros for now.
2025-04-15 01:20:04,841 - root - WARNING - Subject 1396 has regions with zero variance (indices: [51 79]). Marking for exclusion, but computing matrix with zeros for now.
2025-04-15 01:20:04,859 - root - WARNING - Subject 1397 has regions with zero variance (indices: [51 79]). Marking for exclusion, but computing matrix with zeros for now.
2025-04-15 01:20:04,878 - root - WARNING - Subject 1398 has regions with zero variance (indices: [51 79]). Marking for exclusion, but computing matrix with zeros for now.
2025-04-15 01:20:04,896 - root - WARNING - Subject 1399 has regions with zero variance (indices: [51 79]). Marking for exclusion, but computing matrix with zeros for now.
2025-04-15 01:20:04,915 - root - WARNING - Subject 1400 has regions with zero variance (indices: [51 79]). Marking for exclusion, but computing matrix with zeros for now.
2025-04-15 01:20:04,933 - root - WARNING - Subject 1401 has regions with zero variance (indices: [51 79]). Marking for exclusion, but computing matrix with zeros for now.
2025-04-15 01:20:04,952 - root - WARNING - Subject 1402 has regions with zero variance (indices: [51 79]). Marking for exclusion, but computing matrix with zeros for now.
2025-04-15 01:20:04,970 - root - WARNING - Subject 1403 has regions with zero variance (indices: [51 79]). Marking for exclusion, but computing matrix with zeros for now.
2025-04-15 01:20:04,989 - root - WARNING - Subject 1404 has regions with zero variance (indices: [51 79]). Marking for exclusion, but computing matrix with zeros for now.
2025-04-15 01:20:05,007 - root - WARNING - Subject 1405 has regions with zero variance (indices: [51 79]). Marking for exclusion, but computing matrix with zeros for now.
2025-04-15 01:20:05,026 - root - WARNING - Subject 1406 has regions with zero variance (indices: [51 79]). Marking for exclusion, but computing matrix with zeros for now.
2025-04-15 01:20:05,044 - root - WARNING - Subject 1407 has regions with zero variance (indices: [51 79]). Marking for exclusion, but computing matrix with zeros for now.
2025-04-15 01:20:05,063 - root - WARNING - Subject 1408 has regions with zero variance (indices: [51 79]). Marking for exclusion, but computing matrix with zeros for now.
2025-04-15 01:20:05,081 - root - WARNING - Subject 1409 has regions with zero variance (indices: [51 79]). Marking for exclusion, but computing matrix with zeros for now.
2025-04-15 01:20:05,100 - root - WARNING - Subject 1410 has regions with zero variance (indices: [51 79]). Marking for exclusion, but computing matrix with zeros for now.
2025-04-15 01:20:05,118 - root - WARNING - Subject 1411 has regions with zero variance (indices: [51 79]). Marking for exclusion, but computing matrix with zeros for now.
2025-04-15 01:20:05,137 - root - WARNING - Subject 1412 has regions with zero variance (indices: [51 79]). Marking for exclusion, but computing matrix with zeros for now.
2025-04-15 01:20:05,155 - root - WARNING - Subject 1413 has regions with zero variance (indices: [51 79]). Marking for exclusion, but computing matrix with zeros for now.
2025-04-15 01:20:05,174 - root - WARNING - Subject 1414 has regions with zero variance (indices: [51 79]). Marking for exclusion, but computing matrix with zeros for now.
2025-04-15 01:20:05,192 - root - WARNING - Subject 1415 has regions with zero variance (indices: [51 79]). Marking for exclusion, but computing matrix with zeros for now.
2025-04-15 01:20:05,211 - root - WARNING - Subject 1416 has regions with zero variance (indices: [51 79]). Marking for exclusion, but computing matrix with zeros for now.
2025-04-15 01:20:05,230 - root - WARNING - Subject 1417 has regions with zero variance (indices: [51 79]). Marking for exclusion, but computing matrix with zeros for now.
2025-04-15 01:20:05,249 - root - WARNING - Subject 1418 has regions with zero variance (indices: [51 79]). Marking for exclusion, but computing matrix with zeros for now.
2025-04-15 01:20:05,271 - root - WARNING - Subject 1419 has regions with zero variance (indices: [51 79]). Marking for exclusion, but computing matrix with zeros for now.
2025-04-15 01:20:05,289 - root - WARNING - Subject 1420 has regions with zero variance (indices: [51 79]). Marking for exclusion, but computing matrix with zeros for now.
2025-04-15 01:20:05,308 - root - WARNING - Subject 1421 has regions with zero variance (indices: [51 79]). Marking for exclusion, but computing matrix with zeros for now.
2025-04-15 01:20:05,326 - root - WARNING - Subject 1422 has regions with zero variance (indices: [51 79]). Marking for exclusion, but computing matrix with zeros for now.
2025-04-15 01:20:05,345 - root - WARNING - Subject 1423 has regions with zero variance (indices: [51 79]). Marking for exclusion, but computing matrix with zeros for now.
2025-04-15 01:20:05,363 - root - WARNING - Subject 1424 has regions with zero variance (indices: [51 79]). Marking for exclusion, but computing matrix with zeros for now.
2025-04-15 01:20:05,382 - root - WARNING - Subject 1425 has regions with zero variance (indices: [51 79]). Marking for exclusion, but computing matrix with zeros for now.
2025-04-15 01:20:05,400 - root - WARNING - Subject 1426 has regions with zero variance (indices: [51 79]). Marking for exclusion, but computing matrix with zeros for now.
2025-04-15 01:20:05,418 - root - WARNING - Subject 1427 has regions with zero variance (indices: [51 79]). Marking for exclusion, but computing matrix with zeros for now.
2025-04-15 01:20:05,436 - root - WARNING - Subject 1428 has regions with zero variance (indices: [51 79]). Marking for exclusion, but computing matrix with zeros for now.
2025-04-15 01:20:05,455 - root - WARNING - Subject 1429 has regions with zero variance (indices: [51 79]). Marking for exclusion, but computing matrix with zeros for now.
2025-04-15 01:20:05,473 - root - WARNING - Subject 1430 has regions with zero variance (indices: [51 79]). Marking for exclusion, but computing matrix with zeros for now.
2025-04-15 01:20:05,491 - root - WARNING - Subject 1431 has regions with zero variance (indices: [51 79]). Marking for exclusion, but computing matrix with zeros for now.
2025-04-15 01:20:05,510 - root - WARNING - Subject 1432 has regions with zero variance (indices: [51 79]). Marking for exclusion, but computing matrix with zeros for now.
2025-04-15 01:20:05,529 - root - WARNING - Subject 1433 has regions with zero variance (indices: [51 79]). Marking for exclusion, but computing matrix with zeros for now.
2025-04-15 01:20:05,547 - root - WARNING - Subject 1434 has regions with zero variance (indices: [51 79]). Marking for exclusion, but computing matrix with zeros for now.
2025-04-15 01:20:05,566 - root - WARNING - Subject 1435 has regions with zero variance (indices: [51 79]). Marking for exclusion, but computing matrix with zeros for now.
2025-04-15 01:20:05,584 - root - WARNING - Subject 1436 has regions with zero variance (indices: [51 79]). Marking for exclusion, but computing matrix with zeros for now.
2025-04-15 01:20:05,603 - root - WARNING - Subject 1437 has regions with zero variance (indices: [51 79]). Marking for exclusion, but computing matrix with zeros for now.
2025-04-15 01:20:05,621 - root - WARNING - Subject 1438 has regions with zero variance (indices: [51 79]). Marking for exclusion, but computing matrix with zeros for now.
2025-04-15 01:20:05,640 - root - WARNING - Subject 1439 has regions with zero variance (indices: [51 79]). Marking for exclusion, but computing matrix with zeros for now.
2025-04-15 01:20:05,658 - root - WARNING - Subject 1440 has regions with zero variance (indices: [51 79]). Marking for exclusion, but computing matrix with zeros for now.
2025-04-15 01:20:05,677 - root - WARNING - Subject 1441 has regions with zero variance (indices: [51 79]). Marking for exclusion, but computing matrix with zeros for now.
2025-04-15 01:20:05,696 - root - WARNING - Subject 1442 has regions with zero variance (indices: [51 79]). Marking for exclusion, but computing matrix with zeros for now.
2025-04-15 01:20:05,715 - root - WARNING - Subject 1443 has regions with zero variance (indices: [51 79]). Marking for exclusion, but computing matrix with zeros for now.
2025-04-15 01:20:05,733 - root - WARNING - Subject 1444 has regions with zero variance (indices: [51 79]). Marking for exclusion, but computing matrix with zeros for now.
2025-04-15 01:20:05,752 - root - WARNING - Subject 1445 has regions with zero variance (indices: [51 79]). Marking for exclusion, but computing matrix with zeros for now.
2025-04-15 01:20:05,770 - root - WARNING - Subject 1446 has regions with zero variance (indices: [51 79]). Marking for exclusion, but computing matrix with zeros for now.
2025-04-15 01:20:05,789 - root - WARNING - Subject 1447 has regions with zero variance (indices: [51 79]). Marking for exclusion, but computing matrix with zeros for now.
2025-04-15 01:20:05,808 - root - WARNING - Subject 1448 has regions with zero variance (indices: [51 79]). Marking for exclusion, but computing matrix with zeros for now.
2025-04-15 01:20:05,826 - root - WARNING - Subject 1449 has regions with zero variance (indices: [51 79]). Marking for exclusion, but computing matrix with zeros for now.
2025-04-15 01:20:05,845 - root - WARNING - Subject 1450 has regions with zero variance (indices: [51 79]). Marking for exclusion, but computing matrix with zeros for now.
2025-04-15 01:20:05,863 - root - WARNING - Subject 1451 has regions with zero variance (indices: [51 79]). Marking for exclusion, but computing matrix with zeros for now.
2025-04-15 01:20:05,882 - root - WARNING - Subject 1452 has regions with zero variance (indices: [51 79]). Marking for exclusion, but computing matrix with zeros for now.
2025-04-15 01:20:05,900 - root - WARNING - Subject 1453 has regions with zero variance (indices: [51 79]). Marking for exclusion, but computing matrix with zeros for now.
2025-04-15 01:20:05,919 - root - WARNING - Subject 1454 has regions with zero variance (indices: [51 79]). Marking for exclusion, but computing matrix with zeros for now.
2025-04-15 01:20:05,937 - root - WARNING - Subject 1455 has regions with zero variance (indices: [51 79]). Marking for exclusion, but computing matrix with zeros for now.
2025-04-15 01:20:05,956 - root - WARNING - Subject 1456 has regions with zero variance (indices: [51 79]). Marking for exclusion, but computing matrix with zeros for now.
2025-04-15 01:20:05,974 - root - WARNING - Subject 1457 has regions with zero variance (indices: [51 79]). Marking for exclusion, but computing matrix with zeros for now.
2025-04-15 01:20:05,993 - root - WARNING - Subject 1458 has regions with zero variance (indices: [51 79]). Marking for exclusion, but computing matrix with zeros for now.
2025-04-15 01:20:06,011 - root - WARNING - Subject 1459 has regions with zero variance (indices: [51 79]). Marking for exclusion, but computing matrix with zeros for now.
2025-04-15 01:20:06,029 - root - WARNING - Subject 1460 has regions with zero variance (indices: [51 79]). Marking for exclusion, but computing matrix with zeros for now.
2025-04-15 01:20:06,048 - root - WARNING - Subject 1461 has regions with zero variance (indices: [51 79]). Marking for exclusion, but computing matrix with zeros for now.
2025-04-15 01:20:06,066 - root - WARNING - Subject 1462 has regions with zero variance (indices: [51 79]). Marking for exclusion, but computing matrix with zeros for now.
2025-04-15 01:20:06,084 - root - WARNING - Subject 1463 has regions with zero variance (indices: [51 79]). Marking for exclusion, but computing matrix with zeros for now.
2025-04-15 01:20:06,103 - root - WARNING - Subject 1464 has regions with zero variance (indices: [51 79]). Marking for exclusion, but computing matrix with zeros for now.
2025-04-15 01:20:06,122 - root - WARNING - Subject 1465 has regions with zero variance (indices: [51 79]). Marking for exclusion, but computing matrix with zeros for now.
2025-04-15 01:20:06,140 - root - WARNING - Subject 1466 has regions with zero variance (indices: [51 79]). Marking for exclusion, but computing matrix with zeros for now.
2025-04-15 01:20:06,159 - root - WARNING - Subject 1467 has regions with zero variance (indices: [51 79]). Marking for exclusion, but computing matrix with zeros for now.
2025-04-15 01:20:06,178 - root - WARNING - Subject 1468 has regions with zero variance (indices: [51 79]). Marking for exclusion, but computing matrix with zeros for now.
2025-04-15 01:20:06,196 - root - WARNING - Subject 1469 has regions with zero variance (indices: [51 79]). Marking for exclusion, but computing matrix with zeros for now.
2025-04-15 01:20:06,214 - root - WARNING - Subject 1470 has regions with zero variance (indices: [51 79]). Marking for exclusion, but computing matrix with zeros for now.
2025-04-15 01:20:06,233 - root - WARNING - Subject 1471 has regions with zero variance (indices: [51 79]). Marking for exclusion, but computing matrix with zeros for now.
2025-04-15 01:20:06,251 - root - WARNING - Subject 1472 has regions with zero variance (indices: [51 79]). Marking for exclusion, but computing matrix with zeros for now.
2025-04-15 01:20:06,270 - root - WARNING - Subject 1473 has regions with zero variance (indices: [51 79]). Marking for exclusion, but computing matrix with zeros for now.
2025-04-15 01:20:06,289 - root - WARNING - Subject 1474 has regions with zero variance (indices: [51 79]). Marking for exclusion, but computing matrix with zeros for now.
2025-04-15 01:20:06,307 - root - WARNING - Subject 1475 has regions with zero variance (indices: [51 79]). Marking for exclusion, but computing matrix with zeros for now.
2025-04-15 01:20:06,326 - root - WARNING - Subject 1476 has regions with zero variance (indices: [51 79]). Marking for exclusion, but computing matrix with zeros for now.
2025-04-15 01:20:06,344 - root - WARNING - Subject 1477 has regions with zero variance (indices: [51 79]). Marking for exclusion, but computing matrix with zeros for now.
2025-04-15 01:20:06,363 - root - WARNING - Subject 1478 has regions with zero variance (indices: [51 79]). Marking for exclusion, but computing matrix with zeros for now.
2025-04-15 01:20:06,381 - root - WARNING - Subject 1479 has regions with zero variance (indices: [51 79]). Marking for exclusion, but computing matrix with zeros for now.
2025-04-15 01:20:06,400 - root - WARNING - Subject 1480 has regions with zero variance (indices: [51 79]). Marking for exclusion, but computing matrix with zeros for now.
2025-04-15 01:20:06,418 - root - WARNING - Subject 1481 has regions with zero variance (indices: [51 79]). Marking for exclusion, but computing matrix with zeros for now.
2025-04-15 01:20:06,437 - root - WARNING - Subject 1482 has regions with zero variance (indices: [51 79]). Marking for exclusion, but computing matrix with zeros for now.
2025-04-15 01:20:06,455 - root - WARNING - Subject 1483 has regions with zero variance (indices: [51 79]). Marking for exclusion, but computing matrix with zeros for now.
2025-04-15 01:20:06,473 - root - WARNING - Subject 1484 has regions with zero variance (indices: [51 79]). Marking for exclusion, but computing matrix with zeros for now.
2025-04-15 01:20:06,491 - root - WARNING - Subject 1485 has regions with zero variance (indices: [51 79]). Marking for exclusion, but computing matrix with zeros for now.
2025-04-15 01:20:06,510 - root - WARNING - Subject 1486 has regions with zero variance (indices: [51 79]). Marking for exclusion, but computing matrix with zeros for now.
2025-04-15 01:20:06,529 - root - WARNING - Subject 1487 has regions with zero variance (indices: [51 79]). Marking for exclusion, but computing matrix with zeros for now.
2025-04-15 01:20:06,547 - root - WARNING - Subject 1488 has regions with zero variance (indices: [51 79]). Marking for exclusion, but computing matrix with zeros for now.
2025-04-15 01:20:06,565 - root - WARNING - Subject 1489 has regions with zero variance (indices: [51 79]). Marking for exclusion, but computing matrix with zeros for now.
2025-04-15 01:20:06,584 - root - WARNING - Subject 1490 has regions with zero variance (indices: [51 79]). Marking for exclusion, but computing matrix with zeros for now.
2025-04-15 01:20:06,602 - root - WARNING - Subject 1491 has regions with zero variance (indices: [51 79]). Marking for exclusion, but computing matrix with zeros for now.
2025-04-15 01:20:06,621 - root - WARNING - Subject 1492 has regions with zero variance (indices: [51 79]). Marking for exclusion, but computing matrix with zeros for now.
2025-04-15 01:20:06,639 - root - WARNING - Subject 1493 has regions with zero variance (indices: [51 79]). Marking for exclusion, but computing matrix with zeros for now.
2025-04-15 01:20:08,697 - root - WARNING - Subject 4980 has regions with zero variance (indices: [51]). Marking for exclusion, but computing matrix with zeros for now.
2025-04-15 01:20:08,716 - root - WARNING - Subject 4981 has regions with zero variance (indices: [51]). Marking for exclusion, but computing matrix with zeros for now.
2025-04-15 01:20:08,735 - root - WARNING - Subject 4982 has regions with zero variance (indices: [51]). Marking for exclusion, but computing matrix with zeros for now.
2025-04-15 01:20:08,753 - root - WARNING - Subject 4983 has regions with zero variance (indices: [51]). Marking for exclusion, but computing matrix with zeros for now.
2025-04-15 01:20:08,772 - root - WARNING - Subject 4984 has regions with zero variance (indices: [51]). Marking for exclusion, but computing matrix with zeros for now.
2025-04-15 01:20:08,791 - root - WARNING - Subject 4985 has regions with zero variance (indices: [51]). Marking for exclusion, but computing matrix with zeros for now.
2025-04-15 01:20:08,809 - root - WARNING - Subject 4986 has regions with zero variance (indices: [51]). Marking for exclusion, but computing matrix with zeros for now.
2025-04-15 01:20:08,828 - root - WARNING - Subject 4987 has regions with zero variance (indices: [51]). Marking for exclusion, but computing matrix with zeros for now.
2025-04-15 01:20:08,847 - root - WARNING - Subject 4988 has regions with zero variance (indices: [51]). Marking for exclusion, but computing matrix with zeros for now.
2025-04-15 01:20:08,865 - root - WARNING - Subject 4989 has regions with zero variance (indices: [51]). Marking for exclusion, but computing matrix with zeros for now.
2025-04-15 01:20:08,884 - root - WARNING - Subject 4990 has regions with zero variance (indices: [51]). Marking for exclusion, but computing matrix with zeros for now.
2025-04-15 01:20:08,903 - root - WARNING - Subject 4991 has regions with zero variance (indices: [51]). Marking for exclusion, but computing matrix with zeros for now.
2025-04-15 01:20:08,921 - root - WARNING - Subject 4992 has regions with zero variance (indices: [51]). Marking for exclusion, but computing matrix with zeros for now.
2025-04-15 01:20:08,940 - root - WARNING - Subject 4993 has regions with zero variance (indices: [51]). Marking for exclusion, but computing matrix with zeros for now.
2025-04-15 01:20:08,959 - root - WARNING - Subject 4994 has regions with zero variance (indices: [51]). Marking for exclusion, but computing matrix with zeros for now.
2025-04-15 01:20:08,978 - root - WARNING - Subject 4995 has regions with zero variance (indices: [51]). Marking for exclusion, but computing matrix with zeros for now.
2025-04-15 01:20:08,997 - root - WARNING - Subject 4996 has regions with zero variance (indices: [51]). Marking for exclusion, but computing matrix with zeros for now.
2025-04-15 01:20:09,016 - root - WARNING - Subject 4997 has regions with zero variance (indices: [51]). Marking for exclusion, but computing matrix with zeros for now.
2025-04-15 01:20:09,034 - root - WARNING - Subject 4998 has regions with zero variance (indices: [51]). Marking for exclusion, but computing matrix with zeros for now.
2025-04-15 01:20:09,053 - root - WARNING - Subject 4999 has regions with zero variance (indices: [51]). Marking for exclusion, but computing matrix with zeros for now.
2025-04-15 01:20:09,071 - root - WARNING - Subject 5000 has regions with zero variance (indices: [51]). Marking for exclusion, but computing matrix with zeros for now.
2025-04-15 01:20:09,090 - root - WARNING - Subject 5001 has regions with zero variance (indices: [51]). Marking for exclusion, but computing matrix with zeros for now.
2025-04-15 01:20:09,109 - root - WARNING - Subject 5002 has regions with zero variance (indices: [51]). Marking for exclusion, but computing matrix with zeros for now.
2025-04-15 01:20:09,127 - root - WARNING - Subject 5003 has regions with zero variance (indices: [51]). Marking for exclusion, but computing matrix with zeros for now.
2025-04-15 01:20:09,146 - root - WARNING - Subject 5004 has regions with zero variance (indices: [51]). Marking for exclusion, but computing matrix with zeros for now.
2025-04-15 01:20:09,165 - root - WARNING - Subject 5005 has regions with zero variance (indices: [51]). Marking for exclusion, but computing matrix with zeros for now.
2025-04-15 01:20:09,183 - root - WARNING - Subject 5006 has regions with zero variance (indices: [51]). Marking for exclusion, but computing matrix with zeros for now.
2025-04-15 01:20:09,202 - root - WARNING - Subject 5007 has regions with zero variance (indices: [51]). Marking for exclusion, but computing matrix with zeros for now.
2025-04-15 01:20:09,221 - root - WARNING - Subject 5008 has regions with zero variance (indices: [51]). Marking for exclusion, but computing matrix with zeros for now.
2025-04-15 01:20:09,240 - root - WARNING - Subject 5009 has regions with zero variance (indices: [51]). Marking for exclusion, but computing matrix with zeros for now.
2025-04-15 01:20:09,258 - root - WARNING - Subject 5010 has regions with zero variance (indices: [51]). Marking for exclusion, but computing matrix with zeros for now.
2025-04-15 01:20:09,277 - root - WARNING - Subject 5011 has regions with zero variance (indices: [51]). Marking for exclusion, but computing matrix with zeros for now.
2025-04-15 01:20:09,296 - root - WARNING - Subject 5012 has regions with zero variance (indices: [51]). Marking for exclusion, but computing matrix with zeros for now.
2025-04-15 01:20:09,314 - root - WARNING - Subject 5013 has regions with zero variance (indices: [51]). Marking for exclusion, but computing matrix with zeros for now.
2025-04-15 01:20:09,333 - root - WARNING - Subject 5014 has regions with zero variance (indices: [51]). Marking for exclusion, but computing matrix with zeros for now.
2025-04-15 01:20:09,351 - root - WARNING - Subject 5015 has regions with zero variance (indices: [51]). Marking for exclusion, but computing matrix with zeros for now.
2025-04-15 01:20:09,370 - root - WARNING - Subject 5016 has regions with zero variance (indices: [51]). Marking for exclusion, but computing matrix with zeros for now.
2025-04-15 01:20:09,389 - root - WARNING - Subject 5017 has regions with zero variance (indices: [51]). Marking for exclusion, but computing matrix with zeros for now.
2025-04-15 01:20:09,407 - root - WARNING - Subject 5018 has regions with zero variance (indices: [51]). Marking for exclusion, but computing matrix with zeros for now.
2025-04-15 01:20:09,426 - root - WARNING - Subject 5019 has regions with zero variance (indices: [51]). Marking for exclusion, but computing matrix with zeros for now.
2025-04-15 01:20:09,444 - root - WARNING - Subject 5020 has regions with zero variance (indices: [51]). Marking for exclusion, but computing matrix with zeros for now.
2025-04-15 01:20:09,463 - root - WARNING - Subject 5021 has regions with zero variance (indices: [51]). Marking for exclusion, but computing matrix with zeros for now.
2025-04-15 01:20:09,482 - root - WARNING - Subject 5022 has regions with zero variance (indices: [51]). Marking for exclusion, but computing matrix with zeros for now.
2025-04-15 01:20:09,500 - root - WARNING - Subject 5023 has regions with zero variance (indices: [51]). Marking for exclusion, but computing matrix with zeros for now.
2025-04-15 01:20:09,519 - root - WARNING - Subject 5024 has regions with zero variance (indices: [51]). Marking for exclusion, but computing matrix with zeros for now.
2025-04-15 01:20:09,538 - root - WARNING - Subject 5025 has regions with zero variance (indices: [51]). Marking for exclusion, but computing matrix with zeros for now.
2025-04-15 01:20:09,557 - root - WARNING - Subject 5026 has regions with zero variance (indices: [51]). Marking for exclusion, but computing matrix with zeros for now.
2025-04-15 01:20:09,576 - root - WARNING - Subject 5027 has regions with zero variance (indices: [51]). Marking for exclusion, but computing matrix with zeros for now.
2025-04-15 01:20:09,594 - root - WARNING - Subject 5028 has regions with zero variance (indices: [51]). Marking for exclusion, but computing matrix with zeros for now.
2025-04-15 01:20:09,613 - root - WARNING - Subject 5029 has regions with zero variance (indices: [51]). Marking for exclusion, but computing matrix with zeros for now.
2025-04-15 01:20:09,632 - root - WARNING - Subject 5030 has regions with zero variance (indices: [51]). Marking for exclusion, but computing matrix with zeros for now.
2025-04-15 01:20:09,651 - root - WARNING - Subject 5031 has regions with zero variance (indices: [51]). Marking for exclusion, but computing matrix with zeros for now.
2025-04-15 01:20:09,669 - root - WARNING - Subject 5032 has regions with zero variance (indices: [51]). Marking for exclusion, but computing matrix with zeros for now.
2025-04-15 01:20:09,689 - root - WARNING - Subject 5033 has regions with zero variance (indices: [51]). Marking for exclusion, but computing matrix with zeros for now.
2025-04-15 01:20:09,707 - root - WARNING - Subject 5034 has regions with zero variance (indices: [51]). Marking for exclusion, but computing matrix with zeros for now.
2025-04-15 01:20:09,726 - root - WARNING - Subject 5035 has regions with zero variance (indices: [51]). Marking for exclusion, but computing matrix with zeros for now.
2025-04-15 01:20:09,745 - root - WARNING - Subject 5036 has regions with zero variance (indices: [51]). Marking for exclusion, but computing matrix with zeros for now.
2025-04-15 01:20:09,764 - root - WARNING - Subject 5037 has regions with zero variance (indices: [51]). Marking for exclusion, but computing matrix with zeros for now.
2025-04-15 01:20:09,783 - root - WARNING - Subject 5038 has regions with zero variance (indices: [51]). Marking for exclusion, but computing matrix with zeros for now.
2025-04-15 01:20:09,802 - root - WARNING - Subject 5039 has regions with zero variance (indices: [51]). Marking for exclusion, but computing matrix with zeros for now.
2025-04-15 01:20:09,821 - root - WARNING - Subject 5040 has regions with zero variance (indices: [51]). Marking for exclusion, but computing matrix with zeros for now.
2025-04-15 01:20:09,839 - root - WARNING - Subject 5041 has regions with zero variance (indices: [51]). Marking for exclusion, but computing matrix with zeros for now.
2025-04-15 01:20:09,858 - root - WARNING - Subject 5042 has regions with zero variance (indices: [51]). Marking for exclusion, but computing matrix with zeros for now.
2025-04-15 01:20:09,877 - root - WARNING - Subject 5043 has regions with zero variance (indices: [51]). Marking for exclusion, but computing matrix with zeros for now.
2025-04-15 01:20:09,896 - root - WARNING - Subject 5044 has regions with zero variance (indices: [51]). Marking for exclusion, but computing matrix with zeros for now.
2025-04-15 01:20:09,915 - root - WARNING - Subject 5045 has regions with zero variance (indices: [51]). Marking for exclusion, but computing matrix with zeros for now.
2025-04-15 01:20:09,934 - root - WARNING - Subject 5046 has regions with zero variance (indices: [51]). Marking for exclusion, but computing matrix with zeros for now.
2025-04-15 01:20:09,952 - root - WARNING - Subject 5047 has regions with zero variance (indices: [51]). Marking for exclusion, but computing matrix with zeros for now.
2025-04-15 01:20:09,971 - root - WARNING - Subject 5048 has regions with zero variance (indices: [51]). Marking for exclusion, but computing matrix with zeros for now.
2025-04-15 01:20:09,990 - root - WARNING - Subject 5049 has regions with zero variance (indices: [51]). Marking for exclusion, but computing matrix with zeros for now.
2025-04-15 01:20:10,009 - root - WARNING - Subject 5050 has regions with zero variance (indices: [51]). Marking for exclusion, but computing matrix with zeros for now.
2025-04-15 01:20:10,027 - root - WARNING - Subject 5051 has regions with zero variance (indices: [51]). Marking for exclusion, but computing matrix with zeros for now.
2025-04-15 01:20:10,045 - root - WARNING - Subject 5052 has regions with zero variance (indices: [51]). Marking for exclusion, but computing matrix with zeros for now.
2025-04-15 01:20:10,064 - root - WARNING - Subject 5053 has regions with zero variance (indices: [51]). Marking for exclusion, but computing matrix with zeros for now.
2025-04-15 01:20:10,083 - root - WARNING - Subject 5054 has regions with zero variance (indices: [51]). Marking for exclusion, but computing matrix with zeros for now.
2025-04-15 01:20:10,101 - root - WARNING - Subject 5055 has regions with zero variance (indices: [51]). Marking for exclusion, but computing matrix with zeros for now.
2025-04-15 01:20:10,120 - root - WARNING - Subject 5056 has regions with zero variance (indices: [51]). Marking for exclusion, but computing matrix with zeros for now.
2025-04-15 01:20:10,139 - root - WARNING - Subject 5057 has regions with zero variance (indices: [51]). Marking for exclusion, but computing matrix with zeros for now.
2025-04-15 01:20:10,158 - root - WARNING - Subject 5058 has regions with zero variance (indices: [51]). Marking for exclusion, but computing matrix with zeros for now.
2025-04-15 01:20:10,176 - root - WARNING - Subject 5059 has regions with zero variance (indices: [51]). Marking for exclusion, but computing matrix with zeros for now.
2025-04-15 01:20:10,195 - root - WARNING - Subject 5060 has regions with zero variance (indices: [51]). Marking for exclusion, but computing matrix with zeros for now.
2025-04-15 01:20:10,214 - root - WARNING - Subject 5061 has regions with zero variance (indices: [51]). Marking for exclusion, but computing matrix with zeros for now.
2025-04-15 01:20:10,232 - root - WARNING - Subject 5062 has regions with zero variance (indices: [51]). Marking for exclusion, but computing matrix with zeros for now.
2025-04-15 01:20:10,251 - root - WARNING - Subject 5063 has regions with zero variance (indices: [51]). Marking for exclusion, but computing matrix with zeros for now.
2025-04-15 01:20:10,270 - root - WARNING - Subject 5064 has regions with zero variance (indices: [51]). Marking for exclusion, but computing matrix with zeros for now.
2025-04-15 01:20:10,289 - root - WARNING - Subject 5065 has regions with zero variance (indices: [51]). Marking for exclusion, but computing matrix with zeros for now.
2025-04-15 01:20:10,308 - root - WARNING - Subject 5066 has regions with zero variance (indices: [51]). Marking for exclusion, but computing matrix with zeros for now.
2025-04-15 01:20:10,327 - root - WARNING - Subject 5067 has regions with zero variance (indices: [51]). Marking for exclusion, but computing matrix with zeros for now.
2025-04-15 01:20:10,346 - root - WARNING - Subject 5068 has regions with zero variance (indices: [51]). Marking for exclusion, but computing matrix with zeros for now.
2025-04-15 01:20:10,365 - root - WARNING - Subject 5069 has regions with zero variance (indices: [51]). Marking for exclusion, but computing matrix with zeros for now.
2025-04-15 01:20:10,383 - root - WARNING - Subject 5070 has regions with zero variance (indices: [51]). Marking for exclusion, but computing matrix with zeros for now.
2025-04-15 01:20:10,402 - root - WARNING - Subject 5071 has regions with zero variance (indices: [51]). Marking for exclusion, but computing matrix with zeros for now.
2025-04-15 01:20:10,420 - root - WARNING - Subject 5072 has regions with zero variance (indices: [51]). Marking for exclusion, but computing matrix with zeros for now.
2025-04-15 01:20:10,440 - root - WARNING - Subject 5073 has regions with zero variance (indices: [51]). Marking for exclusion, but computing matrix with zeros for now.
2025-04-15 01:20:10,458 - root - WARNING - Subject 5074 has regions with zero variance (indices: [51]). Marking for exclusion, but computing matrix with zeros for now.
2025-04-15 01:20:10,477 - root - WARNING - Subject 5075 has regions with zero variance (indices: [51]). Marking for exclusion, but computing matrix with zeros for now.
2025-04-15 01:20:10,496 - root - WARNING - Subject 5076 has regions with zero variance (indices: [51]). Marking for exclusion, but computing matrix with zeros for now.
2025-04-15 01:20:10,515 - root - WARNING - Subject 5077 has regions with zero variance (indices: [51]). Marking for exclusion, but computing matrix with zeros for now.
2025-04-15 01:20:10,533 - root - WARNING - Subject 5078 has regions with zero variance (indices: [51]). Marking for exclusion, but computing matrix with zeros for now.
2025-04-15 01:20:10,552 - root - WARNING - Subject 5079 has regions with zero variance (indices: [51]). Marking for exclusion, but computing matrix with zeros for now.
2025-04-15 01:20:10,571 - root - WARNING - Subject 5080 has regions with zero variance (indices: [51]). Marking for exclusion, but computing matrix with zeros for now.
2025-04-15 01:20:10,590 - root - WARNING - Subject 5081 has regions with zero variance (indices: [51]). Marking for exclusion, but computing matrix with zeros for now.
2025-04-15 01:20:10,609 - root - WARNING - Subject 5082 has regions with zero variance (indices: [51]). Marking for exclusion, but computing matrix with zeros for now.
2025-04-15 01:20:10,627 - root - WARNING - Subject 5083 has regions with zero variance (indices: [51]). Marking for exclusion, but computing matrix with zeros for now.
2025-04-15 01:20:10,646 - root - WARNING - Subject 5084 has regions with zero variance (indices: [51]). Marking for exclusion, but computing matrix with zeros for now.
2025-04-15 01:20:10,665 - root - WARNING - Subject 5085 has regions with zero variance (indices: [51]). Marking for exclusion, but computing matrix with zeros for now.
2025-04-15 01:20:10,683 - root - WARNING - Subject 5086 has regions with zero variance (indices: [51]). Marking for exclusion, but computing matrix with zeros for now.
2025-04-15 01:20:10,702 - root - WARNING - Subject 5087 has regions with zero variance (indices: [51]). Marking for exclusion, but computing matrix with zeros for now.
2025-04-15 01:20:10,721 - root - WARNING - Subject 5088 has regions with zero variance (indices: [51]). Marking for exclusion, but computing matrix with zeros for now.
2025-04-15 01:20:10,739 - root - WARNING - Subject 5089 has regions with zero variance (indices: [51]). Marking for exclusion, but computing matrix with zeros for now.
2025-04-15 01:20:10,757 - root - WARNING - Subject 5090 has regions with zero variance (indices: [51]). Marking for exclusion, but computing matrix with zeros for now.
2025-04-15 01:20:10,776 - root - WARNING - Subject 5091 has regions with zero variance (indices: [51]). Marking for exclusion, but computing matrix with zeros for now.
2025-04-15 01:20:10,795 - root - WARNING - Subject 5092 has regions with zero variance (indices: [51]). Marking for exclusion, but computing matrix with zeros for now.
2025-04-15 01:20:10,814 - root - WARNING - Subject 5093 has regions with zero variance (indices: [51]). Marking for exclusion, but computing matrix with zeros for now.
2025-04-15 01:20:10,833 - root - WARNING - Subject 5094 has regions with zero variance (indices: [51]). Marking for exclusion, but computing matrix with zeros for now.
2025-04-15 01:20:10,852 - root - WARNING - Subject 5095 has regions with zero variance (indices: [51]). Marking for exclusion, but computing matrix with zeros for now.
2025-04-15 01:20:10,871 - root - WARNING - Subject 5096 has regions with zero variance (indices: [51]). Marking for exclusion, but computing matrix with zeros for now.
2025-04-15 01:20:10,890 - root - WARNING - Subject 5097 has regions with zero variance (indices: [51]). Marking for exclusion, but computing matrix with zeros for now.
2025-04-15 01:20:10,908 - root - WARNING - Subject 5098 has regions with zero variance (indices: [51]). Marking for exclusion, but computing matrix with zeros for now.
2025-04-15 01:20:10,927 - root - WARNING - Subject 5099 has regions with zero variance (indices: [51]). Marking for exclusion, but computing matrix with zeros for now.
2025-04-15 01:20:10,946 - root - WARNING - Subject 5100 has regions with zero variance (indices: [51]). Marking for exclusion, but computing matrix with zeros for now.
2025-04-15 01:20:10,964 - root - WARNING - Subject 5101 has regions with zero variance (indices: [51]). Marking for exclusion, but computing matrix with zeros for now.
2025-04-15 01:20:10,983 - root - WARNING - Subject 5102 has regions with zero variance (indices: [51]). Marking for exclusion, but computing matrix with zeros for now.
2025-04-15 01:20:11,001 - root - WARNING - Subject 5103 has regions with zero variance (indices: [51]). Marking for exclusion, but computing matrix with zeros for now.
2025-04-15 01:20:11,020 - root - WARNING - Subject 5104 has regions with zero variance (indices: [51]). Marking for exclusion, but computing matrix with zeros for now.
2025-04-15 01:20:11,039 - root - WARNING - Subject 5105 has regions with zero variance (indices: [51]). Marking for exclusion, but computing matrix with zeros for now.
2025-04-15 01:20:11,058 - root - WARNING - Subject 5106 has regions with zero variance (indices: [51]). Marking for exclusion, but computing matrix with zeros for now.
2025-04-15 01:20:11,077 - root - WARNING - Subject 5107 has regions with zero variance (indices: [51]). Marking for exclusion, but computing matrix with zeros for now.
2025-04-15 01:20:11,095 - root - WARNING - Subject 5108 has regions with zero variance (indices: [51]). Marking for exclusion, but computing matrix with zeros for now.
2025-04-15 01:20:11,114 - root - WARNING - Subject 5109 has regions with zero variance (indices: [51]). Marking for exclusion, but computing matrix with zeros for now.
2025-04-15 01:20:11,133 - root - WARNING - Subject 5110 has regions with zero variance (indices: [51]). Marking for exclusion, but computing matrix with zeros for now.
2025-04-15 01:20:11,151 - root - WARNING - Subject 5111 has regions with zero variance (indices: [51]). Marking for exclusion, but computing matrix with zeros for now.
2025-04-15 01:20:11,170 - root - WARNING - Subject 5112 has regions with zero variance (indices: [51]). Marking for exclusion, but computing matrix with zeros for now.
2025-04-15 01:20:11,189 - root - WARNING - Subject 5113 has regions with zero variance (indices: [51]). Marking for exclusion, but computing matrix with zeros for now.
2025-04-15 01:20:11,208 - root - WARNING - Subject 5114 has regions with zero variance (indices: [51]). Marking for exclusion, but computing matrix with zeros for now.
2025-04-15 01:20:11,226 - root - WARNING - Subject 5115 has regions with zero variance (indices: [51]). Marking for exclusion, but computing matrix with zeros for now.
2025-04-15 01:20:11,245 - root - WARNING - Subject 5116 has regions with zero variance (indices: [51]). Marking for exclusion, but computing matrix with zeros for now.
2025-04-15 01:20:11,264 - root - WARNING - Subject 5117 has regions with zero variance (indices: [51]). Marking for exclusion, but computing matrix with zeros for now.
2025-04-15 01:20:11,282 - root - WARNING - Subject 5118 has regions with zero variance (indices: [51]). Marking for exclusion, but computing matrix with zeros for now.
2025-04-15 01:20:11,301 - root - WARNING - Subject 5119 has regions with zero variance (indices: [51]). Marking for exclusion, but computing matrix with zeros for now.
2025-04-15 01:20:11,320 - root - WARNING - Subject 5120 has regions with zero variance (indices: [51]). Marking for exclusion, but computing matrix with zeros for now.
2025-04-15 01:20:11,339 - root - WARNING - Subject 5121 has regions with zero variance (indices: [51]). Marking for exclusion, but computing matrix with zeros for now.
2025-04-15 01:20:11,358 - root - WARNING - Subject 5122 has regions with zero variance (indices: [51]). Marking for exclusion, but computing matrix with zeros for now.
2025-04-15 01:20:11,377 - root - WARNING - Subject 5123 has regions with zero variance (indices: [51]). Marking for exclusion, but computing matrix with zeros for now.
2025-04-15 01:20:11,395 - root - WARNING - Subject 5124 has regions with zero variance (indices: [51]). Marking for exclusion, but computing matrix with zeros for now.
2025-04-15 01:20:11,414 - root - WARNING - Subject 5125 has regions with zero variance (indices: [51]). Marking for exclusion, but computing matrix with zeros for now.
2025-04-15 01:20:11,433 - root - WARNING - Subject 5126 has regions with zero variance (indices: [51]). Marking for exclusion, but computing matrix with zeros for now.
2025-04-15 01:20:11,451 - root - WARNING - Subject 5127 has regions with zero variance (indices: [51]). Marking for exclusion, but computing matrix with zeros for now.
2025-04-15 01:20:11,470 - root - WARNING - Subject 5128 has regions with zero variance (indices: [51]). Marking for exclusion, but computing matrix with zeros for now.
2025-04-15 01:20:11,489 - root - WARNING - Subject 5129 has regions with zero variance (indices: [51]). Marking for exclusion, but computing matrix with zeros for now.
2025-04-15 01:20:11,507 - root - WARNING - Subject 5130 has regions with zero variance (indices: [51]). Marking for exclusion, but computing matrix with zeros for now.
2025-04-15 01:20:11,526 - root - WARNING - Subject 5131 has regions with zero variance (indices: [51]). Marking for exclusion, but computing matrix with zeros for now.
2025-04-15 01:20:11,545 - root - WARNING - Subject 5132 has regions with zero variance (indices: [51]). Marking for exclusion, but computing matrix with zeros for now.
2025-04-15 01:20:11,564 - root - WARNING - Subject 5133 has regions with zero variance (indices: [51]). Marking for exclusion, but computing matrix with zeros for now.
2025-04-15 01:20:11,582 - root - WARNING - Subject 5134 has regions with zero variance (indices: [51]). Marking for exclusion, but computing matrix with zeros for now.
2025-04-15 01:20:11,601 - root - WARNING - Subject 5135 has regions with zero variance (indices: [51]). Marking for exclusion, but computing matrix with zeros for now.
2025-04-15 01:20:11,620 - root - WARNING - Subject 5136 has regions with zero variance (indices: [51]). Marking for exclusion, but computing matrix with zeros for now.
2025-04-15 01:20:11,638 - root - WARNING - Subject 5137 has regions with zero variance (indices: [51]). Marking for exclusion, but computing matrix with zeros for now.
2025-04-15 01:20:11,657 - root - WARNING - Subject 5138 has regions with zero variance (indices: [51]). Marking for exclusion, but computing matrix with zeros for now.
2025-04-15 01:20:11,676 - root - WARNING - Subject 5139 has regions with zero variance (indices: [51]). Marking for exclusion, but computing matrix with zeros for now.
2025-04-15 01:20:11,695 - root - WARNING - Subject 5140 has regions with zero variance (indices: [51]). Marking for exclusion, but computing matrix with zeros for now.
2025-04-15 01:20:11,713 - root - WARNING - Subject 5141 has regions with zero variance (indices: [51]). Marking for exclusion, but computing matrix with zeros for now.
2025-04-15 01:20:11,732 - root - WARNING - Subject 5142 has regions with zero variance (indices: [51]). Marking for exclusion, but computing matrix with zeros for now.
2025-04-15 01:20:11,751 - root - WARNING - Subject 5143 has regions with zero variance (indices: [51]). Marking for exclusion, but computing matrix with zeros for now.
2025-04-15 01:20:11,770 - root - WARNING - Subject 5144 has regions with zero variance (indices: [51]). Marking for exclusion, but computing matrix with zeros for now.
2025-04-15 01:20:11,789 - root - WARNING - Subject 5145 has regions with zero variance (indices: [51]). Marking for exclusion, but computing matrix with zeros for now.
2025-04-15 01:20:12,744 - root - WARNING - Subject 6640 has regions with zero variance (indices: [ 29  51  85 175]). Marking for exclusion, but computing matrix with zeros for now.
2025-04-15 01:20:12,763 - root - WARNING - Subject 6641 has regions with zero variance (indices: [ 29  51  85 175]). Marking for exclusion, but computing matrix with zeros for now.
2025-04-15 01:20:12,781 - root - WARNING - Subject 6642 has regions with zero variance (indices: [ 29  51  85 175]). Marking for exclusion, but computing matrix with zeros for now.
2025-04-15 01:20:12,800 - root - WARNING - Subject 6643 has regions with zero variance (indices: [ 29  51  85 175]). Marking for exclusion, but computing matrix with zeros for now.
2025-04-15 01:20:12,818 - root - WARNING - Subject 6644 has regions with zero variance (indices: [ 29  51  85 175]). Marking for exclusion, but computing matrix with zeros for now.
2025-04-15 01:20:12,836 - root - WARNING - Subject 6645 has regions with zero variance (indices: [ 29  51  85 175]). Marking for exclusion, but computing matrix with zeros for now.
2025-04-15 01:20:12,855 - root - WARNING - Subject 6646 has regions with zero variance (indices: [ 29  51  85 175]). Marking for exclusion, but computing matrix with zeros for now.
2025-04-15 01:20:12,872 - root - WARNING - Subject 6647 has regions with zero variance (indices: [ 29  51  85 175]). Marking for exclusion, but computing matrix with zeros for now.
2025-04-15 01:20:12,891 - root - WARNING - Subject 6648 has regions with zero variance (indices: [ 29  51  85 175]). Marking for exclusion, but computing matrix with zeros for now.
2025-04-15 01:20:12,909 - root - WARNING - Subject 6649 has regions with zero variance (indices: [ 29  51  85 175]). Marking for exclusion, but computing matrix with zeros for now.
2025-04-15 01:20:12,927 - root - WARNING - Subject 6650 has regions with zero variance (indices: [ 29  51  85 175]). Marking for exclusion, but computing matrix with zeros for now.
2025-04-15 01:20:12,946 - root - WARNING - Subject 6651 has regions with zero variance (indices: [ 29  51  85 175]). Marking for exclusion, but computing matrix with zeros for now.
2025-04-15 01:20:12,964 - root - WARNING - Subject 6652 has regions with zero variance (indices: [ 29  51  85 175]). Marking for exclusion, but computing matrix with zeros for now.
2025-04-15 01:20:12,982 - root - WARNING - Subject 6653 has regions with zero variance (indices: [ 29  51  85 175]). Marking for exclusion, but computing matrix with zeros for now.
2025-04-15 01:20:13,001 - root - WARNING - Subject 6654 has regions with zero variance (indices: [ 29  51  85 175]). Marking for exclusion, but computing matrix with zeros for now.
2025-04-15 01:20:13,019 - root - WARNING - Subject 6655 has regions with zero variance (indices: [ 29  51  85 175]). Marking for exclusion, but computing matrix with zeros for now.
2025-04-15 01:20:13,037 - root - WARNING - Subject 6656 has regions with zero variance (indices: [ 29  51  85 175]). Marking for exclusion, but computing matrix with zeros for now.
2025-04-15 01:20:13,056 - root - WARNING - Subject 6657 has regions with zero variance (indices: [ 29  51  85 175]). Marking for exclusion, but computing matrix with zeros for now.
2025-04-15 01:20:13,074 - root - WARNING - Subject 6658 has regions with zero variance (indices: [ 29  51  85 175]). Marking for exclusion, but computing matrix with zeros for now.
2025-04-15 01:20:13,092 - root - WARNING - Subject 6659 has regions with zero variance (indices: [ 29  51  85 175]). Marking for exclusion, but computing matrix with zeros for now.
2025-04-15 01:20:13,111 - root - WARNING - Subject 6660 has regions with zero variance (indices: [ 29  51  85 175]). Marking for exclusion, but computing matrix with zeros for now.
2025-04-15 01:20:13,129 - root - WARNING - Subject 6661 has regions with zero variance (indices: [ 29  51  85 175]). Marking for exclusion, but computing matrix with zeros for now.
2025-04-15 01:20:13,147 - root - WARNING - Subject 6662 has regions with zero variance (indices: [ 29  51  85 175]). Marking for exclusion, but computing matrix with zeros for now.
2025-04-15 01:20:13,165 - root - WARNING - Subject 6663 has regions with zero variance (indices: [ 29  51  85 175]). Marking for exclusion, but computing matrix with zeros for now.
2025-04-15 01:20:13,183 - root - WARNING - Subject 6664 has regions with zero variance (indices: [ 29  51  85 175]). Marking for exclusion, but computing matrix with zeros for now.
2025-04-15 01:20:13,202 - root - WARNING - Subject 6665 has regions with zero variance (indices: [ 29  51  85 175]). Marking for exclusion, but computing matrix with zeros for now.
2025-04-15 01:20:13,220 - root - WARNING - Subject 6666 has regions with zero variance (indices: [ 29  51  85 175]). Marking for exclusion, but computing matrix with zeros for now.
2025-04-15 01:20:13,239 - root - WARNING - Subject 6667 has regions with zero variance (indices: [ 29  51  85 175]). Marking for exclusion, but computing matrix with zeros for now.
2025-04-15 01:20:13,257 - root - WARNING - Subject 6668 has regions with zero variance (indices: [ 29  51  85 175]). Marking for exclusion, but computing matrix with zeros for now.
2025-04-15 01:20:13,275 - root - WARNING - Subject 6669 has regions with zero variance (indices: [ 29  51  85 175]). Marking for exclusion, but computing matrix with zeros for now.
2025-04-15 01:20:13,294 - root - WARNING - Subject 6670 has regions with zero variance (indices: [ 29  51  85 175]). Marking for exclusion, but computing matrix with zeros for now.
2025-04-15 01:20:13,312 - root - WARNING - Subject 6671 has regions with zero variance (indices: [ 29  51  85 175]). Marking for exclusion, but computing matrix with zeros for now.
2025-04-15 01:20:13,330 - root - WARNING - Subject 6672 has regions with zero variance (indices: [ 29  51  85 175]). Marking for exclusion, but computing matrix with zeros for now.
2025-04-15 01:20:13,348 - root - WARNING - Subject 6673 has regions with zero variance (indices: [ 29  51  85 175]). Marking for exclusion, but computing matrix with zeros for now.
2025-04-15 01:20:13,367 - root - WARNING - Subject 6674 has regions with zero variance (indices: [ 29  51  85 175]). Marking for exclusion, but computing matrix with zeros for now.
2025-04-15 01:20:13,385 - root - WARNING - Subject 6675 has regions with zero variance (indices: [ 29  51  85 175]). Marking for exclusion, but computing matrix with zeros for now.
2025-04-15 01:20:13,403 - root - WARNING - Subject 6676 has regions with zero variance (indices: [ 29  51  85 175]). Marking for exclusion, but computing matrix with zeros for now.
2025-04-15 01:20:13,422 - root - WARNING - Subject 6677 has regions with zero variance (indices: [ 29  51  85 175]). Marking for exclusion, but computing matrix with zeros for now.
2025-04-15 01:20:13,440 - root - WARNING - Subject 6678 has regions with zero variance (indices: [ 29  51  85 175]). Marking for exclusion, but computing matrix with zeros for now.
2025-04-15 01:20:13,459 - root - WARNING - Subject 6679 has regions with zero variance (indices: [ 29  51  85 175]). Marking for exclusion, but computing matrix with zeros for now.
2025-04-15 01:20:13,477 - root - WARNING - Subject 6680 has regions with zero variance (indices: [ 29  51  85 175]). Marking for exclusion, but computing matrix with zeros for now.
2025-04-15 01:20:13,495 - root - WARNING - Subject 6681 has regions with zero variance (indices: [ 29  51  85 175]). Marking for exclusion, but computing matrix with zeros for now.
2025-04-15 01:20:13,513 - root - WARNING - Subject 6682 has regions with zero variance (indices: [ 29  51  85 175]). Marking for exclusion, but computing matrix with zeros for now.
2025-04-15 01:20:13,531 - root - WARNING - Subject 6683 has regions with zero variance (indices: [ 29  51  85 175]). Marking for exclusion, but computing matrix with zeros for now.
2025-04-15 01:20:13,550 - root - WARNING - Subject 6684 has regions with zero variance (indices: [ 29  51  85 175]). Marking for exclusion, but computing matrix with zeros for now.
2025-04-15 01:20:13,568 - root - WARNING - Subject 6685 has regions with zero variance (indices: [ 29  51  85 175]). Marking for exclusion, but computing matrix with zeros for now.
2025-04-15 01:20:13,586 - root - WARNING - Subject 6686 has regions with zero variance (indices: [ 29  51  85 175]). Marking for exclusion, but computing matrix with zeros for now.
2025-04-15 01:20:13,605 - root - WARNING - Subject 6687 has regions with zero variance (indices: [ 29  51  85 175]). Marking for exclusion, but computing matrix with zeros for now.
2025-04-15 01:20:13,623 - root - WARNING - Subject 6688 has regions with zero variance (indices: [ 29  51  85 175]). Marking for exclusion, but computing matrix with zeros for now.
2025-04-15 01:20:13,641 - root - WARNING - Subject 6689 has regions with zero variance (indices: [ 29  51  85 175]). Marking for exclusion, but computing matrix with zeros for now.
2025-04-15 01:20:13,660 - root - WARNING - Subject 6690 has regions with zero variance (indices: [ 29  51  85 175]). Marking for exclusion, but computing matrix with zeros for now.
2025-04-15 01:20:13,678 - root - WARNING - Subject 6691 has regions with zero variance (indices: [ 29  51  85 175]). Marking for exclusion, but computing matrix with zeros for now.
2025-04-15 01:20:13,696 - root - WARNING - Subject 6692 has regions with zero variance (indices: [ 29  51  85 175]). Marking for exclusion, but computing matrix with zeros for now.
2025-04-15 01:20:13,714 - root - WARNING - Subject 6693 has regions with zero variance (indices: [ 29  51  85 175]). Marking for exclusion, but computing matrix with zeros for now.
2025-04-15 01:20:13,733 - root - WARNING - Subject 6694 has regions with zero variance (indices: [ 29  51  85 175]). Marking for exclusion, but computing matrix with zeros for now.
2025-04-15 01:20:13,750 - root - WARNING - Subject 6695 has regions with zero variance (indices: [ 29  51  85 175]). Marking for exclusion, but computing matrix with zeros for now.
2025-04-15 01:20:13,768 - root - WARNING - Subject 6696 has regions with zero variance (indices: [ 29  51  85 175]). Marking for exclusion, but computing matrix with zeros for now.
2025-04-15 01:20:13,786 - root - WARNING - Subject 6697 has regions with zero variance (indices: [ 29  51  85 175]). Marking for exclusion, but computing matrix with zeros for now.
2025-04-15 01:20:13,804 - root - WARNING - Subject 6698 has regions with zero variance (indices: [ 29  51  85 175]). Marking for exclusion, but computing matrix with zeros for now.
2025-04-15 01:20:13,823 - root - WARNING - Subject 6699 has regions with zero variance (indices: [ 29  51  85 175]). Marking for exclusion, but computing matrix with zeros for now.
2025-04-15 01:20:13,841 - root - WARNING - Subject 6700 has regions with zero variance (indices: [ 29  51  85 175]). Marking for exclusion, but computing matrix with zeros for now.
2025-04-15 01:20:13,859 - root - WARNING - Subject 6701 has regions with zero variance (indices: [ 29  51  85 175]). Marking for exclusion, but computing matrix with zeros for now.
2025-04-15 01:20:13,877 - root - WARNING - Subject 6702 has regions with zero variance (indices: [ 29  51  85 175]). Marking for exclusion, but computing matrix with zeros for now.
2025-04-15 01:20:13,895 - root - WARNING - Subject 6703 has regions with zero variance (indices: [ 29  51  85 175]). Marking for exclusion, but computing matrix with zeros for now.
2025-04-15 01:20:13,913 - root - WARNING - Subject 6704 has regions with zero variance (indices: [ 29  51  85 175]). Marking for exclusion, but computing matrix with zeros for now.
2025-04-15 01:20:13,932 - root - WARNING - Subject 6705 has regions with zero variance (indices: [ 29  51  85 175]). Marking for exclusion, but computing matrix with zeros for now.
2025-04-15 01:20:13,950 - root - WARNING - Subject 6706 has regions with zero variance (indices: [ 29  51  85 175]). Marking for exclusion, but computing matrix with zeros for now.
2025-04-15 01:20:13,968 - root - WARNING - Subject 6707 has regions with zero variance (indices: [ 29  51  85 175]). Marking for exclusion, but computing matrix with zeros for now.
2025-04-15 01:20:13,986 - root - WARNING - Subject 6708 has regions with zero variance (indices: [ 29  51  85 175]). Marking for exclusion, but computing matrix with zeros for now.
2025-04-15 01:20:14,005 - root - WARNING - Subject 6709 has regions with zero variance (indices: [ 29  51  85 175]). Marking for exclusion, but computing matrix with zeros for now.
2025-04-15 01:20:14,023 - root - WARNING - Subject 6710 has regions with zero variance (indices: [ 29  51  85 175]). Marking for exclusion, but computing matrix with zeros for now.
2025-04-15 01:20:14,041 - root - WARNING - Subject 6711 has regions with zero variance (indices: [ 29  51  85 175]). Marking for exclusion, but computing matrix with zeros for now.
2025-04-15 01:20:14,059 - root - WARNING - Subject 6712 has regions with zero variance (indices: [ 29  51  85 175]). Marking for exclusion, but computing matrix with zeros for now.
2025-04-15 01:20:14,077 - root - WARNING - Subject 6713 has regions with zero variance (indices: [ 29  51  85 175]). Marking for exclusion, but computing matrix with zeros for now.
2025-04-15 01:20:14,095 - root - WARNING - Subject 6714 has regions with zero variance (indices: [ 29  51  85 175]). Marking for exclusion, but computing matrix with zeros for now.
2025-04-15 01:20:14,114 - root - WARNING - Subject 6715 has regions with zero variance (indices: [ 29  51  85 175]). Marking for exclusion, but computing matrix with zeros for now.
2025-04-15 01:20:14,132 - root - WARNING - Subject 6716 has regions with zero variance (indices: [ 29  51  85 175]). Marking for exclusion, but computing matrix with zeros for now.
2025-04-15 01:20:14,150 - root - WARNING - Subject 6717 has regions with zero variance (indices: [ 29  51  85 175]). Marking for exclusion, but computing matrix with zeros for now.
2025-04-15 01:20:14,168 - root - WARNING - Subject 6718 has regions with zero variance (indices: [ 29  51  85 175]). Marking for exclusion, but computing matrix with zeros for now.
2025-04-15 01:20:14,187 - root - WARNING - Subject 6719 has regions with zero variance (indices: [ 29  51  85 175]). Marking for exclusion, but computing matrix with zeros for now.
2025-04-15 01:20:14,205 - root - WARNING - Subject 6720 has regions with zero variance (indices: [ 29  51  85 175]). Marking for exclusion, but computing matrix with zeros for now.
2025-04-15 01:20:14,223 - root - WARNING - Subject 6721 has regions with zero variance (indices: [ 29  51  85 175]). Marking for exclusion, but computing matrix with zeros for now.
2025-04-15 01:20:14,241 - root - WARNING - Subject 6722 has regions with zero variance (indices: [ 29  51  85 175]). Marking for exclusion, but computing matrix with zeros for now.
2025-04-15 01:20:14,259 - root - WARNING - Subject 6723 has regions with zero variance (indices: [ 29  51  85 175]). Marking for exclusion, but computing matrix with zeros for now.
2025-04-15 01:20:14,277 - root - WARNING - Subject 6724 has regions with zero variance (indices: [ 29  51  85 175]). Marking for exclusion, but computing matrix with zeros for now.
2025-04-15 01:20:14,295 - root - WARNING - Subject 6725 has regions with zero variance (indices: [ 29  51  85 175]). Marking for exclusion, but computing matrix with zeros for now.
2025-04-15 01:20:14,313 - root - WARNING - Subject 6726 has regions with zero variance (indices: [ 29  51  85 175]). Marking for exclusion, but computing matrix with zeros for now.
2025-04-15 01:20:14,331 - root - WARNING - Subject 6727 has regions with zero variance (indices: [ 29  51  85 175]). Marking for exclusion, but computing matrix with zeros for now.
2025-04-15 01:20:14,349 - root - WARNING - Subject 6728 has regions with zero variance (indices: [ 29  51  85 175]). Marking for exclusion, but computing matrix with zeros for now.
2025-04-15 01:20:14,367 - root - WARNING - Subject 6729 has regions with zero variance (indices: [ 29  51  85 175]). Marking for exclusion, but computing matrix with zeros for now.
2025-04-15 01:20:14,385 - root - WARNING - Subject 6730 has regions with zero variance (indices: [ 29  51  85 175]). Marking for exclusion, but computing matrix with zeros for now.
2025-04-15 01:20:14,404 - root - WARNING - Subject 6731 has regions with zero variance (indices: [ 29  51  85 175]). Marking for exclusion, but computing matrix with zeros for now.
2025-04-15 01:20:14,422 - root - WARNING - Subject 6732 has regions with zero variance (indices: [ 29  51  85 175]). Marking for exclusion, but computing matrix with zeros for now.
2025-04-15 01:20:14,441 - root - WARNING - Subject 6733 has regions with zero variance (indices: [ 29  51  85 175]). Marking for exclusion, but computing matrix with zeros for now.
2025-04-15 01:20:14,459 - root - WARNING - Subject 6734 has regions with zero variance (indices: [ 29  51  85 175]). Marking for exclusion, but computing matrix with zeros for now.
2025-04-15 01:20:14,477 - root - WARNING - Subject 6735 has regions with zero variance (indices: [ 29  51  85 175]). Marking for exclusion, but computing matrix with zeros for now.
2025-04-15 01:20:14,495 - root - WARNING - Subject 6736 has regions with zero variance (indices: [ 29  51  85 175]). Marking for exclusion, but computing matrix with zeros for now.
2025-04-15 01:20:14,514 - root - WARNING - Subject 6737 has regions with zero variance (indices: [ 29  51  85 175]). Marking for exclusion, but computing matrix with zeros for now.
2025-04-15 01:20:14,532 - root - WARNING - Subject 6738 has regions with zero variance (indices: [ 29  51  85 175]). Marking for exclusion, but computing matrix with zeros for now.
2025-04-15 01:20:14,550 - root - WARNING - Subject 6739 has regions with zero variance (indices: [ 29  51  85 175]). Marking for exclusion, but computing matrix with zeros for now.
2025-04-15 01:20:14,568 - root - WARNING - Subject 6740 has regions with zero variance (indices: [ 29  51  85 175]). Marking for exclusion, but computing matrix with zeros for now.
2025-04-15 01:20:14,586 - root - WARNING - Subject 6741 has regions with zero variance (indices: [ 29  51  85 175]). Marking for exclusion, but computing matrix with zeros for now.
2025-04-15 01:20:14,604 - root - WARNING - Subject 6742 has regions with zero variance (indices: [ 29  51  85 175]). Marking for exclusion, but computing matrix with zeros for now.
2025-04-15 01:20:14,623 - root - WARNING - Subject 6743 has regions with zero variance (indices: [ 29  51  85 175]). Marking for exclusion, but computing matrix with zeros for now.
2025-04-15 01:20:14,641 - root - WARNING - Subject 6744 has regions with zero variance (indices: [ 29  51  85 175]). Marking for exclusion, but computing matrix with zeros for now.
2025-04-15 01:20:14,659 - root - WARNING - Subject 6745 has regions with zero variance (indices: [ 29  51  85 175]). Marking for exclusion, but computing matrix with zeros for now.
2025-04-15 01:20:14,677 - root - WARNING - Subject 6746 has regions with zero variance (indices: [ 29  51  85 175]). Marking for exclusion, but computing matrix with zeros for now.
2025-04-15 01:20:14,695 - root - WARNING - Subject 6747 has regions with zero variance (indices: [ 29  51  85 175]). Marking for exclusion, but computing matrix with zeros for now.
2025-04-15 01:20:14,713 - root - WARNING - Subject 6748 has regions with zero variance (indices: [ 29  51  85 175]). Marking for exclusion, but computing matrix with zeros for now.
2025-04-15 01:20:14,731 - root - WARNING - Subject 6749 has regions with zero variance (indices: [ 29  51  85 175]). Marking for exclusion, but computing matrix with zeros for now.
2025-04-15 01:20:14,750 - root - WARNING - Subject 6750 has regions with zero variance (indices: [ 29  51  85 175]). Marking for exclusion, but computing matrix with zeros for now.
2025-04-15 01:20:14,768 - root - WARNING - Subject 6751 has regions with zero variance (indices: [ 29  51  85 175]). Marking for exclusion, but computing matrix with zeros for now.
2025-04-15 01:20:14,786 - root - WARNING - Subject 6752 has regions with zero variance (indices: [ 29  51  85 175]). Marking for exclusion, but computing matrix with zeros for now.
2025-04-15 01:20:14,804 - root - WARNING - Subject 6753 has regions with zero variance (indices: [ 29  51  85 175]). Marking for exclusion, but computing matrix with zeros for now.
2025-04-15 01:20:14,822 - root - WARNING - Subject 6754 has regions with zero variance (indices: [ 29  51  85 175]). Marking for exclusion, but computing matrix with zeros for now.
2025-04-15 01:20:14,840 - root - WARNING - Subject 6755 has regions with zero variance (indices: [ 29  51  85 175]). Marking for exclusion, but computing matrix with zeros for now.
2025-04-15 01:20:14,858 - root - WARNING - Subject 6756 has regions with zero variance (indices: [ 29  51  85 175]). Marking for exclusion, but computing matrix with zeros for now.
2025-04-15 01:20:14,876 - root - WARNING - Subject 6757 has regions with zero variance (indices: [ 29  51  85 175]). Marking for exclusion, but computing matrix with zeros for now.
2025-04-15 01:20:14,894 - root - WARNING - Subject 6758 has regions with zero variance (indices: [ 29  51  85 175]). Marking for exclusion, but computing matrix with zeros for now.
2025-04-15 01:20:14,912 - root - WARNING - Subject 6759 has regions with zero variance (indices: [ 29  51  85 175]). Marking for exclusion, but computing matrix with zeros for now.
2025-04-15 01:20:14,930 - root - WARNING - Subject 6760 has regions with zero variance (indices: [ 29  51  85 175]). Marking for exclusion, but computing matrix with zeros for now.
2025-04-15 01:20:14,949 - root - WARNING - Subject 6761 has regions with zero variance (indices: [ 29  51  85 175]). Marking for exclusion, but computing matrix with zeros for now.
2025-04-15 01:20:14,967 - root - WARNING - Subject 6762 has regions with zero variance (indices: [ 29  51  85 175]). Marking for exclusion, but computing matrix with zeros for now.
2025-04-15 01:20:14,985 - root - WARNING - Subject 6763 has regions with zero variance (indices: [ 29  51  85 175]). Marking for exclusion, but computing matrix with zeros for now.
2025-04-15 01:20:15,004 - root - WARNING - Subject 6764 has regions with zero variance (indices: [ 29  51  85 175]). Marking for exclusion, but computing matrix with zeros for now.
2025-04-15 01:20:15,022 - root - WARNING - Subject 6765 has regions with zero variance (indices: [ 29  51  85 175]). Marking for exclusion, but computing matrix with zeros for now.
2025-04-15 01:20:15,040 - root - WARNING - Subject 6766 has regions with zero variance (indices: [ 29  51  85 175]). Marking for exclusion, but computing matrix with zeros for now.
2025-04-15 01:20:15,058 - root - WARNING - Subject 6767 has regions with zero variance (indices: [ 29  51  85 175]). Marking for exclusion, but computing matrix with zeros for now.
2025-04-15 01:20:15,076 - root - WARNING - Subject 6768 has regions with zero variance (indices: [ 29  51  85 175]). Marking for exclusion, but computing matrix with zeros for now.
2025-04-15 01:20:15,094 - root - WARNING - Subject 6769 has regions with zero variance (indices: [ 29  51  85 175]). Marking for exclusion, but computing matrix with zeros for now.
2025-04-15 01:20:15,112 - root - WARNING - Subject 6770 has regions with zero variance (indices: [ 29  51  85 175]). Marking for exclusion, but computing matrix with zeros for now.
2025-04-15 01:20:15,130 - root - WARNING - Subject 6771 has regions with zero variance (indices: [ 29  51  85 175]). Marking for exclusion, but computing matrix with zeros for now.
2025-04-15 01:20:15,148 - root - WARNING - Subject 6772 has regions with zero variance (indices: [ 29  51  85 175]). Marking for exclusion, but computing matrix with zeros for now.
2025-04-15 01:20:15,166 - root - WARNING - Subject 6773 has regions with zero variance (indices: [ 29  51  85 175]). Marking for exclusion, but computing matrix with zeros for now.
2025-04-15 01:20:15,183 - root - WARNING - Subject 6774 has regions with zero variance (indices: [ 29  51  85 175]). Marking for exclusion, but computing matrix with zeros for now.
2025-04-15 01:20:15,201 - root - WARNING - Subject 6775 has regions with zero variance (indices: [ 29  51  85 175]). Marking for exclusion, but computing matrix with zeros for now.
2025-04-15 01:20:15,219 - root - WARNING - Subject 6776 has regions with zero variance (indices: [ 29  51  85 175]). Marking for exclusion, but computing matrix with zeros for now.
2025-04-15 01:20:15,237 - root - WARNING - Subject 6777 has regions with zero variance (indices: [ 29  51  85 175]). Marking for exclusion, but computing matrix with zeros for now.
2025-04-15 01:20:15,255 - root - WARNING - Subject 6778 has regions with zero variance (indices: [ 29  51  85 175]). Marking for exclusion, but computing matrix with zeros for now.
2025-04-15 01:20:15,273 - root - WARNING - Subject 6779 has regions with zero variance (indices: [ 29  51  85 175]). Marking for exclusion, but computing matrix with zeros for now.
2025-04-15 01:20:15,292 - root - WARNING - Subject 6780 has regions with zero variance (indices: [ 29  51  85 175]). Marking for exclusion, but computing matrix with zeros for now.
2025-04-15 01:20:15,310 - root - WARNING - Subject 6781 has regions with zero variance (indices: [ 29  51  85 175]). Marking for exclusion, but computing matrix with zeros for now.
2025-04-15 01:20:15,328 - root - WARNING - Subject 6782 has regions with zero variance (indices: [ 29  51  85 175]). Marking for exclusion, but computing matrix with zeros for now.
2025-04-15 01:20:15,346 - root - WARNING - Subject 6783 has regions with zero variance (indices: [ 29  51  85 175]). Marking for exclusion, but computing matrix with zeros for now.
2025-04-15 01:20:15,364 - root - WARNING - Subject 6784 has regions with zero variance (indices: [ 29  51  85 175]). Marking for exclusion, but computing matrix with zeros for now.
2025-04-15 01:20:15,382 - root - WARNING - Subject 6785 has regions with zero variance (indices: [ 29  51  85 175]). Marking for exclusion, but computing matrix with zeros for now.
2025-04-15 01:20:15,401 - root - WARNING - Subject 6786 has regions with zero variance (indices: [ 29  51  85 175]). Marking for exclusion, but computing matrix with zeros for now.
2025-04-15 01:20:15,419 - root - WARNING - Subject 6787 has regions with zero variance (indices: [ 29  51  85 175]). Marking for exclusion, but computing matrix with zeros for now.
2025-04-15 01:20:15,437 - root - WARNING - Subject 6788 has regions with zero variance (indices: [ 29  51  85 175]). Marking for exclusion, but computing matrix with zeros for now.
2025-04-15 01:20:15,455 - root - WARNING - Subject 6789 has regions with zero variance (indices: [ 29  51  85 175]). Marking for exclusion, but computing matrix with zeros for now.
2025-04-15 01:20:15,473 - root - WARNING - Subject 6790 has regions with zero variance (indices: [ 29  51  85 175]). Marking for exclusion, but computing matrix with zeros for now.
2025-04-15 01:20:15,491 - root - WARNING - Subject 6791 has regions with zero variance (indices: [ 29  51  85 175]). Marking for exclusion, but computing matrix with zeros for now.
2025-04-15 01:20:15,509 - root - WARNING - Subject 6792 has regions with zero variance (indices: [ 29  51  85 175]). Marking for exclusion, but computing matrix with zeros for now.
2025-04-15 01:20:15,527 - root - WARNING - Subject 6793 has regions with zero variance (indices: [ 29  51  85 175]). Marking for exclusion, but computing matrix with zeros for now.
2025-04-15 01:20:15,545 - root - WARNING - Subject 6794 has regions with zero variance (indices: [ 29  51  85 175]). Marking for exclusion, but computing matrix with zeros for now.
2025-04-15 01:20:15,563 - root - WARNING - Subject 6795 has regions with zero variance (indices: [ 29  51  85 175]). Marking for exclusion, but computing matrix with zeros for now.
2025-04-15 01:20:15,581 - root - WARNING - Subject 6796 has regions with zero variance (indices: [ 29  51  85 175]). Marking for exclusion, but computing matrix with zeros for now.
2025-04-15 01:20:15,599 - root - WARNING - Subject 6797 has regions with zero variance (indices: [ 29  51  85 175]). Marking for exclusion, but computing matrix with zeros for now.
2025-04-15 01:20:15,617 - root - WARNING - Subject 6798 has regions with zero variance (indices: [ 29  51  85 175]). Marking for exclusion, but computing matrix with zeros for now.
2025-04-15 01:20:15,636 - root - WARNING - Subject 6799 has regions with zero variance (indices: [ 29  51  85 175]). Marking for exclusion, but computing matrix with zeros for now.
2025-04-15 01:20:15,654 - root - WARNING - Subject 6800 has regions with zero variance (indices: [ 29  51  85 175]). Marking for exclusion, but computing matrix with zeros for now.
2025-04-15 01:20:15,671 - root - WARNING - Subject 6801 has regions with zero variance (indices: [ 29  51  85 175]). Marking for exclusion, but computing matrix with zeros for now.
2025-04-15 01:20:15,690 - root - WARNING - Subject 6802 has regions with zero variance (indices: [ 29  51  85 175]). Marking for exclusion, but computing matrix with zeros for now.
2025-04-15 01:20:15,708 - root - WARNING - Subject 6803 has regions with zero variance (indices: [ 29  51  85 175]). Marking for exclusion, but computing matrix with zeros for now.
2025-04-15 01:20:15,726 - root - WARNING - Subject 6804 has regions with zero variance (indices: [ 29  51  85 175]). Marking for exclusion, but computing matrix with zeros for now.
2025-04-15 01:20:15,744 - root - WARNING - Subject 6805 has regions with zero variance (indices: [ 29  51  85 175]). Marking for exclusion, but computing matrix with zeros for now.
2025-04-15 01:20:16,386 - root - WARNING - Subject 7802 has regions with zero variance (indices: [  8   9  25  35  40  51  76  79  85 117 119 125 157 174 175 191 194]). Marking for exclusion, but computing matrix with zeros for now.
2025-04-15 01:20:16,403 - root - WARNING - Subject 7803 has regions with zero variance (indices: [  8   9  25  35  40  51  76  79  85 117 119 125 157 174 175 191 194]). Marking for exclusion, but computing matrix with zeros for now.
2025-04-15 01:20:16,419 - root - WARNING - Subject 7804 has regions with zero variance (indices: [  8   9  25  35  40  51  76  79  85 117 119 125 157 174 175 191 194]). Marking for exclusion, but computing matrix with zeros for now.
2025-04-15 01:20:16,435 - root - WARNING - Subject 7805 has regions with zero variance (indices: [  8   9  25  35  40  51  76  79  85 117 119 125 157 174 175 191 194]). Marking for exclusion, but computing matrix with zeros for now.
2025-04-15 01:20:16,451 - root - WARNING - Subject 7806 has regions with zero variance (indices: [  8   9  25  35  40  51  76  79  85 117 119 125 157 174 175 191 194]). Marking for exclusion, but computing matrix with zeros for now.
2025-04-15 01:20:16,467 - root - WARNING - Subject 7807 has regions with zero variance (indices: [  8   9  25  35  40  51  76  79  85 117 119 125 157 174 175 191 194]). Marking for exclusion, but computing matrix with zeros for now.
2025-04-15 01:20:16,483 - root - WARNING - Subject 7808 has regions with zero variance (indices: [  8   9  25  35  40  51  76  79  85 117 119 125 157 174 175 191 194]). Marking for exclusion, but computing matrix with zeros for now.
2025-04-15 01:20:16,499 - root - WARNING - Subject 7809 has regions with zero variance (indices: [  8   9  25  35  40  51  76  79  85 117 119 125 157 174 175 191 194]). Marking for exclusion, but computing matrix with zeros for now.
2025-04-15 01:20:16,515 - root - WARNING - Subject 7810 has regions with zero variance (indices: [  8   9  25  35  40  51  76  79  85 117 119 125 157 174 175 191 194]). Marking for exclusion, but computing matrix with zeros for now.
2025-04-15 01:20:16,531 - root - WARNING - Subject 7811 has regions with zero variance (indices: [  8   9  25  35  40  51  76  79  85 117 119 125 157 174 175 191 194]). Marking for exclusion, but computing matrix with zeros for now.
2025-04-15 01:20:16,547 - root - WARNING - Subject 7812 has regions with zero variance (indices: [  8   9  25  35  40  51  76  79  85 117 119 125 157 174 175 191 194]). Marking for exclusion, but computing matrix with zeros for now.
2025-04-15 01:20:16,563 - root - WARNING - Subject 7813 has regions with zero variance (indices: [  8   9  25  35  40  51  76  79  85 117 119 125 157 174 175 191 194]). Marking for exclusion, but computing matrix with zeros for now.
2025-04-15 01:20:16,579 - root - WARNING - Subject 7814 has regions with zero variance (indices: [  8   9  25  35  40  51  76  79  85 117 119 125 157 174 175 191 194]). Marking for exclusion, but computing matrix with zeros for now.
2025-04-15 01:20:16,595 - root - WARNING - Subject 7815 has regions with zero variance (indices: [  8   9  25  35  40  51  76  79  85 117 119 125 157 174 175 191 194]). Marking for exclusion, but computing matrix with zeros for now.
2025-04-15 01:20:16,611 - root - WARNING - Subject 7816 has regions with zero variance (indices: [  8   9  25  35  40  51  76  79  85 117 119 125 157 174 175 191 194]). Marking for exclusion, but computing matrix with zeros for now.
2025-04-15 01:20:16,627 - root - WARNING - Subject 7817 has regions with zero variance (indices: [  8   9  25  35  40  51  76  79  85 117 119 125 157 174 175 191 194]). Marking for exclusion, but computing matrix with zeros for now.
2025-04-15 01:20:16,643 - root - WARNING - Subject 7818 has regions with zero variance (indices: [  8   9  25  35  40  51  76  79  85 117 119 125 157 174 175 191 194]). Marking for exclusion, but computing matrix with zeros for now.
2025-04-15 01:20:16,659 - root - WARNING - Subject 7819 has regions with zero variance (indices: [  8   9  25  35  40  51  76  79  85 117 119 125 157 174 175 191 194]). Marking for exclusion, but computing matrix with zeros for now.
2025-04-15 01:20:16,674 - root - WARNING - Subject 7820 has regions with zero variance (indices: [  8   9  25  35  40  51  76  79  85 117 119 125 157 174 175 191 194]). Marking for exclusion, but computing matrix with zeros for now.
2025-04-15 01:20:16,691 - root - WARNING - Subject 7821 has regions with zero variance (indices: [  8   9  25  35  40  51  76  79  85 117 119 125 157 174 175 191 194]). Marking for exclusion, but computing matrix with zeros for now.
2025-04-15 01:20:16,707 - root - WARNING - Subject 7822 has regions with zero variance (indices: [  8   9  25  35  40  51  76  79  85 117 119 125 157 174 175 191 194]). Marking for exclusion, but computing matrix with zeros for now.
2025-04-15 01:20:16,723 - root - WARNING - Subject 7823 has regions with zero variance (indices: [  8   9  25  35  40  51  76  79  85 117 119 125 157 174 175 191 194]). Marking for exclusion, but computing matrix with zeros for now.
2025-04-15 01:20:16,739 - root - WARNING - Subject 7824 has regions with zero variance (indices: [  8   9  25  35  40  51  76  79  85 117 119 125 157 174 175 191 194]). Marking for exclusion, but computing matrix with zeros for now.
2025-04-15 01:20:16,755 - root - WARNING - Subject 7825 has regions with zero variance (indices: [  8   9  25  35  40  51  76  79  85 117 119 125 157 174 175 191 194]). Marking for exclusion, but computing matrix with zeros for now.
2025-04-15 01:20:16,771 - root - WARNING - Subject 7826 has regions with zero variance (indices: [  8   9  25  35  40  51  76  79  85 117 119 125 157 174 175 191 194]). Marking for exclusion, but computing matrix with zeros for now.
2025-04-15 01:20:16,787 - root - WARNING - Subject 7827 has regions with zero variance (indices: [  8   9  25  35  40  51  76  79  85 117 119 125 157 174 175 191 194]). Marking for exclusion, but computing matrix with zeros for now.
2025-04-15 01:20:16,803 - root - WARNING - Subject 7828 has regions with zero variance (indices: [  8   9  25  35  40  51  76  79  85 117 119 125 157 174 175 191 194]). Marking for exclusion, but computing matrix with zeros for now.
2025-04-15 01:20:16,819 - root - WARNING - Subject 7829 has regions with zero variance (indices: [  8   9  25  35  40  51  76  79  85 117 119 125 157 174 175 191 194]). Marking for exclusion, but computing matrix with zeros for now.
2025-04-15 01:20:16,835 - root - WARNING - Subject 7830 has regions with zero variance (indices: [  8   9  25  35  40  51  76  79  85 117 119 125 157 174 175 191 194]). Marking for exclusion, but computing matrix with zeros for now.
2025-04-15 01:20:16,851 - root - WARNING - Subject 7831 has regions with zero variance (indices: [  8   9  25  35  40  51  76  79  85 117 119 125 157 174 175 191 194]). Marking for exclusion, but computing matrix with zeros for now.
2025-04-15 01:20:16,867 - root - WARNING - Subject 7832 has regions with zero variance (indices: [  8   9  25  35  40  51  76  79  85 117 119 125 157 174 175 191 194]). Marking for exclusion, but computing matrix with zeros for now.
2025-04-15 01:20:16,883 - root - WARNING - Subject 7833 has regions with zero variance (indices: [  8   9  25  35  40  51  76  79  85 117 119 125 157 174 175 191 194]). Marking for exclusion, but computing matrix with zeros for now.
2025-04-15 01:20:16,899 - root - WARNING - Subject 7834 has regions with zero variance (indices: [  8   9  25  35  40  51  76  79  85 117 119 125 157 174 175 191 194]). Marking for exclusion, but computing matrix with zeros for now.
2025-04-15 01:20:16,915 - root - WARNING - Subject 7835 has regions with zero variance (indices: [  8   9  25  35  40  51  76  79  85 117 119 125 157 174 175 191 194]). Marking for exclusion, but computing matrix with zeros for now.
2025-04-15 01:20:16,931 - root - WARNING - Subject 7836 has regions with zero variance (indices: [  8   9  25  35  40  51  76  79  85 117 119 125 157 174 175 191 194]). Marking for exclusion, but computing matrix with zeros for now.
2025-04-15 01:20:16,947 - root - WARNING - Subject 7837 has regions with zero variance (indices: [  8   9  25  35  40  51  76  79  85 117 119 125 157 174 175 191 194]). Marking for exclusion, but computing matrix with zeros for now.
2025-04-15 01:20:16,963 - root - WARNING - Subject 7838 has regions with zero variance (indices: [  8   9  25  35  40  51  76  79  85 117 119 125 157 174 175 191 194]). Marking for exclusion, but computing matrix with zeros for now.
2025-04-15 01:20:16,979 - root - WARNING - Subject 7839 has regions with zero variance (indices: [  8   9  25  35  40  51  76  79  85 117 119 125 157 174 175 191 194]). Marking for exclusion, but computing matrix with zeros for now.
2025-04-15 01:20:16,995 - root - WARNING - Subject 7840 has regions with zero variance (indices: [  8   9  25  35  40  51  76  79  85 117 119 125 157 174 175 191 194]). Marking for exclusion, but computing matrix with zeros for now.
2025-04-15 01:20:17,011 - root - WARNING - Subject 7841 has regions with zero variance (indices: [  8   9  25  35  40  51  76  79  85 117 119 125 157 174 175 191 194]). Marking for exclusion, but computing matrix with zeros for now.
2025-04-15 01:20:17,027 - root - WARNING - Subject 7842 has regions with zero variance (indices: [  8   9  25  35  40  51  76  79  85 117 119 125 157 174 175 191 194]). Marking for exclusion, but computing matrix with zeros for now.
2025-04-15 01:20:17,043 - root - WARNING - Subject 7843 has regions with zero variance (indices: [  8   9  25  35  40  51  76  79  85 117 119 125 157 174 175 191 194]). Marking for exclusion, but computing matrix with zeros for now.
2025-04-15 01:20:17,059 - root - WARNING - Subject 7844 has regions with zero variance (indices: [  8   9  25  35  40  51  76  79  85 117 119 125 157 174 175 191 194]). Marking for exclusion, but computing matrix with zeros for now.
2025-04-15 01:20:17,075 - root - WARNING - Subject 7845 has regions with zero variance (indices: [  8   9  25  35  40  51  76  79  85 117 119 125 157 174 175 191 194]). Marking for exclusion, but computing matrix with zeros for now.
2025-04-15 01:20:17,091 - root - WARNING - Subject 7846 has regions with zero variance (indices: [  8   9  25  35  40  51  76  79  85 117 119 125 157 174 175 191 194]). Marking for exclusion, but computing matrix with zeros for now.
2025-04-15 01:20:17,107 - root - WARNING - Subject 7847 has regions with zero variance (indices: [  8   9  25  35  40  51  76  79  85 117 119 125 157 174 175 191 194]). Marking for exclusion, but computing matrix with zeros for now.
2025-04-15 01:20:17,124 - root - WARNING - Subject 7848 has regions with zero variance (indices: [  8   9  25  35  40  51  76  79  85 117 119 125 157 174 175 191 194]). Marking for exclusion, but computing matrix with zeros for now.
2025-04-15 01:20:17,140 - root - WARNING - Subject 7849 has regions with zero variance (indices: [  8   9  25  35  40  51  76  79  85 117 119 125 157 174 175 191 194]). Marking for exclusion, but computing matrix with zeros for now.
2025-04-15 01:20:17,156 - root - WARNING - Subject 7850 has regions with zero variance (indices: [  8   9  25  35  40  51  76  79  85 117 119 125 157 174 175 191 194]). Marking for exclusion, but computing matrix with zeros for now.
2025-04-15 01:20:17,172 - root - WARNING - Subject 7851 has regions with zero variance (indices: [  8   9  25  35  40  51  76  79  85 117 119 125 157 174 175 191 194]). Marking for exclusion, but computing matrix with zeros for now.
2025-04-15 01:20:17,188 - root - WARNING - Subject 7852 has regions with zero variance (indices: [  8   9  25  35  40  51  76  79  85 117 119 125 157 174 175 191 194]). Marking for exclusion, but computing matrix with zeros for now.
2025-04-15 01:20:17,204 - root - WARNING - Subject 7853 has regions with zero variance (indices: [  8   9  25  35  40  51  76  79  85 117 119 125 157 174 175 191 194]). Marking for exclusion, but computing matrix with zeros for now.
2025-04-15 01:20:17,219 - root - WARNING - Subject 7854 has regions with zero variance (indices: [  8   9  25  35  40  51  76  79  85 117 119 125 157 174 175 191 194]). Marking for exclusion, but computing matrix with zeros for now.
2025-04-15 01:20:17,235 - root - WARNING - Subject 7855 has regions with zero variance (indices: [  8   9  25  35  40  51  76  79  85 117 119 125 157 174 175 191 194]). Marking for exclusion, but computing matrix with zeros for now.
2025-04-15 01:20:17,251 - root - WARNING - Subject 7856 has regions with zero variance (indices: [  8   9  25  35  40  51  76  79  85 117 119 125 157 174 175 191 194]). Marking for exclusion, but computing matrix with zeros for now.
2025-04-15 01:20:17,267 - root - WARNING - Subject 7857 has regions with zero variance (indices: [  8   9  25  35  40  51  76  79  85 117 119 125 157 174 175 191 194]). Marking for exclusion, but computing matrix with zeros for now.
2025-04-15 01:20:17,283 - root - WARNING - Subject 7858 has regions with zero variance (indices: [  8   9  25  35  40  51  76  79  85 117 119 125 157 174 175 191 194]). Marking for exclusion, but computing matrix with zeros for now.
2025-04-15 01:20:17,299 - root - WARNING - Subject 7859 has regions with zero variance (indices: [  8   9  25  35  40  51  76  79  85 117 119 125 157 174 175 191 194]). Marking for exclusion, but computing matrix with zeros for now.
2025-04-15 01:20:17,315 - root - WARNING - Subject 7860 has regions with zero variance (indices: [  8   9  25  35  40  51  76  79  85 117 119 125 157 174 175 191 194]). Marking for exclusion, but computing matrix with zeros for now.
2025-04-15 01:20:17,332 - root - WARNING - Subject 7861 has regions with zero variance (indices: [  8   9  25  35  40  51  76  79  85 117 119 125 157 174 175 191 194]). Marking for exclusion, but computing matrix with zeros for now.
2025-04-15 01:20:17,348 - root - WARNING - Subject 7862 has regions with zero variance (indices: [  8   9  25  35  40  51  76  79  85 117 119 125 157 174 175 191 194]). Marking for exclusion, but computing matrix with zeros for now.
2025-04-15 01:20:17,364 - root - WARNING - Subject 7863 has regions with zero variance (indices: [  8   9  25  35  40  51  76  79  85 117 119 125 157 174 175 191 194]). Marking for exclusion, but computing matrix with zeros for now.
2025-04-15 01:20:17,380 - root - WARNING - Subject 7864 has regions with zero variance (indices: [  8   9  25  35  40  51  76  79  85 117 119 125 157 174 175 191 194]). Marking for exclusion, but computing matrix with zeros for now.
2025-04-15 01:20:17,396 - root - WARNING - Subject 7865 has regions with zero variance (indices: [  8   9  25  35  40  51  76  79  85 117 119 125 157 174 175 191 194]). Marking for exclusion, but computing matrix with zeros for now.
2025-04-15 01:20:17,412 - root - WARNING - Subject 7866 has regions with zero variance (indices: [  8   9  25  35  40  51  76  79  85 117 119 125 157 174 175 191 194]). Marking for exclusion, but computing matrix with zeros for now.
2025-04-15 01:20:17,428 - root - WARNING - Subject 7867 has regions with zero variance (indices: [  8   9  25  35  40  51  76  79  85 117 119 125 157 174 175 191 194]). Marking for exclusion, but computing matrix with zeros for now.
2025-04-15 01:20:17,444 - root - WARNING - Subject 7868 has regions with zero variance (indices: [  8   9  25  35  40  51  76  79  85 117 119 125 157 174 175 191 194]). Marking for exclusion, but computing matrix with zeros for now.
2025-04-15 01:20:17,460 - root - WARNING - Subject 7869 has regions with zero variance (indices: [  8   9  25  35  40  51  76  79  85 117 119 125 157 174 175 191 194]). Marking for exclusion, but computing matrix with zeros for now.
2025-04-15 01:20:17,476 - root - WARNING - Subject 7870 has regions with zero variance (indices: [  8   9  25  35  40  51  76  79  85 117 119 125 157 174 175 191 194]). Marking for exclusion, but computing matrix with zeros for now.
2025-04-15 01:20:17,492 - root - WARNING - Subject 7871 has regions with zero variance (indices: [  8   9  25  35  40  51  76  79  85 117 119 125 157 174 175 191 194]). Marking for exclusion, but computing matrix with zeros for now.
2025-04-15 01:20:17,508 - root - WARNING - Subject 7872 has regions with zero variance (indices: [  8   9  25  35  40  51  76  79  85 117 119 125 157 174 175 191 194]). Marking for exclusion, but computing matrix with zeros for now.
2025-04-15 01:20:17,524 - root - WARNING - Subject 7873 has regions with zero variance (indices: [  8   9  25  35  40  51  76  79  85 117 119 125 157 174 175 191 194]). Marking for exclusion, but computing matrix with zeros for now.
2025-04-15 01:20:17,540 - root - WARNING - Subject 7874 has regions with zero variance (indices: [  8   9  25  35  40  51  76  79  85 117 119 125 157 174 175 191 194]). Marking for exclusion, but computing matrix with zeros for now.
2025-04-15 01:20:17,556 - root - WARNING - Subject 7875 has regions with zero variance (indices: [  8   9  25  35  40  51  76  79  85 117 119 125 157 174 175 191 194]). Marking for exclusion, but computing matrix with zeros for now.
2025-04-15 01:20:17,572 - root - WARNING - Subject 7876 has regions with zero variance (indices: [  8   9  25  35  40  51  76  79  85 117 119 125 157 174 175 191 194]). Marking for exclusion, but computing matrix with zeros for now.
2025-04-15 01:20:17,588 - root - WARNING - Subject 7877 has regions with zero variance (indices: [  8   9  25  35  40  51  76  79  85 117 119 125 157 174 175 191 194]). Marking for exclusion, but computing matrix with zeros for now.
2025-04-15 01:20:17,604 - root - WARNING - Subject 7878 has regions with zero variance (indices: [  8   9  25  35  40  51  76  79  85 117 119 125 157 174 175 191 194]). Marking for exclusion, but computing matrix with zeros for now.
2025-04-15 01:20:17,620 - root - WARNING - Subject 7879 has regions with zero variance (indices: [  8   9  25  35  40  51  76  79  85 117 119 125 157 174 175 191 194]). Marking for exclusion, but computing matrix with zeros for now.
2025-04-15 01:20:17,635 - root - WARNING - Subject 7880 has regions with zero variance (indices: [  8   9  25  35  40  51  76  79  85 117 119 125 157 174 175 191 194]). Marking for exclusion, but computing matrix with zeros for now.
2025-04-15 01:20:17,652 - root - WARNING - Subject 7881 has regions with zero variance (indices: [  8   9  25  35  40  51  76  79  85 117 119 125 157 174 175 191 194]). Marking for exclusion, but computing matrix with zeros for now.
2025-04-15 01:20:17,668 - root - WARNING - Subject 7882 has regions with zero variance (indices: [  8   9  25  35  40  51  76  79  85 117 119 125 157 174 175 191 194]). Marking for exclusion, but computing matrix with zeros for now.
2025-04-15 01:20:17,684 - root - WARNING - Subject 7883 has regions with zero variance (indices: [  8   9  25  35  40  51  76  79  85 117 119 125 157 174 175 191 194]). Marking for exclusion, but computing matrix with zeros for now.
2025-04-15 01:20:17,700 - root - WARNING - Subject 7884 has regions with zero variance (indices: [  8   9  25  35  40  51  76  79  85 117 119 125 157 174 175 191 194]). Marking for exclusion, but computing matrix with zeros for now.
2025-04-15 01:20:17,716 - root - WARNING - Subject 7885 has regions with zero variance (indices: [  8   9  25  35  40  51  76  79  85 117 119 125 157 174 175 191 194]). Marking for exclusion, but computing matrix with zeros for now.
2025-04-15 01:20:17,732 - root - WARNING - Subject 7886 has regions with zero variance (indices: [  8   9  25  35  40  51  76  79  85 117 119 125 157 174 175 191 194]). Marking for exclusion, but computing matrix with zeros for now.
2025-04-15 01:20:17,748 - root - WARNING - Subject 7887 has regions with zero variance (indices: [  8   9  25  35  40  51  76  79  85 117 119 125 157 174 175 191 194]). Marking for exclusion, but computing matrix with zeros for now.
2025-04-15 01:20:17,764 - root - WARNING - Subject 7888 has regions with zero variance (indices: [  8   9  25  35  40  51  76  79  85 117 119 125 157 174 175 191 194]). Marking for exclusion, but computing matrix with zeros for now.
2025-04-15 01:20:17,780 - root - WARNING - Subject 7889 has regions with zero variance (indices: [  8   9  25  35  40  51  76  79  85 117 119 125 157 174 175 191 194]). Marking for exclusion, but computing matrix with zeros for now.
2025-04-15 01:20:17,796 - root - WARNING - Subject 7890 has regions with zero variance (indices: [  8   9  25  35  40  51  76  79  85 117 119 125 157 174 175 191 194]). Marking for exclusion, but computing matrix with zeros for now.
2025-04-15 01:20:17,812 - root - WARNING - Subject 7891 has regions with zero variance (indices: [  8   9  25  35  40  51  76  79  85 117 119 125 157 174 175 191 194]). Marking for exclusion, but computing matrix with zeros for now.
2025-04-15 01:20:17,828 - root - WARNING - Subject 7892 has regions with zero variance (indices: [  8   9  25  35  40  51  76  79  85 117 119 125 157 174 175 191 194]). Marking for exclusion, but computing matrix with zeros for now.
2025-04-15 01:20:17,844 - root - WARNING - Subject 7893 has regions with zero variance (indices: [  8   9  25  35  40  51  76  79  85 117 119 125 157 174 175 191 194]). Marking for exclusion, but computing matrix with zeros for now.
2025-04-15 01:20:17,860 - root - WARNING - Subject 7894 has regions with zero variance (indices: [  8   9  25  35  40  51  76  79  85 117 119 125 157 174 175 191 194]). Marking for exclusion, but computing matrix with zeros for now.
2025-04-15 01:20:17,876 - root - WARNING - Subject 7895 has regions with zero variance (indices: [  8   9  25  35  40  51  76  79  85 117 119 125 157 174 175 191 194]). Marking for exclusion, but computing matrix with zeros for now.
2025-04-15 01:20:17,892 - root - WARNING - Subject 7896 has regions with zero variance (indices: [  8   9  25  35  40  51  76  79  85 117 119 125 157 174 175 191 194]). Marking for exclusion, but computing matrix with zeros for now.
2025-04-15 01:20:17,908 - root - WARNING - Subject 7897 has regions with zero variance (indices: [  8   9  25  35  40  51  76  79  85 117 119 125 157 174 175 191 194]). Marking for exclusion, but computing matrix with zeros for now.
2025-04-15 01:20:17,924 - root - WARNING - Subject 7898 has regions with zero variance (indices: [  8   9  25  35  40  51  76  79  85 117 119 125 157 174 175 191 194]). Marking for exclusion, but computing matrix with zeros for now.
2025-04-15 01:20:17,940 - root - WARNING - Subject 7899 has regions with zero variance (indices: [  8   9  25  35  40  51  76  79  85 117 119 125 157 174 175 191 194]). Marking for exclusion, but computing matrix with zeros for now.
2025-04-15 01:20:17,956 - root - WARNING - Subject 7900 has regions with zero variance (indices: [  8   9  25  35  40  51  76  79  85 117 119 125 157 174 175 191 194]). Marking for exclusion, but computing matrix with zeros for now.
2025-04-15 01:20:17,972 - root - WARNING - Subject 7901 has regions with zero variance (indices: [  8   9  25  35  40  51  76  79  85 117 119 125 157 174 175 191 194]). Marking for exclusion, but computing matrix with zeros for now.
2025-04-15 01:20:17,988 - root - WARNING - Subject 7902 has regions with zero variance (indices: [  8   9  25  35  40  51  76  79  85 117 119 125 157 174 175 191 194]). Marking for exclusion, but computing matrix with zeros for now.
2025-04-15 01:20:18,004 - root - WARNING - Subject 7903 has regions with zero variance (indices: [  8   9  25  35  40  51  76  79  85 117 119 125 157 174 175 191 194]). Marking for exclusion, but computing matrix with zeros for now.
2025-04-15 01:20:18,020 - root - WARNING - Subject 7904 has regions with zero variance (indices: [  8   9  25  35  40  51  76  79  85 117 119 125 157 174 175 191 194]). Marking for exclusion, but computing matrix with zeros for now.
2025-04-15 01:20:18,036 - root - WARNING - Subject 7905 has regions with zero variance (indices: [  8   9  25  35  40  51  76  79  85 117 119 125 157 174 175 191 194]). Marking for exclusion, but computing matrix with zeros for now.
2025-04-15 01:20:18,053 - root - WARNING - Subject 7906 has regions with zero variance (indices: [  8   9  25  35  40  51  76  79  85 117 119 125 157 174 175 191 194]). Marking for exclusion, but computing matrix with zeros for now.
2025-04-15 01:20:18,069 - root - WARNING - Subject 7907 has regions with zero variance (indices: [  8   9  25  35  40  51  76  79  85 117 119 125 157 174 175 191 194]). Marking for exclusion, but computing matrix with zeros for now.
2025-04-15 01:20:18,085 - root - WARNING - Subject 7908 has regions with zero variance (indices: [  8   9  25  35  40  51  76  79  85 117 119 125 157 174 175 191 194]). Marking for exclusion, but computing matrix with zeros for now.
2025-04-15 01:20:18,101 - root - WARNING - Subject 7909 has regions with zero variance (indices: [  8   9  25  35  40  51  76  79  85 117 119 125 157 174 175 191 194]). Marking for exclusion, but computing matrix with zeros for now.
2025-04-15 01:20:18,117 - root - WARNING - Subject 7910 has regions with zero variance (indices: [  8   9  25  35  40  51  76  79  85 117 119 125 157 174 175 191 194]). Marking for exclusion, but computing matrix with zeros for now.
2025-04-15 01:20:18,133 - root - WARNING - Subject 7911 has regions with zero variance (indices: [  8   9  25  35  40  51  76  79  85 117 119 125 157 174 175 191 194]). Marking for exclusion, but computing matrix with zeros for now.
2025-04-15 01:20:18,149 - root - WARNING - Subject 7912 has regions with zero variance (indices: [  8   9  25  35  40  51  76  79  85 117 119 125 157 174 175 191 194]). Marking for exclusion, but computing matrix with zeros for now.
2025-04-15 01:20:18,165 - root - WARNING - Subject 7913 has regions with zero variance (indices: [  8   9  25  35  40  51  76  79  85 117 119 125 157 174 175 191 194]). Marking for exclusion, but computing matrix with zeros for now.
2025-04-15 01:20:18,181 - root - WARNING - Subject 7914 has regions with zero variance (indices: [  8   9  25  35  40  51  76  79  85 117 119 125 157 174 175 191 194]). Marking for exclusion, but computing matrix with zeros for now.
2025-04-15 01:20:18,197 - root - WARNING - Subject 7915 has regions with zero variance (indices: [  8   9  25  35  40  51  76  79  85 117 119 125 157 174 175 191 194]). Marking for exclusion, but computing matrix with zeros for now.
2025-04-15 01:20:18,214 - root - WARNING - Subject 7916 has regions with zero variance (indices: [  8   9  25  35  40  51  76  79  85 117 119 125 157 174 175 191 194]). Marking for exclusion, but computing matrix with zeros for now.
2025-04-15 01:20:18,230 - root - WARNING - Subject 7917 has regions with zero variance (indices: [  8   9  25  35  40  51  76  79  85 117 119 125 157 174 175 191 194]). Marking for exclusion, but computing matrix with zeros for now.
2025-04-15 01:20:18,246 - root - WARNING - Subject 7918 has regions with zero variance (indices: [  8   9  25  35  40  51  76  79  85 117 119 125 157 174 175 191 194]). Marking for exclusion, but computing matrix with zeros for now.
2025-04-15 01:20:18,262 - root - WARNING - Subject 7919 has regions with zero variance (indices: [  8   9  25  35  40  51  76  79  85 117 119 125 157 174 175 191 194]). Marking for exclusion, but computing matrix with zeros for now.
2025-04-15 01:20:18,278 - root - WARNING - Subject 7920 has regions with zero variance (indices: [  8   9  25  35  40  51  76  79  85 117 119 125 157 174 175 191 194]). Marking for exclusion, but computing matrix with zeros for now.
2025-04-15 01:20:18,294 - root - WARNING - Subject 7921 has regions with zero variance (indices: [  8   9  25  35  40  51  76  79  85 117 119 125 157 174 175 191 194]). Marking for exclusion, but computing matrix with zeros for now.
2025-04-15 01:20:18,311 - root - WARNING - Subject 7922 has regions with zero variance (indices: [  8   9  25  35  40  51  76  79  85 117 119 125 157 174 175 191 194]). Marking for exclusion, but computing matrix with zeros for now.
2025-04-15 01:20:18,327 - root - WARNING - Subject 7923 has regions with zero variance (indices: [  8   9  25  35  40  51  76  79  85 117 119 125 157 174 175 191 194]). Marking for exclusion, but computing matrix with zeros for now.
2025-04-15 01:20:18,343 - root - WARNING - Subject 7924 has regions with zero variance (indices: [  8   9  25  35  40  51  76  79  85 117 119 125 157 174 175 191 194]). Marking for exclusion, but computing matrix with zeros for now.
2025-04-15 01:20:18,359 - root - WARNING - Subject 7925 has regions with zero variance (indices: [  8   9  25  35  40  51  76  79  85 117 119 125 157 174 175 191 194]). Marking for exclusion, but computing matrix with zeros for now.
2025-04-15 01:20:18,375 - root - WARNING - Subject 7926 has regions with zero variance (indices: [  8   9  25  35  40  51  76  79  85 117 119 125 157 174 175 191 194]). Marking for exclusion, but computing matrix with zeros for now.
2025-04-15 01:20:18,391 - root - WARNING - Subject 7927 has regions with zero variance (indices: [  8   9  25  35  40  51  76  79  85 117 119 125 157 174 175 191 194]). Marking for exclusion, but computing matrix with zeros for now.
2025-04-15 01:20:18,407 - root - WARNING - Subject 7928 has regions with zero variance (indices: [  8   9  25  35  40  51  76  79  85 117 119 125 157 174 175 191 194]). Marking for exclusion, but computing matrix with zeros for now.
2025-04-15 01:20:18,424 - root - WARNING - Subject 7929 has regions with zero variance (indices: [  8   9  25  35  40  51  76  79  85 117 119 125 157 174 175 191 194]). Marking for exclusion, but computing matrix with zeros for now.
2025-04-15 01:20:18,440 - root - WARNING - Subject 7930 has regions with zero variance (indices: [  8   9  25  35  40  51  76  79  85 117 119 125 157 174 175 191 194]). Marking for exclusion, but computing matrix with zeros for now.
2025-04-15 01:20:18,456 - root - WARNING - Subject 7931 has regions with zero variance (indices: [  8   9  25  35  40  51  76  79  85 117 119 125 157 174 175 191 194]). Marking for exclusion, but computing matrix with zeros for now.
2025-04-15 01:20:18,472 - root - WARNING - Subject 7932 has regions with zero variance (indices: [  8   9  25  35  40  51  76  79  85 117 119 125 157 174 175 191 194]). Marking for exclusion, but computing matrix with zeros for now.
2025-04-15 01:20:18,488 - root - WARNING - Subject 7933 has regions with zero variance (indices: [  8   9  25  35  40  51  76  79  85 117 119 125 157 174 175 191 194]). Marking for exclusion, but computing matrix with zeros for now.
2025-04-15 01:20:18,504 - root - WARNING - Subject 7934 has regions with zero variance (indices: [  8   9  25  35  40  51  76  79  85 117 119 125 157 174 175 191 194]). Marking for exclusion, but computing matrix with zeros for now.
2025-04-15 01:20:18,520 - root - WARNING - Subject 7935 has regions with zero variance (indices: [  8   9  25  35  40  51  76  79  85 117 119 125 157 174 175 191 194]). Marking for exclusion, but computing matrix with zeros for now.
2025-04-15 01:20:18,536 - root - WARNING - Subject 7936 has regions with zero variance (indices: [  8   9  25  35  40  51  76  79  85 117 119 125 157 174 175 191 194]). Marking for exclusion, but computing matrix with zeros for now.
2025-04-15 01:20:18,552 - root - WARNING - Subject 7937 has regions with zero variance (indices: [  8   9  25  35  40  51  76  79  85 117 119 125 157 174 175 191 194]). Marking for exclusion, but computing matrix with zeros for now.
2025-04-15 01:20:18,568 - root - WARNING - Subject 7938 has regions with zero variance (indices: [  8   9  25  35  40  51  76  79  85 117 119 125 157 174 175 191 194]). Marking for exclusion, but computing matrix with zeros for now.
2025-04-15 01:20:18,584 - root - WARNING - Subject 7939 has regions with zero variance (indices: [  8   9  25  35  40  51  76  79  85 117 119 125 157 174 175 191 194]). Marking for exclusion, but computing matrix with zeros for now.
2025-04-15 01:20:18,600 - root - WARNING - Subject 7940 has regions with zero variance (indices: [  8   9  25  35  40  51  76  79  85 117 119 125 157 174 175 191 194]). Marking for exclusion, but computing matrix with zeros for now.
2025-04-15 01:20:18,616 - root - WARNING - Subject 7941 has regions with zero variance (indices: [  8   9  25  35  40  51  76  79  85 117 119 125 157 174 175 191 194]). Marking for exclusion, but computing matrix with zeros for now.
2025-04-15 01:20:18,633 - root - WARNING - Subject 7942 has regions with zero variance (indices: [  8   9  25  35  40  51  76  79  85 117 119 125 157 174 175 191 194]). Marking for exclusion, but computing matrix with zeros for now.
2025-04-15 01:20:18,649 - root - WARNING - Subject 7943 has regions with zero variance (indices: [  8   9  25  35  40  51  76  79  85 117 119 125 157 174 175 191 194]). Marking for exclusion, but computing matrix with zeros for now.
2025-04-15 01:20:18,665 - root - WARNING - Subject 7944 has regions with zero variance (indices: [  8   9  25  35  40  51  76  79  85 117 119 125 157 174 175 191 194]). Marking for exclusion, but computing matrix with zeros for now.
2025-04-15 01:20:18,681 - root - WARNING - Subject 7945 has regions with zero variance (indices: [  8   9  25  35  40  51  76  79  85 117 119 125 157 174 175 191 194]). Marking for exclusion, but computing matrix with zeros for now.
2025-04-15 01:20:18,697 - root - WARNING - Subject 7946 has regions with zero variance (indices: [  8   9  25  35  40  51  76  79  85 117 119 125 157 174 175 191 194]). Marking for exclusion, but computing matrix with zeros for now.
2025-04-15 01:20:18,713 - root - WARNING - Subject 7947 has regions with zero variance (indices: [  8   9  25  35  40  51  76  79  85 117 119 125 157 174 175 191 194]). Marking for exclusion, but computing matrix with zeros for now.
2025-04-15 01:20:18,729 - root - WARNING - Subject 7948 has regions with zero variance (indices: [  8   9  25  35  40  51  76  79  85 117 119 125 157 174 175 191 194]). Marking for exclusion, but computing matrix with zeros for now.
2025-04-15 01:20:18,745 - root - WARNING - Subject 7949 has regions with zero variance (indices: [  8   9  25  35  40  51  76  79  85 117 119 125 157 174 175 191 194]). Marking for exclusion, but computing matrix with zeros for now.
2025-04-15 01:20:18,761 - root - WARNING - Subject 7950 has regions with zero variance (indices: [  8   9  25  35  40  51  76  79  85 117 119 125 157 174 175 191 194]). Marking for exclusion, but computing matrix with zeros for now.
2025-04-15 01:20:18,779 - root - WARNING - Subject 7951 has regions with zero variance (indices: [  8   9  25  35  40  51  76  79  85 117 119 125 157 174 175 191 194]). Marking for exclusion, but computing matrix with zeros for now.
2025-04-15 01:20:18,795 - root - WARNING - Subject 7952 has regions with zero variance (indices: [  8   9  25  35  40  51  76  79  85 117 119 125 157 174 175 191 194]). Marking for exclusion, but computing matrix with zeros for now.
2025-04-15 01:20:18,811 - root - WARNING - Subject 7953 has regions with zero variance (indices: [  8   9  25  35  40  51  76  79  85 117 119 125 157 174 175 191 194]). Marking for exclusion, but computing matrix with zeros for now.
2025-04-15 01:20:18,826 - root - WARNING - Subject 7954 has regions with zero variance (indices: [  8   9  25  35  40  51  76  79  85 117 119 125 157 174 175 191 194]). Marking for exclusion, but computing matrix with zeros for now.
2025-04-15 01:20:18,843 - root - WARNING - Subject 7955 has regions with zero variance (indices: [  8   9  25  35  40  51  76  79  85 117 119 125 157 174 175 191 194]). Marking for exclusion, but computing matrix with zeros for now.
2025-04-15 01:20:18,859 - root - WARNING - Subject 7956 has regions with zero variance (indices: [  8   9  25  35  40  51  76  79  85 117 119 125 157 174 175 191 194]). Marking for exclusion, but computing matrix with zeros for now.
2025-04-15 01:20:18,875 - root - WARNING - Subject 7957 has regions with zero variance (indices: [  8   9  25  35  40  51  76  79  85 117 119 125 157 174 175 191 194]). Marking for exclusion, but computing matrix with zeros for now.
2025-04-15 01:20:18,891 - root - WARNING - Subject 7958 has regions with zero variance (indices: [  8   9  25  35  40  51  76  79  85 117 119 125 157 174 175 191 194]). Marking for exclusion, but computing matrix with zeros for now.
2025-04-15 01:20:18,907 - root - WARNING - Subject 7959 has regions with zero variance (indices: [  8   9  25  35  40  51  76  79  85 117 119 125 157 174 175 191 194]). Marking for exclusion, but computing matrix with zeros for now.
2025-04-15 01:20:18,923 - root - WARNING - Subject 7960 has regions with zero variance (indices: [  8   9  25  35  40  51  76  79  85 117 119 125 157 174 175 191 194]). Marking for exclusion, but computing matrix with zeros for now.
2025-04-15 01:20:18,939 - root - WARNING - Subject 7961 has regions with zero variance (indices: [  8   9  25  35  40  51  76  79  85 117 119 125 157 174 175 191 194]). Marking for exclusion, but computing matrix with zeros for now.
2025-04-15 01:20:18,955 - root - WARNING - Subject 7962 has regions with zero variance (indices: [  8   9  25  35  40  51  76  79  85 117 119 125 157 174 175 191 194]). Marking for exclusion, but computing matrix with zeros for now.
2025-04-15 01:20:18,971 - root - WARNING - Subject 7963 has regions with zero variance (indices: [  8   9  25  35  40  51  76  79  85 117 119 125 157 174 175 191 194]). Marking for exclusion, but computing matrix with zeros for now.
2025-04-15 01:20:18,987 - root - WARNING - Subject 7964 has regions with zero variance (indices: [  8   9  25  35  40  51  76  79  85 117 119 125 157 174 175 191 194]). Marking for exclusion, but computing matrix with zeros for now.
2025-04-15 01:20:19,003 - root - WARNING - Subject 7965 has regions with zero variance (indices: [  8   9  25  35  40  51  76  79  85 117 119 125 157 174 175 191 194]). Marking for exclusion, but computing matrix with zeros for now.
2025-04-15 01:20:19,019 - root - WARNING - Subject 7966 has regions with zero variance (indices: [  8   9  25  35  40  51  76  79  85 117 119 125 157 174 175 191 194]). Marking for exclusion, but computing matrix with zeros for now.
2025-04-15 01:20:19,035 - root - WARNING - Subject 7967 has regions with zero variance (indices: [  8   9  25  35  40  51  76  79  85 117 119 125 157 174 175 191 194]). Marking for exclusion, but computing matrix with zeros for now.
2025-04-15 01:20:26,466 - root - WARNING - Subject 19976 has regions with zero variance (indices: [ 16  37  97 114 126 127 156 163]). Marking for exclusion, but computing matrix with zeros for now.
2025-04-15 01:20:26,484 - root - WARNING - Subject 19977 has regions with zero variance (indices: [ 16  37  97 114 126 127 156 163]). Marking for exclusion, but computing matrix with zeros for now.
2025-04-15 01:20:26,501 - root - WARNING - Subject 19978 has regions with zero variance (indices: [ 16  37  97 114 126 127 156 163]). Marking for exclusion, but computing matrix with zeros for now.
2025-04-15 01:20:26,518 - root - WARNING - Subject 19979 has regions with zero variance (indices: [ 16  37  97 114 126 127 156 163]). Marking for exclusion, but computing matrix with zeros for now.
2025-04-15 01:20:26,536 - root - WARNING - Subject 19980 has regions with zero variance (indices: [ 16  37  97 114 126 127 156 163]). Marking for exclusion, but computing matrix with zeros for now.
2025-04-15 01:20:26,553 - root - WARNING - Subject 19981 has regions with zero variance (indices: [ 16  37  97 114 126 127 156 163]). Marking for exclusion, but computing matrix with zeros for now.
2025-04-15 01:20:26,571 - root - WARNING - Subject 19982 has regions with zero variance (indices: [ 16  37  97 114 126 127 156 163]). Marking for exclusion, but computing matrix with zeros for now.
2025-04-15 01:20:26,588 - root - WARNING - Subject 19983 has regions with zero variance (indices: [ 16  37  97 114 126 127 156 163]). Marking for exclusion, but computing matrix with zeros for now.
2025-04-15 01:20:26,606 - root - WARNING - Subject 19984 has regions with zero variance (indices: [ 16  37  97 114 126 127 156 163]). Marking for exclusion, but computing matrix with zeros for now.
2025-04-15 01:20:26,623 - root - WARNING - Subject 19985 has regions with zero variance (indices: [ 16  37  97 114 126 127 156 163]). Marking for exclusion, but computing matrix with zeros for now.
2025-04-15 01:20:26,640 - root - WARNING - Subject 19986 has regions with zero variance (indices: [ 16  37  97 114 126 127 156 163]). Marking for exclusion, but computing matrix with zeros for now.
2025-04-15 01:20:26,658 - root - WARNING - Subject 19987 has regions with zero variance (indices: [ 16  37  97 114 126 127 156 163]). Marking for exclusion, but computing matrix with zeros for now.
2025-04-15 01:20:26,676 - root - WARNING - Subject 19988 has regions with zero variance (indices: [ 16  37  97 114 126 127 156 163]). Marking for exclusion, but computing matrix with zeros for now.
2025-04-15 01:20:26,693 - root - WARNING - Subject 19989 has regions with zero variance (indices: [ 16  37  97 114 126 127 156 163]). Marking for exclusion, but computing matrix with zeros for now.
2025-04-15 01:20:26,711 - root - WARNING - Subject 19990 has regions with zero variance (indices: [ 16  37  97 114 126 127 156 163]). Marking for exclusion, but computing matrix with zeros for now.
2025-04-15 01:20:26,728 - root - WARNING - Subject 19991 has regions with zero variance (indices: [ 16  37  97 114 126 127 156 163]). Marking for exclusion, but computing matrix with zeros for now.
2025-04-15 01:20:26,746 - root - WARNING - Subject 19992 has regions with zero variance (indices: [ 16  37  97 114 126 127 156 163]). Marking for exclusion, but computing matrix with zeros for now.
2025-04-15 01:20:26,763 - root - WARNING - Subject 19993 has regions with zero variance (indices: [ 16  37  97 114 126 127 156 163]). Marking for exclusion, but computing matrix with zeros for now.
2025-04-15 01:20:26,781 - root - WARNING - Subject 19994 has regions with zero variance (indices: [ 16  37  97 114 126 127 156 163]). Marking for exclusion, but computing matrix with zeros for now.
2025-04-15 01:20:26,799 - root - WARNING - Subject 19995 has regions with zero variance (indices: [ 16  37  97 114 126 127 156 163]). Marking for exclusion, but computing matrix with zeros for now.
2025-04-15 01:20:26,816 - root - WARNING - Subject 19996 has regions with zero variance (indices: [ 16  37  97 114 126 127 156 163]). Marking for exclusion, but computing matrix with zeros for now.
2025-04-15 01:20:26,834 - root - WARNING - Subject 19997 has regions with zero variance (indices: [ 16  37  97 114 126 127 156 163]). Marking for exclusion, but computing matrix with zeros for now.
2025-04-15 01:20:26,851 - root - WARNING - Subject 19998 has regions with zero variance (indices: [ 16  37  97 114 126 127 156 163]). Marking for exclusion, but computing matrix with zeros for now.
2025-04-15 01:20:26,869 - root - WARNING - Subject 19999 has regions with zero variance (indices: [ 16  37  97 114 126 127 156 163]). Marking for exclusion, but computing matrix with zeros for now.
2025-04-15 01:20:26,886 - root - WARNING - Subject 20000 has regions with zero variance (indices: [ 16  37  97 114 126 127 156 163]). Marking for exclusion, but computing matrix with zeros for now.
2025-04-15 01:20:26,904 - root - WARNING - Subject 20001 has regions with zero variance (indices: [ 16  37  97 114 126 127 156 163]). Marking for exclusion, but computing matrix with zeros for now.
2025-04-15 01:20:26,921 - root - WARNING - Subject 20002 has regions with zero variance (indices: [ 16  37  97 114 126 127 156 163]). Marking for exclusion, but computing matrix with zeros for now.
2025-04-15 01:20:26,939 - root - WARNING - Subject 20003 has regions with zero variance (indices: [ 16  37  97 114 126 127 156 163]). Marking for exclusion, but computing matrix with zeros for now.
2025-04-15 01:20:26,957 - root - WARNING - Subject 20004 has regions with zero variance (indices: [ 16  37  97 114 126 127 156 163]). Marking for exclusion, but computing matrix with zeros for now.
2025-04-15 01:20:26,974 - root - WARNING - Subject 20005 has regions with zero variance (indices: [ 16  37  97 114 126 127 156 163]). Marking for exclusion, but computing matrix with zeros for now.
2025-04-15 01:20:26,992 - root - WARNING - Subject 20006 has regions with zero variance (indices: [ 16  37  97 114 126 127 156 163]). Marking for exclusion, but computing matrix with zeros for now.
2025-04-15 01:20:27,009 - root - WARNING - Subject 20007 has regions with zero variance (indices: [ 16  37  97 114 126 127 156 163]). Marking for exclusion, but computing matrix with zeros for now.
2025-04-15 01:20:27,027 - root - WARNING - Subject 20008 has regions with zero variance (indices: [ 16  37  97 114 126 127 156 163]). Marking for exclusion, but computing matrix with zeros for now.
2025-04-15 01:20:27,045 - root - WARNING - Subject 20009 has regions with zero variance (indices: [ 16  37  97 114 126 127 156 163]). Marking for exclusion, but computing matrix with zeros for now.
2025-04-15 01:20:27,062 - root - WARNING - Subject 20010 has regions with zero variance (indices: [ 16  37  97 114 126 127 156 163]). Marking for exclusion, but computing matrix with zeros for now.
2025-04-15 01:20:27,080 - root - WARNING - Subject 20011 has regions with zero variance (indices: [ 16  37  97 114 126 127 156 163]). Marking for exclusion, but computing matrix with zeros for now.
2025-04-15 01:20:27,097 - root - WARNING - Subject 20012 has regions with zero variance (indices: [ 16  37  97 114 126 127 156 163]). Marking for exclusion, but computing matrix with zeros for now.
2025-04-15 01:20:27,115 - root - WARNING - Subject 20013 has regions with zero variance (indices: [ 16  37  97 114 126 127 156 163]). Marking for exclusion, but computing matrix with zeros for now.
2025-04-15 01:20:27,132 - root - WARNING - Subject 20014 has regions with zero variance (indices: [ 16  37  97 114 126 127 156 163]). Marking for exclusion, but computing matrix with zeros for now.
2025-04-15 01:20:27,150 - root - WARNING - Subject 20015 has regions with zero variance (indices: [ 16  37  97 114 126 127 156 163]). Marking for exclusion, but computing matrix with zeros for now.
2025-04-15 01:20:27,168 - root - WARNING - Subject 20016 has regions with zero variance (indices: [ 16  37  97 114 126 127 156 163]). Marking for exclusion, but computing matrix with zeros for now.
2025-04-15 01:20:27,185 - root - WARNING - Subject 20017 has regions with zero variance (indices: [ 16  37  97 114 126 127 156 163]). Marking for exclusion, but computing matrix with zeros for now.
2025-04-15 01:20:27,203 - root - WARNING - Subject 20018 has regions with zero variance (indices: [ 16  37  97 114 126 127 156 163]). Marking for exclusion, but computing matrix with zeros for now.
2025-04-15 01:20:27,220 - root - WARNING - Subject 20019 has regions with zero variance (indices: [ 16  37  97 114 126 127 156 163]). Marking for exclusion, but computing matrix with zeros for now.
2025-04-15 01:20:27,238 - root - WARNING - Subject 20020 has regions with zero variance (indices: [ 16  37  97 114 126 127 156 163]). Marking for exclusion, but computing matrix with zeros for now.
2025-04-15 01:20:27,255 - root - WARNING - Subject 20021 has regions with zero variance (indices: [ 16  37  97 114 126 127 156 163]). Marking for exclusion, but computing matrix with zeros for now.
2025-04-15 01:20:27,273 - root - WARNING - Subject 20022 has regions with zero variance (indices: [ 16  37  97 114 126 127 156 163]). Marking for exclusion, but computing matrix with zeros for now.
2025-04-15 01:20:27,290 - root - WARNING - Subject 20023 has regions with zero variance (indices: [ 16  37  97 114 126 127 156 163]). Marking for exclusion, but computing matrix with zeros for now.
2025-04-15 01:20:27,308 - root - WARNING - Subject 20024 has regions with zero variance (indices: [ 16  37  97 114 126 127 156 163]). Marking for exclusion, but computing matrix with zeros for now.
2025-04-15 01:20:27,325 - root - WARNING - Subject 20025 has regions with zero variance (indices: [ 16  37  97 114 126 127 156 163]). Marking for exclusion, but computing matrix with zeros for now.
2025-04-15 01:20:27,343 - root - WARNING - Subject 20026 has regions with zero variance (indices: [ 16  37  97 114 126 127 156 163]). Marking for exclusion, but computing matrix with zeros for now.
2025-04-15 01:20:27,360 - root - WARNING - Subject 20027 has regions with zero variance (indices: [ 16  37  97 114 126 127 156 163]). Marking for exclusion, but computing matrix with zeros for now.
2025-04-15 01:20:27,378 - root - WARNING - Subject 20028 has regions with zero variance (indices: [ 16  37  97 114 126 127 156 163]). Marking for exclusion, but computing matrix with zeros for now.
2025-04-15 01:20:27,395 - root - WARNING - Subject 20029 has regions with zero variance (indices: [ 16  37  97 114 126 127 156 163]). Marking for exclusion, but computing matrix with zeros for now.
2025-04-15 01:20:27,412 - root - WARNING - Subject 20030 has regions with zero variance (indices: [ 16  37  97 114 126 127 156 163]). Marking for exclusion, but computing matrix with zeros for now.
2025-04-15 01:20:27,430 - root - WARNING - Subject 20031 has regions with zero variance (indices: [ 16  37  97 114 126 127 156 163]). Marking for exclusion, but computing matrix with zeros for now.
2025-04-15 01:20:27,447 - root - WARNING - Subject 20032 has regions with zero variance (indices: [ 16  37  97 114 126 127 156 163]). Marking for exclusion, but computing matrix with zeros for now.
2025-04-15 01:20:27,465 - root - WARNING - Subject 20033 has regions with zero variance (indices: [ 16  37  97 114 126 127 156 163]). Marking for exclusion, but computing matrix with zeros for now.
2025-04-15 01:20:27,482 - root - WARNING - Subject 20034 has regions with zero variance (indices: [ 16  37  97 114 126 127 156 163]). Marking for exclusion, but computing matrix with zeros for now.
2025-04-15 01:20:27,500 - root - WARNING - Subject 20035 has regions with zero variance (indices: [ 16  37  97 114 126 127 156 163]). Marking for exclusion, but computing matrix with zeros for now.
2025-04-15 01:20:27,517 - root - WARNING - Subject 20036 has regions with zero variance (indices: [ 16  37  97 114 126 127 156 163]). Marking for exclusion, but computing matrix with zeros for now.
2025-04-15 01:20:27,535 - root - WARNING - Subject 20037 has regions with zero variance (indices: [ 16  37  97 114 126 127 156 163]). Marking for exclusion, but computing matrix with zeros for now.
2025-04-15 01:20:27,552 - root - WARNING - Subject 20038 has regions with zero variance (indices: [ 16  37  97 114 126 127 156 163]). Marking for exclusion, but computing matrix with zeros for now.
2025-04-15 01:20:27,570 - root - WARNING - Subject 20039 has regions with zero variance (indices: [ 16  37  97 114 126 127 156 163]). Marking for exclusion, but computing matrix with zeros for now.
2025-04-15 01:20:27,587 - root - WARNING - Subject 20040 has regions with zero variance (indices: [ 16  37  97 114 126 127 156 163]). Marking for exclusion, but computing matrix with zeros for now.
2025-04-15 01:20:27,605 - root - WARNING - Subject 20041 has regions with zero variance (indices: [ 16  37  97 114 126 127 156 163]). Marking for exclusion, but computing matrix with zeros for now.
2025-04-15 01:20:27,623 - root - WARNING - Subject 20042 has regions with zero variance (indices: [ 16  37  97 114 126 127 156 163]). Marking for exclusion, but computing matrix with zeros for now.
2025-04-15 01:20:27,640 - root - WARNING - Subject 20043 has regions with zero variance (indices: [ 16  37  97 114 126 127 156 163]). Marking for exclusion, but computing matrix with zeros for now.
2025-04-15 01:20:27,658 - root - WARNING - Subject 20044 has regions with zero variance (indices: [ 16  37  97 114 126 127 156 163]). Marking for exclusion, but computing matrix with zeros for now.
2025-04-15 01:20:27,675 - root - WARNING - Subject 20045 has regions with zero variance (indices: [ 16  37  97 114 126 127 156 163]). Marking for exclusion, but computing matrix with zeros for now.
2025-04-15 01:20:27,692 - root - WARNING - Subject 20046 has regions with zero variance (indices: [ 16  37  97 114 126 127 156 163]). Marking for exclusion, but computing matrix with zeros for now.
2025-04-15 01:20:27,710 - root - WARNING - Subject 20047 has regions with zero variance (indices: [ 16  37  97 114 126 127 156 163]). Marking for exclusion, but computing matrix with zeros for now.
2025-04-15 01:20:27,727 - root - WARNING - Subject 20048 has regions with zero variance (indices: [ 16  37  97 114 126 127 156 163]). Marking for exclusion, but computing matrix with zeros for now.
2025-04-15 01:20:27,745 - root - WARNING - Subject 20049 has regions with zero variance (indices: [ 16  37  97 114 126 127 156 163]). Marking for exclusion, but computing matrix with zeros for now.
2025-04-15 01:20:27,762 - root - WARNING - Subject 20050 has regions with zero variance (indices: [ 16  37  97 114 126 127 156 163]). Marking for exclusion, but computing matrix with zeros for now.
2025-04-15 01:20:27,780 - root - WARNING - Subject 20051 has regions with zero variance (indices: [ 16  37  97 114 126 127 156 163]). Marking for exclusion, but computing matrix with zeros for now.
2025-04-15 01:20:27,797 - root - WARNING - Subject 20052 has regions with zero variance (indices: [ 16  37  97 114 126 127 156 163]). Marking for exclusion, but computing matrix with zeros for now.
2025-04-15 01:20:27,815 - root - WARNING - Subject 20053 has regions with zero variance (indices: [ 16  37  97 114 126 127 156 163]). Marking for exclusion, but computing matrix with zeros for now.
2025-04-15 01:20:27,832 - root - WARNING - Subject 20054 has regions with zero variance (indices: [ 16  37  97 114 126 127 156 163]). Marking for exclusion, but computing matrix with zeros for now.
2025-04-15 01:20:27,849 - root - WARNING - Subject 20055 has regions with zero variance (indices: [ 16  37  97 114 126 127 156 163]). Marking for exclusion, but computing matrix with zeros for now.
2025-04-15 01:20:27,867 - root - WARNING - Subject 20056 has regions with zero variance (indices: [ 16  37  97 114 126 127 156 163]). Marking for exclusion, but computing matrix with zeros for now.
2025-04-15 01:20:27,884 - root - WARNING - Subject 20057 has regions with zero variance (indices: [ 16  37  97 114 126 127 156 163]). Marking for exclusion, but computing matrix with zeros for now.
2025-04-15 01:20:27,902 - root - WARNING - Subject 20058 has regions with zero variance (indices: [ 16  37  97 114 126 127 156 163]). Marking for exclusion, but computing matrix with zeros for now.
2025-04-15 01:20:27,920 - root - WARNING - Subject 20059 has regions with zero variance (indices: [ 16  37  97 114 126 127 156 163]). Marking for exclusion, but computing matrix with zeros for now.
2025-04-15 01:20:27,937 - root - WARNING - Subject 20060 has regions with zero variance (indices: [ 16  37  97 114 126 127 156 163]). Marking for exclusion, but computing matrix with zeros for now.
2025-04-15 01:20:27,955 - root - WARNING - Subject 20061 has regions with zero variance (indices: [ 16  37  97 114 126 127 156 163]). Marking for exclusion, but computing matrix with zeros for now.
2025-04-15 01:20:27,973 - root - WARNING - Subject 20062 has regions with zero variance (indices: [ 16  37  97 114 126 127 156 163]). Marking for exclusion, but computing matrix with zeros for now.
2025-04-15 01:20:27,990 - root - WARNING - Subject 20063 has regions with zero variance (indices: [ 16  37  97 114 126 127 156 163]). Marking for exclusion, but computing matrix with zeros for now.
2025-04-15 01:20:28,007 - root - WARNING - Subject 20064 has regions with zero variance (indices: [ 16  37  97 114 126 127 156 163]). Marking for exclusion, but computing matrix with zeros for now.
2025-04-15 01:20:28,025 - root - WARNING - Subject 20065 has regions with zero variance (indices: [ 16  37  97 114 126 127 156 163]). Marking for exclusion, but computing matrix with zeros for now.
2025-04-15 01:20:28,043 - root - WARNING - Subject 20066 has regions with zero variance (indices: [ 16  37  97 114 126 127 156 163]). Marking for exclusion, but computing matrix with zeros for now.
2025-04-15 01:20:28,060 - root - WARNING - Subject 20067 has regions with zero variance (indices: [ 16  37  97 114 126 127 156 163]). Marking for exclusion, but computing matrix with zeros for now.
2025-04-15 01:20:28,078 - root - WARNING - Subject 20068 has regions with zero variance (indices: [ 16  37  97 114 126 127 156 163]). Marking for exclusion, but computing matrix with zeros for now.
2025-04-15 01:20:28,096 - root - WARNING - Subject 20069 has regions with zero variance (indices: [ 16  37  97 114 126 127 156 163]). Marking for exclusion, but computing matrix with zeros for now.
2025-04-15 01:20:28,113 - root - WARNING - Subject 20070 has regions with zero variance (indices: [ 16  37  97 114 126 127 156 163]). Marking for exclusion, but computing matrix with zeros for now.
2025-04-15 01:20:28,131 - root - WARNING - Subject 20071 has regions with zero variance (indices: [ 16  37  97 114 126 127 156 163]). Marking for exclusion, but computing matrix with zeros for now.
2025-04-15 01:20:28,148 - root - WARNING - Subject 20072 has regions with zero variance (indices: [ 16  37  97 114 126 127 156 163]). Marking for exclusion, but computing matrix with zeros for now.
2025-04-15 01:20:28,166 - root - WARNING - Subject 20073 has regions with zero variance (indices: [ 16  37  97 114 126 127 156 163]). Marking for exclusion, but computing matrix with zeros for now.
2025-04-15 01:20:28,183 - root - WARNING - Subject 20074 has regions with zero variance (indices: [ 16  37  97 114 126 127 156 163]). Marking for exclusion, but computing matrix with zeros for now.
2025-04-15 01:20:28,201 - root - WARNING - Subject 20075 has regions with zero variance (indices: [ 16  37  97 114 126 127 156 163]). Marking for exclusion, but computing matrix with zeros for now.
2025-04-15 01:20:28,218 - root - WARNING - Subject 20076 has regions with zero variance (indices: [ 16  37  97 114 126 127 156 163]). Marking for exclusion, but computing matrix with zeros for now.
2025-04-15 01:20:28,236 - root - WARNING - Subject 20077 has regions with zero variance (indices: [ 16  37  97 114 126 127 156 163]). Marking for exclusion, but computing matrix with zeros for now.
2025-04-15 01:20:28,253 - root - WARNING - Subject 20078 has regions with zero variance (indices: [ 16  37  97 114 126 127 156 163]). Marking for exclusion, but computing matrix with zeros for now.
2025-04-15 01:20:28,271 - root - WARNING - Subject 20079 has regions with zero variance (indices: [ 16  37  97 114 126 127 156 163]). Marking for exclusion, but computing matrix with zeros for now.
2025-04-15 01:20:28,288 - root - WARNING - Subject 20080 has regions with zero variance (indices: [ 16  37  97 114 126 127 156 163]). Marking for exclusion, but computing matrix with zeros for now.
2025-04-15 01:20:28,306 - root - WARNING - Subject 20081 has regions with zero variance (indices: [ 16  37  97 114 126 127 156 163]). Marking for exclusion, but computing matrix with zeros for now.
2025-04-15 01:20:28,323 - root - WARNING - Subject 20082 has regions with zero variance (indices: [ 16  37  97 114 126 127 156 163]). Marking for exclusion, but computing matrix with zeros for now.
2025-04-15 01:20:28,341 - root - WARNING - Subject 20083 has regions with zero variance (indices: [ 16  37  97 114 126 127 156 163]). Marking for exclusion, but computing matrix with zeros for now.
2025-04-15 01:20:28,359 - root - WARNING - Subject 20084 has regions with zero variance (indices: [ 16  37  97 114 126 127 156 163]). Marking for exclusion, but computing matrix with zeros for now.
2025-04-15 01:20:28,377 - root - WARNING - Subject 20085 has regions with zero variance (indices: [ 16  37  97 114 126 127 156 163]). Marking for exclusion, but computing matrix with zeros for now.
2025-04-15 01:20:28,394 - root - WARNING - Subject 20086 has regions with zero variance (indices: [ 16  37  97 114 126 127 156 163]). Marking for exclusion, but computing matrix with zeros for now.
2025-04-15 01:20:28,411 - root - WARNING - Subject 20087 has regions with zero variance (indices: [ 16  37  97 114 126 127 156 163]). Marking for exclusion, but computing matrix with zeros for now.
2025-04-15 01:20:28,429 - root - WARNING - Subject 20088 has regions with zero variance (indices: [ 16  37  97 114 126 127 156 163]). Marking for exclusion, but computing matrix with zeros for now.
2025-04-15 01:20:28,446 - root - WARNING - Subject 20089 has regions with zero variance (indices: [ 16  37  97 114 126 127 156 163]). Marking for exclusion, but computing matrix with zeros for now.
2025-04-15 01:20:28,464 - root - WARNING - Subject 20090 has regions with zero variance (indices: [ 16  37  97 114 126 127 156 163]). Marking for exclusion, but computing matrix with zeros for now.
2025-04-15 01:20:28,481 - root - WARNING - Subject 20091 has regions with zero variance (indices: [ 16  37  97 114 126 127 156 163]). Marking for exclusion, but computing matrix with zeros for now.
2025-04-15 01:20:28,498 - root - WARNING - Subject 20092 has regions with zero variance (indices: [ 16  37  97 114 126 127 156 163]). Marking for exclusion, but computing matrix with zeros for now.
2025-04-15 01:20:28,516 - root - WARNING - Subject 20093 has regions with zero variance (indices: [ 16  37  97 114 126 127 156 163]). Marking for exclusion, but computing matrix with zeros for now.
2025-04-15 01:20:28,534 - root - WARNING - Subject 20094 has regions with zero variance (indices: [ 16  37  97 114 126 127 156 163]). Marking for exclusion, but computing matrix with zeros for now.
2025-04-15 01:20:28,551 - root - WARNING - Subject 20095 has regions with zero variance (indices: [ 16  37  97 114 126 127 156 163]). Marking for exclusion, but computing matrix with zeros for now.
2025-04-15 01:20:28,569 - root - WARNING - Subject 20096 has regions with zero variance (indices: [ 16  37  97 114 126 127 156 163]). Marking for exclusion, but computing matrix with zeros for now.
2025-04-15 01:20:28,586 - root - WARNING - Subject 20097 has regions with zero variance (indices: [ 16  37  97 114 126 127 156 163]). Marking for exclusion, but computing matrix with zeros for now.
2025-04-15 01:20:28,603 - root - WARNING - Subject 20098 has regions with zero variance (indices: [ 16  37  97 114 126 127 156 163]). Marking for exclusion, but computing matrix with zeros for now.
2025-04-15 01:20:28,621 - root - WARNING - Subject 20099 has regions with zero variance (indices: [ 16  37  97 114 126 127 156 163]). Marking for exclusion, but computing matrix with zeros for now.
2025-04-15 01:20:28,638 - root - WARNING - Subject 20100 has regions with zero variance (indices: [ 16  37  97 114 126 127 156 163]). Marking for exclusion, but computing matrix with zeros for now.
2025-04-15 01:20:28,655 - root - WARNING - Subject 20101 has regions with zero variance (indices: [ 16  37  97 114 126 127 156 163]). Marking for exclusion, but computing matrix with zeros for now.
2025-04-15 01:20:28,673 - root - WARNING - Subject 20102 has regions with zero variance (indices: [ 16  37  97 114 126 127 156 163]). Marking for exclusion, but computing matrix with zeros for now.
2025-04-15 01:20:28,690 - root - WARNING - Subject 20103 has regions with zero variance (indices: [ 16  37  97 114 126 127 156 163]). Marking for exclusion, but computing matrix with zeros for now.
2025-04-15 01:20:28,708 - root - WARNING - Subject 20104 has regions with zero variance (indices: [ 16  37  97 114 126 127 156 163]). Marking for exclusion, but computing matrix with zeros for now.
2025-04-15 01:20:28,725 - root - WARNING - Subject 20105 has regions with zero variance (indices: [ 16  37  97 114 126 127 156 163]). Marking for exclusion, but computing matrix with zeros for now.
2025-04-15 01:20:28,743 - root - WARNING - Subject 20106 has regions with zero variance (indices: [ 16  37  97 114 126 127 156 163]). Marking for exclusion, but computing matrix with zeros for now.
2025-04-15 01:20:28,760 - root - WARNING - Subject 20107 has regions with zero variance (indices: [ 16  37  97 114 126 127 156 163]). Marking for exclusion, but computing matrix with zeros for now.
2025-04-15 01:20:28,777 - root - WARNING - Subject 20108 has regions with zero variance (indices: [ 16  37  97 114 126 127 156 163]). Marking for exclusion, but computing matrix with zeros for now.
2025-04-15 01:20:28,795 - root - WARNING - Subject 20109 has regions with zero variance (indices: [ 16  37  97 114 126 127 156 163]). Marking for exclusion, but computing matrix with zeros for now.
2025-04-15 01:20:28,812 - root - WARNING - Subject 20110 has regions with zero variance (indices: [ 16  37  97 114 126 127 156 163]). Marking for exclusion, but computing matrix with zeros for now.
2025-04-15 01:20:28,830 - root - WARNING - Subject 20111 has regions with zero variance (indices: [ 16  37  97 114 126 127 156 163]). Marking for exclusion, but computing matrix with zeros for now.
2025-04-15 01:20:28,847 - root - WARNING - Subject 20112 has regions with zero variance (indices: [ 16  37  97 114 126 127 156 163]). Marking for exclusion, but computing matrix with zeros for now.
2025-04-15 01:20:28,865 - root - WARNING - Subject 20113 has regions with zero variance (indices: [ 16  37  97 114 126 127 156 163]). Marking for exclusion, but computing matrix with zeros for now.
2025-04-15 01:20:28,882 - root - WARNING - Subject 20114 has regions with zero variance (indices: [ 16  37  97 114 126 127 156 163]). Marking for exclusion, but computing matrix with zeros for now.
2025-04-15 01:20:28,900 - root - WARNING - Subject 20115 has regions with zero variance (indices: [ 16  37  97 114 126 127 156 163]). Marking for exclusion, but computing matrix with zeros for now.
2025-04-15 01:20:28,917 - root - WARNING - Subject 20116 has regions with zero variance (indices: [ 16  37  97 114 126 127 156 163]). Marking for exclusion, but computing matrix with zeros for now.
2025-04-15 01:20:28,935 - root - WARNING - Subject 20117 has regions with zero variance (indices: [ 16  37  97 114 126 127 156 163]). Marking for exclusion, but computing matrix with zeros for now.
2025-04-15 01:20:28,952 - root - WARNING - Subject 20118 has regions with zero variance (indices: [ 16  37  97 114 126 127 156 163]). Marking for exclusion, but computing matrix with zeros for now.
2025-04-15 01:20:28,969 - root - WARNING - Subject 20119 has regions with zero variance (indices: [ 16  37  97 114 126 127 156 163]). Marking for exclusion, but computing matrix with zeros for now.
2025-04-15 01:20:28,987 - root - WARNING - Subject 20120 has regions with zero variance (indices: [ 16  37  97 114 126 127 156 163]). Marking for exclusion, but computing matrix with zeros for now.
2025-04-15 01:20:29,004 - root - WARNING - Subject 20121 has regions with zero variance (indices: [ 16  37  97 114 126 127 156 163]). Marking for exclusion, but computing matrix with zeros for now.
2025-04-15 01:20:29,022 - root - WARNING - Subject 20122 has regions with zero variance (indices: [ 16  37  97 114 126 127 156 163]). Marking for exclusion, but computing matrix with zeros for now.
2025-04-15 01:20:29,039 - root - WARNING - Subject 20123 has regions with zero variance (indices: [ 16  37  97 114 126 127 156 163]). Marking for exclusion, but computing matrix with zeros for now.
2025-04-15 01:20:29,057 - root - WARNING - Subject 20124 has regions with zero variance (indices: [ 16  37  97 114 126 127 156 163]). Marking for exclusion, but computing matrix with zeros for now.
2025-04-15 01:20:29,075 - root - WARNING - Subject 20125 has regions with zero variance (indices: [ 16  37  97 114 126 127 156 163]). Marking for exclusion, but computing matrix with zeros for now.
2025-04-15 01:20:29,093 - root - WARNING - Subject 20126 has regions with zero variance (indices: [ 16  37  97 114 126 127 156 163]). Marking for exclusion, but computing matrix with zeros for now.
2025-04-15 01:20:29,110 - root - WARNING - Subject 20127 has regions with zero variance (indices: [ 16  37  97 114 126 127 156 163]). Marking for exclusion, but computing matrix with zeros for now.
2025-04-15 01:20:29,128 - root - WARNING - Subject 20128 has regions with zero variance (indices: [ 16  37  97 114 126 127 156 163]). Marking for exclusion, but computing matrix with zeros for now.
2025-04-15 01:20:29,145 - root - WARNING - Subject 20129 has regions with zero variance (indices: [ 16  37  97 114 126 127 156 163]). Marking for exclusion, but computing matrix with zeros for now.
2025-04-15 01:20:29,163 - root - WARNING - Subject 20130 has regions with zero variance (indices: [ 16  37  97 114 126 127 156 163]). Marking for exclusion, but computing matrix with zeros for now.
2025-04-15 01:20:29,180 - root - WARNING - Subject 20131 has regions with zero variance (indices: [ 16  37  97 114 126 127 156 163]). Marking for exclusion, but computing matrix with zeros for now.
2025-04-15 01:20:29,198 - root - WARNING - Subject 20132 has regions with zero variance (indices: [ 16  37  97 114 126 127 156 163]). Marking for exclusion, but computing matrix with zeros for now.
2025-04-15 01:20:29,215 - root - WARNING - Subject 20133 has regions with zero variance (indices: [ 16  37  97 114 126 127 156 163]). Marking for exclusion, but computing matrix with zeros for now.
2025-04-15 01:20:29,233 - root - WARNING - Subject 20134 has regions with zero variance (indices: [ 16  37  97 114 126 127 156 163]). Marking for exclusion, but computing matrix with zeros for now.
2025-04-15 01:20:29,251 - root - WARNING - Subject 20135 has regions with zero variance (indices: [ 16  37  97 114 126 127 156 163]). Marking for exclusion, but computing matrix with zeros for now.
2025-04-15 01:20:29,268 - root - WARNING - Subject 20136 has regions with zero variance (indices: [ 16  37  97 114 126 127 156 163]). Marking for exclusion, but computing matrix with zeros for now.
2025-04-15 01:20:29,286 - root - WARNING - Subject 20137 has regions with zero variance (indices: [ 16  37  97 114 126 127 156 163]). Marking for exclusion, but computing matrix with zeros for now.
2025-04-15 01:20:29,303 - root - WARNING - Subject 20138 has regions with zero variance (indices: [ 16  37  97 114 126 127 156 163]). Marking for exclusion, but computing matrix with zeros for now.
2025-04-15 01:20:29,321 - root - WARNING - Subject 20139 has regions with zero variance (indices: [ 16  37  97 114 126 127 156 163]). Marking for exclusion, but computing matrix with zeros for now.
2025-04-15 01:20:29,339 - root - WARNING - Subject 20140 has regions with zero variance (indices: [ 16  37  97 114 126 127 156 163]). Marking for exclusion, but computing matrix with zeros for now.
2025-04-15 01:20:29,356 - root - WARNING - Subject 20141 has regions with zero variance (indices: [ 16  37  97 114 126 127 156 163]). Marking for exclusion, but computing matrix with zeros for now.
2025-04-15 01:20:29,374 - root - WARNING - Subject 20142 has regions with zero variance (indices: [ 16  37  97 114 126 127 156 163]). Marking for exclusion, but computing matrix with zeros for now.
2025-04-15 01:20:29,392 - root - WARNING - Subject 20143 has regions with zero variance (indices: [ 16  37  97 114 126 127 156 163]). Marking for exclusion, but computing matrix with zeros for now.
2025-04-15 01:20:29,410 - root - WARNING - Subject 20144 has regions with zero variance (indices: [ 16  37  97 114 126 127 156 163]). Marking for exclusion, but computing matrix with zeros for now.
2025-04-15 01:20:29,427 - root - WARNING - Subject 20145 has regions with zero variance (indices: [ 16  37  97 114 126 127 156 163]). Marking for exclusion, but computing matrix with zeros for now.
2025-04-15 01:20:29,445 - root - WARNING - Subject 20146 has regions with zero variance (indices: [ 16  37  97 114 126 127 156 163]). Marking for exclusion, but computing matrix with zeros for now.
2025-04-15 01:20:29,463 - root - WARNING - Subject 20147 has regions with zero variance (indices: [ 16  37  97 114 126 127 156 163]). Marking for exclusion, but computing matrix with zeros for now.
2025-04-15 01:20:29,480 - root - WARNING - Subject 20148 has regions with zero variance (indices: [ 16  37  97 114 126 127 156 163]). Marking for exclusion, but computing matrix with zeros for now.
2025-04-15 01:20:29,498 - root - WARNING - Subject 20149 has regions with zero variance (indices: [ 16  37  97 114 126 127 156 163]). Marking for exclusion, but computing matrix with zeros for now.
2025-04-15 01:20:29,516 - root - WARNING - Subject 20150 has regions with zero variance (indices: [ 16  37  97 114 126 127 156 163]). Marking for exclusion, but computing matrix with zeros for now.
2025-04-15 01:20:29,533 - root - WARNING - Subject 20151 has regions with zero variance (indices: [ 16  37  97 114 126 127 156 163]). Marking for exclusion, but computing matrix with zeros for now.
2025-04-15 01:20:29,551 - root - WARNING - Subject 20152 has regions with zero variance (indices: [ 16  37  97 114 126 127 156 163]). Marking for exclusion, but computing matrix with zeros for now.
2025-04-15 01:20:29,568 - root - WARNING - Subject 20153 has regions with zero variance (indices: [ 16  37  97 114 126 127 156 163]). Marking for exclusion, but computing matrix with zeros for now.
2025-04-15 01:20:29,586 - root - WARNING - Subject 20154 has regions with zero variance (indices: [ 16  37  97 114 126 127 156 163]). Marking for exclusion, but computing matrix with zeros for now.
2025-04-15 01:20:29,604 - root - WARNING - Subject 20155 has regions with zero variance (indices: [ 16  37  97 114 126 127 156 163]). Marking for exclusion, but computing matrix with zeros for now.
2025-04-15 01:20:29,621 - root - WARNING - Subject 20156 has regions with zero variance (indices: [ 16  37  97 114 126 127 156 163]). Marking for exclusion, but computing matrix with zeros for now.
2025-04-15 01:20:29,639 - root - WARNING - Subject 20157 has regions with zero variance (indices: [ 16  37  97 114 126 127 156 163]). Marking for exclusion, but computing matrix with zeros for now.
2025-04-15 01:20:29,657 - root - WARNING - Subject 20158 has regions with zero variance (indices: [ 16  37  97 114 126 127 156 163]). Marking for exclusion, but computing matrix with zeros for now.
2025-04-15 01:20:29,675 - root - WARNING - Subject 20159 has regions with zero variance (indices: [ 16  37  97 114 126 127 156 163]). Marking for exclusion, but computing matrix with zeros for now.
2025-04-15 01:20:29,692 - root - WARNING - Subject 20160 has regions with zero variance (indices: [ 16  37  97 114 126 127 156 163]). Marking for exclusion, but computing matrix with zeros for now.
2025-04-15 01:20:29,710 - root - WARNING - Subject 20161 has regions with zero variance (indices: [ 16  37  97 114 126 127 156 163]). Marking for exclusion, but computing matrix with zeros for now.
2025-04-15 01:20:29,728 - root - WARNING - Subject 20162 has regions with zero variance (indices: [ 16  37  97 114 126 127 156 163]). Marking for exclusion, but computing matrix with zeros for now.
2025-04-15 01:20:29,745 - root - WARNING - Subject 20163 has regions with zero variance (indices: [ 16  37  97 114 126 127 156 163]). Marking for exclusion, but computing matrix with zeros for now.
2025-04-15 01:20:29,763 - root - WARNING - Subject 20164 has regions with zero variance (indices: [ 16  37  97 114 126 127 156 163]). Marking for exclusion, but computing matrix with zeros for now.
2025-04-15 01:20:29,781 - root - WARNING - Subject 20165 has regions with zero variance (indices: [ 16  37  97 114 126 127 156 163]). Marking for exclusion, but computing matrix with zeros for now.
2025-04-15 01:20:29,799 - root - WARNING - Subject 20166 has regions with zero variance (indices: [ 16  37  97 114 126 127 156 163]). Marking for exclusion, but computing matrix with zeros for now.
2025-04-15 01:20:29,817 - root - WARNING - Subject 20167 has regions with zero variance (indices: [ 16  37  97 114 126 127 156 163]). Marking for exclusion, but computing matrix with zeros for now.
2025-04-15 01:20:29,834 - root - WARNING - Subject 20168 has regions with zero variance (indices: [ 16  37  97 114 126 127 156 163]). Marking for exclusion, but computing matrix with zeros for now.
2025-04-15 01:20:29,852 - root - WARNING - Subject 20169 has regions with zero variance (indices: [ 16  37  97 114 126 127 156 163]). Marking for exclusion, but computing matrix with zeros for now.
2025-04-15 01:20:29,869 - root - WARNING - Subject 20170 has regions with zero variance (indices: [ 16  37  97 114 126 127 156 163]). Marking for exclusion, but computing matrix with zeros for now.
2025-04-15 01:20:29,887 - root - WARNING - Subject 20171 has regions with zero variance (indices: [ 16  37  97 114 126 127 156 163]). Marking for exclusion, but computing matrix with zeros for now.
2025-04-15 01:20:29,904 - root - WARNING - Subject 20172 has regions with zero variance (indices: [ 16  37  97 114 126 127 156 163]). Marking for exclusion, but computing matrix with zeros for now.
2025-04-15 01:20:29,922 - root - WARNING - Subject 20173 has regions with zero variance (indices: [ 16  37  97 114 126 127 156 163]). Marking for exclusion, but computing matrix with zeros for now.
2025-04-15 01:20:29,939 - root - WARNING - Subject 20174 has regions with zero variance (indices: [ 16  37  97 114 126 127 156 163]). Marking for exclusion, but computing matrix with zeros for now.
2025-04-15 01:20:29,957 - root - WARNING - Subject 20175 has regions with zero variance (indices: [ 16  37  97 114 126 127 156 163]). Marking for exclusion, but computing matrix with zeros for now.
2025-04-15 01:20:29,975 - root - WARNING - Subject 20176 has regions with zero variance (indices: [ 16  37  97 114 126 127 156 163]). Marking for exclusion, but computing matrix with zeros for now.
2025-04-15 01:20:29,993 - root - WARNING - Subject 20177 has regions with zero variance (indices: [ 16  37  97 114 126 127 156 163]). Marking for exclusion, but computing matrix with zeros for now.
2025-04-15 01:20:30,010 - root - WARNING - Subject 20178 has regions with zero variance (indices: [ 16  37  97 114 126 127 156 163]). Marking for exclusion, but computing matrix with zeros for now.
2025-04-15 01:20:30,028 - root - WARNING - Subject 20179 has regions with zero variance (indices: [ 16  37  97 114 126 127 156 163]). Marking for exclusion, but computing matrix with zeros for now.
2025-04-15 01:20:30,045 - root - WARNING - Subject 20180 has regions with zero variance (indices: [ 16  37  97 114 126 127 156 163]). Marking for exclusion, but computing matrix with zeros for now.
2025-04-15 01:20:30,063 - root - WARNING - Subject 20181 has regions with zero variance (indices: [ 16  37  97 114 126 127 156 163]). Marking for exclusion, but computing matrix with zeros for now.
2025-04-15 01:20:30,080 - root - WARNING - Subject 20182 has regions with zero variance (indices: [ 16  37  97 114 126 127 156 163]). Marking for exclusion, but computing matrix with zeros for now.
2025-04-15 01:20:30,098 - root - WARNING - Subject 20183 has regions with zero variance (indices: [ 16  37  97 114 126 127 156 163]). Marking for exclusion, but computing matrix with zeros for now.
2025-04-15 01:20:30,115 - root - WARNING - Subject 20184 has regions with zero variance (indices: [ 16  37  97 114 126 127 156 163]). Marking for exclusion, but computing matrix with zeros for now.
2025-04-15 01:20:30,133 - root - WARNING - Subject 20185 has regions with zero variance (indices: [ 16  37  97 114 126 127 156 163]). Marking for exclusion, but computing matrix with zeros for now.
2025-04-15 01:20:30,150 - root - WARNING - Subject 20186 has regions with zero variance (indices: [ 16  37  97 114 126 127 156 163]). Marking for exclusion, but computing matrix with zeros for now.
2025-04-15 01:20:30,168 - root - WARNING - Subject 20187 has regions with zero variance (indices: [ 16  37  97 114 126 127 156 163]). Marking for exclusion, but computing matrix with zeros for now.
2025-04-15 01:20:30,186 - root - WARNING - Subject 20188 has regions with zero variance (indices: [ 16  37  97 114 126 127 156 163]). Marking for exclusion, but computing matrix with zeros for now.
2025-04-15 01:20:30,204 - root - WARNING - Subject 20189 has regions with zero variance (indices: [ 16  37  97 114 126 127 156 163]). Marking for exclusion, but computing matrix with zeros for now.
2025-04-15 01:20:30,221 - root - WARNING - Subject 20190 has regions with zero variance (indices: [ 16  37  97 114 126 127 156 163]). Marking for exclusion, but computing matrix with zeros for now.
2025-04-15 01:20:30,239 - root - WARNING - Subject 20191 has regions with zero variance (indices: [ 16  37  97 114 126 127 156 163]). Marking for exclusion, but computing matrix with zeros for now.
2025-04-15 01:20:30,257 - root - WARNING - Subject 20192 has regions with zero variance (indices: [ 16  37  97 114 126 127 156 163]). Marking for exclusion, but computing matrix with zeros for now.
2025-04-15 01:20:30,274 - root - WARNING - Subject 20193 has regions with zero variance (indices: [ 16  37  97 114 126 127 156 163]). Marking for exclusion, but computing matrix with zeros for now.
2025-04-15 01:20:30,292 - root - WARNING - Subject 20194 has regions with zero variance (indices: [ 16  37  97 114 126 127 156 163]). Marking for exclusion, but computing matrix with zeros for now.
2025-04-15 01:20:30,310 - root - WARNING - Subject 20195 has regions with zero variance (indices: [ 16  37  97 114 126 127 156 163]). Marking for exclusion, but computing matrix with zeros for now.
2025-04-15 01:20:30,327 - root - WARNING - Subject 20196 has regions with zero variance (indices: [ 16  37  97 114 126 127 156 163]). Marking for exclusion, but computing matrix with zeros for now.
2025-04-15 01:20:30,345 - root - WARNING - Subject 20197 has regions with zero variance (indices: [ 16  37  97 114 126 127 156 163]). Marking for exclusion, but computing matrix with zeros for now.
2025-04-15 01:20:30,363 - root - WARNING - Subject 20198 has regions with zero variance (indices: [ 16  37  97 114 126 127 156 163]). Marking for exclusion, but computing matrix with zeros for now.
2025-04-15 01:20:30,380 - root - WARNING - Subject 20199 has regions with zero variance (indices: [ 16  37  97 114 126 127 156 163]). Marking for exclusion, but computing matrix with zeros for now.
2025-04-15 01:20:30,398 - root - WARNING - Subject 20200 has regions with zero variance (indices: [ 16  37  97 114 126 127 156 163]). Marking for exclusion, but computing matrix with zeros for now.
2025-04-15 01:20:30,416 - root - WARNING - Subject 20201 has regions with zero variance (indices: [ 16  37  97 114 126 127 156 163]). Marking for exclusion, but computing matrix with zeros for now.
2025-04-15 01:20:30,434 - root - WARNING - Subject 20202 has regions with zero variance (indices: [ 16  37  97 114 126 127 156 163]). Marking for exclusion, but computing matrix with zeros for now.
2025-04-15 01:20:30,452 - root - WARNING - Subject 20203 has regions with zero variance (indices: [ 16  37  97 114 126 127 156 163]). Marking for exclusion, but computing matrix with zeros for now.
2025-04-15 01:20:30,469 - root - WARNING - Subject 20204 has regions with zero variance (indices: [ 16  37  97 114 126 127 156 163]). Marking for exclusion, but computing matrix with zeros for now.
2025-04-15 01:20:30,487 - root - WARNING - Subject 20205 has regions with zero variance (indices: [ 16  37  97 114 126 127 156 163]). Marking for exclusion, but computing matrix with zeros for now.
2025-04-15 01:20:30,505 - root - WARNING - Subject 20206 has regions with zero variance (indices: [ 16  37  97 114 126 127 156 163]). Marking for exclusion, but computing matrix with zeros for now.
2025-04-15 01:20:30,523 - root - WARNING - Subject 20207 has regions with zero variance (indices: [ 16  37  97 114 126 127 156 163]). Marking for exclusion, but computing matrix with zeros for now.
2025-04-15 01:20:30,540 - root - WARNING - Subject 20208 has regions with zero variance (indices: [ 16  37  97 114 126 127 156 163]). Marking for exclusion, but computing matrix with zeros for now.
2025-04-15 01:20:30,558 - root - WARNING - Subject 20209 has regions with zero variance (indices: [ 16  37  97 114 126 127 156 163]). Marking for exclusion, but computing matrix with zeros for now.
2025-04-15 01:20:30,576 - root - WARNING - Subject 20210 has regions with zero variance (indices: [ 16  37  97 114 126 127 156 163]). Marking for exclusion, but computing matrix with zeros for now.
2025-04-15 01:20:30,593 - root - WARNING - Subject 20211 has regions with zero variance (indices: [ 16  37  97 114 126 127 156 163]). Marking for exclusion, but computing matrix with zeros for now.
2025-04-15 01:20:30,611 - root - WARNING - Subject 20212 has regions with zero variance (indices: [ 16  37  97 114 126 127 156 163]). Marking for exclusion, but computing matrix with zeros for now.
2025-04-15 01:20:30,629 - root - WARNING - Subject 20213 has regions with zero variance (indices: [ 16  37  97 114 126 127 156 163]). Marking for exclusion, but computing matrix with zeros for now.
2025-04-15 01:20:30,647 - root - WARNING - Subject 20214 has regions with zero variance (indices: [ 16  37  97 114 126 127 156 163]). Marking for exclusion, but computing matrix with zeros for now.
2025-04-15 01:20:30,664 - root - WARNING - Subject 20215 has regions with zero variance (indices: [ 16  37  97 114 126 127 156 163]). Marking for exclusion, but computing matrix with zeros for now.
2025-04-15 01:20:30,682 - root - WARNING - Subject 20216 has regions with zero variance (indices: [ 16  37  97 114 126 127 156 163]). Marking for exclusion, but computing matrix with zeros for now.
2025-04-15 01:20:30,699 - root - WARNING - Subject 20217 has regions with zero variance (indices: [ 16  37  97 114 126 127 156 163]). Marking for exclusion, but computing matrix with zeros for now.
2025-04-15 01:20:30,717 - root - WARNING - Subject 20218 has regions with zero variance (indices: [ 16  37  97 114 126 127 156 163]). Marking for exclusion, but computing matrix with zeros for now.
2025-04-15 01:20:30,735 - root - WARNING - Subject 20219 has regions with zero variance (indices: [ 16  37  97 114 126 127 156 163]). Marking for exclusion, but computing matrix with zeros for now.
2025-04-15 01:20:30,752 - root - WARNING - Subject 20220 has regions with zero variance (indices: [ 16  37  97 114 126 127 156 163]). Marking for exclusion, but computing matrix with zeros for now.
2025-04-15 01:20:30,770 - root - WARNING - Subject 20221 has regions with zero variance (indices: [ 16  37  97 114 126 127 156 163]). Marking for exclusion, but computing matrix with zeros for now.
2025-04-15 01:20:30,787 - root - WARNING - Subject 20222 has regions with zero variance (indices: [ 16  37  97 114 126 127 156 163]). Marking for exclusion, but computing matrix with zeros for now.
2025-04-15 01:20:30,805 - root - WARNING - Subject 20223 has regions with zero variance (indices: [ 16  37  97 114 126 127 156 163]). Marking for exclusion, but computing matrix with zeros for now.
2025-04-15 01:20:30,823 - root - WARNING - Subject 20224 has regions with zero variance (indices: [ 16  37  97 114 126 127 156 163]). Marking for exclusion, but computing matrix with zeros for now.
2025-04-15 01:20:30,840 - root - WARNING - Subject 20225 has regions with zero variance (indices: [ 16  37  97 114 126 127 156 163]). Marking for exclusion, but computing matrix with zeros for now.
2025-04-15 01:20:30,858 - root - WARNING - Subject 20226 has regions with zero variance (indices: [ 16  37  97 114 126 127 156 163]). Marking for exclusion, but computing matrix with zeros for now.
2025-04-15 01:20:30,875 - root - WARNING - Subject 20227 has regions with zero variance (indices: [ 16  37  97 114 126 127 156 163]). Marking for exclusion, but computing matrix with zeros for now.
2025-04-15 01:20:30,893 - root - WARNING - Subject 20228 has regions with zero variance (indices: [ 16  37  97 114 126 127 156 163]). Marking for exclusion, but computing matrix with zeros for now.
2025-04-15 01:20:30,910 - root - WARNING - Subject 20229 has regions with zero variance (indices: [ 16  37  97 114 126 127 156 163]). Marking for exclusion, but computing matrix with zeros for now.
2025-04-15 01:20:30,928 - root - WARNING - Subject 20230 has regions with zero variance (indices: [ 16  37  97 114 126 127 156 163]). Marking for exclusion, but computing matrix with zeros for now.
2025-04-15 01:20:30,945 - root - WARNING - Subject 20231 has regions with zero variance (indices: [ 16  37  97 114 126 127 156 163]). Marking for exclusion, but computing matrix with zeros for now.
2025-04-15 01:20:30,963 - root - WARNING - Subject 20232 has regions with zero variance (indices: [ 16  37  97 114 126 127 156 163]). Marking for exclusion, but computing matrix with zeros for now.
2025-04-15 01:20:30,980 - root - WARNING - Subject 20233 has regions with zero variance (indices: [ 16  37  97 114 126 127 156 163]). Marking for exclusion, but computing matrix with zeros for now.
2025-04-15 01:20:30,998 - root - WARNING - Subject 20234 has regions with zero variance (indices: [ 16  37  97 114 126 127 156 163]). Marking for exclusion, but computing matrix with zeros for now.
2025-04-15 01:20:31,016 - root - WARNING - Subject 20235 has regions with zero variance (indices: [ 16  37  97 114 126 127 156 163]). Marking for exclusion, but computing matrix with zeros for now.
2025-04-15 01:20:31,033 - root - WARNING - Subject 20236 has regions with zero variance (indices: [ 16  37  97 114 126 127 156 163]). Marking for exclusion, but computing matrix with zeros for now.
2025-04-15 01:20:31,051 - root - WARNING - Subject 20237 has regions with zero variance (indices: [ 16  37  97 114 126 127 156 163]). Marking for exclusion, but computing matrix with zeros for now.
2025-04-15 01:20:31,069 - root - WARNING - Subject 20238 has regions with zero variance (indices: [ 16  37  97 114 126 127 156 163]). Marking for exclusion, but computing matrix with zeros for now.
2025-04-15 01:20:31,086 - root - WARNING - Subject 20239 has regions with zero variance (indices: [ 16  37  97 114 126 127 156 163]). Marking for exclusion, but computing matrix with zeros for now.
2025-04-15 01:20:31,104 - root - WARNING - Subject 20240 has regions with zero variance (indices: [ 16  37  97 114 126 127 156 163]). Marking for exclusion, but computing matrix with zeros for now.
2025-04-15 01:20:31,121 - root - WARNING - Subject 20241 has regions with zero variance (indices: [ 16  37  97 114 126 127 156 163]). Marking for exclusion, but computing matrix with zeros for now.
2025-04-15 01:20:31,139 - root - WARNING - Subject 20242 has regions with zero variance (indices: [ 11  24  37  74  90  97 103 105 112 114 123 124 126 132 138 143 163 166
 167 182 185 192]). Marking for exclusion, but computing matrix with zeros for now.
2025-04-15 01:20:31,154 - root - WARNING - Subject 20243 has regions with zero variance (indices: [ 11  24  37  74  90  97 103 105 112 114 123 124 126 132 138 143 163 166
 167 182 185 192]). Marking for exclusion, but computing matrix with zeros for now.
2025-04-15 01:20:31,169 - root - WARNING - Subject 20244 has regions with zero variance (indices: [ 11  24  37  74  90  97 103 105 112 114 123 124 126 132 138 143 163 166
 167 182 185 192]). Marking for exclusion, but computing matrix with zeros for now.
2025-04-15 01:20:31,185 - root - WARNING - Subject 20245 has regions with zero variance (indices: [ 11  24  37  74  90  97 103 105 112 114 123 124 126 132 138 143 163 166
 167 182 185 192]). Marking for exclusion, but computing matrix with zeros for now.
2025-04-15 01:20:31,199 - root - WARNING - Subject 20246 has regions with zero variance (indices: [ 11  24  37  74  90  97 103 105 112 114 123 124 126 132 138 143 163 166
 167 182 185 192]). Marking for exclusion, but computing matrix with zeros for now.
2025-04-15 01:20:31,214 - root - WARNING - Subject 20247 has regions with zero variance (indices: [ 11  24  37  74  90  97 103 105 112 114 123 124 126 132 138 143 163 166
 167 182 185 192]). Marking for exclusion, but computing matrix with zeros for now.
2025-04-15 01:20:31,230 - root - WARNING - Subject 20248 has regions with zero variance (indices: [ 11  24  37  74  90  97 103 105 112 114 123 124 126 132 138 143 163 166
 167 182 185 192]). Marking for exclusion, but computing matrix with zeros for now.
2025-04-15 01:20:31,245 - root - WARNING - Subject 20249 has regions with zero variance (indices: [ 11  24  37  74  90  97 103 105 112 114 123 124 126 132 138 143 163 166
 167 182 185 192]). Marking for exclusion, but computing matrix with zeros for now.
2025-04-15 01:20:31,260 - root - WARNING - Subject 20250 has regions with zero variance (indices: [ 11  24  37  74  90  97 103 105 112 114 123 124 126 132 138 143 163 166
 167 182 185 192]). Marking for exclusion, but computing matrix with zeros for now.
2025-04-15 01:20:31,275 - root - WARNING - Subject 20251 has regions with zero variance (indices: [ 11  24  37  74  90  97 103 105 112 114 123 124 126 132 138 143 163 166
 167 182 185 192]). Marking for exclusion, but computing matrix with zeros for now.
2025-04-15 01:20:31,290 - root - WARNING - Subject 20252 has regions with zero variance (indices: [ 11  24  37  74  90  97 103 105 112 114 123 124 126 132 138 143 163 166
 167 182 185 192]). Marking for exclusion, but computing matrix with zeros for now.
2025-04-15 01:20:31,305 - root - WARNING - Subject 20253 has regions with zero variance (indices: [ 11  24  37  74  90  97 103 105 112 114 123 124 126 132 138 143 163 166
 167 182 185 192]). Marking for exclusion, but computing matrix with zeros for now.
2025-04-15 01:20:31,320 - root - WARNING - Subject 20254 has regions with zero variance (indices: [ 11  24  37  74  90  97 103 105 112 114 123 124 126 132 138 143 163 166
 167 182 185 192]). Marking for exclusion, but computing matrix with zeros for now.
2025-04-15 01:20:31,336 - root - WARNING - Subject 20255 has regions with zero variance (indices: [ 11  24  37  74  90  97 103 105 112 114 123 124 126 132 138 143 163 166
 167 182 185 192]). Marking for exclusion, but computing matrix with zeros for now.
2025-04-15 01:20:31,351 - root - WARNING - Subject 20256 has regions with zero variance (indices: [ 11  24  37  74  90  97 103 105 112 114 123 124 126 132 138 143 163 166
 167 182 185 192]). Marking for exclusion, but computing matrix with zeros for now.
2025-04-15 01:20:31,366 - root - WARNING - Subject 20257 has regions with zero variance (indices: [ 11  24  37  74  90  97 103 105 112 114 123 124 126 132 138 143 163 166
 167 182 185 192]). Marking for exclusion, but computing matrix with zeros for now.
2025-04-15 01:20:31,381 - root - WARNING - Subject 20258 has regions with zero variance (indices: [ 11  24  37  74  90  97 103 105 112 114 123 124 126 132 138 143 163 166
 167 182 185 192]). Marking for exclusion, but computing matrix with zeros for now.
2025-04-15 01:20:31,397 - root - WARNING - Subject 20259 has regions with zero variance (indices: [ 11  24  37  74  90  97 103 105 112 114 123 124 126 132 138 143 163 166
 167 182 185 192]). Marking for exclusion, but computing matrix with zeros for now.
2025-04-15 01:20:31,412 - root - WARNING - Subject 20260 has regions with zero variance (indices: [ 11  24  37  74  90  97 103 105 112 114 123 124 126 132 138 143 163 166
 167 182 185 192]). Marking for exclusion, but computing matrix with zeros for now.
2025-04-15 01:20:31,427 - root - WARNING - Subject 20261 has regions with zero variance (indices: [ 11  24  37  74  90  97 103 105 112 114 123 124 126 132 138 143 163 166
 167 182 185 192]). Marking for exclusion, but computing matrix with zeros for now.
2025-04-15 01:20:31,442 - root - WARNING - Subject 20262 has regions with zero variance (indices: [ 11  24  37  74  90  97 103 105 112 114 123 124 126 132 138 143 163 166
 167 182 185 192]). Marking for exclusion, but computing matrix with zeros for now.
2025-04-15 01:20:31,457 - root - WARNING - Subject 20263 has regions with zero variance (indices: [ 11  24  37  74  90  97 103 105 112 114 123 124 126 132 138 143 163 166
 167 182 185 192]). Marking for exclusion, but computing matrix with zeros for now.
2025-04-15 01:20:31,473 - root - WARNING - Subject 20264 has regions with zero variance (indices: [ 11  24  37  74  90  97 103 105 112 114 123 124 126 132 138 143 163 166
 167 182 185 192]). Marking for exclusion, but computing matrix with zeros for now.
2025-04-15 01:20:31,488 - root - WARNING - Subject 20265 has regions with zero variance (indices: [ 11  24  37  74  90  97 103 105 112 114 123 124 126 132 138 143 163 166
 167 182 185 192]). Marking for exclusion, but computing matrix with zeros for now.
2025-04-15 01:20:31,504 - root - WARNING - Subject 20266 has regions with zero variance (indices: [ 11  24  37  74  90  97 103 105 112 114 123 124 126 132 138 143 163 166
 167 182 185 192]). Marking for exclusion, but computing matrix with zeros for now.
2025-04-15 01:20:31,519 - root - WARNING - Subject 20267 has regions with zero variance (indices: [ 11  24  37  74  90  97 103 105 112 114 123 124 126 132 138 143 163 166
 167 182 185 192]). Marking for exclusion, but computing matrix with zeros for now.
2025-04-15 01:20:31,534 - root - WARNING - Subject 20268 has regions with zero variance (indices: [ 11  24  37  74  90  97 103 105 112 114 123 124 126 132 138 143 163 166
 167 182 185 192]). Marking for exclusion, but computing matrix with zeros for now.
2025-04-15 01:20:31,549 - root - WARNING - Subject 20269 has regions with zero variance (indices: [ 11  24  37  74  90  97 103 105 112 114 123 124 126 132 138 143 163 166
 167 182 185 192]). Marking for exclusion, but computing matrix with zeros for now.
2025-04-15 01:20:31,564 - root - WARNING - Subject 20270 has regions with zero variance (indices: [ 11  24  37  74  90  97 103 105 112 114 123 124 126 132 138 143 163 166
 167 182 185 192]). Marking for exclusion, but computing matrix with zeros for now.
2025-04-15 01:20:31,579 - root - WARNING - Subject 20271 has regions with zero variance (indices: [ 11  24  37  74  90  97 103 105 112 114 123 124 126 132 138 143 163 166
 167 182 185 192]). Marking for exclusion, but computing matrix with zeros for now.
2025-04-15 01:20:31,594 - root - WARNING - Subject 20272 has regions with zero variance (indices: [ 11  24  37  74  90  97 103 105 112 114 123 124 126 132 138 143 163 166
 167 182 185 192]). Marking for exclusion, but computing matrix with zeros for now.
2025-04-15 01:20:31,610 - root - WARNING - Subject 20273 has regions with zero variance (indices: [ 11  24  37  74  90  97 103 105 112 114 123 124 126 132 138 143 163 166
 167 182 185 192]). Marking for exclusion, but computing matrix with zeros for now.
2025-04-15 01:20:31,625 - root - WARNING - Subject 20274 has regions with zero variance (indices: [ 11  24  37  74  90  97 103 105 112 114 123 124 126 132 138 143 163 166
 167 182 185 192]). Marking for exclusion, but computing matrix with zeros for now.
2025-04-15 01:20:31,640 - root - WARNING - Subject 20275 has regions with zero variance (indices: [ 11  24  37  74  90  97 103 105 112 114 123 124 126 132 138 143 163 166
 167 182 185 192]). Marking for exclusion, but computing matrix with zeros for now.
2025-04-15 01:20:31,655 - root - WARNING - Subject 20276 has regions with zero variance (indices: [ 11  24  37  74  90  97 103 105 112 114 123 124 126 132 138 143 163 166
 167 182 185 192]). Marking for exclusion, but computing matrix with zeros for now.
2025-04-15 01:20:31,671 - root - WARNING - Subject 20277 has regions with zero variance (indices: [ 11  24  37  74  90  97 103 105 112 114 123 124 126 132 138 143 163 166
 167 182 185 192]). Marking for exclusion, but computing matrix with zeros for now.
2025-04-15 01:20:31,686 - root - WARNING - Subject 20278 has regions with zero variance (indices: [ 11  24  37  74  90  97 103 105 112 114 123 124 126 132 138 143 163 166
 167 182 185 192]). Marking for exclusion, but computing matrix with zeros for now.
2025-04-15 01:20:31,701 - root - WARNING - Subject 20279 has regions with zero variance (indices: [ 11  24  37  74  90  97 103 105 112 114 123 124 126 132 138 143 163 166
 167 182 185 192]). Marking for exclusion, but computing matrix with zeros for now.
2025-04-15 01:20:31,716 - root - WARNING - Subject 20280 has regions with zero variance (indices: [ 11  24  37  74  90  97 103 105 112 114 123 124 126 132 138 143 163 166
 167 182 185 192]). Marking for exclusion, but computing matrix with zeros for now.
2025-04-15 01:20:31,731 - root - WARNING - Subject 20281 has regions with zero variance (indices: [ 11  24  37  74  90  97 103 105 112 114 123 124 126 132 138 143 163 166
 167 182 185 192]). Marking for exclusion, but computing matrix with zeros for now.
2025-04-15 01:20:31,746 - root - WARNING - Subject 20282 has regions with zero variance (indices: [ 11  24  37  74  90  97 103 105 112 114 123 124 126 132 138 143 163 166
 167 182 185 192]). Marking for exclusion, but computing matrix with zeros for now.
2025-04-15 01:20:31,761 - root - WARNING - Subject 20283 has regions with zero variance (indices: [ 11  24  37  74  90  97 103 105 112 114 123 124 126 132 138 143 163 166
 167 182 185 192]). Marking for exclusion, but computing matrix with zeros for now.
2025-04-15 01:20:31,776 - root - WARNING - Subject 20284 has regions with zero variance (indices: [ 11  24  37  74  90  97 103 105 112 114 123 124 126 132 138 143 163 166
 167 182 185 192]). Marking for exclusion, but computing matrix with zeros for now.
2025-04-15 01:20:31,791 - root - WARNING - Subject 20285 has regions with zero variance (indices: [ 11  24  37  74  90  97 103 105 112 114 123 124 126 132 138 143 163 166
 167 182 185 192]). Marking for exclusion, but computing matrix with zeros for now.
2025-04-15 01:20:31,807 - root - WARNING - Subject 20286 has regions with zero variance (indices: [ 11  24  37  74  90  97 103 105 112 114 123 124 126 132 138 143 163 166
 167 182 185 192]). Marking for exclusion, but computing matrix with zeros for now.
2025-04-15 01:20:31,822 - root - WARNING - Subject 20287 has regions with zero variance (indices: [ 11  24  37  74  90  97 103 105 112 114 123 124 126 132 138 143 163 166
 167 182 185 192]). Marking for exclusion, but computing matrix with zeros for now.
2025-04-15 01:20:31,837 - root - WARNING - Subject 20288 has regions with zero variance (indices: [ 11  24  37  74  90  97 103 105 112 114 123 124 126 132 138 143 163 166
 167 182 185 192]). Marking for exclusion, but computing matrix with zeros for now.
2025-04-15 01:20:31,852 - root - WARNING - Subject 20289 has regions with zero variance (indices: [ 11  24  37  74  90  97 103 105 112 114 123 124 126 132 138 143 163 166
 167 182 185 192]). Marking for exclusion, but computing matrix with zeros for now.
2025-04-15 01:20:31,868 - root - WARNING - Subject 20290 has regions with zero variance (indices: [ 11  24  37  74  90  97 103 105 112 114 123 124 126 132 138 143 163 166
 167 182 185 192]). Marking for exclusion, but computing matrix with zeros for now.
2025-04-15 01:20:31,883 - root - WARNING - Subject 20291 has regions with zero variance (indices: [ 11  24  37  74  90  97 103 105 112 114 123 124 126 132 138 143 163 166
 167 182 185 192]). Marking for exclusion, but computing matrix with zeros for now.
2025-04-15 01:20:31,898 - root - WARNING - Subject 20292 has regions with zero variance (indices: [ 11  24  37  74  90  97 103 105 112 114 123 124 126 132 138 143 163 166
 167 182 185 192]). Marking for exclusion, but computing matrix with zeros for now.
2025-04-15 01:20:31,914 - root - WARNING - Subject 20293 has regions with zero variance (indices: [ 11  24  37  74  90  97 103 105 112 114 123 124 126 132 138 143 163 166
 167 182 185 192]). Marking for exclusion, but computing matrix with zeros for now.
2025-04-15 01:20:31,929 - root - WARNING - Subject 20294 has regions with zero variance (indices: [ 11  24  37  74  90  97 103 105 112 114 123 124 126 132 138 143 163 166
 167 182 185 192]). Marking for exclusion, but computing matrix with zeros for now.
2025-04-15 01:20:31,944 - root - WARNING - Subject 20295 has regions with zero variance (indices: [ 11  24  37  74  90  97 103 105 112 114 123 124 126 132 138 143 163 166
 167 182 185 192]). Marking for exclusion, but computing matrix with zeros for now.
2025-04-15 01:20:31,959 - root - WARNING - Subject 20296 has regions with zero variance (indices: [ 11  24  37  74  90  97 103 105 112 114 123 124 126 132 138 143 163 166
 167 182 185 192]). Marking for exclusion, but computing matrix with zeros for now.
2025-04-15 01:20:31,975 - root - WARNING - Subject 20297 has regions with zero variance (indices: [ 11  24  37  74  90  97 103 105 112 114 123 124 126 132 138 143 163 166
 167 182 185 192]). Marking for exclusion, but computing matrix with zeros for now.
2025-04-15 01:20:31,990 - root - WARNING - Subject 20298 has regions with zero variance (indices: [ 11  24  37  74  90  97 103 105 112 114 123 124 126 132 138 143 163 166
 167 182 185 192]). Marking for exclusion, but computing matrix with zeros for now.
2025-04-15 01:20:32,005 - root - WARNING - Subject 20299 has regions with zero variance (indices: [ 11  24  37  74  90  97 103 105 112 114 123 124 126 132 138 143 163 166
 167 182 185 192]). Marking for exclusion, but computing matrix with zeros for now.
2025-04-15 01:20:32,020 - root - WARNING - Subject 20300 has regions with zero variance (indices: [ 11  24  37  74  90  97 103 105 112 114 123 124 126 132 138 143 163 166
 167 182 185 192]). Marking for exclusion, but computing matrix with zeros for now.
2025-04-15 01:20:32,035 - root - WARNING - Subject 20301 has regions with zero variance (indices: [ 11  24  37  74  90  97 103 105 112 114 123 124 126 132 138 143 163 166
 167 182 185 192]). Marking for exclusion, but computing matrix with zeros for now.
2025-04-15 01:20:32,051 - root - WARNING - Subject 20302 has regions with zero variance (indices: [ 11  24  37  74  90  97 103 105 112 114 123 124 126 132 138 143 163 166
 167 182 185 192]). Marking for exclusion, but computing matrix with zeros for now.
2025-04-15 01:20:32,066 - root - WARNING - Subject 20303 has regions with zero variance (indices: [ 11  24  37  74  90  97 103 105 112 114 123 124 126 132 138 143 163 166
 167 182 185 192]). Marking for exclusion, but computing matrix with zeros for now.
2025-04-15 01:20:32,081 - root - WARNING - Subject 20304 has regions with zero variance (indices: [ 11  24  37  74  90  97 103 105 112 114 123 124 126 132 138 143 163 166
 167 182 185 192]). Marking for exclusion, but computing matrix with zeros for now.
2025-04-15 01:20:32,096 - root - WARNING - Subject 20305 has regions with zero variance (indices: [ 11  24  37  74  90  97 103 105 112 114 123 124 126 132 138 143 163 166
 167 182 185 192]). Marking for exclusion, but computing matrix with zeros for now.
2025-04-15 01:20:32,111 - root - WARNING - Subject 20306 has regions with zero variance (indices: [ 11  24  37  74  90  97 103 105 112 114 123 124 126 132 138 143 163 166
 167 182 185 192]). Marking for exclusion, but computing matrix with zeros for now.
2025-04-15 01:20:32,127 - root - WARNING - Subject 20307 has regions with zero variance (indices: [ 11  24  37  74  90  97 103 105 112 114 123 124 126 132 138 143 163 166
 167 182 185 192]). Marking for exclusion, but computing matrix with zeros for now.
2025-04-15 01:20:32,142 - root - WARNING - Subject 20308 has regions with zero variance (indices: [ 11  24  37  74  90  97 103 105 112 114 123 124 126 132 138 143 163 166
 167 182 185 192]). Marking for exclusion, but computing matrix with zeros for now.
2025-04-15 01:20:32,157 - root - WARNING - Subject 20309 has regions with zero variance (indices: [ 11  24  37  74  90  97 103 105 112 114 123 124 126 132 138 143 163 166
 167 182 185 192]). Marking for exclusion, but computing matrix with zeros for now.
2025-04-15 01:20:32,173 - root - WARNING - Subject 20310 has regions with zero variance (indices: [ 11  24  37  74  90  97 103 105 112 114 123 124 126 132 138 143 163 166
 167 182 185 192]). Marking for exclusion, but computing matrix with zeros for now.
2025-04-15 01:20:32,188 - root - WARNING - Subject 20311 has regions with zero variance (indices: [ 11  24  37  74  90  97 103 105 112 114 123 124 126 132 138 143 163 166
 167 182 185 192]). Marking for exclusion, but computing matrix with zeros for now.
2025-04-15 01:20:32,203 - root - WARNING - Subject 20312 has regions with zero variance (indices: [ 11  24  37  74  90  97 103 105 112 114 123 124 126 132 138 143 163 166
 167 182 185 192]). Marking for exclusion, but computing matrix with zeros for now.
2025-04-15 01:20:32,219 - root - WARNING - Subject 20313 has regions with zero variance (indices: [ 11  24  37  74  90  97 103 105 112 114 123 124 126 132 138 143 163 166
 167 182 185 192]). Marking for exclusion, but computing matrix with zeros for now.
2025-04-15 01:20:32,234 - root - WARNING - Subject 20314 has regions with zero variance (indices: [ 11  24  37  74  90  97 103 105 112 114 123 124 126 132 138 143 163 166
 167 182 185 192]). Marking for exclusion, but computing matrix with zeros for now.
2025-04-15 01:20:32,249 - root - WARNING - Subject 20315 has regions with zero variance (indices: [ 11  24  37  74  90  97 103 105 112 114 123 124 126 132 138 143 163 166
 167 182 185 192]). Marking for exclusion, but computing matrix with zeros for now.
2025-04-15 01:20:32,264 - root - WARNING - Subject 20316 has regions with zero variance (indices: [ 11  24  37  74  90  97 103 105 112 114 123 124 126 132 138 143 163 166
 167 182 185 192]). Marking for exclusion, but computing matrix with zeros for now.
2025-04-15 01:20:32,279 - root - WARNING - Subject 20317 has regions with zero variance (indices: [ 11  24  37  74  90  97 103 105 112 114 123 124 126 132 138 143 163 166
 167 182 185 192]). Marking for exclusion, but computing matrix with zeros for now.
2025-04-15 01:20:32,294 - root - WARNING - Subject 20318 has regions with zero variance (indices: [ 11  24  37  74  90  97 103 105 112 114 123 124 126 132 138 143 163 166
 167 182 185 192]). Marking for exclusion, but computing matrix with zeros for now.
2025-04-15 01:20:32,310 - root - WARNING - Subject 20319 has regions with zero variance (indices: [ 11  24  37  74  90  97 103 105 112 114 123 124 126 132 138 143 163 166
 167 182 185 192]). Marking for exclusion, but computing matrix with zeros for now.
2025-04-15 01:20:32,325 - root - WARNING - Subject 20320 has regions with zero variance (indices: [ 11  24  37  74  90  97 103 105 112 114 123 124 126 132 138 143 163 166
 167 182 185 192]). Marking for exclusion, but computing matrix with zeros for now.
2025-04-15 01:20:32,340 - root - WARNING - Subject 20321 has regions with zero variance (indices: [ 11  24  37  74  90  97 103 105 112 114 123 124 126 132 138 143 163 166
 167 182 185 192]). Marking for exclusion, but computing matrix with zeros for now.
2025-04-15 01:20:32,355 - root - WARNING - Subject 20322 has regions with zero variance (indices: [ 11  24  37  74  90  97 103 105 112 114 123 124 126 132 138 143 163 166
 167 182 185 192]). Marking for exclusion, but computing matrix with zeros for now.
2025-04-15 01:20:32,370 - root - WARNING - Subject 20323 has regions with zero variance (indices: [ 11  24  37  74  90  97 103 105 112 114 123 124 126 132 138 143 163 166
 167 182 185 192]). Marking for exclusion, but computing matrix with zeros for now.
2025-04-15 01:20:32,386 - root - WARNING - Subject 20324 has regions with zero variance (indices: [ 11  24  37  74  90  97 103 105 112 114 123 124 126 132 138 143 163 166
 167 182 185 192]). Marking for exclusion, but computing matrix with zeros for now.
2025-04-15 01:20:32,401 - root - WARNING - Subject 20325 has regions with zero variance (indices: [ 11  24  37  74  90  97 103 105 112 114 123 124 126 132 138 143 163 166
 167 182 185 192]). Marking for exclusion, but computing matrix with zeros for now.
2025-04-15 01:20:32,416 - root - WARNING - Subject 20326 has regions with zero variance (indices: [ 11  24  37  74  90  97 103 105 112 114 123 124 126 132 138 143 163 166
 167 182 185 192]). Marking for exclusion, but computing matrix with zeros for now.
2025-04-15 01:20:32,432 - root - WARNING - Subject 20327 has regions with zero variance (indices: [ 11  24  37  74  90  97 103 105 112 114 123 124 126 132 138 143 163 166
 167 182 185 192]). Marking for exclusion, but computing matrix with zeros for now.
2025-04-15 01:20:32,447 - root - WARNING - Subject 20328 has regions with zero variance (indices: [ 11  24  37  74  90  97 103 105 112 114 123 124 126 132 138 143 163 166
 167 182 185 192]). Marking for exclusion, but computing matrix with zeros for now.
2025-04-15 01:20:32,462 - root - WARNING - Subject 20329 has regions with zero variance (indices: [ 11  24  37  74  90  97 103 105 112 114 123 124 126 132 138 143 163 166
 167 182 185 192]). Marking for exclusion, but computing matrix with zeros for now.
2025-04-15 01:20:32,477 - root - WARNING - Subject 20330 has regions with zero variance (indices: [ 11  24  37  74  90  97 103 105 112 114 123 124 126 132 138 143 163 166
 167 182 185 192]). Marking for exclusion, but computing matrix with zeros for now.
2025-04-15 01:20:32,492 - root - WARNING - Subject 20331 has regions with zero variance (indices: [ 11  24  37  74  90  97 103 105 112 114 123 124 126 132 138 143 163 166
 167 182 185 192]). Marking for exclusion, but computing matrix with zeros for now.
2025-04-15 01:20:32,507 - root - WARNING - Subject 20332 has regions with zero variance (indices: [ 11  24  37  74  90  97 103 105 112 114 123 124 126 132 138 143 163 166
 167 182 185 192]). Marking for exclusion, but computing matrix with zeros for now.
2025-04-15 01:20:32,522 - root - WARNING - Subject 20333 has regions with zero variance (indices: [ 11  24  37  74  90  97 103 105 112 114 123 124 126 132 138 143 163 166
 167 182 185 192]). Marking for exclusion, but computing matrix with zeros for now.
2025-04-15 01:20:32,537 - root - WARNING - Subject 20334 has regions with zero variance (indices: [ 11  24  37  74  90  97 103 105 112 114 123 124 126 132 138 143 163 166
 167 182 185 192]). Marking for exclusion, but computing matrix with zeros for now.
2025-04-15 01:20:32,552 - root - WARNING - Subject 20335 has regions with zero variance (indices: [ 11  24  37  74  90  97 103 105 112 114 123 124 126 132 138 143 163 166
 167 182 185 192]). Marking for exclusion, but computing matrix with zeros for now.
2025-04-15 01:20:32,568 - root - WARNING - Subject 20336 has regions with zero variance (indices: [ 11  24  37  74  90  97 103 105 112 114 123 124 126 132 138 143 163 166
 167 182 185 192]). Marking for exclusion, but computing matrix with zeros for now.
2025-04-15 01:20:32,583 - root - WARNING - Subject 20337 has regions with zero variance (indices: [ 11  24  37  74  90  97 103 105 112 114 123 124 126 132 138 143 163 166
 167 182 185 192]). Marking for exclusion, but computing matrix with zeros for now.
2025-04-15 01:20:32,598 - root - WARNING - Subject 20338 has regions with zero variance (indices: [ 11  24  37  74  90  97 103 105 112 114 123 124 126 132 138 143 163 166
 167 182 185 192]). Marking for exclusion, but computing matrix with zeros for now.
2025-04-15 01:20:32,613 - root - WARNING - Subject 20339 has regions with zero variance (indices: [ 11  24  37  74  90  97 103 105 112 114 123 124 126 132 138 143 163 166
 167 182 185 192]). Marking for exclusion, but computing matrix with zeros for now.
2025-04-15 01:20:32,629 - root - WARNING - Subject 20340 has regions with zero variance (indices: [ 11  24  37  74  90  97 103 105 112 114 123 124 126 132 138 143 163 166
 167 182 185 192]). Marking for exclusion, but computing matrix with zeros for now.
2025-04-15 01:20:32,644 - root - WARNING - Subject 20341 has regions with zero variance (indices: [ 11  24  37  74  90  97 103 105 112 114 123 124 126 132 138 143 163 166
 167 182 185 192]). Marking for exclusion, but computing matrix with zeros for now.
2025-04-15 01:20:32,659 - root - WARNING - Subject 20342 has regions with zero variance (indices: [ 11  24  37  74  90  97 103 105 112 114 123 124 126 132 138 143 163 166
 167 182 185 192]). Marking for exclusion, but computing matrix with zeros for now.
2025-04-15 01:20:32,674 - root - WARNING - Subject 20343 has regions with zero variance (indices: [ 11  24  37  74  90  97 103 105 112 114 123 124 126 132 138 143 163 166
 167 182 185 192]). Marking for exclusion, but computing matrix with zeros for now.
2025-04-15 01:20:32,689 - root - WARNING - Subject 20344 has regions with zero variance (indices: [ 11  24  37  74  90  97 103 105 112 114 123 124 126 132 138 143 163 166
 167 182 185 192]). Marking for exclusion, but computing matrix with zeros for now.
2025-04-15 01:20:32,705 - root - WARNING - Subject 20345 has regions with zero variance (indices: [ 11  24  37  74  90  97 103 105 112 114 123 124 126 132 138 143 163 166
 167 182 185 192]). Marking for exclusion, but computing matrix with zeros for now.
2025-04-15 01:20:32,720 - root - WARNING - Subject 20346 has regions with zero variance (indices: [ 11  24  37  74  90  97 103 105 112 114 123 124 126 132 138 143 163 166
 167 182 185 192]). Marking for exclusion, but computing matrix with zeros for now.
2025-04-15 01:20:32,735 - root - WARNING - Subject 20347 has regions with zero variance (indices: [ 11  24  37  74  90  97 103 105 112 114 123 124 126 132 138 143 163 166
 167 182 185 192]). Marking for exclusion, but computing matrix with zeros for now.
2025-04-15 01:20:32,750 - root - WARNING - Subject 20348 has regions with zero variance (indices: [ 11  24  37  74  90  97 103 105 112 114 123 124 126 132 138 143 163 166
 167 182 185 192]). Marking for exclusion, but computing matrix with zeros for now.
2025-04-15 01:20:32,766 - root - WARNING - Subject 20349 has regions with zero variance (indices: [ 11  24  37  74  90  97 103 105 112 114 123 124 126 132 138 143 163 166
 167 182 185 192]). Marking for exclusion, but computing matrix with zeros for now.
2025-04-15 01:20:32,781 - root - WARNING - Subject 20350 has regions with zero variance (indices: [ 11  24  37  74  90  97 103 105 112 114 123 124 126 132 138 143 163 166
 167 182 185 192]). Marking for exclusion, but computing matrix with zeros for now.
2025-04-15 01:20:32,796 - root - WARNING - Subject 20351 has regions with zero variance (indices: [ 11  24  37  74  90  97 103 105 112 114 123 124 126 132 138 143 163 166
 167 182 185 192]). Marking for exclusion, but computing matrix with zeros for now.
2025-04-15 01:20:32,811 - root - WARNING - Subject 20352 has regions with zero variance (indices: [ 11  24  37  74  90  97 103 105 112 114 123 124 126 132 138 143 163 166
 167 182 185 192]). Marking for exclusion, but computing matrix with zeros for now.
2025-04-15 01:20:32,826 - root - WARNING - Subject 20353 has regions with zero variance (indices: [ 11  24  37  74  90  97 103 105 112 114 123 124 126 132 138 143 163 166
 167 182 185 192]). Marking for exclusion, but computing matrix with zeros for now.
2025-04-15 01:20:32,841 - root - WARNING - Subject 20354 has regions with zero variance (indices: [ 11  24  37  74  90  97 103 105 112 114 123 124 126 132 138 143 163 166
 167 182 185 192]). Marking for exclusion, but computing matrix with zeros for now.
2025-04-15 01:20:32,857 - root - WARNING - Subject 20355 has regions with zero variance (indices: [ 11  24  37  74  90  97 103 105 112 114 123 124 126 132 138 143 163 166
 167 182 185 192]). Marking for exclusion, but computing matrix with zeros for now.
2025-04-15 01:20:32,872 - root - WARNING - Subject 20356 has regions with zero variance (indices: [ 11  24  37  74  90  97 103 105 112 114 123 124 126 132 138 143 163 166
 167 182 185 192]). Marking for exclusion, but computing matrix with zeros for now.
2025-04-15 01:20:32,887 - root - WARNING - Subject 20357 has regions with zero variance (indices: [ 11  24  37  74  90  97 103 105 112 114 123 124 126 132 138 143 163 166
 167 182 185 192]). Marking for exclusion, but computing matrix with zeros for now.
2025-04-15 01:20:32,902 - root - WARNING - Subject 20358 has regions with zero variance (indices: [ 11  24  37  74  90  97 103 105 112 114 123 124 126 132 138 143 163 166
 167 182 185 192]). Marking for exclusion, but computing matrix with zeros for now.
2025-04-15 01:20:32,917 - root - WARNING - Subject 20359 has regions with zero variance (indices: [ 11  24  37  74  90  97 103 105 112 114 123 124 126 132 138 143 163 166
 167 182 185 192]). Marking for exclusion, but computing matrix with zeros for now.
2025-04-15 01:20:32,933 - root - WARNING - Subject 20360 has regions with zero variance (indices: [ 11  24  37  74  90  97 103 105 112 114 123 124 126 132 138 143 163 166
 167 182 185 192]). Marking for exclusion, but computing matrix with zeros for now.
2025-04-15 01:20:32,948 - root - WARNING - Subject 20361 has regions with zero variance (indices: [ 11  24  37  74  90  97 103 105 112 114 123 124 126 132 138 143 163 166
 167 182 185 192]). Marking for exclusion, but computing matrix with zeros for now.
2025-04-15 01:20:32,963 - root - WARNING - Subject 20362 has regions with zero variance (indices: [ 11  24  37  74  90  97 103 105 112 114 123 124 126 132 138 143 163 166
 167 182 185 192]). Marking for exclusion, but computing matrix with zeros for now.
2025-04-15 01:20:32,979 - root - WARNING - Subject 20363 has regions with zero variance (indices: [ 11  24  37  74  90  97 103 105 112 114 123 124 126 132 138 143 163 166
 167 182 185 192]). Marking for exclusion, but computing matrix with zeros for now.
2025-04-15 01:20:32,994 - root - WARNING - Subject 20364 has regions with zero variance (indices: [ 11  24  37  74  90  97 103 105 112 114 123 124 126 132 138 143 163 166
 167 182 185 192]). Marking for exclusion, but computing matrix with zeros for now.
2025-04-15 01:20:33,009 - root - WARNING - Subject 20365 has regions with zero variance (indices: [ 11  24  37  74  90  97 103 105 112 114 123 124 126 132 138 143 163 166
 167 182 185 192]). Marking for exclusion, but computing matrix with zeros for now.
2025-04-15 01:20:33,024 - root - WARNING - Subject 20366 has regions with zero variance (indices: [ 11  24  37  74  90  97 103 105 112 114 123 124 126 132 138 143 163 166
 167 182 185 192]). Marking for exclusion, but computing matrix with zeros for now.
2025-04-15 01:20:33,040 - root - WARNING - Subject 20367 has regions with zero variance (indices: [ 11  24  37  74  90  97 103 105 112 114 123 124 126 132 138 143 163 166
 167 182 185 192]). Marking for exclusion, but computing matrix with zeros for now.
2025-04-15 01:20:33,055 - root - WARNING - Subject 20368 has regions with zero variance (indices: [ 11  24  37  74  90  97 103 105 112 114 123 124 126 132 138 143 163 166
 167 182 185 192]). Marking for exclusion, but computing matrix with zeros for now.
2025-04-15 01:20:33,070 - root - WARNING - Subject 20369 has regions with zero variance (indices: [ 11  24  37  74  90  97 103 105 112 114 123 124 126 132 138 143 163 166
 167 182 185 192]). Marking for exclusion, but computing matrix with zeros for now.
2025-04-15 01:20:33,086 - root - WARNING - Subject 20370 has regions with zero variance (indices: [ 11  24  37  74  90  97 103 105 112 114 123 124 126 132 138 143 163 166
 167 182 185 192]). Marking for exclusion, but computing matrix with zeros for now.
2025-04-15 01:20:33,101 - root - WARNING - Subject 20371 has regions with zero variance (indices: [ 11  24  37  74  90  97 103 105 112 114 123 124 126 132 138 143 163 166
 167 182 185 192]). Marking for exclusion, but computing matrix with zeros for now.
2025-04-15 01:20:33,116 - root - WARNING - Subject 20372 has regions with zero variance (indices: [ 11  24  37  74  90  97 103 105 112 114 123 124 126 132 138 143 163 166
 167 182 185 192]). Marking for exclusion, but computing matrix with zeros for now.
2025-04-15 01:20:33,132 - root - WARNING - Subject 20373 has regions with zero variance (indices: [ 11  24  37  74  90  97 103 105 112 114 123 124 126 132 138 143 163 166
 167 182 185 192]). Marking for exclusion, but computing matrix with zeros for now.
2025-04-15 01:20:33,147 - root - WARNING - Subject 20374 has regions with zero variance (indices: [ 11  24  37  74  90  97 103 105 112 114 123 124 126 132 138 143 163 166
 167 182 185 192]). Marking for exclusion, but computing matrix with zeros for now.
2025-04-15 01:20:33,162 - root - WARNING - Subject 20375 has regions with zero variance (indices: [ 11  24  37  74  90  97 103 105 112 114 123 124 126 132 138 143 163 166
 167 182 185 192]). Marking for exclusion, but computing matrix with zeros for now.
2025-04-15 01:20:33,177 - root - WARNING - Subject 20376 has regions with zero variance (indices: [ 11  24  37  74  90  97 103 105 112 114 123 124 126 132 138 143 163 166
 167 182 185 192]). Marking for exclusion, but computing matrix with zeros for now.
2025-04-15 01:20:33,193 - root - WARNING - Subject 20377 has regions with zero variance (indices: [ 11  24  37  74  90  97 103 105 112 114 123 124 126 132 138 143 163 166
 167 182 185 192]). Marking for exclusion, but computing matrix with zeros for now.
2025-04-15 01:20:33,208 - root - WARNING - Subject 20378 has regions with zero variance (indices: [ 11  24  37  74  90  97 103 105 112 114 123 124 126 132 138 143 163 166
 167 182 185 192]). Marking for exclusion, but computing matrix with zeros for now.
2025-04-15 01:20:33,223 - root - WARNING - Subject 20379 has regions with zero variance (indices: [ 11  24  37  74  90  97 103 105 112 114 123 124 126 132 138 143 163 166
 167 182 185 192]). Marking for exclusion, but computing matrix with zeros for now.
2025-04-15 01:20:33,238 - root - WARNING - Subject 20380 has regions with zero variance (indices: [ 11  24  37  74  90  97 103 105 112 114 123 124 126 132 138 143 163 166
 167 182 185 192]). Marking for exclusion, but computing matrix with zeros for now.
2025-04-15 01:20:33,254 - root - WARNING - Subject 20381 has regions with zero variance (indices: [ 11  24  37  74  90  97 103 105 112 114 123 124 126 132 138 143 163 166
 167 182 185 192]). Marking for exclusion, but computing matrix with zeros for now.
2025-04-15 01:20:33,269 - root - WARNING - Subject 20382 has regions with zero variance (indices: [ 11  24  37  74  90  97 103 105 112 114 123 124 126 132 138 143 163 166
 167 182 185 192]). Marking for exclusion, but computing matrix with zeros for now.
2025-04-15 01:20:33,284 - root - WARNING - Subject 20383 has regions with zero variance (indices: [ 11  24  37  74  90  97 103 105 112 114 123 124 126 132 138 143 163 166
 167 182 185 192]). Marking for exclusion, but computing matrix with zeros for now.
2025-04-15 01:20:33,300 - root - WARNING - Subject 20384 has regions with zero variance (indices: [ 11  24  37  74  90  97 103 105 112 114 123 124 126 132 138 143 163 166
 167 182 185 192]). Marking for exclusion, but computing matrix with zeros for now.
2025-04-15 01:20:33,315 - root - WARNING - Subject 20385 has regions with zero variance (indices: [ 11  24  37  74  90  97 103 105 112 114 123 124 126 132 138 143 163 166
 167 182 185 192]). Marking for exclusion, but computing matrix with zeros for now.
2025-04-15 01:20:33,331 - root - WARNING - Subject 20386 has regions with zero variance (indices: [ 11  24  37  74  90  97 103 105 112 114 123 124 126 132 138 143 163 166
 167 182 185 192]). Marking for exclusion, but computing matrix with zeros for now.
2025-04-15 01:20:33,346 - root - WARNING - Subject 20387 has regions with zero variance (indices: [ 11  24  37  74  90  97 103 105 112 114 123 124 126 132 138 143 163 166
 167 182 185 192]). Marking for exclusion, but computing matrix with zeros for now.
2025-04-15 01:20:33,362 - root - WARNING - Subject 20388 has regions with zero variance (indices: [ 11  24  37  74  90  97 103 105 112 114 123 124 126 132 138 143 163 166
 167 182 185 192]). Marking for exclusion, but computing matrix with zeros for now.
2025-04-15 01:20:33,377 - root - WARNING - Subject 20389 has regions with zero variance (indices: [ 11  24  37  74  90  97 103 105 112 114 123 124 126 132 138 143 163 166
 167 182 185 192]). Marking for exclusion, but computing matrix with zeros for now.
2025-04-15 01:20:33,392 - root - WARNING - Subject 20390 has regions with zero variance (indices: [ 11  24  37  74  90  97 103 105 112 114 123 124 126 132 138 143 163 166
 167 182 185 192]). Marking for exclusion, but computing matrix with zeros for now.
2025-04-15 01:20:33,408 - root - WARNING - Subject 20391 has regions with zero variance (indices: [ 11  24  37  74  90  97 103 105 112 114 123 124 126 132 138 143 163 166
 167 182 185 192]). Marking for exclusion, but computing matrix with zeros for now.
2025-04-15 01:20:33,423 - root - WARNING - Subject 20392 has regions with zero variance (indices: [ 11  24  37  74  90  97 103 105 112 114 123 124 126 132 138 143 163 166
 167 182 185 192]). Marking for exclusion, but computing matrix with zeros for now.
2025-04-15 01:20:33,438 - root - WARNING - Subject 20393 has regions with zero variance (indices: [ 11  24  37  74  90  97 103 105 112 114 123 124 126 132 138 143 163 166
 167 182 185 192]). Marking for exclusion, but computing matrix with zeros for now.
2025-04-15 01:20:33,454 - root - WARNING - Subject 20394 has regions with zero variance (indices: [ 11  24  37  74  90  97 103 105 112 114 123 124 126 132 138 143 163 166
 167 182 185 192]). Marking for exclusion, but computing matrix with zeros for now.
2025-04-15 01:20:33,469 - root - WARNING - Subject 20395 has regions with zero variance (indices: [ 11  24  37  74  90  97 103 105 112 114 123 124 126 132 138 143 163 166
 167 182 185 192]). Marking for exclusion, but computing matrix with zeros for now.
2025-04-15 01:20:33,485 - root - WARNING - Subject 20396 has regions with zero variance (indices: [ 11  24  37  74  90  97 103 105 112 114 123 124 126 132 138 143 163 166
 167 182 185 192]). Marking for exclusion, but computing matrix with zeros for now.
2025-04-15 01:20:33,500 - root - WARNING - Subject 20397 has regions with zero variance (indices: [ 11  24  37  74  90  97 103 105 112 114 123 124 126 132 138 143 163 166
 167 182 185 192]). Marking for exclusion, but computing matrix with zeros for now.
2025-04-15 01:20:33,515 - root - WARNING - Subject 20398 has regions with zero variance (indices: [ 11  24  37  74  90  97 103 105 112 114 123 124 126 132 138 143 163 166
 167 182 185 192]). Marking for exclusion, but computing matrix with zeros for now.
2025-04-15 01:20:33,531 - root - WARNING - Subject 20399 has regions with zero variance (indices: [ 11  24  37  74  90  97 103 105 112 114 123 124 126 132 138 143 163 166
 167 182 185 192]). Marking for exclusion, but computing matrix with zeros for now.
2025-04-15 01:20:33,546 - root - WARNING - Subject 20400 has regions with zero variance (indices: [ 11  24  37  74  90  97 103 105 112 114 123 124 126 132 138 143 163 166
 167 182 185 192]). Marking for exclusion, but computing matrix with zeros for now.
2025-04-15 01:20:33,561 - root - WARNING - Subject 20401 has regions with zero variance (indices: [ 11  24  37  74  90  97 103 105 112 114 123 124 126 132 138 143 163 166
 167 182 185 192]). Marking for exclusion, but computing matrix with zeros for now.
2025-04-15 01:20:33,577 - root - WARNING - Subject 20402 has regions with zero variance (indices: [ 11  24  37  74  90  97 103 105 112 114 123 124 126 132 138 143 163 166
 167 182 185 192]). Marking for exclusion, but computing matrix with zeros for now.
2025-04-15 01:20:33,592 - root - WARNING - Subject 20403 has regions with zero variance (indices: [ 11  24  37  74  90  97 103 105 112 114 123 124 126 132 138 143 163 166
 167 182 185 192]). Marking for exclusion, but computing matrix with zeros for now.
2025-04-15 01:20:33,607 - root - WARNING - Subject 20404 has regions with zero variance (indices: [ 11  24  37  74  90  97 103 105 112 114 123 124 126 132 138 143 163 166
 167 182 185 192]). Marking for exclusion, but computing matrix with zeros for now.
2025-04-15 01:20:33,623 - root - WARNING - Subject 20405 has regions with zero variance (indices: [ 11  24  37  74  90  97 103 105 112 114 123 124 126 132 138 143 163 166
 167 182 185 192]). Marking for exclusion, but computing matrix with zeros for now.
2025-04-15 01:20:33,638 - root - WARNING - Subject 20406 has regions with zero variance (indices: [ 11  24  37  74  90  97 103 105 112 114 123 124 126 132 138 143 163 166
 167 182 185 192]). Marking for exclusion, but computing matrix with zeros for now.
2025-04-15 01:20:33,654 - root - WARNING - Subject 20407 has regions with zero variance (indices: [ 11  24  37  74  90  97 103 105 112 114 123 124 126 132 138 143 163 166
 167 182 185 192]). Marking for exclusion, but computing matrix with zeros for now.
2025-04-15 01:20:33,669 - root - WARNING - Subject 20408 has regions with zero variance (indices: [ 11  24  37  74  90  97 103 105 112 114 123 124 126 132 138 143 163 166
 167 182 185 192]). Marking for exclusion, but computing matrix with zeros for now.
2025-04-15 01:20:33,684 - root - WARNING - Subject 20409 has regions with zero variance (indices: [ 11  24  37  74  90  97 103 105 112 114 123 124 126 132 138 143 163 166
 167 182 185 192]). Marking for exclusion, but computing matrix with zeros for now.
2025-04-15 01:20:33,700 - root - WARNING - Subject 20410 has regions with zero variance (indices: [ 11  24  37  74  90  97 103 105 112 114 123 124 126 132 138 143 163 166
 167 182 185 192]). Marking for exclusion, but computing matrix with zeros for now.
2025-04-15 01:20:33,715 - root - WARNING - Subject 20411 has regions with zero variance (indices: [ 11  24  37  74  90  97 103 105 112 114 123 124 126 132 138 143 163 166
 167 182 185 192]). Marking for exclusion, but computing matrix with zeros for now.
2025-04-15 01:20:33,730 - root - WARNING - Subject 20412 has regions with zero variance (indices: [ 11  24  37  74  90  97 103 105 112 114 123 124 126 132 138 143 163 166
 167 182 185 192]). Marking for exclusion, but computing matrix with zeros for now.
2025-04-15 01:20:33,746 - root - WARNING - Subject 20413 has regions with zero variance (indices: [ 11  24  37  74  90  97 103 105 112 114 123 124 126 132 138 143 163 166
 167 182 185 192]). Marking for exclusion, but computing matrix with zeros for now.
2025-04-15 01:20:33,761 - root - WARNING - Subject 20414 has regions with zero variance (indices: [ 11  24  37  74  90  97 103 105 112 114 123 124 126 132 138 143 163 166
 167 182 185 192]). Marking for exclusion, but computing matrix with zeros for now.
2025-04-15 01:20:33,776 - root - WARNING - Subject 20415 has regions with zero variance (indices: [ 11  24  37  74  90  97 103 105 112 114 123 124 126 132 138 143 163 166
 167 182 185 192]). Marking for exclusion, but computing matrix with zeros for now.
2025-04-15 01:20:33,791 - root - WARNING - Subject 20416 has regions with zero variance (indices: [ 11  24  37  74  90  97 103 105 112 114 123 124 126 132 138 143 163 166
 167 182 185 192]). Marking for exclusion, but computing matrix with zeros for now.
2025-04-15 01:20:33,806 - root - WARNING - Subject 20417 has regions with zero variance (indices: [ 11  24  37  74  90  97 103 105 112 114 123 124 126 132 138 143 163 166
 167 182 185 192]). Marking for exclusion, but computing matrix with zeros for now.
2025-04-15 01:20:33,822 - root - WARNING - Subject 20418 has regions with zero variance (indices: [ 11  24  37  74  90  97 103 105 112 114 123 124 126 132 138 143 163 166
 167 182 185 192]). Marking for exclusion, but computing matrix with zeros for now.
2025-04-15 01:20:33,837 - root - WARNING - Subject 20419 has regions with zero variance (indices: [ 11  24  37  74  90  97 103 105 112 114 123 124 126 132 138 143 163 166
 167 182 185 192]). Marking for exclusion, but computing matrix with zeros for now.
2025-04-15 01:20:33,852 - root - WARNING - Subject 20420 has regions with zero variance (indices: [ 11  24  37  74  90  97 103 105 112 114 123 124 126 132 138 143 163 166
 167 182 185 192]). Marking for exclusion, but computing matrix with zeros for now.
2025-04-15 01:20:33,867 - root - WARNING - Subject 20421 has regions with zero variance (indices: [ 11  24  37  74  90  97 103 105 112 114 123 124 126 132 138 143 163 166
 167 182 185 192]). Marking for exclusion, but computing matrix with zeros for now.
2025-04-15 01:20:33,882 - root - WARNING - Subject 20422 has regions with zero variance (indices: [ 11  24  37  74  90  97 103 105 112 114 123 124 126 132 138 143 163 166
 167 182 185 192]). Marking for exclusion, but computing matrix with zeros for now.
2025-04-15 01:20:33,898 - root - WARNING - Subject 20423 has regions with zero variance (indices: [ 11  24  37  74  90  97 103 105 112 114 123 124 126 132 138 143 163 166
 167 182 185 192]). Marking for exclusion, but computing matrix with zeros for now.
2025-04-15 01:20:33,913 - root - WARNING - Subject 20424 has regions with zero variance (indices: [ 11  24  37  74  90  97 103 105 112 114 123 124 126 132 138 143 163 166
 167 182 185 192]). Marking for exclusion, but computing matrix with zeros for now.
2025-04-15 01:20:33,928 - root - WARNING - Subject 20425 has regions with zero variance (indices: [ 11  24  37  74  90  97 103 105 112 114 123 124 126 132 138 143 163 166
 167 182 185 192]). Marking for exclusion, but computing matrix with zeros for now.
2025-04-15 01:20:33,944 - root - WARNING - Subject 20426 has regions with zero variance (indices: [ 11  24  37  74  90  97 103 105 112 114 123 124 126 132 138 143 163 166
 167 182 185 192]). Marking for exclusion, but computing matrix with zeros for now.
2025-04-15 01:20:33,959 - root - WARNING - Subject 20427 has regions with zero variance (indices: [ 11  24  37  74  90  97 103 105 112 114 123 124 126 132 138 143 163 166
 167 182 185 192]). Marking for exclusion, but computing matrix with zeros for now.
2025-04-15 01:20:33,974 - root - WARNING - Subject 20428 has regions with zero variance (indices: [ 11  24  37  74  90  97 103 105 112 114 123 124 126 132 138 143 163 166
 167 182 185 192]). Marking for exclusion, but computing matrix with zeros for now.
2025-04-15 01:20:33,990 - root - WARNING - Subject 20429 has regions with zero variance (indices: [ 11  24  37  74  90  97 103 105 112 114 123 124 126 132 138 143 163 166
 167 182 185 192]). Marking for exclusion, but computing matrix with zeros for now.
2025-04-15 01:20:34,005 - root - WARNING - Subject 20430 has regions with zero variance (indices: [ 11  24  37  74  90  97 103 105 112 114 123 124 126 132 138 143 163 166
 167 182 185 192]). Marking for exclusion, but computing matrix with zeros for now.
2025-04-15 01:20:34,020 - root - WARNING - Subject 20431 has regions with zero variance (indices: [ 11  24  37  74  90  97 103 105 112 114 123 124 126 132 138 143 163 166
 167 182 185 192]). Marking for exclusion, but computing matrix with zeros for now.
2025-04-15 01:20:34,036 - root - WARNING - Subject 20432 has regions with zero variance (indices: [ 11  24  37  74  90  97 103 105 112 114 123 124 126 132 138 143 163 166
 167 182 185 192]). Marking for exclusion, but computing matrix with zeros for now.
2025-04-15 01:20:34,051 - root - WARNING - Subject 20433 has regions with zero variance (indices: [ 11  24  37  74  90  97 103 105 112 114 123 124 126 132 138 143 163 166
 167 182 185 192]). Marking for exclusion, but computing matrix with zeros for now.
2025-04-15 01:20:34,067 - root - WARNING - Subject 20434 has regions with zero variance (indices: [ 11  24  37  74  90  97 103 105 112 114 123 124 126 132 138 143 163 166
 167 182 185 192]). Marking for exclusion, but computing matrix with zeros for now.
2025-04-15 01:20:34,082 - root - WARNING - Subject 20435 has regions with zero variance (indices: [ 11  24  37  74  90  97 103 105 112 114 123 124 126 132 138 143 163 166
 167 182 185 192]). Marking for exclusion, but computing matrix with zeros for now.
2025-04-15 01:20:34,097 - root - WARNING - Subject 20436 has regions with zero variance (indices: [ 11  24  37  74  90  97 103 105 112 114 123 124 126 132 138 143 163 166
 167 182 185 192]). Marking for exclusion, but computing matrix with zeros for now.
2025-04-15 01:20:34,113 - root - WARNING - Subject 20437 has regions with zero variance (indices: [ 11  24  37  74  90  97 103 105 112 114 123 124 126 132 138 143 163 166
 167 182 185 192]). Marking for exclusion, but computing matrix with zeros for now.
2025-04-15 01:20:34,128 - root - WARNING - Subject 20438 has regions with zero variance (indices: [ 11  24  37  74  90  97 103 105 112 114 123 124 126 132 138 143 163 166
 167 182 185 192]). Marking for exclusion, but computing matrix with zeros for now.
2025-04-15 01:20:34,143 - root - WARNING - Subject 20439 has regions with zero variance (indices: [ 11  24  37  74  90  97 103 105 112 114 123 124 126 132 138 143 163 166
 167 182 185 192]). Marking for exclusion, but computing matrix with zeros for now.
2025-04-15 01:20:34,158 - root - WARNING - Subject 20440 has regions with zero variance (indices: [ 11  24  37  74  90  97 103 105 112 114 123 124 126 132 138 143 163 166
 167 182 185 192]). Marking for exclusion, but computing matrix with zeros for now.
2025-04-15 01:20:34,173 - root - WARNING - Subject 20441 has regions with zero variance (indices: [ 11  24  37  74  90  97 103 105 112 114 123 124 126 132 138 143 163 166
 167 182 185 192]). Marking for exclusion, but computing matrix with zeros for now.
2025-04-15 01:20:34,189 - root - WARNING - Subject 20442 has regions with zero variance (indices: [ 11  24  37  74  90  97 103 105 112 114 123 124 126 132 138 143 163 166
 167 182 185 192]). Marking for exclusion, but computing matrix with zeros for now.
2025-04-15 01:20:34,204 - root - WARNING - Subject 20443 has regions with zero variance (indices: [ 11  24  37  74  90  97 103 105 112 114 123 124 126 132 138 143 163 166
 167 182 185 192]). Marking for exclusion, but computing matrix with zeros for now.
2025-04-15 01:20:34,219 - root - WARNING - Subject 20444 has regions with zero variance (indices: [ 11  24  37  74  90  97 103 105 112 114 123 124 126 132 138 143 163 166
 167 182 185 192]). Marking for exclusion, but computing matrix with zeros for now.
2025-04-15 01:20:34,234 - root - WARNING - Subject 20445 has regions with zero variance (indices: [ 11  24  37  74  90  97 103 105 112 114 123 124 126 132 138 143 163 166
 167 182 185 192]). Marking for exclusion, but computing matrix with zeros for now.
2025-04-15 01:20:34,249 - root - WARNING - Subject 20446 has regions with zero variance (indices: [ 11  24  37  74  90  97 103 105 112 114 123 124 126 132 138 143 163 166
 167 182 185 192]). Marking for exclusion, but computing matrix with zeros for now.
2025-04-15 01:20:34,265 - root - WARNING - Subject 20447 has regions with zero variance (indices: [ 11  24  37  74  90  97 103 105 112 114 123 124 126 132 138 143 163 166
 167 182 185 192]). Marking for exclusion, but computing matrix with zeros for now.
2025-04-15 01:20:34,280 - root - WARNING - Subject 20448 has regions with zero variance (indices: [ 11  24  37  74  90  97 103 105 112 114 123 124 126 132 138 143 163 166
 167 182 185 192]). Marking for exclusion, but computing matrix with zeros for now.
2025-04-15 01:20:34,295 - root - WARNING - Subject 20449 has regions with zero variance (indices: [ 11  24  37  74  90  97 103 105 112 114 123 124 126 132 138 143 163 166
 167 182 185 192]). Marking for exclusion, but computing matrix with zeros for now.
2025-04-15 01:20:34,310 - root - WARNING - Subject 20450 has regions with zero variance (indices: [ 11  24  37  74  90  97 103 105 112 114 123 124 126 132 138 143 163 166
 167 182 185 192]). Marking for exclusion, but computing matrix with zeros for now.
2025-04-15 01:20:34,326 - root - WARNING - Subject 20451 has regions with zero variance (indices: [ 11  24  37  74  90  97 103 105 112 114 123 124 126 132 138 143 163 166
 167 182 185 192]). Marking for exclusion, but computing matrix with zeros for now.
2025-04-15 01:20:34,341 - root - WARNING - Subject 20452 has regions with zero variance (indices: [ 11  24  37  74  90  97 103 105 112 114 123 124 126 132 138 143 163 166
 167 182 185 192]). Marking for exclusion, but computing matrix with zeros for now.
2025-04-15 01:20:34,356 - root - WARNING - Subject 20453 has regions with zero variance (indices: [ 11  24  37  74  90  97 103 105 112 114 123 124 126 132 138 143 163 166
 167 182 185 192]). Marking for exclusion, but computing matrix with zeros for now.
2025-04-15 01:20:34,371 - root - WARNING - Subject 20454 has regions with zero variance (indices: [ 11  24  37  74  90  97 103 105 112 114 123 124 126 132 138 143 163 166
 167 182 185 192]). Marking for exclusion, but computing matrix with zeros for now.
2025-04-15 01:20:34,386 - root - WARNING - Subject 20455 has regions with zero variance (indices: [ 11  24  37  74  90  97 103 105 112 114 123 124 126 132 138 143 163 166
 167 182 185 192]). Marking for exclusion, but computing matrix with zeros for now.
2025-04-15 01:20:34,402 - root - WARNING - Subject 20456 has regions with zero variance (indices: [ 11  24  37  74  90  97 103 105 112 114 123 124 126 132 138 143 163 166
 167 182 185 192]). Marking for exclusion, but computing matrix with zeros for now.
2025-04-15 01:20:34,417 - root - WARNING - Subject 20457 has regions with zero variance (indices: [ 11  24  37  74  90  97 103 105 112 114 123 124 126 132 138 143 163 166
 167 182 185 192]). Marking for exclusion, but computing matrix with zeros for now.
2025-04-15 01:20:34,432 - root - WARNING - Subject 20458 has regions with zero variance (indices: [ 11  24  37  74  90  97 103 105 112 114 123 124 126 132 138 143 163 166
 167 182 185 192]). Marking for exclusion, but computing matrix with zeros for now.
2025-04-15 01:20:34,447 - root - WARNING - Subject 20459 has regions with zero variance (indices: [ 11  24  37  74  90  97 103 105 112 114 123 124 126 132 138 143 163 166
 167 182 185 192]). Marking for exclusion, but computing matrix with zeros for now.
2025-04-15 01:20:34,462 - root - WARNING - Subject 20460 has regions with zero variance (indices: [ 11  24  37  74  90  97 103 105 112 114 123 124 126 132 138 143 163 166
 167 182 185 192]). Marking for exclusion, but computing matrix with zeros for now.
2025-04-15 01:20:34,477 - root - WARNING - Subject 20461 has regions with zero variance (indices: [ 11  24  37  74  90  97 103 105 112 114 123 124 126 132 138 143 163 166
 167 182 185 192]). Marking for exclusion, but computing matrix with zeros for now.
2025-04-15 01:20:34,492 - root - WARNING - Subject 20462 has regions with zero variance (indices: [ 11  24  37  74  90  97 103 105 112 114 123 124 126 132 138 143 163 166
 167 182 185 192]). Marking for exclusion, but computing matrix with zeros for now.
2025-04-15 01:20:34,507 - root - WARNING - Subject 20463 has regions with zero variance (indices: [ 11  24  37  74  90  97 103 105 112 114 123 124 126 132 138 143 163 166
 167 182 185 192]). Marking for exclusion, but computing matrix with zeros for now.
2025-04-15 01:20:34,523 - root - WARNING - Subject 20464 has regions with zero variance (indices: [ 11  24  37  74  90  97 103 105 112 114 123 124 126 132 138 143 163 166
 167 182 185 192]). Marking for exclusion, but computing matrix with zeros for now.
2025-04-15 01:20:34,538 - root - WARNING - Subject 20465 has regions with zero variance (indices: [ 11  24  37  74  90  97 103 105 112 114 123 124 126 132 138 143 163 166
 167 182 185 192]). Marking for exclusion, but computing matrix with zeros for now.
2025-04-15 01:20:34,553 - root - WARNING - Subject 20466 has regions with zero variance (indices: [ 11  24  37  74  90  97 103 105 112 114 123 124 126 132 138 143 163 166
 167 182 185 192]). Marking for exclusion, but computing matrix with zeros for now.
2025-04-15 01:20:34,569 - root - WARNING - Subject 20467 has regions with zero variance (indices: [ 11  24  37  74  90  97 103 105 112 114 123 124 126 132 138 143 163 166
 167 182 185 192]). Marking for exclusion, but computing matrix with zeros for now.
2025-04-15 01:20:34,584 - root - WARNING - Subject 20468 has regions with zero variance (indices: [ 11  24  37  74  90  97 103 105 112 114 123 124 126 132 138 143 163 166
 167 182 185 192]). Marking for exclusion, but computing matrix with zeros for now.
2025-04-15 01:20:34,599 - root - WARNING - Subject 20469 has regions with zero variance (indices: [ 11  24  37  74  90  97 103 105 112 114 123 124 126 132 138 143 163 166
 167 182 185 192]). Marking for exclusion, but computing matrix with zeros for now.
2025-04-15 01:20:34,614 - root - WARNING - Subject 20470 has regions with zero variance (indices: [ 11  24  37  74  90  97 103 105 112 114 123 124 126 132 138 143 163 166
 167 182 185 192]). Marking for exclusion, but computing matrix with zeros for now.
2025-04-15 01:20:34,629 - root - WARNING - Subject 20471 has regions with zero variance (indices: [ 11  24  37  74  90  97 103 105 112 114 123 124 126 132 138 143 163 166
 167 182 185 192]). Marking for exclusion, but computing matrix with zeros for now.
2025-04-15 01:20:34,644 - root - WARNING - Subject 20472 has regions with zero variance (indices: [ 11  24  37  74  90  97 103 105 112 114 123 124 126 132 138 143 163 166
 167 182 185 192]). Marking for exclusion, but computing matrix with zeros for now.
2025-04-15 01:20:34,659 - root - WARNING - Subject 20473 has regions with zero variance (indices: [ 11  24  37  74  90  97 103 105 112 114 123 124 126 132 138 143 163 166
 167 182 185 192]). Marking for exclusion, but computing matrix with zeros for now.
2025-04-15 01:20:34,675 - root - WARNING - Subject 20474 has regions with zero variance (indices: [ 11  24  37  74  90  97 103 105 112 114 123 124 126 132 138 143 163 166
 167 182 185 192]). Marking for exclusion, but computing matrix with zeros for now.
2025-04-15 01:20:34,690 - root - WARNING - Subject 20475 has regions with zero variance (indices: [ 11  24  37  74  90  97 103 105 112 114 123 124 126 132 138 143 163 166
 167 182 185 192]). Marking for exclusion, but computing matrix with zeros for now.
2025-04-15 01:20:34,705 - root - WARNING - Subject 20476 has regions with zero variance (indices: [ 11  24  37  74  90  97 103 105 112 114 123 124 126 132 138 143 163 166
 167 182 185 192]). Marking for exclusion, but computing matrix with zeros for now.
2025-04-15 01:20:34,720 - root - WARNING - Subject 20477 has regions with zero variance (indices: [ 11  24  37  74  90  97 103 105 112 114 123 124 126 132 138 143 163 166
 167 182 185 192]). Marking for exclusion, but computing matrix with zeros for now.
2025-04-15 01:20:34,736 - root - WARNING - Subject 20478 has regions with zero variance (indices: [ 11  24  37  74  90  97 103 105 112 114 123 124 126 132 138 143 163 166
 167 182 185 192]). Marking for exclusion, but computing matrix with zeros for now.
2025-04-15 01:20:34,751 - root - WARNING - Subject 20479 has regions with zero variance (indices: [ 11  24  37  74  90  97 103 105 112 114 123 124 126 132 138 143 163 166
 167 182 185 192]). Marking for exclusion, but computing matrix with zeros for now.
2025-04-15 01:20:34,766 - root - WARNING - Subject 20480 has regions with zero variance (indices: [ 11  24  37  74  90  97 103 105 112 114 123 124 126 132 138 143 163 166
 167 182 185 192]). Marking for exclusion, but computing matrix with zeros for now.
2025-04-15 01:20:34,781 - root - WARNING - Subject 20481 has regions with zero variance (indices: [ 11  24  37  74  90  97 103 105 112 114 123 124 126 132 138 143 163 166
 167 182 185 192]). Marking for exclusion, but computing matrix with zeros for now.
2025-04-15 01:20:34,796 - root - WARNING - Subject 20482 has regions with zero variance (indices: [ 11  24  37  74  90  97 103 105 112 114 123 124 126 132 138 143 163 166
 167 182 185 192]). Marking for exclusion, but computing matrix with zeros for now.
2025-04-15 01:20:34,812 - root - WARNING - Subject 20483 has regions with zero variance (indices: [ 11  24  37  74  90  97 103 105 112 114 123 124 126 132 138 143 163 166
 167 182 185 192]). Marking for exclusion, but computing matrix with zeros for now.
2025-04-15 01:20:34,827 - root - WARNING - Subject 20484 has regions with zero variance (indices: [ 11  24  37  74  90  97 103 105 112 114 123 124 126 132 138 143 163 166
 167 182 185 192]). Marking for exclusion, but computing matrix with zeros for now.
2025-04-15 01:20:34,842 - root - WARNING - Subject 20485 has regions with zero variance (indices: [ 11  24  37  74  90  97 103 105 112 114 123 124 126 132 138 143 163 166
 167 182 185 192]). Marking for exclusion, but computing matrix with zeros for now.
2025-04-15 01:20:34,858 - root - WARNING - Subject 20486 has regions with zero variance (indices: [ 11  24  37  74  90  97 103 105 112 114 123 124 126 132 138 143 163 166
 167 182 185 192]). Marking for exclusion, but computing matrix with zeros for now.
2025-04-15 01:20:34,873 - root - WARNING - Subject 20487 has regions with zero variance (indices: [ 11  24  37  74  90  97 103 105 112 114 123 124 126 132 138 143 163 166
 167 182 185 192]). Marking for exclusion, but computing matrix with zeros for now.
2025-04-15 01:20:34,888 - root - WARNING - Subject 20488 has regions with zero variance (indices: [ 11  24  37  74  90  97 103 105 112 114 123 124 126 132 138 143 163 166
 167 182 185 192]). Marking for exclusion, but computing matrix with zeros for now.
2025-04-15 01:20:34,903 - root - WARNING - Subject 20489 has regions with zero variance (indices: [ 11  24  37  74  90  97 103 105 112 114 123 124 126 132 138 143 163 166
 167 182 185 192]). Marking for exclusion, but computing matrix with zeros for now.
2025-04-15 01:20:34,918 - root - WARNING - Subject 20490 has regions with zero variance (indices: [ 11  24  37  74  90  97 103 105 112 114 123 124 126 132 138 143 163 166
 167 182 185 192]). Marking for exclusion, but computing matrix with zeros for now.
2025-04-15 01:20:34,934 - root - WARNING - Subject 20491 has regions with zero variance (indices: [ 11  24  37  74  90  97 103 105 112 114 123 124 126 132 138 143 163 166
 167 182 185 192]). Marking for exclusion, but computing matrix with zeros for now.
2025-04-15 01:20:34,949 - root - WARNING - Subject 20492 has regions with zero variance (indices: [ 11  24  37  74  90  97 103 105 112 114 123 124 126 132 138 143 163 166
 167 182 185 192]). Marking for exclusion, but computing matrix with zeros for now.
2025-04-15 01:20:34,964 - root - WARNING - Subject 20493 has regions with zero variance (indices: [ 11  24  37  74  90  97 103 105 112 114 123 124 126 132 138 143 163 166
 167 182 185 192]). Marking for exclusion, but computing matrix with zeros for now.
2025-04-15 01:20:34,980 - root - WARNING - Subject 20494 has regions with zero variance (indices: [ 11  24  37  74  90  97 103 105 112 114 123 124 126 132 138 143 163 166
 167 182 185 192]). Marking for exclusion, but computing matrix with zeros for now.
2025-04-15 01:20:34,995 - root - WARNING - Subject 20495 has regions with zero variance (indices: [ 11  24  37  74  90  97 103 105 112 114 123 124 126 132 138 143 163 166
 167 182 185 192]). Marking for exclusion, but computing matrix with zeros for now.
2025-04-15 01:20:35,010 - root - WARNING - Subject 20496 has regions with zero variance (indices: [ 11  24  37  74  90  97 103 105 112 114 123 124 126 132 138 143 163 166
 167 182 185 192]). Marking for exclusion, but computing matrix with zeros for now.
2025-04-15 01:20:35,025 - root - WARNING - Subject 20497 has regions with zero variance (indices: [ 11  24  37  74  90  97 103 105 112 114 123 124 126 132 138 143 163 166
 167 182 185 192]). Marking for exclusion, but computing matrix with zeros for now.
2025-04-15 01:20:35,040 - root - WARNING - Subject 20498 has regions with zero variance (indices: [ 11  24  37  74  90  97 103 105 112 114 123 124 126 132 138 143 163 166
 167 182 185 192]). Marking for exclusion, but computing matrix with zeros for now.
2025-04-15 01:20:35,055 - root - WARNING - Subject 20499 has regions with zero variance (indices: [ 11  24  37  74  90  97 103 105 112 114 123 124 126 132 138 143 163 166
 167 182 185 192]). Marking for exclusion, but computing matrix with zeros for now.
2025-04-15 01:20:35,070 - root - WARNING - Subject 20500 has regions with zero variance (indices: [ 11  24  37  74  90  97 103 105 112 114 123 124 126 132 138 143 163 166
 167 182 185 192]). Marking for exclusion, but computing matrix with zeros for now.
2025-04-15 01:20:35,085 - root - WARNING - Subject 20501 has regions with zero variance (indices: [ 11  24  37  74  90  97 103 105 112 114 123 124 126 132 138 143 163 166
 167 182 185 192]). Marking for exclusion, but computing matrix with zeros for now.
2025-04-15 01:20:35,101 - root - WARNING - Subject 20502 has regions with zero variance (indices: [ 11  24  37  74  90  97 103 105 112 114 123 124 126 132 138 143 163 166
 167 182 185 192]). Marking for exclusion, but computing matrix with zeros for now.
2025-04-15 01:20:35,116 - root - WARNING - Subject 20503 has regions with zero variance (indices: [ 11  24  37  74  90  97 103 105 112 114 123 124 126 132 138 143 163 166
 167 182 185 192]). Marking for exclusion, but computing matrix with zeros for now.
2025-04-15 01:20:35,131 - root - WARNING - Subject 20504 has regions with zero variance (indices: [ 11  24  37  74  90  97 103 105 112 114 123 124 126 132 138 143 163 166
 167 182 185 192]). Marking for exclusion, but computing matrix with zeros for now.
2025-04-15 01:20:35,146 - root - WARNING - Subject 20505 has regions with zero variance (indices: [ 11  24  37  74  90  97 103 105 112 114 123 124 126 132 138 143 163 166
 167 182 185 192]). Marking for exclusion, but computing matrix with zeros for now.
2025-04-15 01:20:35,161 - root - WARNING - Subject 20506 has regions with zero variance (indices: [ 11  24  37  74  90  97 103 105 112 114 123 124 126 132 138 143 163 166
 167 182 185 192]). Marking for exclusion, but computing matrix with zeros for now.
2025-04-15 01:20:35,177 - root - WARNING - Subject 20507 has regions with zero variance (indices: [ 11  24  37  74  90  97 103 105 112 114 123 124 126 132 138 143 163 166
 167 182 185 192]). Marking for exclusion, but computing matrix with zeros for now.
2025-04-15 01:20:35,514 - root - WARNING - Subject 21040 has regions with zero variance (indices: [  6  11  43  74 112 132 135 141 146 185 187 192]). Marking for exclusion, but computing matrix with zeros for now.
2025-04-15 01:20:35,531 - root - WARNING - Subject 21041 has regions with zero variance (indices: [  6  11  43  74 112 132 135 141 146 185 187 192]). Marking for exclusion, but computing matrix with zeros for now.
2025-04-15 01:20:35,548 - root - WARNING - Subject 21042 has regions with zero variance (indices: [  6  11  43  74 112 132 135 141 146 185 187 192]). Marking for exclusion, but computing matrix with zeros for now.
2025-04-15 01:20:35,565 - root - WARNING - Subject 21043 has regions with zero variance (indices: [  6  11  43  74 112 132 135 141 146 185 187 192]). Marking for exclusion, but computing matrix with zeros for now.
2025-04-15 01:20:35,582 - root - WARNING - Subject 21044 has regions with zero variance (indices: [  6  11  43  74 112 132 135 141 146 185 187 192]). Marking for exclusion, but computing matrix with zeros for now.
2025-04-15 01:20:35,599 - root - WARNING - Subject 21045 has regions with zero variance (indices: [  6  11  43  74 112 132 135 141 146 185 187 192]). Marking for exclusion, but computing matrix with zeros for now.
2025-04-15 01:20:35,616 - root - WARNING - Subject 21046 has regions with zero variance (indices: [  6  11  43  74 112 132 135 141 146 185 187 192]). Marking for exclusion, but computing matrix with zeros for now.
2025-04-15 01:20:35,633 - root - WARNING - Subject 21047 has regions with zero variance (indices: [  6  11  43  74 112 132 135 141 146 185 187 192]). Marking for exclusion, but computing matrix with zeros for now.
2025-04-15 01:20:35,650 - root - WARNING - Subject 21048 has regions with zero variance (indices: [  6  11  43  74 112 132 135 141 146 185 187 192]). Marking for exclusion, but computing matrix with zeros for now.
2025-04-15 01:20:35,667 - root - WARNING - Subject 21049 has regions with zero variance (indices: [  6  11  43  74 112 132 135 141 146 185 187 192]). Marking for exclusion, but computing matrix with zeros for now.
2025-04-15 01:20:35,683 - root - WARNING - Subject 21050 has regions with zero variance (indices: [  6  11  43  74 112 132 135 141 146 185 187 192]). Marking for exclusion, but computing matrix with zeros for now.
2025-04-15 01:20:35,701 - root - WARNING - Subject 21051 has regions with zero variance (indices: [  6  11  43  74 112 132 135 141 146 185 187 192]). Marking for exclusion, but computing matrix with zeros for now.
2025-04-15 01:20:35,717 - root - WARNING - Subject 21052 has regions with zero variance (indices: [  6  11  43  74 112 132 135 141 146 185 187 192]). Marking for exclusion, but computing matrix with zeros for now.
2025-04-15 01:20:35,734 - root - WARNING - Subject 21053 has regions with zero variance (indices: [  6  11  43  74 112 132 135 141 146 185 187 192]). Marking for exclusion, but computing matrix with zeros for now.
2025-04-15 01:20:35,751 - root - WARNING - Subject 21054 has regions with zero variance (indices: [  6  11  43  74 112 132 135 141 146 185 187 192]). Marking for exclusion, but computing matrix with zeros for now.
2025-04-15 01:20:35,768 - root - WARNING - Subject 21055 has regions with zero variance (indices: [  6  11  43  74 112 132 135 141 146 185 187 192]). Marking for exclusion, but computing matrix with zeros for now.
2025-04-15 01:20:35,785 - root - WARNING - Subject 21056 has regions with zero variance (indices: [  6  11  43  74 112 132 135 141 146 185 187 192]). Marking for exclusion, but computing matrix with zeros for now.
2025-04-15 01:20:35,802 - root - WARNING - Subject 21057 has regions with zero variance (indices: [  6  11  43  74 112 132 135 141 146 185 187 192]). Marking for exclusion, but computing matrix with zeros for now.
2025-04-15 01:20:35,819 - root - WARNING - Subject 21058 has regions with zero variance (indices: [  6  11  43  74 112 132 135 141 146 185 187 192]). Marking for exclusion, but computing matrix with zeros for now.
2025-04-15 01:20:35,836 - root - WARNING - Subject 21059 has regions with zero variance (indices: [  6  11  43  74 112 132 135 141 146 185 187 192]). Marking for exclusion, but computing matrix with zeros for now.
2025-04-15 01:20:35,853 - root - WARNING - Subject 21060 has regions with zero variance (indices: [  6  11  43  74 112 132 135 141 146 185 187 192]). Marking for exclusion, but computing matrix with zeros for now.
2025-04-15 01:20:35,870 - root - WARNING - Subject 21061 has regions with zero variance (indices: [  6  11  43  74 112 132 135 141 146 185 187 192]). Marking for exclusion, but computing matrix with zeros for now.
2025-04-15 01:20:35,887 - root - WARNING - Subject 21062 has regions with zero variance (indices: [  6  11  43  74 112 132 135 141 146 185 187 192]). Marking for exclusion, but computing matrix with zeros for now.
2025-04-15 01:20:35,904 - root - WARNING - Subject 21063 has regions with zero variance (indices: [  6  11  43  74 112 132 135 141 146 185 187 192]). Marking for exclusion, but computing matrix with zeros for now.
2025-04-15 01:20:35,921 - root - WARNING - Subject 21064 has regions with zero variance (indices: [  6  11  43  74 112 132 135 141 146 185 187 192]). Marking for exclusion, but computing matrix with zeros for now.
2025-04-15 01:20:35,937 - root - WARNING - Subject 21065 has regions with zero variance (indices: [  6  11  43  74 112 132 135 141 146 185 187 192]). Marking for exclusion, but computing matrix with zeros for now.
2025-04-15 01:20:35,954 - root - WARNING - Subject 21066 has regions with zero variance (indices: [  6  11  43  74 112 132 135 141 146 185 187 192]). Marking for exclusion, but computing matrix with zeros for now.
2025-04-15 01:20:35,971 - root - WARNING - Subject 21067 has regions with zero variance (indices: [  6  11  43  74 112 132 135 141 146 185 187 192]). Marking for exclusion, but computing matrix with zeros for now.
2025-04-15 01:20:35,988 - root - WARNING - Subject 21068 has regions with zero variance (indices: [  6  11  43  74 112 132 135 141 146 185 187 192]). Marking for exclusion, but computing matrix with zeros for now.
2025-04-15 01:20:36,005 - root - WARNING - Subject 21069 has regions with zero variance (indices: [  6  11  43  74 112 132 135 141 146 185 187 192]). Marking for exclusion, but computing matrix with zeros for now.
2025-04-15 01:20:36,023 - root - WARNING - Subject 21070 has regions with zero variance (indices: [  6  11  43  74 112 132 135 141 146 185 187 192]). Marking for exclusion, but computing matrix with zeros for now.
2025-04-15 01:20:36,040 - root - WARNING - Subject 21071 has regions with zero variance (indices: [  6  11  43  74 112 132 135 141 146 185 187 192]). Marking for exclusion, but computing matrix with zeros for now.
2025-04-15 01:20:36,057 - root - WARNING - Subject 21072 has regions with zero variance (indices: [  6  11  43  74 112 132 135 141 146 185 187 192]). Marking for exclusion, but computing matrix with zeros for now.
2025-04-15 01:20:36,074 - root - WARNING - Subject 21073 has regions with zero variance (indices: [  6  11  43  74 112 132 135 141 146 185 187 192]). Marking for exclusion, but computing matrix with zeros for now.
2025-04-15 01:20:36,091 - root - WARNING - Subject 21074 has regions with zero variance (indices: [  6  11  43  74 112 132 135 141 146 185 187 192]). Marking for exclusion, but computing matrix with zeros for now.
2025-04-15 01:20:36,107 - root - WARNING - Subject 21075 has regions with zero variance (indices: [  6  11  43  74 112 132 135 141 146 185 187 192]). Marking for exclusion, but computing matrix with zeros for now.
2025-04-15 01:20:36,124 - root - WARNING - Subject 21076 has regions with zero variance (indices: [  6  11  43  74 112 132 135 141 146 185 187 192]). Marking for exclusion, but computing matrix with zeros for now.
2025-04-15 01:20:36,141 - root - WARNING - Subject 21077 has regions with zero variance (indices: [  6  11  43  74 112 132 135 141 146 185 187 192]). Marking for exclusion, but computing matrix with zeros for now.
2025-04-15 01:20:36,158 - root - WARNING - Subject 21078 has regions with zero variance (indices: [  6  11  43  74 112 132 135 141 146 185 187 192]). Marking for exclusion, but computing matrix with zeros for now.
2025-04-15 01:20:36,175 - root - WARNING - Subject 21079 has regions with zero variance (indices: [  6  11  43  74 112 132 135 141 146 185 187 192]). Marking for exclusion, but computing matrix with zeros for now.
2025-04-15 01:20:36,192 - root - WARNING - Subject 21080 has regions with zero variance (indices: [  6  11  43  74 112 132 135 141 146 185 187 192]). Marking for exclusion, but computing matrix with zeros for now.
2025-04-15 01:20:36,209 - root - WARNING - Subject 21081 has regions with zero variance (indices: [  6  11  43  74 112 132 135 141 146 185 187 192]). Marking for exclusion, but computing matrix with zeros for now.
2025-04-15 01:20:36,226 - root - WARNING - Subject 21082 has regions with zero variance (indices: [  6  11  43  74 112 132 135 141 146 185 187 192]). Marking for exclusion, but computing matrix with zeros for now.
2025-04-15 01:20:36,243 - root - WARNING - Subject 21083 has regions with zero variance (indices: [  6  11  43  74 112 132 135 141 146 185 187 192]). Marking for exclusion, but computing matrix with zeros for now.
2025-04-15 01:20:36,260 - root - WARNING - Subject 21084 has regions with zero variance (indices: [  6  11  43  74 112 132 135 141 146 185 187 192]). Marking for exclusion, but computing matrix with zeros for now.
2025-04-15 01:20:36,277 - root - WARNING - Subject 21085 has regions with zero variance (indices: [  6  11  43  74 112 132 135 141 146 185 187 192]). Marking for exclusion, but computing matrix with zeros for now.
2025-04-15 01:20:36,294 - root - WARNING - Subject 21086 has regions with zero variance (indices: [  6  11  43  74 112 132 135 141 146 185 187 192]). Marking for exclusion, but computing matrix with zeros for now.
2025-04-15 01:20:36,311 - root - WARNING - Subject 21087 has regions with zero variance (indices: [  6  11  43  74 112 132 135 141 146 185 187 192]). Marking for exclusion, but computing matrix with zeros for now.
2025-04-15 01:20:36,328 - root - WARNING - Subject 21088 has regions with zero variance (indices: [  6  11  43  74 112 132 135 141 146 185 187 192]). Marking for exclusion, but computing matrix with zeros for now.
2025-04-15 01:20:36,344 - root - WARNING - Subject 21089 has regions with zero variance (indices: [  6  11  43  74 112 132 135 141 146 185 187 192]). Marking for exclusion, but computing matrix with zeros for now.
2025-04-15 01:20:36,361 - root - WARNING - Subject 21090 has regions with zero variance (indices: [  6  11  43  74 112 132 135 141 146 185 187 192]). Marking for exclusion, but computing matrix with zeros for now.
2025-04-15 01:20:36,378 - root - WARNING - Subject 21091 has regions with zero variance (indices: [  6  11  43  74 112 132 135 141 146 185 187 192]). Marking for exclusion, but computing matrix with zeros for now.
2025-04-15 01:20:36,395 - root - WARNING - Subject 21092 has regions with zero variance (indices: [  6  11  43  74 112 132 135 141 146 185 187 192]). Marking for exclusion, but computing matrix with zeros for now.
2025-04-15 01:20:36,412 - root - WARNING - Subject 21093 has regions with zero variance (indices: [  6  11  43  74 112 132 135 141 146 185 187 192]). Marking for exclusion, but computing matrix with zeros for now.
2025-04-15 01:20:36,430 - root - WARNING - Subject 21094 has regions with zero variance (indices: [  6  11  43  74 112 132 135 141 146 185 187 192]). Marking for exclusion, but computing matrix with zeros for now.
2025-04-15 01:20:36,447 - root - WARNING - Subject 21095 has regions with zero variance (indices: [  6  11  43  74 112 132 135 141 146 185 187 192]). Marking for exclusion, but computing matrix with zeros for now.
2025-04-15 01:20:36,464 - root - WARNING - Subject 21096 has regions with zero variance (indices: [  6  11  43  74 112 132 135 141 146 185 187 192]). Marking for exclusion, but computing matrix with zeros for now.
2025-04-15 01:20:36,481 - root - WARNING - Subject 21097 has regions with zero variance (indices: [  6  11  43  74 112 132 135 141 146 185 187 192]). Marking for exclusion, but computing matrix with zeros for now.
2025-04-15 01:20:36,498 - root - WARNING - Subject 21098 has regions with zero variance (indices: [  6  11  43  74 112 132 135 141 146 185 187 192]). Marking for exclusion, but computing matrix with zeros for now.
2025-04-15 01:20:36,515 - root - WARNING - Subject 21099 has regions with zero variance (indices: [  6  11  43  74 112 132 135 141 146 185 187 192]). Marking for exclusion, but computing matrix with zeros for now.
2025-04-15 01:20:36,532 - root - WARNING - Subject 21100 has regions with zero variance (indices: [  6  11  43  74 112 132 135 141 146 185 187 192]). Marking for exclusion, but computing matrix with zeros for now.
2025-04-15 01:20:36,549 - root - WARNING - Subject 21101 has regions with zero variance (indices: [  6  11  43  74 112 132 135 141 146 185 187 192]). Marking for exclusion, but computing matrix with zeros for now.
2025-04-15 01:20:36,566 - root - WARNING - Subject 21102 has regions with zero variance (indices: [  6  11  43  74 112 132 135 141 146 185 187 192]). Marking for exclusion, but computing matrix with zeros for now.
2025-04-15 01:20:36,583 - root - WARNING - Subject 21103 has regions with zero variance (indices: [  6  11  43  74 112 132 135 141 146 185 187 192]). Marking for exclusion, but computing matrix with zeros for now.
2025-04-15 01:20:36,601 - root - WARNING - Subject 21104 has regions with zero variance (indices: [  6  11  43  74 112 132 135 141 146 185 187 192]). Marking for exclusion, but computing matrix with zeros for now.
2025-04-15 01:20:36,618 - root - WARNING - Subject 21105 has regions with zero variance (indices: [  6  11  43  74 112 132 135 141 146 185 187 192]). Marking for exclusion, but computing matrix with zeros for now.
2025-04-15 01:20:36,635 - root - WARNING - Subject 21106 has regions with zero variance (indices: [  6  11  43  74 112 132 135 141 146 185 187 192]). Marking for exclusion, but computing matrix with zeros for now.
2025-04-15 01:20:36,652 - root - WARNING - Subject 21107 has regions with zero variance (indices: [  6  11  43  74 112 132 135 141 146 185 187 192]). Marking for exclusion, but computing matrix with zeros for now.
2025-04-15 01:20:36,669 - root - WARNING - Subject 21108 has regions with zero variance (indices: [  6  11  43  74 112 132 135 141 146 185 187 192]). Marking for exclusion, but computing matrix with zeros for now.
2025-04-15 01:20:36,686 - root - WARNING - Subject 21109 has regions with zero variance (indices: [  6  11  43  74 112 132 135 141 146 185 187 192]). Marking for exclusion, but computing matrix with zeros for now.
2025-04-15 01:20:36,702 - root - WARNING - Subject 21110 has regions with zero variance (indices: [  6  11  43  74 112 132 135 141 146 185 187 192]). Marking for exclusion, but computing matrix with zeros for now.
2025-04-15 01:20:36,719 - root - WARNING - Subject 21111 has regions with zero variance (indices: [  6  11  43  74 112 132 135 141 146 185 187 192]). Marking for exclusion, but computing matrix with zeros for now.
2025-04-15 01:20:36,736 - root - WARNING - Subject 21112 has regions with zero variance (indices: [  6  11  43  74 112 132 135 141 146 185 187 192]). Marking for exclusion, but computing matrix with zeros for now.
2025-04-15 01:20:36,753 - root - WARNING - Subject 21113 has regions with zero variance (indices: [  6  11  43  74 112 132 135 141 146 185 187 192]). Marking for exclusion, but computing matrix with zeros for now.
2025-04-15 01:20:36,770 - root - WARNING - Subject 21114 has regions with zero variance (indices: [  6  11  43  74 112 132 135 141 146 185 187 192]). Marking for exclusion, but computing matrix with zeros for now.
2025-04-15 01:20:36,786 - root - WARNING - Subject 21115 has regions with zero variance (indices: [  6  11  43  74 112 132 135 141 146 185 187 192]). Marking for exclusion, but computing matrix with zeros for now.
2025-04-15 01:20:36,803 - root - WARNING - Subject 21116 has regions with zero variance (indices: [  6  11  43  74 112 132 135 141 146 185 187 192]). Marking for exclusion, but computing matrix with zeros for now.
2025-04-15 01:20:36,820 - root - WARNING - Subject 21117 has regions with zero variance (indices: [  6  11  43  74 112 132 135 141 146 185 187 192]). Marking for exclusion, but computing matrix with zeros for now.
2025-04-15 01:20:36,837 - root - WARNING - Subject 21118 has regions with zero variance (indices: [  6  11  43  74 112 132 135 141 146 185 187 192]). Marking for exclusion, but computing matrix with zeros for now.
2025-04-15 01:20:36,854 - root - WARNING - Subject 21119 has regions with zero variance (indices: [  6  11  43  74 112 132 135 141 146 185 187 192]). Marking for exclusion, but computing matrix with zeros for now.
2025-04-15 01:20:36,871 - root - WARNING - Subject 21120 has regions with zero variance (indices: [  6  11  43  74 112 132 135 141 146 185 187 192]). Marking for exclusion, but computing matrix with zeros for now.
2025-04-15 01:20:36,887 - root - WARNING - Subject 21121 has regions with zero variance (indices: [  6  11  43  74 112 132 135 141 146 185 187 192]). Marking for exclusion, but computing matrix with zeros for now.
2025-04-15 01:20:36,904 - root - WARNING - Subject 21122 has regions with zero variance (indices: [  6  11  43  74 112 132 135 141 146 185 187 192]). Marking for exclusion, but computing matrix with zeros for now.
2025-04-15 01:20:36,921 - root - WARNING - Subject 21123 has regions with zero variance (indices: [  6  11  43  74 112 132 135 141 146 185 187 192]). Marking for exclusion, but computing matrix with zeros for now.
2025-04-15 01:20:36,938 - root - WARNING - Subject 21124 has regions with zero variance (indices: [  6  11  43  74 112 132 135 141 146 185 187 192]). Marking for exclusion, but computing matrix with zeros for now.
2025-04-15 01:20:36,955 - root - WARNING - Subject 21125 has regions with zero variance (indices: [  6  11  43  74 112 132 135 141 146 185 187 192]). Marking for exclusion, but computing matrix with zeros for now.
2025-04-15 01:20:36,971 - root - WARNING - Subject 21126 has regions with zero variance (indices: [  6  11  43  74 112 132 135 141 146 185 187 192]). Marking for exclusion, but computing matrix with zeros for now.
2025-04-15 01:20:36,988 - root - WARNING - Subject 21127 has regions with zero variance (indices: [  6  11  43  74 112 132 135 141 146 185 187 192]). Marking for exclusion, but computing matrix with zeros for now.
2025-04-15 01:20:37,005 - root - WARNING - Subject 21128 has regions with zero variance (indices: [  6  11  43  74 112 132 135 141 146 185 187 192]). Marking for exclusion, but computing matrix with zeros for now.
2025-04-15 01:20:37,022 - root - WARNING - Subject 21129 has regions with zero variance (indices: [  6  11  43  74 112 132 135 141 146 185 187 192]). Marking for exclusion, but computing matrix with zeros for now.
2025-04-15 01:20:37,039 - root - WARNING - Subject 21130 has regions with zero variance (indices: [  6  11  43  74 112 132 135 141 146 185 187 192]). Marking for exclusion, but computing matrix with zeros for now.
2025-04-15 01:20:37,055 - root - WARNING - Subject 21131 has regions with zero variance (indices: [  6  11  43  74 112 132 135 141 146 185 187 192]). Marking for exclusion, but computing matrix with zeros for now.
2025-04-15 01:20:37,072 - root - WARNING - Subject 21132 has regions with zero variance (indices: [  6  11  43  74 112 132 135 141 146 185 187 192]). Marking for exclusion, but computing matrix with zeros for now.
2025-04-15 01:20:37,089 - root - WARNING - Subject 21133 has regions with zero variance (indices: [  6  11  43  74 112 132 135 141 146 185 187 192]). Marking for exclusion, but computing matrix with zeros for now.
2025-04-15 01:20:37,106 - root - WARNING - Subject 21134 has regions with zero variance (indices: [  6  11  43  74 112 132 135 141 146 185 187 192]). Marking for exclusion, but computing matrix with zeros for now.
2025-04-15 01:20:37,123 - root - WARNING - Subject 21135 has regions with zero variance (indices: [  6  11  43  74 112 132 135 141 146 185 187 192]). Marking for exclusion, but computing matrix with zeros for now.
2025-04-15 01:20:37,140 - root - WARNING - Subject 21136 has regions with zero variance (indices: [  6  11  43  74 112 132 135 141 146 185 187 192]). Marking for exclusion, but computing matrix with zeros for now.
2025-04-15 01:20:37,157 - root - WARNING - Subject 21137 has regions with zero variance (indices: [  6  11  43  74 112 132 135 141 146 185 187 192]). Marking for exclusion, but computing matrix with zeros for now.
2025-04-15 01:20:37,174 - root - WARNING - Subject 21138 has regions with zero variance (indices: [  6  11  43  74 112 132 135 141 146 185 187 192]). Marking for exclusion, but computing matrix with zeros for now.
2025-04-15 01:20:37,190 - root - WARNING - Subject 21139 has regions with zero variance (indices: [  6  11  43  74 112 132 135 141 146 185 187 192]). Marking for exclusion, but computing matrix with zeros for now.
2025-04-15 01:20:37,207 - root - WARNING - Subject 21140 has regions with zero variance (indices: [  6  11  43  74 112 132 135 141 146 185 187 192]). Marking for exclusion, but computing matrix with zeros for now.
2025-04-15 01:20:37,224 - root - WARNING - Subject 21141 has regions with zero variance (indices: [  6  11  43  74 112 132 135 141 146 185 187 192]). Marking for exclusion, but computing matrix with zeros for now.
2025-04-15 01:20:37,241 - root - WARNING - Subject 21142 has regions with zero variance (indices: [  6  11  43  74 112 132 135 141 146 185 187 192]). Marking for exclusion, but computing matrix with zeros for now.
2025-04-15 01:20:37,258 - root - WARNING - Subject 21143 has regions with zero variance (indices: [  6  11  43  74 112 132 135 141 146 185 187 192]). Marking for exclusion, but computing matrix with zeros for now.
2025-04-15 01:20:37,275 - root - WARNING - Subject 21144 has regions with zero variance (indices: [  6  11  43  74 112 132 135 141 146 185 187 192]). Marking for exclusion, but computing matrix with zeros for now.
2025-04-15 01:20:37,292 - root - WARNING - Subject 21145 has regions with zero variance (indices: [  6  11  43  74 112 132 135 141 146 185 187 192]). Marking for exclusion, but computing matrix with zeros for now.
2025-04-15 01:20:37,309 - root - WARNING - Subject 21146 has regions with zero variance (indices: [  6  11  43  74 112 132 135 141 146 185 187 192]). Marking for exclusion, but computing matrix with zeros for now.
2025-04-15 01:20:37,325 - root - WARNING - Subject 21147 has regions with zero variance (indices: [  6  11  43  74 112 132 135 141 146 185 187 192]). Marking for exclusion, but computing matrix with zeros for now.
2025-04-15 01:20:37,342 - root - WARNING - Subject 21148 has regions with zero variance (indices: [  6  11  43  74 112 132 135 141 146 185 187 192]). Marking for exclusion, but computing matrix with zeros for now.
2025-04-15 01:20:37,359 - root - WARNING - Subject 21149 has regions with zero variance (indices: [  6  11  43  74 112 132 135 141 146 185 187 192]). Marking for exclusion, but computing matrix with zeros for now.
2025-04-15 01:20:37,376 - root - WARNING - Subject 21150 has regions with zero variance (indices: [  6  11  43  74 112 132 135 141 146 185 187 192]). Marking for exclusion, but computing matrix with zeros for now.
2025-04-15 01:20:37,393 - root - WARNING - Subject 21151 has regions with zero variance (indices: [  6  11  43  74 112 132 135 141 146 185 187 192]). Marking for exclusion, but computing matrix with zeros for now.
2025-04-15 01:20:37,409 - root - WARNING - Subject 21152 has regions with zero variance (indices: [  6  11  43  74 112 132 135 141 146 185 187 192]). Marking for exclusion, but computing matrix with zeros for now.
2025-04-15 01:20:37,426 - root - WARNING - Subject 21153 has regions with zero variance (indices: [  6  11  43  74 112 132 135 141 146 185 187 192]). Marking for exclusion, but computing matrix with zeros for now.
2025-04-15 01:20:37,443 - root - WARNING - Subject 21154 has regions with zero variance (indices: [  6  11  43  74 112 132 135 141 146 185 187 192]). Marking for exclusion, but computing matrix with zeros for now.
2025-04-15 01:20:37,460 - root - WARNING - Subject 21155 has regions with zero variance (indices: [  6  11  43  74 112 132 135 141 146 185 187 192]). Marking for exclusion, but computing matrix with zeros for now.
2025-04-15 01:20:37,478 - root - WARNING - Subject 21156 has regions with zero variance (indices: [  6  11  43  74 112 132 135 141 146 185 187 192]). Marking for exclusion, but computing matrix with zeros for now.
2025-04-15 01:20:37,495 - root - WARNING - Subject 21157 has regions with zero variance (indices: [  6  11  43  74 112 132 135 141 146 185 187 192]). Marking for exclusion, but computing matrix with zeros for now.
2025-04-15 01:20:37,511 - root - WARNING - Subject 21158 has regions with zero variance (indices: [  6  11  43  74 112 132 135 141 146 185 187 192]). Marking for exclusion, but computing matrix with zeros for now.
2025-04-15 01:20:37,528 - root - WARNING - Subject 21159 has regions with zero variance (indices: [  6  11  43  74 112 132 135 141 146 185 187 192]). Marking for exclusion, but computing matrix with zeros for now.
2025-04-15 01:20:37,545 - root - WARNING - Subject 21160 has regions with zero variance (indices: [  6  11  43  74 112 132 135 141 146 185 187 192]). Marking for exclusion, but computing matrix with zeros for now.
2025-04-15 01:20:37,562 - root - WARNING - Subject 21161 has regions with zero variance (indices: [  6  11  43  74 112 132 135 141 146 185 187 192]). Marking for exclusion, but computing matrix with zeros for now.
2025-04-15 01:20:37,579 - root - WARNING - Subject 21162 has regions with zero variance (indices: [  6  11  43  74 112 132 135 141 146 185 187 192]). Marking for exclusion, but computing matrix with zeros for now.
2025-04-15 01:20:37,596 - root - WARNING - Subject 21163 has regions with zero variance (indices: [  6  11  43  74 112 132 135 141 146 185 187 192]). Marking for exclusion, but computing matrix with zeros for now.
2025-04-15 01:20:37,613 - root - WARNING - Subject 21164 has regions with zero variance (indices: [  6  11  43  74 112 132 135 141 146 185 187 192]). Marking for exclusion, but computing matrix with zeros for now.
2025-04-15 01:20:37,630 - root - WARNING - Subject 21165 has regions with zero variance (indices: [  6  11  43  74 112 132 135 141 146 185 187 192]). Marking for exclusion, but computing matrix with zeros for now.
2025-04-15 01:20:37,647 - root - WARNING - Subject 21166 has regions with zero variance (indices: [  6  11  43  74 112 132 135 141 146 185 187 192]). Marking for exclusion, but computing matrix with zeros for now.
2025-04-15 01:20:37,664 - root - WARNING - Subject 21167 has regions with zero variance (indices: [  6  11  43  74 112 132 135 141 146 185 187 192]). Marking for exclusion, but computing matrix with zeros for now.
2025-04-15 01:20:37,681 - root - WARNING - Subject 21168 has regions with zero variance (indices: [  6  11  43  74 112 132 135 141 146 185 187 192]). Marking for exclusion, but computing matrix with zeros for now.
2025-04-15 01:20:37,697 - root - WARNING - Subject 21169 has regions with zero variance (indices: [  6  11  43  74 112 132 135 141 146 185 187 192]). Marking for exclusion, but computing matrix with zeros for now.
2025-04-15 01:20:37,714 - root - WARNING - Subject 21170 has regions with zero variance (indices: [  6  11  43  74 112 132 135 141 146 185 187 192]). Marking for exclusion, but computing matrix with zeros for now.
2025-04-15 01:20:37,731 - root - WARNING - Subject 21171 has regions with zero variance (indices: [  6  11  43  74 112 132 135 141 146 185 187 192]). Marking for exclusion, but computing matrix with zeros for now.
2025-04-15 01:20:37,748 - root - WARNING - Subject 21172 has regions with zero variance (indices: [  6  11  43  74 112 132 135 141 146 185 187 192]). Marking for exclusion, but computing matrix with zeros for now.
2025-04-15 01:20:37,765 - root - WARNING - Subject 21173 has regions with zero variance (indices: [  6  11  43  74 112 132 135 141 146 185 187 192]). Marking for exclusion, but computing matrix with zeros for now.
2025-04-15 01:20:37,782 - root - WARNING - Subject 21174 has regions with zero variance (indices: [  6  11  43  74 112 132 135 141 146 185 187 192]). Marking for exclusion, but computing matrix with zeros for now.
2025-04-15 01:20:37,799 - root - WARNING - Subject 21175 has regions with zero variance (indices: [  6  11  43  74 112 132 135 141 146 185 187 192]). Marking for exclusion, but computing matrix with zeros for now.
2025-04-15 01:20:37,816 - root - WARNING - Subject 21176 has regions with zero variance (indices: [  6  11  43  74 112 132 135 141 146 185 187 192]). Marking for exclusion, but computing matrix with zeros for now.
2025-04-15 01:20:37,832 - root - WARNING - Subject 21177 has regions with zero variance (indices: [  6  11  43  74 112 132 135 141 146 185 187 192]). Marking for exclusion, but computing matrix with zeros for now.
2025-04-15 01:20:37,849 - root - WARNING - Subject 21178 has regions with zero variance (indices: [  6  11  43  74 112 132 135 141 146 185 187 192]). Marking for exclusion, but computing matrix with zeros for now.
2025-04-15 01:20:37,866 - root - WARNING - Subject 21179 has regions with zero variance (indices: [  6  11  43  74 112 132 135 141 146 185 187 192]). Marking for exclusion, but computing matrix with zeros for now.
2025-04-15 01:20:37,883 - root - WARNING - Subject 21180 has regions with zero variance (indices: [  6  11  43  74 112 132 135 141 146 185 187 192]). Marking for exclusion, but computing matrix with zeros for now.
2025-04-15 01:20:37,900 - root - WARNING - Subject 21181 has regions with zero variance (indices: [  6  11  43  74 112 132 135 141 146 185 187 192]). Marking for exclusion, but computing matrix with zeros for now.
2025-04-15 01:20:37,916 - root - WARNING - Subject 21182 has regions with zero variance (indices: [  6  11  43  74 112 132 135 141 146 185 187 192]). Marking for exclusion, but computing matrix with zeros for now.
2025-04-15 01:20:37,933 - root - WARNING - Subject 21183 has regions with zero variance (indices: [  6  11  43  74 112 132 135 141 146 185 187 192]). Marking for exclusion, but computing matrix with zeros for now.
2025-04-15 01:20:37,950 - root - WARNING - Subject 21184 has regions with zero variance (indices: [  6  11  43  74 112 132 135 141 146 185 187 192]). Marking for exclusion, but computing matrix with zeros for now.
2025-04-15 01:20:37,967 - root - WARNING - Subject 21185 has regions with zero variance (indices: [  6  11  43  74 112 132 135 141 146 185 187 192]). Marking for exclusion, but computing matrix with zeros for now.
2025-04-15 01:20:37,983 - root - WARNING - Subject 21186 has regions with zero variance (indices: [  6  11  43  74 112 132 135 141 146 185 187 192]). Marking for exclusion, but computing matrix with zeros for now.
2025-04-15 01:20:38,000 - root - WARNING - Subject 21187 has regions with zero variance (indices: [  6  11  43  74 112 132 135 141 146 185 187 192]). Marking for exclusion, but computing matrix with zeros for now.
2025-04-15 01:20:38,017 - root - WARNING - Subject 21188 has regions with zero variance (indices: [  6  11  43  74 112 132 135 141 146 185 187 192]). Marking for exclusion, but computing matrix with zeros for now.
2025-04-15 01:20:38,034 - root - WARNING - Subject 21189 has regions with zero variance (indices: [  6  11  43  74 112 132 135 141 146 185 187 192]). Marking for exclusion, but computing matrix with zeros for now.
2025-04-15 01:20:38,051 - root - WARNING - Subject 21190 has regions with zero variance (indices: [  6  11  43  74 112 132 135 141 146 185 187 192]). Marking for exclusion, but computing matrix with zeros for now.
2025-04-15 01:20:38,068 - root - WARNING - Subject 21191 has regions with zero variance (indices: [  6  11  43  74 112 132 135 141 146 185 187 192]). Marking for exclusion, but computing matrix with zeros for now.
2025-04-15 01:20:38,085 - root - WARNING - Subject 21192 has regions with zero variance (indices: [  6  11  43  74 112 132 135 141 146 185 187 192]). Marking for exclusion, but computing matrix with zeros for now.
2025-04-15 01:20:38,101 - root - WARNING - Subject 21193 has regions with zero variance (indices: [  6  11  43  74 112 132 135 141 146 185 187 192]). Marking for exclusion, but computing matrix with zeros for now.
2025-04-15 01:20:38,118 - root - WARNING - Subject 21194 has regions with zero variance (indices: [  6  11  43  74 112 132 135 141 146 185 187 192]). Marking for exclusion, but computing matrix with zeros for now.
2025-04-15 01:20:38,135 - root - WARNING - Subject 21195 has regions with zero variance (indices: [  6  11  43  74 112 132 135 141 146 185 187 192]). Marking for exclusion, but computing matrix with zeros for now.
2025-04-15 01:20:38,152 - root - WARNING - Subject 21196 has regions with zero variance (indices: [  6  11  43  74 112 132 135 141 146 185 187 192]). Marking for exclusion, but computing matrix with zeros for now.
2025-04-15 01:20:38,168 - root - WARNING - Subject 21197 has regions with zero variance (indices: [  6  11  43  74 112 132 135 141 146 185 187 192]). Marking for exclusion, but computing matrix with zeros for now.
2025-04-15 01:20:38,185 - root - WARNING - Subject 21198 has regions with zero variance (indices: [  6  11  43  74 112 132 135 141 146 185 187 192]). Marking for exclusion, but computing matrix with zeros for now.
2025-04-15 01:20:38,202 - root - WARNING - Subject 21199 has regions with zero variance (indices: [  6  11  43  74 112 132 135 141 146 185 187 192]). Marking for exclusion, but computing matrix with zeros for now.
2025-04-15 01:20:38,219 - root - WARNING - Subject 21200 has regions with zero variance (indices: [  6  11  43  74 112 132 135 141 146 185 187 192]). Marking for exclusion, but computing matrix with zeros for now.
2025-04-15 01:20:38,236 - root - WARNING - Subject 21201 has regions with zero variance (indices: [  6  11  43  74 112 132 135 141 146 185 187 192]). Marking for exclusion, but computing matrix with zeros for now.
2025-04-15 01:20:38,253 - root - WARNING - Subject 21202 has regions with zero variance (indices: [  6  11  43  74 112 132 135 141 146 185 187 192]). Marking for exclusion, but computing matrix with zeros for now.
2025-04-15 01:20:38,270 - root - WARNING - Subject 21203 has regions with zero variance (indices: [  6  11  43  74 112 132 135 141 146 185 187 192]). Marking for exclusion, but computing matrix with zeros for now.
2025-04-15 01:20:38,287 - root - WARNING - Subject 21204 has regions with zero variance (indices: [  6  11  43  74 112 132 135 141 146 185 187 192]). Marking for exclusion, but computing matrix with zeros for now.
2025-04-15 01:20:38,304 - root - WARNING - Subject 21205 has regions with zero variance (indices: [  6  11  43  74 112 132 135 141 146 185 187 192]). Marking for exclusion, but computing matrix with zeros for now.
2025-04-15 01:20:38,321 - root - WARNING - Subject 21206 has regions with zero variance (indices: [  6  11  43  74 112 132 135 141 146 185 187 192]). Marking for exclusion, but computing matrix with zeros for now.
2025-04-15 01:20:38,338 - root - WARNING - Subject 21207 has regions with zero variance (indices: [  6  11  43  74 112 132 135 141 146 185 187 192]). Marking for exclusion, but computing matrix with zeros for now.
2025-04-15 01:20:38,355 - root - WARNING - Subject 21208 has regions with zero variance (indices: [  6  11  43  74 112 132 135 141 146 185 187 192]). Marking for exclusion, but computing matrix with zeros for now.
2025-04-15 01:20:38,372 - root - WARNING - Subject 21209 has regions with zero variance (indices: [  6  11  43  74 112 132 135 141 146 185 187 192]). Marking for exclusion, but computing matrix with zeros for now.
2025-04-15 01:20:38,389 - root - WARNING - Subject 21210 has regions with zero variance (indices: [  6  11  43  74 112 132 135 141 146 185 187 192]). Marking for exclusion, but computing matrix with zeros for now.
2025-04-15 01:20:38,405 - root - WARNING - Subject 21211 has regions with zero variance (indices: [  6  11  43  74 112 132 135 141 146 185 187 192]). Marking for exclusion, but computing matrix with zeros for now.
2025-04-15 01:20:38,422 - root - WARNING - Subject 21212 has regions with zero variance (indices: [  6  11  43  74 112 132 135 141 146 185 187 192]). Marking for exclusion, but computing matrix with zeros for now.
2025-04-15 01:20:38,439 - root - WARNING - Subject 21213 has regions with zero variance (indices: [  6  11  43  74 112 132 135 141 146 185 187 192]). Marking for exclusion, but computing matrix with zeros for now.
2025-04-15 01:20:38,456 - root - WARNING - Subject 21214 has regions with zero variance (indices: [  6  11  43  74 112 132 135 141 146 185 187 192]). Marking for exclusion, but computing matrix with zeros for now.
2025-04-15 01:20:38,473 - root - WARNING - Subject 21215 has regions with zero variance (indices: [  6  11  43  74 112 132 135 141 146 185 187 192]). Marking for exclusion, but computing matrix with zeros for now.
2025-04-15 01:20:38,490 - root - WARNING - Subject 21216 has regions with zero variance (indices: [  6  11  43  74 112 132 135 141 146 185 187 192]). Marking for exclusion, but computing matrix with zeros for now.
2025-04-15 01:20:38,507 - root - WARNING - Subject 21217 has regions with zero variance (indices: [  6  11  43  74 112 132 135 141 146 185 187 192]). Marking for exclusion, but computing matrix with zeros for now.
2025-04-15 01:20:38,524 - root - WARNING - Subject 21218 has regions with zero variance (indices: [  6  11  43  74 112 132 135 141 146 185 187 192]). Marking for exclusion, but computing matrix with zeros for now.
2025-04-15 01:20:38,540 - root - WARNING - Subject 21219 has regions with zero variance (indices: [  6  11  43  74 112 132 135 141 146 185 187 192]). Marking for exclusion, but computing matrix with zeros for now.
2025-04-15 01:20:38,557 - root - WARNING - Subject 21220 has regions with zero variance (indices: [  6  11  43  74 112 132 135 141 146 185 187 192]). Marking for exclusion, but computing matrix with zeros for now.
2025-04-15 01:20:38,574 - root - WARNING - Subject 21221 has regions with zero variance (indices: [  6  11  43  74 112 132 135 141 146 185 187 192]). Marking for exclusion, but computing matrix with zeros for now.
2025-04-15 01:20:38,591 - root - WARNING - Subject 21222 has regions with zero variance (indices: [  6  11  43  74 112 132 135 141 146 185 187 192]). Marking for exclusion, but computing matrix with zeros for now.
2025-04-15 01:20:38,608 - root - WARNING - Subject 21223 has regions with zero variance (indices: [  6  11  43  74 112 132 135 141 146 185 187 192]). Marking for exclusion, but computing matrix with zeros for now.
2025-04-15 01:20:38,624 - root - WARNING - Subject 21224 has regions with zero variance (indices: [  6  11  43  74 112 132 135 141 146 185 187 192]). Marking for exclusion, but computing matrix with zeros for now.
2025-04-15 01:20:38,641 - root - WARNING - Subject 21225 has regions with zero variance (indices: [  6  11  43  74 112 132 135 141 146 185 187 192]). Marking for exclusion, but computing matrix with zeros for now.
2025-04-15 01:20:38,658 - root - WARNING - Subject 21226 has regions with zero variance (indices: [  6  11  43  74 112 132 135 141 146 185 187 192]). Marking for exclusion, but computing matrix with zeros for now.
2025-04-15 01:20:38,675 - root - WARNING - Subject 21227 has regions with zero variance (indices: [  6  11  43  74 112 132 135 141 146 185 187 192]). Marking for exclusion, but computing matrix with zeros for now.
2025-04-15 01:20:38,692 - root - WARNING - Subject 21228 has regions with zero variance (indices: [  6  11  43  74 112 132 135 141 146 185 187 192]). Marking for exclusion, but computing matrix with zeros for now.
2025-04-15 01:20:38,709 - root - WARNING - Subject 21229 has regions with zero variance (indices: [  6  11  43  74 112 132 135 141 146 185 187 192]). Marking for exclusion, but computing matrix with zeros for now.
2025-04-15 01:20:38,725 - root - WARNING - Subject 21230 has regions with zero variance (indices: [  6  11  43  74 112 132 135 141 146 185 187 192]). Marking for exclusion, but computing matrix with zeros for now.
2025-04-15 01:20:38,742 - root - WARNING - Subject 21231 has regions with zero variance (indices: [  6  11  43  74 112 132 135 141 146 185 187 192]). Marking for exclusion, but computing matrix with zeros for now.
2025-04-15 01:20:38,759 - root - WARNING - Subject 21232 has regions with zero variance (indices: [  6  11  43  74 112 132 135 141 146 185 187 192]). Marking for exclusion, but computing matrix with zeros for now.
2025-04-15 01:20:38,776 - root - WARNING - Subject 21233 has regions with zero variance (indices: [  6  11  43  74 112 132 135 141 146 185 187 192]). Marking for exclusion, but computing matrix with zeros for now.
2025-04-15 01:20:38,793 - root - WARNING - Subject 21234 has regions with zero variance (indices: [  6  11  43  74 112 132 135 141 146 185 187 192]). Marking for exclusion, but computing matrix with zeros for now.
2025-04-15 01:20:38,810 - root - WARNING - Subject 21235 has regions with zero variance (indices: [  6  11  43  74 112 132 135 141 146 185 187 192]). Marking for exclusion, but computing matrix with zeros for now.
2025-04-15 01:20:38,827 - root - WARNING - Subject 21236 has regions with zero variance (indices: [  6  11  43  74 112 132 135 141 146 185 187 192]). Marking for exclusion, but computing matrix with zeros for now.
2025-04-15 01:20:38,844 - root - WARNING - Subject 21237 has regions with zero variance (indices: [  6  11  43  74 112 132 135 141 146 185 187 192]). Marking for exclusion, but computing matrix with zeros for now.
2025-04-15 01:20:38,861 - root - WARNING - Subject 21238 has regions with zero variance (indices: [  6  11  43  74 112 132 135 141 146 185 187 192]). Marking for exclusion, but computing matrix with zeros for now.
2025-04-15 01:20:38,878 - root - WARNING - Subject 21239 has regions with zero variance (indices: [  6  11  43  74 112 132 135 141 146 185 187 192]). Marking for exclusion, but computing matrix with zeros for now.
2025-04-15 01:20:38,894 - root - WARNING - Subject 21240 has regions with zero variance (indices: [  6  11  43  74 112 132 135 141 146 185 187 192]). Marking for exclusion, but computing matrix with zeros for now.
2025-04-15 01:20:38,911 - root - WARNING - Subject 21241 has regions with zero variance (indices: [  6  11  43  74 112 132 135 141 146 185 187 192]). Marking for exclusion, but computing matrix with zeros for now.
2025-04-15 01:20:38,928 - root - WARNING - Subject 21242 has regions with zero variance (indices: [  6  11  43  74 112 132 135 141 146 185 187 192]). Marking for exclusion, but computing matrix with zeros for now.
2025-04-15 01:20:38,945 - root - WARNING - Subject 21243 has regions with zero variance (indices: [  6  11  43  74 112 132 135 141 146 185 187 192]). Marking for exclusion, but computing matrix with zeros for now.
2025-04-15 01:20:38,962 - root - WARNING - Subject 21244 has regions with zero variance (indices: [  6  11  43  74 112 132 135 141 146 185 187 192]). Marking for exclusion, but computing matrix with zeros for now.
2025-04-15 01:20:38,978 - root - WARNING - Subject 21245 has regions with zero variance (indices: [  6  11  43  74 112 132 135 141 146 185 187 192]). Marking for exclusion, but computing matrix with zeros for now.
2025-04-15 01:20:38,995 - root - WARNING - Subject 21246 has regions with zero variance (indices: [  6  11  43  74 112 132 135 141 146 185 187 192]). Marking for exclusion, but computing matrix with zeros for now.
2025-04-15 01:20:39,012 - root - WARNING - Subject 21247 has regions with zero variance (indices: [  6  11  43  74 112 132 135 141 146 185 187 192]). Marking for exclusion, but computing matrix with zeros for now.
2025-04-15 01:20:39,029 - root - WARNING - Subject 21248 has regions with zero variance (indices: [  6  11  43  74 112 132 135 141 146 185 187 192]). Marking for exclusion, but computing matrix with zeros for now.
2025-04-15 01:20:39,045 - root - WARNING - Subject 21249 has regions with zero variance (indices: [  6  11  43  74 112 132 135 141 146 185 187 192]). Marking for exclusion, but computing matrix with zeros for now.
2025-04-15 01:20:39,062 - root - WARNING - Subject 21250 has regions with zero variance (indices: [  6  11  43  74 112 132 135 141 146 185 187 192]). Marking for exclusion, but computing matrix with zeros for now.
2025-04-15 01:20:39,079 - root - WARNING - Subject 21251 has regions with zero variance (indices: [  6  11  43  74 112 132 135 141 146 185 187 192]). Marking for exclusion, but computing matrix with zeros for now.
2025-04-15 01:20:39,096 - root - WARNING - Subject 21252 has regions with zero variance (indices: [  6  11  43  74 112 132 135 141 146 185 187 192]). Marking for exclusion, but computing matrix with zeros for now.
2025-04-15 01:20:39,113 - root - WARNING - Subject 21253 has regions with zero variance (indices: [  6  11  43  74 112 132 135 141 146 185 187 192]). Marking for exclusion, but computing matrix with zeros for now.
2025-04-15 01:20:39,130 - root - WARNING - Subject 21254 has regions with zero variance (indices: [  6  11  43  74 112 132 135 141 146 185 187 192]). Marking for exclusion, but computing matrix with zeros for now.
2025-04-15 01:20:39,147 - root - WARNING - Subject 21255 has regions with zero variance (indices: [  6  11  43  74 112 132 135 141 146 185 187 192]). Marking for exclusion, but computing matrix with zeros for now.
2025-04-15 01:20:39,164 - root - WARNING - Subject 21256 has regions with zero variance (indices: [  6  11  43  74 112 132 135 141 146 185 187 192]). Marking for exclusion, but computing matrix with zeros for now.
2025-04-15 01:20:39,180 - root - WARNING - Subject 21257 has regions with zero variance (indices: [  6  11  43  74 112 132 135 141 146 185 187 192]). Marking for exclusion, but computing matrix with zeros for now.
2025-04-15 01:20:39,197 - root - WARNING - Subject 21258 has regions with zero variance (indices: [  6  11  43  74 112 132 135 141 146 185 187 192]). Marking for exclusion, but computing matrix with zeros for now.
2025-04-15 01:20:39,214 - root - WARNING - Subject 21259 has regions with zero variance (indices: [  6  11  43  74 112 132 135 141 146 185 187 192]). Marking for exclusion, but computing matrix with zeros for now.
2025-04-15 01:20:39,231 - root - WARNING - Subject 21260 has regions with zero variance (indices: [  6  11  43  74 112 132 135 141 146 185 187 192]). Marking for exclusion, but computing matrix with zeros for now.
2025-04-15 01:20:39,248 - root - WARNING - Subject 21261 has regions with zero variance (indices: [  6  11  43  74 112 132 135 141 146 185 187 192]). Marking for exclusion, but computing matrix with zeros for now.
2025-04-15 01:20:39,265 - root - WARNING - Subject 21262 has regions with zero variance (indices: [  6  11  43  74 112 132 135 141 146 185 187 192]). Marking for exclusion, but computing matrix with zeros for now.
2025-04-15 01:20:39,282 - root - WARNING - Subject 21263 has regions with zero variance (indices: [  6  11  43  74 112 132 135 141 146 185 187 192]). Marking for exclusion, but computing matrix with zeros for now.
2025-04-15 01:20:39,299 - root - WARNING - Subject 21264 has regions with zero variance (indices: [  6  11  43  74 112 132 135 141 146 185 187 192]). Marking for exclusion, but computing matrix with zeros for now.
2025-04-15 01:20:39,316 - root - WARNING - Subject 21265 has regions with zero variance (indices: [  6  11  43  74 112 132 135 141 146 185 187 192]). Marking for exclusion, but computing matrix with zeros for now.
2025-04-15 01:20:39,332 - root - WARNING - Subject 21266 has regions with zero variance (indices: [  6  11  43  74 112 132 135 141 146 185 187 192]). Marking for exclusion, but computing matrix with zeros for now.
2025-04-15 01:20:39,349 - root - WARNING - Subject 21267 has regions with zero variance (indices: [  6  11  43  74 112 132 135 141 146 185 187 192]). Marking for exclusion, but computing matrix with zeros for now.
2025-04-15 01:20:39,366 - root - WARNING - Subject 21268 has regions with zero variance (indices: [  6  11  43  74 112 132 135 141 146 185 187 192]). Marking for exclusion, but computing matrix with zeros for now.
2025-04-15 01:20:39,383 - root - WARNING - Subject 21269 has regions with zero variance (indices: [  6  11  43  74 112 132 135 141 146 185 187 192]). Marking for exclusion, but computing matrix with zeros for now.
2025-04-15 01:20:39,399 - root - WARNING - Subject 21270 has regions with zero variance (indices: [  6  11  43  74 112 132 135 141 146 185 187 192]). Marking for exclusion, but computing matrix with zeros for now.
2025-04-15 01:20:39,416 - root - WARNING - Subject 21271 has regions with zero variance (indices: [  6  11  43  74 112 132 135 141 146 185 187 192]). Marking for exclusion, but computing matrix with zeros for now.
2025-04-15 01:20:39,433 - root - WARNING - Subject 21272 has regions with zero variance (indices: [  6  11  43  74 112 132 135 141 146 185 187 192]). Marking for exclusion, but computing matrix with zeros for now.
2025-04-15 01:20:39,450 - root - WARNING - Subject 21273 has regions with zero variance (indices: [  6  11  43  74 112 132 135 141 146 185 187 192]). Marking for exclusion, but computing matrix with zeros for now.
2025-04-15 01:20:39,467 - root - WARNING - Subject 21274 has regions with zero variance (indices: [  6  11  43  74 112 132 135 141 146 185 187 192]). Marking for exclusion, but computing matrix with zeros for now.
2025-04-15 01:20:39,484 - root - WARNING - Subject 21275 has regions with zero variance (indices: [  6  11  43  74 112 132 135 141 146 185 187 192]). Marking for exclusion, but computing matrix with zeros for now.
2025-04-15 01:20:39,501 - root - WARNING - Subject 21276 has regions with zero variance (indices: [  6  11  43  74 112 132 135 141 146 185 187 192]). Marking for exclusion, but computing matrix with zeros for now.
2025-04-15 01:20:39,518 - root - WARNING - Subject 21277 has regions with zero variance (indices: [  6  11  43  74 112 132 135 141 146 185 187 192]). Marking for exclusion, but computing matrix with zeros for now.
2025-04-15 01:20:39,535 - root - WARNING - Subject 21278 has regions with zero variance (indices: [  6  11  43  74 112 132 135 141 146 185 187 192]). Marking for exclusion, but computing matrix with zeros for now.
2025-04-15 01:20:39,551 - root - WARNING - Subject 21279 has regions with zero variance (indices: [  6  11  43  74 112 132 135 141 146 185 187 192]). Marking for exclusion, but computing matrix with zeros for now.
2025-04-15 01:20:39,568 - root - WARNING - Subject 21280 has regions with zero variance (indices: [  6  11  43  74 112 132 135 141 146 185 187 192]). Marking for exclusion, but computing matrix with zeros for now.
2025-04-15 01:20:39,585 - root - WARNING - Subject 21281 has regions with zero variance (indices: [  6  11  43  74 112 132 135 141 146 185 187 192]). Marking for exclusion, but computing matrix with zeros for now.
2025-04-15 01:20:39,602 - root - WARNING - Subject 21282 has regions with zero variance (indices: [  6  11  43  74 112 132 135 141 146 185 187 192]). Marking for exclusion, but computing matrix with zeros for now.
2025-04-15 01:20:39,619 - root - WARNING - Subject 21283 has regions with zero variance (indices: [  6  11  43  74 112 132 135 141 146 185 187 192]). Marking for exclusion, but computing matrix with zeros for now.
2025-04-15 01:20:39,636 - root - WARNING - Subject 21284 has regions with zero variance (indices: [  6  11  43  74 112 132 135 141 146 185 187 192]). Marking for exclusion, but computing matrix with zeros for now.
2025-04-15 01:20:39,652 - root - WARNING - Subject 21285 has regions with zero variance (indices: [  6  11  43  74 112 132 135 141 146 185 187 192]). Marking for exclusion, but computing matrix with zeros for now.
2025-04-15 01:20:39,669 - root - WARNING - Subject 21286 has regions with zero variance (indices: [  6  11  43  74 112 132 135 141 146 185 187 192]). Marking for exclusion, but computing matrix with zeros for now.
2025-04-15 01:20:39,686 - root - WARNING - Subject 21287 has regions with zero variance (indices: [  6  11  43  74 112 132 135 141 146 185 187 192]). Marking for exclusion, but computing matrix with zeros for now.
2025-04-15 01:20:39,703 - root - WARNING - Subject 21288 has regions with zero variance (indices: [  6  11  43  74 112 132 135 141 146 185 187 192]). Marking for exclusion, but computing matrix with zeros for now.
2025-04-15 01:20:39,720 - root - WARNING - Subject 21289 has regions with zero variance (indices: [  6  11  43  74 112 132 135 141 146 185 187 192]). Marking for exclusion, but computing matrix with zeros for now.
2025-04-15 01:20:39,737 - root - WARNING - Subject 21290 has regions with zero variance (indices: [  6  11  43  74 112 132 135 141 146 185 187 192]). Marking for exclusion, but computing matrix with zeros for now.
2025-04-15 01:20:39,754 - root - WARNING - Subject 21291 has regions with zero variance (indices: [  6  11  43  74 112 132 135 141 146 185 187 192]). Marking for exclusion, but computing matrix with zeros for now.
2025-04-15 01:20:39,771 - root - WARNING - Subject 21292 has regions with zero variance (indices: [  6  11  43  74 112 132 135 141 146 185 187 192]). Marking for exclusion, but computing matrix with zeros for now.
2025-04-15 01:20:39,788 - root - WARNING - Subject 21293 has regions with zero variance (indices: [  6  11  43  74 112 132 135 141 146 185 187 192]). Marking for exclusion, but computing matrix with zeros for now.
2025-04-15 01:20:39,805 - root - WARNING - Subject 21294 has regions with zero variance (indices: [  6  11  43  74 112 132 135 141 146 185 187 192]). Marking for exclusion, but computing matrix with zeros for now.
2025-04-15 01:20:39,821 - root - WARNING - Subject 21295 has regions with zero variance (indices: [  6  11  43  74 112 132 135 141 146 185 187 192]). Marking for exclusion, but computing matrix with zeros for now.
2025-04-15 01:20:39,838 - root - WARNING - Subject 21296 has regions with zero variance (indices: [  6  11  43  74 112 132 135 141 146 185 187 192]). Marking for exclusion, but computing matrix with zeros for now.
2025-04-15 01:20:39,855 - root - WARNING - Subject 21297 has regions with zero variance (indices: [  6  11  43  74 112 132 135 141 146 185 187 192]). Marking for exclusion, but computing matrix with zeros for now.
2025-04-15 01:20:39,872 - root - WARNING - Subject 21298 has regions with zero variance (indices: [  6  11  43  74 112 132 135 141 146 185 187 192]). Marking for exclusion, but computing matrix with zeros for now.
2025-04-15 01:20:39,889 - root - WARNING - Subject 21299 has regions with zero variance (indices: [  6  11  43  74 112 132 135 141 146 185 187 192]). Marking for exclusion, but computing matrix with zeros for now.
2025-04-15 01:20:39,905 - root - WARNING - Subject 21300 has regions with zero variance (indices: [  6  11  43  74 112 132 135 141 146 185 187 192]). Marking for exclusion, but computing matrix with zeros for now.
2025-04-15 01:20:39,922 - root - WARNING - Subject 21301 has regions with zero variance (indices: [  6  11  43  74 112 132 135 141 146 185 187 192]). Marking for exclusion, but computing matrix with zeros for now.
2025-04-15 01:20:39,939 - root - WARNING - Subject 21302 has regions with zero variance (indices: [  6  11  43  74 112 132 135 141 146 185 187 192]). Marking for exclusion, but computing matrix with zeros for now.
2025-04-15 01:20:39,955 - root - WARNING - Subject 21303 has regions with zero variance (indices: [  6  11  43  74 112 132 135 141 146 185 187 192]). Marking for exclusion, but computing matrix with zeros for now.
2025-04-15 01:20:39,972 - root - WARNING - Subject 21304 has regions with zero variance (indices: [  6  11  43  74 112 132 135 141 146 185 187 192]). Marking for exclusion, but computing matrix with zeros for now.
2025-04-15 01:20:39,989 - root - WARNING - Subject 21305 has regions with zero variance (indices: [  6  11  43  74 112 132 135 141 146 185 187 192]). Marking for exclusion, but computing matrix with zeros for now.
2025-04-15 01:20:40,494 - root - WARNING - Subject 22104 has regions with zero variance (indices: [42]). Marking for exclusion, but computing matrix with zeros for now.
2025-04-15 01:20:40,513 - root - WARNING - Subject 22105 has regions with zero variance (indices: [42]). Marking for exclusion, but computing matrix with zeros for now.
2025-04-15 01:20:40,532 - root - WARNING - Subject 22106 has regions with zero variance (indices: [42]). Marking for exclusion, but computing matrix with zeros for now.
2025-04-15 01:20:40,551 - root - WARNING - Subject 22107 has regions with zero variance (indices: [42]). Marking for exclusion, but computing matrix with zeros for now.
2025-04-15 01:20:40,570 - root - WARNING - Subject 22108 has regions with zero variance (indices: [42]). Marking for exclusion, but computing matrix with zeros for now.
2025-04-15 01:20:40,588 - root - WARNING - Subject 22109 has regions with zero variance (indices: [42]). Marking for exclusion, but computing matrix with zeros for now.
2025-04-15 01:20:40,607 - root - WARNING - Subject 22110 has regions with zero variance (indices: [42]). Marking for exclusion, but computing matrix with zeros for now.
2025-04-15 01:20:40,626 - root - WARNING - Subject 22111 has regions with zero variance (indices: [42]). Marking for exclusion, but computing matrix with zeros for now.
2025-04-15 01:20:40,645 - root - WARNING - Subject 22112 has regions with zero variance (indices: [42]). Marking for exclusion, but computing matrix with zeros for now.
2025-04-15 01:20:40,663 - root - WARNING - Subject 22113 has regions with zero variance (indices: [42]). Marking for exclusion, but computing matrix with zeros for now.
2025-04-15 01:20:40,682 - root - WARNING - Subject 22114 has regions with zero variance (indices: [42]). Marking for exclusion, but computing matrix with zeros for now.
2025-04-15 01:20:40,700 - root - WARNING - Subject 22115 has regions with zero variance (indices: [42]). Marking for exclusion, but computing matrix with zeros for now.
2025-04-15 01:20:40,719 - root - WARNING - Subject 22116 has regions with zero variance (indices: [42]). Marking for exclusion, but computing matrix with zeros for now.
2025-04-15 01:20:40,738 - root - WARNING - Subject 22117 has regions with zero variance (indices: [42]). Marking for exclusion, but computing matrix with zeros for now.
2025-04-15 01:20:40,756 - root - WARNING - Subject 22118 has regions with zero variance (indices: [42]). Marking for exclusion, but computing matrix with zeros for now.
2025-04-15 01:20:40,774 - root - WARNING - Subject 22119 has regions with zero variance (indices: [42]). Marking for exclusion, but computing matrix with zeros for now.
2025-04-15 01:20:40,793 - root - WARNING - Subject 22120 has regions with zero variance (indices: [42]). Marking for exclusion, but computing matrix with zeros for now.
2025-04-15 01:20:40,812 - root - WARNING - Subject 22121 has regions with zero variance (indices: [42]). Marking for exclusion, but computing matrix with zeros for now.
2025-04-15 01:20:40,830 - root - WARNING - Subject 22122 has regions with zero variance (indices: [42]). Marking for exclusion, but computing matrix with zeros for now.
2025-04-15 01:20:40,849 - root - WARNING - Subject 22123 has regions with zero variance (indices: [42]). Marking for exclusion, but computing matrix with zeros for now.
2025-04-15 01:20:40,868 - root - WARNING - Subject 22124 has regions with zero variance (indices: [42]). Marking for exclusion, but computing matrix with zeros for now.
2025-04-15 01:20:40,886 - root - WARNING - Subject 22125 has regions with zero variance (indices: [42]). Marking for exclusion, but computing matrix with zeros for now.
2025-04-15 01:20:40,905 - root - WARNING - Subject 22126 has regions with zero variance (indices: [42]). Marking for exclusion, but computing matrix with zeros for now.
2025-04-15 01:20:40,924 - root - WARNING - Subject 22127 has regions with zero variance (indices: [42]). Marking for exclusion, but computing matrix with zeros for now.
2025-04-15 01:20:40,942 - root - WARNING - Subject 22128 has regions with zero variance (indices: [42]). Marking for exclusion, but computing matrix with zeros for now.
2025-04-15 01:20:40,961 - root - WARNING - Subject 22129 has regions with zero variance (indices: [42]). Marking for exclusion, but computing matrix with zeros for now.
2025-04-15 01:20:40,980 - root - WARNING - Subject 22130 has regions with zero variance (indices: [42]). Marking for exclusion, but computing matrix with zeros for now.
2025-04-15 01:20:40,998 - root - WARNING - Subject 22131 has regions with zero variance (indices: [42]). Marking for exclusion, but computing matrix with zeros for now.
2025-04-15 01:20:41,017 - root - WARNING - Subject 22132 has regions with zero variance (indices: [42]). Marking for exclusion, but computing matrix with zeros for now.
2025-04-15 01:20:41,036 - root - WARNING - Subject 22133 has regions with zero variance (indices: [42]). Marking for exclusion, but computing matrix with zeros for now.
2025-04-15 01:20:41,055 - root - WARNING - Subject 22134 has regions with zero variance (indices: [42]). Marking for exclusion, but computing matrix with zeros for now.
2025-04-15 01:20:41,073 - root - WARNING - Subject 22135 has regions with zero variance (indices: [42]). Marking for exclusion, but computing matrix with zeros for now.
2025-04-15 01:20:41,092 - root - WARNING - Subject 22136 has regions with zero variance (indices: [42]). Marking for exclusion, but computing matrix with zeros for now.
2025-04-15 01:20:41,111 - root - WARNING - Subject 22137 has regions with zero variance (indices: [42]). Marking for exclusion, but computing matrix with zeros for now.
2025-04-15 01:20:41,130 - root - WARNING - Subject 22138 has regions with zero variance (indices: [42]). Marking for exclusion, but computing matrix with zeros for now.
2025-04-15 01:20:41,148 - root - WARNING - Subject 22139 has regions with zero variance (indices: [42]). Marking for exclusion, but computing matrix with zeros for now.
2025-04-15 01:20:41,167 - root - WARNING - Subject 22140 has regions with zero variance (indices: [42]). Marking for exclusion, but computing matrix with zeros for now.
2025-04-15 01:20:41,186 - root - WARNING - Subject 22141 has regions with zero variance (indices: [42]). Marking for exclusion, but computing matrix with zeros for now.
2025-04-15 01:20:41,204 - root - WARNING - Subject 22142 has regions with zero variance (indices: [42]). Marking for exclusion, but computing matrix with zeros for now.
2025-04-15 01:20:41,223 - root - WARNING - Subject 22143 has regions with zero variance (indices: [42]). Marking for exclusion, but computing matrix with zeros for now.
2025-04-15 01:20:41,242 - root - WARNING - Subject 22144 has regions with zero variance (indices: [42]). Marking for exclusion, but computing matrix with zeros for now.
2025-04-15 01:20:41,260 - root - WARNING - Subject 22145 has regions with zero variance (indices: [42]). Marking for exclusion, but computing matrix with zeros for now.
2025-04-15 01:20:41,279 - root - WARNING - Subject 22146 has regions with zero variance (indices: [42]). Marking for exclusion, but computing matrix with zeros for now.
2025-04-15 01:20:41,297 - root - WARNING - Subject 22147 has regions with zero variance (indices: [42]). Marking for exclusion, but computing matrix with zeros for now.
2025-04-15 01:20:41,316 - root - WARNING - Subject 22148 has regions with zero variance (indices: [42]). Marking for exclusion, but computing matrix with zeros for now.
2025-04-15 01:20:41,335 - root - WARNING - Subject 22149 has regions with zero variance (indices: [42]). Marking for exclusion, but computing matrix with zeros for now.
2025-04-15 01:20:41,353 - root - WARNING - Subject 22150 has regions with zero variance (indices: [42]). Marking for exclusion, but computing matrix with zeros for now.
2025-04-15 01:20:41,372 - root - WARNING - Subject 22151 has regions with zero variance (indices: [42]). Marking for exclusion, but computing matrix with zeros for now.
2025-04-15 01:20:41,391 - root - WARNING - Subject 22152 has regions with zero variance (indices: [42]). Marking for exclusion, but computing matrix with zeros for now.
2025-04-15 01:20:41,410 - root - WARNING - Subject 22153 has regions with zero variance (indices: [42]). Marking for exclusion, but computing matrix with zeros for now.
2025-04-15 01:20:41,428 - root - WARNING - Subject 22154 has regions with zero variance (indices: [42]). Marking for exclusion, but computing matrix with zeros for now.
2025-04-15 01:20:41,447 - root - WARNING - Subject 22155 has regions with zero variance (indices: [42]). Marking for exclusion, but computing matrix with zeros for now.
2025-04-15 01:20:41,466 - root - WARNING - Subject 22156 has regions with zero variance (indices: [42]). Marking for exclusion, but computing matrix with zeros for now.
2025-04-15 01:20:41,485 - root - WARNING - Subject 22157 has regions with zero variance (indices: [42]). Marking for exclusion, but computing matrix with zeros for now.
2025-04-15 01:20:41,503 - root - WARNING - Subject 22158 has regions with zero variance (indices: [42]). Marking for exclusion, but computing matrix with zeros for now.
2025-04-15 01:20:41,522 - root - WARNING - Subject 22159 has regions with zero variance (indices: [42]). Marking for exclusion, but computing matrix with zeros for now.
2025-04-15 01:20:41,540 - root - WARNING - Subject 22160 has regions with zero variance (indices: [42]). Marking for exclusion, but computing matrix with zeros for now.
2025-04-15 01:20:41,559 - root - WARNING - Subject 22161 has regions with zero variance (indices: [42]). Marking for exclusion, but computing matrix with zeros for now.
2025-04-15 01:20:41,577 - root - WARNING - Subject 22162 has regions with zero variance (indices: [42]). Marking for exclusion, but computing matrix with zeros for now.
2025-04-15 01:20:41,596 - root - WARNING - Subject 22163 has regions with zero variance (indices: [42]). Marking for exclusion, but computing matrix with zeros for now.
2025-04-15 01:20:41,614 - root - WARNING - Subject 22164 has regions with zero variance (indices: [42]). Marking for exclusion, but computing matrix with zeros for now.
2025-04-15 01:20:41,633 - root - WARNING - Subject 22165 has regions with zero variance (indices: [42]). Marking for exclusion, but computing matrix with zeros for now.
2025-04-15 01:20:41,652 - root - WARNING - Subject 22166 has regions with zero variance (indices: [42]). Marking for exclusion, but computing matrix with zeros for now.
2025-04-15 01:20:41,670 - root - WARNING - Subject 22167 has regions with zero variance (indices: [42]). Marking for exclusion, but computing matrix with zeros for now.
2025-04-15 01:20:41,689 - root - WARNING - Subject 22168 has regions with zero variance (indices: [42]). Marking for exclusion, but computing matrix with zeros for now.
2025-04-15 01:20:41,708 - root - WARNING - Subject 22169 has regions with zero variance (indices: [42]). Marking for exclusion, but computing matrix with zeros for now.
2025-04-15 01:20:41,727 - root - WARNING - Subject 22170 has regions with zero variance (indices: [42]). Marking for exclusion, but computing matrix with zeros for now.
2025-04-15 01:20:41,746 - root - WARNING - Subject 22171 has regions with zero variance (indices: [42]). Marking for exclusion, but computing matrix with zeros for now.
2025-04-15 01:20:41,765 - root - WARNING - Subject 22172 has regions with zero variance (indices: [42]). Marking for exclusion, but computing matrix with zeros for now.
2025-04-15 01:20:41,783 - root - WARNING - Subject 22173 has regions with zero variance (indices: [42]). Marking for exclusion, but computing matrix with zeros for now.
2025-04-15 01:20:41,802 - root - WARNING - Subject 22174 has regions with zero variance (indices: [42]). Marking for exclusion, but computing matrix with zeros for now.
2025-04-15 01:20:41,821 - root - WARNING - Subject 22175 has regions with zero variance (indices: [42]). Marking for exclusion, but computing matrix with zeros for now.
2025-04-15 01:20:41,840 - root - WARNING - Subject 22176 has regions with zero variance (indices: [42]). Marking for exclusion, but computing matrix with zeros for now.
2025-04-15 01:20:41,859 - root - WARNING - Subject 22177 has regions with zero variance (indices: [42]). Marking for exclusion, but computing matrix with zeros for now.
2025-04-15 01:20:41,877 - root - WARNING - Subject 22178 has regions with zero variance (indices: [42]). Marking for exclusion, but computing matrix with zeros for now.
2025-04-15 01:20:41,896 - root - WARNING - Subject 22179 has regions with zero variance (indices: [42]). Marking for exclusion, but computing matrix with zeros for now.
2025-04-15 01:20:41,915 - root - WARNING - Subject 22180 has regions with zero variance (indices: [42]). Marking for exclusion, but computing matrix with zeros for now.
2025-04-15 01:20:41,933 - root - WARNING - Subject 22181 has regions with zero variance (indices: [42]). Marking for exclusion, but computing matrix with zeros for now.
2025-04-15 01:20:41,952 - root - WARNING - Subject 22182 has regions with zero variance (indices: [42]). Marking for exclusion, but computing matrix with zeros for now.
2025-04-15 01:20:41,971 - root - WARNING - Subject 22183 has regions with zero variance (indices: [42]). Marking for exclusion, but computing matrix with zeros for now.
2025-04-15 01:20:41,990 - root - WARNING - Subject 22184 has regions with zero variance (indices: [42]). Marking for exclusion, but computing matrix with zeros for now.
2025-04-15 01:20:42,008 - root - WARNING - Subject 22185 has regions with zero variance (indices: [42]). Marking for exclusion, but computing matrix with zeros for now.
2025-04-15 01:20:42,027 - root - WARNING - Subject 22186 has regions with zero variance (indices: [42]). Marking for exclusion, but computing matrix with zeros for now.
2025-04-15 01:20:42,045 - root - WARNING - Subject 22187 has regions with zero variance (indices: [42]). Marking for exclusion, but computing matrix with zeros for now.
2025-04-15 01:20:42,064 - root - WARNING - Subject 22188 has regions with zero variance (indices: [42]). Marking for exclusion, but computing matrix with zeros for now.
2025-04-15 01:20:42,083 - root - WARNING - Subject 22189 has regions with zero variance (indices: [42]). Marking for exclusion, but computing matrix with zeros for now.
2025-04-15 01:20:42,101 - root - WARNING - Subject 22190 has regions with zero variance (indices: [42]). Marking for exclusion, but computing matrix with zeros for now.
2025-04-15 01:20:42,120 - root - WARNING - Subject 22191 has regions with zero variance (indices: [42]). Marking for exclusion, but computing matrix with zeros for now.
2025-04-15 01:20:42,139 - root - WARNING - Subject 22192 has regions with zero variance (indices: [42]). Marking for exclusion, but computing matrix with zeros for now.
2025-04-15 01:20:42,158 - root - WARNING - Subject 22193 has regions with zero variance (indices: [42]). Marking for exclusion, but computing matrix with zeros for now.
2025-04-15 01:20:42,176 - root - WARNING - Subject 22194 has regions with zero variance (indices: [42]). Marking for exclusion, but computing matrix with zeros for now.
2025-04-15 01:20:42,195 - root - WARNING - Subject 22195 has regions with zero variance (indices: [42]). Marking for exclusion, but computing matrix with zeros for now.
2025-04-15 01:20:42,214 - root - WARNING - Subject 22196 has regions with zero variance (indices: [42]). Marking for exclusion, but computing matrix with zeros for now.
2025-04-15 01:20:42,232 - root - WARNING - Subject 22197 has regions with zero variance (indices: [42]). Marking for exclusion, but computing matrix with zeros for now.
2025-04-15 01:20:42,251 - root - WARNING - Subject 22198 has regions with zero variance (indices: [42]). Marking for exclusion, but computing matrix with zeros for now.
2025-04-15 01:20:42,269 - root - WARNING - Subject 22199 has regions with zero variance (indices: [42]). Marking for exclusion, but computing matrix with zeros for now.
2025-04-15 01:20:42,288 - root - WARNING - Subject 22200 has regions with zero variance (indices: [42]). Marking for exclusion, but computing matrix with zeros for now.
2025-04-15 01:20:42,306 - root - WARNING - Subject 22201 has regions with zero variance (indices: [42]). Marking for exclusion, but computing matrix with zeros for now.
2025-04-15 01:20:42,325 - root - WARNING - Subject 22202 has regions with zero variance (indices: [42]). Marking for exclusion, but computing matrix with zeros for now.
2025-04-15 01:20:42,343 - root - WARNING - Subject 22203 has regions with zero variance (indices: [42]). Marking for exclusion, but computing matrix with zeros for now.
2025-04-15 01:20:42,362 - root - WARNING - Subject 22204 has regions with zero variance (indices: [42]). Marking for exclusion, but computing matrix with zeros for now.
2025-04-15 01:20:42,381 - root - WARNING - Subject 22205 has regions with zero variance (indices: [42]). Marking for exclusion, but computing matrix with zeros for now.
2025-04-15 01:20:42,399 - root - WARNING - Subject 22206 has regions with zero variance (indices: [42]). Marking for exclusion, but computing matrix with zeros for now.
2025-04-15 01:20:42,418 - root - WARNING - Subject 22207 has regions with zero variance (indices: [42]). Marking for exclusion, but computing matrix with zeros for now.
2025-04-15 01:20:42,436 - root - WARNING - Subject 22208 has regions with zero variance (indices: [42]). Marking for exclusion, but computing matrix with zeros for now.
2025-04-15 01:20:42,455 - root - WARNING - Subject 22209 has regions with zero variance (indices: [42]). Marking for exclusion, but computing matrix with zeros for now.
2025-04-15 01:20:42,474 - root - WARNING - Subject 22210 has regions with zero variance (indices: [42]). Marking for exclusion, but computing matrix with zeros for now.
2025-04-15 01:20:42,492 - root - WARNING - Subject 22211 has regions with zero variance (indices: [42]). Marking for exclusion, but computing matrix with zeros for now.
2025-04-15 01:20:42,511 - root - WARNING - Subject 22212 has regions with zero variance (indices: [42]). Marking for exclusion, but computing matrix with zeros for now.
2025-04-15 01:20:42,530 - root - WARNING - Subject 22213 has regions with zero variance (indices: [42]). Marking for exclusion, but computing matrix with zeros for now.
2025-04-15 01:20:42,548 - root - WARNING - Subject 22214 has regions with zero variance (indices: [42]). Marking for exclusion, but computing matrix with zeros for now.
2025-04-15 01:20:42,567 - root - WARNING - Subject 22215 has regions with zero variance (indices: [42]). Marking for exclusion, but computing matrix with zeros for now.
2025-04-15 01:20:42,585 - root - WARNING - Subject 22216 has regions with zero variance (indices: [42]). Marking for exclusion, but computing matrix with zeros for now.
2025-04-15 01:20:42,604 - root - WARNING - Subject 22217 has regions with zero variance (indices: [42]). Marking for exclusion, but computing matrix with zeros for now.
2025-04-15 01:20:42,622 - root - WARNING - Subject 22218 has regions with zero variance (indices: [42]). Marking for exclusion, but computing matrix with zeros for now.
2025-04-15 01:20:42,641 - root - WARNING - Subject 22219 has regions with zero variance (indices: [42]). Marking for exclusion, but computing matrix with zeros for now.
2025-04-15 01:20:42,659 - root - WARNING - Subject 22220 has regions with zero variance (indices: [42]). Marking for exclusion, but computing matrix with zeros for now.
2025-04-15 01:20:42,678 - root - WARNING - Subject 22221 has regions with zero variance (indices: [42]). Marking for exclusion, but computing matrix with zeros for now.
2025-04-15 01:20:42,696 - root - WARNING - Subject 22222 has regions with zero variance (indices: [42]). Marking for exclusion, but computing matrix with zeros for now.
2025-04-15 01:20:42,715 - root - WARNING - Subject 22223 has regions with zero variance (indices: [42]). Marking for exclusion, but computing matrix with zeros for now.
2025-04-15 01:20:42,733 - root - WARNING - Subject 22224 has regions with zero variance (indices: [42]). Marking for exclusion, but computing matrix with zeros for now.
2025-04-15 01:20:42,752 - root - WARNING - Subject 22225 has regions with zero variance (indices: [42]). Marking for exclusion, but computing matrix with zeros for now.
2025-04-15 01:20:42,770 - root - WARNING - Subject 22226 has regions with zero variance (indices: [42]). Marking for exclusion, but computing matrix with zeros for now.
2025-04-15 01:20:42,789 - root - WARNING - Subject 22227 has regions with zero variance (indices: [42]). Marking for exclusion, but computing matrix with zeros for now.
2025-04-15 01:20:42,808 - root - WARNING - Subject 22228 has regions with zero variance (indices: [42]). Marking for exclusion, but computing matrix with zeros for now.
2025-04-15 01:20:42,826 - root - WARNING - Subject 22229 has regions with zero variance (indices: [42]). Marking for exclusion, but computing matrix with zeros for now.
2025-04-15 01:20:42,845 - root - WARNING - Subject 22230 has regions with zero variance (indices: [42]). Marking for exclusion, but computing matrix with zeros for now.
2025-04-15 01:20:42,863 - root - WARNING - Subject 22231 has regions with zero variance (indices: [42]). Marking for exclusion, but computing matrix with zeros for now.
2025-04-15 01:20:42,882 - root - WARNING - Subject 22232 has regions with zero variance (indices: [42]). Marking for exclusion, but computing matrix with zeros for now.
2025-04-15 01:20:42,901 - root - WARNING - Subject 22233 has regions with zero variance (indices: [42]). Marking for exclusion, but computing matrix with zeros for now.
2025-04-15 01:20:42,920 - root - WARNING - Subject 22234 has regions with zero variance (indices: [42]). Marking for exclusion, but computing matrix with zeros for now.
2025-04-15 01:20:42,938 - root - WARNING - Subject 22235 has regions with zero variance (indices: [42]). Marking for exclusion, but computing matrix with zeros for now.
2025-04-15 01:20:42,957 - root - WARNING - Subject 22236 has regions with zero variance (indices: [42]). Marking for exclusion, but computing matrix with zeros for now.
2025-04-15 01:20:42,976 - root - WARNING - Subject 22237 has regions with zero variance (indices: [42]). Marking for exclusion, but computing matrix with zeros for now.
2025-04-15 01:20:42,995 - root - WARNING - Subject 22238 has regions with zero variance (indices: [42]). Marking for exclusion, but computing matrix with zeros for now.
2025-04-15 01:20:43,014 - root - WARNING - Subject 22239 has regions with zero variance (indices: [42]). Marking for exclusion, but computing matrix with zeros for now.
2025-04-15 01:20:43,033 - root - WARNING - Subject 22240 has regions with zero variance (indices: [42]). Marking for exclusion, but computing matrix with zeros for now.
2025-04-15 01:20:43,051 - root - WARNING - Subject 22241 has regions with zero variance (indices: [42]). Marking for exclusion, but computing matrix with zeros for now.
2025-04-15 01:20:43,070 - root - WARNING - Subject 22242 has regions with zero variance (indices: [42]). Marking for exclusion, but computing matrix with zeros for now.
2025-04-15 01:20:43,089 - root - WARNING - Subject 22243 has regions with zero variance (indices: [42]). Marking for exclusion, but computing matrix with zeros for now.
2025-04-15 01:20:43,107 - root - WARNING - Subject 22244 has regions with zero variance (indices: [42]). Marking for exclusion, but computing matrix with zeros for now.
2025-04-15 01:20:43,126 - root - WARNING - Subject 22245 has regions with zero variance (indices: [42]). Marking for exclusion, but computing matrix with zeros for now.
2025-04-15 01:20:43,145 - root - WARNING - Subject 22246 has regions with zero variance (indices: [42]). Marking for exclusion, but computing matrix with zeros for now.
2025-04-15 01:20:43,163 - root - WARNING - Subject 22247 has regions with zero variance (indices: [42]). Marking for exclusion, but computing matrix with zeros for now.
2025-04-15 01:20:43,182 - root - WARNING - Subject 22248 has regions with zero variance (indices: [42]). Marking for exclusion, but computing matrix with zeros for now.
2025-04-15 01:20:43,201 - root - WARNING - Subject 22249 has regions with zero variance (indices: [42]). Marking for exclusion, but computing matrix with zeros for now.
2025-04-15 01:20:43,219 - root - WARNING - Subject 22250 has regions with zero variance (indices: [42]). Marking for exclusion, but computing matrix with zeros for now.
2025-04-15 01:20:43,238 - root - WARNING - Subject 22251 has regions with zero variance (indices: [42]). Marking for exclusion, but computing matrix with zeros for now.
2025-04-15 01:20:43,257 - root - WARNING - Subject 22252 has regions with zero variance (indices: [42]). Marking for exclusion, but computing matrix with zeros for now.
2025-04-15 01:20:43,275 - root - WARNING - Subject 22253 has regions with zero variance (indices: [42]). Marking for exclusion, but computing matrix with zeros for now.
2025-04-15 01:20:43,294 - root - WARNING - Subject 22254 has regions with zero variance (indices: [42]). Marking for exclusion, but computing matrix with zeros for now.
2025-04-15 01:20:43,313 - root - WARNING - Subject 22255 has regions with zero variance (indices: [42]). Marking for exclusion, but computing matrix with zeros for now.
2025-04-15 01:20:43,331 - root - WARNING - Subject 22256 has regions with zero variance (indices: [42]). Marking for exclusion, but computing matrix with zeros for now.
2025-04-15 01:20:43,350 - root - WARNING - Subject 22257 has regions with zero variance (indices: [42]). Marking for exclusion, but computing matrix with zeros for now.
2025-04-15 01:20:43,369 - root - WARNING - Subject 22258 has regions with zero variance (indices: [42]). Marking for exclusion, but computing matrix with zeros for now.
2025-04-15 01:20:43,387 - root - WARNING - Subject 22259 has regions with zero variance (indices: [42]). Marking for exclusion, but computing matrix with zeros for now.
2025-04-15 01:20:43,406 - root - WARNING - Subject 22260 has regions with zero variance (indices: [42]). Marking for exclusion, but computing matrix with zeros for now.
2025-04-15 01:20:43,424 - root - WARNING - Subject 22261 has regions with zero variance (indices: [42]). Marking for exclusion, but computing matrix with zeros for now.
2025-04-15 01:20:43,443 - root - WARNING - Subject 22262 has regions with zero variance (indices: [42]). Marking for exclusion, but computing matrix with zeros for now.
2025-04-15 01:20:43,461 - root - WARNING - Subject 22263 has regions with zero variance (indices: [42]). Marking for exclusion, but computing matrix with zeros for now.
2025-04-15 01:20:43,480 - root - WARNING - Subject 22264 has regions with zero variance (indices: [42]). Marking for exclusion, but computing matrix with zeros for now.
2025-04-15 01:20:43,499 - root - WARNING - Subject 22265 has regions with zero variance (indices: [42]). Marking for exclusion, but computing matrix with zeros for now.
2025-04-15 01:20:43,518 - root - WARNING - Subject 22266 has regions with zero variance (indices: [42]). Marking for exclusion, but computing matrix with zeros for now.
2025-04-15 01:20:43,536 - root - WARNING - Subject 22267 has regions with zero variance (indices: [42]). Marking for exclusion, but computing matrix with zeros for now.
2025-04-15 01:20:43,555 - root - WARNING - Subject 22268 has regions with zero variance (indices: [42]). Marking for exclusion, but computing matrix with zeros for now.
2025-04-15 01:20:43,574 - root - WARNING - Subject 22269 has regions with zero variance (indices: [42]). Marking for exclusion, but computing matrix with zeros for now.
2025-04-15 01:20:43,592 - root - WARNING - Subject 22270 has regions with zero variance (indices: [42]). Marking for exclusion, but computing matrix with zeros for now.
2025-04-15 01:20:43,610 - root - WARNING - Subject 22271 has regions with zero variance (indices: [42]). Marking for exclusion, but computing matrix with zeros for now.
2025-04-15 01:20:43,629 - root - WARNING - Subject 22272 has regions with zero variance (indices: [42]). Marking for exclusion, but computing matrix with zeros for now.
2025-04-15 01:20:43,648 - root - WARNING - Subject 22273 has regions with zero variance (indices: [42]). Marking for exclusion, but computing matrix with zeros for now.
2025-04-15 01:20:43,666 - root - WARNING - Subject 22274 has regions with zero variance (indices: [42]). Marking for exclusion, but computing matrix with zeros for now.
2025-04-15 01:20:43,685 - root - WARNING - Subject 22275 has regions with zero variance (indices: [42]). Marking for exclusion, but computing matrix with zeros for now.
2025-04-15 01:20:43,704 - root - WARNING - Subject 22276 has regions with zero variance (indices: [42]). Marking for exclusion, but computing matrix with zeros for now.
2025-04-15 01:20:43,722 - root - WARNING - Subject 22277 has regions with zero variance (indices: [42]). Marking for exclusion, but computing matrix with zeros for now.
2025-04-15 01:20:43,741 - root - WARNING - Subject 22278 has regions with zero variance (indices: [42]). Marking for exclusion, but computing matrix with zeros for now.
2025-04-15 01:20:43,759 - root - WARNING - Subject 22279 has regions with zero variance (indices: [42]). Marking for exclusion, but computing matrix with zeros for now.
2025-04-15 01:20:43,778 - root - WARNING - Subject 22280 has regions with zero variance (indices: [42]). Marking for exclusion, but computing matrix with zeros for now.
2025-04-15 01:20:43,797 - root - WARNING - Subject 22281 has regions with zero variance (indices: [42]). Marking for exclusion, but computing matrix with zeros for now.
2025-04-15 01:20:43,815 - root - WARNING - Subject 22282 has regions with zero variance (indices: [42]). Marking for exclusion, but computing matrix with zeros for now.
2025-04-15 01:20:43,834 - root - WARNING - Subject 22283 has regions with zero variance (indices: [42]). Marking for exclusion, but computing matrix with zeros for now.
2025-04-15 01:20:43,852 - root - WARNING - Subject 22284 has regions with zero variance (indices: [42]). Marking for exclusion, but computing matrix with zeros for now.
2025-04-15 01:20:43,871 - root - WARNING - Subject 22285 has regions with zero variance (indices: [42]). Marking for exclusion, but computing matrix with zeros for now.
2025-04-15 01:20:43,890 - root - WARNING - Subject 22286 has regions with zero variance (indices: [42]). Marking for exclusion, but computing matrix with zeros for now.
2025-04-15 01:20:43,908 - root - WARNING - Subject 22287 has regions with zero variance (indices: [42]). Marking for exclusion, but computing matrix with zeros for now.
2025-04-15 01:20:43,927 - root - WARNING - Subject 22288 has regions with zero variance (indices: [42]). Marking for exclusion, but computing matrix with zeros for now.
2025-04-15 01:20:43,946 - root - WARNING - Subject 22289 has regions with zero variance (indices: [42]). Marking for exclusion, but computing matrix with zeros for now.
2025-04-15 01:20:43,964 - root - WARNING - Subject 22290 has regions with zero variance (indices: [42]). Marking for exclusion, but computing matrix with zeros for now.
2025-04-15 01:20:43,983 - root - WARNING - Subject 22291 has regions with zero variance (indices: [42]). Marking for exclusion, but computing matrix with zeros for now.
2025-04-15 01:20:44,002 - root - WARNING - Subject 22292 has regions with zero variance (indices: [42]). Marking for exclusion, but computing matrix with zeros for now.
2025-04-15 01:20:44,020 - root - WARNING - Subject 22293 has regions with zero variance (indices: [42]). Marking for exclusion, but computing matrix with zeros for now.
2025-04-15 01:20:44,039 - root - WARNING - Subject 22294 has regions with zero variance (indices: [42]). Marking for exclusion, but computing matrix with zeros for now.
2025-04-15 01:20:44,057 - root - WARNING - Subject 22295 has regions with zero variance (indices: [42]). Marking for exclusion, but computing matrix with zeros for now.
2025-04-15 01:20:44,076 - root - WARNING - Subject 22296 has regions with zero variance (indices: [42]). Marking for exclusion, but computing matrix with zeros for now.
2025-04-15 01:20:44,095 - root - WARNING - Subject 22297 has regions with zero variance (indices: [42]). Marking for exclusion, but computing matrix with zeros for now.
2025-04-15 01:20:44,114 - root - WARNING - Subject 22298 has regions with zero variance (indices: [42]). Marking for exclusion, but computing matrix with zeros for now.
2025-04-15 01:20:44,133 - root - WARNING - Subject 22299 has regions with zero variance (indices: [42]). Marking for exclusion, but computing matrix with zeros for now.
2025-04-15 01:20:44,152 - root - WARNING - Subject 22300 has regions with zero variance (indices: [42]). Marking for exclusion, but computing matrix with zeros for now.
2025-04-15 01:20:44,170 - root - WARNING - Subject 22301 has regions with zero variance (indices: [42]). Marking for exclusion, but computing matrix with zeros for now.
2025-04-15 01:20:44,189 - root - WARNING - Subject 22302 has regions with zero variance (indices: [42]). Marking for exclusion, but computing matrix with zeros for now.
2025-04-15 01:20:44,207 - root - WARNING - Subject 22303 has regions with zero variance (indices: [42]). Marking for exclusion, but computing matrix with zeros for now.
2025-04-15 01:20:44,226 - root - WARNING - Subject 22304 has regions with zero variance (indices: [42]). Marking for exclusion, but computing matrix with zeros for now.
2025-04-15 01:20:44,244 - root - WARNING - Subject 22305 has regions with zero variance (indices: [42]). Marking for exclusion, but computing matrix with zeros for now.
2025-04-15 01:20:44,263 - root - WARNING - Subject 22306 has regions with zero variance (indices: [42]). Marking for exclusion, but computing matrix with zeros for now.
2025-04-15 01:20:44,282 - root - WARNING - Subject 22307 has regions with zero variance (indices: [42]). Marking for exclusion, but computing matrix with zeros for now.
2025-04-15 01:20:44,300 - root - WARNING - Subject 22308 has regions with zero variance (indices: [42]). Marking for exclusion, but computing matrix with zeros for now.
2025-04-15 01:20:44,319 - root - WARNING - Subject 22309 has regions with zero variance (indices: [42]). Marking for exclusion, but computing matrix with zeros for now.
2025-04-15 01:20:44,337 - root - WARNING - Subject 22310 has regions with zero variance (indices: [42]). Marking for exclusion, but computing matrix with zeros for now.
2025-04-15 01:20:44,356 - root - WARNING - Subject 22311 has regions with zero variance (indices: [42]). Marking for exclusion, but computing matrix with zeros for now.
2025-04-15 01:20:44,374 - root - WARNING - Subject 22312 has regions with zero variance (indices: [42]). Marking for exclusion, but computing matrix with zeros for now.
2025-04-15 01:20:44,393 - root - WARNING - Subject 22313 has regions with zero variance (indices: [42]). Marking for exclusion, but computing matrix with zeros for now.
2025-04-15 01:20:44,411 - root - WARNING - Subject 22314 has regions with zero variance (indices: [42]). Marking for exclusion, but computing matrix with zeros for now.
2025-04-15 01:20:44,430 - root - WARNING - Subject 22315 has regions with zero variance (indices: [42]). Marking for exclusion, but computing matrix with zeros for now.
2025-04-15 01:20:44,448 - root - WARNING - Subject 22316 has regions with zero variance (indices: [42]). Marking for exclusion, but computing matrix with zeros for now.
2025-04-15 01:20:44,467 - root - WARNING - Subject 22317 has regions with zero variance (indices: [42]). Marking for exclusion, but computing matrix with zeros for now.
2025-04-15 01:20:44,485 - root - WARNING - Subject 22318 has regions with zero variance (indices: [42]). Marking for exclusion, but computing matrix with zeros for now.
2025-04-15 01:20:44,504 - root - WARNING - Subject 22319 has regions with zero variance (indices: [42]). Marking for exclusion, but computing matrix with zeros for now.
2025-04-15 01:20:44,523 - root - WARNING - Subject 22320 has regions with zero variance (indices: [42]). Marking for exclusion, but computing matrix with zeros for now.
2025-04-15 01:20:44,541 - root - WARNING - Subject 22321 has regions with zero variance (indices: [42]). Marking for exclusion, but computing matrix with zeros for now.
2025-04-15 01:20:44,559 - root - WARNING - Subject 22322 has regions with zero variance (indices: [42]). Marking for exclusion, but computing matrix with zeros for now.
2025-04-15 01:20:44,578 - root - WARNING - Subject 22323 has regions with zero variance (indices: [42]). Marking for exclusion, but computing matrix with zeros for now.
2025-04-15 01:20:44,597 - root - WARNING - Subject 22324 has regions with zero variance (indices: [42]). Marking for exclusion, but computing matrix with zeros for now.
2025-04-15 01:20:44,615 - root - WARNING - Subject 22325 has regions with zero variance (indices: [42]). Marking for exclusion, but computing matrix with zeros for now.
2025-04-15 01:20:44,634 - root - WARNING - Subject 22326 has regions with zero variance (indices: [42]). Marking for exclusion, but computing matrix with zeros for now.
2025-04-15 01:20:44,652 - root - WARNING - Subject 22327 has regions with zero variance (indices: [42]). Marking for exclusion, but computing matrix with zeros for now.
2025-04-15 01:20:44,671 - root - WARNING - Subject 22328 has regions with zero variance (indices: [42]). Marking for exclusion, but computing matrix with zeros for now.
2025-04-15 01:20:44,689 - root - WARNING - Subject 22329 has regions with zero variance (indices: [42]). Marking for exclusion, but computing matrix with zeros for now.
2025-04-15 01:20:44,708 - root - WARNING - Subject 22330 has regions with zero variance (indices: [42]). Marking for exclusion, but computing matrix with zeros for now.
2025-04-15 01:20:44,726 - root - WARNING - Subject 22331 has regions with zero variance (indices: [42]). Marking for exclusion, but computing matrix with zeros for now.
2025-04-15 01:20:44,745 - root - WARNING - Subject 22332 has regions with zero variance (indices: [42]). Marking for exclusion, but computing matrix with zeros for now.
2025-04-15 01:20:44,764 - root - WARNING - Subject 22333 has regions with zero variance (indices: [42]). Marking for exclusion, but computing matrix with zeros for now.
2025-04-15 01:20:44,782 - root - WARNING - Subject 22334 has regions with zero variance (indices: [42]). Marking for exclusion, but computing matrix with zeros for now.
2025-04-15 01:20:44,800 - root - WARNING - Subject 22335 has regions with zero variance (indices: [42]). Marking for exclusion, but computing matrix with zeros for now.
2025-04-15 01:20:44,819 - root - WARNING - Subject 22336 has regions with zero variance (indices: [42]). Marking for exclusion, but computing matrix with zeros for now.
2025-04-15 01:20:44,837 - root - WARNING - Subject 22337 has regions with zero variance (indices: [42]). Marking for exclusion, but computing matrix with zeros for now.
2025-04-15 01:20:44,856 - root - WARNING - Subject 22338 has regions with zero variance (indices: [42]). Marking for exclusion, but computing matrix with zeros for now.
2025-04-15 01:20:44,875 - root - WARNING - Subject 22339 has regions with zero variance (indices: [42]). Marking for exclusion, but computing matrix with zeros for now.
2025-04-15 01:20:44,893 - root - WARNING - Subject 22340 has regions with zero variance (indices: [42]). Marking for exclusion, but computing matrix with zeros for now.
2025-04-15 01:20:44,912 - root - WARNING - Subject 22341 has regions with zero variance (indices: [42]). Marking for exclusion, but computing matrix with zeros for now.
2025-04-15 01:20:44,931 - root - WARNING - Subject 22342 has regions with zero variance (indices: [42]). Marking for exclusion, but computing matrix with zeros for now.
2025-04-15 01:20:44,949 - root - WARNING - Subject 22343 has regions with zero variance (indices: [42]). Marking for exclusion, but computing matrix with zeros for now.
2025-04-15 01:20:44,968 - root - WARNING - Subject 22344 has regions with zero variance (indices: [42]). Marking for exclusion, but computing matrix with zeros for now.
2025-04-15 01:20:44,987 - root - WARNING - Subject 22345 has regions with zero variance (indices: [42]). Marking for exclusion, but computing matrix with zeros for now.
2025-04-15 01:20:45,005 - root - WARNING - Subject 22346 has regions with zero variance (indices: [42]). Marking for exclusion, but computing matrix with zeros for now.
2025-04-15 01:20:45,023 - root - WARNING - Subject 22347 has regions with zero variance (indices: [42]). Marking for exclusion, but computing matrix with zeros for now.
2025-04-15 01:20:45,042 - root - WARNING - Subject 22348 has regions with zero variance (indices: [42]). Marking for exclusion, but computing matrix with zeros for now.
2025-04-15 01:20:45,061 - root - WARNING - Subject 22349 has regions with zero variance (indices: [42]). Marking for exclusion, but computing matrix with zeros for now.
2025-04-15 01:20:45,079 - root - WARNING - Subject 22350 has regions with zero variance (indices: [42]). Marking for exclusion, but computing matrix with zeros for now.
2025-04-15 01:20:45,097 - root - WARNING - Subject 22351 has regions with zero variance (indices: [42]). Marking for exclusion, but computing matrix with zeros for now.
2025-04-15 01:20:45,116 - root - WARNING - Subject 22352 has regions with zero variance (indices: [42]). Marking for exclusion, but computing matrix with zeros for now.
2025-04-15 01:20:45,135 - root - WARNING - Subject 22353 has regions with zero variance (indices: [42]). Marking for exclusion, but computing matrix with zeros for now.
2025-04-15 01:20:45,154 - root - WARNING - Subject 22354 has regions with zero variance (indices: [42]). Marking for exclusion, but computing matrix with zeros for now.
2025-04-15 01:20:45,172 - root - WARNING - Subject 22355 has regions with zero variance (indices: [42]). Marking for exclusion, but computing matrix with zeros for now.
2025-04-15 01:20:45,191 - root - WARNING - Subject 22356 has regions with zero variance (indices: [42]). Marking for exclusion, but computing matrix with zeros for now.
2025-04-15 01:20:45,209 - root - WARNING - Subject 22357 has regions with zero variance (indices: [42]). Marking for exclusion, but computing matrix with zeros for now.
2025-04-15 01:20:45,228 - root - WARNING - Subject 22358 has regions with zero variance (indices: [42]). Marking for exclusion, but computing matrix with zeros for now.
2025-04-15 01:20:45,246 - root - WARNING - Subject 22359 has regions with zero variance (indices: [42]). Marking for exclusion, but computing matrix with zeros for now.
2025-04-15 01:20:45,265 - root - WARNING - Subject 22360 has regions with zero variance (indices: [42]). Marking for exclusion, but computing matrix with zeros for now.
2025-04-15 01:20:45,284 - root - WARNING - Subject 22361 has regions with zero variance (indices: [42]). Marking for exclusion, but computing matrix with zeros for now.
2025-04-15 01:20:45,303 - root - WARNING - Subject 22362 has regions with zero variance (indices: [42]). Marking for exclusion, but computing matrix with zeros for now.
2025-04-15 01:20:45,321 - root - WARNING - Subject 22363 has regions with zero variance (indices: [42]). Marking for exclusion, but computing matrix with zeros for now.
2025-04-15 01:20:45,340 - root - WARNING - Subject 22364 has regions with zero variance (indices: [42]). Marking for exclusion, but computing matrix with zeros for now.
2025-04-15 01:20:45,359 - root - WARNING - Subject 22365 has regions with zero variance (indices: [42]). Marking for exclusion, but computing matrix with zeros for now.
2025-04-15 01:20:45,377 - root - WARNING - Subject 22366 has regions with zero variance (indices: [42]). Marking for exclusion, but computing matrix with zeros for now.
2025-04-15 01:20:45,396 - root - WARNING - Subject 22367 has regions with zero variance (indices: [42]). Marking for exclusion, but computing matrix with zeros for now.
2025-04-15 01:20:45,415 - root - WARNING - Subject 22368 has regions with zero variance (indices: [42]). Marking for exclusion, but computing matrix with zeros for now.
2025-04-15 01:20:45,434 - root - WARNING - Subject 22369 has regions with zero variance (indices: [42]). Marking for exclusion, but computing matrix with zeros for now.
2025-04-15 01:20:45,774 - root - WARNING - Subject 22902 has regions with zero variance (indices: [  9  25  76 101 125 174 194]). Marking for exclusion, but computing matrix with zeros for now.
2025-04-15 01:20:45,792 - root - WARNING - Subject 22903 has regions with zero variance (indices: [  9  25  76 101 125 174 194]). Marking for exclusion, but computing matrix with zeros for now.
2025-04-15 01:20:45,809 - root - WARNING - Subject 22904 has regions with zero variance (indices: [  9  25  76 101 125 174 194]). Marking for exclusion, but computing matrix with zeros for now.
2025-04-15 01:20:45,827 - root - WARNING - Subject 22905 has regions with zero variance (indices: [  9  25  76 101 125 174 194]). Marking for exclusion, but computing matrix with zeros for now.
2025-04-15 01:20:45,844 - root - WARNING - Subject 22906 has regions with zero variance (indices: [  9  25  76 101 125 174 194]). Marking for exclusion, but computing matrix with zeros for now.
2025-04-15 01:20:45,862 - root - WARNING - Subject 22907 has regions with zero variance (indices: [  9  25  76 101 125 174 194]). Marking for exclusion, but computing matrix with zeros for now.
2025-04-15 01:20:45,879 - root - WARNING - Subject 22908 has regions with zero variance (indices: [  9  25  76 101 125 174 194]). Marking for exclusion, but computing matrix with zeros for now.
2025-04-15 01:20:45,897 - root - WARNING - Subject 22909 has regions with zero variance (indices: [  9  25  76 101 125 174 194]). Marking for exclusion, but computing matrix with zeros for now.
2025-04-15 01:20:45,914 - root - WARNING - Subject 22910 has regions with zero variance (indices: [  9  25  76 101 125 174 194]). Marking for exclusion, but computing matrix with zeros for now.
2025-04-15 01:20:45,932 - root - WARNING - Subject 22911 has regions with zero variance (indices: [  9  25  76 101 125 174 194]). Marking for exclusion, but computing matrix with zeros for now.
2025-04-15 01:20:45,949 - root - WARNING - Subject 22912 has regions with zero variance (indices: [  9  25  76 101 125 174 194]). Marking for exclusion, but computing matrix with zeros for now.
2025-04-15 01:20:45,967 - root - WARNING - Subject 22913 has regions with zero variance (indices: [  9  25  76 101 125 174 194]). Marking for exclusion, but computing matrix with zeros for now.
2025-04-15 01:20:45,985 - root - WARNING - Subject 22914 has regions with zero variance (indices: [  9  25  76 101 125 174 194]). Marking for exclusion, but computing matrix with zeros for now.
2025-04-15 01:20:46,002 - root - WARNING - Subject 22915 has regions with zero variance (indices: [  9  25  76 101 125 174 194]). Marking for exclusion, but computing matrix with zeros for now.
2025-04-15 01:20:46,020 - root - WARNING - Subject 22916 has regions with zero variance (indices: [  9  25  76 101 125 174 194]). Marking for exclusion, but computing matrix with zeros for now.
2025-04-15 01:20:46,038 - root - WARNING - Subject 22917 has regions with zero variance (indices: [  9  25  76 101 125 174 194]). Marking for exclusion, but computing matrix with zeros for now.
2025-04-15 01:20:46,055 - root - WARNING - Subject 22918 has regions with zero variance (indices: [  9  25  76 101 125 174 194]). Marking for exclusion, but computing matrix with zeros for now.
2025-04-15 01:20:46,073 - root - WARNING - Subject 22919 has regions with zero variance (indices: [  9  25  76 101 125 174 194]). Marking for exclusion, but computing matrix with zeros for now.
2025-04-15 01:20:46,091 - root - WARNING - Subject 22920 has regions with zero variance (indices: [  9  25  76 101 125 174 194]). Marking for exclusion, but computing matrix with zeros for now.
2025-04-15 01:20:46,109 - root - WARNING - Subject 22921 has regions with zero variance (indices: [  9  25  76 101 125 174 194]). Marking for exclusion, but computing matrix with zeros for now.
2025-04-15 01:20:46,126 - root - WARNING - Subject 22922 has regions with zero variance (indices: [  9  25  76 101 125 174 194]). Marking for exclusion, but computing matrix with zeros for now.
2025-04-15 01:20:46,144 - root - WARNING - Subject 22923 has regions with zero variance (indices: [  9  25  76 101 125 174 194]). Marking for exclusion, but computing matrix with zeros for now.
2025-04-15 01:20:46,161 - root - WARNING - Subject 22924 has regions with zero variance (indices: [  9  25  76 101 125 174 194]). Marking for exclusion, but computing matrix with zeros for now.
2025-04-15 01:20:46,179 - root - WARNING - Subject 22925 has regions with zero variance (indices: [  9  25  76 101 125 174 194]). Marking for exclusion, but computing matrix with zeros for now.
2025-04-15 01:20:46,197 - root - WARNING - Subject 22926 has regions with zero variance (indices: [  9  25  76 101 125 174 194]). Marking for exclusion, but computing matrix with zeros for now.
2025-04-15 01:20:46,214 - root - WARNING - Subject 22927 has regions with zero variance (indices: [  9  25  76 101 125 174 194]). Marking for exclusion, but computing matrix with zeros for now.
2025-04-15 01:20:46,232 - root - WARNING - Subject 22928 has regions with zero variance (indices: [  9  25  76 101 125 174 194]). Marking for exclusion, but computing matrix with zeros for now.
2025-04-15 01:20:46,249 - root - WARNING - Subject 22929 has regions with zero variance (indices: [  9  25  76 101 125 174 194]). Marking for exclusion, but computing matrix with zeros for now.
2025-04-15 01:20:46,266 - root - WARNING - Subject 22930 has regions with zero variance (indices: [  9  25  76 101 125 174 194]). Marking for exclusion, but computing matrix with zeros for now.
2025-04-15 01:20:46,284 - root - WARNING - Subject 22931 has regions with zero variance (indices: [  9  25  76 101 125 174 194]). Marking for exclusion, but computing matrix with zeros for now.
2025-04-15 01:20:46,301 - root - WARNING - Subject 22932 has regions with zero variance (indices: [  9  25  76 101 125 174 194]). Marking for exclusion, but computing matrix with zeros for now.
2025-04-15 01:20:46,319 - root - WARNING - Subject 22933 has regions with zero variance (indices: [  9  25  76 101 125 174 194]). Marking for exclusion, but computing matrix with zeros for now.
2025-04-15 01:20:46,336 - root - WARNING - Subject 22934 has regions with zero variance (indices: [  9  25  76 101 125 174 194]). Marking for exclusion, but computing matrix with zeros for now.
2025-04-15 01:20:46,353 - root - WARNING - Subject 22935 has regions with zero variance (indices: [  9  25  76 101 125 174 194]). Marking for exclusion, but computing matrix with zeros for now.
2025-04-15 01:20:46,371 - root - WARNING - Subject 22936 has regions with zero variance (indices: [  9  25  76 101 125 174 194]). Marking for exclusion, but computing matrix with zeros for now.
2025-04-15 01:20:46,388 - root - WARNING - Subject 22937 has regions with zero variance (indices: [  9  25  76 101 125 174 194]). Marking for exclusion, but computing matrix with zeros for now.
2025-04-15 01:20:46,406 - root - WARNING - Subject 22938 has regions with zero variance (indices: [  9  25  76 101 125 174 194]). Marking for exclusion, but computing matrix with zeros for now.
2025-04-15 01:20:46,423 - root - WARNING - Subject 22939 has regions with zero variance (indices: [  9  25  76 101 125 174 194]). Marking for exclusion, but computing matrix with zeros for now.
2025-04-15 01:20:46,441 - root - WARNING - Subject 22940 has regions with zero variance (indices: [  9  25  76 101 125 174 194]). Marking for exclusion, but computing matrix with zeros for now.
2025-04-15 01:20:46,458 - root - WARNING - Subject 22941 has regions with zero variance (indices: [  9  25  76 101 125 174 194]). Marking for exclusion, but computing matrix with zeros for now.
2025-04-15 01:20:46,476 - root - WARNING - Subject 22942 has regions with zero variance (indices: [  9  25  76 101 125 174 194]). Marking for exclusion, but computing matrix with zeros for now.
2025-04-15 01:20:46,494 - root - WARNING - Subject 22943 has regions with zero variance (indices: [  9  25  76 101 125 174 194]). Marking for exclusion, but computing matrix with zeros for now.
2025-04-15 01:20:46,511 - root - WARNING - Subject 22944 has regions with zero variance (indices: [  9  25  76 101 125 174 194]). Marking for exclusion, but computing matrix with zeros for now.
2025-04-15 01:20:46,529 - root - WARNING - Subject 22945 has regions with zero variance (indices: [  9  25  76 101 125 174 194]). Marking for exclusion, but computing matrix with zeros for now.
2025-04-15 01:20:46,546 - root - WARNING - Subject 22946 has regions with zero variance (indices: [  9  25  76 101 125 174 194]). Marking for exclusion, but computing matrix with zeros for now.
2025-04-15 01:20:46,564 - root - WARNING - Subject 22947 has regions with zero variance (indices: [  9  25  76 101 125 174 194]). Marking for exclusion, but computing matrix with zeros for now.
2025-04-15 01:20:46,581 - root - WARNING - Subject 22948 has regions with zero variance (indices: [  9  25  76 101 125 174 194]). Marking for exclusion, but computing matrix with zeros for now.
2025-04-15 01:20:46,599 - root - WARNING - Subject 22949 has regions with zero variance (indices: [  9  25  76 101 125 174 194]). Marking for exclusion, but computing matrix with zeros for now.
2025-04-15 01:20:46,617 - root - WARNING - Subject 22950 has regions with zero variance (indices: [  9  25  76 101 125 174 194]). Marking for exclusion, but computing matrix with zeros for now.
2025-04-15 01:20:46,634 - root - WARNING - Subject 22951 has regions with zero variance (indices: [  9  25  76 101 125 174 194]). Marking for exclusion, but computing matrix with zeros for now.
2025-04-15 01:20:46,652 - root - WARNING - Subject 22952 has regions with zero variance (indices: [  9  25  76 101 125 174 194]). Marking for exclusion, but computing matrix with zeros for now.
2025-04-15 01:20:46,669 - root - WARNING - Subject 22953 has regions with zero variance (indices: [  9  25  76 101 125 174 194]). Marking for exclusion, but computing matrix with zeros for now.
2025-04-15 01:20:46,687 - root - WARNING - Subject 22954 has regions with zero variance (indices: [  9  25  76 101 125 174 194]). Marking for exclusion, but computing matrix with zeros for now.
2025-04-15 01:20:46,704 - root - WARNING - Subject 22955 has regions with zero variance (indices: [  9  25  76 101 125 174 194]). Marking for exclusion, but computing matrix with zeros for now.
2025-04-15 01:20:46,722 - root - WARNING - Subject 22956 has regions with zero variance (indices: [  9  25  76 101 125 174 194]). Marking for exclusion, but computing matrix with zeros for now.
2025-04-15 01:20:46,740 - root - WARNING - Subject 22957 has regions with zero variance (indices: [  9  25  76 101 125 174 194]). Marking for exclusion, but computing matrix with zeros for now.
2025-04-15 01:20:46,757 - root - WARNING - Subject 22958 has regions with zero variance (indices: [  9  25  76 101 125 174 194]). Marking for exclusion, but computing matrix with zeros for now.
2025-04-15 01:20:46,775 - root - WARNING - Subject 22959 has regions with zero variance (indices: [  9  25  76 101 125 174 194]). Marking for exclusion, but computing matrix with zeros for now.
2025-04-15 01:20:46,792 - root - WARNING - Subject 22960 has regions with zero variance (indices: [  9  25  76 101 125 174 194]). Marking for exclusion, but computing matrix with zeros for now.
2025-04-15 01:20:46,810 - root - WARNING - Subject 22961 has regions with zero variance (indices: [  9  25  76 101 125 174 194]). Marking for exclusion, but computing matrix with zeros for now.
2025-04-15 01:20:46,827 - root - WARNING - Subject 22962 has regions with zero variance (indices: [  9  25  76 101 125 174 194]). Marking for exclusion, but computing matrix with zeros for now.
2025-04-15 01:20:46,845 - root - WARNING - Subject 22963 has regions with zero variance (indices: [  9  25  76 101 125 174 194]). Marking for exclusion, but computing matrix with zeros for now.
2025-04-15 01:20:46,863 - root - WARNING - Subject 22964 has regions with zero variance (indices: [  9  25  76 101 125 174 194]). Marking for exclusion, but computing matrix with zeros for now.
2025-04-15 01:20:46,880 - root - WARNING - Subject 22965 has regions with zero variance (indices: [  9  25  76 101 125 174 194]). Marking for exclusion, but computing matrix with zeros for now.
2025-04-15 01:20:46,898 - root - WARNING - Subject 22966 has regions with zero variance (indices: [  9  25  76 101 125 174 194]). Marking for exclusion, but computing matrix with zeros for now.
2025-04-15 01:20:46,915 - root - WARNING - Subject 22967 has regions with zero variance (indices: [  9  25  76 101 125 174 194]). Marking for exclusion, but computing matrix with zeros for now.
2025-04-15 01:20:46,933 - root - WARNING - Subject 22968 has regions with zero variance (indices: [  9  25  76 101 125 174 194]). Marking for exclusion, but computing matrix with zeros for now.
2025-04-15 01:20:46,951 - root - WARNING - Subject 22969 has regions with zero variance (indices: [  9  25  76 101 125 174 194]). Marking for exclusion, but computing matrix with zeros for now.
2025-04-15 01:20:46,968 - root - WARNING - Subject 22970 has regions with zero variance (indices: [  9  25  76 101 125 174 194]). Marking for exclusion, but computing matrix with zeros for now.
2025-04-15 01:20:46,986 - root - WARNING - Subject 22971 has regions with zero variance (indices: [  9  25  76 101 125 174 194]). Marking for exclusion, but computing matrix with zeros for now.
2025-04-15 01:20:47,003 - root - WARNING - Subject 22972 has regions with zero variance (indices: [  9  25  76 101 125 174 194]). Marking for exclusion, but computing matrix with zeros for now.
2025-04-15 01:20:47,021 - root - WARNING - Subject 22973 has regions with zero variance (indices: [  9  25  76 101 125 174 194]). Marking for exclusion, but computing matrix with zeros for now.
2025-04-15 01:20:47,038 - root - WARNING - Subject 22974 has regions with zero variance (indices: [  9  25  76 101 125 174 194]). Marking for exclusion, but computing matrix with zeros for now.
2025-04-15 01:20:47,056 - root - WARNING - Subject 22975 has regions with zero variance (indices: [  9  25  76 101 125 174 194]). Marking for exclusion, but computing matrix with zeros for now.
2025-04-15 01:20:47,073 - root - WARNING - Subject 22976 has regions with zero variance (indices: [  9  25  76 101 125 174 194]). Marking for exclusion, but computing matrix with zeros for now.
2025-04-15 01:20:47,090 - root - WARNING - Subject 22977 has regions with zero variance (indices: [  9  25  76 101 125 174 194]). Marking for exclusion, but computing matrix with zeros for now.
2025-04-15 01:20:47,108 - root - WARNING - Subject 22978 has regions with zero variance (indices: [  9  25  76 101 125 174 194]). Marking for exclusion, but computing matrix with zeros for now.
2025-04-15 01:20:47,126 - root - WARNING - Subject 22979 has regions with zero variance (indices: [  9  25  76 101 125 174 194]). Marking for exclusion, but computing matrix with zeros for now.
2025-04-15 01:20:47,143 - root - WARNING - Subject 22980 has regions with zero variance (indices: [  9  25  76 101 125 174 194]). Marking for exclusion, but computing matrix with zeros for now.
2025-04-15 01:20:47,161 - root - WARNING - Subject 22981 has regions with zero variance (indices: [  9  25  76 101 125 174 194]). Marking for exclusion, but computing matrix with zeros for now.
2025-04-15 01:20:47,178 - root - WARNING - Subject 22982 has regions with zero variance (indices: [  9  25  76 101 125 174 194]). Marking for exclusion, but computing matrix with zeros for now.
2025-04-15 01:20:47,196 - root - WARNING - Subject 22983 has regions with zero variance (indices: [  9  25  76 101 125 174 194]). Marking for exclusion, but computing matrix with zeros for now.
2025-04-15 01:20:47,213 - root - WARNING - Subject 22984 has regions with zero variance (indices: [  9  25  76 101 125 174 194]). Marking for exclusion, but computing matrix with zeros for now.
2025-04-15 01:20:47,231 - root - WARNING - Subject 22985 has regions with zero variance (indices: [  9  25  76 101 125 174 194]). Marking for exclusion, but computing matrix with zeros for now.
2025-04-15 01:20:47,248 - root - WARNING - Subject 22986 has regions with zero variance (indices: [  9  25  76 101 125 174 194]). Marking for exclusion, but computing matrix with zeros for now.
2025-04-15 01:20:47,266 - root - WARNING - Subject 22987 has regions with zero variance (indices: [  9  25  76 101 125 174 194]). Marking for exclusion, but computing matrix with zeros for now.
2025-04-15 01:20:47,283 - root - WARNING - Subject 22988 has regions with zero variance (indices: [  9  25  76 101 125 174 194]). Marking for exclusion, but computing matrix with zeros for now.
2025-04-15 01:20:47,301 - root - WARNING - Subject 22989 has regions with zero variance (indices: [  9  25  76 101 125 174 194]). Marking for exclusion, but computing matrix with zeros for now.
2025-04-15 01:20:47,319 - root - WARNING - Subject 22990 has regions with zero variance (indices: [  9  25  76 101 125 174 194]). Marking for exclusion, but computing matrix with zeros for now.
2025-04-15 01:20:47,336 - root - WARNING - Subject 22991 has regions with zero variance (indices: [  9  25  76 101 125 174 194]). Marking for exclusion, but computing matrix with zeros for now.
2025-04-15 01:20:47,354 - root - WARNING - Subject 22992 has regions with zero variance (indices: [  9  25  76 101 125 174 194]). Marking for exclusion, but computing matrix with zeros for now.
2025-04-15 01:20:47,371 - root - WARNING - Subject 22993 has regions with zero variance (indices: [  9  25  76 101 125 174 194]). Marking for exclusion, but computing matrix with zeros for now.
2025-04-15 01:20:47,389 - root - WARNING - Subject 22994 has regions with zero variance (indices: [  9  25  76 101 125 174 194]). Marking for exclusion, but computing matrix with zeros for now.
2025-04-15 01:20:47,407 - root - WARNING - Subject 22995 has regions with zero variance (indices: [  9  25  76 101 125 174 194]). Marking for exclusion, but computing matrix with zeros for now.
2025-04-15 01:20:47,424 - root - WARNING - Subject 22996 has regions with zero variance (indices: [  9  25  76 101 125 174 194]). Marking for exclusion, but computing matrix with zeros for now.
2025-04-15 01:20:47,442 - root - WARNING - Subject 22997 has regions with zero variance (indices: [  9  25  76 101 125 174 194]). Marking for exclusion, but computing matrix with zeros for now.
2025-04-15 01:20:47,459 - root - WARNING - Subject 22998 has regions with zero variance (indices: [  9  25  76 101 125 174 194]). Marking for exclusion, but computing matrix with zeros for now.
2025-04-15 01:20:47,477 - root - WARNING - Subject 22999 has regions with zero variance (indices: [  9  25  76 101 125 174 194]). Marking for exclusion, but computing matrix with zeros for now.
2025-04-15 01:20:47,495 - root - WARNING - Subject 23000 has regions with zero variance (indices: [  9  25  76 101 125 174 194]). Marking for exclusion, but computing matrix with zeros for now.
2025-04-15 01:20:47,512 - root - WARNING - Subject 23001 has regions with zero variance (indices: [  9  25  76 101 125 174 194]). Marking for exclusion, but computing matrix with zeros for now.
2025-04-15 01:20:47,530 - root - WARNING - Subject 23002 has regions with zero variance (indices: [  9  25  76 101 125 174 194]). Marking for exclusion, but computing matrix with zeros for now.
2025-04-15 01:20:47,548 - root - WARNING - Subject 23003 has regions with zero variance (indices: [  9  25  76 101 125 174 194]). Marking for exclusion, but computing matrix with zeros for now.
2025-04-15 01:20:47,565 - root - WARNING - Subject 23004 has regions with zero variance (indices: [  9  25  76 101 125 174 194]). Marking for exclusion, but computing matrix with zeros for now.
2025-04-15 01:20:47,583 - root - WARNING - Subject 23005 has regions with zero variance (indices: [  9  25  76 101 125 174 194]). Marking for exclusion, but computing matrix with zeros for now.
2025-04-15 01:20:47,600 - root - WARNING - Subject 23006 has regions with zero variance (indices: [  9  25  76 101 125 174 194]). Marking for exclusion, but computing matrix with zeros for now.
2025-04-15 01:20:47,618 - root - WARNING - Subject 23007 has regions with zero variance (indices: [  9  25  76 101 125 174 194]). Marking for exclusion, but computing matrix with zeros for now.
2025-04-15 01:20:47,635 - root - WARNING - Subject 23008 has regions with zero variance (indices: [  9  25  76 101 125 174 194]). Marking for exclusion, but computing matrix with zeros for now.
2025-04-15 01:20:47,652 - root - WARNING - Subject 23009 has regions with zero variance (indices: [  9  25  76 101 125 174 194]). Marking for exclusion, but computing matrix with zeros for now.
2025-04-15 01:20:47,670 - root - WARNING - Subject 23010 has regions with zero variance (indices: [  9  25  76 101 125 174 194]). Marking for exclusion, but computing matrix with zeros for now.
2025-04-15 01:20:47,687 - root - WARNING - Subject 23011 has regions with zero variance (indices: [  9  25  76 101 125 174 194]). Marking for exclusion, but computing matrix with zeros for now.
2025-04-15 01:20:47,705 - root - WARNING - Subject 23012 has regions with zero variance (indices: [  9  25  76 101 125 174 194]). Marking for exclusion, but computing matrix with zeros for now.
2025-04-15 01:20:47,722 - root - WARNING - Subject 23013 has regions with zero variance (indices: [  9  25  76 101 125 174 194]). Marking for exclusion, but computing matrix with zeros for now.
2025-04-15 01:20:47,740 - root - WARNING - Subject 23014 has regions with zero variance (indices: [  9  25  76 101 125 174 194]). Marking for exclusion, but computing matrix with zeros for now.
2025-04-15 01:20:47,757 - root - WARNING - Subject 23015 has regions with zero variance (indices: [  9  25  76 101 125 174 194]). Marking for exclusion, but computing matrix with zeros for now.
2025-04-15 01:20:47,775 - root - WARNING - Subject 23016 has regions with zero variance (indices: [  9  25  76 101 125 174 194]). Marking for exclusion, but computing matrix with zeros for now.
2025-04-15 01:20:47,793 - root - WARNING - Subject 23017 has regions with zero variance (indices: [  9  25  76 101 125 174 194]). Marking for exclusion, but computing matrix with zeros for now.
2025-04-15 01:20:47,810 - root - WARNING - Subject 23018 has regions with zero variance (indices: [  9  25  76 101 125 174 194]). Marking for exclusion, but computing matrix with zeros for now.
2025-04-15 01:20:47,828 - root - WARNING - Subject 23019 has regions with zero variance (indices: [  9  25  76 101 125 174 194]). Marking for exclusion, but computing matrix with zeros for now.
2025-04-15 01:20:47,845 - root - WARNING - Subject 23020 has regions with zero variance (indices: [  9  25  76 101 125 174 194]). Marking for exclusion, but computing matrix with zeros for now.
2025-04-15 01:20:47,863 - root - WARNING - Subject 23021 has regions with zero variance (indices: [  9  25  76 101 125 174 194]). Marking for exclusion, but computing matrix with zeros for now.
2025-04-15 01:20:47,880 - root - WARNING - Subject 23022 has regions with zero variance (indices: [  9  25  76 101 125 174 194]). Marking for exclusion, but computing matrix with zeros for now.
2025-04-15 01:20:47,898 - root - WARNING - Subject 23023 has regions with zero variance (indices: [  9  25  76 101 125 174 194]). Marking for exclusion, but computing matrix with zeros for now.
2025-04-15 01:20:47,915 - root - WARNING - Subject 23024 has regions with zero variance (indices: [  9  25  76 101 125 174 194]). Marking for exclusion, but computing matrix with zeros for now.
2025-04-15 01:20:47,933 - root - WARNING - Subject 23025 has regions with zero variance (indices: [  9  25  76 101 125 174 194]). Marking for exclusion, but computing matrix with zeros for now.
2025-04-15 01:20:47,951 - root - WARNING - Subject 23026 has regions with zero variance (indices: [  9  25  76 101 125 174 194]). Marking for exclusion, but computing matrix with zeros for now.
2025-04-15 01:20:47,968 - root - WARNING - Subject 23027 has regions with zero variance (indices: [  9  25  76 101 125 174 194]). Marking for exclusion, but computing matrix with zeros for now.
2025-04-15 01:20:47,985 - root - WARNING - Subject 23028 has regions with zero variance (indices: [  9  25  76 101 125 174 194]). Marking for exclusion, but computing matrix with zeros for now.
2025-04-15 01:20:48,003 - root - WARNING - Subject 23029 has regions with zero variance (indices: [  9  25  76 101 125 174 194]). Marking for exclusion, but computing matrix with zeros for now.
2025-04-15 01:20:48,020 - root - WARNING - Subject 23030 has regions with zero variance (indices: [  9  25  76 101 125 174 194]). Marking for exclusion, but computing matrix with zeros for now.
2025-04-15 01:20:48,038 - root - WARNING - Subject 23031 has regions with zero variance (indices: [  9  25  76 101 125 174 194]). Marking for exclusion, but computing matrix with zeros for now.
2025-04-15 01:20:48,055 - root - WARNING - Subject 23032 has regions with zero variance (indices: [  9  25  76 101 125 174 194]). Marking for exclusion, but computing matrix with zeros for now.
2025-04-15 01:20:48,073 - root - WARNING - Subject 23033 has regions with zero variance (indices: [  9  25  76 101 125 174 194]). Marking for exclusion, but computing matrix with zeros for now.
2025-04-15 01:20:48,090 - root - WARNING - Subject 23034 has regions with zero variance (indices: [  9  25  76 101 125 174 194]). Marking for exclusion, but computing matrix with zeros for now.
2025-04-15 01:20:48,108 - root - WARNING - Subject 23035 has regions with zero variance (indices: [  9  25  76 101 125 174 194]). Marking for exclusion, but computing matrix with zeros for now.
2025-04-15 01:20:48,125 - root - WARNING - Subject 23036 has regions with zero variance (indices: [  9  25  76 101 125 174 194]). Marking for exclusion, but computing matrix with zeros for now.
2025-04-15 01:20:48,143 - root - WARNING - Subject 23037 has regions with zero variance (indices: [  9  25  76 101 125 174 194]). Marking for exclusion, but computing matrix with zeros for now.
2025-04-15 01:20:48,160 - root - WARNING - Subject 23038 has regions with zero variance (indices: [  9  25  76 101 125 174 194]). Marking for exclusion, but computing matrix with zeros for now.
2025-04-15 01:20:48,178 - root - WARNING - Subject 23039 has regions with zero variance (indices: [  9  25  76 101 125 174 194]). Marking for exclusion, but computing matrix with zeros for now.
2025-04-15 01:20:48,195 - root - WARNING - Subject 23040 has regions with zero variance (indices: [  9  25  76 101 125 174 194]). Marking for exclusion, but computing matrix with zeros for now.
2025-04-15 01:20:48,213 - root - WARNING - Subject 23041 has regions with zero variance (indices: [  9  25  76 101 125 174 194]). Marking for exclusion, but computing matrix with zeros for now.
2025-04-15 01:20:48,230 - root - WARNING - Subject 23042 has regions with zero variance (indices: [  9  25  76 101 125 174 194]). Marking for exclusion, but computing matrix with zeros for now.
2025-04-15 01:20:48,248 - root - WARNING - Subject 23043 has regions with zero variance (indices: [  9  25  76 101 125 174 194]). Marking for exclusion, but computing matrix with zeros for now.
2025-04-15 01:20:48,265 - root - WARNING - Subject 23044 has regions with zero variance (indices: [  9  25  76 101 125 174 194]). Marking for exclusion, but computing matrix with zeros for now.
2025-04-15 01:20:48,282 - root - WARNING - Subject 23045 has regions with zero variance (indices: [  9  25  76 101 125 174 194]). Marking for exclusion, but computing matrix with zeros for now.
2025-04-15 01:20:48,300 - root - WARNING - Subject 23046 has regions with zero variance (indices: [  9  25  76 101 125 174 194]). Marking for exclusion, but computing matrix with zeros for now.
2025-04-15 01:20:48,317 - root - WARNING - Subject 23047 has regions with zero variance (indices: [  9  25  76 101 125 174 194]). Marking for exclusion, but computing matrix with zeros for now.
2025-04-15 01:20:48,335 - root - WARNING - Subject 23048 has regions with zero variance (indices: [  9  25  76 101 125 174 194]). Marking for exclusion, but computing matrix with zeros for now.
2025-04-15 01:20:48,352 - root - WARNING - Subject 23049 has regions with zero variance (indices: [  9  25  76 101 125 174 194]). Marking for exclusion, but computing matrix with zeros for now.
2025-04-15 01:20:48,370 - root - WARNING - Subject 23050 has regions with zero variance (indices: [  9  25  76 101 125 174 194]). Marking for exclusion, but computing matrix with zeros for now.
2025-04-15 01:20:48,387 - root - WARNING - Subject 23051 has regions with zero variance (indices: [  9  25  76 101 125 174 194]). Marking for exclusion, but computing matrix with zeros for now.
2025-04-15 01:20:48,405 - root - WARNING - Subject 23052 has regions with zero variance (indices: [  9  25  76 101 125 174 194]). Marking for exclusion, but computing matrix with zeros for now.
2025-04-15 01:20:48,422 - root - WARNING - Subject 23053 has regions with zero variance (indices: [  9  25  76 101 125 174 194]). Marking for exclusion, but computing matrix with zeros for now.
2025-04-15 01:20:48,440 - root - WARNING - Subject 23054 has regions with zero variance (indices: [  9  25  76 101 125 174 194]). Marking for exclusion, but computing matrix with zeros for now.
2025-04-15 01:20:48,458 - root - WARNING - Subject 23055 has regions with zero variance (indices: [  9  25  76 101 125 174 194]). Marking for exclusion, but computing matrix with zeros for now.
2025-04-15 01:20:48,475 - root - WARNING - Subject 23056 has regions with zero variance (indices: [  9  25  76 101 125 174 194]). Marking for exclusion, but computing matrix with zeros for now.
2025-04-15 01:20:48,493 - root - WARNING - Subject 23057 has regions with zero variance (indices: [  9  25  76 101 125 174 194]). Marking for exclusion, but computing matrix with zeros for now.
2025-04-15 01:20:48,511 - root - WARNING - Subject 23058 has regions with zero variance (indices: [  9  25  76 101 125 174 194]). Marking for exclusion, but computing matrix with zeros for now.
2025-04-15 01:20:48,528 - root - WARNING - Subject 23059 has regions with zero variance (indices: [  9  25  76 101 125 174 194]). Marking for exclusion, but computing matrix with zeros for now.
2025-04-15 01:20:48,546 - root - WARNING - Subject 23060 has regions with zero variance (indices: [  9  25  76 101 125 174 194]). Marking for exclusion, but computing matrix with zeros for now.
2025-04-15 01:20:48,563 - root - WARNING - Subject 23061 has regions with zero variance (indices: [  9  25  76 101 125 174 194]). Marking for exclusion, but computing matrix with zeros for now.
2025-04-15 01:20:48,581 - root - WARNING - Subject 23062 has regions with zero variance (indices: [  9  25  76 101 125 174 194]). Marking for exclusion, but computing matrix with zeros for now.
2025-04-15 01:20:48,598 - root - WARNING - Subject 23063 has regions with zero variance (indices: [  9  25  76 101 125 174 194]). Marking for exclusion, but computing matrix with zeros for now.
2025-04-15 01:20:48,616 - root - WARNING - Subject 23064 has regions with zero variance (indices: [  9  25  76 101 125 174 194]). Marking for exclusion, but computing matrix with zeros for now.
2025-04-15 01:20:48,633 - root - WARNING - Subject 23065 has regions with zero variance (indices: [  9  25  76 101 125 174 194]). Marking for exclusion, but computing matrix with zeros for now.
2025-04-15 01:20:48,651 - root - WARNING - Subject 23066 has regions with zero variance (indices: [  9  25  76 101 125 174 194]). Marking for exclusion, but computing matrix with zeros for now.
2025-04-15 01:20:48,669 - root - WARNING - Subject 23067 has regions with zero variance (indices: [  9  25  76 101 125 174 194]). Marking for exclusion, but computing matrix with zeros for now.
2025-04-15 01:20:48,686 - root - WARNING - Subject 23068 has regions with zero variance (indices: [  9  25  76 101 125 174 194]). Marking for exclusion, but computing matrix with zeros for now.
2025-04-15 01:20:48,704 - root - WARNING - Subject 23069 has regions with zero variance (indices: [  9  25  76 101 125 174 194]). Marking for exclusion, but computing matrix with zeros for now.
2025-04-15 01:20:48,721 - root - WARNING - Subject 23070 has regions with zero variance (indices: [  9  25  76 101 125 174 194]). Marking for exclusion, but computing matrix with zeros for now.
2025-04-15 01:20:48,739 - root - WARNING - Subject 23071 has regions with zero variance (indices: [  9  25  76 101 125 174 194]). Marking for exclusion, but computing matrix with zeros for now.
2025-04-15 01:20:48,756 - root - WARNING - Subject 23072 has regions with zero variance (indices: [  9  25  76 101 125 174 194]). Marking for exclusion, but computing matrix with zeros for now.
2025-04-15 01:20:48,774 - root - WARNING - Subject 23073 has regions with zero variance (indices: [  9  25  76 101 125 174 194]). Marking for exclusion, but computing matrix with zeros for now.
2025-04-15 01:20:48,791 - root - WARNING - Subject 23074 has regions with zero variance (indices: [  9  25  76 101 125 174 194]). Marking for exclusion, but computing matrix with zeros for now.
2025-04-15 01:20:48,808 - root - WARNING - Subject 23075 has regions with zero variance (indices: [  9  25  76 101 125 174 194]). Marking for exclusion, but computing matrix with zeros for now.
2025-04-15 01:20:48,825 - root - WARNING - Subject 23076 has regions with zero variance (indices: [  9  25  76 101 125 174 194]). Marking for exclusion, but computing matrix with zeros for now.
2025-04-15 01:20:48,843 - root - WARNING - Subject 23077 has regions with zero variance (indices: [  9  25  76 101 125 174 194]). Marking for exclusion, but computing matrix with zeros for now.
2025-04-15 01:20:48,861 - root - WARNING - Subject 23078 has regions with zero variance (indices: [  9  25  76 101 125 174 194]). Marking for exclusion, but computing matrix with zeros for now.
2025-04-15 01:20:48,878 - root - WARNING - Subject 23079 has regions with zero variance (indices: [  9  25  76 101 125 174 194]). Marking for exclusion, but computing matrix with zeros for now.
2025-04-15 01:20:48,896 - root - WARNING - Subject 23080 has regions with zero variance (indices: [  9  25  76 101 125 174 194]). Marking for exclusion, but computing matrix with zeros for now.
2025-04-15 01:20:48,914 - root - WARNING - Subject 23081 has regions with zero variance (indices: [  9  25  76 101 125 174 194]). Marking for exclusion, but computing matrix with zeros for now.
2025-04-15 01:20:48,931 - root - WARNING - Subject 23082 has regions with zero variance (indices: [  9  25  76 101 125 174 194]). Marking for exclusion, but computing matrix with zeros for now.
2025-04-15 01:20:48,949 - root - WARNING - Subject 23083 has regions with zero variance (indices: [  9  25  76 101 125 174 194]). Marking for exclusion, but computing matrix with zeros for now.
2025-04-15 01:20:48,967 - root - WARNING - Subject 23084 has regions with zero variance (indices: [  9  25  76 101 125 174 194]). Marking for exclusion, but computing matrix with zeros for now.
2025-04-15 01:20:48,985 - root - WARNING - Subject 23085 has regions with zero variance (indices: [  9  25  76 101 125 174 194]). Marking for exclusion, but computing matrix with zeros for now.
2025-04-15 01:20:49,003 - root - WARNING - Subject 23086 has regions with zero variance (indices: [  9  25  76 101 125 174 194]). Marking for exclusion, but computing matrix with zeros for now.
2025-04-15 01:20:49,020 - root - WARNING - Subject 23087 has regions with zero variance (indices: [  9  25  76 101 125 174 194]). Marking for exclusion, but computing matrix with zeros for now.
2025-04-15 01:20:49,038 - root - WARNING - Subject 23088 has regions with zero variance (indices: [  9  25  76 101 125 174 194]). Marking for exclusion, but computing matrix with zeros for now.
2025-04-15 01:20:49,055 - root - WARNING - Subject 23089 has regions with zero variance (indices: [  9  25  76 101 125 174 194]). Marking for exclusion, but computing matrix with zeros for now.
2025-04-15 01:20:49,073 - root - WARNING - Subject 23090 has regions with zero variance (indices: [  9  25  76 101 125 174 194]). Marking for exclusion, but computing matrix with zeros for now.
2025-04-15 01:20:49,090 - root - WARNING - Subject 23091 has regions with zero variance (indices: [  9  25  76 101 125 174 194]). Marking for exclusion, but computing matrix with zeros for now.
2025-04-15 01:20:49,108 - root - WARNING - Subject 23092 has regions with zero variance (indices: [  9  25  76 101 125 174 194]). Marking for exclusion, but computing matrix with zeros for now.
2025-04-15 01:20:49,126 - root - WARNING - Subject 23093 has regions with zero variance (indices: [  9  25  76 101 125 174 194]). Marking for exclusion, but computing matrix with zeros for now.
2025-04-15 01:20:49,143 - root - WARNING - Subject 23094 has regions with zero variance (indices: [  9  25  76 101 125 174 194]). Marking for exclusion, but computing matrix with zeros for now.
2025-04-15 01:20:49,161 - root - WARNING - Subject 23095 has regions with zero variance (indices: [  9  25  76 101 125 174 194]). Marking for exclusion, but computing matrix with zeros for now.
2025-04-15 01:20:49,178 - root - WARNING - Subject 23096 has regions with zero variance (indices: [  9  25  76 101 125 174 194]). Marking for exclusion, but computing matrix with zeros for now.
2025-04-15 01:20:49,195 - root - WARNING - Subject 23097 has regions with zero variance (indices: [  9  25  76 101 125 174 194]). Marking for exclusion, but computing matrix with zeros for now.
2025-04-15 01:20:49,213 - root - WARNING - Subject 23098 has regions with zero variance (indices: [  9  25  76 101 125 174 194]). Marking for exclusion, but computing matrix with zeros for now.
2025-04-15 01:20:49,230 - root - WARNING - Subject 23099 has regions with zero variance (indices: [  9  25  76 101 125 174 194]). Marking for exclusion, but computing matrix with zeros for now.
2025-04-15 01:20:49,248 - root - WARNING - Subject 23100 has regions with zero variance (indices: [  9  25  76 101 125 174 194]). Marking for exclusion, but computing matrix with zeros for now.
2025-04-15 01:20:49,266 - root - WARNING - Subject 23101 has regions with zero variance (indices: [  9  25  76 101 125 174 194]). Marking for exclusion, but computing matrix with zeros for now.
2025-04-15 01:20:49,283 - root - WARNING - Subject 23102 has regions with zero variance (indices: [  9  25  76 101 125 174 194]). Marking for exclusion, but computing matrix with zeros for now.
2025-04-15 01:20:49,301 - root - WARNING - Subject 23103 has regions with zero variance (indices: [  9  25  76 101 125 174 194]). Marking for exclusion, but computing matrix with zeros for now.
2025-04-15 01:20:49,318 - root - WARNING - Subject 23104 has regions with zero variance (indices: [  9  25  76 101 125 174 194]). Marking for exclusion, but computing matrix with zeros for now.
2025-04-15 01:20:49,336 - root - WARNING - Subject 23105 has regions with zero variance (indices: [  9  25  76 101 125 174 194]). Marking for exclusion, but computing matrix with zeros for now.
2025-04-15 01:20:49,353 - root - WARNING - Subject 23106 has regions with zero variance (indices: [  9  25  76 101 125 174 194]). Marking for exclusion, but computing matrix with zeros for now.
2025-04-15 01:20:49,371 - root - WARNING - Subject 23107 has regions with zero variance (indices: [  9  25  76 101 125 174 194]). Marking for exclusion, but computing matrix with zeros for now.
2025-04-15 01:20:49,388 - root - WARNING - Subject 23108 has regions with zero variance (indices: [  9  25  76 101 125 174 194]). Marking for exclusion, but computing matrix with zeros for now.
2025-04-15 01:20:49,406 - root - WARNING - Subject 23109 has regions with zero variance (indices: [  9  25  76 101 125 174 194]). Marking for exclusion, but computing matrix with zeros for now.
2025-04-15 01:20:49,423 - root - WARNING - Subject 23110 has regions with zero variance (indices: [  9  25  76 101 125 174 194]). Marking for exclusion, but computing matrix with zeros for now.
2025-04-15 01:20:49,441 - root - WARNING - Subject 23111 has regions with zero variance (indices: [  9  25  76 101 125 174 194]). Marking for exclusion, but computing matrix with zeros for now.
2025-04-15 01:20:49,459 - root - WARNING - Subject 23112 has regions with zero variance (indices: [  9  25  76 101 125 174 194]). Marking for exclusion, but computing matrix with zeros for now.
2025-04-15 01:20:49,476 - root - WARNING - Subject 23113 has regions with zero variance (indices: [  9  25  76 101 125 174 194]). Marking for exclusion, but computing matrix with zeros for now.
2025-04-15 01:20:49,494 - root - WARNING - Subject 23114 has regions with zero variance (indices: [  9  25  76 101 125 174 194]). Marking for exclusion, but computing matrix with zeros for now.
2025-04-15 01:20:49,511 - root - WARNING - Subject 23115 has regions with zero variance (indices: [  9  25  76 101 125 174 194]). Marking for exclusion, but computing matrix with zeros for now.
2025-04-15 01:20:49,529 - root - WARNING - Subject 23116 has regions with zero variance (indices: [  9  25  76 101 125 174 194]). Marking for exclusion, but computing matrix with zeros for now.
2025-04-15 01:20:49,547 - root - WARNING - Subject 23117 has regions with zero variance (indices: [  9  25  76 101 125 174 194]). Marking for exclusion, but computing matrix with zeros for now.
2025-04-15 01:20:49,564 - root - WARNING - Subject 23118 has regions with zero variance (indices: [  9  25  76 101 125 174 194]). Marking for exclusion, but computing matrix with zeros for now.
2025-04-15 01:20:49,582 - root - WARNING - Subject 23119 has regions with zero variance (indices: [  9  25  76 101 125 174 194]). Marking for exclusion, but computing matrix with zeros for now.
2025-04-15 01:20:49,599 - root - WARNING - Subject 23120 has regions with zero variance (indices: [  9  25  76 101 125 174 194]). Marking for exclusion, but computing matrix with zeros for now.
2025-04-15 01:20:49,617 - root - WARNING - Subject 23121 has regions with zero variance (indices: [  9  25  76 101 125 174 194]). Marking for exclusion, but computing matrix with zeros for now.
2025-04-15 01:20:49,634 - root - WARNING - Subject 23122 has regions with zero variance (indices: [  9  25  76 101 125 174 194]). Marking for exclusion, but computing matrix with zeros for now.
2025-04-15 01:20:49,652 - root - WARNING - Subject 23123 has regions with zero variance (indices: [  9  25  76 101 125 174 194]). Marking for exclusion, but computing matrix with zeros for now.
2025-04-15 01:20:49,670 - root - WARNING - Subject 23124 has regions with zero variance (indices: [  9  25  76 101 125 174 194]). Marking for exclusion, but computing matrix with zeros for now.
2025-04-15 01:20:49,687 - root - WARNING - Subject 23125 has regions with zero variance (indices: [  9  25  76 101 125 174 194]). Marking for exclusion, but computing matrix with zeros for now.
2025-04-15 01:20:49,705 - root - WARNING - Subject 23126 has regions with zero variance (indices: [  9  25  76 101 125 174 194]). Marking for exclusion, but computing matrix with zeros for now.
2025-04-15 01:20:49,722 - root - WARNING - Subject 23127 has regions with zero variance (indices: [  9  25  76 101 125 174 194]). Marking for exclusion, but computing matrix with zeros for now.
2025-04-15 01:20:49,740 - root - WARNING - Subject 23128 has regions with zero variance (indices: [  9  25  76 101 125 174 194]). Marking for exclusion, but computing matrix with zeros for now.
2025-04-15 01:20:49,757 - root - WARNING - Subject 23129 has regions with zero variance (indices: [  9  25  76 101 125 174 194]). Marking for exclusion, but computing matrix with zeros for now.
2025-04-15 01:20:49,775 - root - WARNING - Subject 23130 has regions with zero variance (indices: [  9  25  76 101 125 174 194]). Marking for exclusion, but computing matrix with zeros for now.
2025-04-15 01:20:49,792 - root - WARNING - Subject 23131 has regions with zero variance (indices: [  9  25  76 101 125 174 194]). Marking for exclusion, but computing matrix with zeros for now.
2025-04-15 01:20:49,810 - root - WARNING - Subject 23132 has regions with zero variance (indices: [  9  25  76 101 125 174 194]). Marking for exclusion, but computing matrix with zeros for now.
2025-04-15 01:20:49,827 - root - WARNING - Subject 23133 has regions with zero variance (indices: [  9  25  76 101 125 174 194]). Marking for exclusion, but computing matrix with zeros for now.
2025-04-15 01:20:49,845 - root - WARNING - Subject 23134 has regions with zero variance (indices: [  9  25  76 101 125 174 194]). Marking for exclusion, but computing matrix with zeros for now.
2025-04-15 01:20:49,862 - root - WARNING - Subject 23135 has regions with zero variance (indices: [  9  25  76 101 125 174 194]). Marking for exclusion, but computing matrix with zeros for now.
2025-04-15 01:20:49,880 - root - WARNING - Subject 23136 has regions with zero variance (indices: [  9  25  76 101 125 174 194]). Marking for exclusion, but computing matrix with zeros for now.
2025-04-15 01:20:49,898 - root - WARNING - Subject 23137 has regions with zero variance (indices: [  9  25  76 101 125 174 194]). Marking for exclusion, but computing matrix with zeros for now.
2025-04-15 01:20:49,915 - root - WARNING - Subject 23138 has regions with zero variance (indices: [  9  25  76 101 125 174 194]). Marking for exclusion, but computing matrix with zeros for now.
2025-04-15 01:20:49,933 - root - WARNING - Subject 23139 has regions with zero variance (indices: [  9  25  76 101 125 174 194]). Marking for exclusion, but computing matrix with zeros for now.
2025-04-15 01:20:49,951 - root - WARNING - Subject 23140 has regions with zero variance (indices: [  9  25  76 101 125 174 194]). Marking for exclusion, but computing matrix with zeros for now.
2025-04-15 01:20:49,968 - root - WARNING - Subject 23141 has regions with zero variance (indices: [  9  25  76 101 125 174 194]). Marking for exclusion, but computing matrix with zeros for now.
2025-04-15 01:20:49,985 - root - WARNING - Subject 23142 has regions with zero variance (indices: [  9  25  76 101 125 174 194]). Marking for exclusion, but computing matrix with zeros for now.
2025-04-15 01:20:50,003 - root - WARNING - Subject 23143 has regions with zero variance (indices: [  9  25  76 101 125 174 194]). Marking for exclusion, but computing matrix with zeros for now.
2025-04-15 01:20:50,020 - root - WARNING - Subject 23144 has regions with zero variance (indices: [  9  25  76 101 125 174 194]). Marking for exclusion, but computing matrix with zeros for now.
2025-04-15 01:20:50,038 - root - WARNING - Subject 23145 has regions with zero variance (indices: [  9  25  76 101 125 174 194]). Marking for exclusion, but computing matrix with zeros for now.
2025-04-15 01:20:50,056 - root - WARNING - Subject 23146 has regions with zero variance (indices: [  9  25  76 101 125 174 194]). Marking for exclusion, but computing matrix with zeros for now.
2025-04-15 01:20:50,073 - root - WARNING - Subject 23147 has regions with zero variance (indices: [  9  25  76 101 125 174 194]). Marking for exclusion, but computing matrix with zeros for now.
2025-04-15 01:20:50,091 - root - WARNING - Subject 23148 has regions with zero variance (indices: [  9  25  76 101 125 174 194]). Marking for exclusion, but computing matrix with zeros for now.
2025-04-15 01:20:50,108 - root - WARNING - Subject 23149 has regions with zero variance (indices: [  9  25  76 101 125 174 194]). Marking for exclusion, but computing matrix with zeros for now.
2025-04-15 01:20:50,125 - root - WARNING - Subject 23150 has regions with zero variance (indices: [  9  25  76 101 125 174 194]). Marking for exclusion, but computing matrix with zeros for now.
2025-04-15 01:20:50,143 - root - WARNING - Subject 23151 has regions with zero variance (indices: [  9  25  76 101 125 174 194]). Marking for exclusion, but computing matrix with zeros for now.
2025-04-15 01:20:50,161 - root - WARNING - Subject 23152 has regions with zero variance (indices: [  9  25  76 101 125 174 194]). Marking for exclusion, but computing matrix with zeros for now.
2025-04-15 01:20:50,178 - root - WARNING - Subject 23153 has regions with zero variance (indices: [  9  25  76 101 125 174 194]). Marking for exclusion, but computing matrix with zeros for now.
2025-04-15 01:20:50,196 - root - WARNING - Subject 23154 has regions with zero variance (indices: [  9  25  76 101 125 174 194]). Marking for exclusion, but computing matrix with zeros for now.
2025-04-15 01:20:50,213 - root - WARNING - Subject 23155 has regions with zero variance (indices: [  9  25  76 101 125 174 194]). Marking for exclusion, but computing matrix with zeros for now.
2025-04-15 01:20:50,230 - root - WARNING - Subject 23156 has regions with zero variance (indices: [  9  25  76 101 125 174 194]). Marking for exclusion, but computing matrix with zeros for now.
2025-04-15 01:20:50,248 - root - WARNING - Subject 23157 has regions with zero variance (indices: [  9  25  76 101 125 174 194]). Marking for exclusion, but computing matrix with zeros for now.
2025-04-15 01:20:50,266 - root - WARNING - Subject 23158 has regions with zero variance (indices: [  9  25  76 101 125 174 194]). Marking for exclusion, but computing matrix with zeros for now.
2025-04-15 01:20:50,284 - root - WARNING - Subject 23159 has regions with zero variance (indices: [  9  25  76 101 125 174 194]). Marking for exclusion, but computing matrix with zeros for now.
2025-04-15 01:20:50,301 - root - WARNING - Subject 23160 has regions with zero variance (indices: [  9  25  76 101 125 174 194]). Marking for exclusion, but computing matrix with zeros for now.
2025-04-15 01:20:50,319 - root - WARNING - Subject 23161 has regions with zero variance (indices: [  9  25  76 101 125 174 194]). Marking for exclusion, but computing matrix with zeros for now.
2025-04-15 01:20:50,337 - root - WARNING - Subject 23162 has regions with zero variance (indices: [  9  25  76 101 125 174 194]). Marking for exclusion, but computing matrix with zeros for now.
2025-04-15 01:20:50,354 - root - WARNING - Subject 23163 has regions with zero variance (indices: [  9  25  76 101 125 174 194]). Marking for exclusion, but computing matrix with zeros for now.
2025-04-15 01:20:50,372 - root - WARNING - Subject 23164 has regions with zero variance (indices: [  9  25  76 101 125 174 194]). Marking for exclusion, but computing matrix with zeros for now.
2025-04-15 01:20:50,389 - root - WARNING - Subject 23165 has regions with zero variance (indices: [  9  25  76 101 125 174 194]). Marking for exclusion, but computing matrix with zeros for now.
2025-04-15 01:20:50,407 - root - WARNING - Subject 23166 has regions with zero variance (indices: [  9  25  76 101 125 174 194]). Marking for exclusion, but computing matrix with zeros for now.
2025-04-15 01:20:50,424 - root - WARNING - Subject 23167 has regions with zero variance (indices: [  9  25  76 101 125 174 194]). Marking for exclusion, but computing matrix with zeros for now.
2025-04-15 01:20:50,765 - root - WARNING - Subject 23700 has regions with zero variance (indices: [42]). Marking for exclusion, but computing matrix with zeros for now.
2025-04-15 01:20:50,784 - root - WARNING - Subject 23701 has regions with zero variance (indices: [42]). Marking for exclusion, but computing matrix with zeros for now.
2025-04-15 01:20:50,803 - root - WARNING - Subject 23702 has regions with zero variance (indices: [42]). Marking for exclusion, but computing matrix with zeros for now.
2025-04-15 01:20:50,821 - root - WARNING - Subject 23703 has regions with zero variance (indices: [42]). Marking for exclusion, but computing matrix with zeros for now.
2025-04-15 01:20:50,840 - root - WARNING - Subject 23704 has regions with zero variance (indices: [42]). Marking for exclusion, but computing matrix with zeros for now.
2025-04-15 01:20:50,859 - root - WARNING - Subject 23705 has regions with zero variance (indices: [42]). Marking for exclusion, but computing matrix with zeros for now.
2025-04-15 01:20:50,878 - root - WARNING - Subject 23706 has regions with zero variance (indices: [42]). Marking for exclusion, but computing matrix with zeros for now.
2025-04-15 01:20:50,896 - root - WARNING - Subject 23707 has regions with zero variance (indices: [42]). Marking for exclusion, but computing matrix with zeros for now.
2025-04-15 01:20:50,915 - root - WARNING - Subject 23708 has regions with zero variance (indices: [42]). Marking for exclusion, but computing matrix with zeros for now.
2025-04-15 01:20:50,934 - root - WARNING - Subject 23709 has regions with zero variance (indices: [42]). Marking for exclusion, but computing matrix with zeros for now.
2025-04-15 01:20:50,952 - root - WARNING - Subject 23710 has regions with zero variance (indices: [42]). Marking for exclusion, but computing matrix with zeros for now.
2025-04-15 01:20:50,971 - root - WARNING - Subject 23711 has regions with zero variance (indices: [42]). Marking for exclusion, but computing matrix with zeros for now.
2025-04-15 01:20:50,989 - root - WARNING - Subject 23712 has regions with zero variance (indices: [42]). Marking for exclusion, but computing matrix with zeros for now.
2025-04-15 01:20:51,008 - root - WARNING - Subject 23713 has regions with zero variance (indices: [42]). Marking for exclusion, but computing matrix with zeros for now.
2025-04-15 01:20:51,027 - root - WARNING - Subject 23714 has regions with zero variance (indices: [42]). Marking for exclusion, but computing matrix with zeros for now.
2025-04-15 01:20:51,046 - root - WARNING - Subject 23715 has regions with zero variance (indices: [42]). Marking for exclusion, but computing matrix with zeros for now.
2025-04-15 01:20:51,064 - root - WARNING - Subject 23716 has regions with zero variance (indices: [42]). Marking for exclusion, but computing matrix with zeros for now.
2025-04-15 01:20:51,083 - root - WARNING - Subject 23717 has regions with zero variance (indices: [42]). Marking for exclusion, but computing matrix with zeros for now.
2025-04-15 01:20:51,101 - root - WARNING - Subject 23718 has regions with zero variance (indices: [42]). Marking for exclusion, but computing matrix with zeros for now.
2025-04-15 01:20:51,120 - root - WARNING - Subject 23719 has regions with zero variance (indices: [42]). Marking for exclusion, but computing matrix with zeros for now.
2025-04-15 01:20:51,138 - root - WARNING - Subject 23720 has regions with zero variance (indices: [42]). Marking for exclusion, but computing matrix with zeros for now.
2025-04-15 01:20:51,157 - root - WARNING - Subject 23721 has regions with zero variance (indices: [42]). Marking for exclusion, but computing matrix with zeros for now.
2025-04-15 01:20:51,176 - root - WARNING - Subject 23722 has regions with zero variance (indices: [42]). Marking for exclusion, but computing matrix with zeros for now.
2025-04-15 01:20:51,194 - root - WARNING - Subject 23723 has regions with zero variance (indices: [42]). Marking for exclusion, but computing matrix with zeros for now.
2025-04-15 01:20:51,212 - root - WARNING - Subject 23724 has regions with zero variance (indices: [42]). Marking for exclusion, but computing matrix with zeros for now.
2025-04-15 01:20:51,231 - root - WARNING - Subject 23725 has regions with zero variance (indices: [42]). Marking for exclusion, but computing matrix with zeros for now.
2025-04-15 01:20:51,249 - root - WARNING - Subject 23726 has regions with zero variance (indices: [42]). Marking for exclusion, but computing matrix with zeros for now.
2025-04-15 01:20:51,268 - root - WARNING - Subject 23727 has regions with zero variance (indices: [42]). Marking for exclusion, but computing matrix with zeros for now.
2025-04-15 01:20:51,286 - root - WARNING - Subject 23728 has regions with zero variance (indices: [42]). Marking for exclusion, but computing matrix with zeros for now.
2025-04-15 01:20:51,305 - root - WARNING - Subject 23729 has regions with zero variance (indices: [42]). Marking for exclusion, but computing matrix with zeros for now.
2025-04-15 01:20:51,323 - root - WARNING - Subject 23730 has regions with zero variance (indices: [42]). Marking for exclusion, but computing matrix with zeros for now.
2025-04-15 01:20:51,342 - root - WARNING - Subject 23731 has regions with zero variance (indices: [42]). Marking for exclusion, but computing matrix with zeros for now.
2025-04-15 01:20:51,361 - root - WARNING - Subject 23732 has regions with zero variance (indices: [42]). Marking for exclusion, but computing matrix with zeros for now.
2025-04-15 01:20:51,379 - root - WARNING - Subject 23733 has regions with zero variance (indices: [42]). Marking for exclusion, but computing matrix with zeros for now.
2025-04-15 01:20:51,398 - root - WARNING - Subject 23734 has regions with zero variance (indices: [42]). Marking for exclusion, but computing matrix with zeros for now.
2025-04-15 01:20:51,416 - root - WARNING - Subject 23735 has regions with zero variance (indices: [42]). Marking for exclusion, but computing matrix with zeros for now.
2025-04-15 01:20:51,435 - root - WARNING - Subject 23736 has regions with zero variance (indices: [42]). Marking for exclusion, but computing matrix with zeros for now.
2025-04-15 01:20:51,454 - root - WARNING - Subject 23737 has regions with zero variance (indices: [42]). Marking for exclusion, but computing matrix with zeros for now.
2025-04-15 01:20:51,472 - root - WARNING - Subject 23738 has regions with zero variance (indices: [42]). Marking for exclusion, but computing matrix with zeros for now.
2025-04-15 01:20:51,490 - root - WARNING - Subject 23739 has regions with zero variance (indices: [42]). Marking for exclusion, but computing matrix with zeros for now.
2025-04-15 01:20:51,509 - root - WARNING - Subject 23740 has regions with zero variance (indices: [42]). Marking for exclusion, but computing matrix with zeros for now.
2025-04-15 01:20:51,527 - root - WARNING - Subject 23741 has regions with zero variance (indices: [42]). Marking for exclusion, but computing matrix with zeros for now.
2025-04-15 01:20:51,546 - root - WARNING - Subject 23742 has regions with zero variance (indices: [42]). Marking for exclusion, but computing matrix with zeros for now.
2025-04-15 01:20:51,564 - root - WARNING - Subject 23743 has regions with zero variance (indices: [42]). Marking for exclusion, but computing matrix with zeros for now.
2025-04-15 01:20:51,583 - root - WARNING - Subject 23744 has regions with zero variance (indices: [42]). Marking for exclusion, but computing matrix with zeros for now.
2025-04-15 01:20:51,601 - root - WARNING - Subject 23745 has regions with zero variance (indices: [42]). Marking for exclusion, but computing matrix with zeros for now.
2025-04-15 01:20:51,620 - root - WARNING - Subject 23746 has regions with zero variance (indices: [42]). Marking for exclusion, but computing matrix with zeros for now.
2025-04-15 01:20:51,638 - root - WARNING - Subject 23747 has regions with zero variance (indices: [42]). Marking for exclusion, but computing matrix with zeros for now.
2025-04-15 01:20:51,656 - root - WARNING - Subject 23748 has regions with zero variance (indices: [42]). Marking for exclusion, but computing matrix with zeros for now.
2025-04-15 01:20:51,675 - root - WARNING - Subject 23749 has regions with zero variance (indices: [42]). Marking for exclusion, but computing matrix with zeros for now.
2025-04-15 01:20:51,693 - root - WARNING - Subject 23750 has regions with zero variance (indices: [42]). Marking for exclusion, but computing matrix with zeros for now.
2025-04-15 01:20:51,711 - root - WARNING - Subject 23751 has regions with zero variance (indices: [42]). Marking for exclusion, but computing matrix with zeros for now.
2025-04-15 01:20:51,729 - root - WARNING - Subject 23752 has regions with zero variance (indices: [42]). Marking for exclusion, but computing matrix with zeros for now.
2025-04-15 01:20:51,748 - root - WARNING - Subject 23753 has regions with zero variance (indices: [42]). Marking for exclusion, but computing matrix with zeros for now.
2025-04-15 01:20:51,766 - root - WARNING - Subject 23754 has regions with zero variance (indices: [42]). Marking for exclusion, but computing matrix with zeros for now.
2025-04-15 01:20:51,784 - root - WARNING - Subject 23755 has regions with zero variance (indices: [42]). Marking for exclusion, but computing matrix with zeros for now.
2025-04-15 01:20:51,803 - root - WARNING - Subject 23756 has regions with zero variance (indices: [42]). Marking for exclusion, but computing matrix with zeros for now.
2025-04-15 01:20:51,822 - root - WARNING - Subject 23757 has regions with zero variance (indices: [42]). Marking for exclusion, but computing matrix with zeros for now.
2025-04-15 01:20:51,841 - root - WARNING - Subject 23758 has regions with zero variance (indices: [42]). Marking for exclusion, but computing matrix with zeros for now.
2025-04-15 01:20:51,859 - root - WARNING - Subject 23759 has regions with zero variance (indices: [42]). Marking for exclusion, but computing matrix with zeros for now.
2025-04-15 01:20:51,878 - root - WARNING - Subject 23760 has regions with zero variance (indices: [42]). Marking for exclusion, but computing matrix with zeros for now.
2025-04-15 01:20:51,896 - root - WARNING - Subject 23761 has regions with zero variance (indices: [42]). Marking for exclusion, but computing matrix with zeros for now.
2025-04-15 01:20:51,915 - root - WARNING - Subject 23762 has regions with zero variance (indices: [42]). Marking for exclusion, but computing matrix with zeros for now.
2025-04-15 01:20:51,933 - root - WARNING - Subject 23763 has regions with zero variance (indices: [42]). Marking for exclusion, but computing matrix with zeros for now.
2025-04-15 01:20:51,952 - root - WARNING - Subject 23764 has regions with zero variance (indices: [42]). Marking for exclusion, but computing matrix with zeros for now.
2025-04-15 01:20:51,970 - root - WARNING - Subject 23765 has regions with zero variance (indices: [42]). Marking for exclusion, but computing matrix with zeros for now.
2025-04-15 01:20:51,989 - root - WARNING - Subject 23766 has regions with zero variance (indices: [42]). Marking for exclusion, but computing matrix with zeros for now.
2025-04-15 01:20:52,008 - root - WARNING - Subject 23767 has regions with zero variance (indices: [42]). Marking for exclusion, but computing matrix with zeros for now.
2025-04-15 01:20:52,026 - root - WARNING - Subject 23768 has regions with zero variance (indices: [42]). Marking for exclusion, but computing matrix with zeros for now.
2025-04-15 01:20:52,045 - root - WARNING - Subject 23769 has regions with zero variance (indices: [42]). Marking for exclusion, but computing matrix with zeros for now.
2025-04-15 01:20:52,064 - root - WARNING - Subject 23770 has regions with zero variance (indices: [42]). Marking for exclusion, but computing matrix with zeros for now.
2025-04-15 01:20:52,082 - root - WARNING - Subject 23771 has regions with zero variance (indices: [42]). Marking for exclusion, but computing matrix with zeros for now.
2025-04-15 01:20:52,101 - root - WARNING - Subject 23772 has regions with zero variance (indices: [42]). Marking for exclusion, but computing matrix with zeros for now.
2025-04-15 01:20:52,120 - root - WARNING - Subject 23773 has regions with zero variance (indices: [42]). Marking for exclusion, but computing matrix with zeros for now.
2025-04-15 01:20:52,138 - root - WARNING - Subject 23774 has regions with zero variance (indices: [42]). Marking for exclusion, but computing matrix with zeros for now.
2025-04-15 01:20:52,157 - root - WARNING - Subject 23775 has regions with zero variance (indices: [42]). Marking for exclusion, but computing matrix with zeros for now.
2025-04-15 01:20:52,176 - root - WARNING - Subject 23776 has regions with zero variance (indices: [42]). Marking for exclusion, but computing matrix with zeros for now.
2025-04-15 01:20:52,194 - root - WARNING - Subject 23777 has regions with zero variance (indices: [42]). Marking for exclusion, but computing matrix with zeros for now.
2025-04-15 01:20:52,213 - root - WARNING - Subject 23778 has regions with zero variance (indices: [42]). Marking for exclusion, but computing matrix with zeros for now.
2025-04-15 01:20:52,231 - root - WARNING - Subject 23779 has regions with zero variance (indices: [42]). Marking for exclusion, but computing matrix with zeros for now.
2025-04-15 01:20:52,250 - root - WARNING - Subject 23780 has regions with zero variance (indices: [42]). Marking for exclusion, but computing matrix with zeros for now.
2025-04-15 01:20:52,268 - root - WARNING - Subject 23781 has regions with zero variance (indices: [42]). Marking for exclusion, but computing matrix with zeros for now.
2025-04-15 01:20:52,287 - root - WARNING - Subject 23782 has regions with zero variance (indices: [42]). Marking for exclusion, but computing matrix with zeros for now.
2025-04-15 01:20:52,305 - root - WARNING - Subject 23783 has regions with zero variance (indices: [42]). Marking for exclusion, but computing matrix with zeros for now.
2025-04-15 01:20:52,324 - root - WARNING - Subject 23784 has regions with zero variance (indices: [42]). Marking for exclusion, but computing matrix with zeros for now.
2025-04-15 01:20:52,343 - root - WARNING - Subject 23785 has regions with zero variance (indices: [42]). Marking for exclusion, but computing matrix with zeros for now.
2025-04-15 01:20:52,361 - root - WARNING - Subject 23786 has regions with zero variance (indices: [42]). Marking for exclusion, but computing matrix with zeros for now.
2025-04-15 01:20:52,380 - root - WARNING - Subject 23787 has regions with zero variance (indices: [42]). Marking for exclusion, but computing matrix with zeros for now.
2025-04-15 01:20:52,398 - root - WARNING - Subject 23788 has regions with zero variance (indices: [42]). Marking for exclusion, but computing matrix with zeros for now.
2025-04-15 01:20:52,417 - root - WARNING - Subject 23789 has regions with zero variance (indices: [42]). Marking for exclusion, but computing matrix with zeros for now.
2025-04-15 01:20:52,436 - root - WARNING - Subject 23790 has regions with zero variance (indices: [42]). Marking for exclusion, but computing matrix with zeros for now.
2025-04-15 01:20:52,454 - root - WARNING - Subject 23791 has regions with zero variance (indices: [42]). Marking for exclusion, but computing matrix with zeros for now.
2025-04-15 01:20:52,472 - root - WARNING - Subject 23792 has regions with zero variance (indices: [42]). Marking for exclusion, but computing matrix with zeros for now.
2025-04-15 01:20:52,491 - root - WARNING - Subject 23793 has regions with zero variance (indices: [42]). Marking for exclusion, but computing matrix with zeros for now.
2025-04-15 01:20:52,510 - root - WARNING - Subject 23794 has regions with zero variance (indices: [42]). Marking for exclusion, but computing matrix with zeros for now.
2025-04-15 01:20:52,528 - root - WARNING - Subject 23795 has regions with zero variance (indices: [42]). Marking for exclusion, but computing matrix with zeros for now.
2025-04-15 01:20:52,547 - root - WARNING - Subject 23796 has regions with zero variance (indices: [42]). Marking for exclusion, but computing matrix with zeros for now.
2025-04-15 01:20:52,566 - root - WARNING - Subject 23797 has regions with zero variance (indices: [42]). Marking for exclusion, but computing matrix with zeros for now.
2025-04-15 01:20:52,584 - root - WARNING - Subject 23798 has regions with zero variance (indices: [42]). Marking for exclusion, but computing matrix with zeros for now.
2025-04-15 01:20:52,603 - root - WARNING - Subject 23799 has regions with zero variance (indices: [42]). Marking for exclusion, but computing matrix with zeros for now.
2025-04-15 01:20:52,621 - root - WARNING - Subject 23800 has regions with zero variance (indices: [42]). Marking for exclusion, but computing matrix with zeros for now.
2025-04-15 01:20:52,640 - root - WARNING - Subject 23801 has regions with zero variance (indices: [42]). Marking for exclusion, but computing matrix with zeros for now.
2025-04-15 01:20:52,658 - root - WARNING - Subject 23802 has regions with zero variance (indices: [42]). Marking for exclusion, but computing matrix with zeros for now.
2025-04-15 01:20:52,677 - root - WARNING - Subject 23803 has regions with zero variance (indices: [42]). Marking for exclusion, but computing matrix with zeros for now.
2025-04-15 01:20:52,695 - root - WARNING - Subject 23804 has regions with zero variance (indices: [42]). Marking for exclusion, but computing matrix with zeros for now.
2025-04-15 01:20:52,714 - root - WARNING - Subject 23805 has regions with zero variance (indices: [42]). Marking for exclusion, but computing matrix with zeros for now.
2025-04-15 01:20:52,732 - root - WARNING - Subject 23806 has regions with zero variance (indices: [42]). Marking for exclusion, but computing matrix with zeros for now.
2025-04-15 01:20:52,751 - root - WARNING - Subject 23807 has regions with zero variance (indices: [42]). Marking for exclusion, but computing matrix with zeros for now.
2025-04-15 01:20:52,769 - root - WARNING - Subject 23808 has regions with zero variance (indices: [42]). Marking for exclusion, but computing matrix with zeros for now.
2025-04-15 01:20:52,788 - root - WARNING - Subject 23809 has regions with zero variance (indices: [42]). Marking for exclusion, but computing matrix with zeros for now.
2025-04-15 01:20:52,806 - root - WARNING - Subject 23810 has regions with zero variance (indices: [42]). Marking for exclusion, but computing matrix with zeros for now.
2025-04-15 01:20:52,824 - root - WARNING - Subject 23811 has regions with zero variance (indices: [42]). Marking for exclusion, but computing matrix with zeros for now.
2025-04-15 01:20:52,843 - root - WARNING - Subject 23812 has regions with zero variance (indices: [42]). Marking for exclusion, but computing matrix with zeros for now.
2025-04-15 01:20:52,862 - root - WARNING - Subject 23813 has regions with zero variance (indices: [42]). Marking for exclusion, but computing matrix with zeros for now.
2025-04-15 01:20:52,881 - root - WARNING - Subject 23814 has regions with zero variance (indices: [42]). Marking for exclusion, but computing matrix with zeros for now.
2025-04-15 01:20:52,899 - root - WARNING - Subject 23815 has regions with zero variance (indices: [42]). Marking for exclusion, but computing matrix with zeros for now.
2025-04-15 01:20:52,918 - root - WARNING - Subject 23816 has regions with zero variance (indices: [42]). Marking for exclusion, but computing matrix with zeros for now.
2025-04-15 01:20:52,937 - root - WARNING - Subject 23817 has regions with zero variance (indices: [42]). Marking for exclusion, but computing matrix with zeros for now.
2025-04-15 01:20:52,955 - root - WARNING - Subject 23818 has regions with zero variance (indices: [42]). Marking for exclusion, but computing matrix with zeros for now.
2025-04-15 01:20:52,973 - root - WARNING - Subject 23819 has regions with zero variance (indices: [42]). Marking for exclusion, but computing matrix with zeros for now.
2025-04-15 01:20:52,992 - root - WARNING - Subject 23820 has regions with zero variance (indices: [42]). Marking for exclusion, but computing matrix with zeros for now.
2025-04-15 01:20:53,010 - root - WARNING - Subject 23821 has regions with zero variance (indices: [42]). Marking for exclusion, but computing matrix with zeros for now.
2025-04-15 01:20:53,029 - root - WARNING - Subject 23822 has regions with zero variance (indices: [42]). Marking for exclusion, but computing matrix with zeros for now.
2025-04-15 01:20:53,048 - root - WARNING - Subject 23823 has regions with zero variance (indices: [42]). Marking for exclusion, but computing matrix with zeros for now.
2025-04-15 01:20:53,066 - root - WARNING - Subject 23824 has regions with zero variance (indices: [42]). Marking for exclusion, but computing matrix with zeros for now.
2025-04-15 01:20:53,085 - root - WARNING - Subject 23825 has regions with zero variance (indices: [42]). Marking for exclusion, but computing matrix with zeros for now.
2025-04-15 01:20:53,103 - root - WARNING - Subject 23826 has regions with zero variance (indices: [42]). Marking for exclusion, but computing matrix with zeros for now.
2025-04-15 01:20:53,122 - root - WARNING - Subject 23827 has regions with zero variance (indices: [42]). Marking for exclusion, but computing matrix with zeros for now.
2025-04-15 01:20:53,141 - root - WARNING - Subject 23828 has regions with zero variance (indices: [42]). Marking for exclusion, but computing matrix with zeros for now.
2025-04-15 01:20:53,159 - root - WARNING - Subject 23829 has regions with zero variance (indices: [42]). Marking for exclusion, but computing matrix with zeros for now.
2025-04-15 01:20:53,178 - root - WARNING - Subject 23830 has regions with zero variance (indices: [42]). Marking for exclusion, but computing matrix with zeros for now.
2025-04-15 01:20:53,196 - root - WARNING - Subject 23831 has regions with zero variance (indices: [42]). Marking for exclusion, but computing matrix with zeros for now.
2025-04-15 01:20:53,215 - root - WARNING - Subject 23832 has regions with zero variance (indices: [42]). Marking for exclusion, but computing matrix with zeros for now.
2025-04-15 01:20:53,233 - root - WARNING - Subject 23833 has regions with zero variance (indices: [42]). Marking for exclusion, but computing matrix with zeros for now.
2025-04-15 01:20:53,252 - root - WARNING - Subject 23834 has regions with zero variance (indices: [42]). Marking for exclusion, but computing matrix with zeros for now.
2025-04-15 01:20:53,270 - root - WARNING - Subject 23835 has regions with zero variance (indices: [42]). Marking for exclusion, but computing matrix with zeros for now.
2025-04-15 01:20:53,289 - root - WARNING - Subject 23836 has regions with zero variance (indices: [42]). Marking for exclusion, but computing matrix with zeros for now.
2025-04-15 01:20:53,308 - root - WARNING - Subject 23837 has regions with zero variance (indices: [42]). Marking for exclusion, but computing matrix with zeros for now.
2025-04-15 01:20:53,326 - root - WARNING - Subject 23838 has regions with zero variance (indices: [42]). Marking for exclusion, but computing matrix with zeros for now.
2025-04-15 01:20:53,345 - root - WARNING - Subject 23839 has regions with zero variance (indices: [42]). Marking for exclusion, but computing matrix with zeros for now.
2025-04-15 01:20:53,364 - root - WARNING - Subject 23840 has regions with zero variance (indices: [42]). Marking for exclusion, but computing matrix with zeros for now.
2025-04-15 01:20:53,382 - root - WARNING - Subject 23841 has regions with zero variance (indices: [42]). Marking for exclusion, but computing matrix with zeros for now.
2025-04-15 01:20:53,401 - root - WARNING - Subject 23842 has regions with zero variance (indices: [42]). Marking for exclusion, but computing matrix with zeros for now.
2025-04-15 01:20:53,419 - root - WARNING - Subject 23843 has regions with zero variance (indices: [42]). Marking for exclusion, but computing matrix with zeros for now.
2025-04-15 01:20:53,438 - root - WARNING - Subject 23844 has regions with zero variance (indices: [42]). Marking for exclusion, but computing matrix with zeros for now.
2025-04-15 01:20:53,456 - root - WARNING - Subject 23845 has regions with zero variance (indices: [42]). Marking for exclusion, but computing matrix with zeros for now.
2025-04-15 01:20:53,475 - root - WARNING - Subject 23846 has regions with zero variance (indices: [42]). Marking for exclusion, but computing matrix with zeros for now.
2025-04-15 01:20:53,493 - root - WARNING - Subject 23847 has regions with zero variance (indices: [42]). Marking for exclusion, but computing matrix with zeros for now.
2025-04-15 01:20:53,512 - root - WARNING - Subject 23848 has regions with zero variance (indices: [42]). Marking for exclusion, but computing matrix with zeros for now.
2025-04-15 01:20:53,531 - root - WARNING - Subject 23849 has regions with zero variance (indices: [42]). Marking for exclusion, but computing matrix with zeros for now.
2025-04-15 01:20:53,549 - root - WARNING - Subject 23850 has regions with zero variance (indices: [42]). Marking for exclusion, but computing matrix with zeros for now.
2025-04-15 01:20:53,567 - root - WARNING - Subject 23851 has regions with zero variance (indices: [42]). Marking for exclusion, but computing matrix with zeros for now.
2025-04-15 01:20:53,586 - root - WARNING - Subject 23852 has regions with zero variance (indices: [42]). Marking for exclusion, but computing matrix with zeros for now.
2025-04-15 01:20:53,605 - root - WARNING - Subject 23853 has regions with zero variance (indices: [42]). Marking for exclusion, but computing matrix with zeros for now.
2025-04-15 01:20:53,623 - root - WARNING - Subject 23854 has regions with zero variance (indices: [42]). Marking for exclusion, but computing matrix with zeros for now.
2025-04-15 01:20:53,642 - root - WARNING - Subject 23855 has regions with zero variance (indices: [42]). Marking for exclusion, but computing matrix with zeros for now.
2025-04-15 01:20:53,661 - root - WARNING - Subject 23856 has regions with zero variance (indices: [42]). Marking for exclusion, but computing matrix with zeros for now.
2025-04-15 01:20:53,679 - root - WARNING - Subject 23857 has regions with zero variance (indices: [42]). Marking for exclusion, but computing matrix with zeros for now.
2025-04-15 01:20:53,698 - root - WARNING - Subject 23858 has regions with zero variance (indices: [42]). Marking for exclusion, but computing matrix with zeros for now.
2025-04-15 01:20:53,716 - root - WARNING - Subject 23859 has regions with zero variance (indices: [42]). Marking for exclusion, but computing matrix with zeros for now.
2025-04-15 01:20:53,735 - root - WARNING - Subject 23860 has regions with zero variance (indices: [42]). Marking for exclusion, but computing matrix with zeros for now.
2025-04-15 01:20:53,754 - root - WARNING - Subject 23861 has regions with zero variance (indices: [42]). Marking for exclusion, but computing matrix with zeros for now.
2025-04-15 01:20:53,773 - root - WARNING - Subject 23862 has regions with zero variance (indices: [42]). Marking for exclusion, but computing matrix with zeros for now.
2025-04-15 01:20:53,791 - root - WARNING - Subject 23863 has regions with zero variance (indices: [42]). Marking for exclusion, but computing matrix with zeros for now.
2025-04-15 01:20:53,810 - root - WARNING - Subject 23864 has regions with zero variance (indices: [42]). Marking for exclusion, but computing matrix with zeros for now.
2025-04-15 01:20:53,828 - root - WARNING - Subject 23865 has regions with zero variance (indices: [42]). Marking for exclusion, but computing matrix with zeros for now.
2025-04-15 01:20:53,847 - root - WARNING - Subject 23866 has regions with zero variance (indices: [42]). Marking for exclusion, but computing matrix with zeros for now.
2025-04-15 01:20:53,865 - root - WARNING - Subject 23867 has regions with zero variance (indices: [42]). Marking for exclusion, but computing matrix with zeros for now.
2025-04-15 01:20:53,884 - root - WARNING - Subject 23868 has regions with zero variance (indices: [42]). Marking for exclusion, but computing matrix with zeros for now.
2025-04-15 01:20:53,903 - root - WARNING - Subject 23869 has regions with zero variance (indices: [42]). Marking for exclusion, but computing matrix with zeros for now.
2025-04-15 01:20:53,921 - root - WARNING - Subject 23870 has regions with zero variance (indices: [42]). Marking for exclusion, but computing matrix with zeros for now.
2025-04-15 01:20:53,940 - root - WARNING - Subject 23871 has regions with zero variance (indices: [42]). Marking for exclusion, but computing matrix with zeros for now.
2025-04-15 01:20:53,958 - root - WARNING - Subject 23872 has regions with zero variance (indices: [42]). Marking for exclusion, but computing matrix with zeros for now.
2025-04-15 01:20:53,977 - root - WARNING - Subject 23873 has regions with zero variance (indices: [42]). Marking for exclusion, but computing matrix with zeros for now.
2025-04-15 01:20:53,995 - root - WARNING - Subject 23874 has regions with zero variance (indices: [42]). Marking for exclusion, but computing matrix with zeros for now.
2025-04-15 01:20:54,014 - root - WARNING - Subject 23875 has regions with zero variance (indices: [42]). Marking for exclusion, but computing matrix with zeros for now.
2025-04-15 01:20:54,033 - root - WARNING - Subject 23876 has regions with zero variance (indices: [42]). Marking for exclusion, but computing matrix with zeros for now.
2025-04-15 01:20:54,051 - root - WARNING - Subject 23877 has regions with zero variance (indices: [42]). Marking for exclusion, but computing matrix with zeros for now.
2025-04-15 01:20:54,070 - root - WARNING - Subject 23878 has regions with zero variance (indices: [42]). Marking for exclusion, but computing matrix with zeros for now.
2025-04-15 01:20:54,089 - root - WARNING - Subject 23879 has regions with zero variance (indices: [42]). Marking for exclusion, but computing matrix with zeros for now.
2025-04-15 01:20:54,107 - root - WARNING - Subject 23880 has regions with zero variance (indices: [42]). Marking for exclusion, but computing matrix with zeros for now.
2025-04-15 01:20:54,126 - root - WARNING - Subject 23881 has regions with zero variance (indices: [42]). Marking for exclusion, but computing matrix with zeros for now.
2025-04-15 01:20:54,145 - root - WARNING - Subject 23882 has regions with zero variance (indices: [42]). Marking for exclusion, but computing matrix with zeros for now.
2025-04-15 01:20:54,164 - root - WARNING - Subject 23883 has regions with zero variance (indices: [42]). Marking for exclusion, but computing matrix with zeros for now.
2025-04-15 01:20:54,182 - root - WARNING - Subject 23884 has regions with zero variance (indices: [42]). Marking for exclusion, but computing matrix with zeros for now.
2025-04-15 01:20:54,201 - root - WARNING - Subject 23885 has regions with zero variance (indices: [42]). Marking for exclusion, but computing matrix with zeros for now.
2025-04-15 01:20:54,220 - root - WARNING - Subject 23886 has regions with zero variance (indices: [42]). Marking for exclusion, but computing matrix with zeros for now.
2025-04-15 01:20:54,238 - root - WARNING - Subject 23887 has regions with zero variance (indices: [42]). Marking for exclusion, but computing matrix with zeros for now.
2025-04-15 01:20:54,257 - root - WARNING - Subject 23888 has regions with zero variance (indices: [42]). Marking for exclusion, but computing matrix with zeros for now.
2025-04-15 01:20:54,276 - root - WARNING - Subject 23889 has regions with zero variance (indices: [42]). Marking for exclusion, but computing matrix with zeros for now.
2025-04-15 01:20:54,294 - root - WARNING - Subject 23890 has regions with zero variance (indices: [42]). Marking for exclusion, but computing matrix with zeros for now.
2025-04-15 01:20:54,312 - root - WARNING - Subject 23891 has regions with zero variance (indices: [42]). Marking for exclusion, but computing matrix with zeros for now.
2025-04-15 01:20:54,331 - root - WARNING - Subject 23892 has regions with zero variance (indices: [42]). Marking for exclusion, but computing matrix with zeros for now.
2025-04-15 01:20:54,350 - root - WARNING - Subject 23893 has regions with zero variance (indices: [42]). Marking for exclusion, but computing matrix with zeros for now.
2025-04-15 01:20:54,369 - root - WARNING - Subject 23894 has regions with zero variance (indices: [42]). Marking for exclusion, but computing matrix with zeros for now.
2025-04-15 01:20:54,387 - root - WARNING - Subject 23895 has regions with zero variance (indices: [42]). Marking for exclusion, but computing matrix with zeros for now.
2025-04-15 01:20:54,406 - root - WARNING - Subject 23896 has regions with zero variance (indices: [42]). Marking for exclusion, but computing matrix with zeros for now.
2025-04-15 01:20:54,425 - root - WARNING - Subject 23897 has regions with zero variance (indices: [42]). Marking for exclusion, but computing matrix with zeros for now.
2025-04-15 01:20:54,444 - root - WARNING - Subject 23898 has regions with zero variance (indices: [42]). Marking for exclusion, but computing matrix with zeros for now.
2025-04-15 01:20:54,462 - root - WARNING - Subject 23899 has regions with zero variance (indices: [42]). Marking for exclusion, but computing matrix with zeros for now.
2025-04-15 01:20:54,481 - root - WARNING - Subject 23900 has regions with zero variance (indices: [42]). Marking for exclusion, but computing matrix with zeros for now.
2025-04-15 01:20:54,500 - root - WARNING - Subject 23901 has regions with zero variance (indices: [42]). Marking for exclusion, but computing matrix with zeros for now.
2025-04-15 01:20:54,518 - root - WARNING - Subject 23902 has regions with zero variance (indices: [42]). Marking for exclusion, but computing matrix with zeros for now.
2025-04-15 01:20:54,537 - root - WARNING - Subject 23903 has regions with zero variance (indices: [42]). Marking for exclusion, but computing matrix with zeros for now.
2025-04-15 01:20:54,556 - root - WARNING - Subject 23904 has regions with zero variance (indices: [42]). Marking for exclusion, but computing matrix with zeros for now.
2025-04-15 01:20:54,574 - root - WARNING - Subject 23905 has regions with zero variance (indices: [42]). Marking for exclusion, but computing matrix with zeros for now.
2025-04-15 01:20:54,593 - root - WARNING - Subject 23906 has regions with zero variance (indices: [42]). Marking for exclusion, but computing matrix with zeros for now.
2025-04-15 01:20:54,611 - root - WARNING - Subject 23907 has regions with zero variance (indices: [42]). Marking for exclusion, but computing matrix with zeros for now.
2025-04-15 01:20:54,630 - root - WARNING - Subject 23908 has regions with zero variance (indices: [42]). Marking for exclusion, but computing matrix with zeros for now.
2025-04-15 01:20:54,649 - root - WARNING - Subject 23909 has regions with zero variance (indices: [42]). Marking for exclusion, but computing matrix with zeros for now.
2025-04-15 01:20:54,667 - root - WARNING - Subject 23910 has regions with zero variance (indices: [42]). Marking for exclusion, but computing matrix with zeros for now.
2025-04-15 01:20:54,686 - root - WARNING - Subject 23911 has regions with zero variance (indices: [42]). Marking for exclusion, but computing matrix with zeros for now.
2025-04-15 01:20:54,704 - root - WARNING - Subject 23912 has regions with zero variance (indices: [42]). Marking for exclusion, but computing matrix with zeros for now.
2025-04-15 01:20:54,723 - root - WARNING - Subject 23913 has regions with zero variance (indices: [42]). Marking for exclusion, but computing matrix with zeros for now.
2025-04-15 01:20:54,742 - root - WARNING - Subject 23914 has regions with zero variance (indices: [42]). Marking for exclusion, but computing matrix with zeros for now.
2025-04-15 01:20:54,761 - root - WARNING - Subject 23915 has regions with zero variance (indices: [42]). Marking for exclusion, but computing matrix with zeros for now.
2025-04-15 01:20:54,779 - root - WARNING - Subject 23916 has regions with zero variance (indices: [42]). Marking for exclusion, but computing matrix with zeros for now.
2025-04-15 01:20:54,798 - root - WARNING - Subject 23917 has regions with zero variance (indices: [42]). Marking for exclusion, but computing matrix with zeros for now.
2025-04-15 01:20:54,817 - root - WARNING - Subject 23918 has regions with zero variance (indices: [42]). Marking for exclusion, but computing matrix with zeros for now.
2025-04-15 01:20:54,835 - root - WARNING - Subject 23919 has regions with zero variance (indices: [42]). Marking for exclusion, but computing matrix with zeros for now.
2025-04-15 01:20:54,854 - root - WARNING - Subject 23920 has regions with zero variance (indices: [42]). Marking for exclusion, but computing matrix with zeros for now.
2025-04-15 01:20:54,872 - root - WARNING - Subject 23921 has regions with zero variance (indices: [42]). Marking for exclusion, but computing matrix with zeros for now.
2025-04-15 01:20:54,891 - root - WARNING - Subject 23922 has regions with zero variance (indices: [42]). Marking for exclusion, but computing matrix with zeros for now.
2025-04-15 01:20:54,909 - root - WARNING - Subject 23923 has regions with zero variance (indices: [42]). Marking for exclusion, but computing matrix with zeros for now.
2025-04-15 01:20:54,928 - root - WARNING - Subject 23924 has regions with zero variance (indices: [42]). Marking for exclusion, but computing matrix with zeros for now.
2025-04-15 01:20:54,946 - root - WARNING - Subject 23925 has regions with zero variance (indices: [42]). Marking for exclusion, but computing matrix with zeros for now.
2025-04-15 01:20:54,965 - root - WARNING - Subject 23926 has regions with zero variance (indices: [42]). Marking for exclusion, but computing matrix with zeros for now.
2025-04-15 01:20:54,983 - root - WARNING - Subject 23927 has regions with zero variance (indices: [42]). Marking for exclusion, but computing matrix with zeros for now.
2025-04-15 01:20:55,001 - root - WARNING - Subject 23928 has regions with zero variance (indices: [42]). Marking for exclusion, but computing matrix with zeros for now.
2025-04-15 01:20:55,020 - root - WARNING - Subject 23929 has regions with zero variance (indices: [42]). Marking for exclusion, but computing matrix with zeros for now.
2025-04-15 01:20:55,039 - root - WARNING - Subject 23930 has regions with zero variance (indices: [42]). Marking for exclusion, but computing matrix with zeros for now.
2025-04-15 01:20:55,057 - root - WARNING - Subject 23931 has regions with zero variance (indices: [42]). Marking for exclusion, but computing matrix with zeros for now.
2025-04-15 01:20:55,075 - root - WARNING - Subject 23932 has regions with zero variance (indices: [42]). Marking for exclusion, but computing matrix with zeros for now.
2025-04-15 01:20:55,094 - root - WARNING - Subject 23933 has regions with zero variance (indices: [42]). Marking for exclusion, but computing matrix with zeros for now.
2025-04-15 01:20:55,112 - root - WARNING - Subject 23934 has regions with zero variance (indices: [42]). Marking for exclusion, but computing matrix with zeros for now.
2025-04-15 01:20:55,131 - root - WARNING - Subject 23935 has regions with zero variance (indices: [42]). Marking for exclusion, but computing matrix with zeros for now.
2025-04-15 01:20:55,150 - root - WARNING - Subject 23936 has regions with zero variance (indices: [42]). Marking for exclusion, but computing matrix with zeros for now.
2025-04-15 01:20:55,169 - root - WARNING - Subject 23937 has regions with zero variance (indices: [42]). Marking for exclusion, but computing matrix with zeros for now.
2025-04-15 01:20:55,187 - root - WARNING - Subject 23938 has regions with zero variance (indices: [42]). Marking for exclusion, but computing matrix with zeros for now.
2025-04-15 01:20:55,206 - root - WARNING - Subject 23939 has regions with zero variance (indices: [42]). Marking for exclusion, but computing matrix with zeros for now.
2025-04-15 01:20:55,224 - root - WARNING - Subject 23940 has regions with zero variance (indices: [42]). Marking for exclusion, but computing matrix with zeros for now.
2025-04-15 01:20:55,243 - root - WARNING - Subject 23941 has regions with zero variance (indices: [42]). Marking for exclusion, but computing matrix with zeros for now.
2025-04-15 01:20:55,262 - root - WARNING - Subject 23942 has regions with zero variance (indices: [42]). Marking for exclusion, but computing matrix with zeros for now.
2025-04-15 01:20:55,280 - root - WARNING - Subject 23943 has regions with zero variance (indices: [42]). Marking for exclusion, but computing matrix with zeros for now.
2025-04-15 01:20:55,299 - root - WARNING - Subject 23944 has regions with zero variance (indices: [42]). Marking for exclusion, but computing matrix with zeros for now.
2025-04-15 01:20:55,317 - root - WARNING - Subject 23945 has regions with zero variance (indices: [42]). Marking for exclusion, but computing matrix with zeros for now.
2025-04-15 01:20:55,336 - root - WARNING - Subject 23946 has regions with zero variance (indices: [42]). Marking for exclusion, but computing matrix with zeros for now.
2025-04-15 01:20:55,355 - root - WARNING - Subject 23947 has regions with zero variance (indices: [42]). Marking for exclusion, but computing matrix with zeros for now.
2025-04-15 01:20:55,373 - root - WARNING - Subject 23948 has regions with zero variance (indices: [42]). Marking for exclusion, but computing matrix with zeros for now.
2025-04-15 01:20:55,392 - root - WARNING - Subject 23949 has regions with zero variance (indices: [42]). Marking for exclusion, but computing matrix with zeros for now.
2025-04-15 01:20:55,411 - root - WARNING - Subject 23950 has regions with zero variance (indices: [42]). Marking for exclusion, but computing matrix with zeros for now.
2025-04-15 01:20:55,429 - root - WARNING - Subject 23951 has regions with zero variance (indices: [42]). Marking for exclusion, but computing matrix with zeros for now.
2025-04-15 01:20:55,448 - root - WARNING - Subject 23952 has regions with zero variance (indices: [42]). Marking for exclusion, but computing matrix with zeros for now.
2025-04-15 01:20:55,466 - root - WARNING - Subject 23953 has regions with zero variance (indices: [42]). Marking for exclusion, but computing matrix with zeros for now.
2025-04-15 01:20:55,485 - root - WARNING - Subject 23954 has regions with zero variance (indices: [42]). Marking for exclusion, but computing matrix with zeros for now.
2025-04-15 01:20:55,503 - root - WARNING - Subject 23955 has regions with zero variance (indices: [42]). Marking for exclusion, but computing matrix with zeros for now.
2025-04-15 01:20:55,522 - root - WARNING - Subject 23956 has regions with zero variance (indices: [42]). Marking for exclusion, but computing matrix with zeros for now.
2025-04-15 01:20:55,541 - root - WARNING - Subject 23957 has regions with zero variance (indices: [42]). Marking for exclusion, but computing matrix with zeros for now.
2025-04-15 01:20:55,559 - root - WARNING - Subject 23958 has regions with zero variance (indices: [42]). Marking for exclusion, but computing matrix with zeros for now.
2025-04-15 01:20:55,578 - root - WARNING - Subject 23959 has regions with zero variance (indices: [42]). Marking for exclusion, but computing matrix with zeros for now.
2025-04-15 01:20:55,597 - root - WARNING - Subject 23960 has regions with zero variance (indices: [42]). Marking for exclusion, but computing matrix with zeros for now.
2025-04-15 01:20:55,615 - root - WARNING - Subject 23961 has regions with zero variance (indices: [42]). Marking for exclusion, but computing matrix with zeros for now.
2025-04-15 01:20:55,634 - root - WARNING - Subject 23962 has regions with zero variance (indices: [42]). Marking for exclusion, but computing matrix with zeros for now.
2025-04-15 01:20:55,653 - root - WARNING - Subject 23963 has regions with zero variance (indices: [42]). Marking for exclusion, but computing matrix with zeros for now.
2025-04-15 01:20:55,671 - root - WARNING - Subject 23964 has regions with zero variance (indices: [42]). Marking for exclusion, but computing matrix with zeros for now.
2025-04-15 01:20:55,691 - root - WARNING - Subject 23965 has regions with zero variance (indices: [42]). Marking for exclusion, but computing matrix with zeros for now.
2025-04-15 01:20:55,709 - root - WARNING - Subject 23966 has regions with zero variance (indices: [ 79 119 158]). Marking for exclusion, but computing matrix with zeros for now.
2025-04-15 01:20:55,728 - root - WARNING - Subject 23967 has regions with zero variance (indices: [ 79 119 158]). Marking for exclusion, but computing matrix with zeros for now.
2025-04-15 01:20:55,746 - root - WARNING - Subject 23968 has regions with zero variance (indices: [ 79 119 158]). Marking for exclusion, but computing matrix with zeros for now.
2025-04-15 01:20:55,764 - root - WARNING - Subject 23969 has regions with zero variance (indices: [ 79 119 158]). Marking for exclusion, but computing matrix with zeros for now.
2025-04-15 01:20:55,783 - root - WARNING - Subject 23970 has regions with zero variance (indices: [ 79 119 158]). Marking for exclusion, but computing matrix with zeros for now.
2025-04-15 01:20:55,801 - root - WARNING - Subject 23971 has regions with zero variance (indices: [ 79 119 158]). Marking for exclusion, but computing matrix with zeros for now.
2025-04-15 01:20:55,819 - root - WARNING - Subject 23972 has regions with zero variance (indices: [ 79 119 158]). Marking for exclusion, but computing matrix with zeros for now.
2025-04-15 01:20:55,838 - root - WARNING - Subject 23973 has regions with zero variance (indices: [ 79 119 158]). Marking for exclusion, but computing matrix with zeros for now.
2025-04-15 01:20:55,856 - root - WARNING - Subject 23974 has regions with zero variance (indices: [ 79 119 158]). Marking for exclusion, but computing matrix with zeros for now.
2025-04-15 01:20:55,875 - root - WARNING - Subject 23975 has regions with zero variance (indices: [ 79 119 158]). Marking for exclusion, but computing matrix with zeros for now.
2025-04-15 01:20:55,893 - root - WARNING - Subject 23976 has regions with zero variance (indices: [ 79 119 158]). Marking for exclusion, but computing matrix with zeros for now.
2025-04-15 01:20:55,911 - root - WARNING - Subject 23977 has regions with zero variance (indices: [ 79 119 158]). Marking for exclusion, but computing matrix with zeros for now.
2025-04-15 01:20:55,929 - root - WARNING - Subject 23978 has regions with zero variance (indices: [ 79 119 158]). Marking for exclusion, but computing matrix with zeros for now.
2025-04-15 01:20:55,948 - root - WARNING - Subject 23979 has regions with zero variance (indices: [ 79 119 158]). Marking for exclusion, but computing matrix with zeros for now.
2025-04-15 01:20:55,966 - root - WARNING - Subject 23980 has regions with zero variance (indices: [ 79 119 158]). Marking for exclusion, but computing matrix with zeros for now.
2025-04-15 01:20:55,985 - root - WARNING - Subject 23981 has regions with zero variance (indices: [ 79 119 158]). Marking for exclusion, but computing matrix with zeros for now.
2025-04-15 01:20:56,003 - root - WARNING - Subject 23982 has regions with zero variance (indices: [ 79 119 158]). Marking for exclusion, but computing matrix with zeros for now.
2025-04-15 01:20:56,022 - root - WARNING - Subject 23983 has regions with zero variance (indices: [ 79 119 158]). Marking for exclusion, but computing matrix with zeros for now.
2025-04-15 01:20:56,040 - root - WARNING - Subject 23984 has regions with zero variance (indices: [ 79 119 158]). Marking for exclusion, but computing matrix with zeros for now.
2025-04-15 01:20:56,058 - root - WARNING - Subject 23985 has regions with zero variance (indices: [ 79 119 158]). Marking for exclusion, but computing matrix with zeros for now.
2025-04-15 01:20:56,077 - root - WARNING - Subject 23986 has regions with zero variance (indices: [ 79 119 158]). Marking for exclusion, but computing matrix with zeros for now.
2025-04-15 01:20:56,096 - root - WARNING - Subject 23987 has regions with zero variance (indices: [ 79 119 158]). Marking for exclusion, but computing matrix with zeros for now.
2025-04-15 01:20:56,114 - root - WARNING - Subject 23988 has regions with zero variance (indices: [ 79 119 158]). Marking for exclusion, but computing matrix with zeros for now.
2025-04-15 01:20:56,133 - root - WARNING - Subject 23989 has regions with zero variance (indices: [ 79 119 158]). Marking for exclusion, but computing matrix with zeros for now.
2025-04-15 01:20:56,151 - root - WARNING - Subject 23990 has regions with zero variance (indices: [ 79 119 158]). Marking for exclusion, but computing matrix with zeros for now.
2025-04-15 01:20:56,170 - root - WARNING - Subject 23991 has regions with zero variance (indices: [ 79 119 158]). Marking for exclusion, but computing matrix with zeros for now.
2025-04-15 01:20:56,188 - root - WARNING - Subject 23992 has regions with zero variance (indices: [ 79 119 158]). Marking for exclusion, but computing matrix with zeros for now.
2025-04-15 01:20:56,207 - root - WARNING - Subject 23993 has regions with zero variance (indices: [ 79 119 158]). Marking for exclusion, but computing matrix with zeros for now.
2025-04-15 01:20:56,225 - root - WARNING - Subject 23994 has regions with zero variance (indices: [ 79 119 158]). Marking for exclusion, but computing matrix with zeros for now.
2025-04-15 01:20:56,244 - root - WARNING - Subject 23995 has regions with zero variance (indices: [ 79 119 158]). Marking for exclusion, but computing matrix with zeros for now.
2025-04-15 01:20:56,262 - root - WARNING - Subject 23996 has regions with zero variance (indices: [ 79 119 158]). Marking for exclusion, but computing matrix with zeros for now.
2025-04-15 01:20:56,280 - root - WARNING - Subject 23997 has regions with zero variance (indices: [ 79 119 158]). Marking for exclusion, but computing matrix with zeros for now.
2025-04-15 01:20:56,299 - root - WARNING - Subject 23998 has regions with zero variance (indices: [ 79 119 158]). Marking for exclusion, but computing matrix with zeros for now.
2025-04-15 01:20:56,317 - root - WARNING - Subject 23999 has regions with zero variance (indices: [ 79 119 158]). Marking for exclusion, but computing matrix with zeros for now.
2025-04-15 01:20:56,335 - root - WARNING - Subject 24000 has regions with zero variance (indices: [ 79 119 158]). Marking for exclusion, but computing matrix with zeros for now.
2025-04-15 01:20:56,353 - root - WARNING - Subject 24001 has regions with zero variance (indices: [ 79 119 158]). Marking for exclusion, but computing matrix with zeros for now.
2025-04-15 01:20:56,371 - root - WARNING - Subject 24002 has regions with zero variance (indices: [ 79 119 158]). Marking for exclusion, but computing matrix with zeros for now.
2025-04-15 01:20:56,389 - root - WARNING - Subject 24003 has regions with zero variance (indices: [ 79 119 158]). Marking for exclusion, but computing matrix with zeros for now.
2025-04-15 01:20:56,407 - root - WARNING - Subject 24004 has regions with zero variance (indices: [ 79 119 158]). Marking for exclusion, but computing matrix with zeros for now.
2025-04-15 01:20:56,426 - root - WARNING - Subject 24005 has regions with zero variance (indices: [ 79 119 158]). Marking for exclusion, but computing matrix with zeros for now.
2025-04-15 01:20:56,444 - root - WARNING - Subject 24006 has regions with zero variance (indices: [ 79 119 158]). Marking for exclusion, but computing matrix with zeros for now.
2025-04-15 01:20:56,462 - root - WARNING - Subject 24007 has regions with zero variance (indices: [ 79 119 158]). Marking for exclusion, but computing matrix with zeros for now.
2025-04-15 01:20:56,480 - root - WARNING - Subject 24008 has regions with zero variance (indices: [ 79 119 158]). Marking for exclusion, but computing matrix with zeros for now.
2025-04-15 01:20:56,498 - root - WARNING - Subject 24009 has regions with zero variance (indices: [ 79 119 158]). Marking for exclusion, but computing matrix with zeros for now.
2025-04-15 01:20:56,516 - root - WARNING - Subject 24010 has regions with zero variance (indices: [ 79 119 158]). Marking for exclusion, but computing matrix with zeros for now.
2025-04-15 01:20:56,535 - root - WARNING - Subject 24011 has regions with zero variance (indices: [ 79 119 158]). Marking for exclusion, but computing matrix with zeros for now.
2025-04-15 01:20:56,553 - root - WARNING - Subject 24012 has regions with zero variance (indices: [ 79 119 158]). Marking for exclusion, but computing matrix with zeros for now.
2025-04-15 01:20:56,571 - root - WARNING - Subject 24013 has regions with zero variance (indices: [ 79 119 158]). Marking for exclusion, but computing matrix with zeros for now.
2025-04-15 01:20:56,590 - root - WARNING - Subject 24014 has regions with zero variance (indices: [ 79 119 158]). Marking for exclusion, but computing matrix with zeros for now.
2025-04-15 01:20:56,608 - root - WARNING - Subject 24015 has regions with zero variance (indices: [ 79 119 158]). Marking for exclusion, but computing matrix with zeros for now.
2025-04-15 01:20:56,627 - root - WARNING - Subject 24016 has regions with zero variance (indices: [ 79 119 158]). Marking for exclusion, but computing matrix with zeros for now.
2025-04-15 01:20:56,645 - root - WARNING - Subject 24017 has regions with zero variance (indices: [ 79 119 158]). Marking for exclusion, but computing matrix with zeros for now.
2025-04-15 01:20:56,663 - root - WARNING - Subject 24018 has regions with zero variance (indices: [ 79 119 158]). Marking for exclusion, but computing matrix with zeros for now.
2025-04-15 01:20:56,682 - root - WARNING - Subject 24019 has regions with zero variance (indices: [ 79 119 158]). Marking for exclusion, but computing matrix with zeros for now.
2025-04-15 01:20:56,701 - root - WARNING - Subject 24020 has regions with zero variance (indices: [ 79 119 158]). Marking for exclusion, but computing matrix with zeros for now.
2025-04-15 01:20:56,719 - root - WARNING - Subject 24021 has regions with zero variance (indices: [ 79 119 158]). Marking for exclusion, but computing matrix with zeros for now.
2025-04-15 01:20:56,738 - root - WARNING - Subject 24022 has regions with zero variance (indices: [ 79 119 158]). Marking for exclusion, but computing matrix with zeros for now.
2025-04-15 01:20:56,756 - root - WARNING - Subject 24023 has regions with zero variance (indices: [ 79 119 158]). Marking for exclusion, but computing matrix with zeros for now.
2025-04-15 01:20:56,774 - root - WARNING - Subject 24024 has regions with zero variance (indices: [ 79 119 158]). Marking for exclusion, but computing matrix with zeros for now.
2025-04-15 01:20:56,792 - root - WARNING - Subject 24025 has regions with zero variance (indices: [ 79 119 158]). Marking for exclusion, but computing matrix with zeros for now.
2025-04-15 01:20:56,811 - root - WARNING - Subject 24026 has regions with zero variance (indices: [ 79 119 158]). Marking for exclusion, but computing matrix with zeros for now.
2025-04-15 01:20:56,829 - root - WARNING - Subject 24027 has regions with zero variance (indices: [ 79 119 158]). Marking for exclusion, but computing matrix with zeros for now.
2025-04-15 01:20:56,847 - root - WARNING - Subject 24028 has regions with zero variance (indices: [ 79 119 158]). Marking for exclusion, but computing matrix with zeros for now.
2025-04-15 01:20:56,865 - root - WARNING - Subject 24029 has regions with zero variance (indices: [ 79 119 158]). Marking for exclusion, but computing matrix with zeros for now.
2025-04-15 01:20:56,884 - root - WARNING - Subject 24030 has regions with zero variance (indices: [ 79 119 158]). Marking for exclusion, but computing matrix with zeros for now.
2025-04-15 01:20:56,902 - root - WARNING - Subject 24031 has regions with zero variance (indices: [ 79 119 158]). Marking for exclusion, but computing matrix with zeros for now.
2025-04-15 01:20:56,921 - root - WARNING - Subject 24032 has regions with zero variance (indices: [ 79 119 158]). Marking for exclusion, but computing matrix with zeros for now.
2025-04-15 01:20:56,939 - root - WARNING - Subject 24033 has regions with zero variance (indices: [ 79 119 158]). Marking for exclusion, but computing matrix with zeros for now.
2025-04-15 01:20:56,958 - root - WARNING - Subject 24034 has regions with zero variance (indices: [ 79 119 158]). Marking for exclusion, but computing matrix with zeros for now.
2025-04-15 01:20:56,977 - root - WARNING - Subject 24035 has regions with zero variance (indices: [ 79 119 158]). Marking for exclusion, but computing matrix with zeros for now.
2025-04-15 01:20:56,995 - root - WARNING - Subject 24036 has regions with zero variance (indices: [ 79 119 158]). Marking for exclusion, but computing matrix with zeros for now.
2025-04-15 01:20:57,013 - root - WARNING - Subject 24037 has regions with zero variance (indices: [ 79 119 158]). Marking for exclusion, but computing matrix with zeros for now.
2025-04-15 01:20:57,031 - root - WARNING - Subject 24038 has regions with zero variance (indices: [ 79 119 158]). Marking for exclusion, but computing matrix with zeros for now.
2025-04-15 01:20:57,050 - root - WARNING - Subject 24039 has regions with zero variance (indices: [ 79 119 158]). Marking for exclusion, but computing matrix with zeros for now.
2025-04-15 01:20:57,068 - root - WARNING - Subject 24040 has regions with zero variance (indices: [ 79 119 158]). Marking for exclusion, but computing matrix with zeros for now.
2025-04-15 01:20:57,086 - root - WARNING - Subject 24041 has regions with zero variance (indices: [ 79 119 158]). Marking for exclusion, but computing matrix with zeros for now.
2025-04-15 01:20:57,105 - root - WARNING - Subject 24042 has regions with zero variance (indices: [ 79 119 158]). Marking for exclusion, but computing matrix with zeros for now.
2025-04-15 01:20:57,124 - root - WARNING - Subject 24043 has regions with zero variance (indices: [ 79 119 158]). Marking for exclusion, but computing matrix with zeros for now.
2025-04-15 01:20:57,142 - root - WARNING - Subject 24044 has regions with zero variance (indices: [ 79 119 158]). Marking for exclusion, but computing matrix with zeros for now.
2025-04-15 01:20:57,161 - root - WARNING - Subject 24045 has regions with zero variance (indices: [ 79 119 158]). Marking for exclusion, but computing matrix with zeros for now.
2025-04-15 01:20:57,180 - root - WARNING - Subject 24046 has regions with zero variance (indices: [ 79 119 158]). Marking for exclusion, but computing matrix with zeros for now.
2025-04-15 01:20:57,199 - root - WARNING - Subject 24047 has regions with zero variance (indices: [ 79 119 158]). Marking for exclusion, but computing matrix with zeros for now.
2025-04-15 01:20:57,217 - root - WARNING - Subject 24048 has regions with zero variance (indices: [ 79 119 158]). Marking for exclusion, but computing matrix with zeros for now.
2025-04-15 01:20:57,236 - root - WARNING - Subject 24049 has regions with zero variance (indices: [ 79 119 158]). Marking for exclusion, but computing matrix with zeros for now.
2025-04-15 01:20:57,255 - root - WARNING - Subject 24050 has regions with zero variance (indices: [ 79 119 158]). Marking for exclusion, but computing matrix with zeros for now.
2025-04-15 01:20:57,273 - root - WARNING - Subject 24051 has regions with zero variance (indices: [ 79 119 158]). Marking for exclusion, but computing matrix with zeros for now.
2025-04-15 01:20:57,291 - root - WARNING - Subject 24052 has regions with zero variance (indices: [ 79 119 158]). Marking for exclusion, but computing matrix with zeros for now.
2025-04-15 01:20:57,310 - root - WARNING - Subject 24053 has regions with zero variance (indices: [ 79 119 158]). Marking for exclusion, but computing matrix with zeros for now.
2025-04-15 01:20:57,328 - root - WARNING - Subject 24054 has regions with zero variance (indices: [ 79 119 158]). Marking for exclusion, but computing matrix with zeros for now.
2025-04-15 01:20:57,347 - root - WARNING - Subject 24055 has regions with zero variance (indices: [ 79 119 158]). Marking for exclusion, but computing matrix with zeros for now.
2025-04-15 01:20:57,365 - root - WARNING - Subject 24056 has regions with zero variance (indices: [ 79 119 158]). Marking for exclusion, but computing matrix with zeros for now.
2025-04-15 01:20:57,384 - root - WARNING - Subject 24057 has regions with zero variance (indices: [ 79 119 158]). Marking for exclusion, but computing matrix with zeros for now.
2025-04-15 01:20:57,402 - root - WARNING - Subject 24058 has regions with zero variance (indices: [ 79 119 158]). Marking for exclusion, but computing matrix with zeros for now.
2025-04-15 01:20:57,421 - root - WARNING - Subject 24059 has regions with zero variance (indices: [ 79 119 158]). Marking for exclusion, but computing matrix with zeros for now.
2025-04-15 01:20:57,438 - root - WARNING - Subject 24060 has regions with zero variance (indices: [ 79 119 158]). Marking for exclusion, but computing matrix with zeros for now.
2025-04-15 01:20:57,456 - root - WARNING - Subject 24061 has regions with zero variance (indices: [ 79 119 158]). Marking for exclusion, but computing matrix with zeros for now.
2025-04-15 01:20:57,475 - root - WARNING - Subject 24062 has regions with zero variance (indices: [ 79 119 158]). Marking for exclusion, but computing matrix with zeros for now.
2025-04-15 01:20:57,494 - root - WARNING - Subject 24063 has regions with zero variance (indices: [ 79 119 158]). Marking for exclusion, but computing matrix with zeros for now.
2025-04-15 01:20:57,512 - root - WARNING - Subject 24064 has regions with zero variance (indices: [ 79 119 158]). Marking for exclusion, but computing matrix with zeros for now.
2025-04-15 01:20:57,530 - root - WARNING - Subject 24065 has regions with zero variance (indices: [ 79 119 158]). Marking for exclusion, but computing matrix with zeros for now.
2025-04-15 01:20:57,549 - root - WARNING - Subject 24066 has regions with zero variance (indices: [ 79 119 158]). Marking for exclusion, but computing matrix with zeros for now.
2025-04-15 01:20:57,567 - root - WARNING - Subject 24067 has regions with zero variance (indices: [ 79 119 158]). Marking for exclusion, but computing matrix with zeros for now.
2025-04-15 01:20:57,585 - root - WARNING - Subject 24068 has regions with zero variance (indices: [ 79 119 158]). Marking for exclusion, but computing matrix with zeros for now.
2025-04-15 01:20:57,603 - root - WARNING - Subject 24069 has regions with zero variance (indices: [ 79 119 158]). Marking for exclusion, but computing matrix with zeros for now.
2025-04-15 01:20:57,621 - root - WARNING - Subject 24070 has regions with zero variance (indices: [ 79 119 158]). Marking for exclusion, but computing matrix with zeros for now.
2025-04-15 01:20:57,640 - root - WARNING - Subject 24071 has regions with zero variance (indices: [ 79 119 158]). Marking for exclusion, but computing matrix with zeros for now.
2025-04-15 01:20:57,658 - root - WARNING - Subject 24072 has regions with zero variance (indices: [ 79 119 158]). Marking for exclusion, but computing matrix with zeros for now.
2025-04-15 01:20:57,676 - root - WARNING - Subject 24073 has regions with zero variance (indices: [ 79 119 158]). Marking for exclusion, but computing matrix with zeros for now.
2025-04-15 01:20:57,694 - root - WARNING - Subject 24074 has regions with zero variance (indices: [ 79 119 158]). Marking for exclusion, but computing matrix with zeros for now.
2025-04-15 01:20:57,713 - root - WARNING - Subject 24075 has regions with zero variance (indices: [ 79 119 158]). Marking for exclusion, but computing matrix with zeros for now.
2025-04-15 01:20:57,731 - root - WARNING - Subject 24076 has regions with zero variance (indices: [ 79 119 158]). Marking for exclusion, but computing matrix with zeros for now.
2025-04-15 01:20:57,749 - root - WARNING - Subject 24077 has regions with zero variance (indices: [ 79 119 158]). Marking for exclusion, but computing matrix with zeros for now.
2025-04-15 01:20:57,767 - root - WARNING - Subject 24078 has regions with zero variance (indices: [ 79 119 158]). Marking for exclusion, but computing matrix with zeros for now.
2025-04-15 01:20:57,786 - root - WARNING - Subject 24079 has regions with zero variance (indices: [ 79 119 158]). Marking for exclusion, but computing matrix with zeros for now.
2025-04-15 01:20:57,805 - root - WARNING - Subject 24080 has regions with zero variance (indices: [ 79 119 158]). Marking for exclusion, but computing matrix with zeros for now.
2025-04-15 01:20:57,823 - root - WARNING - Subject 24081 has regions with zero variance (indices: [ 79 119 158]). Marking for exclusion, but computing matrix with zeros for now.
2025-04-15 01:20:57,841 - root - WARNING - Subject 24082 has regions with zero variance (indices: [ 79 119 158]). Marking for exclusion, but computing matrix with zeros for now.
2025-04-15 01:20:57,859 - root - WARNING - Subject 24083 has regions with zero variance (indices: [ 79 119 158]). Marking for exclusion, but computing matrix with zeros for now.
2025-04-15 01:20:57,878 - root - WARNING - Subject 24084 has regions with zero variance (indices: [ 79 119 158]). Marking for exclusion, but computing matrix with zeros for now.
2025-04-15 01:20:57,896 - root - WARNING - Subject 24085 has regions with zero variance (indices: [ 79 119 158]). Marking for exclusion, but computing matrix with zeros for now.
2025-04-15 01:20:57,914 - root - WARNING - Subject 24086 has regions with zero variance (indices: [ 79 119 158]). Marking for exclusion, but computing matrix with zeros for now.
2025-04-15 01:20:57,933 - root - WARNING - Subject 24087 has regions with zero variance (indices: [ 79 119 158]). Marking for exclusion, but computing matrix with zeros for now.
2025-04-15 01:20:57,951 - root - WARNING - Subject 24088 has regions with zero variance (indices: [ 79 119 158]). Marking for exclusion, but computing matrix with zeros for now.
2025-04-15 01:20:57,969 - root - WARNING - Subject 24089 has regions with zero variance (indices: [ 79 119 158]). Marking for exclusion, but computing matrix with zeros for now.
2025-04-15 01:20:57,987 - root - WARNING - Subject 24090 has regions with zero variance (indices: [ 79 119 158]). Marking for exclusion, but computing matrix with zeros for now.
2025-04-15 01:20:58,005 - root - WARNING - Subject 24091 has regions with zero variance (indices: [ 79 119 158]). Marking for exclusion, but computing matrix with zeros for now.
2025-04-15 01:20:58,023 - root - WARNING - Subject 24092 has regions with zero variance (indices: [ 79 119 158]). Marking for exclusion, but computing matrix with zeros for now.
2025-04-15 01:20:58,041 - root - WARNING - Subject 24093 has regions with zero variance (indices: [ 79 119 158]). Marking for exclusion, but computing matrix with zeros for now.
2025-04-15 01:20:58,060 - root - WARNING - Subject 24094 has regions with zero variance (indices: [ 79 119 158]). Marking for exclusion, but computing matrix with zeros for now.
2025-04-15 01:20:58,078 - root - WARNING - Subject 24095 has regions with zero variance (indices: [ 79 119 158]). Marking for exclusion, but computing matrix with zeros for now.
2025-04-15 01:20:58,096 - root - WARNING - Subject 24096 has regions with zero variance (indices: [ 79 119 158]). Marking for exclusion, but computing matrix with zeros for now.
2025-04-15 01:20:58,115 - root - WARNING - Subject 24097 has regions with zero variance (indices: [ 79 119 158]). Marking for exclusion, but computing matrix with zeros for now.
2025-04-15 01:20:58,133 - root - WARNING - Subject 24098 has regions with zero variance (indices: [ 79 119 158]). Marking for exclusion, but computing matrix with zeros for now.
2025-04-15 01:20:58,151 - root - WARNING - Subject 24099 has regions with zero variance (indices: [ 79 119 158]). Marking for exclusion, but computing matrix with zeros for now.
2025-04-15 01:20:58,169 - root - WARNING - Subject 24100 has regions with zero variance (indices: [ 79 119 158]). Marking for exclusion, but computing matrix with zeros for now.
2025-04-15 01:20:58,187 - root - WARNING - Subject 24101 has regions with zero variance (indices: [ 79 119 158]). Marking for exclusion, but computing matrix with zeros for now.
2025-04-15 01:20:58,205 - root - WARNING - Subject 24102 has regions with zero variance (indices: [ 79 119 158]). Marking for exclusion, but computing matrix with zeros for now.
2025-04-15 01:20:58,224 - root - WARNING - Subject 24103 has regions with zero variance (indices: [ 79 119 158]). Marking for exclusion, but computing matrix with zeros for now.
2025-04-15 01:20:58,242 - root - WARNING - Subject 24104 has regions with zero variance (indices: [ 79 119 158]). Marking for exclusion, but computing matrix with zeros for now.
2025-04-15 01:20:58,260 - root - WARNING - Subject 24105 has regions with zero variance (indices: [ 79 119 158]). Marking for exclusion, but computing matrix with zeros for now.
2025-04-15 01:20:58,278 - root - WARNING - Subject 24106 has regions with zero variance (indices: [ 79 119 158]). Marking for exclusion, but computing matrix with zeros for now.
2025-04-15 01:20:58,297 - root - WARNING - Subject 24107 has regions with zero variance (indices: [ 79 119 158]). Marking for exclusion, but computing matrix with zeros for now.
2025-04-15 01:20:58,315 - root - WARNING - Subject 24108 has regions with zero variance (indices: [ 79 119 158]). Marking for exclusion, but computing matrix with zeros for now.
2025-04-15 01:20:58,333 - root - WARNING - Subject 24109 has regions with zero variance (indices: [ 79 119 158]). Marking for exclusion, but computing matrix with zeros for now.
2025-04-15 01:20:58,351 - root - WARNING - Subject 24110 has regions with zero variance (indices: [ 79 119 158]). Marking for exclusion, but computing matrix with zeros for now.
2025-04-15 01:20:58,369 - root - WARNING - Subject 24111 has regions with zero variance (indices: [ 79 119 158]). Marking for exclusion, but computing matrix with zeros for now.
2025-04-15 01:20:58,387 - root - WARNING - Subject 24112 has regions with zero variance (indices: [ 79 119 158]). Marking for exclusion, but computing matrix with zeros for now.
2025-04-15 01:20:58,406 - root - WARNING - Subject 24113 has regions with zero variance (indices: [ 79 119 158]). Marking for exclusion, but computing matrix with zeros for now.
2025-04-15 01:20:58,424 - root - WARNING - Subject 24114 has regions with zero variance (indices: [ 79 119 158]). Marking for exclusion, but computing matrix with zeros for now.
2025-04-15 01:20:58,443 - root - WARNING - Subject 24115 has regions with zero variance (indices: [ 79 119 158]). Marking for exclusion, but computing matrix with zeros for now.
2025-04-15 01:20:58,461 - root - WARNING - Subject 24116 has regions with zero variance (indices: [ 79 119 158]). Marking for exclusion, but computing matrix with zeros for now.
2025-04-15 01:20:58,479 - root - WARNING - Subject 24117 has regions with zero variance (indices: [ 79 119 158]). Marking for exclusion, but computing matrix with zeros for now.
2025-04-15 01:20:58,498 - root - WARNING - Subject 24118 has regions with zero variance (indices: [ 79 119 158]). Marking for exclusion, but computing matrix with zeros for now.
2025-04-15 01:20:58,516 - root - WARNING - Subject 24119 has regions with zero variance (indices: [ 79 119 158]). Marking for exclusion, but computing matrix with zeros for now.
2025-04-15 01:20:58,534 - root - WARNING - Subject 24120 has regions with zero variance (indices: [ 79 119 158]). Marking for exclusion, but computing matrix with zeros for now.
2025-04-15 01:20:58,553 - root - WARNING - Subject 24121 has regions with zero variance (indices: [ 79 119 158]). Marking for exclusion, but computing matrix with zeros for now.
2025-04-15 01:20:58,571 - root - WARNING - Subject 24122 has regions with zero variance (indices: [ 79 119 158]). Marking for exclusion, but computing matrix with zeros for now.
2025-04-15 01:20:58,589 - root - WARNING - Subject 24123 has regions with zero variance (indices: [ 79 119 158]). Marking for exclusion, but computing matrix with zeros for now.
2025-04-15 01:20:58,608 - root - WARNING - Subject 24124 has regions with zero variance (indices: [ 79 119 158]). Marking for exclusion, but computing matrix with zeros for now.
2025-04-15 01:20:58,626 - root - WARNING - Subject 24125 has regions with zero variance (indices: [ 79 119 158]). Marking for exclusion, but computing matrix with zeros for now.
2025-04-15 01:20:58,644 - root - WARNING - Subject 24126 has regions with zero variance (indices: [ 79 119 158]). Marking for exclusion, but computing matrix with zeros for now.
2025-04-15 01:20:58,663 - root - WARNING - Subject 24127 has regions with zero variance (indices: [ 79 119 158]). Marking for exclusion, but computing matrix with zeros for now.
2025-04-15 01:20:58,681 - root - WARNING - Subject 24128 has regions with zero variance (indices: [ 79 119 158]). Marking for exclusion, but computing matrix with zeros for now.
2025-04-15 01:20:58,700 - root - WARNING - Subject 24129 has regions with zero variance (indices: [ 79 119 158]). Marking for exclusion, but computing matrix with zeros for now.
2025-04-15 01:20:58,718 - root - WARNING - Subject 24130 has regions with zero variance (indices: [ 79 119 158]). Marking for exclusion, but computing matrix with zeros for now.
2025-04-15 01:20:58,737 - root - WARNING - Subject 24131 has regions with zero variance (indices: [ 79 119 158]). Marking for exclusion, but computing matrix with zeros for now.
2025-04-15 01:20:58,755 - root - WARNING - Subject 24132 has regions with zero variance (indices: [ 79 119 158]). Marking for exclusion, but computing matrix with zeros for now.
2025-04-15 01:20:58,773 - root - WARNING - Subject 24133 has regions with zero variance (indices: [ 79 119 158]). Marking for exclusion, but computing matrix with zeros for now.
2025-04-15 01:20:58,792 - root - WARNING - Subject 24134 has regions with zero variance (indices: [ 79 119 158]). Marking for exclusion, but computing matrix with zeros for now.
2025-04-15 01:20:58,810 - root - WARNING - Subject 24135 has regions with zero variance (indices: [ 79 119 158]). Marking for exclusion, but computing matrix with zeros for now.
2025-04-15 01:20:58,828 - root - WARNING - Subject 24136 has regions with zero variance (indices: [ 79 119 158]). Marking for exclusion, but computing matrix with zeros for now.
2025-04-15 01:20:58,847 - root - WARNING - Subject 24137 has regions with zero variance (indices: [ 79 119 158]). Marking for exclusion, but computing matrix with zeros for now.
2025-04-15 01:20:58,865 - root - WARNING - Subject 24138 has regions with zero variance (indices: [ 79 119 158]). Marking for exclusion, but computing matrix with zeros for now.
2025-04-15 01:20:58,884 - root - WARNING - Subject 24139 has regions with zero variance (indices: [ 79 119 158]). Marking for exclusion, but computing matrix with zeros for now.
2025-04-15 01:20:58,903 - root - WARNING - Subject 24140 has regions with zero variance (indices: [ 79 119 158]). Marking for exclusion, but computing matrix with zeros for now.
2025-04-15 01:20:58,921 - root - WARNING - Subject 24141 has regions with zero variance (indices: [ 79 119 158]). Marking for exclusion, but computing matrix with zeros for now.
2025-04-15 01:20:58,940 - root - WARNING - Subject 24142 has regions with zero variance (indices: [ 79 119 158]). Marking for exclusion, but computing matrix with zeros for now.
2025-04-15 01:20:58,958 - root - WARNING - Subject 24143 has regions with zero variance (indices: [ 79 119 158]). Marking for exclusion, but computing matrix with zeros for now.
2025-04-15 01:20:58,976 - root - WARNING - Subject 24144 has regions with zero variance (indices: [ 79 119 158]). Marking for exclusion, but computing matrix with zeros for now.
2025-04-15 01:20:58,995 - root - WARNING - Subject 24145 has regions with zero variance (indices: [ 79 119 158]). Marking for exclusion, but computing matrix with zeros for now.
2025-04-15 01:20:59,014 - root - WARNING - Subject 24146 has regions with zero variance (indices: [ 79 119 158]). Marking for exclusion, but computing matrix with zeros for now.
2025-04-15 01:20:59,032 - root - WARNING - Subject 24147 has regions with zero variance (indices: [ 79 119 158]). Marking for exclusion, but computing matrix with zeros for now.
2025-04-15 01:20:59,050 - root - WARNING - Subject 24148 has regions with zero variance (indices: [ 79 119 158]). Marking for exclusion, but computing matrix with zeros for now.
2025-04-15 01:20:59,069 - root - WARNING - Subject 24149 has regions with zero variance (indices: [ 79 119 158]). Marking for exclusion, but computing matrix with zeros for now.
2025-04-15 01:20:59,087 - root - WARNING - Subject 24150 has regions with zero variance (indices: [ 79 119 158]). Marking for exclusion, but computing matrix with zeros for now.
2025-04-15 01:20:59,106 - root - WARNING - Subject 24151 has regions with zero variance (indices: [ 79 119 158]). Marking for exclusion, but computing matrix with zeros for now.
2025-04-15 01:20:59,124 - root - WARNING - Subject 24152 has regions with zero variance (indices: [ 79 119 158]). Marking for exclusion, but computing matrix with zeros for now.
2025-04-15 01:20:59,142 - root - WARNING - Subject 24153 has regions with zero variance (indices: [ 79 119 158]). Marking for exclusion, but computing matrix with zeros for now.
2025-04-15 01:20:59,161 - root - WARNING - Subject 24154 has regions with zero variance (indices: [ 79 119 158]). Marking for exclusion, but computing matrix with zeros for now.
2025-04-15 01:20:59,180 - root - WARNING - Subject 24155 has regions with zero variance (indices: [ 79 119 158]). Marking for exclusion, but computing matrix with zeros for now.
2025-04-15 01:20:59,198 - root - WARNING - Subject 24156 has regions with zero variance (indices: [ 79 119 158]). Marking for exclusion, but computing matrix with zeros for now.
2025-04-15 01:20:59,216 - root - WARNING - Subject 24157 has regions with zero variance (indices: [ 79 119 158]). Marking for exclusion, but computing matrix with zeros for now.
2025-04-15 01:20:59,235 - root - WARNING - Subject 24158 has regions with zero variance (indices: [ 79 119 158]). Marking for exclusion, but computing matrix with zeros for now.
2025-04-15 01:20:59,253 - root - WARNING - Subject 24159 has regions with zero variance (indices: [ 79 119 158]). Marking for exclusion, but computing matrix with zeros for now.
2025-04-15 01:20:59,271 - root - WARNING - Subject 24160 has regions with zero variance (indices: [ 79 119 158]). Marking for exclusion, but computing matrix with zeros for now.
2025-04-15 01:20:59,289 - root - WARNING - Subject 24161 has regions with zero variance (indices: [ 79 119 158]). Marking for exclusion, but computing matrix with zeros for now.
2025-04-15 01:20:59,308 - root - WARNING - Subject 24162 has regions with zero variance (indices: [ 79 119 158]). Marking for exclusion, but computing matrix with zeros for now.
2025-04-15 01:20:59,326 - root - WARNING - Subject 24163 has regions with zero variance (indices: [ 79 119 158]). Marking for exclusion, but computing matrix with zeros for now.
2025-04-15 01:20:59,344 - root - WARNING - Subject 24164 has regions with zero variance (indices: [ 79 119 158]). Marking for exclusion, but computing matrix with zeros for now.
2025-04-15 01:20:59,362 - root - WARNING - Subject 24165 has regions with zero variance (indices: [ 79 119 158]). Marking for exclusion, but computing matrix with zeros for now.
2025-04-15 01:20:59,381 - root - WARNING - Subject 24166 has regions with zero variance (indices: [ 79 119 158]). Marking for exclusion, but computing matrix with zeros for now.
2025-04-15 01:20:59,399 - root - WARNING - Subject 24167 has regions with zero variance (indices: [ 79 119 158]). Marking for exclusion, but computing matrix with zeros for now.
2025-04-15 01:20:59,417 - root - WARNING - Subject 24168 has regions with zero variance (indices: [ 79 119 158]). Marking for exclusion, but computing matrix with zeros for now.
2025-04-15 01:20:59,436 - root - WARNING - Subject 24169 has regions with zero variance (indices: [ 79 119 158]). Marking for exclusion, but computing matrix with zeros for now.
2025-04-15 01:20:59,454 - root - WARNING - Subject 24170 has regions with zero variance (indices: [ 79 119 158]). Marking for exclusion, but computing matrix with zeros for now.
2025-04-15 01:20:59,472 - root - WARNING - Subject 24171 has regions with zero variance (indices: [ 79 119 158]). Marking for exclusion, but computing matrix with zeros for now.
2025-04-15 01:20:59,490 - root - WARNING - Subject 24172 has regions with zero variance (indices: [ 79 119 158]). Marking for exclusion, but computing matrix with zeros for now.
2025-04-15 01:20:59,508 - root - WARNING - Subject 24173 has regions with zero variance (indices: [ 79 119 158]). Marking for exclusion, but computing matrix with zeros for now.
2025-04-15 01:20:59,527 - root - WARNING - Subject 24174 has regions with zero variance (indices: [ 79 119 158]). Marking for exclusion, but computing matrix with zeros for now.
2025-04-15 01:20:59,545 - root - WARNING - Subject 24175 has regions with zero variance (indices: [ 79 119 158]). Marking for exclusion, but computing matrix with zeros for now.
2025-04-15 01:20:59,563 - root - WARNING - Subject 24176 has regions with zero variance (indices: [ 79 119 158]). Marking for exclusion, but computing matrix with zeros for now.
2025-04-15 01:20:59,581 - root - WARNING - Subject 24177 has regions with zero variance (indices: [ 79 119 158]). Marking for exclusion, but computing matrix with zeros for now.
2025-04-15 01:20:59,599 - root - WARNING - Subject 24178 has regions with zero variance (indices: [ 79 119 158]). Marking for exclusion, but computing matrix with zeros for now.
2025-04-15 01:20:59,618 - root - WARNING - Subject 24179 has regions with zero variance (indices: [ 79 119 158]). Marking for exclusion, but computing matrix with zeros for now.
2025-04-15 01:20:59,636 - root - WARNING - Subject 24180 has regions with zero variance (indices: [ 79 119 158]). Marking for exclusion, but computing matrix with zeros for now.
2025-04-15 01:20:59,654 - root - WARNING - Subject 24181 has regions with zero variance (indices: [ 79 119 158]). Marking for exclusion, but computing matrix with zeros for now.
2025-04-15 01:20:59,672 - root - WARNING - Subject 24182 has regions with zero variance (indices: [ 79 119 158]). Marking for exclusion, but computing matrix with zeros for now.
2025-04-15 01:20:59,690 - root - WARNING - Subject 24183 has regions with zero variance (indices: [ 79 119 158]). Marking for exclusion, but computing matrix with zeros for now.
2025-04-15 01:20:59,709 - root - WARNING - Subject 24184 has regions with zero variance (indices: [ 79 119 158]). Marking for exclusion, but computing matrix with zeros for now.
2025-04-15 01:20:59,727 - root - WARNING - Subject 24185 has regions with zero variance (indices: [ 79 119 158]). Marking for exclusion, but computing matrix with zeros for now.
2025-04-15 01:20:59,745 - root - WARNING - Subject 24186 has regions with zero variance (indices: [ 79 119 158]). Marking for exclusion, but computing matrix with zeros for now.
2025-04-15 01:20:59,763 - root - WARNING - Subject 24187 has regions with zero variance (indices: [ 79 119 158]). Marking for exclusion, but computing matrix with zeros for now.
2025-04-15 01:20:59,781 - root - WARNING - Subject 24188 has regions with zero variance (indices: [ 79 119 158]). Marking for exclusion, but computing matrix with zeros for now.
2025-04-15 01:20:59,800 - root - WARNING - Subject 24189 has regions with zero variance (indices: [ 79 119 158]). Marking for exclusion, but computing matrix with zeros for now.
2025-04-15 01:20:59,818 - root - WARNING - Subject 24190 has regions with zero variance (indices: [ 79 119 158]). Marking for exclusion, but computing matrix with zeros for now.
2025-04-15 01:20:59,837 - root - WARNING - Subject 24191 has regions with zero variance (indices: [ 79 119 158]). Marking for exclusion, but computing matrix with zeros for now.
2025-04-15 01:20:59,855 - root - WARNING - Subject 24192 has regions with zero variance (indices: [ 79 119 158]). Marking for exclusion, but computing matrix with zeros for now.
2025-04-15 01:20:59,873 - root - WARNING - Subject 24193 has regions with zero variance (indices: [ 79 119 158]). Marking for exclusion, but computing matrix with zeros for now.
2025-04-15 01:20:59,892 - root - WARNING - Subject 24194 has regions with zero variance (indices: [ 79 119 158]). Marking for exclusion, but computing matrix with zeros for now.
2025-04-15 01:20:59,910 - root - WARNING - Subject 24195 has regions with zero variance (indices: [ 79 119 158]). Marking for exclusion, but computing matrix with zeros for now.
2025-04-15 01:20:59,928 - root - WARNING - Subject 24196 has regions with zero variance (indices: [ 79 119 158]). Marking for exclusion, but computing matrix with zeros for now.
2025-04-15 01:20:59,946 - root - WARNING - Subject 24197 has regions with zero variance (indices: [ 79 119 158]). Marking for exclusion, but computing matrix with zeros for now.
2025-04-15 01:20:59,964 - root - WARNING - Subject 24198 has regions with zero variance (indices: [ 79 119 158]). Marking for exclusion, but computing matrix with zeros for now.
2025-04-15 01:20:59,982 - root - WARNING - Subject 24199 has regions with zero variance (indices: [ 79 119 158]). Marking for exclusion, but computing matrix with zeros for now.
2025-04-15 01:21:00,000 - root - WARNING - Subject 24200 has regions with zero variance (indices: [ 79 119 158]). Marking for exclusion, but computing matrix with zeros for now.
2025-04-15 01:21:00,018 - root - WARNING - Subject 24201 has regions with zero variance (indices: [ 79 119 158]). Marking for exclusion, but computing matrix with zeros for now.
2025-04-15 01:21:00,037 - root - WARNING - Subject 24202 has regions with zero variance (indices: [ 79 119 158]). Marking for exclusion, but computing matrix with zeros for now.
2025-04-15 01:21:00,055 - root - WARNING - Subject 24203 has regions with zero variance (indices: [ 79 119 158]). Marking for exclusion, but computing matrix with zeros for now.
2025-04-15 01:21:00,073 - root - WARNING - Subject 24204 has regions with zero variance (indices: [ 79 119 158]). Marking for exclusion, but computing matrix with zeros for now.
2025-04-15 01:21:00,091 - root - WARNING - Subject 24205 has regions with zero variance (indices: [ 79 119 158]). Marking for exclusion, but computing matrix with zeros for now.
2025-04-15 01:21:00,110 - root - WARNING - Subject 24206 has regions with zero variance (indices: [ 79 119 158]). Marking for exclusion, but computing matrix with zeros for now.
2025-04-15 01:21:00,128 - root - WARNING - Subject 24207 has regions with zero variance (indices: [ 79 119 158]). Marking for exclusion, but computing matrix with zeros for now.
2025-04-15 01:21:00,146 - root - WARNING - Subject 24208 has regions with zero variance (indices: [ 79 119 158]). Marking for exclusion, but computing matrix with zeros for now.
2025-04-15 01:21:00,164 - root - WARNING - Subject 24209 has regions with zero variance (indices: [ 79 119 158]). Marking for exclusion, but computing matrix with zeros for now.
2025-04-15 01:21:00,183 - root - WARNING - Subject 24210 has regions with zero variance (indices: [ 79 119 158]). Marking for exclusion, but computing matrix with zeros for now.
2025-04-15 01:21:00,201 - root - WARNING - Subject 24211 has regions with zero variance (indices: [ 79 119 158]). Marking for exclusion, but computing matrix with zeros for now.
2025-04-15 01:21:00,219 - root - WARNING - Subject 24212 has regions with zero variance (indices: [ 79 119 158]). Marking for exclusion, but computing matrix with zeros for now.
2025-04-15 01:21:00,237 - root - WARNING - Subject 24213 has regions with zero variance (indices: [ 79 119 158]). Marking for exclusion, but computing matrix with zeros for now.
2025-04-15 01:21:00,255 - root - WARNING - Subject 24214 has regions with zero variance (indices: [ 79 119 158]). Marking for exclusion, but computing matrix with zeros for now.
2025-04-15 01:21:00,274 - root - WARNING - Subject 24215 has regions with zero variance (indices: [ 79 119 158]). Marking for exclusion, but computing matrix with zeros for now.
2025-04-15 01:21:00,292 - root - WARNING - Subject 24216 has regions with zero variance (indices: [ 79 119 158]). Marking for exclusion, but computing matrix with zeros for now.
2025-04-15 01:21:00,310 - root - WARNING - Subject 24217 has regions with zero variance (indices: [ 79 119 158]). Marking for exclusion, but computing matrix with zeros for now.
2025-04-15 01:21:00,329 - root - WARNING - Subject 24218 has regions with zero variance (indices: [ 79 119 158]). Marking for exclusion, but computing matrix with zeros for now.
2025-04-15 01:21:00,347 - root - WARNING - Subject 24219 has regions with zero variance (indices: [ 79 119 158]). Marking for exclusion, but computing matrix with zeros for now.
2025-04-15 01:21:00,365 - root - WARNING - Subject 24220 has regions with zero variance (indices: [ 79 119 158]). Marking for exclusion, but computing matrix with zeros for now.
2025-04-15 01:21:00,383 - root - WARNING - Subject 24221 has regions with zero variance (indices: [ 79 119 158]). Marking for exclusion, but computing matrix with zeros for now.
2025-04-15 01:21:00,401 - root - WARNING - Subject 24222 has regions with zero variance (indices: [ 79 119 158]). Marking for exclusion, but computing matrix with zeros for now.
2025-04-15 01:21:00,420 - root - WARNING - Subject 24223 has regions with zero variance (indices: [ 79 119 158]). Marking for exclusion, but computing matrix with zeros for now.
2025-04-15 01:21:00,438 - root - WARNING - Subject 24224 has regions with zero variance (indices: [ 79 119 158]). Marking for exclusion, but computing matrix with zeros for now.
2025-04-15 01:21:00,456 - root - WARNING - Subject 24225 has regions with zero variance (indices: [ 79 119 158]). Marking for exclusion, but computing matrix with zeros for now.
2025-04-15 01:21:00,474 - root - WARNING - Subject 24226 has regions with zero variance (indices: [ 79 119 158]). Marking for exclusion, but computing matrix with zeros for now.
2025-04-15 01:21:00,493 - root - WARNING - Subject 24227 has regions with zero variance (indices: [ 79 119 158]). Marking for exclusion, but computing matrix with zeros for now.
2025-04-15 01:21:00,511 - root - WARNING - Subject 24228 has regions with zero variance (indices: [ 79 119 158]). Marking for exclusion, but computing matrix with zeros for now.
2025-04-15 01:21:00,529 - root - WARNING - Subject 24229 has regions with zero variance (indices: [ 79 119 158]). Marking for exclusion, but computing matrix with zeros for now.
2025-04-15 01:21:00,547 - root - WARNING - Subject 24230 has regions with zero variance (indices: [ 79 119 158]). Marking for exclusion, but computing matrix with zeros for now.
2025-04-15 01:21:00,566 - root - WARNING - Subject 24231 has regions with zero variance (indices: [ 79 119 158]). Marking for exclusion, but computing matrix with zeros for now.
2025-04-15 01:21:00,584 - root - WARNING - Subject 24232 has regions with zero variance (indices: [ 27  30  64  80 101 131 135 141 165 169]). Marking for exclusion, but computing matrix with zeros for now.
2025-04-15 01:21:00,600 - root - WARNING - Subject 24233 has regions with zero variance (indices: [ 27  30  64  80 101 131 135 141 165 169]). Marking for exclusion, but computing matrix with zeros for now.
2025-04-15 01:21:00,617 - root - WARNING - Subject 24234 has regions with zero variance (indices: [ 27  30  64  80 101 131 135 141 165 169]). Marking for exclusion, but computing matrix with zeros for now.
2025-04-15 01:21:00,635 - root - WARNING - Subject 24235 has regions with zero variance (indices: [ 27  30  64  80 101 131 135 141 165 169]). Marking for exclusion, but computing matrix with zeros for now.
2025-04-15 01:21:00,651 - root - WARNING - Subject 24236 has regions with zero variance (indices: [ 27  30  64  80 101 131 135 141 165 169]). Marking for exclusion, but computing matrix with zeros for now.
2025-04-15 01:21:00,668 - root - WARNING - Subject 24237 has regions with zero variance (indices: [ 27  30  64  80 101 131 135 141 165 169]). Marking for exclusion, but computing matrix with zeros for now.
2025-04-15 01:21:00,685 - root - WARNING - Subject 24238 has regions with zero variance (indices: [ 27  30  64  80 101 131 135 141 165 169]). Marking for exclusion, but computing matrix with zeros for now.
2025-04-15 01:21:00,702 - root - WARNING - Subject 24239 has regions with zero variance (indices: [ 27  30  64  80 101 131 135 141 165 169]). Marking for exclusion, but computing matrix with zeros for now.
2025-04-15 01:21:00,719 - root - WARNING - Subject 24240 has regions with zero variance (indices: [ 27  30  64  80 101 131 135 141 165 169]). Marking for exclusion, but computing matrix with zeros for now.
2025-04-15 01:21:00,736 - root - WARNING - Subject 24241 has regions with zero variance (indices: [ 27  30  64  80 101 131 135 141 165 169]). Marking for exclusion, but computing matrix with zeros for now.
2025-04-15 01:21:00,753 - root - WARNING - Subject 24242 has regions with zero variance (indices: [ 27  30  64  80 101 131 135 141 165 169]). Marking for exclusion, but computing matrix with zeros for now.
2025-04-15 01:21:00,770 - root - WARNING - Subject 24243 has regions with zero variance (indices: [ 27  30  64  80 101 131 135 141 165 169]). Marking for exclusion, but computing matrix with zeros for now.
2025-04-15 01:21:00,787 - root - WARNING - Subject 24244 has regions with zero variance (indices: [ 27  30  64  80 101 131 135 141 165 169]). Marking for exclusion, but computing matrix with zeros for now.
2025-04-15 01:21:00,804 - root - WARNING - Subject 24245 has regions with zero variance (indices: [ 27  30  64  80 101 131 135 141 165 169]). Marking for exclusion, but computing matrix with zeros for now.
2025-04-15 01:21:00,821 - root - WARNING - Subject 24246 has regions with zero variance (indices: [ 27  30  64  80 101 131 135 141 165 169]). Marking for exclusion, but computing matrix with zeros for now.
2025-04-15 01:21:00,838 - root - WARNING - Subject 24247 has regions with zero variance (indices: [ 27  30  64  80 101 131 135 141 165 169]). Marking for exclusion, but computing matrix with zeros for now.
2025-04-15 01:21:00,855 - root - WARNING - Subject 24248 has regions with zero variance (indices: [ 27  30  64  80 101 131 135 141 165 169]). Marking for exclusion, but computing matrix with zeros for now.
2025-04-15 01:21:00,872 - root - WARNING - Subject 24249 has regions with zero variance (indices: [ 27  30  64  80 101 131 135 141 165 169]). Marking for exclusion, but computing matrix with zeros for now.
2025-04-15 01:21:00,889 - root - WARNING - Subject 24250 has regions with zero variance (indices: [ 27  30  64  80 101 131 135 141 165 169]). Marking for exclusion, but computing matrix with zeros for now.
2025-04-15 01:21:00,906 - root - WARNING - Subject 24251 has regions with zero variance (indices: [ 27  30  64  80 101 131 135 141 165 169]). Marking for exclusion, but computing matrix with zeros for now.
2025-04-15 01:21:00,923 - root - WARNING - Subject 24252 has regions with zero variance (indices: [ 27  30  64  80 101 131 135 141 165 169]). Marking for exclusion, but computing matrix with zeros for now.
2025-04-15 01:21:00,940 - root - WARNING - Subject 24253 has regions with zero variance (indices: [ 27  30  64  80 101 131 135 141 165 169]). Marking for exclusion, but computing matrix with zeros for now.
2025-04-15 01:21:00,957 - root - WARNING - Subject 24254 has regions with zero variance (indices: [ 27  30  64  80 101 131 135 141 165 169]). Marking for exclusion, but computing matrix with zeros for now.
2025-04-15 01:21:00,974 - root - WARNING - Subject 24255 has regions with zero variance (indices: [ 27  30  64  80 101 131 135 141 165 169]). Marking for exclusion, but computing matrix with zeros for now.
2025-04-15 01:21:00,991 - root - WARNING - Subject 24256 has regions with zero variance (indices: [ 27  30  64  80 101 131 135 141 165 169]). Marking for exclusion, but computing matrix with zeros for now.
2025-04-15 01:21:01,008 - root - WARNING - Subject 24257 has regions with zero variance (indices: [ 27  30  64  80 101 131 135 141 165 169]). Marking for exclusion, but computing matrix with zeros for now.
2025-04-15 01:21:01,025 - root - WARNING - Subject 24258 has regions with zero variance (indices: [ 27  30  64  80 101 131 135 141 165 169]). Marking for exclusion, but computing matrix with zeros for now.
2025-04-15 01:21:01,042 - root - WARNING - Subject 24259 has regions with zero variance (indices: [ 27  30  64  80 101 131 135 141 165 169]). Marking for exclusion, but computing matrix with zeros for now.
2025-04-15 01:21:01,059 - root - WARNING - Subject 24260 has regions with zero variance (indices: [ 27  30  64  80 101 131 135 141 165 169]). Marking for exclusion, but computing matrix with zeros for now.
2025-04-15 01:21:01,076 - root - WARNING - Subject 24261 has regions with zero variance (indices: [ 27  30  64  80 101 131 135 141 165 169]). Marking for exclusion, but computing matrix with zeros for now.
2025-04-15 01:21:01,094 - root - WARNING - Subject 24262 has regions with zero variance (indices: [ 27  30  64  80 101 131 135 141 165 169]). Marking for exclusion, but computing matrix with zeros for now.
2025-04-15 01:21:01,111 - root - WARNING - Subject 24263 has regions with zero variance (indices: [ 27  30  64  80 101 131 135 141 165 169]). Marking for exclusion, but computing matrix with zeros for now.
2025-04-15 01:21:01,128 - root - WARNING - Subject 24264 has regions with zero variance (indices: [ 27  30  64  80 101 131 135 141 165 169]). Marking for exclusion, but computing matrix with zeros for now.
2025-04-15 01:21:01,144 - root - WARNING - Subject 24265 has regions with zero variance (indices: [ 27  30  64  80 101 131 135 141 165 169]). Marking for exclusion, but computing matrix with zeros for now.
2025-04-15 01:21:01,161 - root - WARNING - Subject 24266 has regions with zero variance (indices: [ 27  30  64  80 101 131 135 141 165 169]). Marking for exclusion, but computing matrix with zeros for now.
2025-04-15 01:21:01,178 - root - WARNING - Subject 24267 has regions with zero variance (indices: [ 27  30  64  80 101 131 135 141 165 169]). Marking for exclusion, but computing matrix with zeros for now.
2025-04-15 01:21:01,195 - root - WARNING - Subject 24268 has regions with zero variance (indices: [ 27  30  64  80 101 131 135 141 165 169]). Marking for exclusion, but computing matrix with zeros for now.
2025-04-15 01:21:01,212 - root - WARNING - Subject 24269 has regions with zero variance (indices: [ 27  30  64  80 101 131 135 141 165 169]). Marking for exclusion, but computing matrix with zeros for now.
2025-04-15 01:21:01,229 - root - WARNING - Subject 24270 has regions with zero variance (indices: [ 27  30  64  80 101 131 135 141 165 169]). Marking for exclusion, but computing matrix with zeros for now.
2025-04-15 01:21:01,246 - root - WARNING - Subject 24271 has regions with zero variance (indices: [ 27  30  64  80 101 131 135 141 165 169]). Marking for exclusion, but computing matrix with zeros for now.
2025-04-15 01:21:01,263 - root - WARNING - Subject 24272 has regions with zero variance (indices: [ 27  30  64  80 101 131 135 141 165 169]). Marking for exclusion, but computing matrix with zeros for now.
2025-04-15 01:21:01,279 - root - WARNING - Subject 24273 has regions with zero variance (indices: [ 27  30  64  80 101 131 135 141 165 169]). Marking for exclusion, but computing matrix with zeros for now.
2025-04-15 01:21:01,296 - root - WARNING - Subject 24274 has regions with zero variance (indices: [ 27  30  64  80 101 131 135 141 165 169]). Marking for exclusion, but computing matrix with zeros for now.
2025-04-15 01:21:01,313 - root - WARNING - Subject 24275 has regions with zero variance (indices: [ 27  30  64  80 101 131 135 141 165 169]). Marking for exclusion, but computing matrix with zeros for now.
2025-04-15 01:21:01,330 - root - WARNING - Subject 24276 has regions with zero variance (indices: [ 27  30  64  80 101 131 135 141 165 169]). Marking for exclusion, but computing matrix with zeros for now.
2025-04-15 01:21:01,347 - root - WARNING - Subject 24277 has regions with zero variance (indices: [ 27  30  64  80 101 131 135 141 165 169]). Marking for exclusion, but computing matrix with zeros for now.
2025-04-15 01:21:01,364 - root - WARNING - Subject 24278 has regions with zero variance (indices: [ 27  30  64  80 101 131 135 141 165 169]). Marking for exclusion, but computing matrix with zeros for now.
2025-04-15 01:21:01,380 - root - WARNING - Subject 24279 has regions with zero variance (indices: [ 27  30  64  80 101 131 135 141 165 169]). Marking for exclusion, but computing matrix with zeros for now.
2025-04-15 01:21:01,397 - root - WARNING - Subject 24280 has regions with zero variance (indices: [ 27  30  64  80 101 131 135 141 165 169]). Marking for exclusion, but computing matrix with zeros for now.
2025-04-15 01:21:01,414 - root - WARNING - Subject 24281 has regions with zero variance (indices: [ 27  30  64  80 101 131 135 141 165 169]). Marking for exclusion, but computing matrix with zeros for now.
2025-04-15 01:21:01,431 - root - WARNING - Subject 24282 has regions with zero variance (indices: [ 27  30  64  80 101 131 135 141 165 169]). Marking for exclusion, but computing matrix with zeros for now.
2025-04-15 01:21:01,448 - root - WARNING - Subject 24283 has regions with zero variance (indices: [ 27  30  64  80 101 131 135 141 165 169]). Marking for exclusion, but computing matrix with zeros for now.
2025-04-15 01:21:01,465 - root - WARNING - Subject 24284 has regions with zero variance (indices: [ 27  30  64  80 101 131 135 141 165 169]). Marking for exclusion, but computing matrix with zeros for now.
2025-04-15 01:21:01,482 - root - WARNING - Subject 24285 has regions with zero variance (indices: [ 27  30  64  80 101 131 135 141 165 169]). Marking for exclusion, but computing matrix with zeros for now.
2025-04-15 01:21:01,499 - root - WARNING - Subject 24286 has regions with zero variance (indices: [ 27  30  64  80 101 131 135 141 165 169]). Marking for exclusion, but computing matrix with zeros for now.
2025-04-15 01:21:01,515 - root - WARNING - Subject 24287 has regions with zero variance (indices: [ 27  30  64  80 101 131 135 141 165 169]). Marking for exclusion, but computing matrix with zeros for now.
2025-04-15 01:21:01,532 - root - WARNING - Subject 24288 has regions with zero variance (indices: [ 27  30  64  80 101 131 135 141 165 169]). Marking for exclusion, but computing matrix with zeros for now.
2025-04-15 01:21:01,549 - root - WARNING - Subject 24289 has regions with zero variance (indices: [ 27  30  64  80 101 131 135 141 165 169]). Marking for exclusion, but computing matrix with zeros for now.
2025-04-15 01:21:01,566 - root - WARNING - Subject 24290 has regions with zero variance (indices: [ 27  30  64  80 101 131 135 141 165 169]). Marking for exclusion, but computing matrix with zeros for now.
2025-04-15 01:21:01,583 - root - WARNING - Subject 24291 has regions with zero variance (indices: [ 27  30  64  80 101 131 135 141 165 169]). Marking for exclusion, but computing matrix with zeros for now.
2025-04-15 01:21:01,599 - root - WARNING - Subject 24292 has regions with zero variance (indices: [ 27  30  64  80 101 131 135 141 165 169]). Marking for exclusion, but computing matrix with zeros for now.
2025-04-15 01:21:01,617 - root - WARNING - Subject 24293 has regions with zero variance (indices: [ 27  30  64  80 101 131 135 141 165 169]). Marking for exclusion, but computing matrix with zeros for now.
2025-04-15 01:21:01,634 - root - WARNING - Subject 24294 has regions with zero variance (indices: [ 27  30  64  80 101 131 135 141 165 169]). Marking for exclusion, but computing matrix with zeros for now.
2025-04-15 01:21:01,651 - root - WARNING - Subject 24295 has regions with zero variance (indices: [ 27  30  64  80 101 131 135 141 165 169]). Marking for exclusion, but computing matrix with zeros for now.
2025-04-15 01:21:01,668 - root - WARNING - Subject 24296 has regions with zero variance (indices: [ 27  30  64  80 101 131 135 141 165 169]). Marking for exclusion, but computing matrix with zeros for now.
2025-04-15 01:21:01,685 - root - WARNING - Subject 24297 has regions with zero variance (indices: [ 27  30  64  80 101 131 135 141 165 169]). Marking for exclusion, but computing matrix with zeros for now.
2025-04-15 01:21:01,702 - root - WARNING - Subject 24298 has regions with zero variance (indices: [ 27  30  64  80 101 131 135 141 165 169]). Marking for exclusion, but computing matrix with zeros for now.
2025-04-15 01:21:01,719 - root - WARNING - Subject 24299 has regions with zero variance (indices: [ 27  30  64  80 101 131 135 141 165 169]). Marking for exclusion, but computing matrix with zeros for now.
2025-04-15 01:21:01,735 - root - WARNING - Subject 24300 has regions with zero variance (indices: [ 27  30  64  80 101 131 135 141 165 169]). Marking for exclusion, but computing matrix with zeros for now.
2025-04-15 01:21:01,752 - root - WARNING - Subject 24301 has regions with zero variance (indices: [ 27  30  64  80 101 131 135 141 165 169]). Marking for exclusion, but computing matrix with zeros for now.
2025-04-15 01:21:01,769 - root - WARNING - Subject 24302 has regions with zero variance (indices: [ 27  30  64  80 101 131 135 141 165 169]). Marking for exclusion, but computing matrix with zeros for now.
2025-04-15 01:21:01,786 - root - WARNING - Subject 24303 has regions with zero variance (indices: [ 27  30  64  80 101 131 135 141 165 169]). Marking for exclusion, but computing matrix with zeros for now.
2025-04-15 01:21:01,803 - root - WARNING - Subject 24304 has regions with zero variance (indices: [ 27  30  64  80 101 131 135 141 165 169]). Marking for exclusion, but computing matrix with zeros for now.
2025-04-15 01:21:01,819 - root - WARNING - Subject 24305 has regions with zero variance (indices: [ 27  30  64  80 101 131 135 141 165 169]). Marking for exclusion, but computing matrix with zeros for now.
2025-04-15 01:21:01,836 - root - WARNING - Subject 24306 has regions with zero variance (indices: [ 27  30  64  80 101 131 135 141 165 169]). Marking for exclusion, but computing matrix with zeros for now.
2025-04-15 01:21:01,853 - root - WARNING - Subject 24307 has regions with zero variance (indices: [ 27  30  64  80 101 131 135 141 165 169]). Marking for exclusion, but computing matrix with zeros for now.
2025-04-15 01:21:01,870 - root - WARNING - Subject 24308 has regions with zero variance (indices: [ 27  30  64  80 101 131 135 141 165 169]). Marking for exclusion, but computing matrix with zeros for now.
2025-04-15 01:21:01,887 - root - WARNING - Subject 24309 has regions with zero variance (indices: [ 27  30  64  80 101 131 135 141 165 169]). Marking for exclusion, but computing matrix with zeros for now.
2025-04-15 01:21:01,904 - root - WARNING - Subject 24310 has regions with zero variance (indices: [ 27  30  64  80 101 131 135 141 165 169]). Marking for exclusion, but computing matrix with zeros for now.
2025-04-15 01:21:01,921 - root - WARNING - Subject 24311 has regions with zero variance (indices: [ 27  30  64  80 101 131 135 141 165 169]). Marking for exclusion, but computing matrix with zeros for now.
2025-04-15 01:21:01,937 - root - WARNING - Subject 24312 has regions with zero variance (indices: [ 27  30  64  80 101 131 135 141 165 169]). Marking for exclusion, but computing matrix with zeros for now.
2025-04-15 01:21:01,954 - root - WARNING - Subject 24313 has regions with zero variance (indices: [ 27  30  64  80 101 131 135 141 165 169]). Marking for exclusion, but computing matrix with zeros for now.
2025-04-15 01:21:01,971 - root - WARNING - Subject 24314 has regions with zero variance (indices: [ 27  30  64  80 101 131 135 141 165 169]). Marking for exclusion, but computing matrix with zeros for now.
2025-04-15 01:21:01,988 - root - WARNING - Subject 24315 has regions with zero variance (indices: [ 27  30  64  80 101 131 135 141 165 169]). Marking for exclusion, but computing matrix with zeros for now.
2025-04-15 01:21:02,005 - root - WARNING - Subject 24316 has regions with zero variance (indices: [ 27  30  64  80 101 131 135 141 165 169]). Marking for exclusion, but computing matrix with zeros for now.
2025-04-15 01:21:02,022 - root - WARNING - Subject 24317 has regions with zero variance (indices: [ 27  30  64  80 101 131 135 141 165 169]). Marking for exclusion, but computing matrix with zeros for now.
2025-04-15 01:21:02,039 - root - WARNING - Subject 24318 has regions with zero variance (indices: [ 27  30  64  80 101 131 135 141 165 169]). Marking for exclusion, but computing matrix with zeros for now.
2025-04-15 01:21:02,056 - root - WARNING - Subject 24319 has regions with zero variance (indices: [ 27  30  64  80 101 131 135 141 165 169]). Marking for exclusion, but computing matrix with zeros for now.
2025-04-15 01:21:02,072 - root - WARNING - Subject 24320 has regions with zero variance (indices: [ 27  30  64  80 101 131 135 141 165 169]). Marking for exclusion, but computing matrix with zeros for now.
2025-04-15 01:21:02,089 - root - WARNING - Subject 24321 has regions with zero variance (indices: [ 27  30  64  80 101 131 135 141 165 169]). Marking for exclusion, but computing matrix with zeros for now.
2025-04-15 01:21:02,106 - root - WARNING - Subject 24322 has regions with zero variance (indices: [ 27  30  64  80 101 131 135 141 165 169]). Marking for exclusion, but computing matrix with zeros for now.
2025-04-15 01:21:02,123 - root - WARNING - Subject 24323 has regions with zero variance (indices: [ 27  30  64  80 101 131 135 141 165 169]). Marking for exclusion, but computing matrix with zeros for now.
2025-04-15 01:21:02,139 - root - WARNING - Subject 24324 has regions with zero variance (indices: [ 27  30  64  80 101 131 135 141 165 169]). Marking for exclusion, but computing matrix with zeros for now.
2025-04-15 01:21:02,156 - root - WARNING - Subject 24325 has regions with zero variance (indices: [ 27  30  64  80 101 131 135 141 165 169]). Marking for exclusion, but computing matrix with zeros for now.
2025-04-15 01:21:02,173 - root - WARNING - Subject 24326 has regions with zero variance (indices: [ 27  30  64  80 101 131 135 141 165 169]). Marking for exclusion, but computing matrix with zeros for now.
2025-04-15 01:21:02,191 - root - WARNING - Subject 24327 has regions with zero variance (indices: [ 27  30  64  80 101 131 135 141 165 169]). Marking for exclusion, but computing matrix with zeros for now.
2025-04-15 01:21:02,208 - root - WARNING - Subject 24328 has regions with zero variance (indices: [ 27  30  64  80 101 131 135 141 165 169]). Marking for exclusion, but computing matrix with zeros for now.
2025-04-15 01:21:02,225 - root - WARNING - Subject 24329 has regions with zero variance (indices: [ 27  30  64  80 101 131 135 141 165 169]). Marking for exclusion, but computing matrix with zeros for now.
2025-04-15 01:21:02,242 - root - WARNING - Subject 24330 has regions with zero variance (indices: [ 27  30  64  80 101 131 135 141 165 169]). Marking for exclusion, but computing matrix with zeros for now.
2025-04-15 01:21:02,259 - root - WARNING - Subject 24331 has regions with zero variance (indices: [ 27  30  64  80 101 131 135 141 165 169]). Marking for exclusion, but computing matrix with zeros for now.
2025-04-15 01:21:02,276 - root - WARNING - Subject 24332 has regions with zero variance (indices: [ 27  30  64  80 101 131 135 141 165 169]). Marking for exclusion, but computing matrix with zeros for now.
2025-04-15 01:21:02,293 - root - WARNING - Subject 24333 has regions with zero variance (indices: [ 27  30  64  80 101 131 135 141 165 169]). Marking for exclusion, but computing matrix with zeros for now.
2025-04-15 01:21:02,310 - root - WARNING - Subject 24334 has regions with zero variance (indices: [ 27  30  64  80 101 131 135 141 165 169]). Marking for exclusion, but computing matrix with zeros for now.
2025-04-15 01:21:02,327 - root - WARNING - Subject 24335 has regions with zero variance (indices: [ 27  30  64  80 101 131 135 141 165 169]). Marking for exclusion, but computing matrix with zeros for now.
2025-04-15 01:21:02,344 - root - WARNING - Subject 24336 has regions with zero variance (indices: [ 27  30  64  80 101 131 135 141 165 169]). Marking for exclusion, but computing matrix with zeros for now.
2025-04-15 01:21:02,361 - root - WARNING - Subject 24337 has regions with zero variance (indices: [ 27  30  64  80 101 131 135 141 165 169]). Marking for exclusion, but computing matrix with zeros for now.
2025-04-15 01:21:02,379 - root - WARNING - Subject 24338 has regions with zero variance (indices: [ 27  30  64  80 101 131 135 141 165 169]). Marking for exclusion, but computing matrix with zeros for now.
2025-04-15 01:21:02,396 - root - WARNING - Subject 24339 has regions with zero variance (indices: [ 27  30  64  80 101 131 135 141 165 169]). Marking for exclusion, but computing matrix with zeros for now.
2025-04-15 01:21:02,413 - root - WARNING - Subject 24340 has regions with zero variance (indices: [ 27  30  64  80 101 131 135 141 165 169]). Marking for exclusion, but computing matrix with zeros for now.
2025-04-15 01:21:02,430 - root - WARNING - Subject 24341 has regions with zero variance (indices: [ 27  30  64  80 101 131 135 141 165 169]). Marking for exclusion, but computing matrix with zeros for now.
2025-04-15 01:21:02,447 - root - WARNING - Subject 24342 has regions with zero variance (indices: [ 27  30  64  80 101 131 135 141 165 169]). Marking for exclusion, but computing matrix with zeros for now.
2025-04-15 01:21:02,464 - root - WARNING - Subject 24343 has regions with zero variance (indices: [ 27  30  64  80 101 131 135 141 165 169]). Marking for exclusion, but computing matrix with zeros for now.
2025-04-15 01:21:02,481 - root - WARNING - Subject 24344 has regions with zero variance (indices: [ 27  30  64  80 101 131 135 141 165 169]). Marking for exclusion, but computing matrix with zeros for now.
2025-04-15 01:21:02,498 - root - WARNING - Subject 24345 has regions with zero variance (indices: [ 27  30  64  80 101 131 135 141 165 169]). Marking for exclusion, but computing matrix with zeros for now.
2025-04-15 01:21:02,515 - root - WARNING - Subject 24346 has regions with zero variance (indices: [ 27  30  64  80 101 131 135 141 165 169]). Marking for exclusion, but computing matrix with zeros for now.
2025-04-15 01:21:02,533 - root - WARNING - Subject 24347 has regions with zero variance (indices: [ 27  30  64  80 101 131 135 141 165 169]). Marking for exclusion, but computing matrix with zeros for now.
2025-04-15 01:21:02,550 - root - WARNING - Subject 24348 has regions with zero variance (indices: [ 27  30  64  80 101 131 135 141 165 169]). Marking for exclusion, but computing matrix with zeros for now.
2025-04-15 01:21:02,566 - root - WARNING - Subject 24349 has regions with zero variance (indices: [ 27  30  64  80 101 131 135 141 165 169]). Marking for exclusion, but computing matrix with zeros for now.
2025-04-15 01:21:02,583 - root - WARNING - Subject 24350 has regions with zero variance (indices: [ 27  30  64  80 101 131 135 141 165 169]). Marking for exclusion, but computing matrix with zeros for now.
2025-04-15 01:21:02,601 - root - WARNING - Subject 24351 has regions with zero variance (indices: [ 27  30  64  80 101 131 135 141 165 169]). Marking for exclusion, but computing matrix with zeros for now.
2025-04-15 01:21:02,617 - root - WARNING - Subject 24352 has regions with zero variance (indices: [ 27  30  64  80 101 131 135 141 165 169]). Marking for exclusion, but computing matrix with zeros for now.
2025-04-15 01:21:02,635 - root - WARNING - Subject 24353 has regions with zero variance (indices: [ 27  30  64  80 101 131 135 141 165 169]). Marking for exclusion, but computing matrix with zeros for now.
2025-04-15 01:21:02,651 - root - WARNING - Subject 24354 has regions with zero variance (indices: [ 27  30  64  80 101 131 135 141 165 169]). Marking for exclusion, but computing matrix with zeros for now.
2025-04-15 01:21:02,668 - root - WARNING - Subject 24355 has regions with zero variance (indices: [ 27  30  64  80 101 131 135 141 165 169]). Marking for exclusion, but computing matrix with zeros for now.
2025-04-15 01:21:02,685 - root - WARNING - Subject 24356 has regions with zero variance (indices: [ 27  30  64  80 101 131 135 141 165 169]). Marking for exclusion, but computing matrix with zeros for now.
2025-04-15 01:21:02,702 - root - WARNING - Subject 24357 has regions with zero variance (indices: [ 27  30  64  80 101 131 135 141 165 169]). Marking for exclusion, but computing matrix with zeros for now.
2025-04-15 01:21:02,719 - root - WARNING - Subject 24358 has regions with zero variance (indices: [ 27  30  64  80 101 131 135 141 165 169]). Marking for exclusion, but computing matrix with zeros for now.
2025-04-15 01:21:02,736 - root - WARNING - Subject 24359 has regions with zero variance (indices: [ 27  30  64  80 101 131 135 141 165 169]). Marking for exclusion, but computing matrix with zeros for now.
2025-04-15 01:21:02,753 - root - WARNING - Subject 24360 has regions with zero variance (indices: [ 27  30  64  80 101 131 135 141 165 169]). Marking for exclusion, but computing matrix with zeros for now.
2025-04-15 01:21:02,770 - root - WARNING - Subject 24361 has regions with zero variance (indices: [ 27  30  64  80 101 131 135 141 165 169]). Marking for exclusion, but computing matrix with zeros for now.
2025-04-15 01:21:02,787 - root - WARNING - Subject 24362 has regions with zero variance (indices: [ 27  30  64  80 101 131 135 141 165 169]). Marking for exclusion, but computing matrix with zeros for now.
2025-04-15 01:21:02,804 - root - WARNING - Subject 24363 has regions with zero variance (indices: [ 27  30  64  80 101 131 135 141 165 169]). Marking for exclusion, but computing matrix with zeros for now.
2025-04-15 01:21:02,821 - root - WARNING - Subject 24364 has regions with zero variance (indices: [ 27  30  64  80 101 131 135 141 165 169]). Marking for exclusion, but computing matrix with zeros for now.
2025-04-15 01:21:02,838 - root - WARNING - Subject 24365 has regions with zero variance (indices: [ 27  30  64  80 101 131 135 141 165 169]). Marking for exclusion, but computing matrix with zeros for now.
2025-04-15 01:21:02,855 - root - WARNING - Subject 24366 has regions with zero variance (indices: [ 27  30  64  80 101 131 135 141 165 169]). Marking for exclusion, but computing matrix with zeros for now.
2025-04-15 01:21:02,872 - root - WARNING - Subject 24367 has regions with zero variance (indices: [ 27  30  64  80 101 131 135 141 165 169]). Marking for exclusion, but computing matrix with zeros for now.
2025-04-15 01:21:02,889 - root - WARNING - Subject 24368 has regions with zero variance (indices: [ 27  30  64  80 101 131 135 141 165 169]). Marking for exclusion, but computing matrix with zeros for now.
2025-04-15 01:21:02,906 - root - WARNING - Subject 24369 has regions with zero variance (indices: [ 27  30  64  80 101 131 135 141 165 169]). Marking for exclusion, but computing matrix with zeros for now.
2025-04-15 01:21:02,922 - root - WARNING - Subject 24370 has regions with zero variance (indices: [ 27  30  64  80 101 131 135 141 165 169]). Marking for exclusion, but computing matrix with zeros for now.
2025-04-15 01:21:02,940 - root - WARNING - Subject 24371 has regions with zero variance (indices: [ 27  30  64  80 101 131 135 141 165 169]). Marking for exclusion, but computing matrix with zeros for now.
2025-04-15 01:21:02,957 - root - WARNING - Subject 24372 has regions with zero variance (indices: [ 27  30  64  80 101 131 135 141 165 169]). Marking for exclusion, but computing matrix with zeros for now.
2025-04-15 01:21:02,974 - root - WARNING - Subject 24373 has regions with zero variance (indices: [ 27  30  64  80 101 131 135 141 165 169]). Marking for exclusion, but computing matrix with zeros for now.
2025-04-15 01:21:02,991 - root - WARNING - Subject 24374 has regions with zero variance (indices: [ 27  30  64  80 101 131 135 141 165 169]). Marking for exclusion, but computing matrix with zeros for now.
2025-04-15 01:21:03,008 - root - WARNING - Subject 24375 has regions with zero variance (indices: [ 27  30  64  80 101 131 135 141 165 169]). Marking for exclusion, but computing matrix with zeros for now.
2025-04-15 01:21:03,025 - root - WARNING - Subject 24376 has regions with zero variance (indices: [ 27  30  64  80 101 131 135 141 165 169]). Marking for exclusion, but computing matrix with zeros for now.
2025-04-15 01:21:03,042 - root - WARNING - Subject 24377 has regions with zero variance (indices: [ 27  30  64  80 101 131 135 141 165 169]). Marking for exclusion, but computing matrix with zeros for now.
2025-04-15 01:21:03,059 - root - WARNING - Subject 24378 has regions with zero variance (indices: [ 27  30  64  80 101 131 135 141 165 169]). Marking for exclusion, but computing matrix with zeros for now.
2025-04-15 01:21:03,076 - root - WARNING - Subject 24379 has regions with zero variance (indices: [ 27  30  64  80 101 131 135 141 165 169]). Marking for exclusion, but computing matrix with zeros for now.
2025-04-15 01:21:03,093 - root - WARNING - Subject 24380 has regions with zero variance (indices: [ 27  30  64  80 101 131 135 141 165 169]). Marking for exclusion, but computing matrix with zeros for now.
2025-04-15 01:21:03,110 - root - WARNING - Subject 24381 has regions with zero variance (indices: [ 27  30  64  80 101 131 135 141 165 169]). Marking for exclusion, but computing matrix with zeros for now.
2025-04-15 01:21:03,127 - root - WARNING - Subject 24382 has regions with zero variance (indices: [ 27  30  64  80 101 131 135 141 165 169]). Marking for exclusion, but computing matrix with zeros for now.
2025-04-15 01:21:03,144 - root - WARNING - Subject 24383 has regions with zero variance (indices: [ 27  30  64  80 101 131 135 141 165 169]). Marking for exclusion, but computing matrix with zeros for now.
2025-04-15 01:21:03,161 - root - WARNING - Subject 24384 has regions with zero variance (indices: [ 27  30  64  80 101 131 135 141 165 169]). Marking for exclusion, but computing matrix with zeros for now.
2025-04-15 01:21:03,178 - root - WARNING - Subject 24385 has regions with zero variance (indices: [ 27  30  64  80 101 131 135 141 165 169]). Marking for exclusion, but computing matrix with zeros for now.
2025-04-15 01:21:03,195 - root - WARNING - Subject 24386 has regions with zero variance (indices: [ 27  30  64  80 101 131 135 141 165 169]). Marking for exclusion, but computing matrix with zeros for now.
2025-04-15 01:21:03,212 - root - WARNING - Subject 24387 has regions with zero variance (indices: [ 27  30  64  80 101 131 135 141 165 169]). Marking for exclusion, but computing matrix with zeros for now.
2025-04-15 01:21:03,229 - root - WARNING - Subject 24388 has regions with zero variance (indices: [ 27  30  64  80 101 131 135 141 165 169]). Marking for exclusion, but computing matrix with zeros for now.
2025-04-15 01:21:03,246 - root - WARNING - Subject 24389 has regions with zero variance (indices: [ 27  30  64  80 101 131 135 141 165 169]). Marking for exclusion, but computing matrix with zeros for now.
2025-04-15 01:21:03,263 - root - WARNING - Subject 24390 has regions with zero variance (indices: [ 27  30  64  80 101 131 135 141 165 169]). Marking for exclusion, but computing matrix with zeros for now.
2025-04-15 01:21:03,281 - root - WARNING - Subject 24391 has regions with zero variance (indices: [ 27  30  64  80 101 131 135 141 165 169]). Marking for exclusion, but computing matrix with zeros for now.
2025-04-15 01:21:03,298 - root - WARNING - Subject 24392 has regions with zero variance (indices: [ 27  30  64  80 101 131 135 141 165 169]). Marking for exclusion, but computing matrix with zeros for now.
2025-04-15 01:21:03,314 - root - WARNING - Subject 24393 has regions with zero variance (indices: [ 27  30  64  80 101 131 135 141 165 169]). Marking for exclusion, but computing matrix with zeros for now.
2025-04-15 01:21:03,332 - root - WARNING - Subject 24394 has regions with zero variance (indices: [ 27  30  64  80 101 131 135 141 165 169]). Marking for exclusion, but computing matrix with zeros for now.
2025-04-15 01:21:03,349 - root - WARNING - Subject 24395 has regions with zero variance (indices: [ 27  30  64  80 101 131 135 141 165 169]). Marking for exclusion, but computing matrix with zeros for now.
2025-04-15 01:21:03,365 - root - WARNING - Subject 24396 has regions with zero variance (indices: [ 27  30  64  80 101 131 135 141 165 169]). Marking for exclusion, but computing matrix with zeros for now.
2025-04-15 01:21:03,382 - root - WARNING - Subject 24397 has regions with zero variance (indices: [ 27  30  64  80 101 131 135 141 165 169]). Marking for exclusion, but computing matrix with zeros for now.
2025-04-15 01:21:03,399 - root - WARNING - Subject 24398 has regions with zero variance (indices: [ 27  30  64  80 101 131 135 141 165 169]). Marking for exclusion, but computing matrix with zeros for now.
2025-04-15 01:21:03,417 - root - WARNING - Subject 24399 has regions with zero variance (indices: [ 27  30  64  80 101 131 135 141 165 169]). Marking for exclusion, but computing matrix with zeros for now.
2025-04-15 01:21:03,433 - root - WARNING - Subject 24400 has regions with zero variance (indices: [ 27  30  64  80 101 131 135 141 165 169]). Marking for exclusion, but computing matrix with zeros for now.
2025-04-15 01:21:03,451 - root - WARNING - Subject 24401 has regions with zero variance (indices: [ 27  30  64  80 101 131 135 141 165 169]). Marking for exclusion, but computing matrix with zeros for now.
2025-04-15 01:21:03,468 - root - WARNING - Subject 24402 has regions with zero variance (indices: [ 27  30  64  80 101 131 135 141 165 169]). Marking for exclusion, but computing matrix with zeros for now.
2025-04-15 01:21:03,485 - root - WARNING - Subject 24403 has regions with zero variance (indices: [ 27  30  64  80 101 131 135 141 165 169]). Marking for exclusion, but computing matrix with zeros for now.
2025-04-15 01:21:03,502 - root - WARNING - Subject 24404 has regions with zero variance (indices: [ 27  30  64  80 101 131 135 141 165 169]). Marking for exclusion, but computing matrix with zeros for now.
2025-04-15 01:21:03,519 - root - WARNING - Subject 24405 has regions with zero variance (indices: [ 27  30  64  80 101 131 135 141 165 169]). Marking for exclusion, but computing matrix with zeros for now.
2025-04-15 01:21:03,536 - root - WARNING - Subject 24406 has regions with zero variance (indices: [ 27  30  64  80 101 131 135 141 165 169]). Marking for exclusion, but computing matrix with zeros for now.
2025-04-15 01:21:03,553 - root - WARNING - Subject 24407 has regions with zero variance (indices: [ 27  30  64  80 101 131 135 141 165 169]). Marking for exclusion, but computing matrix with zeros for now.
2025-04-15 01:21:03,570 - root - WARNING - Subject 24408 has regions with zero variance (indices: [ 27  30  64  80 101 131 135 141 165 169]). Marking for exclusion, but computing matrix with zeros for now.
2025-04-15 01:21:03,587 - root - WARNING - Subject 24409 has regions with zero variance (indices: [ 27  30  64  80 101 131 135 141 165 169]). Marking for exclusion, but computing matrix with zeros for now.
2025-04-15 01:21:03,605 - root - WARNING - Subject 24410 has regions with zero variance (indices: [ 27  30  64  80 101 131 135 141 165 169]). Marking for exclusion, but computing matrix with zeros for now.
2025-04-15 01:21:03,621 - root - WARNING - Subject 24411 has regions with zero variance (indices: [ 27  30  64  80 101 131 135 141 165 169]). Marking for exclusion, but computing matrix with zeros for now.
2025-04-15 01:21:03,638 - root - WARNING - Subject 24412 has regions with zero variance (indices: [ 27  30  64  80 101 131 135 141 165 169]). Marking for exclusion, but computing matrix with zeros for now.
2025-04-15 01:21:03,655 - root - WARNING - Subject 24413 has regions with zero variance (indices: [ 27  30  64  80 101 131 135 141 165 169]). Marking for exclusion, but computing matrix with zeros for now.
2025-04-15 01:21:03,672 - root - WARNING - Subject 24414 has regions with zero variance (indices: [ 27  30  64  80 101 131 135 141 165 169]). Marking for exclusion, but computing matrix with zeros for now.
2025-04-15 01:21:03,690 - root - WARNING - Subject 24415 has regions with zero variance (indices: [ 27  30  64  80 101 131 135 141 165 169]). Marking for exclusion, but computing matrix with zeros for now.
2025-04-15 01:21:03,707 - root - WARNING - Subject 24416 has regions with zero variance (indices: [ 27  30  64  80 101 131 135 141 165 169]). Marking for exclusion, but computing matrix with zeros for now.
2025-04-15 01:21:03,724 - root - WARNING - Subject 24417 has regions with zero variance (indices: [ 27  30  64  80 101 131 135 141 165 169]). Marking for exclusion, but computing matrix with zeros for now.
2025-04-15 01:21:03,741 - root - WARNING - Subject 24418 has regions with zero variance (indices: [ 27  30  64  80 101 131 135 141 165 169]). Marking for exclusion, but computing matrix with zeros for now.
2025-04-15 01:21:03,758 - root - WARNING - Subject 24419 has regions with zero variance (indices: [ 27  30  64  80 101 131 135 141 165 169]). Marking for exclusion, but computing matrix with zeros for now.
2025-04-15 01:21:03,775 - root - WARNING - Subject 24420 has regions with zero variance (indices: [ 27  30  64  80 101 131 135 141 165 169]). Marking for exclusion, but computing matrix with zeros for now.
2025-04-15 01:21:03,792 - root - WARNING - Subject 24421 has regions with zero variance (indices: [ 27  30  64  80 101 131 135 141 165 169]). Marking for exclusion, but computing matrix with zeros for now.
2025-04-15 01:21:03,809 - root - WARNING - Subject 24422 has regions with zero variance (indices: [ 27  30  64  80 101 131 135 141 165 169]). Marking for exclusion, but computing matrix with zeros for now.
2025-04-15 01:21:03,826 - root - WARNING - Subject 24423 has regions with zero variance (indices: [ 27  30  64  80 101 131 135 141 165 169]). Marking for exclusion, but computing matrix with zeros for now.
2025-04-15 01:21:03,842 - root - WARNING - Subject 24424 has regions with zero variance (indices: [ 27  30  64  80 101 131 135 141 165 169]). Marking for exclusion, but computing matrix with zeros for now.
2025-04-15 01:21:03,860 - root - WARNING - Subject 24425 has regions with zero variance (indices: [ 27  30  64  80 101 131 135 141 165 169]). Marking for exclusion, but computing matrix with zeros for now.
2025-04-15 01:21:03,877 - root - WARNING - Subject 24426 has regions with zero variance (indices: [ 27  30  64  80 101 131 135 141 165 169]). Marking for exclusion, but computing matrix with zeros for now.
2025-04-15 01:21:03,894 - root - WARNING - Subject 24427 has regions with zero variance (indices: [ 27  30  64  80 101 131 135 141 165 169]). Marking for exclusion, but computing matrix with zeros for now.
2025-04-15 01:21:03,911 - root - WARNING - Subject 24428 has regions with zero variance (indices: [ 27  30  64  80 101 131 135 141 165 169]). Marking for exclusion, but computing matrix with zeros for now.
2025-04-15 01:21:03,928 - root - WARNING - Subject 24429 has regions with zero variance (indices: [ 27  30  64  80 101 131 135 141 165 169]). Marking for exclusion, but computing matrix with zeros for now.
2025-04-15 01:21:03,945 - root - WARNING - Subject 24430 has regions with zero variance (indices: [ 27  30  64  80 101 131 135 141 165 169]). Marking for exclusion, but computing matrix with zeros for now.
2025-04-15 01:21:03,962 - root - WARNING - Subject 24431 has regions with zero variance (indices: [ 27  30  64  80 101 131 135 141 165 169]). Marking for exclusion, but computing matrix with zeros for now.
2025-04-15 01:21:03,979 - root - WARNING - Subject 24432 has regions with zero variance (indices: [ 27  30  64  80 101 131 135 141 165 169]). Marking for exclusion, but computing matrix with zeros for now.
2025-04-15 01:21:03,995 - root - WARNING - Subject 24433 has regions with zero variance (indices: [ 27  30  64  80 101 131 135 141 165 169]). Marking for exclusion, but computing matrix with zeros for now.
2025-04-15 01:21:04,013 - root - WARNING - Subject 24434 has regions with zero variance (indices: [ 27  30  64  80 101 131 135 141 165 169]). Marking for exclusion, but computing matrix with zeros for now.
2025-04-15 01:21:04,030 - root - WARNING - Subject 24435 has regions with zero variance (indices: [ 27  30  64  80 101 131 135 141 165 169]). Marking for exclusion, but computing matrix with zeros for now.
2025-04-15 01:21:04,047 - root - WARNING - Subject 24436 has regions with zero variance (indices: [ 27  30  64  80 101 131 135 141 165 169]). Marking for exclusion, but computing matrix with zeros for now.
2025-04-15 01:21:04,064 - root - WARNING - Subject 24437 has regions with zero variance (indices: [ 27  30  64  80 101 131 135 141 165 169]). Marking for exclusion, but computing matrix with zeros for now.
2025-04-15 01:21:04,081 - root - WARNING - Subject 24438 has regions with zero variance (indices: [ 27  30  64  80 101 131 135 141 165 169]). Marking for exclusion, but computing matrix with zeros for now.
2025-04-15 01:21:04,098 - root - WARNING - Subject 24439 has regions with zero variance (indices: [ 27  30  64  80 101 131 135 141 165 169]). Marking for exclusion, but computing matrix with zeros for now.
2025-04-15 01:21:04,115 - root - WARNING - Subject 24440 has regions with zero variance (indices: [ 27  30  64  80 101 131 135 141 165 169]). Marking for exclusion, but computing matrix with zeros for now.
2025-04-15 01:21:04,132 - root - WARNING - Subject 24441 has regions with zero variance (indices: [ 27  30  64  80 101 131 135 141 165 169]). Marking for exclusion, but computing matrix with zeros for now.
2025-04-15 01:21:04,149 - root - WARNING - Subject 24442 has regions with zero variance (indices: [ 27  30  64  80 101 131 135 141 165 169]). Marking for exclusion, but computing matrix with zeros for now.
2025-04-15 01:21:04,166 - root - WARNING - Subject 24443 has regions with zero variance (indices: [ 27  30  64  80 101 131 135 141 165 169]). Marking for exclusion, but computing matrix with zeros for now.
2025-04-15 01:21:04,183 - root - WARNING - Subject 24444 has regions with zero variance (indices: [ 27  30  64  80 101 131 135 141 165 169]). Marking for exclusion, but computing matrix with zeros for now.
2025-04-15 01:21:04,200 - root - WARNING - Subject 24445 has regions with zero variance (indices: [ 27  30  64  80 101 131 135 141 165 169]). Marking for exclusion, but computing matrix with zeros for now.
2025-04-15 01:21:04,218 - root - WARNING - Subject 24446 has regions with zero variance (indices: [ 27  30  64  80 101 131 135 141 165 169]). Marking for exclusion, but computing matrix with zeros for now.
2025-04-15 01:21:04,235 - root - WARNING - Subject 24447 has regions with zero variance (indices: [ 27  30  64  80 101 131 135 141 165 169]). Marking for exclusion, but computing matrix with zeros for now.
2025-04-15 01:21:04,252 - root - WARNING - Subject 24448 has regions with zero variance (indices: [ 27  30  64  80 101 131 135 141 165 169]). Marking for exclusion, but computing matrix with zeros for now.
2025-04-15 01:21:04,269 - root - WARNING - Subject 24449 has regions with zero variance (indices: [ 27  30  64  80 101 131 135 141 165 169]). Marking for exclusion, but computing matrix with zeros for now.
2025-04-15 01:21:04,287 - root - WARNING - Subject 24450 has regions with zero variance (indices: [ 27  30  64  80 101 131 135 141 165 169]). Marking for exclusion, but computing matrix with zeros for now.
2025-04-15 01:21:04,304 - root - WARNING - Subject 24451 has regions with zero variance (indices: [ 27  30  64  80 101 131 135 141 165 169]). Marking for exclusion, but computing matrix with zeros for now.
2025-04-15 01:21:04,321 - root - WARNING - Subject 24452 has regions with zero variance (indices: [ 27  30  64  80 101 131 135 141 165 169]). Marking for exclusion, but computing matrix with zeros for now.
2025-04-15 01:21:04,339 - root - WARNING - Subject 24453 has regions with zero variance (indices: [ 27  30  64  80 101 131 135 141 165 169]). Marking for exclusion, but computing matrix with zeros for now.
2025-04-15 01:21:04,356 - root - WARNING - Subject 24454 has regions with zero variance (indices: [ 27  30  64  80 101 131 135 141 165 169]). Marking for exclusion, but computing matrix with zeros for now.
2025-04-15 01:21:04,373 - root - WARNING - Subject 24455 has regions with zero variance (indices: [ 27  30  64  80 101 131 135 141 165 169]). Marking for exclusion, but computing matrix with zeros for now.
2025-04-15 01:21:04,391 - root - WARNING - Subject 24456 has regions with zero variance (indices: [ 27  30  64  80 101 131 135 141 165 169]). Marking for exclusion, but computing matrix with zeros for now.
2025-04-15 01:21:04,408 - root - WARNING - Subject 24457 has regions with zero variance (indices: [ 27  30  64  80 101 131 135 141 165 169]). Marking for exclusion, but computing matrix with zeros for now.
2025-04-15 01:21:04,425 - root - WARNING - Subject 24458 has regions with zero variance (indices: [ 27  30  64  80 101 131 135 141 165 169]). Marking for exclusion, but computing matrix with zeros for now.
2025-04-15 01:21:04,443 - root - WARNING - Subject 24459 has regions with zero variance (indices: [ 27  30  64  80 101 131 135 141 165 169]). Marking for exclusion, but computing matrix with zeros for now.
2025-04-15 01:21:04,459 - root - WARNING - Subject 24460 has regions with zero variance (indices: [ 27  30  64  80 101 131 135 141 165 169]). Marking for exclusion, but computing matrix with zeros for now.
2025-04-15 01:21:04,477 - root - WARNING - Subject 24461 has regions with zero variance (indices: [ 27  30  64  80 101 131 135 141 165 169]). Marking for exclusion, but computing matrix with zeros for now.
2025-04-15 01:21:04,494 - root - WARNING - Subject 24462 has regions with zero variance (indices: [ 27  30  64  80 101 131 135 141 165 169]). Marking for exclusion, but computing matrix with zeros for now.
2025-04-15 01:21:04,511 - root - WARNING - Subject 24463 has regions with zero variance (indices: [ 27  30  64  80 101 131 135 141 165 169]). Marking for exclusion, but computing matrix with zeros for now.
2025-04-15 01:21:04,528 - root - WARNING - Subject 24464 has regions with zero variance (indices: [ 27  30  64  80 101 131 135 141 165 169]). Marking for exclusion, but computing matrix with zeros for now.
2025-04-15 01:21:04,545 - root - WARNING - Subject 24465 has regions with zero variance (indices: [ 27  30  64  80 101 131 135 141 165 169]). Marking for exclusion, but computing matrix with zeros for now.
2025-04-15 01:21:04,563 - root - WARNING - Subject 24466 has regions with zero variance (indices: [ 27  30  64  80 101 131 135 141 165 169]). Marking for exclusion, but computing matrix with zeros for now.
2025-04-15 01:21:04,580 - root - WARNING - Subject 24467 has regions with zero variance (indices: [ 27  30  64  80 101 131 135 141 165 169]). Marking for exclusion, but computing matrix with zeros for now.
2025-04-15 01:21:04,598 - root - WARNING - Subject 24468 has regions with zero variance (indices: [ 27  30  64  80 101 131 135 141 165 169]). Marking for exclusion, but computing matrix with zeros for now.
2025-04-15 01:21:04,615 - root - WARNING - Subject 24469 has regions with zero variance (indices: [ 27  30  64  80 101 131 135 141 165 169]). Marking for exclusion, but computing matrix with zeros for now.
2025-04-15 01:21:04,633 - root - WARNING - Subject 24470 has regions with zero variance (indices: [ 27  30  64  80 101 131 135 141 165 169]). Marking for exclusion, but computing matrix with zeros for now.
2025-04-15 01:21:04,650 - root - WARNING - Subject 24471 has regions with zero variance (indices: [ 27  30  64  80 101 131 135 141 165 169]). Marking for exclusion, but computing matrix with zeros for now.
2025-04-15 01:21:04,667 - root - WARNING - Subject 24472 has regions with zero variance (indices: [ 27  30  64  80 101 131 135 141 165 169]). Marking for exclusion, but computing matrix with zeros for now.
2025-04-15 01:21:04,684 - root - WARNING - Subject 24473 has regions with zero variance (indices: [ 27  30  64  80 101 131 135 141 165 169]). Marking for exclusion, but computing matrix with zeros for now.
2025-04-15 01:21:04,701 - root - WARNING - Subject 24474 has regions with zero variance (indices: [ 27  30  64  80 101 131 135 141 165 169]). Marking for exclusion, but computing matrix with zeros for now.
2025-04-15 01:21:04,719 - root - WARNING - Subject 24475 has regions with zero variance (indices: [ 27  30  64  80 101 131 135 141 165 169]). Marking for exclusion, but computing matrix with zeros for now.
2025-04-15 01:21:04,736 - root - WARNING - Subject 24476 has regions with zero variance (indices: [ 27  30  64  80 101 131 135 141 165 169]). Marking for exclusion, but computing matrix with zeros for now.
2025-04-15 01:21:04,753 - root - WARNING - Subject 24477 has regions with zero variance (indices: [ 27  30  64  80 101 131 135 141 165 169]). Marking for exclusion, but computing matrix with zeros for now.
2025-04-15 01:21:04,771 - root - WARNING - Subject 24478 has regions with zero variance (indices: [ 27  30  64  80 101 131 135 141 165 169]). Marking for exclusion, but computing matrix with zeros for now.
2025-04-15 01:21:04,788 - root - WARNING - Subject 24479 has regions with zero variance (indices: [ 27  30  64  80 101 131 135 141 165 169]). Marking for exclusion, but computing matrix with zeros for now.
2025-04-15 01:21:04,805 - root - WARNING - Subject 24480 has regions with zero variance (indices: [ 27  30  64  80 101 131 135 141 165 169]). Marking for exclusion, but computing matrix with zeros for now.
2025-04-15 01:21:04,823 - root - WARNING - Subject 24481 has regions with zero variance (indices: [ 27  30  64  80 101 131 135 141 165 169]). Marking for exclusion, but computing matrix with zeros for now.
2025-04-15 01:21:04,840 - root - WARNING - Subject 24482 has regions with zero variance (indices: [ 27  30  64  80 101 131 135 141 165 169]). Marking for exclusion, but computing matrix with zeros for now.
2025-04-15 01:21:04,857 - root - WARNING - Subject 24483 has regions with zero variance (indices: [ 27  30  64  80 101 131 135 141 165 169]). Marking for exclusion, but computing matrix with zeros for now.
2025-04-15 01:21:04,874 - root - WARNING - Subject 24484 has regions with zero variance (indices: [ 27  30  64  80 101 131 135 141 165 169]). Marking for exclusion, but computing matrix with zeros for now.
2025-04-15 01:21:04,891 - root - WARNING - Subject 24485 has regions with zero variance (indices: [ 27  30  64  80 101 131 135 141 165 169]). Marking for exclusion, but computing matrix with zeros for now.
2025-04-15 01:21:04,909 - root - WARNING - Subject 24486 has regions with zero variance (indices: [ 27  30  64  80 101 131 135 141 165 169]). Marking for exclusion, but computing matrix with zeros for now.
2025-04-15 01:21:04,926 - root - WARNING - Subject 24487 has regions with zero variance (indices: [ 27  30  64  80 101 131 135 141 165 169]). Marking for exclusion, but computing matrix with zeros for now.
2025-04-15 01:21:04,943 - root - WARNING - Subject 24488 has regions with zero variance (indices: [ 27  30  64  80 101 131 135 141 165 169]). Marking for exclusion, but computing matrix with zeros for now.
2025-04-15 01:21:04,961 - root - WARNING - Subject 24489 has regions with zero variance (indices: [ 27  30  64  80 101 131 135 141 165 169]). Marking for exclusion, but computing matrix with zeros for now.
2025-04-15 01:21:04,978 - root - WARNING - Subject 24490 has regions with zero variance (indices: [ 27  30  64  80 101 131 135 141 165 169]). Marking for exclusion, but computing matrix with zeros for now.
2025-04-15 01:21:04,996 - root - WARNING - Subject 24491 has regions with zero variance (indices: [ 27  30  64  80 101 131 135 141 165 169]). Marking for exclusion, but computing matrix with zeros for now.
2025-04-15 01:21:05,013 - root - WARNING - Subject 24492 has regions with zero variance (indices: [ 27  30  64  80 101 131 135 141 165 169]). Marking for exclusion, but computing matrix with zeros for now.
2025-04-15 01:21:05,030 - root - WARNING - Subject 24493 has regions with zero variance (indices: [ 27  30  64  80 101 131 135 141 165 169]). Marking for exclusion, but computing matrix with zeros for now.
2025-04-15 01:21:05,047 - root - WARNING - Subject 24494 has regions with zero variance (indices: [ 27  30  64  80 101 131 135 141 165 169]). Marking for exclusion, but computing matrix with zeros for now.
2025-04-15 01:21:05,065 - root - WARNING - Subject 24495 has regions with zero variance (indices: [ 27  30  64  80 101 131 135 141 165 169]). Marking for exclusion, but computing matrix with zeros for now.
2025-04-15 01:21:05,082 - root - WARNING - Subject 24496 has regions with zero variance (indices: [ 27  30  64  80 101 131 135 141 165 169]). Marking for exclusion, but computing matrix with zeros for now.
2025-04-15 01:21:05,099 - root - WARNING - Subject 24497 has regions with zero variance (indices: [ 27  30  64  80 101 131 135 141 165 169]). Marking for exclusion, but computing matrix with zeros for now.
2025-04-15 01:21:05,439 - root - WARNING - Subject 25030 has regions with zero variance (indices: [ 31 197]). Marking for exclusion, but computing matrix with zeros for now.
2025-04-15 01:21:05,458 - root - WARNING - Subject 25031 has regions with zero variance (indices: [ 31 197]). Marking for exclusion, but computing matrix with zeros for now.
2025-04-15 01:21:05,477 - root - WARNING - Subject 25032 has regions with zero variance (indices: [ 31 197]). Marking for exclusion, but computing matrix with zeros for now.
2025-04-15 01:21:05,495 - root - WARNING - Subject 25033 has regions with zero variance (indices: [ 31 197]). Marking for exclusion, but computing matrix with zeros for now.
2025-04-15 01:21:05,514 - root - WARNING - Subject 25034 has regions with zero variance (indices: [ 31 197]). Marking for exclusion, but computing matrix with zeros for now.
2025-04-15 01:21:05,533 - root - WARNING - Subject 25035 has regions with zero variance (indices: [ 31 197]). Marking for exclusion, but computing matrix with zeros for now.
2025-04-15 01:21:05,551 - root - WARNING - Subject 25036 has regions with zero variance (indices: [ 31 197]). Marking for exclusion, but computing matrix with zeros for now.
2025-04-15 01:21:05,570 - root - WARNING - Subject 25037 has regions with zero variance (indices: [ 31 197]). Marking for exclusion, but computing matrix with zeros for now.
2025-04-15 01:21:05,588 - root - WARNING - Subject 25038 has regions with zero variance (indices: [ 31 197]). Marking for exclusion, but computing matrix with zeros for now.
2025-04-15 01:21:05,607 - root - WARNING - Subject 25039 has regions with zero variance (indices: [ 31 197]). Marking for exclusion, but computing matrix with zeros for now.
2025-04-15 01:21:05,626 - root - WARNING - Subject 25040 has regions with zero variance (indices: [ 31 197]). Marking for exclusion, but computing matrix with zeros for now.
2025-04-15 01:21:05,644 - root - WARNING - Subject 25041 has regions with zero variance (indices: [ 31 197]). Marking for exclusion, but computing matrix with zeros for now.
2025-04-15 01:21:05,663 - root - WARNING - Subject 25042 has regions with zero variance (indices: [ 31 197]). Marking for exclusion, but computing matrix with zeros for now.
2025-04-15 01:21:05,681 - root - WARNING - Subject 25043 has regions with zero variance (indices: [ 31 197]). Marking for exclusion, but computing matrix with zeros for now.
2025-04-15 01:21:05,699 - root - WARNING - Subject 25044 has regions with zero variance (indices: [ 31 197]). Marking for exclusion, but computing matrix with zeros for now.
2025-04-15 01:21:05,718 - root - WARNING - Subject 25045 has regions with zero variance (indices: [ 31 197]). Marking for exclusion, but computing matrix with zeros for now.
2025-04-15 01:21:05,737 - root - WARNING - Subject 25046 has regions with zero variance (indices: [ 31 197]). Marking for exclusion, but computing matrix with zeros for now.
2025-04-15 01:21:05,755 - root - WARNING - Subject 25047 has regions with zero variance (indices: [ 31 197]). Marking for exclusion, but computing matrix with zeros for now.
2025-04-15 01:21:05,774 - root - WARNING - Subject 25048 has regions with zero variance (indices: [ 31 197]). Marking for exclusion, but computing matrix with zeros for now.
2025-04-15 01:21:05,792 - root - WARNING - Subject 25049 has regions with zero variance (indices: [ 31 197]). Marking for exclusion, but computing matrix with zeros for now.
2025-04-15 01:21:05,811 - root - WARNING - Subject 25050 has regions with zero variance (indices: [ 31 197]). Marking for exclusion, but computing matrix with zeros for now.
2025-04-15 01:21:05,829 - root - WARNING - Subject 25051 has regions with zero variance (indices: [ 31 197]). Marking for exclusion, but computing matrix with zeros for now.
2025-04-15 01:21:05,848 - root - WARNING - Subject 25052 has regions with zero variance (indices: [ 31 197]). Marking for exclusion, but computing matrix with zeros for now.
2025-04-15 01:21:05,866 - root - WARNING - Subject 25053 has regions with zero variance (indices: [ 31 197]). Marking for exclusion, but computing matrix with zeros for now.
2025-04-15 01:21:05,885 - root - WARNING - Subject 25054 has regions with zero variance (indices: [ 31 197]). Marking for exclusion, but computing matrix with zeros for now.
2025-04-15 01:21:05,904 - root - WARNING - Subject 25055 has regions with zero variance (indices: [ 31 197]). Marking for exclusion, but computing matrix with zeros for now.
2025-04-15 01:21:05,922 - root - WARNING - Subject 25056 has regions with zero variance (indices: [ 31 197]). Marking for exclusion, but computing matrix with zeros for now.
2025-04-15 01:21:05,941 - root - WARNING - Subject 25057 has regions with zero variance (indices: [ 31 197]). Marking for exclusion, but computing matrix with zeros for now.
2025-04-15 01:21:05,959 - root - WARNING - Subject 25058 has regions with zero variance (indices: [ 31 197]). Marking for exclusion, but computing matrix with zeros for now.
2025-04-15 01:21:05,978 - root - WARNING - Subject 25059 has regions with zero variance (indices: [ 31 197]). Marking for exclusion, but computing matrix with zeros for now.
2025-04-15 01:21:05,996 - root - WARNING - Subject 25060 has regions with zero variance (indices: [ 31 197]). Marking for exclusion, but computing matrix with zeros for now.
2025-04-15 01:21:06,015 - root - WARNING - Subject 25061 has regions with zero variance (indices: [ 31 197]). Marking for exclusion, but computing matrix with zeros for now.
2025-04-15 01:21:06,033 - root - WARNING - Subject 25062 has regions with zero variance (indices: [ 31 197]). Marking for exclusion, but computing matrix with zeros for now.
2025-04-15 01:21:06,052 - root - WARNING - Subject 25063 has regions with zero variance (indices: [ 31 197]). Marking for exclusion, but computing matrix with zeros for now.
2025-04-15 01:21:06,071 - root - WARNING - Subject 25064 has regions with zero variance (indices: [ 31 197]). Marking for exclusion, but computing matrix with zeros for now.
2025-04-15 01:21:06,089 - root - WARNING - Subject 25065 has regions with zero variance (indices: [ 31 197]). Marking for exclusion, but computing matrix with zeros for now.
2025-04-15 01:21:06,108 - root - WARNING - Subject 25066 has regions with zero variance (indices: [ 31 197]). Marking for exclusion, but computing matrix with zeros for now.
2025-04-15 01:21:06,126 - root - WARNING - Subject 25067 has regions with zero variance (indices: [ 31 197]). Marking for exclusion, but computing matrix with zeros for now.
2025-04-15 01:21:06,145 - root - WARNING - Subject 25068 has regions with zero variance (indices: [ 31 197]). Marking for exclusion, but computing matrix with zeros for now.
2025-04-15 01:21:06,163 - root - WARNING - Subject 25069 has regions with zero variance (indices: [ 31 197]). Marking for exclusion, but computing matrix with zeros for now.
2025-04-15 01:21:06,182 - root - WARNING - Subject 25070 has regions with zero variance (indices: [ 31 197]). Marking for exclusion, but computing matrix with zeros for now.
2025-04-15 01:21:06,200 - root - WARNING - Subject 25071 has regions with zero variance (indices: [ 31 197]). Marking for exclusion, but computing matrix with zeros for now.
2025-04-15 01:21:06,219 - root - WARNING - Subject 25072 has regions with zero variance (indices: [ 31 197]). Marking for exclusion, but computing matrix with zeros for now.
2025-04-15 01:21:06,238 - root - WARNING - Subject 25073 has regions with zero variance (indices: [ 31 197]). Marking for exclusion, but computing matrix with zeros for now.
2025-04-15 01:21:06,256 - root - WARNING - Subject 25074 has regions with zero variance (indices: [ 31 197]). Marking for exclusion, but computing matrix with zeros for now.
2025-04-15 01:21:06,275 - root - WARNING - Subject 25075 has regions with zero variance (indices: [ 31 197]). Marking for exclusion, but computing matrix with zeros for now.
2025-04-15 01:21:06,293 - root - WARNING - Subject 25076 has regions with zero variance (indices: [ 31 197]). Marking for exclusion, but computing matrix with zeros for now.
2025-04-15 01:21:06,312 - root - WARNING - Subject 25077 has regions with zero variance (indices: [ 31 197]). Marking for exclusion, but computing matrix with zeros for now.
2025-04-15 01:21:06,331 - root - WARNING - Subject 25078 has regions with zero variance (indices: [ 31 197]). Marking for exclusion, but computing matrix with zeros for now.
2025-04-15 01:21:06,349 - root - WARNING - Subject 25079 has regions with zero variance (indices: [ 31 197]). Marking for exclusion, but computing matrix with zeros for now.
2025-04-15 01:21:06,368 - root - WARNING - Subject 25080 has regions with zero variance (indices: [ 31 197]). Marking for exclusion, but computing matrix with zeros for now.
2025-04-15 01:21:06,387 - root - WARNING - Subject 25081 has regions with zero variance (indices: [ 31 197]). Marking for exclusion, but computing matrix with zeros for now.
2025-04-15 01:21:06,405 - root - WARNING - Subject 25082 has regions with zero variance (indices: [ 31 197]). Marking for exclusion, but computing matrix with zeros for now.
2025-04-15 01:21:06,423 - root - WARNING - Subject 25083 has regions with zero variance (indices: [ 31 197]). Marking for exclusion, but computing matrix with zeros for now.
2025-04-15 01:21:06,442 - root - WARNING - Subject 25084 has regions with zero variance (indices: [ 31 197]). Marking for exclusion, but computing matrix with zeros for now.
2025-04-15 01:21:06,460 - root - WARNING - Subject 25085 has regions with zero variance (indices: [ 31 197]). Marking for exclusion, but computing matrix with zeros for now.
2025-04-15 01:21:06,479 - root - WARNING - Subject 25086 has regions with zero variance (indices: [ 31 197]). Marking for exclusion, but computing matrix with zeros for now.
2025-04-15 01:21:06,497 - root - WARNING - Subject 25087 has regions with zero variance (indices: [ 31 197]). Marking for exclusion, but computing matrix with zeros for now.
2025-04-15 01:21:06,516 - root - WARNING - Subject 25088 has regions with zero variance (indices: [ 31 197]). Marking for exclusion, but computing matrix with zeros for now.
2025-04-15 01:21:06,535 - root - WARNING - Subject 25089 has regions with zero variance (indices: [ 31 197]). Marking for exclusion, but computing matrix with zeros for now.
2025-04-15 01:21:06,554 - root - WARNING - Subject 25090 has regions with zero variance (indices: [ 31 197]). Marking for exclusion, but computing matrix with zeros for now.
2025-04-15 01:21:06,572 - root - WARNING - Subject 25091 has regions with zero variance (indices: [ 31 197]). Marking for exclusion, but computing matrix with zeros for now.
2025-04-15 01:21:06,591 - root - WARNING - Subject 25092 has regions with zero variance (indices: [ 31 197]). Marking for exclusion, but computing matrix with zeros for now.
2025-04-15 01:21:06,610 - root - WARNING - Subject 25093 has regions with zero variance (indices: [ 31 197]). Marking for exclusion, but computing matrix with zeros for now.
2025-04-15 01:21:06,628 - root - WARNING - Subject 25094 has regions with zero variance (indices: [ 31 197]). Marking for exclusion, but computing matrix with zeros for now.
2025-04-15 01:21:06,647 - root - WARNING - Subject 25095 has regions with zero variance (indices: [ 31 197]). Marking for exclusion, but computing matrix with zeros for now.
2025-04-15 01:21:06,665 - root - WARNING - Subject 25096 has regions with zero variance (indices: [ 31 197]). Marking for exclusion, but computing matrix with zeros for now.
2025-04-15 01:21:06,684 - root - WARNING - Subject 25097 has regions with zero variance (indices: [ 31 197]). Marking for exclusion, but computing matrix with zeros for now.
2025-04-15 01:21:06,703 - root - WARNING - Subject 25098 has regions with zero variance (indices: [ 31 197]). Marking for exclusion, but computing matrix with zeros for now.
2025-04-15 01:21:06,721 - root - WARNING - Subject 25099 has regions with zero variance (indices: [ 31 197]). Marking for exclusion, but computing matrix with zeros for now.
2025-04-15 01:21:06,740 - root - WARNING - Subject 25100 has regions with zero variance (indices: [ 31 197]). Marking for exclusion, but computing matrix with zeros for now.
2025-04-15 01:21:06,759 - root - WARNING - Subject 25101 has regions with zero variance (indices: [ 31 197]). Marking for exclusion, but computing matrix with zeros for now.
2025-04-15 01:21:06,777 - root - WARNING - Subject 25102 has regions with zero variance (indices: [ 31 197]). Marking for exclusion, but computing matrix with zeros for now.
2025-04-15 01:21:06,796 - root - WARNING - Subject 25103 has regions with zero variance (indices: [ 31 197]). Marking for exclusion, but computing matrix with zeros for now.
2025-04-15 01:21:06,814 - root - WARNING - Subject 25104 has regions with zero variance (indices: [ 31 197]). Marking for exclusion, but computing matrix with zeros for now.
2025-04-15 01:21:06,833 - root - WARNING - Subject 25105 has regions with zero variance (indices: [ 31 197]). Marking for exclusion, but computing matrix with zeros for now.
2025-04-15 01:21:06,851 - root - WARNING - Subject 25106 has regions with zero variance (indices: [ 31 197]). Marking for exclusion, but computing matrix with zeros for now.
2025-04-15 01:21:06,870 - root - WARNING - Subject 25107 has regions with zero variance (indices: [ 31 197]). Marking for exclusion, but computing matrix with zeros for now.
2025-04-15 01:21:06,888 - root - WARNING - Subject 25108 has regions with zero variance (indices: [ 31 197]). Marking for exclusion, but computing matrix with zeros for now.
2025-04-15 01:21:06,907 - root - WARNING - Subject 25109 has regions with zero variance (indices: [ 31 197]). Marking for exclusion, but computing matrix with zeros for now.
2025-04-15 01:21:06,925 - root - WARNING - Subject 25110 has regions with zero variance (indices: [ 31 197]). Marking for exclusion, but computing matrix with zeros for now.
2025-04-15 01:21:06,944 - root - WARNING - Subject 25111 has regions with zero variance (indices: [ 31 197]). Marking for exclusion, but computing matrix with zeros for now.
2025-04-15 01:21:06,962 - root - WARNING - Subject 25112 has regions with zero variance (indices: [ 31 197]). Marking for exclusion, but computing matrix with zeros for now.
2025-04-15 01:21:06,981 - root - WARNING - Subject 25113 has regions with zero variance (indices: [ 31 197]). Marking for exclusion, but computing matrix with zeros for now.
2025-04-15 01:21:07,000 - root - WARNING - Subject 25114 has regions with zero variance (indices: [ 31 197]). Marking for exclusion, but computing matrix with zeros for now.
2025-04-15 01:21:07,018 - root - WARNING - Subject 25115 has regions with zero variance (indices: [ 31 197]). Marking for exclusion, but computing matrix with zeros for now.
2025-04-15 01:21:07,037 - root - WARNING - Subject 25116 has regions with zero variance (indices: [ 31 197]). Marking for exclusion, but computing matrix with zeros for now.
2025-04-15 01:21:07,055 - root - WARNING - Subject 25117 has regions with zero variance (indices: [ 31 197]). Marking for exclusion, but computing matrix with zeros for now.
2025-04-15 01:21:07,073 - root - WARNING - Subject 25118 has regions with zero variance (indices: [ 31 197]). Marking for exclusion, but computing matrix with zeros for now.
2025-04-15 01:21:07,092 - root - WARNING - Subject 25119 has regions with zero variance (indices: [ 31 197]). Marking for exclusion, but computing matrix with zeros for now.
2025-04-15 01:21:07,111 - root - WARNING - Subject 25120 has regions with zero variance (indices: [ 31 197]). Marking for exclusion, but computing matrix with zeros for now.
2025-04-15 01:21:07,130 - root - WARNING - Subject 25121 has regions with zero variance (indices: [ 31 197]). Marking for exclusion, but computing matrix with zeros for now.
2025-04-15 01:21:07,149 - root - WARNING - Subject 25122 has regions with zero variance (indices: [ 31 197]). Marking for exclusion, but computing matrix with zeros for now.
2025-04-15 01:21:07,167 - root - WARNING - Subject 25123 has regions with zero variance (indices: [ 31 197]). Marking for exclusion, but computing matrix with zeros for now.
2025-04-15 01:21:07,186 - root - WARNING - Subject 25124 has regions with zero variance (indices: [ 31 197]). Marking for exclusion, but computing matrix with zeros for now.
2025-04-15 01:21:07,204 - root - WARNING - Subject 25125 has regions with zero variance (indices: [ 31 197]). Marking for exclusion, but computing matrix with zeros for now.
2025-04-15 01:21:07,223 - root - WARNING - Subject 25126 has regions with zero variance (indices: [ 31 197]). Marking for exclusion, but computing matrix with zeros for now.
2025-04-15 01:21:07,241 - root - WARNING - Subject 25127 has regions with zero variance (indices: [ 31 197]). Marking for exclusion, but computing matrix with zeros for now.
2025-04-15 01:21:07,259 - root - WARNING - Subject 25128 has regions with zero variance (indices: [ 31 197]). Marking for exclusion, but computing matrix with zeros for now.
2025-04-15 01:21:07,278 - root - WARNING - Subject 25129 has regions with zero variance (indices: [ 31 197]). Marking for exclusion, but computing matrix with zeros for now.
2025-04-15 01:21:07,296 - root - WARNING - Subject 25130 has regions with zero variance (indices: [ 31 197]). Marking for exclusion, but computing matrix with zeros for now.
2025-04-15 01:21:07,315 - root - WARNING - Subject 25131 has regions with zero variance (indices: [ 31 197]). Marking for exclusion, but computing matrix with zeros for now.
2025-04-15 01:21:07,334 - root - WARNING - Subject 25132 has regions with zero variance (indices: [ 31 197]). Marking for exclusion, but computing matrix with zeros for now.
2025-04-15 01:21:07,352 - root - WARNING - Subject 25133 has regions with zero variance (indices: [ 31 197]). Marking for exclusion, but computing matrix with zeros for now.
2025-04-15 01:21:07,371 - root - WARNING - Subject 25134 has regions with zero variance (indices: [ 31 197]). Marking for exclusion, but computing matrix with zeros for now.
2025-04-15 01:21:07,390 - root - WARNING - Subject 25135 has regions with zero variance (indices: [ 31 197]). Marking for exclusion, but computing matrix with zeros for now.
2025-04-15 01:21:07,408 - root - WARNING - Subject 25136 has regions with zero variance (indices: [ 31 197]). Marking for exclusion, but computing matrix with zeros for now.
2025-04-15 01:21:07,427 - root - WARNING - Subject 25137 has regions with zero variance (indices: [ 31 197]). Marking for exclusion, but computing matrix with zeros for now.
2025-04-15 01:21:07,446 - root - WARNING - Subject 25138 has regions with zero variance (indices: [ 31 197]). Marking for exclusion, but computing matrix with zeros for now.
2025-04-15 01:21:07,464 - root - WARNING - Subject 25139 has regions with zero variance (indices: [ 31 197]). Marking for exclusion, but computing matrix with zeros for now.
2025-04-15 01:21:07,483 - root - WARNING - Subject 25140 has regions with zero variance (indices: [ 31 197]). Marking for exclusion, but computing matrix with zeros for now.
2025-04-15 01:21:07,501 - root - WARNING - Subject 25141 has regions with zero variance (indices: [ 31 197]). Marking for exclusion, but computing matrix with zeros for now.
2025-04-15 01:21:07,520 - root - WARNING - Subject 25142 has regions with zero variance (indices: [ 31 197]). Marking for exclusion, but computing matrix with zeros for now.
2025-04-15 01:21:07,538 - root - WARNING - Subject 25143 has regions with zero variance (indices: [ 31 197]). Marking for exclusion, but computing matrix with zeros for now.
2025-04-15 01:21:07,557 - root - WARNING - Subject 25144 has regions with zero variance (indices: [ 31 197]). Marking for exclusion, but computing matrix with zeros for now.
2025-04-15 01:21:07,576 - root - WARNING - Subject 25145 has regions with zero variance (indices: [ 31 197]). Marking for exclusion, but computing matrix with zeros for now.
2025-04-15 01:21:07,594 - root - WARNING - Subject 25146 has regions with zero variance (indices: [ 31 197]). Marking for exclusion, but computing matrix with zeros for now.
2025-04-15 01:21:07,613 - root - WARNING - Subject 25147 has regions with zero variance (indices: [ 31 197]). Marking for exclusion, but computing matrix with zeros for now.
2025-04-15 01:21:07,632 - root - WARNING - Subject 25148 has regions with zero variance (indices: [ 31 197]). Marking for exclusion, but computing matrix with zeros for now.
2025-04-15 01:21:07,650 - root - WARNING - Subject 25149 has regions with zero variance (indices: [ 31 197]). Marking for exclusion, but computing matrix with zeros for now.
2025-04-15 01:21:07,669 - root - WARNING - Subject 25150 has regions with zero variance (indices: [ 31 197]). Marking for exclusion, but computing matrix with zeros for now.
2025-04-15 01:21:07,687 - root - WARNING - Subject 25151 has regions with zero variance (indices: [ 31 197]). Marking for exclusion, but computing matrix with zeros for now.
2025-04-15 01:21:07,706 - root - WARNING - Subject 25152 has regions with zero variance (indices: [ 31 197]). Marking for exclusion, but computing matrix with zeros for now.
2025-04-15 01:21:07,725 - root - WARNING - Subject 25153 has regions with zero variance (indices: [ 31 197]). Marking for exclusion, but computing matrix with zeros for now.
2025-04-15 01:21:07,744 - root - WARNING - Subject 25154 has regions with zero variance (indices: [ 31 197]). Marking for exclusion, but computing matrix with zeros for now.
2025-04-15 01:21:07,762 - root - WARNING - Subject 25155 has regions with zero variance (indices: [ 31 197]). Marking for exclusion, but computing matrix with zeros for now.
2025-04-15 01:21:07,780 - root - WARNING - Subject 25156 has regions with zero variance (indices: [ 31 197]). Marking for exclusion, but computing matrix with zeros for now.
2025-04-15 01:21:07,799 - root - WARNING - Subject 25157 has regions with zero variance (indices: [ 31 197]). Marking for exclusion, but computing matrix with zeros for now.
2025-04-15 01:21:07,817 - root - WARNING - Subject 25158 has regions with zero variance (indices: [ 31 197]). Marking for exclusion, but computing matrix with zeros for now.
2025-04-15 01:21:07,836 - root - WARNING - Subject 25159 has regions with zero variance (indices: [ 31 197]). Marking for exclusion, but computing matrix with zeros for now.
2025-04-15 01:21:07,854 - root - WARNING - Subject 25160 has regions with zero variance (indices: [ 31 197]). Marking for exclusion, but computing matrix with zeros for now.
2025-04-15 01:21:07,873 - root - WARNING - Subject 25161 has regions with zero variance (indices: [ 31 197]). Marking for exclusion, but computing matrix with zeros for now.
2025-04-15 01:21:07,892 - root - WARNING - Subject 25162 has regions with zero variance (indices: [ 31 197]). Marking for exclusion, but computing matrix with zeros for now.
2025-04-15 01:21:07,910 - root - WARNING - Subject 25163 has regions with zero variance (indices: [ 31 197]). Marking for exclusion, but computing matrix with zeros for now.
2025-04-15 01:21:07,929 - root - WARNING - Subject 25164 has regions with zero variance (indices: [ 31 197]). Marking for exclusion, but computing matrix with zeros for now.
2025-04-15 01:21:07,948 - root - WARNING - Subject 25165 has regions with zero variance (indices: [ 31 197]). Marking for exclusion, but computing matrix with zeros for now.
2025-04-15 01:21:07,967 - root - WARNING - Subject 25166 has regions with zero variance (indices: [ 31 197]). Marking for exclusion, but computing matrix with zeros for now.
2025-04-15 01:21:07,985 - root - WARNING - Subject 25167 has regions with zero variance (indices: [ 31 197]). Marking for exclusion, but computing matrix with zeros for now.
2025-04-15 01:21:08,004 - root - WARNING - Subject 25168 has regions with zero variance (indices: [ 31 197]). Marking for exclusion, but computing matrix with zeros for now.
2025-04-15 01:21:08,022 - root - WARNING - Subject 25169 has regions with zero variance (indices: [ 31 197]). Marking for exclusion, but computing matrix with zeros for now.
2025-04-15 01:21:08,041 - root - WARNING - Subject 25170 has regions with zero variance (indices: [ 31 197]). Marking for exclusion, but computing matrix with zeros for now.
2025-04-15 01:21:08,060 - root - WARNING - Subject 25171 has regions with zero variance (indices: [ 31 197]). Marking for exclusion, but computing matrix with zeros for now.
2025-04-15 01:21:08,078 - root - WARNING - Subject 25172 has regions with zero variance (indices: [ 31 197]). Marking for exclusion, but computing matrix with zeros for now.
2025-04-15 01:21:08,097 - root - WARNING - Subject 25173 has regions with zero variance (indices: [ 31 197]). Marking for exclusion, but computing matrix with zeros for now.
2025-04-15 01:21:08,116 - root - WARNING - Subject 25174 has regions with zero variance (indices: [ 31 197]). Marking for exclusion, but computing matrix with zeros for now.
2025-04-15 01:21:08,134 - root - WARNING - Subject 25175 has regions with zero variance (indices: [ 31 197]). Marking for exclusion, but computing matrix with zeros for now.
2025-04-15 01:21:08,153 - root - WARNING - Subject 25176 has regions with zero variance (indices: [ 31 197]). Marking for exclusion, but computing matrix with zeros for now.
2025-04-15 01:21:08,172 - root - WARNING - Subject 25177 has regions with zero variance (indices: [ 31 197]). Marking for exclusion, but computing matrix with zeros for now.
2025-04-15 01:21:08,191 - root - WARNING - Subject 25178 has regions with zero variance (indices: [ 31 197]). Marking for exclusion, but computing matrix with zeros for now.
2025-04-15 01:21:08,209 - root - WARNING - Subject 25179 has regions with zero variance (indices: [ 31 197]). Marking for exclusion, but computing matrix with zeros for now.
2025-04-15 01:21:08,228 - root - WARNING - Subject 25180 has regions with zero variance (indices: [ 31 197]). Marking for exclusion, but computing matrix with zeros for now.
2025-04-15 01:21:08,247 - root - WARNING - Subject 25181 has regions with zero variance (indices: [ 31 197]). Marking for exclusion, but computing matrix with zeros for now.
2025-04-15 01:21:08,266 - root - WARNING - Subject 25182 has regions with zero variance (indices: [ 31 197]). Marking for exclusion, but computing matrix with zeros for now.
2025-04-15 01:21:08,285 - root - WARNING - Subject 25183 has regions with zero variance (indices: [ 31 197]). Marking for exclusion, but computing matrix with zeros for now.
2025-04-15 01:21:08,303 - root - WARNING - Subject 25184 has regions with zero variance (indices: [ 31 197]). Marking for exclusion, but computing matrix with zeros for now.
2025-04-15 01:21:08,322 - root - WARNING - Subject 25185 has regions with zero variance (indices: [ 31 197]). Marking for exclusion, but computing matrix with zeros for now.
2025-04-15 01:21:08,341 - root - WARNING - Subject 25186 has regions with zero variance (indices: [ 31 197]). Marking for exclusion, but computing matrix with zeros for now.
2025-04-15 01:21:08,360 - root - WARNING - Subject 25187 has regions with zero variance (indices: [ 31 197]). Marking for exclusion, but computing matrix with zeros for now.
2025-04-15 01:21:08,379 - root - WARNING - Subject 25188 has regions with zero variance (indices: [ 31 197]). Marking for exclusion, but computing matrix with zeros for now.
2025-04-15 01:21:08,398 - root - WARNING - Subject 25189 has regions with zero variance (indices: [ 31 197]). Marking for exclusion, but computing matrix with zeros for now.
2025-04-15 01:21:08,416 - root - WARNING - Subject 25190 has regions with zero variance (indices: [ 31 197]). Marking for exclusion, but computing matrix with zeros for now.
2025-04-15 01:21:08,435 - root - WARNING - Subject 25191 has regions with zero variance (indices: [ 31 197]). Marking for exclusion, but computing matrix with zeros for now.
2025-04-15 01:21:08,454 - root - WARNING - Subject 25192 has regions with zero variance (indices: [ 31 197]). Marking for exclusion, but computing matrix with zeros for now.
2025-04-15 01:21:08,472 - root - WARNING - Subject 25193 has regions with zero variance (indices: [ 31 197]). Marking for exclusion, but computing matrix with zeros for now.
2025-04-15 01:21:08,491 - root - WARNING - Subject 25194 has regions with zero variance (indices: [ 31 197]). Marking for exclusion, but computing matrix with zeros for now.
2025-04-15 01:21:08,510 - root - WARNING - Subject 25195 has regions with zero variance (indices: [ 31 197]). Marking for exclusion, but computing matrix with zeros for now.
2025-04-15 01:21:08,529 - root - WARNING - Subject 25196 has regions with zero variance (indices: [ 31 197]). Marking for exclusion, but computing matrix with zeros for now.
2025-04-15 01:21:08,548 - root - WARNING - Subject 25197 has regions with zero variance (indices: [ 31 197]). Marking for exclusion, but computing matrix with zeros for now.
2025-04-15 01:21:08,566 - root - WARNING - Subject 25198 has regions with zero variance (indices: [ 31 197]). Marking for exclusion, but computing matrix with zeros for now.
2025-04-15 01:21:08,585 - root - WARNING - Subject 25199 has regions with zero variance (indices: [ 31 197]). Marking for exclusion, but computing matrix with zeros for now.
2025-04-15 01:21:08,603 - root - WARNING - Subject 25200 has regions with zero variance (indices: [ 31 197]). Marking for exclusion, but computing matrix with zeros for now.
2025-04-15 01:21:08,622 - root - WARNING - Subject 25201 has regions with zero variance (indices: [ 31 197]). Marking for exclusion, but computing matrix with zeros for now.
2025-04-15 01:21:08,641 - root - WARNING - Subject 25202 has regions with zero variance (indices: [ 31 197]). Marking for exclusion, but computing matrix with zeros for now.
2025-04-15 01:21:08,659 - root - WARNING - Subject 25203 has regions with zero variance (indices: [ 31 197]). Marking for exclusion, but computing matrix with zeros for now.
2025-04-15 01:21:08,677 - root - WARNING - Subject 25204 has regions with zero variance (indices: [ 31 197]). Marking for exclusion, but computing matrix with zeros for now.
2025-04-15 01:21:08,696 - root - WARNING - Subject 25205 has regions with zero variance (indices: [ 31 197]). Marking for exclusion, but computing matrix with zeros for now.
2025-04-15 01:21:08,715 - root - WARNING - Subject 25206 has regions with zero variance (indices: [ 31 197]). Marking for exclusion, but computing matrix with zeros for now.
2025-04-15 01:21:08,733 - root - WARNING - Subject 25207 has regions with zero variance (indices: [ 31 197]). Marking for exclusion, but computing matrix with zeros for now.
2025-04-15 01:21:08,752 - root - WARNING - Subject 25208 has regions with zero variance (indices: [ 31 197]). Marking for exclusion, but computing matrix with zeros for now.
2025-04-15 01:21:08,771 - root - WARNING - Subject 25209 has regions with zero variance (indices: [ 31 197]). Marking for exclusion, but computing matrix with zeros for now.
2025-04-15 01:21:08,790 - root - WARNING - Subject 25210 has regions with zero variance (indices: [ 31 197]). Marking for exclusion, but computing matrix with zeros for now.
2025-04-15 01:21:08,808 - root - WARNING - Subject 25211 has regions with zero variance (indices: [ 31 197]). Marking for exclusion, but computing matrix with zeros for now.
2025-04-15 01:21:08,827 - root - WARNING - Subject 25212 has regions with zero variance (indices: [ 31 197]). Marking for exclusion, but computing matrix with zeros for now.
2025-04-15 01:21:08,846 - root - WARNING - Subject 25213 has regions with zero variance (indices: [ 31 197]). Marking for exclusion, but computing matrix with zeros for now.
2025-04-15 01:21:08,864 - root - WARNING - Subject 25214 has regions with zero variance (indices: [ 31 197]). Marking for exclusion, but computing matrix with zeros for now.
2025-04-15 01:21:08,883 - root - WARNING - Subject 25215 has regions with zero variance (indices: [ 31 197]). Marking for exclusion, but computing matrix with zeros for now.
2025-04-15 01:21:08,901 - root - WARNING - Subject 25216 has regions with zero variance (indices: [ 31 197]). Marking for exclusion, but computing matrix with zeros for now.
2025-04-15 01:21:08,920 - root - WARNING - Subject 25217 has regions with zero variance (indices: [ 31 197]). Marking for exclusion, but computing matrix with zeros for now.
2025-04-15 01:21:08,939 - root - WARNING - Subject 25218 has regions with zero variance (indices: [ 31 197]). Marking for exclusion, but computing matrix with zeros for now.
2025-04-15 01:21:08,958 - root - WARNING - Subject 25219 has regions with zero variance (indices: [ 31 197]). Marking for exclusion, but computing matrix with zeros for now.
2025-04-15 01:21:08,976 - root - WARNING - Subject 25220 has regions with zero variance (indices: [ 31 197]). Marking for exclusion, but computing matrix with zeros for now.
2025-04-15 01:21:08,995 - root - WARNING - Subject 25221 has regions with zero variance (indices: [ 31 197]). Marking for exclusion, but computing matrix with zeros for now.
2025-04-15 01:21:09,014 - root - WARNING - Subject 25222 has regions with zero variance (indices: [ 31 197]). Marking for exclusion, but computing matrix with zeros for now.
2025-04-15 01:21:09,033 - root - WARNING - Subject 25223 has regions with zero variance (indices: [ 31 197]). Marking for exclusion, but computing matrix with zeros for now.
2025-04-15 01:21:09,051 - root - WARNING - Subject 25224 has regions with zero variance (indices: [ 31 197]). Marking for exclusion, but computing matrix with zeros for now.
2025-04-15 01:21:09,070 - root - WARNING - Subject 25225 has regions with zero variance (indices: [ 31 197]). Marking for exclusion, but computing matrix with zeros for now.
2025-04-15 01:21:09,089 - root - WARNING - Subject 25226 has regions with zero variance (indices: [ 31 197]). Marking for exclusion, but computing matrix with zeros for now.
2025-04-15 01:21:09,108 - root - WARNING - Subject 25227 has regions with zero variance (indices: [ 31 197]). Marking for exclusion, but computing matrix with zeros for now.
2025-04-15 01:21:09,126 - root - WARNING - Subject 25228 has regions with zero variance (indices: [ 31 197]). Marking for exclusion, but computing matrix with zeros for now.
2025-04-15 01:21:09,145 - root - WARNING - Subject 25229 has regions with zero variance (indices: [ 31 197]). Marking for exclusion, but computing matrix with zeros for now.
2025-04-15 01:21:09,164 - root - WARNING - Subject 25230 has regions with zero variance (indices: [ 31 197]). Marking for exclusion, but computing matrix with zeros for now.
2025-04-15 01:21:09,183 - root - WARNING - Subject 25231 has regions with zero variance (indices: [ 31 197]). Marking for exclusion, but computing matrix with zeros for now.
2025-04-15 01:21:09,201 - root - WARNING - Subject 25232 has regions with zero variance (indices: [ 31 197]). Marking for exclusion, but computing matrix with zeros for now.
2025-04-15 01:21:09,220 - root - WARNING - Subject 25233 has regions with zero variance (indices: [ 31 197]). Marking for exclusion, but computing matrix with zeros for now.
2025-04-15 01:21:09,239 - root - WARNING - Subject 25234 has regions with zero variance (indices: [ 31 197]). Marking for exclusion, but computing matrix with zeros for now.
2025-04-15 01:21:09,257 - root - WARNING - Subject 25235 has regions with zero variance (indices: [ 31 197]). Marking for exclusion, but computing matrix with zeros for now.
2025-04-15 01:21:09,276 - root - WARNING - Subject 25236 has regions with zero variance (indices: [ 31 197]). Marking for exclusion, but computing matrix with zeros for now.
2025-04-15 01:21:09,295 - root - WARNING - Subject 25237 has regions with zero variance (indices: [ 31 197]). Marking for exclusion, but computing matrix with zeros for now.
2025-04-15 01:21:09,314 - root - WARNING - Subject 25238 has regions with zero variance (indices: [ 31 197]). Marking for exclusion, but computing matrix with zeros for now.
2025-04-15 01:21:09,333 - root - WARNING - Subject 25239 has regions with zero variance (indices: [ 31 197]). Marking for exclusion, but computing matrix with zeros for now.
2025-04-15 01:21:09,351 - root - WARNING - Subject 25240 has regions with zero variance (indices: [ 31 197]). Marking for exclusion, but computing matrix with zeros for now.
2025-04-15 01:21:09,370 - root - WARNING - Subject 25241 has regions with zero variance (indices: [ 31 197]). Marking for exclusion, but computing matrix with zeros for now.
2025-04-15 01:21:09,389 - root - WARNING - Subject 25242 has regions with zero variance (indices: [ 31 197]). Marking for exclusion, but computing matrix with zeros for now.
2025-04-15 01:21:09,408 - root - WARNING - Subject 25243 has regions with zero variance (indices: [ 31 197]). Marking for exclusion, but computing matrix with zeros for now.
2025-04-15 01:21:09,426 - root - WARNING - Subject 25244 has regions with zero variance (indices: [ 31 197]). Marking for exclusion, but computing matrix with zeros for now.
2025-04-15 01:21:09,445 - root - WARNING - Subject 25245 has regions with zero variance (indices: [ 31 197]). Marking for exclusion, but computing matrix with zeros for now.
2025-04-15 01:21:09,464 - root - WARNING - Subject 25246 has regions with zero variance (indices: [ 31 197]). Marking for exclusion, but computing matrix with zeros for now.
2025-04-15 01:21:09,483 - root - WARNING - Subject 25247 has regions with zero variance (indices: [ 31 197]). Marking for exclusion, but computing matrix with zeros for now.
2025-04-15 01:21:09,502 - root - WARNING - Subject 25248 has regions with zero variance (indices: [ 31 197]). Marking for exclusion, but computing matrix with zeros for now.
2025-04-15 01:21:09,521 - root - WARNING - Subject 25249 has regions with zero variance (indices: [ 31 197]). Marking for exclusion, but computing matrix with zeros for now.
2025-04-15 01:21:09,539 - root - WARNING - Subject 25250 has regions with zero variance (indices: [ 31 197]). Marking for exclusion, but computing matrix with zeros for now.
2025-04-15 01:21:09,558 - root - WARNING - Subject 25251 has regions with zero variance (indices: [ 31 197]). Marking for exclusion, but computing matrix with zeros for now.
2025-04-15 01:21:09,576 - root - WARNING - Subject 25252 has regions with zero variance (indices: [ 31 197]). Marking for exclusion, but computing matrix with zeros for now.
2025-04-15 01:21:09,595 - root - WARNING - Subject 25253 has regions with zero variance (indices: [ 31 197]). Marking for exclusion, but computing matrix with zeros for now.
2025-04-15 01:21:09,614 - root - WARNING - Subject 25254 has regions with zero variance (indices: [ 31 197]). Marking for exclusion, but computing matrix with zeros for now.
2025-04-15 01:21:09,632 - root - WARNING - Subject 25255 has regions with zero variance (indices: [ 31 197]). Marking for exclusion, but computing matrix with zeros for now.
2025-04-15 01:21:09,651 - root - WARNING - Subject 25256 has regions with zero variance (indices: [ 31 197]). Marking for exclusion, but computing matrix with zeros for now.
2025-04-15 01:21:09,670 - root - WARNING - Subject 25257 has regions with zero variance (indices: [ 31 197]). Marking for exclusion, but computing matrix with zeros for now.
2025-04-15 01:21:09,689 - root - WARNING - Subject 25258 has regions with zero variance (indices: [ 31 197]). Marking for exclusion, but computing matrix with zeros for now.
2025-04-15 01:21:09,707 - root - WARNING - Subject 25259 has regions with zero variance (indices: [ 31 197]). Marking for exclusion, but computing matrix with zeros for now.
2025-04-15 01:21:09,726 - root - WARNING - Subject 25260 has regions with zero variance (indices: [ 31 197]). Marking for exclusion, but computing matrix with zeros for now.
2025-04-15 01:21:09,745 - root - WARNING - Subject 25261 has regions with zero variance (indices: [ 31 197]). Marking for exclusion, but computing matrix with zeros for now.
2025-04-15 01:21:09,764 - root - WARNING - Subject 25262 has regions with zero variance (indices: [ 31 197]). Marking for exclusion, but computing matrix with zeros for now.
2025-04-15 01:21:09,782 - root - WARNING - Subject 25263 has regions with zero variance (indices: [ 31 197]). Marking for exclusion, but computing matrix with zeros for now.
2025-04-15 01:21:09,801 - root - WARNING - Subject 25264 has regions with zero variance (indices: [ 31 197]). Marking for exclusion, but computing matrix with zeros for now.
2025-04-15 01:21:09,819 - root - WARNING - Subject 25265 has regions with zero variance (indices: [ 31 197]). Marking for exclusion, but computing matrix with zeros for now.
2025-04-15 01:21:09,838 - root - WARNING - Subject 25266 has regions with zero variance (indices: [ 31 197]). Marking for exclusion, but computing matrix with zeros for now.
2025-04-15 01:21:09,857 - root - WARNING - Subject 25267 has regions with zero variance (indices: [ 31 197]). Marking for exclusion, but computing matrix with zeros for now.
2025-04-15 01:21:09,875 - root - WARNING - Subject 25268 has regions with zero variance (indices: [ 31 197]). Marking for exclusion, but computing matrix with zeros for now.
2025-04-15 01:21:09,894 - root - WARNING - Subject 25269 has regions with zero variance (indices: [ 31 197]). Marking for exclusion, but computing matrix with zeros for now.
2025-04-15 01:21:09,912 - root - WARNING - Subject 25270 has regions with zero variance (indices: [ 31 197]). Marking for exclusion, but computing matrix with zeros for now.
2025-04-15 01:21:09,931 - root - WARNING - Subject 25271 has regions with zero variance (indices: [ 31 197]). Marking for exclusion, but computing matrix with zeros for now.
2025-04-15 01:21:09,950 - root - WARNING - Subject 25272 has regions with zero variance (indices: [ 31 197]). Marking for exclusion, but computing matrix with zeros for now.
2025-04-15 01:21:09,969 - root - WARNING - Subject 25273 has regions with zero variance (indices: [ 31 197]). Marking for exclusion, but computing matrix with zeros for now.
2025-04-15 01:21:09,987 - root - WARNING - Subject 25274 has regions with zero variance (indices: [ 31 197]). Marking for exclusion, but computing matrix with zeros for now.
2025-04-15 01:21:10,006 - root - WARNING - Subject 25275 has regions with zero variance (indices: [ 31 197]). Marking for exclusion, but computing matrix with zeros for now.
2025-04-15 01:21:10,024 - root - WARNING - Subject 25276 has regions with zero variance (indices: [ 31 197]). Marking for exclusion, but computing matrix with zeros for now.
2025-04-15 01:21:10,043 - root - WARNING - Subject 25277 has regions with zero variance (indices: [ 31 197]). Marking for exclusion, but computing matrix with zeros for now.
2025-04-15 01:21:10,062 - root - WARNING - Subject 25278 has regions with zero variance (indices: [ 31 197]). Marking for exclusion, but computing matrix with zeros for now.
2025-04-15 01:21:10,080 - root - WARNING - Subject 25279 has regions with zero variance (indices: [ 31 197]). Marking for exclusion, but computing matrix with zeros for now.
2025-04-15 01:21:10,099 - root - WARNING - Subject 25280 has regions with zero variance (indices: [ 31 197]). Marking for exclusion, but computing matrix with zeros for now.
2025-04-15 01:21:10,118 - root - WARNING - Subject 25281 has regions with zero variance (indices: [ 31 197]). Marking for exclusion, but computing matrix with zeros for now.
2025-04-15 01:21:10,137 - root - WARNING - Subject 25282 has regions with zero variance (indices: [ 31 197]). Marking for exclusion, but computing matrix with zeros for now.
2025-04-15 01:21:10,155 - root - WARNING - Subject 25283 has regions with zero variance (indices: [ 31 197]). Marking for exclusion, but computing matrix with zeros for now.
2025-04-15 01:21:10,173 - root - WARNING - Subject 25284 has regions with zero variance (indices: [ 31 197]). Marking for exclusion, but computing matrix with zeros for now.
2025-04-15 01:21:10,192 - root - WARNING - Subject 25285 has regions with zero variance (indices: [ 31 197]). Marking for exclusion, but computing matrix with zeros for now.
2025-04-15 01:21:10,211 - root - WARNING - Subject 25286 has regions with zero variance (indices: [ 31 197]). Marking for exclusion, but computing matrix with zeros for now.
2025-04-15 01:21:10,229 - root - WARNING - Subject 25287 has regions with zero variance (indices: [ 31 197]). Marking for exclusion, but computing matrix with zeros for now.
2025-04-15 01:21:10,248 - root - WARNING - Subject 25288 has regions with zero variance (indices: [ 31 197]). Marking for exclusion, but computing matrix with zeros for now.
2025-04-15 01:21:10,267 - root - WARNING - Subject 25289 has regions with zero variance (indices: [ 31 197]). Marking for exclusion, but computing matrix with zeros for now.
2025-04-15 01:21:10,285 - root - WARNING - Subject 25290 has regions with zero variance (indices: [ 31 197]). Marking for exclusion, but computing matrix with zeros for now.
2025-04-15 01:21:10,304 - root - WARNING - Subject 25291 has regions with zero variance (indices: [ 31 197]). Marking for exclusion, but computing matrix with zeros for now.
2025-04-15 01:21:10,323 - root - WARNING - Subject 25292 has regions with zero variance (indices: [ 31 197]). Marking for exclusion, but computing matrix with zeros for now.
2025-04-15 01:21:10,342 - root - WARNING - Subject 25293 has regions with zero variance (indices: [ 31 197]). Marking for exclusion, but computing matrix with zeros for now.
2025-04-15 01:21:10,361 - root - WARNING - Subject 25294 has regions with zero variance (indices: [ 31 197]). Marking for exclusion, but computing matrix with zeros for now.
2025-04-15 01:21:10,379 - root - WARNING - Subject 25295 has regions with zero variance (indices: [ 31 197]). Marking for exclusion, but computing matrix with zeros for now.
2025-04-15 01:21:15,708 - root - WARNING - Subject 34074 has regions with zero variance (indices: [ 22 124 166 168 182]). Marking for exclusion, but computing matrix with zeros for now.
2025-04-15 01:21:15,727 - root - WARNING - Subject 34075 has regions with zero variance (indices: [ 22 124 166 168 182]). Marking for exclusion, but computing matrix with zeros for now.
2025-04-15 01:21:15,745 - root - WARNING - Subject 34076 has regions with zero variance (indices: [ 22 124 166 168 182]). Marking for exclusion, but computing matrix with zeros for now.
2025-04-15 01:21:15,763 - root - WARNING - Subject 34077 has regions with zero variance (indices: [ 22 124 166 168 182]). Marking for exclusion, but computing matrix with zeros for now.
2025-04-15 01:21:15,781 - root - WARNING - Subject 34078 has regions with zero variance (indices: [ 22 124 166 168 182]). Marking for exclusion, but computing matrix with zeros for now.
2025-04-15 01:21:15,799 - root - WARNING - Subject 34079 has regions with zero variance (indices: [ 22 124 166 168 182]). Marking for exclusion, but computing matrix with zeros for now.
2025-04-15 01:21:15,818 - root - WARNING - Subject 34080 has regions with zero variance (indices: [ 22 124 166 168 182]). Marking for exclusion, but computing matrix with zeros for now.
2025-04-15 01:21:15,835 - root - WARNING - Subject 34081 has regions with zero variance (indices: [ 22 124 166 168 182]). Marking for exclusion, but computing matrix with zeros for now.
2025-04-15 01:21:15,853 - root - WARNING - Subject 34082 has regions with zero variance (indices: [ 22 124 166 168 182]). Marking for exclusion, but computing matrix with zeros for now.
2025-04-15 01:21:15,872 - root - WARNING - Subject 34083 has regions with zero variance (indices: [ 22 124 166 168 182]). Marking for exclusion, but computing matrix with zeros for now.
2025-04-15 01:21:15,890 - root - WARNING - Subject 34084 has regions with zero variance (indices: [ 22 124 166 168 182]). Marking for exclusion, but computing matrix with zeros for now.
2025-04-15 01:21:15,908 - root - WARNING - Subject 34085 has regions with zero variance (indices: [ 22 124 166 168 182]). Marking for exclusion, but computing matrix with zeros for now.
2025-04-15 01:21:15,926 - root - WARNING - Subject 34086 has regions with zero variance (indices: [ 22 124 166 168 182]). Marking for exclusion, but computing matrix with zeros for now.
2025-04-15 01:21:15,945 - root - WARNING - Subject 34087 has regions with zero variance (indices: [ 22 124 166 168 182]). Marking for exclusion, but computing matrix with zeros for now.
2025-04-15 01:21:15,962 - root - WARNING - Subject 34088 has regions with zero variance (indices: [ 22 124 166 168 182]). Marking for exclusion, but computing matrix with zeros for now.
2025-04-15 01:21:15,980 - root - WARNING - Subject 34089 has regions with zero variance (indices: [ 22 124 166 168 182]). Marking for exclusion, but computing matrix with zeros for now.
2025-04-15 01:21:15,999 - root - WARNING - Subject 34090 has regions with zero variance (indices: [ 22 124 166 168 182]). Marking for exclusion, but computing matrix with zeros for now.
2025-04-15 01:21:16,017 - root - WARNING - Subject 34091 has regions with zero variance (indices: [ 22 124 166 168 182]). Marking for exclusion, but computing matrix with zeros for now.
2025-04-15 01:21:16,035 - root - WARNING - Subject 34092 has regions with zero variance (indices: [ 22 124 166 168 182]). Marking for exclusion, but computing matrix with zeros for now.
2025-04-15 01:21:16,053 - root - WARNING - Subject 34093 has regions with zero variance (indices: [ 22 124 166 168 182]). Marking for exclusion, but computing matrix with zeros for now.
2025-04-15 01:21:16,071 - root - WARNING - Subject 34094 has regions with zero variance (indices: [ 22 124 166 168 182]). Marking for exclusion, but computing matrix with zeros for now.
2025-04-15 01:21:16,089 - root - WARNING - Subject 34095 has regions with zero variance (indices: [ 22 124 166 168 182]). Marking for exclusion, but computing matrix with zeros for now.
2025-04-15 01:21:16,107 - root - WARNING - Subject 34096 has regions with zero variance (indices: [ 22 124 166 168 182]). Marking for exclusion, but computing matrix with zeros for now.
2025-04-15 01:21:16,125 - root - WARNING - Subject 34097 has regions with zero variance (indices: [ 22 124 166 168 182]). Marking for exclusion, but computing matrix with zeros for now.
2025-04-15 01:21:16,144 - root - WARNING - Subject 34098 has regions with zero variance (indices: [ 22 124 166 168 182]). Marking for exclusion, but computing matrix with zeros for now.
2025-04-15 01:21:16,161 - root - WARNING - Subject 34099 has regions with zero variance (indices: [ 22 124 166 168 182]). Marking for exclusion, but computing matrix with zeros for now.
2025-04-15 01:21:16,179 - root - WARNING - Subject 34100 has regions with zero variance (indices: [ 22 124 166 168 182]). Marking for exclusion, but computing matrix with zeros for now.
2025-04-15 01:21:16,197 - root - WARNING - Subject 34101 has regions with zero variance (indices: [ 22 124 166 168 182]). Marking for exclusion, but computing matrix with zeros for now.
2025-04-15 01:21:16,215 - root - WARNING - Subject 34102 has regions with zero variance (indices: [ 22 124 166 168 182]). Marking for exclusion, but computing matrix with zeros for now.
2025-04-15 01:21:16,233 - root - WARNING - Subject 34103 has regions with zero variance (indices: [ 22 124 166 168 182]). Marking for exclusion, but computing matrix with zeros for now.
2025-04-15 01:21:16,251 - root - WARNING - Subject 34104 has regions with zero variance (indices: [ 22 124 166 168 182]). Marking for exclusion, but computing matrix with zeros for now.
2025-04-15 01:21:16,270 - root - WARNING - Subject 34105 has regions with zero variance (indices: [ 22 124 166 168 182]). Marking for exclusion, but computing matrix with zeros for now.
2025-04-15 01:21:16,295 - root - WARNING - Subject 34106 has regions with zero variance (indices: [ 22 124 166 168 182]). Marking for exclusion, but computing matrix with zeros for now.
2025-04-15 01:21:16,314 - root - WARNING - Subject 34107 has regions with zero variance (indices: [ 22 124 166 168 182]). Marking for exclusion, but computing matrix with zeros for now.
2025-04-15 01:21:16,331 - root - WARNING - Subject 34108 has regions with zero variance (indices: [ 22 124 166 168 182]). Marking for exclusion, but computing matrix with zeros for now.
2025-04-15 01:21:16,349 - root - WARNING - Subject 34109 has regions with zero variance (indices: [ 22 124 166 168 182]). Marking for exclusion, but computing matrix with zeros for now.
2025-04-15 01:21:16,368 - root - WARNING - Subject 34110 has regions with zero variance (indices: [ 22 124 166 168 182]). Marking for exclusion, but computing matrix with zeros for now.
2025-04-15 01:21:16,386 - root - WARNING - Subject 34111 has regions with zero variance (indices: [ 22 124 166 168 182]). Marking for exclusion, but computing matrix with zeros for now.
2025-04-15 01:21:16,404 - root - WARNING - Subject 34112 has regions with zero variance (indices: [ 22 124 166 168 182]). Marking for exclusion, but computing matrix with zeros for now.
2025-04-15 01:21:16,422 - root - WARNING - Subject 34113 has regions with zero variance (indices: [ 22 124 166 168 182]). Marking for exclusion, but computing matrix with zeros for now.
2025-04-15 01:21:16,440 - root - WARNING - Subject 34114 has regions with zero variance (indices: [ 22 124 166 168 182]). Marking for exclusion, but computing matrix with zeros for now.
2025-04-15 01:21:16,459 - root - WARNING - Subject 34115 has regions with zero variance (indices: [ 22 124 166 168 182]). Marking for exclusion, but computing matrix with zeros for now.
2025-04-15 01:21:16,476 - root - WARNING - Subject 34116 has regions with zero variance (indices: [ 22 124 166 168 182]). Marking for exclusion, but computing matrix with zeros for now.
2025-04-15 01:21:16,495 - root - WARNING - Subject 34117 has regions with zero variance (indices: [ 22 124 166 168 182]). Marking for exclusion, but computing matrix with zeros for now.
2025-04-15 01:21:16,513 - root - WARNING - Subject 34118 has regions with zero variance (indices: [ 22 124 166 168 182]). Marking for exclusion, but computing matrix with zeros for now.
2025-04-15 01:21:16,531 - root - WARNING - Subject 34119 has regions with zero variance (indices: [ 22 124 166 168 182]). Marking for exclusion, but computing matrix with zeros for now.
2025-04-15 01:21:16,549 - root - WARNING - Subject 34120 has regions with zero variance (indices: [ 22 124 166 168 182]). Marking for exclusion, but computing matrix with zeros for now.
2025-04-15 01:21:16,567 - root - WARNING - Subject 34121 has regions with zero variance (indices: [ 22 124 166 168 182]). Marking for exclusion, but computing matrix with zeros for now.
2025-04-15 01:21:16,585 - root - WARNING - Subject 34122 has regions with zero variance (indices: [ 22 124 166 168 182]). Marking for exclusion, but computing matrix with zeros for now.
2025-04-15 01:21:16,603 - root - WARNING - Subject 34123 has regions with zero variance (indices: [ 22 124 166 168 182]). Marking for exclusion, but computing matrix with zeros for now.
2025-04-15 01:21:16,621 - root - WARNING - Subject 34124 has regions with zero variance (indices: [ 22 124 166 168 182]). Marking for exclusion, but computing matrix with zeros for now.
2025-04-15 01:21:16,639 - root - WARNING - Subject 34125 has regions with zero variance (indices: [ 22 124 166 168 182]). Marking for exclusion, but computing matrix with zeros for now.
2025-04-15 01:21:16,657 - root - WARNING - Subject 34126 has regions with zero variance (indices: [ 22 124 166 168 182]). Marking for exclusion, but computing matrix with zeros for now.
2025-04-15 01:21:16,676 - root - WARNING - Subject 34127 has regions with zero variance (indices: [ 22 124 166 168 182]). Marking for exclusion, but computing matrix with zeros for now.
2025-04-15 01:21:16,694 - root - WARNING - Subject 34128 has regions with zero variance (indices: [ 22 124 166 168 182]). Marking for exclusion, but computing matrix with zeros for now.
2025-04-15 01:21:16,712 - root - WARNING - Subject 34129 has regions with zero variance (indices: [ 22 124 166 168 182]). Marking for exclusion, but computing matrix with zeros for now.
2025-04-15 01:21:16,730 - root - WARNING - Subject 34130 has regions with zero variance (indices: [ 22 124 166 168 182]). Marking for exclusion, but computing matrix with zeros for now.
2025-04-15 01:21:16,748 - root - WARNING - Subject 34131 has regions with zero variance (indices: [ 22 124 166 168 182]). Marking for exclusion, but computing matrix with zeros for now.
2025-04-15 01:21:16,767 - root - WARNING - Subject 34132 has regions with zero variance (indices: [ 22 124 166 168 182]). Marking for exclusion, but computing matrix with zeros for now.
2025-04-15 01:21:16,785 - root - WARNING - Subject 34133 has regions with zero variance (indices: [ 22 124 166 168 182]). Marking for exclusion, but computing matrix with zeros for now.
2025-04-15 01:21:16,803 - root - WARNING - Subject 34134 has regions with zero variance (indices: [ 22 124 166 168 182]). Marking for exclusion, but computing matrix with zeros for now.
2025-04-15 01:21:16,821 - root - WARNING - Subject 34135 has regions with zero variance (indices: [ 22 124 166 168 182]). Marking for exclusion, but computing matrix with zeros for now.
2025-04-15 01:21:16,840 - root - WARNING - Subject 34136 has regions with zero variance (indices: [ 22 124 166 168 182]). Marking for exclusion, but computing matrix with zeros for now.
2025-04-15 01:21:16,858 - root - WARNING - Subject 34137 has regions with zero variance (indices: [ 22 124 166 168 182]). Marking for exclusion, but computing matrix with zeros for now.
2025-04-15 01:21:16,876 - root - WARNING - Subject 34138 has regions with zero variance (indices: [ 22 124 166 168 182]). Marking for exclusion, but computing matrix with zeros for now.
2025-04-15 01:21:16,895 - root - WARNING - Subject 34139 has regions with zero variance (indices: [ 22 124 166 168 182]). Marking for exclusion, but computing matrix with zeros for now.
2025-04-15 01:21:16,913 - root - WARNING - Subject 34140 has regions with zero variance (indices: [ 22 124 166 168 182]). Marking for exclusion, but computing matrix with zeros for now.
2025-04-15 01:21:16,931 - root - WARNING - Subject 34141 has regions with zero variance (indices: [ 22 124 166 168 182]). Marking for exclusion, but computing matrix with zeros for now.
2025-04-15 01:21:16,949 - root - WARNING - Subject 34142 has regions with zero variance (indices: [ 22 124 166 168 182]). Marking for exclusion, but computing matrix with zeros for now.
2025-04-15 01:21:16,968 - root - WARNING - Subject 34143 has regions with zero variance (indices: [ 22 124 166 168 182]). Marking for exclusion, but computing matrix with zeros for now.
2025-04-15 01:21:16,986 - root - WARNING - Subject 34144 has regions with zero variance (indices: [ 22 124 166 168 182]). Marking for exclusion, but computing matrix with zeros for now.
2025-04-15 01:21:17,004 - root - WARNING - Subject 34145 has regions with zero variance (indices: [ 22 124 166 168 182]). Marking for exclusion, but computing matrix with zeros for now.
2025-04-15 01:21:17,022 - root - WARNING - Subject 34146 has regions with zero variance (indices: [ 22 124 166 168 182]). Marking for exclusion, but computing matrix with zeros for now.
2025-04-15 01:21:17,040 - root - WARNING - Subject 34147 has regions with zero variance (indices: [ 22 124 166 168 182]). Marking for exclusion, but computing matrix with zeros for now.
2025-04-15 01:21:17,059 - root - WARNING - Subject 34148 has regions with zero variance (indices: [ 22 124 166 168 182]). Marking for exclusion, but computing matrix with zeros for now.
2025-04-15 01:21:17,077 - root - WARNING - Subject 34149 has regions with zero variance (indices: [ 22 124 166 168 182]). Marking for exclusion, but computing matrix with zeros for now.
2025-04-15 01:21:17,095 - root - WARNING - Subject 34150 has regions with zero variance (indices: [ 22 124 166 168 182]). Marking for exclusion, but computing matrix with zeros for now.
2025-04-15 01:21:17,113 - root - WARNING - Subject 34151 has regions with zero variance (indices: [ 22 124 166 168 182]). Marking for exclusion, but computing matrix with zeros for now.
2025-04-15 01:21:17,132 - root - WARNING - Subject 34152 has regions with zero variance (indices: [ 22 124 166 168 182]). Marking for exclusion, but computing matrix with zeros for now.
2025-04-15 01:21:17,150 - root - WARNING - Subject 34153 has regions with zero variance (indices: [ 22 124 166 168 182]). Marking for exclusion, but computing matrix with zeros for now.
2025-04-15 01:21:17,168 - root - WARNING - Subject 34154 has regions with zero variance (indices: [ 22 124 166 168 182]). Marking for exclusion, but computing matrix with zeros for now.
2025-04-15 01:21:17,186 - root - WARNING - Subject 34155 has regions with zero variance (indices: [ 22 124 166 168 182]). Marking for exclusion, but computing matrix with zeros for now.
2025-04-15 01:21:17,204 - root - WARNING - Subject 34156 has regions with zero variance (indices: [ 22 124 166 168 182]). Marking for exclusion, but computing matrix with zeros for now.
2025-04-15 01:21:17,222 - root - WARNING - Subject 34157 has regions with zero variance (indices: [ 22 124 166 168 182]). Marking for exclusion, but computing matrix with zeros for now.
2025-04-15 01:21:17,240 - root - WARNING - Subject 34158 has regions with zero variance (indices: [ 22 124 166 168 182]). Marking for exclusion, but computing matrix with zeros for now.
2025-04-15 01:21:17,258 - root - WARNING - Subject 34159 has regions with zero variance (indices: [ 22 124 166 168 182]). Marking for exclusion, but computing matrix with zeros for now.
2025-04-15 01:21:17,276 - root - WARNING - Subject 34160 has regions with zero variance (indices: [ 22 124 166 168 182]). Marking for exclusion, but computing matrix with zeros for now.
2025-04-15 01:21:17,295 - root - WARNING - Subject 34161 has regions with zero variance (indices: [ 22 124 166 168 182]). Marking for exclusion, but computing matrix with zeros for now.
2025-04-15 01:21:17,313 - root - WARNING - Subject 34162 has regions with zero variance (indices: [ 22 124 166 168 182]). Marking for exclusion, but computing matrix with zeros for now.
2025-04-15 01:21:17,331 - root - WARNING - Subject 34163 has regions with zero variance (indices: [ 22 124 166 168 182]). Marking for exclusion, but computing matrix with zeros for now.
2025-04-15 01:21:17,349 - root - WARNING - Subject 34164 has regions with zero variance (indices: [ 22 124 166 168 182]). Marking for exclusion, but computing matrix with zeros for now.
2025-04-15 01:21:17,367 - root - WARNING - Subject 34165 has regions with zero variance (indices: [ 22 124 166 168 182]). Marking for exclusion, but computing matrix with zeros for now.
2025-04-15 01:21:17,386 - root - WARNING - Subject 34166 has regions with zero variance (indices: [ 22 124 166 168 182]). Marking for exclusion, but computing matrix with zeros for now.
2025-04-15 01:21:17,404 - root - WARNING - Subject 34167 has regions with zero variance (indices: [ 22 124 166 168 182]). Marking for exclusion, but computing matrix with zeros for now.
2025-04-15 01:21:17,423 - root - WARNING - Subject 34168 has regions with zero variance (indices: [ 22 124 166 168 182]). Marking for exclusion, but computing matrix with zeros for now.
2025-04-15 01:21:17,441 - root - WARNING - Subject 34169 has regions with zero variance (indices: [ 22 124 166 168 182]). Marking for exclusion, but computing matrix with zeros for now.
2025-04-15 01:21:17,459 - root - WARNING - Subject 34170 has regions with zero variance (indices: [ 22 124 166 168 182]). Marking for exclusion, but computing matrix with zeros for now.
2025-04-15 01:21:17,477 - root - WARNING - Subject 34171 has regions with zero variance (indices: [ 22 124 166 168 182]). Marking for exclusion, but computing matrix with zeros for now.
2025-04-15 01:21:17,496 - root - WARNING - Subject 34172 has regions with zero variance (indices: [ 22 124 166 168 182]). Marking for exclusion, but computing matrix with zeros for now.
2025-04-15 01:21:17,514 - root - WARNING - Subject 34173 has regions with zero variance (indices: [ 22 124 166 168 182]). Marking for exclusion, but computing matrix with zeros for now.
2025-04-15 01:21:17,532 - root - WARNING - Subject 34174 has regions with zero variance (indices: [ 22 124 166 168 182]). Marking for exclusion, but computing matrix with zeros for now.
2025-04-15 01:21:17,551 - root - WARNING - Subject 34175 has regions with zero variance (indices: [ 22 124 166 168 182]). Marking for exclusion, but computing matrix with zeros for now.
2025-04-15 01:21:17,569 - root - WARNING - Subject 34176 has regions with zero variance (indices: [ 22 124 166 168 182]). Marking for exclusion, but computing matrix with zeros for now.
2025-04-15 01:21:17,587 - root - WARNING - Subject 34177 has regions with zero variance (indices: [ 22 124 166 168 182]). Marking for exclusion, but computing matrix with zeros for now.
2025-04-15 01:21:17,606 - root - WARNING - Subject 34178 has regions with zero variance (indices: [ 22 124 166 168 182]). Marking for exclusion, but computing matrix with zeros for now.
2025-04-15 01:21:17,624 - root - WARNING - Subject 34179 has regions with zero variance (indices: [ 22 124 166 168 182]). Marking for exclusion, but computing matrix with zeros for now.
2025-04-15 01:21:17,642 - root - WARNING - Subject 34180 has regions with zero variance (indices: [ 22 124 166 168 182]). Marking for exclusion, but computing matrix with zeros for now.
2025-04-15 01:21:17,660 - root - WARNING - Subject 34181 has regions with zero variance (indices: [ 22 124 166 168 182]). Marking for exclusion, but computing matrix with zeros for now.
2025-04-15 01:21:17,678 - root - WARNING - Subject 34182 has regions with zero variance (indices: [ 22 124 166 168 182]). Marking for exclusion, but computing matrix with zeros for now.
2025-04-15 01:21:17,697 - root - WARNING - Subject 34183 has regions with zero variance (indices: [ 22 124 166 168 182]). Marking for exclusion, but computing matrix with zeros for now.
2025-04-15 01:21:17,715 - root - WARNING - Subject 34184 has regions with zero variance (indices: [ 22 124 166 168 182]). Marking for exclusion, but computing matrix with zeros for now.
2025-04-15 01:21:17,733 - root - WARNING - Subject 34185 has regions with zero variance (indices: [ 22 124 166 168 182]). Marking for exclusion, but computing matrix with zeros for now.
2025-04-15 01:21:17,751 - root - WARNING - Subject 34186 has regions with zero variance (indices: [ 22 124 166 168 182]). Marking for exclusion, but computing matrix with zeros for now.
2025-04-15 01:21:17,769 - root - WARNING - Subject 34187 has regions with zero variance (indices: [ 22 124 166 168 182]). Marking for exclusion, but computing matrix with zeros for now.
2025-04-15 01:21:17,787 - root - WARNING - Subject 34188 has regions with zero variance (indices: [ 22 124 166 168 182]). Marking for exclusion, but computing matrix with zeros for now.
2025-04-15 01:21:17,805 - root - WARNING - Subject 34189 has regions with zero variance (indices: [ 22 124 166 168 182]). Marking for exclusion, but computing matrix with zeros for now.
2025-04-15 01:21:17,824 - root - WARNING - Subject 34190 has regions with zero variance (indices: [ 22 124 166 168 182]). Marking for exclusion, but computing matrix with zeros for now.
2025-04-15 01:21:17,842 - root - WARNING - Subject 34191 has regions with zero variance (indices: [ 22 124 166 168 182]). Marking for exclusion, but computing matrix with zeros for now.
2025-04-15 01:21:17,860 - root - WARNING - Subject 34192 has regions with zero variance (indices: [ 22 124 166 168 182]). Marking for exclusion, but computing matrix with zeros for now.
2025-04-15 01:21:17,878 - root - WARNING - Subject 34193 has regions with zero variance (indices: [ 22 124 166 168 182]). Marking for exclusion, but computing matrix with zeros for now.
2025-04-15 01:21:17,896 - root - WARNING - Subject 34194 has regions with zero variance (indices: [ 22 124 166 168 182]). Marking for exclusion, but computing matrix with zeros for now.
2025-04-15 01:21:17,914 - root - WARNING - Subject 34195 has regions with zero variance (indices: [ 22 124 166 168 182]). Marking for exclusion, but computing matrix with zeros for now.
2025-04-15 01:21:17,932 - root - WARNING - Subject 34196 has regions with zero variance (indices: [ 22 124 166 168 182]). Marking for exclusion, but computing matrix with zeros for now.
2025-04-15 01:21:17,950 - root - WARNING - Subject 34197 has regions with zero variance (indices: [ 22 124 166 168 182]). Marking for exclusion, but computing matrix with zeros for now.
2025-04-15 01:21:17,969 - root - WARNING - Subject 34198 has regions with zero variance (indices: [ 22 124 166 168 182]). Marking for exclusion, but computing matrix with zeros for now.
2025-04-15 01:21:17,987 - root - WARNING - Subject 34199 has regions with zero variance (indices: [ 22 124 166 168 182]). Marking for exclusion, but computing matrix with zeros for now.
2025-04-15 01:21:18,005 - root - WARNING - Subject 34200 has regions with zero variance (indices: [ 22 124 166 168 182]). Marking for exclusion, but computing matrix with zeros for now.
2025-04-15 01:21:18,023 - root - WARNING - Subject 34201 has regions with zero variance (indices: [ 22 124 166 168 182]). Marking for exclusion, but computing matrix with zeros for now.
2025-04-15 01:21:18,041 - root - WARNING - Subject 34202 has regions with zero variance (indices: [ 22 124 166 168 182]). Marking for exclusion, but computing matrix with zeros for now.
2025-04-15 01:21:18,059 - root - WARNING - Subject 34203 has regions with zero variance (indices: [ 22 124 166 168 182]). Marking for exclusion, but computing matrix with zeros for now.
2025-04-15 01:21:18,077 - root - WARNING - Subject 34204 has regions with zero variance (indices: [ 22 124 166 168 182]). Marking for exclusion, but computing matrix with zeros for now.
2025-04-15 01:21:18,095 - root - WARNING - Subject 34205 has regions with zero variance (indices: [ 22 124 166 168 182]). Marking for exclusion, but computing matrix with zeros for now.
2025-04-15 01:21:18,113 - root - WARNING - Subject 34206 has regions with zero variance (indices: [ 22 124 166 168 182]). Marking for exclusion, but computing matrix with zeros for now.
2025-04-15 01:21:18,132 - root - WARNING - Subject 34207 has regions with zero variance (indices: [ 22 124 166 168 182]). Marking for exclusion, but computing matrix with zeros for now.
2025-04-15 01:21:18,149 - root - WARNING - Subject 34208 has regions with zero variance (indices: [ 22 124 166 168 182]). Marking for exclusion, but computing matrix with zeros for now.
2025-04-15 01:21:18,167 - root - WARNING - Subject 34209 has regions with zero variance (indices: [ 22 124 166 168 182]). Marking for exclusion, but computing matrix with zeros for now.
2025-04-15 01:21:18,186 - root - WARNING - Subject 34210 has regions with zero variance (indices: [ 22 124 166 168 182]). Marking for exclusion, but computing matrix with zeros for now.
2025-04-15 01:21:18,204 - root - WARNING - Subject 34211 has regions with zero variance (indices: [ 22 124 166 168 182]). Marking for exclusion, but computing matrix with zeros for now.
2025-04-15 01:21:18,222 - root - WARNING - Subject 34212 has regions with zero variance (indices: [ 22 124 166 168 182]). Marking for exclusion, but computing matrix with zeros for now.
2025-04-15 01:21:18,240 - root - WARNING - Subject 34213 has regions with zero variance (indices: [ 22 124 166 168 182]). Marking for exclusion, but computing matrix with zeros for now.
2025-04-15 01:21:18,258 - root - WARNING - Subject 34214 has regions with zero variance (indices: [ 22 124 166 168 182]). Marking for exclusion, but computing matrix with zeros for now.
2025-04-15 01:21:18,276 - root - WARNING - Subject 34215 has regions with zero variance (indices: [ 22 124 166 168 182]). Marking for exclusion, but computing matrix with zeros for now.
2025-04-15 01:21:18,294 - root - WARNING - Subject 34216 has regions with zero variance (indices: [ 22 124 166 168 182]). Marking for exclusion, but computing matrix with zeros for now.
2025-04-15 01:21:18,312 - root - WARNING - Subject 34217 has regions with zero variance (indices: [ 22 124 166 168 182]). Marking for exclusion, but computing matrix with zeros for now.
2025-04-15 01:21:18,330 - root - WARNING - Subject 34218 has regions with zero variance (indices: [ 22 124 166 168 182]). Marking for exclusion, but computing matrix with zeros for now.
2025-04-15 01:21:18,349 - root - WARNING - Subject 34219 has regions with zero variance (indices: [ 22 124 166 168 182]). Marking for exclusion, but computing matrix with zeros for now.
2025-04-15 01:21:18,367 - root - WARNING - Subject 34220 has regions with zero variance (indices: [ 22 124 166 168 182]). Marking for exclusion, but computing matrix with zeros for now.
2025-04-15 01:21:18,385 - root - WARNING - Subject 34221 has regions with zero variance (indices: [ 22 124 166 168 182]). Marking for exclusion, but computing matrix with zeros for now.
2025-04-15 01:21:18,403 - root - WARNING - Subject 34222 has regions with zero variance (indices: [ 22 124 166 168 182]). Marking for exclusion, but computing matrix with zeros for now.
2025-04-15 01:21:18,421 - root - WARNING - Subject 34223 has regions with zero variance (indices: [ 22 124 166 168 182]). Marking for exclusion, but computing matrix with zeros for now.
2025-04-15 01:21:18,440 - root - WARNING - Subject 34224 has regions with zero variance (indices: [ 22 124 166 168 182]). Marking for exclusion, but computing matrix with zeros for now.
2025-04-15 01:21:18,458 - root - WARNING - Subject 34225 has regions with zero variance (indices: [ 22 124 166 168 182]). Marking for exclusion, but computing matrix with zeros for now.
2025-04-15 01:21:18,476 - root - WARNING - Subject 34226 has regions with zero variance (indices: [ 22 124 166 168 182]). Marking for exclusion, but computing matrix with zeros for now.
2025-04-15 01:21:18,494 - root - WARNING - Subject 34227 has regions with zero variance (indices: [ 22 124 166 168 182]). Marking for exclusion, but computing matrix with zeros for now.
2025-04-15 01:21:18,512 - root - WARNING - Subject 34228 has regions with zero variance (indices: [ 22 124 166 168 182]). Marking for exclusion, but computing matrix with zeros for now.
2025-04-15 01:21:18,530 - root - WARNING - Subject 34229 has regions with zero variance (indices: [ 22 124 166 168 182]). Marking for exclusion, but computing matrix with zeros for now.
2025-04-15 01:21:18,549 - root - WARNING - Subject 34230 has regions with zero variance (indices: [ 22 124 166 168 182]). Marking for exclusion, but computing matrix with zeros for now.
2025-04-15 01:21:18,567 - root - WARNING - Subject 34231 has regions with zero variance (indices: [ 22 124 166 168 182]). Marking for exclusion, but computing matrix with zeros for now.
2025-04-15 01:21:18,585 - root - WARNING - Subject 34232 has regions with zero variance (indices: [ 22 124 166 168 182]). Marking for exclusion, but computing matrix with zeros for now.
2025-04-15 01:21:18,603 - root - WARNING - Subject 34233 has regions with zero variance (indices: [ 22 124 166 168 182]). Marking for exclusion, but computing matrix with zeros for now.
2025-04-15 01:21:18,621 - root - WARNING - Subject 34234 has regions with zero variance (indices: [ 22 124 166 168 182]). Marking for exclusion, but computing matrix with zeros for now.
2025-04-15 01:21:18,639 - root - WARNING - Subject 34235 has regions with zero variance (indices: [ 22 124 166 168 182]). Marking for exclusion, but computing matrix with zeros for now.
2025-04-15 01:21:18,657 - root - WARNING - Subject 34236 has regions with zero variance (indices: [ 22 124 166 168 182]). Marking for exclusion, but computing matrix with zeros for now.
2025-04-15 01:21:18,676 - root - WARNING - Subject 34237 has regions with zero variance (indices: [ 22 124 166 168 182]). Marking for exclusion, but computing matrix with zeros for now.
2025-04-15 01:21:18,694 - root - WARNING - Subject 34238 has regions with zero variance (indices: [ 22 124 166 168 182]). Marking for exclusion, but computing matrix with zeros for now.
2025-04-15 01:21:18,712 - root - WARNING - Subject 34239 has regions with zero variance (indices: [ 22 124 166 168 182]). Marking for exclusion, but computing matrix with zeros for now.
2025-04-15 01:21:18,730 - root - WARNING - Subject 34240 has regions with zero variance (indices: [ 22 124 166 168 182]). Marking for exclusion, but computing matrix with zeros for now.
2025-04-15 01:21:18,748 - root - WARNING - Subject 34241 has regions with zero variance (indices: [ 22 124 166 168 182]). Marking for exclusion, but computing matrix with zeros for now.
2025-04-15 01:21:18,766 - root - WARNING - Subject 34242 has regions with zero variance (indices: [ 22 124 166 168 182]). Marking for exclusion, but computing matrix with zeros for now.
2025-04-15 01:21:18,784 - root - WARNING - Subject 34243 has regions with zero variance (indices: [ 22 124 166 168 182]). Marking for exclusion, but computing matrix with zeros for now.
2025-04-15 01:21:18,802 - root - WARNING - Subject 34244 has regions with zero variance (indices: [ 22 124 166 168 182]). Marking for exclusion, but computing matrix with zeros for now.
2025-04-15 01:21:18,820 - root - WARNING - Subject 34245 has regions with zero variance (indices: [ 22 124 166 168 182]). Marking for exclusion, but computing matrix with zeros for now.
2025-04-15 01:21:18,839 - root - WARNING - Subject 34246 has regions with zero variance (indices: [ 22 124 166 168 182]). Marking for exclusion, but computing matrix with zeros for now.
2025-04-15 01:21:18,857 - root - WARNING - Subject 34247 has regions with zero variance (indices: [ 22 124 166 168 182]). Marking for exclusion, but computing matrix with zeros for now.
2025-04-15 01:21:18,875 - root - WARNING - Subject 34248 has regions with zero variance (indices: [ 22 124 166 168 182]). Marking for exclusion, but computing matrix with zeros for now.
2025-04-15 01:21:18,893 - root - WARNING - Subject 34249 has regions with zero variance (indices: [ 22 124 166 168 182]). Marking for exclusion, but computing matrix with zeros for now.
2025-04-15 01:21:18,911 - root - WARNING - Subject 34250 has regions with zero variance (indices: [ 22 124 166 168 182]). Marking for exclusion, but computing matrix with zeros for now.
2025-04-15 01:21:18,929 - root - WARNING - Subject 34251 has regions with zero variance (indices: [ 22 124 166 168 182]). Marking for exclusion, but computing matrix with zeros for now.
2025-04-15 01:21:18,947 - root - WARNING - Subject 34252 has regions with zero variance (indices: [ 22 124 166 168 182]). Marking for exclusion, but computing matrix with zeros for now.
2025-04-15 01:21:18,965 - root - WARNING - Subject 34253 has regions with zero variance (indices: [ 22 124 166 168 182]). Marking for exclusion, but computing matrix with zeros for now.
2025-04-15 01:21:18,984 - root - WARNING - Subject 34254 has regions with zero variance (indices: [ 22 124 166 168 182]). Marking for exclusion, but computing matrix with zeros for now.
2025-04-15 01:21:19,002 - root - WARNING - Subject 34255 has regions with zero variance (indices: [ 22 124 166 168 182]). Marking for exclusion, but computing matrix with zeros for now.
2025-04-15 01:21:19,020 - root - WARNING - Subject 34256 has regions with zero variance (indices: [ 22 124 166 168 182]). Marking for exclusion, but computing matrix with zeros for now.
2025-04-15 01:21:19,038 - root - WARNING - Subject 34257 has regions with zero variance (indices: [ 22 124 166 168 182]). Marking for exclusion, but computing matrix with zeros for now.
2025-04-15 01:21:19,057 - root - WARNING - Subject 34258 has regions with zero variance (indices: [ 22 124 166 168 182]). Marking for exclusion, but computing matrix with zeros for now.
2025-04-15 01:21:19,075 - root - WARNING - Subject 34259 has regions with zero variance (indices: [ 22 124 166 168 182]). Marking for exclusion, but computing matrix with zeros for now.
2025-04-15 01:21:19,093 - root - WARNING - Subject 34260 has regions with zero variance (indices: [ 22 124 166 168 182]). Marking for exclusion, but computing matrix with zeros for now.
2025-04-15 01:21:19,111 - root - WARNING - Subject 34261 has regions with zero variance (indices: [ 22 124 166 168 182]). Marking for exclusion, but computing matrix with zeros for now.
2025-04-15 01:21:19,130 - root - WARNING - Subject 34262 has regions with zero variance (indices: [ 22 124 166 168 182]). Marking for exclusion, but computing matrix with zeros for now.
2025-04-15 01:21:19,148 - root - WARNING - Subject 34263 has regions with zero variance (indices: [ 22 124 166 168 182]). Marking for exclusion, but computing matrix with zeros for now.
2025-04-15 01:21:19,166 - root - WARNING - Subject 34264 has regions with zero variance (indices: [ 22 124 166 168 182]). Marking for exclusion, but computing matrix with zeros for now.
2025-04-15 01:21:19,184 - root - WARNING - Subject 34265 has regions with zero variance (indices: [ 22 124 166 168 182]). Marking for exclusion, but computing matrix with zeros for now.
2025-04-15 01:21:19,202 - root - WARNING - Subject 34266 has regions with zero variance (indices: [ 22 124 166 168 182]). Marking for exclusion, but computing matrix with zeros for now.
2025-04-15 01:21:19,221 - root - WARNING - Subject 34267 has regions with zero variance (indices: [ 22 124 166 168 182]). Marking for exclusion, but computing matrix with zeros for now.
2025-04-15 01:21:19,239 - root - WARNING - Subject 34268 has regions with zero variance (indices: [ 22 124 166 168 182]). Marking for exclusion, but computing matrix with zeros for now.
2025-04-15 01:21:19,257 - root - WARNING - Subject 34269 has regions with zero variance (indices: [ 22 124 166 168 182]). Marking for exclusion, but computing matrix with zeros for now.
2025-04-15 01:21:19,275 - root - WARNING - Subject 34270 has regions with zero variance (indices: [ 22 124 166 168 182]). Marking for exclusion, but computing matrix with zeros for now.
2025-04-15 01:21:19,294 - root - WARNING - Subject 34271 has regions with zero variance (indices: [ 22 124 166 168 182]). Marking for exclusion, but computing matrix with zeros for now.
2025-04-15 01:21:19,312 - root - WARNING - Subject 34272 has regions with zero variance (indices: [ 22 124 166 168 182]). Marking for exclusion, but computing matrix with zeros for now.
2025-04-15 01:21:19,330 - root - WARNING - Subject 34273 has regions with zero variance (indices: [ 22 124 166 168 182]). Marking for exclusion, but computing matrix with zeros for now.
2025-04-15 01:21:19,348 - root - WARNING - Subject 34274 has regions with zero variance (indices: [ 22 124 166 168 182]). Marking for exclusion, but computing matrix with zeros for now.
2025-04-15 01:21:19,367 - root - WARNING - Subject 34275 has regions with zero variance (indices: [ 22 124 166 168 182]). Marking for exclusion, but computing matrix with zeros for now.
2025-04-15 01:21:19,385 - root - WARNING - Subject 34276 has regions with zero variance (indices: [ 22 124 166 168 182]). Marking for exclusion, but computing matrix with zeros for now.
2025-04-15 01:21:19,403 - root - WARNING - Subject 34277 has regions with zero variance (indices: [ 22 124 166 168 182]). Marking for exclusion, but computing matrix with zeros for now.
2025-04-15 01:21:19,421 - root - WARNING - Subject 34278 has regions with zero variance (indices: [ 22 124 166 168 182]). Marking for exclusion, but computing matrix with zeros for now.
2025-04-15 01:21:19,439 - root - WARNING - Subject 34279 has regions with zero variance (indices: [ 22 124 166 168 182]). Marking for exclusion, but computing matrix with zeros for now.
2025-04-15 01:21:19,457 - root - WARNING - Subject 34280 has regions with zero variance (indices: [ 22 124 166 168 182]). Marking for exclusion, but computing matrix with zeros for now.
2025-04-15 01:21:19,476 - root - WARNING - Subject 34281 has regions with zero variance (indices: [ 22 124 166 168 182]). Marking for exclusion, but computing matrix with zeros for now.
2025-04-15 01:21:19,494 - root - WARNING - Subject 34282 has regions with zero variance (indices: [ 22 124 166 168 182]). Marking for exclusion, but computing matrix with zeros for now.
2025-04-15 01:21:19,512 - root - WARNING - Subject 34283 has regions with zero variance (indices: [ 22 124 166 168 182]). Marking for exclusion, but computing matrix with zeros for now.
2025-04-15 01:21:19,531 - root - WARNING - Subject 34284 has regions with zero variance (indices: [ 22 124 166 168 182]). Marking for exclusion, but computing matrix with zeros for now.
2025-04-15 01:21:19,549 - root - WARNING - Subject 34285 has regions with zero variance (indices: [ 22 124 166 168 182]). Marking for exclusion, but computing matrix with zeros for now.
2025-04-15 01:21:19,567 - root - WARNING - Subject 34286 has regions with zero variance (indices: [ 22 124 166 168 182]). Marking for exclusion, but computing matrix with zeros for now.
2025-04-15 01:21:19,586 - root - WARNING - Subject 34287 has regions with zero variance (indices: [ 22 124 166 168 182]). Marking for exclusion, but computing matrix with zeros for now.
2025-04-15 01:21:19,604 - root - WARNING - Subject 34288 has regions with zero variance (indices: [ 22 124 166 168 182]). Marking for exclusion, but computing matrix with zeros for now.
2025-04-15 01:21:19,622 - root - WARNING - Subject 34289 has regions with zero variance (indices: [ 22 124 166 168 182]). Marking for exclusion, but computing matrix with zeros for now.
2025-04-15 01:21:19,640 - root - WARNING - Subject 34290 has regions with zero variance (indices: [ 22 124 166 168 182]). Marking for exclusion, but computing matrix with zeros for now.
2025-04-15 01:21:19,658 - root - WARNING - Subject 34291 has regions with zero variance (indices: [ 22 124 166 168 182]). Marking for exclusion, but computing matrix with zeros for now.
2025-04-15 01:21:19,676 - root - WARNING - Subject 34292 has regions with zero variance (indices: [ 22 124 166 168 182]). Marking for exclusion, but computing matrix with zeros for now.
2025-04-15 01:21:19,694 - root - WARNING - Subject 34293 has regions with zero variance (indices: [ 22 124 166 168 182]). Marking for exclusion, but computing matrix with zeros for now.
2025-04-15 01:21:19,713 - root - WARNING - Subject 34294 has regions with zero variance (indices: [ 22 124 166 168 182]). Marking for exclusion, but computing matrix with zeros for now.
2025-04-15 01:21:19,731 - root - WARNING - Subject 34295 has regions with zero variance (indices: [ 22 124 166 168 182]). Marking for exclusion, but computing matrix with zeros for now.
2025-04-15 01:21:19,749 - root - WARNING - Subject 34296 has regions with zero variance (indices: [ 22 124 166 168 182]). Marking for exclusion, but computing matrix with zeros for now.
2025-04-15 01:21:19,767 - root - WARNING - Subject 34297 has regions with zero variance (indices: [ 22 124 166 168 182]). Marking for exclusion, but computing matrix with zeros for now.
2025-04-15 01:21:19,785 - root - WARNING - Subject 34298 has regions with zero variance (indices: [ 22 124 166 168 182]). Marking for exclusion, but computing matrix with zeros for now.
2025-04-15 01:21:19,803 - root - WARNING - Subject 34299 has regions with zero variance (indices: [ 22 124 166 168 182]). Marking for exclusion, but computing matrix with zeros for now.
2025-04-15 01:21:19,821 - root - WARNING - Subject 34300 has regions with zero variance (indices: [ 22 124 166 168 182]). Marking for exclusion, but computing matrix with zeros for now.
2025-04-15 01:21:19,839 - root - WARNING - Subject 34301 has regions with zero variance (indices: [ 22 124 166 168 182]). Marking for exclusion, but computing matrix with zeros for now.
2025-04-15 01:21:19,857 - root - WARNING - Subject 34302 has regions with zero variance (indices: [ 22 124 166 168 182]). Marking for exclusion, but computing matrix with zeros for now.
2025-04-15 01:21:19,875 - root - WARNING - Subject 34303 has regions with zero variance (indices: [ 22 124 166 168 182]). Marking for exclusion, but computing matrix with zeros for now.
2025-04-15 01:21:19,894 - root - WARNING - Subject 34304 has regions with zero variance (indices: [ 22 124 166 168 182]). Marking for exclusion, but computing matrix with zeros for now.
2025-04-15 01:21:19,912 - root - WARNING - Subject 34305 has regions with zero variance (indices: [ 22 124 166 168 182]). Marking for exclusion, but computing matrix with zeros for now.
2025-04-15 01:21:19,930 - root - WARNING - Subject 34306 has regions with zero variance (indices: [ 22 124 166 168 182]). Marking for exclusion, but computing matrix with zeros for now.
2025-04-15 01:21:19,948 - root - WARNING - Subject 34307 has regions with zero variance (indices: [ 22 124 166 168 182]). Marking for exclusion, but computing matrix with zeros for now.
2025-04-15 01:21:19,966 - root - WARNING - Subject 34308 has regions with zero variance (indices: [ 22 124 166 168 182]). Marking for exclusion, but computing matrix with zeros for now.
2025-04-15 01:21:19,985 - root - WARNING - Subject 34309 has regions with zero variance (indices: [ 22 124 166 168 182]). Marking for exclusion, but computing matrix with zeros for now.
2025-04-15 01:21:20,003 - root - WARNING - Subject 34310 has regions with zero variance (indices: [ 22 124 166 168 182]). Marking for exclusion, but computing matrix with zeros for now.
2025-04-15 01:21:20,021 - root - WARNING - Subject 34311 has regions with zero variance (indices: [ 22 124 166 168 182]). Marking for exclusion, but computing matrix with zeros for now.
2025-04-15 01:21:20,039 - root - WARNING - Subject 34312 has regions with zero variance (indices: [ 22 124 166 168 182]). Marking for exclusion, but computing matrix with zeros for now.
2025-04-15 01:21:20,057 - root - WARNING - Subject 34313 has regions with zero variance (indices: [ 22 124 166 168 182]). Marking for exclusion, but computing matrix with zeros for now.
2025-04-15 01:21:20,076 - root - WARNING - Subject 34314 has regions with zero variance (indices: [ 22 124 166 168 182]). Marking for exclusion, but computing matrix with zeros for now.
2025-04-15 01:21:20,094 - root - WARNING - Subject 34315 has regions with zero variance (indices: [ 22 124 166 168 182]). Marking for exclusion, but computing matrix with zeros for now.
2025-04-15 01:21:20,112 - root - WARNING - Subject 34316 has regions with zero variance (indices: [ 22 124 166 168 182]). Marking for exclusion, but computing matrix with zeros for now.
2025-04-15 01:21:20,130 - root - WARNING - Subject 34317 has regions with zero variance (indices: [ 22 124 166 168 182]). Marking for exclusion, but computing matrix with zeros for now.
2025-04-15 01:21:20,149 - root - WARNING - Subject 34318 has regions with zero variance (indices: [ 22 124 166 168 182]). Marking for exclusion, but computing matrix with zeros for now.
2025-04-15 01:21:20,167 - root - WARNING - Subject 34319 has regions with zero variance (indices: [ 22 124 166 168 182]). Marking for exclusion, but computing matrix with zeros for now.
2025-04-15 01:21:20,185 - root - WARNING - Subject 34320 has regions with zero variance (indices: [ 22 124 166 168 182]). Marking for exclusion, but computing matrix with zeros for now.
2025-04-15 01:21:20,203 - root - WARNING - Subject 34321 has regions with zero variance (indices: [ 22 124 166 168 182]). Marking for exclusion, but computing matrix with zeros for now.
2025-04-15 01:21:20,221 - root - WARNING - Subject 34322 has regions with zero variance (indices: [ 22 124 166 168 182]). Marking for exclusion, but computing matrix with zeros for now.
2025-04-15 01:21:20,240 - root - WARNING - Subject 34323 has regions with zero variance (indices: [ 22 124 166 168 182]). Marking for exclusion, but computing matrix with zeros for now.
2025-04-15 01:21:20,258 - root - WARNING - Subject 34324 has regions with zero variance (indices: [ 22 124 166 168 182]). Marking for exclusion, but computing matrix with zeros for now.
2025-04-15 01:21:20,276 - root - WARNING - Subject 34325 has regions with zero variance (indices: [ 22 124 166 168 182]). Marking for exclusion, but computing matrix with zeros for now.
2025-04-15 01:21:20,294 - root - WARNING - Subject 34326 has regions with zero variance (indices: [ 22 124 166 168 182]). Marking for exclusion, but computing matrix with zeros for now.
2025-04-15 01:21:20,312 - root - WARNING - Subject 34327 has regions with zero variance (indices: [ 22 124 166 168 182]). Marking for exclusion, but computing matrix with zeros for now.
2025-04-15 01:21:20,331 - root - WARNING - Subject 34328 has regions with zero variance (indices: [ 22 124 166 168 182]). Marking for exclusion, but computing matrix with zeros for now.
2025-04-15 01:21:20,349 - root - WARNING - Subject 34329 has regions with zero variance (indices: [ 22 124 166 168 182]). Marking for exclusion, but computing matrix with zeros for now.
2025-04-15 01:21:20,367 - root - WARNING - Subject 34330 has regions with zero variance (indices: [ 22 124 166 168 182]). Marking for exclusion, but computing matrix with zeros for now.
2025-04-15 01:21:20,385 - root - WARNING - Subject 34331 has regions with zero variance (indices: [ 22 124 166 168 182]). Marking for exclusion, but computing matrix with zeros for now.
2025-04-15 01:21:20,404 - root - WARNING - Subject 34332 has regions with zero variance (indices: [ 22 124 166 168 182]). Marking for exclusion, but computing matrix with zeros for now.
2025-04-15 01:21:20,422 - root - WARNING - Subject 34333 has regions with zero variance (indices: [ 22 124 166 168 182]). Marking for exclusion, but computing matrix with zeros for now.
2025-04-15 01:21:20,440 - root - WARNING - Subject 34334 has regions with zero variance (indices: [ 22 124 166 168 182]). Marking for exclusion, but computing matrix with zeros for now.
2025-04-15 01:21:20,458 - root - WARNING - Subject 34335 has regions with zero variance (indices: [ 22 124 166 168 182]). Marking for exclusion, but computing matrix with zeros for now.
2025-04-15 01:21:20,476 - root - WARNING - Subject 34336 has regions with zero variance (indices: [ 22 124 166 168 182]). Marking for exclusion, but computing matrix with zeros for now.
2025-04-15 01:21:20,494 - root - WARNING - Subject 34337 has regions with zero variance (indices: [ 22 124 166 168 182]). Marking for exclusion, but computing matrix with zeros for now.
2025-04-15 01:21:20,513 - root - WARNING - Subject 34338 has regions with zero variance (indices: [ 22 124 166 168 182]). Marking for exclusion, but computing matrix with zeros for now.
2025-04-15 01:21:20,531 - root - WARNING - Subject 34339 has regions with zero variance (indices: [ 22 124 166 168 182]). Marking for exclusion, but computing matrix with zeros for now.
2025-04-15 01:21:47,448 - root - WARNING - Subject 76342 has regions with zero variance (indices: [31]). Marking for exclusion, but computing matrix with zeros for now.
2025-04-15 01:21:47,469 - root - WARNING - Subject 76343 has regions with zero variance (indices: [31]). Marking for exclusion, but computing matrix with zeros for now.
2025-04-15 01:21:47,487 - root - WARNING - Subject 76344 has regions with zero variance (indices: [31]). Marking for exclusion, but computing matrix with zeros for now.
2025-04-15 01:21:47,506 - root - WARNING - Subject 76345 has regions with zero variance (indices: [31]). Marking for exclusion, but computing matrix with zeros for now.
2025-04-15 01:21:47,525 - root - WARNING - Subject 76346 has regions with zero variance (indices: [31]). Marking for exclusion, but computing matrix with zeros for now.
2025-04-15 01:21:47,543 - root - WARNING - Subject 76347 has regions with zero variance (indices: [31]). Marking for exclusion, but computing matrix with zeros for now.
2025-04-15 01:21:47,561 - root - WARNING - Subject 76348 has regions with zero variance (indices: [31]). Marking for exclusion, but computing matrix with zeros for now.
2025-04-15 01:21:47,580 - root - WARNING - Subject 76349 has regions with zero variance (indices: [31]). Marking for exclusion, but computing matrix with zeros for now.
2025-04-15 01:21:47,599 - root - WARNING - Subject 76350 has regions with zero variance (indices: [31]). Marking for exclusion, but computing matrix with zeros for now.
2025-04-15 01:21:47,618 - root - WARNING - Subject 76351 has regions with zero variance (indices: [31]). Marking for exclusion, but computing matrix with zeros for now.
2025-04-15 01:21:47,636 - root - WARNING - Subject 76352 has regions with zero variance (indices: [31]). Marking for exclusion, but computing matrix with zeros for now.
2025-04-15 01:21:47,655 - root - WARNING - Subject 76353 has regions with zero variance (indices: [31]). Marking for exclusion, but computing matrix with zeros for now.
2025-04-15 01:21:47,674 - root - WARNING - Subject 76354 has regions with zero variance (indices: [31]). Marking for exclusion, but computing matrix with zeros for now.
2025-04-15 01:21:47,693 - root - WARNING - Subject 76355 has regions with zero variance (indices: [31]). Marking for exclusion, but computing matrix with zeros for now.
2025-04-15 01:21:47,711 - root - WARNING - Subject 76356 has regions with zero variance (indices: [31]). Marking for exclusion, but computing matrix with zeros for now.
2025-04-15 01:21:47,729 - root - WARNING - Subject 76357 has regions with zero variance (indices: [31]). Marking for exclusion, but computing matrix with zeros for now.
2025-04-15 01:21:47,748 - root - WARNING - Subject 76358 has regions with zero variance (indices: [31]). Marking for exclusion, but computing matrix with zeros for now.
2025-04-15 01:21:47,766 - root - WARNING - Subject 76359 has regions with zero variance (indices: [31]). Marking for exclusion, but computing matrix with zeros for now.
2025-04-15 01:21:47,785 - root - WARNING - Subject 76360 has regions with zero variance (indices: [31]). Marking for exclusion, but computing matrix with zeros for now.
2025-04-15 01:21:47,803 - root - WARNING - Subject 76361 has regions with zero variance (indices: [31]). Marking for exclusion, but computing matrix with zeros for now.
2025-04-15 01:21:47,822 - root - WARNING - Subject 76362 has regions with zero variance (indices: [31]). Marking for exclusion, but computing matrix with zeros for now.
2025-04-15 01:21:47,840 - root - WARNING - Subject 76363 has regions with zero variance (indices: [31]). Marking for exclusion, but computing matrix with zeros for now.
2025-04-15 01:21:47,859 - root - WARNING - Subject 76364 has regions with zero variance (indices: [31]). Marking for exclusion, but computing matrix with zeros for now.
2025-04-15 01:21:47,878 - root - WARNING - Subject 76365 has regions with zero variance (indices: [31]). Marking for exclusion, but computing matrix with zeros for now.
2025-04-15 01:21:47,897 - root - WARNING - Subject 76366 has regions with zero variance (indices: [31]). Marking for exclusion, but computing matrix with zeros for now.
2025-04-15 01:21:47,916 - root - WARNING - Subject 76367 has regions with zero variance (indices: [31]). Marking for exclusion, but computing matrix with zeros for now.
2025-04-15 01:21:47,934 - root - WARNING - Subject 76368 has regions with zero variance (indices: [31]). Marking for exclusion, but computing matrix with zeros for now.
2025-04-15 01:21:47,953 - root - WARNING - Subject 76369 has regions with zero variance (indices: [31]). Marking for exclusion, but computing matrix with zeros for now.
2025-04-15 01:21:47,972 - root - WARNING - Subject 76370 has regions with zero variance (indices: [31]). Marking for exclusion, but computing matrix with zeros for now.
2025-04-15 01:21:47,991 - root - WARNING - Subject 76371 has regions with zero variance (indices: [31]). Marking for exclusion, but computing matrix with zeros for now.
2025-04-15 01:21:48,009 - root - WARNING - Subject 76372 has regions with zero variance (indices: [31]). Marking for exclusion, but computing matrix with zeros for now.
2025-04-15 01:21:48,028 - root - WARNING - Subject 76373 has regions with zero variance (indices: [31]). Marking for exclusion, but computing matrix with zeros for now.
2025-04-15 01:21:48,047 - root - WARNING - Subject 76374 has regions with zero variance (indices: [31]). Marking for exclusion, but computing matrix with zeros for now.
2025-04-15 01:21:48,065 - root - WARNING - Subject 76375 has regions with zero variance (indices: [31]). Marking for exclusion, but computing matrix with zeros for now.
2025-04-15 01:21:48,083 - root - WARNING - Subject 76376 has regions with zero variance (indices: [31]). Marking for exclusion, but computing matrix with zeros for now.
2025-04-15 01:21:48,102 - root - WARNING - Subject 76377 has regions with zero variance (indices: [31]). Marking for exclusion, but computing matrix with zeros for now.
2025-04-15 01:21:48,120 - root - WARNING - Subject 76378 has regions with zero variance (indices: [31]). Marking for exclusion, but computing matrix with zeros for now.
2025-04-15 01:21:48,139 - root - WARNING - Subject 76379 has regions with zero variance (indices: [31]). Marking for exclusion, but computing matrix with zeros for now.
2025-04-15 01:21:48,157 - root - WARNING - Subject 76380 has regions with zero variance (indices: [31]). Marking for exclusion, but computing matrix with zeros for now.
2025-04-15 01:21:48,176 - root - WARNING - Subject 76381 has regions with zero variance (indices: [31]). Marking for exclusion, but computing matrix with zeros for now.
2025-04-15 01:21:48,194 - root - WARNING - Subject 76382 has regions with zero variance (indices: [31]). Marking for exclusion, but computing matrix with zeros for now.
2025-04-15 01:21:48,213 - root - WARNING - Subject 76383 has regions with zero variance (indices: [31]). Marking for exclusion, but computing matrix with zeros for now.
2025-04-15 01:21:48,231 - root - WARNING - Subject 76384 has regions with zero variance (indices: [31]). Marking for exclusion, but computing matrix with zeros for now.
2025-04-15 01:21:48,250 - root - WARNING - Subject 76385 has regions with zero variance (indices: [31]). Marking for exclusion, but computing matrix with zeros for now.
2025-04-15 01:21:48,269 - root - WARNING - Subject 76386 has regions with zero variance (indices: [31]). Marking for exclusion, but computing matrix with zeros for now.
2025-04-15 01:21:48,288 - root - WARNING - Subject 76387 has regions with zero variance (indices: [31]). Marking for exclusion, but computing matrix with zeros for now.
2025-04-15 01:21:48,307 - root - WARNING - Subject 76388 has regions with zero variance (indices: [31]). Marking for exclusion, but computing matrix with zeros for now.
2025-04-15 01:21:48,325 - root - WARNING - Subject 76389 has regions with zero variance (indices: [31]). Marking for exclusion, but computing matrix with zeros for now.
2025-04-15 01:21:48,343 - root - WARNING - Subject 76390 has regions with zero variance (indices: [31]). Marking for exclusion, but computing matrix with zeros for now.
2025-04-15 01:21:48,362 - root - WARNING - Subject 76391 has regions with zero variance (indices: [31]). Marking for exclusion, but computing matrix with zeros for now.
2025-04-15 01:21:48,380 - root - WARNING - Subject 76392 has regions with zero variance (indices: [31]). Marking for exclusion, but computing matrix with zeros for now.
2025-04-15 01:21:48,399 - root - WARNING - Subject 76393 has regions with zero variance (indices: [31]). Marking for exclusion, but computing matrix with zeros for now.
2025-04-15 01:21:48,418 - root - WARNING - Subject 76394 has regions with zero variance (indices: [31]). Marking for exclusion, but computing matrix with zeros for now.
2025-04-15 01:21:48,436 - root - WARNING - Subject 76395 has regions with zero variance (indices: [31]). Marking for exclusion, but computing matrix with zeros for now.
2025-04-15 01:21:48,455 - root - WARNING - Subject 76396 has regions with zero variance (indices: [31]). Marking for exclusion, but computing matrix with zeros for now.
2025-04-15 01:21:48,473 - root - WARNING - Subject 76397 has regions with zero variance (indices: [31]). Marking for exclusion, but computing matrix with zeros for now.
2025-04-15 01:21:48,491 - root - WARNING - Subject 76398 has regions with zero variance (indices: [31]). Marking for exclusion, but computing matrix with zeros for now.
2025-04-15 01:21:48,510 - root - WARNING - Subject 76399 has regions with zero variance (indices: [31]). Marking for exclusion, but computing matrix with zeros for now.
2025-04-15 01:21:48,528 - root - WARNING - Subject 76400 has regions with zero variance (indices: [31]). Marking for exclusion, but computing matrix with zeros for now.
2025-04-15 01:21:48,547 - root - WARNING - Subject 76401 has regions with zero variance (indices: [31]). Marking for exclusion, but computing matrix with zeros for now.
2025-04-15 01:21:48,566 - root - WARNING - Subject 76402 has regions with zero variance (indices: [31]). Marking for exclusion, but computing matrix with zeros for now.
2025-04-15 01:21:48,584 - root - WARNING - Subject 76403 has regions with zero variance (indices: [31]). Marking for exclusion, but computing matrix with zeros for now.
2025-04-15 01:21:48,603 - root - WARNING - Subject 76404 has regions with zero variance (indices: [31]). Marking for exclusion, but computing matrix with zeros for now.
2025-04-15 01:21:48,621 - root - WARNING - Subject 76405 has regions with zero variance (indices: [31]). Marking for exclusion, but computing matrix with zeros for now.
2025-04-15 01:21:48,640 - root - WARNING - Subject 76406 has regions with zero variance (indices: [31]). Marking for exclusion, but computing matrix with zeros for now.
2025-04-15 01:21:48,658 - root - WARNING - Subject 76407 has regions with zero variance (indices: [31]). Marking for exclusion, but computing matrix with zeros for now.
2025-04-15 01:21:48,677 - root - WARNING - Subject 76408 has regions with zero variance (indices: [31]). Marking for exclusion, but computing matrix with zeros for now.
2025-04-15 01:21:48,695 - root - WARNING - Subject 76409 has regions with zero variance (indices: [31]). Marking for exclusion, but computing matrix with zeros for now.
2025-04-15 01:21:48,714 - root - WARNING - Subject 76410 has regions with zero variance (indices: [31]). Marking for exclusion, but computing matrix with zeros for now.
2025-04-15 01:21:48,732 - root - WARNING - Subject 76411 has regions with zero variance (indices: [31]). Marking for exclusion, but computing matrix with zeros for now.
2025-04-15 01:21:48,750 - root - WARNING - Subject 76412 has regions with zero variance (indices: [31]). Marking for exclusion, but computing matrix with zeros for now.
2025-04-15 01:21:48,769 - root - WARNING - Subject 76413 has regions with zero variance (indices: [31]). Marking for exclusion, but computing matrix with zeros for now.
2025-04-15 01:21:48,788 - root - WARNING - Subject 76414 has regions with zero variance (indices: [31]). Marking for exclusion, but computing matrix with zeros for now.
2025-04-15 01:21:48,807 - root - WARNING - Subject 76415 has regions with zero variance (indices: [31]). Marking for exclusion, but computing matrix with zeros for now.
2025-04-15 01:21:48,826 - root - WARNING - Subject 76416 has regions with zero variance (indices: [31]). Marking for exclusion, but computing matrix with zeros for now.
2025-04-15 01:21:48,845 - root - WARNING - Subject 76417 has regions with zero variance (indices: [31]). Marking for exclusion, but computing matrix with zeros for now.
2025-04-15 01:21:48,864 - root - WARNING - Subject 76418 has regions with zero variance (indices: [31]). Marking for exclusion, but computing matrix with zeros for now.
2025-04-15 01:21:48,882 - root - WARNING - Subject 76419 has regions with zero variance (indices: [31]). Marking for exclusion, but computing matrix with zeros for now.
2025-04-15 01:21:48,901 - root - WARNING - Subject 76420 has regions with zero variance (indices: [31]). Marking for exclusion, but computing matrix with zeros for now.
2025-04-15 01:21:48,919 - root - WARNING - Subject 76421 has regions with zero variance (indices: [31]). Marking for exclusion, but computing matrix with zeros for now.
2025-04-15 01:21:48,938 - root - WARNING - Subject 76422 has regions with zero variance (indices: [31]). Marking for exclusion, but computing matrix with zeros for now.
2025-04-15 01:21:48,956 - root - WARNING - Subject 76423 has regions with zero variance (indices: [31]). Marking for exclusion, but computing matrix with zeros for now.
2025-04-15 01:21:48,975 - root - WARNING - Subject 76424 has regions with zero variance (indices: [31]). Marking for exclusion, but computing matrix with zeros for now.
2025-04-15 01:21:48,993 - root - WARNING - Subject 76425 has regions with zero variance (indices: [31]). Marking for exclusion, but computing matrix with zeros for now.
2025-04-15 01:21:49,012 - root - WARNING - Subject 76426 has regions with zero variance (indices: [31]). Marking for exclusion, but computing matrix with zeros for now.
2025-04-15 01:21:49,031 - root - WARNING - Subject 76427 has regions with zero variance (indices: [31]). Marking for exclusion, but computing matrix with zeros for now.
2025-04-15 01:21:49,049 - root - WARNING - Subject 76428 has regions with zero variance (indices: [31]). Marking for exclusion, but computing matrix with zeros for now.
2025-04-15 01:21:49,068 - root - WARNING - Subject 76429 has regions with zero variance (indices: [31]). Marking for exclusion, but computing matrix with zeros for now.
2025-04-15 01:21:49,087 - root - WARNING - Subject 76430 has regions with zero variance (indices: [31]). Marking for exclusion, but computing matrix with zeros for now.
2025-04-15 01:21:49,106 - root - WARNING - Subject 76431 has regions with zero variance (indices: [31]). Marking for exclusion, but computing matrix with zeros for now.
2025-04-15 01:21:49,124 - root - WARNING - Subject 76432 has regions with zero variance (indices: [31]). Marking for exclusion, but computing matrix with zeros for now.
2025-04-15 01:21:49,142 - root - WARNING - Subject 76433 has regions with zero variance (indices: [31]). Marking for exclusion, but computing matrix with zeros for now.
2025-04-15 01:21:49,161 - root - WARNING - Subject 76434 has regions with zero variance (indices: [31]). Marking for exclusion, but computing matrix with zeros for now.
2025-04-15 01:21:49,179 - root - WARNING - Subject 76435 has regions with zero variance (indices: [31]). Marking for exclusion, but computing matrix with zeros for now.
2025-04-15 01:21:49,198 - root - WARNING - Subject 76436 has regions with zero variance (indices: [31]). Marking for exclusion, but computing matrix with zeros for now.
2025-04-15 01:21:49,217 - root - WARNING - Subject 76437 has regions with zero variance (indices: [31]). Marking for exclusion, but computing matrix with zeros for now.
2025-04-15 01:21:49,236 - root - WARNING - Subject 76438 has regions with zero variance (indices: [31]). Marking for exclusion, but computing matrix with zeros for now.
2025-04-15 01:21:49,255 - root - WARNING - Subject 76439 has regions with zero variance (indices: [31]). Marking for exclusion, but computing matrix with zeros for now.
2025-04-15 01:21:49,273 - root - WARNING - Subject 76440 has regions with zero variance (indices: [31]). Marking for exclusion, but computing matrix with zeros for now.
2025-04-15 01:21:49,292 - root - WARNING - Subject 76441 has regions with zero variance (indices: [31]). Marking for exclusion, but computing matrix with zeros for now.
2025-04-15 01:21:49,311 - root - WARNING - Subject 76442 has regions with zero variance (indices: [31]). Marking for exclusion, but computing matrix with zeros for now.
2025-04-15 01:21:49,330 - root - WARNING - Subject 76443 has regions with zero variance (indices: [31]). Marking for exclusion, but computing matrix with zeros for now.
2025-04-15 01:21:49,349 - root - WARNING - Subject 76444 has regions with zero variance (indices: [31]). Marking for exclusion, but computing matrix with zeros for now.
2025-04-15 01:21:49,367 - root - WARNING - Subject 76445 has regions with zero variance (indices: [31]). Marking for exclusion, but computing matrix with zeros for now.
2025-04-15 01:21:49,386 - root - WARNING - Subject 76446 has regions with zero variance (indices: [31]). Marking for exclusion, but computing matrix with zeros for now.
2025-04-15 01:21:49,404 - root - WARNING - Subject 76447 has regions with zero variance (indices: [31]). Marking for exclusion, but computing matrix with zeros for now.
2025-04-15 01:21:49,423 - root - WARNING - Subject 76448 has regions with zero variance (indices: [31]). Marking for exclusion, but computing matrix with zeros for now.
2025-04-15 01:21:49,442 - root - WARNING - Subject 76449 has regions with zero variance (indices: [31]). Marking for exclusion, but computing matrix with zeros for now.
2025-04-15 01:21:49,460 - root - WARNING - Subject 76450 has regions with zero variance (indices: [31]). Marking for exclusion, but computing matrix with zeros for now.
2025-04-15 01:21:49,479 - root - WARNING - Subject 76451 has regions with zero variance (indices: [31]). Marking for exclusion, but computing matrix with zeros for now.
2025-04-15 01:21:49,497 - root - WARNING - Subject 76452 has regions with zero variance (indices: [31]). Marking for exclusion, but computing matrix with zeros for now.
2025-04-15 01:21:49,516 - root - WARNING - Subject 76453 has regions with zero variance (indices: [31]). Marking for exclusion, but computing matrix with zeros for now.
2025-04-15 01:21:49,535 - root - WARNING - Subject 76454 has regions with zero variance (indices: [31]). Marking for exclusion, but computing matrix with zeros for now.
2025-04-15 01:21:49,553 - root - WARNING - Subject 76455 has regions with zero variance (indices: [31]). Marking for exclusion, but computing matrix with zeros for now.
2025-04-15 01:21:49,572 - root - WARNING - Subject 76456 has regions with zero variance (indices: [31]). Marking for exclusion, but computing matrix with zeros for now.
2025-04-15 01:21:49,591 - root - WARNING - Subject 76457 has regions with zero variance (indices: [31]). Marking for exclusion, but computing matrix with zeros for now.
2025-04-15 01:21:49,609 - root - WARNING - Subject 76458 has regions with zero variance (indices: [31]). Marking for exclusion, but computing matrix with zeros for now.
2025-04-15 01:21:49,628 - root - WARNING - Subject 76459 has regions with zero variance (indices: [31]). Marking for exclusion, but computing matrix with zeros for now.
2025-04-15 01:21:49,647 - root - WARNING - Subject 76460 has regions with zero variance (indices: [31]). Marking for exclusion, but computing matrix with zeros for now.
2025-04-15 01:21:49,665 - root - WARNING - Subject 76461 has regions with zero variance (indices: [31]). Marking for exclusion, but computing matrix with zeros for now.
2025-04-15 01:21:49,684 - root - WARNING - Subject 76462 has regions with zero variance (indices: [31]). Marking for exclusion, but computing matrix with zeros for now.
2025-04-15 01:21:49,703 - root - WARNING - Subject 76463 has regions with zero variance (indices: [31]). Marking for exclusion, but computing matrix with zeros for now.
2025-04-15 01:21:49,721 - root - WARNING - Subject 76464 has regions with zero variance (indices: [31]). Marking for exclusion, but computing matrix with zeros for now.
2025-04-15 01:21:49,740 - root - WARNING - Subject 76465 has regions with zero variance (indices: [31]). Marking for exclusion, but computing matrix with zeros for now.
2025-04-15 01:21:49,759 - root - WARNING - Subject 76466 has regions with zero variance (indices: [31]). Marking for exclusion, but computing matrix with zeros for now.
2025-04-15 01:21:49,778 - root - WARNING - Subject 76467 has regions with zero variance (indices: [31]). Marking for exclusion, but computing matrix with zeros for now.
2025-04-15 01:21:49,796 - root - WARNING - Subject 76468 has regions with zero variance (indices: [31]). Marking for exclusion, but computing matrix with zeros for now.
2025-04-15 01:21:49,815 - root - WARNING - Subject 76469 has regions with zero variance (indices: [31]). Marking for exclusion, but computing matrix with zeros for now.
2025-04-15 01:21:49,833 - root - WARNING - Subject 76470 has regions with zero variance (indices: [31]). Marking for exclusion, but computing matrix with zeros for now.
2025-04-15 01:21:49,852 - root - WARNING - Subject 76471 has regions with zero variance (indices: [31]). Marking for exclusion, but computing matrix with zeros for now.
2025-04-15 01:21:49,871 - root - WARNING - Subject 76472 has regions with zero variance (indices: [31]). Marking for exclusion, but computing matrix with zeros for now.
2025-04-15 01:21:49,890 - root - WARNING - Subject 76473 has regions with zero variance (indices: [31]). Marking for exclusion, but computing matrix with zeros for now.
2025-04-15 01:21:49,908 - root - WARNING - Subject 76474 has regions with zero variance (indices: [31]). Marking for exclusion, but computing matrix with zeros for now.
2025-04-15 01:21:49,926 - root - WARNING - Subject 76475 has regions with zero variance (indices: [31]). Marking for exclusion, but computing matrix with zeros for now.
2025-04-15 01:21:49,946 - root - WARNING - Subject 76476 has regions with zero variance (indices: [31]). Marking for exclusion, but computing matrix with zeros for now.
2025-04-15 01:21:49,964 - root - WARNING - Subject 76477 has regions with zero variance (indices: [31]). Marking for exclusion, but computing matrix with zeros for now.
2025-04-15 01:21:49,983 - root - WARNING - Subject 76478 has regions with zero variance (indices: [31]). Marking for exclusion, but computing matrix with zeros for now.
2025-04-15 01:21:50,002 - root - WARNING - Subject 76479 has regions with zero variance (indices: [31]). Marking for exclusion, but computing matrix with zeros for now.
2025-04-15 01:21:50,020 - root - WARNING - Subject 76480 has regions with zero variance (indices: [31]). Marking for exclusion, but computing matrix with zeros for now.
2025-04-15 01:21:50,039 - root - WARNING - Subject 76481 has regions with zero variance (indices: [31]). Marking for exclusion, but computing matrix with zeros for now.
2025-04-15 01:21:50,057 - root - WARNING - Subject 76482 has regions with zero variance (indices: [31]). Marking for exclusion, but computing matrix with zeros for now.
2025-04-15 01:21:50,076 - root - WARNING - Subject 76483 has regions with zero variance (indices: [31]). Marking for exclusion, but computing matrix with zeros for now.
2025-04-15 01:21:50,095 - root - WARNING - Subject 76484 has regions with zero variance (indices: [31]). Marking for exclusion, but computing matrix with zeros for now.
2025-04-15 01:21:50,113 - root - WARNING - Subject 76485 has regions with zero variance (indices: [31]). Marking for exclusion, but computing matrix with zeros for now.
2025-04-15 01:21:50,132 - root - WARNING - Subject 76486 has regions with zero variance (indices: [31]). Marking for exclusion, but computing matrix with zeros for now.
2025-04-15 01:21:50,151 - root - WARNING - Subject 76487 has regions with zero variance (indices: [31]). Marking for exclusion, but computing matrix with zeros for now.
2025-04-15 01:21:52,209 - root - WARNING - Subject 79846 has regions with zero variance (indices: [ 31 123 139 180 197]). Marking for exclusion, but computing matrix with zeros for now.
2025-04-15 01:21:52,228 - root - WARNING - Subject 79847 has regions with zero variance (indices: [ 31 123 139 180 197]). Marking for exclusion, but computing matrix with zeros for now.
2025-04-15 01:21:52,246 - root - WARNING - Subject 79848 has regions with zero variance (indices: [ 31 123 139 180 197]). Marking for exclusion, but computing matrix with zeros for now.
2025-04-15 01:21:52,264 - root - WARNING - Subject 79849 has regions with zero variance (indices: [ 31 123 139 180 197]). Marking for exclusion, but computing matrix with zeros for now.
2025-04-15 01:21:52,282 - root - WARNING - Subject 79850 has regions with zero variance (indices: [ 31 123 139 180 197]). Marking for exclusion, but computing matrix with zeros for now.
2025-04-15 01:21:52,300 - root - WARNING - Subject 79851 has regions with zero variance (indices: [ 31 123 139 180 197]). Marking for exclusion, but computing matrix with zeros for now.
2025-04-15 01:21:52,318 - root - WARNING - Subject 79852 has regions with zero variance (indices: [ 31 123 139 180 197]). Marking for exclusion, but computing matrix with zeros for now.
2025-04-15 01:21:52,336 - root - WARNING - Subject 79853 has regions with zero variance (indices: [ 31 123 139 180 197]). Marking for exclusion, but computing matrix with zeros for now.
2025-04-15 01:21:52,354 - root - WARNING - Subject 79854 has regions with zero variance (indices: [ 31 123 139 180 197]). Marking for exclusion, but computing matrix with zeros for now.
2025-04-15 01:21:52,372 - root - WARNING - Subject 79855 has regions with zero variance (indices: [ 31 123 139 180 197]). Marking for exclusion, but computing matrix with zeros for now.
2025-04-15 01:21:52,390 - root - WARNING - Subject 79856 has regions with zero variance (indices: [ 31 123 139 180 197]). Marking for exclusion, but computing matrix with zeros for now.
2025-04-15 01:21:52,408 - root - WARNING - Subject 79857 has regions with zero variance (indices: [ 31 123 139 180 197]). Marking for exclusion, but computing matrix with zeros for now.
2025-04-15 01:21:52,427 - root - WARNING - Subject 79858 has regions with zero variance (indices: [ 31 123 139 180 197]). Marking for exclusion, but computing matrix with zeros for now.
2025-04-15 01:21:52,445 - root - WARNING - Subject 79859 has regions with zero variance (indices: [ 31 123 139 180 197]). Marking for exclusion, but computing matrix with zeros for now.
2025-04-15 01:21:52,463 - root - WARNING - Subject 79860 has regions with zero variance (indices: [ 31 123 139 180 197]). Marking for exclusion, but computing matrix with zeros for now.
2025-04-15 01:21:52,481 - root - WARNING - Subject 79861 has regions with zero variance (indices: [ 31 123 139 180 197]). Marking for exclusion, but computing matrix with zeros for now.
2025-04-15 01:21:52,499 - root - WARNING - Subject 79862 has regions with zero variance (indices: [ 31 123 139 180 197]). Marking for exclusion, but computing matrix with zeros for now.
2025-04-15 01:21:52,517 - root - WARNING - Subject 79863 has regions with zero variance (indices: [ 31 123 139 180 197]). Marking for exclusion, but computing matrix with zeros for now.
2025-04-15 01:21:52,536 - root - WARNING - Subject 79864 has regions with zero variance (indices: [ 31 123 139 180 197]). Marking for exclusion, but computing matrix with zeros for now.
2025-04-15 01:21:52,554 - root - WARNING - Subject 79865 has regions with zero variance (indices: [ 31 123 139 180 197]). Marking for exclusion, but computing matrix with zeros for now.
2025-04-15 01:21:52,572 - root - WARNING - Subject 79866 has regions with zero variance (indices: [ 31 123 139 180 197]). Marking for exclusion, but computing matrix with zeros for now.
2025-04-15 01:21:52,590 - root - WARNING - Subject 79867 has regions with zero variance (indices: [ 31 123 139 180 197]). Marking for exclusion, but computing matrix with zeros for now.
2025-04-15 01:21:52,608 - root - WARNING - Subject 79868 has regions with zero variance (indices: [ 31 123 139 180 197]). Marking for exclusion, but computing matrix with zeros for now.
2025-04-15 01:21:52,626 - root - WARNING - Subject 79869 has regions with zero variance (indices: [ 31 123 139 180 197]). Marking for exclusion, but computing matrix with zeros for now.
2025-04-15 01:21:52,644 - root - WARNING - Subject 79870 has regions with zero variance (indices: [ 31 123 139 180 197]). Marking for exclusion, but computing matrix with zeros for now.
2025-04-15 01:21:52,662 - root - WARNING - Subject 79871 has regions with zero variance (indices: [ 31 123 139 180 197]). Marking for exclusion, but computing matrix with zeros for now.
2025-04-15 01:21:52,680 - root - WARNING - Subject 79872 has regions with zero variance (indices: [ 31 123 139 180 197]). Marking for exclusion, but computing matrix with zeros for now.
2025-04-15 01:21:52,698 - root - WARNING - Subject 79873 has regions with zero variance (indices: [ 31 123 139 180 197]). Marking for exclusion, but computing matrix with zeros for now.
2025-04-15 01:21:52,716 - root - WARNING - Subject 79874 has regions with zero variance (indices: [ 31 123 139 180 197]). Marking for exclusion, but computing matrix with zeros for now.
2025-04-15 01:21:52,734 - root - WARNING - Subject 79875 has regions with zero variance (indices: [ 31 123 139 180 197]). Marking for exclusion, but computing matrix with zeros for now.
2025-04-15 01:21:52,752 - root - WARNING - Subject 79876 has regions with zero variance (indices: [ 31 123 139 180 197]). Marking for exclusion, but computing matrix with zeros for now.
2025-04-15 01:21:52,771 - root - WARNING - Subject 79877 has regions with zero variance (indices: [ 31 123 139 180 197]). Marking for exclusion, but computing matrix with zeros for now.
2025-04-15 01:21:52,789 - root - WARNING - Subject 79878 has regions with zero variance (indices: [ 31 123 139 180 197]). Marking for exclusion, but computing matrix with zeros for now.
2025-04-15 01:21:52,807 - root - WARNING - Subject 79879 has regions with zero variance (indices: [ 31 123 139 180 197]). Marking for exclusion, but computing matrix with zeros for now.
2025-04-15 01:21:52,825 - root - WARNING - Subject 79880 has regions with zero variance (indices: [ 31 123 139 180 197]). Marking for exclusion, but computing matrix with zeros for now.
2025-04-15 01:21:52,843 - root - WARNING - Subject 79881 has regions with zero variance (indices: [ 31 123 139 180 197]). Marking for exclusion, but computing matrix with zeros for now.
2025-04-15 01:21:52,861 - root - WARNING - Subject 79882 has regions with zero variance (indices: [ 31 123 139 180 197]). Marking for exclusion, but computing matrix with zeros for now.
2025-04-15 01:21:52,879 - root - WARNING - Subject 79883 has regions with zero variance (indices: [ 31 123 139 180 197]). Marking for exclusion, but computing matrix with zeros for now.
2025-04-15 01:21:52,897 - root - WARNING - Subject 79884 has regions with zero variance (indices: [ 31 123 139 180 197]). Marking for exclusion, but computing matrix with zeros for now.
2025-04-15 01:21:52,916 - root - WARNING - Subject 79885 has regions with zero variance (indices: [ 31 123 139 180 197]). Marking for exclusion, but computing matrix with zeros for now.
2025-04-15 01:21:52,934 - root - WARNING - Subject 79886 has regions with zero variance (indices: [ 31 123 139 180 197]). Marking for exclusion, but computing matrix with zeros for now.
2025-04-15 01:21:52,952 - root - WARNING - Subject 79887 has regions with zero variance (indices: [ 31 123 139 180 197]). Marking for exclusion, but computing matrix with zeros for now.
2025-04-15 01:21:52,970 - root - WARNING - Subject 79888 has regions with zero variance (indices: [ 31 123 139 180 197]). Marking for exclusion, but computing matrix with zeros for now.
2025-04-15 01:21:52,988 - root - WARNING - Subject 79889 has regions with zero variance (indices: [ 31 123 139 180 197]). Marking for exclusion, but computing matrix with zeros for now.
2025-04-15 01:21:53,006 - root - WARNING - Subject 79890 has regions with zero variance (indices: [ 31 123 139 180 197]). Marking for exclusion, but computing matrix with zeros for now.
2025-04-15 01:21:53,023 - root - WARNING - Subject 79891 has regions with zero variance (indices: [ 31 123 139 180 197]). Marking for exclusion, but computing matrix with zeros for now.
2025-04-15 01:21:53,042 - root - WARNING - Subject 79892 has regions with zero variance (indices: [ 31 123 139 180 197]). Marking for exclusion, but computing matrix with zeros for now.
2025-04-15 01:21:53,060 - root - WARNING - Subject 79893 has regions with zero variance (indices: [ 31 123 139 180 197]). Marking for exclusion, but computing matrix with zeros for now.
2025-04-15 01:21:53,078 - root - WARNING - Subject 79894 has regions with zero variance (indices: [ 31 123 139 180 197]). Marking for exclusion, but computing matrix with zeros for now.
2025-04-15 01:21:53,096 - root - WARNING - Subject 79895 has regions with zero variance (indices: [ 31 123 139 180 197]). Marking for exclusion, but computing matrix with zeros for now.
2025-04-15 01:21:53,114 - root - WARNING - Subject 79896 has regions with zero variance (indices: [ 31 123 139 180 197]). Marking for exclusion, but computing matrix with zeros for now.
2025-04-15 01:21:53,132 - root - WARNING - Subject 79897 has regions with zero variance (indices: [ 31 123 139 180 197]). Marking for exclusion, but computing matrix with zeros for now.
2025-04-15 01:21:53,150 - root - WARNING - Subject 79898 has regions with zero variance (indices: [ 31 123 139 180 197]). Marking for exclusion, but computing matrix with zeros for now.
2025-04-15 01:21:53,168 - root - WARNING - Subject 79899 has regions with zero variance (indices: [ 31 123 139 180 197]). Marking for exclusion, but computing matrix with zeros for now.
2025-04-15 01:21:53,186 - root - WARNING - Subject 79900 has regions with zero variance (indices: [ 31 123 139 180 197]). Marking for exclusion, but computing matrix with zeros for now.
2025-04-15 01:21:53,204 - root - WARNING - Subject 79901 has regions with zero variance (indices: [ 31 123 139 180 197]). Marking for exclusion, but computing matrix with zeros for now.
2025-04-15 01:21:53,222 - root - WARNING - Subject 79902 has regions with zero variance (indices: [ 31 123 139 180 197]). Marking for exclusion, but computing matrix with zeros for now.
2025-04-15 01:21:53,240 - root - WARNING - Subject 79903 has regions with zero variance (indices: [ 31 123 139 180 197]). Marking for exclusion, but computing matrix with zeros for now.
2025-04-15 01:21:53,258 - root - WARNING - Subject 79904 has regions with zero variance (indices: [ 31 123 139 180 197]). Marking for exclusion, but computing matrix with zeros for now.
2025-04-15 01:21:53,276 - root - WARNING - Subject 79905 has regions with zero variance (indices: [ 31 123 139 180 197]). Marking for exclusion, but computing matrix with zeros for now.
2025-04-15 01:21:53,294 - root - WARNING - Subject 79906 has regions with zero variance (indices: [ 31 123 139 180 197]). Marking for exclusion, but computing matrix with zeros for now.
2025-04-15 01:21:53,312 - root - WARNING - Subject 79907 has regions with zero variance (indices: [ 31 123 139 180 197]). Marking for exclusion, but computing matrix with zeros for now.
2025-04-15 01:21:53,330 - root - WARNING - Subject 79908 has regions with zero variance (indices: [ 31 123 139 180 197]). Marking for exclusion, but computing matrix with zeros for now.
2025-04-15 01:21:53,347 - root - WARNING - Subject 79909 has regions with zero variance (indices: [ 31 123 139 180 197]). Marking for exclusion, but computing matrix with zeros for now.
2025-04-15 01:21:53,365 - root - WARNING - Subject 79910 has regions with zero variance (indices: [ 31 123 139 180 197]). Marking for exclusion, but computing matrix with zeros for now.
2025-04-15 01:21:53,384 - root - WARNING - Subject 79911 has regions with zero variance (indices: [ 31 123 139 180 197]). Marking for exclusion, but computing matrix with zeros for now.
2025-04-15 01:21:53,402 - root - WARNING - Subject 79912 has regions with zero variance (indices: [ 31 123 139 180 197]). Marking for exclusion, but computing matrix with zeros for now.
2025-04-15 01:21:53,420 - root - WARNING - Subject 79913 has regions with zero variance (indices: [ 31 123 139 180 197]). Marking for exclusion, but computing matrix with zeros for now.
2025-04-15 01:21:53,438 - root - WARNING - Subject 79914 has regions with zero variance (indices: [ 31 123 139 180 197]). Marking for exclusion, but computing matrix with zeros for now.
2025-04-15 01:21:53,456 - root - WARNING - Subject 79915 has regions with zero variance (indices: [ 31 123 139 180 197]). Marking for exclusion, but computing matrix with zeros for now.
2025-04-15 01:21:53,474 - root - WARNING - Subject 79916 has regions with zero variance (indices: [ 31 123 139 180 197]). Marking for exclusion, but computing matrix with zeros for now.
2025-04-15 01:21:53,492 - root - WARNING - Subject 79917 has regions with zero variance (indices: [ 31 123 139 180 197]). Marking for exclusion, but computing matrix with zeros for now.
2025-04-15 01:21:53,510 - root - WARNING - Subject 79918 has regions with zero variance (indices: [ 31 123 139 180 197]). Marking for exclusion, but computing matrix with zeros for now.
2025-04-15 01:21:53,528 - root - WARNING - Subject 79919 has regions with zero variance (indices: [ 31 123 139 180 197]). Marking for exclusion, but computing matrix with zeros for now.
2025-04-15 01:21:53,546 - root - WARNING - Subject 79920 has regions with zero variance (indices: [ 31 123 139 180 197]). Marking for exclusion, but computing matrix with zeros for now.
2025-04-15 01:21:53,564 - root - WARNING - Subject 79921 has regions with zero variance (indices: [ 31 123 139 180 197]). Marking for exclusion, but computing matrix with zeros for now.
2025-04-15 01:21:53,582 - root - WARNING - Subject 79922 has regions with zero variance (indices: [ 31 123 139 180 197]). Marking for exclusion, but computing matrix with zeros for now.
2025-04-15 01:21:53,603 - root - WARNING - Subject 79923 has regions with zero variance (indices: [ 31 123 139 180 197]). Marking for exclusion, but computing matrix with zeros for now.
2025-04-15 01:21:53,621 - root - WARNING - Subject 79924 has regions with zero variance (indices: [ 31 123 139 180 197]). Marking for exclusion, but computing matrix with zeros for now.
2025-04-15 01:21:53,639 - root - WARNING - Subject 79925 has regions with zero variance (indices: [ 31 123 139 180 197]). Marking for exclusion, but computing matrix with zeros for now.
2025-04-15 01:21:53,657 - root - WARNING - Subject 79926 has regions with zero variance (indices: [ 31 123 139 180 197]). Marking for exclusion, but computing matrix with zeros for now.
2025-04-15 01:21:53,676 - root - WARNING - Subject 79927 has regions with zero variance (indices: [ 31 123 139 180 197]). Marking for exclusion, but computing matrix with zeros for now.
2025-04-15 01:21:53,693 - root - WARNING - Subject 79928 has regions with zero variance (indices: [ 31 123 139 180 197]). Marking for exclusion, but computing matrix with zeros for now.
2025-04-15 01:21:53,712 - root - WARNING - Subject 79929 has regions with zero variance (indices: [ 31 123 139 180 197]). Marking for exclusion, but computing matrix with zeros for now.
2025-04-15 01:21:53,730 - root - WARNING - Subject 79930 has regions with zero variance (indices: [ 31 123 139 180 197]). Marking for exclusion, but computing matrix with zeros for now.
2025-04-15 01:21:53,748 - root - WARNING - Subject 79931 has regions with zero variance (indices: [ 31 123 139 180 197]). Marking for exclusion, but computing matrix with zeros for now.
2025-04-15 01:21:53,766 - root - WARNING - Subject 79932 has regions with zero variance (indices: [ 31 123 139 180 197]). Marking for exclusion, but computing matrix with zeros for now.
2025-04-15 01:21:53,784 - root - WARNING - Subject 79933 has regions with zero variance (indices: [ 31 123 139 180 197]). Marking for exclusion, but computing matrix with zeros for now.
2025-04-15 01:21:53,802 - root - WARNING - Subject 79934 has regions with zero variance (indices: [ 31 123 139 180 197]). Marking for exclusion, but computing matrix with zeros for now.
2025-04-15 01:21:53,820 - root - WARNING - Subject 79935 has regions with zero variance (indices: [ 31 123 139 180 197]). Marking for exclusion, but computing matrix with zeros for now.
2025-04-15 01:21:53,838 - root - WARNING - Subject 79936 has regions with zero variance (indices: [ 31 123 139 180 197]). Marking for exclusion, but computing matrix with zeros for now.
2025-04-15 01:21:53,856 - root - WARNING - Subject 79937 has regions with zero variance (indices: [ 31 123 139 180 197]). Marking for exclusion, but computing matrix with zeros for now.
2025-04-15 01:21:53,874 - root - WARNING - Subject 79938 has regions with zero variance (indices: [ 31 123 139 180 197]). Marking for exclusion, but computing matrix with zeros for now.
2025-04-15 01:21:53,891 - root - WARNING - Subject 79939 has regions with zero variance (indices: [ 31 123 139 180 197]). Marking for exclusion, but computing matrix with zeros for now.
2025-04-15 01:21:53,909 - root - WARNING - Subject 79940 has regions with zero variance (indices: [ 31 123 139 180 197]). Marking for exclusion, but computing matrix with zeros for now.
2025-04-15 01:21:53,927 - root - WARNING - Subject 79941 has regions with zero variance (indices: [ 31 123 139 180 197]). Marking for exclusion, but computing matrix with zeros for now.
2025-04-15 01:21:53,946 - root - WARNING - Subject 79942 has regions with zero variance (indices: [ 31 123 139 180 197]). Marking for exclusion, but computing matrix with zeros for now.
2025-04-15 01:21:53,963 - root - WARNING - Subject 79943 has regions with zero variance (indices: [ 31 123 139 180 197]). Marking for exclusion, but computing matrix with zeros for now.
2025-04-15 01:21:53,981 - root - WARNING - Subject 79944 has regions with zero variance (indices: [ 31 123 139 180 197]). Marking for exclusion, but computing matrix with zeros for now.
2025-04-15 01:21:53,998 - root - WARNING - Subject 79945 has regions with zero variance (indices: [ 31 123 139 180 197]). Marking for exclusion, but computing matrix with zeros for now.
2025-04-15 01:21:54,016 - root - WARNING - Subject 79946 has regions with zero variance (indices: [ 31 123 139 180 197]). Marking for exclusion, but computing matrix with zeros for now.
2025-04-15 01:21:54,034 - root - WARNING - Subject 79947 has regions with zero variance (indices: [ 31 123 139 180 197]). Marking for exclusion, but computing matrix with zeros for now.
2025-04-15 01:21:54,052 - root - WARNING - Subject 79948 has regions with zero variance (indices: [ 31 123 139 180 197]). Marking for exclusion, but computing matrix with zeros for now.
2025-04-15 01:21:54,070 - root - WARNING - Subject 79949 has regions with zero variance (indices: [ 31 123 139 180 197]). Marking for exclusion, but computing matrix with zeros for now.
2025-04-15 01:21:54,088 - root - WARNING - Subject 79950 has regions with zero variance (indices: [ 31 123 139 180 197]). Marking for exclusion, but computing matrix with zeros for now.
2025-04-15 01:21:54,106 - root - WARNING - Subject 79951 has regions with zero variance (indices: [ 31 123 139 180 197]). Marking for exclusion, but computing matrix with zeros for now.
2025-04-15 01:21:54,124 - root - WARNING - Subject 79952 has regions with zero variance (indices: [ 31 123 139 180 197]). Marking for exclusion, but computing matrix with zeros for now.
2025-04-15 01:21:54,141 - root - WARNING - Subject 79953 has regions with zero variance (indices: [ 31 123 139 180 197]). Marking for exclusion, but computing matrix with zeros for now.
2025-04-15 01:21:54,159 - root - WARNING - Subject 79954 has regions with zero variance (indices: [ 31 123 139 180 197]). Marking for exclusion, but computing matrix with zeros for now.
2025-04-15 01:21:54,177 - root - WARNING - Subject 79955 has regions with zero variance (indices: [ 31 123 139 180 197]). Marking for exclusion, but computing matrix with zeros for now.
2025-04-15 01:21:54,195 - root - WARNING - Subject 79956 has regions with zero variance (indices: [ 31 123 139 180 197]). Marking for exclusion, but computing matrix with zeros for now.
2025-04-15 01:21:54,213 - root - WARNING - Subject 79957 has regions with zero variance (indices: [ 31 123 139 180 197]). Marking for exclusion, but computing matrix with zeros for now.
2025-04-15 01:21:54,231 - root - WARNING - Subject 79958 has regions with zero variance (indices: [ 31 123 139 180 197]). Marking for exclusion, but computing matrix with zeros for now.
2025-04-15 01:21:54,249 - root - WARNING - Subject 79959 has regions with zero variance (indices: [ 31 123 139 180 197]). Marking for exclusion, but computing matrix with zeros for now.
2025-04-15 01:21:54,267 - root - WARNING - Subject 79960 has regions with zero variance (indices: [ 31 123 139 180 197]). Marking for exclusion, but computing matrix with zeros for now.
2025-04-15 01:21:54,285 - root - WARNING - Subject 79961 has regions with zero variance (indices: [ 31 123 139 180 197]). Marking for exclusion, but computing matrix with zeros for now.
2025-04-15 01:21:54,303 - root - WARNING - Subject 79962 has regions with zero variance (indices: [ 31 123 139 180 197]). Marking for exclusion, but computing matrix with zeros for now.
2025-04-15 01:21:54,321 - root - WARNING - Subject 79963 has regions with zero variance (indices: [ 31 123 139 180 197]). Marking for exclusion, but computing matrix with zeros for now.
2025-04-15 01:21:54,339 - root - WARNING - Subject 79964 has regions with zero variance (indices: [ 31 123 139 180 197]). Marking for exclusion, but computing matrix with zeros for now.
2025-04-15 01:21:54,357 - root - WARNING - Subject 79965 has regions with zero variance (indices: [ 31 123 139 180 197]). Marking for exclusion, but computing matrix with zeros for now.
2025-04-15 01:21:54,375 - root - WARNING - Subject 79966 has regions with zero variance (indices: [ 31 123 139 180 197]). Marking for exclusion, but computing matrix with zeros for now.
2025-04-15 01:21:54,393 - root - WARNING - Subject 79967 has regions with zero variance (indices: [ 31 123 139 180 197]). Marking for exclusion, but computing matrix with zeros for now.
2025-04-15 01:21:54,411 - root - WARNING - Subject 79968 has regions with zero variance (indices: [ 31 123 139 180 197]). Marking for exclusion, but computing matrix with zeros for now.
2025-04-15 01:21:54,429 - root - WARNING - Subject 79969 has regions with zero variance (indices: [ 31 123 139 180 197]). Marking for exclusion, but computing matrix with zeros for now.
2025-04-15 01:21:54,447 - root - WARNING - Subject 79970 has regions with zero variance (indices: [ 31 123 139 180 197]). Marking for exclusion, but computing matrix with zeros for now.
2025-04-15 01:21:54,465 - root - WARNING - Subject 79971 has regions with zero variance (indices: [ 31 123 139 180 197]). Marking for exclusion, but computing matrix with zeros for now.
2025-04-15 01:21:54,483 - root - WARNING - Subject 79972 has regions with zero variance (indices: [ 31 123 139 180 197]). Marking for exclusion, but computing matrix with zeros for now.
2025-04-15 01:21:54,501 - root - WARNING - Subject 79973 has regions with zero variance (indices: [ 31 123 139 180 197]). Marking for exclusion, but computing matrix with zeros for now.
2025-04-15 01:21:54,519 - root - WARNING - Subject 79974 has regions with zero variance (indices: [ 31 123 139 180 197]). Marking for exclusion, but computing matrix with zeros for now.
2025-04-15 01:21:54,537 - root - WARNING - Subject 79975 has regions with zero variance (indices: [ 31 123 139 180 197]). Marking for exclusion, but computing matrix with zeros for now.
2025-04-15 01:21:54,555 - root - WARNING - Subject 79976 has regions with zero variance (indices: [ 31 123 139 180 197]). Marking for exclusion, but computing matrix with zeros for now.
2025-04-15 01:21:54,572 - root - WARNING - Subject 79977 has regions with zero variance (indices: [ 31 123 139 180 197]). Marking for exclusion, but computing matrix with zeros for now.
2025-04-15 01:21:54,591 - root - WARNING - Subject 79978 has regions with zero variance (indices: [ 31 123 139 180 197]). Marking for exclusion, but computing matrix with zeros for now.
2025-04-15 01:21:54,609 - root - WARNING - Subject 79979 has regions with zero variance (indices: [ 31 123 139 180 197]). Marking for exclusion, but computing matrix with zeros for now.
2025-04-15 01:21:54,627 - root - WARNING - Subject 79980 has regions with zero variance (indices: [ 31 123 139 180 197]). Marking for exclusion, but computing matrix with zeros for now.
2025-04-15 01:21:54,645 - root - WARNING - Subject 79981 has regions with zero variance (indices: [ 31 123 139 180 197]). Marking for exclusion, but computing matrix with zeros for now.
2025-04-15 01:21:54,663 - root - WARNING - Subject 79982 has regions with zero variance (indices: [ 31 123 139 180 197]). Marking for exclusion, but computing matrix with zeros for now.
2025-04-15 01:21:54,681 - root - WARNING - Subject 79983 has regions with zero variance (indices: [ 31 123 139 180 197]). Marking for exclusion, but computing matrix with zeros for now.
2025-04-15 01:21:54,699 - root - WARNING - Subject 79984 has regions with zero variance (indices: [ 31 123 139 180 197]). Marking for exclusion, but computing matrix with zeros for now.
2025-04-15 01:21:54,717 - root - WARNING - Subject 79985 has regions with zero variance (indices: [ 31 123 139 180 197]). Marking for exclusion, but computing matrix with zeros for now.
2025-04-15 01:21:54,735 - root - WARNING - Subject 79986 has regions with zero variance (indices: [ 31 123 139 180 197]). Marking for exclusion, but computing matrix with zeros for now.
2025-04-15 01:21:54,753 - root - WARNING - Subject 79987 has regions with zero variance (indices: [ 31 123 139 180 197]). Marking for exclusion, but computing matrix with zeros for now.
2025-04-15 01:21:54,771 - root - WARNING - Subject 79988 has regions with zero variance (indices: [ 31 123 139 180 197]). Marking for exclusion, but computing matrix with zeros for now.
2025-04-15 01:21:54,789 - root - WARNING - Subject 79989 has regions with zero variance (indices: [ 31 123 139 180 197]). Marking for exclusion, but computing matrix with zeros for now.
2025-04-15 01:21:54,807 - root - WARNING - Subject 79990 has regions with zero variance (indices: [ 31 123 139 180 197]). Marking for exclusion, but computing matrix with zeros for now.
2025-04-15 01:21:54,825 - root - WARNING - Subject 79991 has regions with zero variance (indices: [ 31 123 139 180 197]). Marking for exclusion, but computing matrix with zeros for now.
2025-04-15 01:22:05,182 - __main__ - WARNING - Found 3616 subjects with zero variance regions. Excluding them from the dataset.
2025-04-15 01:22:05,187 - __main__ - INFO - Indices of excluded subjects: [1328, 1329, 1330, 1331, 1332, 1333, 1334, 1335, 1336, 1337, 1338, 1339, 1340, 1341, 1342, 1343, 1344, 1345, 1346, 1347, 1348, 1349, 1350, 1351, 1352, 1353, 1354, 1355, 1356, 1357, 1358, 1359, 1360, 1361, 1362, 1363, 1364, 1365, 1366, 1367, 1368, 1369, 1370, 1371, 1372, 1373, 1374, 1375, 1376, 1377, 1378, 1379, 1380, 1381, 1382, 1383, 1384, 1385, 1386, 1387, 1388, 1389, 1390, 1391, 1392, 1393, 1394, 1395, 1396, 1397, 1398, 1399, 1400, 1401, 1402, 1403, 1404, 1405, 1406, 1407, 1408, 1409, 1410, 1411, 1412, 1413, 1414, 1415, 1416, 1417, 1418, 1419, 1420, 1421, 1422, 1423, 1424, 1425, 1426, 1427, 1428, 1429, 1430, 1431, 1432, 1433, 1434, 1435, 1436, 1437, 1438, 1439, 1440, 1441, 1442, 1443, 1444, 1445, 1446, 1447, 1448, 1449, 1450, 1451, 1452, 1453, 1454, 1455, 1456, 1457, 1458, 1459, 1460, 1461, 1462, 1463, 1464, 1465, 1466, 1467, 1468, 1469, 1470, 1471, 1472, 1473, 1474, 1475, 1476, 1477, 1478, 1479, 1480, 1481, 1482, 1483, 1484, 1485, 1486, 1487, 1488, 1489, 1490, 1491, 1492, 1493, 4980, 4981, 4982, 4983, 4984, 4985, 4986, 4987, 4988, 4989, 4990, 4991, 4992, 4993, 4994, 4995, 4996, 4997, 4998, 4999, 5000, 5001, 5002, 5003, 5004, 5005, 5006, 5007, 5008, 5009, 5010, 5011, 5012, 5013, 5014, 5015, 5016, 5017, 5018, 5019, 5020, 5021, 5022, 5023, 5024, 5025, 5026, 5027, 5028, 5029, 5030, 5031, 5032, 5033, 5034, 5035, 5036, 5037, 5038, 5039, 5040, 5041, 5042, 5043, 5044, 5045, 5046, 5047, 5048, 5049, 5050, 5051, 5052, 5053, 5054, 5055, 5056, 5057, 5058, 5059, 5060, 5061, 5062, 5063, 5064, 5065, 5066, 5067, 5068, 5069, 5070, 5071, 5072, 5073, 5074, 5075, 5076, 5077, 5078, 5079, 5080, 5081, 5082, 5083, 5084, 5085, 5086, 5087, 5088, 5089, 5090, 5091, 5092, 5093, 5094, 5095, 5096, 5097, 5098, 5099, 5100, 5101, 5102, 5103, 5104, 5105, 5106, 5107, 5108, 5109, 5110, 5111, 5112, 5113, 5114, 5115, 5116, 5117, 5118, 5119, 5120, 5121, 5122, 5123, 5124, 5125, 5126, 5127, 5128, 5129, 5130, 5131, 5132, 5133, 5134, 5135, 5136, 5137, 5138, 5139, 5140, 5141, 5142, 5143, 5144, 5145, 6640, 6641, 6642, 6643, 6644, 6645, 6646, 6647, 6648, 6649, 6650, 6651, 6652, 6653, 6654, 6655, 6656, 6657, 6658, 6659, 6660, 6661, 6662, 6663, 6664, 6665, 6666, 6667, 6668, 6669, 6670, 6671, 6672, 6673, 6674, 6675, 6676, 6677, 6678, 6679, 6680, 6681, 6682, 6683, 6684, 6685, 6686, 6687, 6688, 6689, 6690, 6691, 6692, 6693, 6694, 6695, 6696, 6697, 6698, 6699, 6700, 6701, 6702, 6703, 6704, 6705, 6706, 6707, 6708, 6709, 6710, 6711, 6712, 6713, 6714, 6715, 6716, 6717, 6718, 6719, 6720, 6721, 6722, 6723, 6724, 6725, 6726, 6727, 6728, 6729, 6730, 6731, 6732, 6733, 6734, 6735, 6736, 6737, 6738, 6739, 6740, 6741, 6742, 6743, 6744, 6745, 6746, 6747, 6748, 6749, 6750, 6751, 6752, 6753, 6754, 6755, 6756, 6757, 6758, 6759, 6760, 6761, 6762, 6763, 6764, 6765, 6766, 6767, 6768, 6769, 6770, 6771, 6772, 6773, 6774, 6775, 6776, 6777, 6778, 6779, 6780, 6781, 6782, 6783, 6784, 6785, 6786, 6787, 6788, 6789, 6790, 6791, 6792, 6793, 6794, 6795, 6796, 6797, 6798, 6799, 6800, 6801, 6802, 6803, 6804, 6805, 7802, 7803, 7804, 7805, 7806, 7807, 7808, 7809, 7810, 7811, 7812, 7813, 7814, 7815, 7816, 7817, 7818, 7819, 7820, 7821, 7822, 7823, 7824, 7825, 7826, 7827, 7828, 7829, 7830, 7831, 7832, 7833, 7834, 7835, 7836, 7837, 7838, 7839, 7840, 7841, 7842, 7843, 7844, 7845, 7846, 7847, 7848, 7849, 7850, 7851, 7852, 7853, 7854, 7855, 7856, 7857, 7858, 7859, 7860, 7861, 7862, 7863, 7864, 7865, 7866, 7867, 7868, 7869, 7870, 7871, 7872, 7873, 7874, 7875, 7876, 7877, 7878, 7879, 7880, 7881, 7882, 7883, 7884, 7885, 7886, 7887, 7888, 7889, 7890, 7891, 7892, 7893, 7894, 7895, 7896, 7897, 7898, 7899, 7900, 7901, 7902, 7903, 7904, 7905, 7906, 7907, 7908, 7909, 7910, 7911, 7912, 7913, 7914, 7915, 7916, 7917, 7918, 7919, 7920, 7921, 7922, 7923, 7924, 7925, 7926, 7927, 7928, 7929, 7930, 7931, 7932, 7933, 7934, 7935, 7936, 7937, 7938, 7939, 7940, 7941, 7942, 7943, 7944, 7945, 7946, 7947, 7948, 7949, 7950, 7951, 7952, 7953, 7954, 7955, 7956, 7957, 7958, 7959, 7960, 7961, 7962, 7963, 7964, 7965, 7966, 7967, 19976, 19977, 19978, 19979, 19980, 19981, 19982, 19983, 19984, 19985, 19986, 19987, 19988, 19989, 19990, 19991, 19992, 19993, 19994, 19995, 19996, 19997, 19998, 19999, 20000, 20001, 20002, 20003, 20004, 20005, 20006, 20007, 20008, 20009, 20010, 20011, 20012, 20013, 20014, 20015, 20016, 20017, 20018, 20019, 20020, 20021, 20022, 20023, 20024, 20025, 20026, 20027, 20028, 20029, 20030, 20031, 20032, 20033, 20034, 20035, 20036, 20037, 20038, 20039, 20040, 20041, 20042, 20043, 20044, 20045, 20046, 20047, 20048, 20049, 20050, 20051, 20052, 20053, 20054, 20055, 20056, 20057, 20058, 20059, 20060, 20061, 20062, 20063, 20064, 20065, 20066, 20067, 20068, 20069, 20070, 20071, 20072, 20073, 20074, 20075, 20076, 20077, 20078, 20079, 20080, 20081, 20082, 20083, 20084, 20085, 20086, 20087, 20088, 20089, 20090, 20091, 20092, 20093, 20094, 20095, 20096, 20097, 20098, 20099, 20100, 20101, 20102, 20103, 20104, 20105, 20106, 20107, 20108, 20109, 20110, 20111, 20112, 20113, 20114, 20115, 20116, 20117, 20118, 20119, 20120, 20121, 20122, 20123, 20124, 20125, 20126, 20127, 20128, 20129, 20130, 20131, 20132, 20133, 20134, 20135, 20136, 20137, 20138, 20139, 20140, 20141, 20142, 20143, 20144, 20145, 20146, 20147, 20148, 20149, 20150, 20151, 20152, 20153, 20154, 20155, 20156, 20157, 20158, 20159, 20160, 20161, 20162, 20163, 20164, 20165, 20166, 20167, 20168, 20169, 20170, 20171, 20172, 20173, 20174, 20175, 20176, 20177, 20178, 20179, 20180, 20181, 20182, 20183, 20184, 20185, 20186, 20187, 20188, 20189, 20190, 20191, 20192, 20193, 20194, 20195, 20196, 20197, 20198, 20199, 20200, 20201, 20202, 20203, 20204, 20205, 20206, 20207, 20208, 20209, 20210, 20211, 20212, 20213, 20214, 20215, 20216, 20217, 20218, 20219, 20220, 20221, 20222, 20223, 20224, 20225, 20226, 20227, 20228, 20229, 20230, 20231, 20232, 20233, 20234, 20235, 20236, 20237, 20238, 20239, 20240, 20241, 20242, 20243, 20244, 20245, 20246, 20247, 20248, 20249, 20250, 20251, 20252, 20253, 20254, 20255, 20256, 20257, 20258, 20259, 20260, 20261, 20262, 20263, 20264, 20265, 20266, 20267, 20268, 20269, 20270, 20271, 20272, 20273, 20274, 20275, 20276, 20277, 20278, 20279, 20280, 20281, 20282, 20283, 20284, 20285, 20286, 20287, 20288, 20289, 20290, 20291, 20292, 20293, 20294, 20295, 20296, 20297, 20298, 20299, 20300, 20301, 20302, 20303, 20304, 20305, 20306, 20307, 20308, 20309, 20310, 20311, 20312, 20313, 20314, 20315, 20316, 20317, 20318, 20319, 20320, 20321, 20322, 20323, 20324, 20325, 20326, 20327, 20328, 20329, 20330, 20331, 20332, 20333, 20334, 20335, 20336, 20337, 20338, 20339, 20340, 20341, 20342, 20343, 20344, 20345, 20346, 20347, 20348, 20349, 20350, 20351, 20352, 20353, 20354, 20355, 20356, 20357, 20358, 20359, 20360, 20361, 20362, 20363, 20364, 20365, 20366, 20367, 20368, 20369, 20370, 20371, 20372, 20373, 20374, 20375, 20376, 20377, 20378, 20379, 20380, 20381, 20382, 20383, 20384, 20385, 20386, 20387, 20388, 20389, 20390, 20391, 20392, 20393, 20394, 20395, 20396, 20397, 20398, 20399, 20400, 20401, 20402, 20403, 20404, 20405, 20406, 20407, 20408, 20409, 20410, 20411, 20412, 20413, 20414, 20415, 20416, 20417, 20418, 20419, 20420, 20421, 20422, 20423, 20424, 20425, 20426, 20427, 20428, 20429, 20430, 20431, 20432, 20433, 20434, 20435, 20436, 20437, 20438, 20439, 20440, 20441, 20442, 20443, 20444, 20445, 20446, 20447, 20448, 20449, 20450, 20451, 20452, 20453, 20454, 20455, 20456, 20457, 20458, 20459, 20460, 20461, 20462, 20463, 20464, 20465, 20466, 20467, 20468, 20469, 20470, 20471, 20472, 20473, 20474, 20475, 20476, 20477, 20478, 20479, 20480, 20481, 20482, 20483, 20484, 20485, 20486, 20487, 20488, 20489, 20490, 20491, 20492, 20493, 20494, 20495, 20496, 20497, 20498, 20499, 20500, 20501, 20502, 20503, 20504, 20505, 20506, 20507, 21040, 21041, 21042, 21043, 21044, 21045, 21046, 21047, 21048, 21049, 21050, 21051, 21052, 21053, 21054, 21055, 21056, 21057, 21058, 21059, 21060, 21061, 21062, 21063, 21064, 21065, 21066, 21067, 21068, 21069, 21070, 21071, 21072, 21073, 21074, 21075, 21076, 21077, 21078, 21079, 21080, 21081, 21082, 21083, 21084, 21085, 21086, 21087, 21088, 21089, 21090, 21091, 21092, 21093, 21094, 21095, 21096, 21097, 21098, 21099, 21100, 21101, 21102, 21103, 21104, 21105, 21106, 21107, 21108, 21109, 21110, 21111, 21112, 21113, 21114, 21115, 21116, 21117, 21118, 21119, 21120, 21121, 21122, 21123, 21124, 21125, 21126, 21127, 21128, 21129, 21130, 21131, 21132, 21133, 21134, 21135, 21136, 21137, 21138, 21139, 21140, 21141, 21142, 21143, 21144, 21145, 21146, 21147, 21148, 21149, 21150, 21151, 21152, 21153, 21154, 21155, 21156, 21157, 21158, 21159, 21160, 21161, 21162, 21163, 21164, 21165, 21166, 21167, 21168, 21169, 21170, 21171, 21172, 21173, 21174, 21175, 21176, 21177, 21178, 21179, 21180, 21181, 21182, 21183, 21184, 21185, 21186, 21187, 21188, 21189, 21190, 21191, 21192, 21193, 21194, 21195, 21196, 21197, 21198, 21199, 21200, 21201, 21202, 21203, 21204, 21205, 21206, 21207, 21208, 21209, 21210, 21211, 21212, 21213, 21214, 21215, 21216, 21217, 21218, 21219, 21220, 21221, 21222, 21223, 21224, 21225, 21226, 21227, 21228, 21229, 21230, 21231, 21232, 21233, 21234, 21235, 21236, 21237, 21238, 21239, 21240, 21241, 21242, 21243, 21244, 21245, 21246, 21247, 21248, 21249, 21250, 21251, 21252, 21253, 21254, 21255, 21256, 21257, 21258, 21259, 21260, 21261, 21262, 21263, 21264, 21265, 21266, 21267, 21268, 21269, 21270, 21271, 21272, 21273, 21274, 21275, 21276, 21277, 21278, 21279, 21280, 21281, 21282, 21283, 21284, 21285, 21286, 21287, 21288, 21289, 21290, 21291, 21292, 21293, 21294, 21295, 21296, 21297, 21298, 21299, 21300, 21301, 21302, 21303, 21304, 21305, 22104, 22105, 22106, 22107, 22108, 22109, 22110, 22111, 22112, 22113, 22114, 22115, 22116, 22117, 22118, 22119, 22120, 22121, 22122, 22123, 22124, 22125, 22126, 22127, 22128, 22129, 22130, 22131, 22132, 22133, 22134, 22135, 22136, 22137, 22138, 22139, 22140, 22141, 22142, 22143, 22144, 22145, 22146, 22147, 22148, 22149, 22150, 22151, 22152, 22153, 22154, 22155, 22156, 22157, 22158, 22159, 22160, 22161, 22162, 22163, 22164, 22165, 22166, 22167, 22168, 22169, 22170, 22171, 22172, 22173, 22174, 22175, 22176, 22177, 22178, 22179, 22180, 22181, 22182, 22183, 22184, 22185, 22186, 22187, 22188, 22189, 22190, 22191, 22192, 22193, 22194, 22195, 22196, 22197, 22198, 22199, 22200, 22201, 22202, 22203, 22204, 22205, 22206, 22207, 22208, 22209, 22210, 22211, 22212, 22213, 22214, 22215, 22216, 22217, 22218, 22219, 22220, 22221, 22222, 22223, 22224, 22225, 22226, 22227, 22228, 22229, 22230, 22231, 22232, 22233, 22234, 22235, 22236, 22237, 22238, 22239, 22240, 22241, 22242, 22243, 22244, 22245, 22246, 22247, 22248, 22249, 22250, 22251, 22252, 22253, 22254, 22255, 22256, 22257, 22258, 22259, 22260, 22261, 22262, 22263, 22264, 22265, 22266, 22267, 22268, 22269, 22270, 22271, 22272, 22273, 22274, 22275, 22276, 22277, 22278, 22279, 22280, 22281, 22282, 22283, 22284, 22285, 22286, 22287, 22288, 22289, 22290, 22291, 22292, 22293, 22294, 22295, 22296, 22297, 22298, 22299, 22300, 22301, 22302, 22303, 22304, 22305, 22306, 22307, 22308, 22309, 22310, 22311, 22312, 22313, 22314, 22315, 22316, 22317, 22318, 22319, 22320, 22321, 22322, 22323, 22324, 22325, 22326, 22327, 22328, 22329, 22330, 22331, 22332, 22333, 22334, 22335, 22336, 22337, 22338, 22339, 22340, 22341, 22342, 22343, 22344, 22345, 22346, 22347, 22348, 22349, 22350, 22351, 22352, 22353, 22354, 22355, 22356, 22357, 22358, 22359, 22360, 22361, 22362, 22363, 22364, 22365, 22366, 22367, 22368, 22369, 22902, 22903, 22904, 22905, 22906, 22907, 22908, 22909, 22910, 22911, 22912, 22913, 22914, 22915, 22916, 22917, 22918, 22919, 22920, 22921, 22922, 22923, 22924, 22925, 22926, 22927, 22928, 22929, 22930, 22931, 22932, 22933, 22934, 22935, 22936, 22937, 22938, 22939, 22940, 22941, 22942, 22943, 22944, 22945, 22946, 22947, 22948, 22949, 22950, 22951, 22952, 22953, 22954, 22955, 22956, 22957, 22958, 22959, 22960, 22961, 22962, 22963, 22964, 22965, 22966, 22967, 22968, 22969, 22970, 22971, 22972, 22973, 22974, 22975, 22976, 22977, 22978, 22979, 22980, 22981, 22982, 22983, 22984, 22985, 22986, 22987, 22988, 22989, 22990, 22991, 22992, 22993, 22994, 22995, 22996, 22997, 22998, 22999, 23000, 23001, 23002, 23003, 23004, 23005, 23006, 23007, 23008, 23009, 23010, 23011, 23012, 23013, 23014, 23015, 23016, 23017, 23018, 23019, 23020, 23021, 23022, 23023, 23024, 23025, 23026, 23027, 23028, 23029, 23030, 23031, 23032, 23033, 23034, 23035, 23036, 23037, 23038, 23039, 23040, 23041, 23042, 23043, 23044, 23045, 23046, 23047, 23048, 23049, 23050, 23051, 23052, 23053, 23054, 23055, 23056, 23057, 23058, 23059, 23060, 23061, 23062, 23063, 23064, 23065, 23066, 23067, 23068, 23069, 23070, 23071, 23072, 23073, 23074, 23075, 23076, 23077, 23078, 23079, 23080, 23081, 23082, 23083, 23084, 23085, 23086, 23087, 23088, 23089, 23090, 23091, 23092, 23093, 23094, 23095, 23096, 23097, 23098, 23099, 23100, 23101, 23102, 23103, 23104, 23105, 23106, 23107, 23108, 23109, 23110, 23111, 23112, 23113, 23114, 23115, 23116, 23117, 23118, 23119, 23120, 23121, 23122, 23123, 23124, 23125, 23126, 23127, 23128, 23129, 23130, 23131, 23132, 23133, 23134, 23135, 23136, 23137, 23138, 23139, 23140, 23141, 23142, 23143, 23144, 23145, 23146, 23147, 23148, 23149, 23150, 23151, 23152, 23153, 23154, 23155, 23156, 23157, 23158, 23159, 23160, 23161, 23162, 23163, 23164, 23165, 23166, 23167, 23700, 23701, 23702, 23703, 23704, 23705, 23706, 23707, 23708, 23709, 23710, 23711, 23712, 23713, 23714, 23715, 23716, 23717, 23718, 23719, 23720, 23721, 23722, 23723, 23724, 23725, 23726, 23727, 23728, 23729, 23730, 23731, 23732, 23733, 23734, 23735, 23736, 23737, 23738, 23739, 23740, 23741, 23742, 23743, 23744, 23745, 23746, 23747, 23748, 23749, 23750, 23751, 23752, 23753, 23754, 23755, 23756, 23757, 23758, 23759, 23760, 23761, 23762, 23763, 23764, 23765, 23766, 23767, 23768, 23769, 23770, 23771, 23772, 23773, 23774, 23775, 23776, 23777, 23778, 23779, 23780, 23781, 23782, 23783, 23784, 23785, 23786, 23787, 23788, 23789, 23790, 23791, 23792, 23793, 23794, 23795, 23796, 23797, 23798, 23799, 23800, 23801, 23802, 23803, 23804, 23805, 23806, 23807, 23808, 23809, 23810, 23811, 23812, 23813, 23814, 23815, 23816, 23817, 23818, 23819, 23820, 23821, 23822, 23823, 23824, 23825, 23826, 23827, 23828, 23829, 23830, 23831, 23832, 23833, 23834, 23835, 23836, 23837, 23838, 23839, 23840, 23841, 23842, 23843, 23844, 23845, 23846, 23847, 23848, 23849, 23850, 23851, 23852, 23853, 23854, 23855, 23856, 23857, 23858, 23859, 23860, 23861, 23862, 23863, 23864, 23865, 23866, 23867, 23868, 23869, 23870, 23871, 23872, 23873, 23874, 23875, 23876, 23877, 23878, 23879, 23880, 23881, 23882, 23883, 23884, 23885, 23886, 23887, 23888, 23889, 23890, 23891, 23892, 23893, 23894, 23895, 23896, 23897, 23898, 23899, 23900, 23901, 23902, 23903, 23904, 23905, 23906, 23907, 23908, 23909, 23910, 23911, 23912, 23913, 23914, 23915, 23916, 23917, 23918, 23919, 23920, 23921, 23922, 23923, 23924, 23925, 23926, 23927, 23928, 23929, 23930, 23931, 23932, 23933, 23934, 23935, 23936, 23937, 23938, 23939, 23940, 23941, 23942, 23943, 23944, 23945, 23946, 23947, 23948, 23949, 23950, 23951, 23952, 23953, 23954, 23955, 23956, 23957, 23958, 23959, 23960, 23961, 23962, 23963, 23964, 23965, 23966, 23967, 23968, 23969, 23970, 23971, 23972, 23973, 23974, 23975, 23976, 23977, 23978, 23979, 23980, 23981, 23982, 23983, 23984, 23985, 23986, 23987, 23988, 23989, 23990, 23991, 23992, 23993, 23994, 23995, 23996, 23997, 23998, 23999, 24000, 24001, 24002, 24003, 24004, 24005, 24006, 24007, 24008, 24009, 24010, 24011, 24012, 24013, 24014, 24015, 24016, 24017, 24018, 24019, 24020, 24021, 24022, 24023, 24024, 24025, 24026, 24027, 24028, 24029, 24030, 24031, 24032, 24033, 24034, 24035, 24036, 24037, 24038, 24039, 24040, 24041, 24042, 24043, 24044, 24045, 24046, 24047, 24048, 24049, 24050, 24051, 24052, 24053, 24054, 24055, 24056, 24057, 24058, 24059, 24060, 24061, 24062, 24063, 24064, 24065, 24066, 24067, 24068, 24069, 24070, 24071, 24072, 24073, 24074, 24075, 24076, 24077, 24078, 24079, 24080, 24081, 24082, 24083, 24084, 24085, 24086, 24087, 24088, 24089, 24090, 24091, 24092, 24093, 24094, 24095, 24096, 24097, 24098, 24099, 24100, 24101, 24102, 24103, 24104, 24105, 24106, 24107, 24108, 24109, 24110, 24111, 24112, 24113, 24114, 24115, 24116, 24117, 24118, 24119, 24120, 24121, 24122, 24123, 24124, 24125, 24126, 24127, 24128, 24129, 24130, 24131, 24132, 24133, 24134, 24135, 24136, 24137, 24138, 24139, 24140, 24141, 24142, 24143, 24144, 24145, 24146, 24147, 24148, 24149, 24150, 24151, 24152, 24153, 24154, 24155, 24156, 24157, 24158, 24159, 24160, 24161, 24162, 24163, 24164, 24165, 24166, 24167, 24168, 24169, 24170, 24171, 24172, 24173, 24174, 24175, 24176, 24177, 24178, 24179, 24180, 24181, 24182, 24183, 24184, 24185, 24186, 24187, 24188, 24189, 24190, 24191, 24192, 24193, 24194, 24195, 24196, 24197, 24198, 24199, 24200, 24201, 24202, 24203, 24204, 24205, 24206, 24207, 24208, 24209, 24210, 24211, 24212, 24213, 24214, 24215, 24216, 24217, 24218, 24219, 24220, 24221, 24222, 24223, 24224, 24225, 24226, 24227, 24228, 24229, 24230, 24231, 24232, 24233, 24234, 24235, 24236, 24237, 24238, 24239, 24240, 24241, 24242, 24243, 24244, 24245, 24246, 24247, 24248, 24249, 24250, 24251, 24252, 24253, 24254, 24255, 24256, 24257, 24258, 24259, 24260, 24261, 24262, 24263, 24264, 24265, 24266, 24267, 24268, 24269, 24270, 24271, 24272, 24273, 24274, 24275, 24276, 24277, 24278, 24279, 24280, 24281, 24282, 24283, 24284, 24285, 24286, 24287, 24288, 24289, 24290, 24291, 24292, 24293, 24294, 24295, 24296, 24297, 24298, 24299, 24300, 24301, 24302, 24303, 24304, 24305, 24306, 24307, 24308, 24309, 24310, 24311, 24312, 24313, 24314, 24315, 24316, 24317, 24318, 24319, 24320, 24321, 24322, 24323, 24324, 24325, 24326, 24327, 24328, 24329, 24330, 24331, 24332, 24333, 24334, 24335, 24336, 24337, 24338, 24339, 24340, 24341, 24342, 24343, 24344, 24345, 24346, 24347, 24348, 24349, 24350, 24351, 24352, 24353, 24354, 24355, 24356, 24357, 24358, 24359, 24360, 24361, 24362, 24363, 24364, 24365, 24366, 24367, 24368, 24369, 24370, 24371, 24372, 24373, 24374, 24375, 24376, 24377, 24378, 24379, 24380, 24381, 24382, 24383, 24384, 24385, 24386, 24387, 24388, 24389, 24390, 24391, 24392, 24393, 24394, 24395, 24396, 24397, 24398, 24399, 24400, 24401, 24402, 24403, 24404, 24405, 24406, 24407, 24408, 24409, 24410, 24411, 24412, 24413, 24414, 24415, 24416, 24417, 24418, 24419, 24420, 24421, 24422, 24423, 24424, 24425, 24426, 24427, 24428, 24429, 24430, 24431, 24432, 24433, 24434, 24435, 24436, 24437, 24438, 24439, 24440, 24441, 24442, 24443, 24444, 24445, 24446, 24447, 24448, 24449, 24450, 24451, 24452, 24453, 24454, 24455, 24456, 24457, 24458, 24459, 24460, 24461, 24462, 24463, 24464, 24465, 24466, 24467, 24468, 24469, 24470, 24471, 24472, 24473, 24474, 24475, 24476, 24477, 24478, 24479, 24480, 24481, 24482, 24483, 24484, 24485, 24486, 24487, 24488, 24489, 24490, 24491, 24492, 24493, 24494, 24495, 24496, 24497, 25030, 25031, 25032, 25033, 25034, 25035, 25036, 25037, 25038, 25039, 25040, 25041, 25042, 25043, 25044, 25045, 25046, 25047, 25048, 25049, 25050, 25051, 25052, 25053, 25054, 25055, 25056, 25057, 25058, 25059, 25060, 25061, 25062, 25063, 25064, 25065, 25066, 25067, 25068, 25069, 25070, 25071, 25072, 25073, 25074, 25075, 25076, 25077, 25078, 25079, 25080, 25081, 25082, 25083, 25084, 25085, 25086, 25087, 25088, 25089, 25090, 25091, 25092, 25093, 25094, 25095, 25096, 25097, 25098, 25099, 25100, 25101, 25102, 25103, 25104, 25105, 25106, 25107, 25108, 25109, 25110, 25111, 25112, 25113, 25114, 25115, 25116, 25117, 25118, 25119, 25120, 25121, 25122, 25123, 25124, 25125, 25126, 25127, 25128, 25129, 25130, 25131, 25132, 25133, 25134, 25135, 25136, 25137, 25138, 25139, 25140, 25141, 25142, 25143, 25144, 25145, 25146, 25147, 25148, 25149, 25150, 25151, 25152, 25153, 25154, 25155, 25156, 25157, 25158, 25159, 25160, 25161, 25162, 25163, 25164, 25165, 25166, 25167, 25168, 25169, 25170, 25171, 25172, 25173, 25174, 25175, 25176, 25177, 25178, 25179, 25180, 25181, 25182, 25183, 25184, 25185, 25186, 25187, 25188, 25189, 25190, 25191, 25192, 25193, 25194, 25195, 25196, 25197, 25198, 25199, 25200, 25201, 25202, 25203, 25204, 25205, 25206, 25207, 25208, 25209, 25210, 25211, 25212, 25213, 25214, 25215, 25216, 25217, 25218, 25219, 25220, 25221, 25222, 25223, 25224, 25225, 25226, 25227, 25228, 25229, 25230, 25231, 25232, 25233, 25234, 25235, 25236, 25237, 25238, 25239, 25240, 25241, 25242, 25243, 25244, 25245, 25246, 25247, 25248, 25249, 25250, 25251, 25252, 25253, 25254, 25255, 25256, 25257, 25258, 25259, 25260, 25261, 25262, 25263, 25264, 25265, 25266, 25267, 25268, 25269, 25270, 25271, 25272, 25273, 25274, 25275, 25276, 25277, 25278, 25279, 25280, 25281, 25282, 25283, 25284, 25285, 25286, 25287, 25288, 25289, 25290, 25291, 25292, 25293, 25294, 25295, 34074, 34075, 34076, 34077, 34078, 34079, 34080, 34081, 34082, 34083, 34084, 34085, 34086, 34087, 34088, 34089, 34090, 34091, 34092, 34093, 34094, 34095, 34096, 34097, 34098, 34099, 34100, 34101, 34102, 34103, 34104, 34105, 34106, 34107, 34108, 34109, 34110, 34111, 34112, 34113, 34114, 34115, 34116, 34117, 34118, 34119, 34120, 34121, 34122, 34123, 34124, 34125, 34126, 34127, 34128, 34129, 34130, 34131, 34132, 34133, 34134, 34135, 34136, 34137, 34138, 34139, 34140, 34141, 34142, 34143, 34144, 34145, 34146, 34147, 34148, 34149, 34150, 34151, 34152, 34153, 34154, 34155, 34156, 34157, 34158, 34159, 34160, 34161, 34162, 34163, 34164, 34165, 34166, 34167, 34168, 34169, 34170, 34171, 34172, 34173, 34174, 34175, 34176, 34177, 34178, 34179, 34180, 34181, 34182, 34183, 34184, 34185, 34186, 34187, 34188, 34189, 34190, 34191, 34192, 34193, 34194, 34195, 34196, 34197, 34198, 34199, 34200, 34201, 34202, 34203, 34204, 34205, 34206, 34207, 34208, 34209, 34210, 34211, 34212, 34213, 34214, 34215, 34216, 34217, 34218, 34219, 34220, 34221, 34222, 34223, 34224, 34225, 34226, 34227, 34228, 34229, 34230, 34231, 34232, 34233, 34234, 34235, 34236, 34237, 34238, 34239, 34240, 34241, 34242, 34243, 34244, 34245, 34246, 34247, 34248, 34249, 34250, 34251, 34252, 34253, 34254, 34255, 34256, 34257, 34258, 34259, 34260, 34261, 34262, 34263, 34264, 34265, 34266, 34267, 34268, 34269, 34270, 34271, 34272, 34273, 34274, 34275, 34276, 34277, 34278, 34279, 34280, 34281, 34282, 34283, 34284, 34285, 34286, 34287, 34288, 34289, 34290, 34291, 34292, 34293, 34294, 34295, 34296, 34297, 34298, 34299, 34300, 34301, 34302, 34303, 34304, 34305, 34306, 34307, 34308, 34309, 34310, 34311, 34312, 34313, 34314, 34315, 34316, 34317, 34318, 34319, 34320, 34321, 34322, 34323, 34324, 34325, 34326, 34327, 34328, 34329, 34330, 34331, 34332, 34333, 34334, 34335, 34336, 34337, 34338, 34339, 76342, 76343, 76344, 76345, 76346, 76347, 76348, 76349, 76350, 76351, 76352, 76353, 76354, 76355, 76356, 76357, 76358, 76359, 76360, 76361, 76362, 76363, 76364, 76365, 76366, 76367, 76368, 76369, 76370, 76371, 76372, 76373, 76374, 76375, 76376, 76377, 76378, 76379, 76380, 76381, 76382, 76383, 76384, 76385, 76386, 76387, 76388, 76389, 76390, 76391, 76392, 76393, 76394, 76395, 76396, 76397, 76398, 76399, 76400, 76401, 76402, 76403, 76404, 76405, 76406, 76407, 76408, 76409, 76410, 76411, 76412, 76413, 76414, 76415, 76416, 76417, 76418, 76419, 76420, 76421, 76422, 76423, 76424, 76425, 76426, 76427, 76428, 76429, 76430, 76431, 76432, 76433, 76434, 76435, 76436, 76437, 76438, 76439, 76440, 76441, 76442, 76443, 76444, 76445, 76446, 76447, 76448, 76449, 76450, 76451, 76452, 76453, 76454, 76455, 76456, 76457, 76458, 76459, 76460, 76461, 76462, 76463, 76464, 76465, 76466, 76467, 76468, 76469, 76470, 76471, 76472, 76473, 76474, 76475, 76476, 76477, 76478, 76479, 76480, 76481, 76482, 76483, 76484, 76485, 76486, 76487, 79846, 79847, 79848, 79849, 79850, 79851, 79852, 79853, 79854, 79855, 79856, 79857, 79858, 79859, 79860, 79861, 79862, 79863, 79864, 79865, 79866, 79867, 79868, 79869, 79870, 79871, 79872, 79873, 79874, 79875, 79876, 79877, 79878, 79879, 79880, 79881, 79882, 79883, 79884, 79885, 79886, 79887, 79888, 79889, 79890, 79891, 79892, 79893, 79894, 79895, 79896, 79897, 79898, 79899, 79900, 79901, 79902, 79903, 79904, 79905, 79906, 79907, 79908, 79909, 79910, 79911, 79912, 79913, 79914, 79915, 79916, 79917, 79918, 79919, 79920, 79921, 79922, 79923, 79924, 79925, 79926, 79927, 79928, 79929, 79930, 79931, 79932, 79933, 79934, 79935, 79936, 79937, 79938, 79939, 79940, 79941, 79942, 79943, 79944, 79945, 79946, 79947, 79948, 79949, 79950, 79951, 79952, 79953, 79954, 79955, 79956, 79957, 79958, 79959, 79960, 79961, 79962, 79963, 79964, 79965, 79966, 79967, 79968, 79969, 79970, 79971, 79972, 79973, 79974, 79975, 79976, 79977, 79978, 79979, 79980, 79981, 79982, 79983, 79984, 79985, 79986, 79987, 79988, 79989, 79990, 79991]
2025-04-15 01:22:07,317 - __main__ - INFO - Dataset size reduced from 91053 to 87437 subjects after filtering.
Processing...
Traceback (most recent call last):
  File "/home/pl217/connecto-hopfield/scripts/run_gnn_training.py", line 476, in <module>
    main(args.config) 
  File "/home/pl217/connecto-hopfield/scripts/run_gnn_training.py", line 289, in main
    data_loader.load_data(fc_matrices, labels)
  File "/home/pl217/connecto-hopfield/src/gnn_utils.py", line 639, in load_data
    dataset = BrainConnectivityDataset(
  File "/home/pl217/connecto-hopfield/src/gnn_utils.py", line 335, in __init__
    super(BrainConnectivityDataset, self).__init__(root, transform, pre_transform)
  File "/home/pl217/miniconda3/envs/connecto/lib/python3.10/site-packages/torch_geometric/data/in_memory_dataset.py", line 81, in __init__
    super().__init__(root, transform, pre_transform, pre_filter, log,
  File "/home/pl217/miniconda3/envs/connecto/lib/python3.10/site-packages/torch_geometric/data/dataset.py", line 115, in __init__
    self._process()
  File "/home/pl217/miniconda3/envs/connecto/lib/python3.10/site-packages/torch_geometric/data/dataset.py", line 262, in _process
    self.process()
  File "/home/pl217/connecto-hopfield/src/gnn_utils.py", line 368, in process
    matrices, labels = torch.load(os.path.join(self.raw_dir, 'raw_data.pt'))
  File "/home/pl217/miniconda3/envs/connecto/lib/python3.10/site-packages/torch/serialization.py", line 1462, in load
    return _load(
  File "/home/pl217/miniconda3/envs/connecto/lib/python3.10/site-packages/torch/serialization.py", line 1956, in _load
    data_file = io.BytesIO(zip_file.get_record(pickle_file))
RuntimeError: PytorchStreamReader failed locating file data.pkl: file not found
