Starting ACHNN training with 16 CPUs and 1 GPU at Mon Apr 14 05:21:40 PM EDT 2025

==== Starting fold 1/5 ====
Train: 20440 windows, Validation: 5110 windows

==== Epoch 1/100 ====
Starting training phase...
Training on 20440 samples...
Training: 100/1278 batches (7.8%)
  - Batch Acc: 37.50%, Running Acc: 49.12%
  - Loss: 0.8252, Grad Norm: 6.1604
  - Learning Rate: 0.000150
Training: 200/1278 batches (15.7%)
  - Batch Acc: 68.75%, Running Acc: 50.34%
  - Loss: 0.6623, Grad Norm: 5.5184
  - Learning Rate: 0.000150
Training: 300/1278 batches (23.5%)
  - Batch Acc: 43.75%, Running Acc: 51.96%
  - Loss: 0.7663, Grad Norm: 5.8118
  - Learning Rate: 0.000150
Training: 400/1278 batches (31.3%)
  - Batch Acc: 87.50%, Running Acc: 53.97%
  - Loss: 0.4804, Grad Norm: 6.9951
  - Learning Rate: 0.000151
Training: 500/1278 batches (39.1%)
  - Batch Acc: 87.50%, Running Acc: 57.80%
  - Loss: 0.3452, Grad Norm: 7.6011
  - Learning Rate: 0.000151
Training: 600/1278 batches (47.0%)
  - Batch Acc: 81.25%, Running Acc: 61.34%
  - Loss: 0.3354, Grad Norm: 10.7138
  - Learning Rate: 0.000152
Training: 700/1278 batches (54.8%)
  - Batch Acc: 87.50%, Running Acc: 64.75%
  - Loss: 0.2353, Grad Norm: 9.8083
  - Learning Rate: 0.000152
Training: 800/1278 batches (62.6%)
  - Batch Acc: 87.50%, Running Acc: 67.72%
  - Loss: 0.4086, Grad Norm: 9.5650
  - Learning Rate: 0.000153
Training: 900/1278 batches (70.5%)
  - Batch Acc: 87.50%, Running Acc: 70.12%
  - Loss: 0.3378, Grad Norm: 10.4301
  - Learning Rate: 0.000154
Training: 1000/1278 batches (78.3%)
  - Batch Acc: 93.75%, Running Acc: 72.33%
  - Loss: 0.1689, Grad Norm: 24.1999
  - Learning Rate: 0.000155
Training: 1100/1278 batches (86.1%)
  - Batch Acc: 87.50%, Running Acc: 74.23%
  - Loss: 0.3164, Grad Norm: 21.0179
  - Learning Rate: 0.000156
Training: 1200/1278 batches (93.9%)
  - Batch Acc: 100.00%, Running Acc: 75.95%
  - Loss: 0.0083, Grad Norm: 0.4509
  - Learning Rate: 0.000157
Training: 1278/1278 batches (100.0%)
  - Batch Acc: 87.50%, Running Acc: 77.15%
  - Loss: 0.5824, Grad Norm: 61.1216
  - Learning Rate: 0.000158

Training phase complete
Epoch Summary:
  - Average Loss: 0.4317
  - Average Accuracy: 77.15%
  - Average Grad Norm: 10.6436
  - Final Learning Rate: 0.000158
Using reduced batch size for validation: 8 (original: 16)
Sub-batch validation complete in 2.86s - Loss: 2.3610, Accuracy: 0.6237

==== Epoch 2/100 ====
Starting training phase...
Training on 20440 samples...
Training: 100/1278 batches (7.8%)
  - Batch Acc: 87.50%, Running Acc: 96.00%
  - Loss: 0.2395, Grad Norm: 71.6299
  - Learning Rate: 0.000160
Training: 200/1278 batches (15.7%)
  - Batch Acc: 93.75%, Running Acc: 96.31%
  - Loss: 0.3218, Grad Norm: 5.1067
  - Learning Rate: 0.000161
Training: 300/1278 batches (23.5%)
  - Batch Acc: 93.75%, Running Acc: 96.33%
  - Loss: 0.3185, Grad Norm: 4.5241
  - Learning Rate: 0.000163
Training: 400/1278 batches (31.3%)
  - Batch Acc: 100.00%, Running Acc: 96.53%
  - Loss: 0.0051, Grad Norm: 0.2011
  - Learning Rate: 0.000164
Training: 500/1278 batches (39.1%)
  - Batch Acc: 100.00%, Running Acc: 96.44%
  - Loss: 0.0046, Grad Norm: 0.1131
  - Learning Rate: 0.000166
Training: 600/1278 batches (47.0%)
  - Batch Acc: 100.00%, Running Acc: 96.50%
  - Loss: 0.0031, Grad Norm: 0.0724
  - Learning Rate: 0.000168
Training: 700/1278 batches (54.8%)
  - Batch Acc: 93.75%, Running Acc: 96.61%
  - Loss: 0.2196, Grad Norm: 36.8896
  - Learning Rate: 0.000170
Training: 800/1278 batches (62.6%)
  - Batch Acc: 100.00%, Running Acc: 96.77%
  - Loss: 0.0043, Grad Norm: 0.1264
  - Learning Rate: 0.000172
Training: 900/1278 batches (70.5%)
  - Batch Acc: 100.00%, Running Acc: 96.97%
  - Loss: 0.0024, Grad Norm: 0.1352
  - Learning Rate: 0.000174
Training: 1000/1278 batches (78.3%)
  - Batch Acc: 93.75%, Running Acc: 97.10%
  - Loss: 0.4646, Grad Norm: 18.2991
  - Learning Rate: 0.000176
Training: 1100/1278 batches (86.1%)
  - Batch Acc: 93.75%, Running Acc: 97.15%
  - Loss: 0.3300, Grad Norm: 25.6010
  - Learning Rate: 0.000179
Training: 1200/1278 batches (93.9%)
  - Batch Acc: 100.00%, Running Acc: 97.17%
  - Loss: 0.0024, Grad Norm: 0.0595
  - Learning Rate: 0.000181
Training: 1278/1278 batches (100.0%)
  - Batch Acc: 100.00%, Running Acc: 97.26%
  - Loss: 0.0008, Grad Norm: 0.0491
  - Learning Rate: 0.000183

Training phase complete
Epoch Summary:
  - Average Loss: 0.1145
  - Average Accuracy: 97.26%
  - Average Grad Norm: 14.9313
  - Final Learning Rate: 0.000183
Using reduced batch size for validation: 8 (original: 16)
Sub-batch validation complete in 2.48s - Loss: 3.6261, Accuracy: 0.5865

==== Epoch 3/100 ====
Starting training phase...
Training on 20440 samples...
Training: 100/1278 batches (7.8%)
  - Batch Acc: 100.00%, Running Acc: 98.50%
  - Loss: 0.0013, Grad Norm: 0.0578
  - Learning Rate: 0.000186
Training: 200/1278 batches (15.7%)
  - Batch Acc: 100.00%, Running Acc: 98.69%
  - Loss: 0.0011, Grad Norm: 0.0539
  - Learning Rate: 0.000188
Training: 300/1278 batches (23.5%)
  - Batch Acc: 100.00%, Running Acc: 98.60%
  - Loss: 0.0006, Grad Norm: 0.0699
  - Learning Rate: 0.000191
Training: 400/1278 batches (31.3%)
  - Batch Acc: 93.75%, Running Acc: 98.53%
  - Loss: 0.0631, Grad Norm: 36.7508
  - Learning Rate: 0.000194
Training: 500/1278 batches (39.1%)
  - Batch Acc: 100.00%, Running Acc: 98.54%
  - Loss: 0.0024, Grad Norm: 0.3610
  - Learning Rate: 0.000197
Training: 600/1278 batches (47.0%)
  - Batch Acc: 100.00%, Running Acc: 98.58%
  - Loss: 0.0277, Grad Norm: 14.0584
  - Learning Rate: 0.000200
Training: 700/1278 batches (54.8%)
  - Batch Acc: 100.00%, Running Acc: 98.60%
  - Loss: 0.0006, Grad Norm: 0.0573
  - Learning Rate: 0.000203
Training: 800/1278 batches (62.6%)
  - Batch Acc: 93.75%, Running Acc: 98.62%
  - Loss: 0.1146, Grad Norm: 80.8438
  - Learning Rate: 0.000207
Training: 900/1278 batches (70.5%)
  - Batch Acc: 93.75%, Running Acc: 98.63%
  - Loss: 0.2137, Grad Norm: 53.8189
  - Learning Rate: 0.000210
Training: 1000/1278 batches (78.3%)
  - Batch Acc: 100.00%, Running Acc: 98.61%
  - Loss: 0.0013, Grad Norm: 0.0607
  - Learning Rate: 0.000213
Training: 1100/1278 batches (86.1%)
  - Batch Acc: 100.00%, Running Acc: 98.57%
  - Loss: 0.0014, Grad Norm: 0.4764
  - Learning Rate: 0.000217
Training: 1200/1278 batches (93.9%)
  - Batch Acc: 100.00%, Running Acc: 98.59%
  - Loss: 0.0004, Grad Norm: 0.0788
  - Learning Rate: 0.000221
Training: 1278/1278 batches (100.0%)
  - Batch Acc: 100.00%, Running Acc: 98.59%
  - Loss: 0.0007, Grad Norm: 0.0804
  - Learning Rate: 0.000224

Training phase complete
Epoch Summary:
  - Average Loss: 0.0685
  - Average Accuracy: 98.59%
  - Average Grad Norm: 10.1551
  - Final Learning Rate: 0.000224
Using reduced batch size for validation: 8 (original: 16)
Sub-batch validation complete in 2.46s - Loss: 4.2173, Accuracy: 0.5838

==== Epoch 4/100 ====
Starting training phase...
Training on 20440 samples...
Training: 100/1278 batches (7.8%)
  - Batch Acc: 100.00%, Running Acc: 98.94%
  - Loss: 0.0010, Grad Norm: 0.0606
  - Learning Rate: 0.000227
Training: 200/1278 batches (15.7%)
  - Batch Acc: 93.75%, Running Acc: 98.91%
  - Loss: 0.1855, Grad Norm: 81.3027
  - Learning Rate: 0.000231
Training: 300/1278 batches (23.5%)
  - Batch Acc: 100.00%, Running Acc: 98.69%
  - Loss: 0.0008, Grad Norm: 0.0534
  - Learning Rate: 0.000235
Training: 400/1278 batches (31.3%)
  - Batch Acc: 100.00%, Running Acc: 98.73%
  - Loss: 0.0003, Grad Norm: 0.0540
  - Learning Rate: 0.000239
Training: 500/1278 batches (39.1%)
  - Batch Acc: 100.00%, Running Acc: 98.61%
  - Loss: 0.0019, Grad Norm: 0.3422
  - Learning Rate: 0.000244
Training: 600/1278 batches (47.0%)
  - Batch Acc: 100.00%, Running Acc: 98.68%
  - Loss: 0.0002, Grad Norm: 0.0526
  - Learning Rate: 0.000248
Training: 700/1278 batches (54.8%)
  - Batch Acc: 100.00%, Running Acc: 98.67%
  - Loss: 0.0013, Grad Norm: 0.0601
  - Learning Rate: 0.000252
Training: 800/1278 batches (62.6%)
  - Batch Acc: 100.00%, Running Acc: 98.73%
  - Loss: 0.0006, Grad Norm: 0.0765
  - Learning Rate: 0.000257
Training: 900/1278 batches (70.5%)
  - Batch Acc: 100.00%, Running Acc: 98.75%
  - Loss: 0.0004, Grad Norm: 0.0525
  - Learning Rate: 0.000261
Training: 1000/1278 batches (78.3%)
  - Batch Acc: 100.00%, Running Acc: 98.72%
  - Loss: 0.0005, Grad Norm: 0.0483
  - Learning Rate: 0.000266
Training: 1100/1278 batches (86.1%)
  - Batch Acc: 100.00%, Running Acc: 98.76%
  - Loss: 0.0002, Grad Norm: 0.0493
  - Learning Rate: 0.000270
Training: 1200/1278 batches (93.9%)
  - Batch Acc: 100.00%, Running Acc: 98.77%
  - Loss: 0.0004, Grad Norm: 0.0594
  - Learning Rate: 0.000275
Training: 1278/1278 batches (100.0%)
  - Batch Acc: 100.00%, Running Acc: 98.74%
  - Loss: 0.0067, Grad Norm: 0.2427
  - Learning Rate: 0.000279

Training phase complete
Epoch Summary:
  - Average Loss: 0.0643
  - Average Accuracy: 98.74%
  - Average Grad Norm: 9.3547
  - Final Learning Rate: 0.000279
Using reduced batch size for validation: 8 (original: 16)
Sub-batch validation complete in 2.58s - Loss: 3.8515, Accuracy: 0.5791

==== Epoch 5/100 ====
Starting training phase...
Training on 20440 samples...
Training: 100/1278 batches (7.8%)
  - Batch Acc: 100.00%, Running Acc: 99.06%
  - Loss: 0.0002, Grad Norm: 0.0463
  - Learning Rate: 0.000284
Training: 200/1278 batches (15.7%)
  - Batch Acc: 100.00%, Running Acc: 99.25%
  - Loss: 0.0006, Grad Norm: 0.0555
  - Learning Rate: 0.000289
Training: 300/1278 batches (23.5%)
  - Batch Acc: 100.00%, Running Acc: 99.31%
  - Loss: 0.0032, Grad Norm: 0.8631
  - Learning Rate: 0.000294
Training: 400/1278 batches (31.3%)
  - Batch Acc: 100.00%, Running Acc: 99.23%
  - Loss: 0.0004, Grad Norm: 0.0505
  - Learning Rate: 0.000299
Training: 500/1278 batches (39.1%)
  - Batch Acc: 100.00%, Running Acc: 99.21%
  - Loss: 0.0005, Grad Norm: 0.0457
  - Learning Rate: 0.000304
Training: 600/1278 batches (47.0%)
  - Batch Acc: 87.50%, Running Acc: 99.22%
  - Loss: 0.3321, Grad Norm: 143.5649
  - Learning Rate: 0.000310
Training: 700/1278 batches (54.8%)
  - Batch Acc: 100.00%, Running Acc: 99.19%
  - Loss: 0.0022, Grad Norm: 0.0750
  - Learning Rate: 0.000315
Training: 800/1278 batches (62.6%)
  - Batch Acc: 100.00%, Running Acc: 98.98%
  - Loss: 0.0124, Grad Norm: 0.2793
  - Learning Rate: 0.000321
Training: 900/1278 batches (70.5%)
  - Batch Acc: 93.75%, Running Acc: 98.93%
  - Loss: 0.3073, Grad Norm: 2.1693
  - Learning Rate: 0.000326
Training: 1000/1278 batches (78.3%)
  - Batch Acc: 87.50%, Running Acc: 98.88%
  - Loss: 0.7723, Grad Norm: 16.7367
  - Learning Rate: 0.000332
Training: 1100/1278 batches (86.1%)
  - Batch Acc: 100.00%, Running Acc: 98.88%
  - Loss: 0.0021, Grad Norm: 0.0684
  - Learning Rate: 0.000337
Training: 1200/1278 batches (93.9%)
  - Batch Acc: 100.00%, Running Acc: 98.87%
  - Loss: 0.0029, Grad Norm: 0.0705
  - Learning Rate: 0.000343
Training: 1278/1278 batches (100.0%)
  - Batch Acc: 100.00%, Running Acc: 98.85%
  - Loss: 0.0018, Grad Norm: 0.0675
  - Learning Rate: 0.000348

Training phase complete
Epoch Summary:
  - Average Loss: 0.0661
  - Average Accuracy: 98.85%
  - Average Grad Norm: 6.7383
  - Final Learning Rate: 0.000348
Using reduced batch size for validation: 8 (original: 16)
Sub-batch validation complete in 2.46s - Loss: 3.2788, Accuracy: 0.6025

==== Epoch 6/100 ====
Starting training phase...
Training on 20440 samples...
Training: 100/1278 batches (7.8%)
  - Batch Acc: 100.00%, Running Acc: 98.12%
  - Loss: 0.0013, Grad Norm: 0.1158
  - Learning Rate: 0.000354
Training: 200/1278 batches (15.7%)
  - Batch Acc: 100.00%, Running Acc: 98.41%
  - Loss: 0.0222, Grad Norm: 21.0374
  - Learning Rate: 0.000360
Training: 300/1278 batches (23.5%)
  - Batch Acc: 100.00%, Running Acc: 98.60%
  - Loss: 0.0007, Grad Norm: 0.0537
  - Learning Rate: 0.000366
Training: 400/1278 batches (31.3%)
  - Batch Acc: 100.00%, Running Acc: 98.70%
  - Loss: 0.0023, Grad Norm: 0.2670
  - Learning Rate: 0.000372
Training: 500/1278 batches (39.1%)
  - Batch Acc: 100.00%, Running Acc: 98.71%
  - Loss: 0.0032, Grad Norm: 0.0844
  - Learning Rate: 0.000378
Training: 600/1278 batches (47.0%)
  - Batch Acc: 100.00%, Running Acc: 98.75%
  - Loss: 0.0008, Grad Norm: 0.0664
  - Learning Rate: 0.000384
Training: 700/1278 batches (54.8%)
  - Batch Acc: 93.75%, Running Acc: 98.79%
  - Loss: 0.1353, Grad Norm: 44.2375
  - Learning Rate: 0.000391
Training: 800/1278 batches (62.6%)
  - Batch Acc: 100.00%, Running Acc: 98.79%
  - Loss: 0.0036, Grad Norm: 0.1205
  - Learning Rate: 0.000397
Training: 900/1278 batches (70.5%)
  - Batch Acc: 100.00%, Running Acc: 98.74%
  - Loss: 0.0005, Grad Norm: 0.0943
  - Learning Rate: 0.000403
Training: 1000/1278 batches (78.3%)
  - Batch Acc: 100.00%, Running Acc: 98.76%
  - Loss: 0.0110, Grad Norm: 4.9094
  - Learning Rate: 0.000410
Training: 1100/1278 batches (86.1%)
  - Batch Acc: 93.75%, Running Acc: 98.78%
  - Loss: 0.3776, Grad Norm: 8.3337
  - Learning Rate: 0.000416
Training: 1200/1278 batches (93.9%)
  - Batch Acc: 93.75%, Running Acc: 98.73%
  - Loss: 0.2304, Grad Norm: 68.0841
  - Learning Rate: 0.000423
Training: 1278/1278 batches (100.0%)
  - Batch Acc: 100.00%, Running Acc: 98.72%
  - Loss: 0.0014, Grad Norm: 0.0670
  - Learning Rate: 0.000428

Training phase complete
Epoch Summary:
  - Average Loss: 0.0693
  - Average Accuracy: 98.72%
  - Average Grad Norm: 7.4860
  - Final Learning Rate: 0.000428
Using reduced batch size for validation: 8 (original: 16)
Sub-batch validation complete in 2.48s - Loss: 3.4685, Accuracy: 0.5744

==== Epoch 7/100 ====
Starting training phase...
Training on 20440 samples...
Training: 100/1278 batches (7.8%)
  - Batch Acc: 93.75%, Running Acc: 98.81%
  - Loss: 0.2227, Grad Norm: 4.8129
  - Learning Rate: 0.000435
Training: 200/1278 batches (15.7%)
  - Batch Acc: 93.75%, Running Acc: 98.62%
  - Loss: 0.3051, Grad Norm: 19.1995
  - Learning Rate: 0.000442
Training: 300/1278 batches (23.5%)
  - Batch Acc: 100.00%, Running Acc: 98.67%
  - Loss: 0.0011, Grad Norm: 0.0712
  - Learning Rate: 0.000449
Training: 400/1278 batches (31.3%)
  - Batch Acc: 100.00%, Running Acc: 98.64%
  - Loss: 0.0009, Grad Norm: 0.0804
  - Learning Rate: 0.000456
Training: 500/1278 batches (39.1%)
  - Batch Acc: 93.75%, Running Acc: 98.70%
  - Loss: 0.1547, Grad Norm: 68.3643
  - Learning Rate: 0.000463
Training: 600/1278 batches (47.0%)
  - Batch Acc: 100.00%, Running Acc: 98.76%
  - Loss: 0.0005, Grad Norm: 0.0934
  - Learning Rate: 0.000470
Training: 700/1278 batches (54.8%)
  - Batch Acc: 100.00%, Running Acc: 98.01%
  - Loss: 0.0214, Grad Norm: 0.3826
  - Learning Rate: 0.000477
Training: 800/1278 batches (62.6%)
  - Batch Acc: 100.00%, Running Acc: 97.80%
  - Loss: 0.0096, Grad Norm: 0.1591
  - Learning Rate: 0.000484
Training: 900/1278 batches (70.5%)
  - Batch Acc: 100.00%, Running Acc: 97.60%
  - Loss: 0.0124, Grad Norm: 0.2105
  - Learning Rate: 0.000491
Training: 1000/1278 batches (78.3%)
  - Batch Acc: 93.75%, Running Acc: 97.24%
  - Loss: 0.3244, Grad Norm: 7.6604
  - Learning Rate: 0.000498
Training: 1100/1278 batches (86.1%)
  - Batch Acc: 100.00%, Running Acc: 96.43%
  - Loss: 0.2131, Grad Norm: 79.1524
  - Learning Rate: 0.000505
Training: 1200/1278 batches (93.9%)
  - Batch Acc: 93.75%, Running Acc: 96.12%
  - Loss: 0.2126, Grad Norm: 1.4383
  - Learning Rate: 0.000513
Training: 1278/1278 batches (100.0%)
  - Batch Acc: 75.00%, Running Acc: 95.88%
  - Loss: 0.5845, Grad Norm: 475.5355
  - Learning Rate: 0.000519

Training phase complete
Epoch Summary:
  - Average Loss: 0.1635
  - Average Accuracy: 95.88%
  - Average Grad Norm: 14.2341
  - Final Learning Rate: 0.000519
Using reduced batch size for validation: 8 (original: 16)
Sub-batch validation complete in 2.48s - Loss: 1.6946, Accuracy: 0.5068

==== Epoch 8/100 ====
Starting training phase...
Training on 20440 samples...
Training: 100/1278 batches (7.8%)
  - Batch Acc: 81.25%, Running Acc: 90.44%
  - Loss: 0.5083, Grad Norm: 6.7873
  - Learning Rate: 0.000526
Training: 200/1278 batches (15.7%)
  - Batch Acc: 93.75%, Running Acc: 91.84%
  - Loss: 0.2611, Grad Norm: 4.2508
  - Learning Rate: 0.000533
Training: 300/1278 batches (23.5%)
  - Batch Acc: 37.50%, Running Acc: 80.92%
  - Loss: 0.7597, Grad Norm: 3.4047
  - Learning Rate: 0.000541
Training: 400/1278 batches (31.3%)
  - Batch Acc: 56.25%, Running Acc: 73.45%
  - Loss: 0.7212, Grad Norm: 3.2022
  - Learning Rate: 0.000549
Training: 500/1278 batches (39.1%)
  - Batch Acc: 62.50%, Running Acc: 68.66%
  - Loss: 0.6494, Grad Norm: 2.5717
  - Learning Rate: 0.000556
Training: 600/1278 batches (47.0%)
  - Batch Acc: 62.50%, Running Acc: 65.22%
  - Loss: 0.6531, Grad Norm: 3.0730
  - Learning Rate: 0.000564
Training: 700/1278 batches (54.8%)
  - Batch Acc: 50.00%, Running Acc: 62.95%
  - Loss: 0.7082, Grad Norm: 3.2002
  - Learning Rate: 0.000571
Training: 800/1278 batches (62.6%)
  - Batch Acc: 50.00%, Running Acc: 61.36%
  - Loss: 0.7236, Grad Norm: 2.9321
  - Learning Rate: 0.000579
Training: 900/1278 batches (70.5%)
  - Batch Acc: 56.25%, Running Acc: 60.05%
  - Loss: 0.7112, Grad Norm: 2.9245
  - Learning Rate: 0.000587
Training: 1000/1278 batches (78.3%)
  - Batch Acc: 56.25%, Running Acc: 59.02%
  - Loss: 0.6888, Grad Norm: 4.2388
  - Learning Rate: 0.000595
Training: 1100/1278 batches (86.1%)
  - Batch Acc: 50.00%, Running Acc: 58.40%
  - Loss: 0.7130, Grad Norm: 3.2903
  - Learning Rate: 0.000602
Training: 1200/1278 batches (93.9%)
  - Batch Acc: 56.25%, Running Acc: 57.66%
  - Loss: 0.6536, Grad Norm: 4.5274
  - Learning Rate: 0.000610
Training: 1278/1278 batches (100.0%)
  - Batch Acc: 25.00%, Running Acc: 57.05%
  - Loss: 0.6921, Grad Norm: 4.4374
  - Learning Rate: 0.000616

Training phase complete
Epoch Summary:
  - Average Loss: 0.6508
  - Average Accuracy: 57.05%
  - Average Grad Norm: 4.5288
  - Final Learning Rate: 0.000616
Using reduced batch size for validation: 8 (original: 16)
Sub-batch validation complete in 2.49s - Loss: 0.6888, Accuracy: 0.5714

==== Epoch 9/100 ====
Starting training phase...
Training on 20440 samples...
Training: 100/1278 batches (7.8%)
  - Batch Acc: 56.25%, Running Acc: 49.75%
  - Loss: 0.7333, Grad Norm: 2.9349
  - Learning Rate: 0.000624
Training: 200/1278 batches (15.7%)
  - Batch Acc: 43.75%, Running Acc: 49.41%
  - Loss: 0.7367, Grad Norm: 4.4984
  - Learning Rate: 0.000632
Training: 300/1278 batches (23.5%)
  - Batch Acc: 37.50%, Running Acc: 49.19%
  - Loss: 0.7103, Grad Norm: 2.5409
  - Learning Rate: 0.000640
Training: 400/1278 batches (31.3%)
  - Batch Acc: 50.00%, Running Acc: 49.20%
  - Loss: 0.7208, Grad Norm: 2.4613
  - Learning Rate: 0.000648
Training: 500/1278 batches (39.1%)
  - Batch Acc: 43.75%, Running Acc: 49.79%
  - Loss: 0.7976, Grad Norm: 4.1630
  - Learning Rate: 0.000656
Training: 600/1278 batches (47.0%)
  - Batch Acc: 37.50%, Running Acc: 50.05%
  - Loss: 0.7426, Grad Norm: 3.3855
  - Learning Rate: 0.000664
Training: 700/1278 batches (54.8%)
  - Batch Acc: 62.50%, Running Acc: 50.46%
  - Loss: 0.6587, Grad Norm: 2.8923
  - Learning Rate: 0.000672
Training: 800/1278 batches (62.6%)
  - Batch Acc: 37.50%, Running Acc: 50.30%
  - Loss: 0.6824, Grad Norm: 2.3742
  - Learning Rate: 0.000680
Training: 900/1278 batches (70.5%)
  - Batch Acc: 62.50%, Running Acc: 50.24%
  - Loss: 0.6551, Grad Norm: 2.9913
  - Learning Rate: 0.000689
Training: 1000/1278 batches (78.3%)
  - Batch Acc: 18.75%, Running Acc: 50.52%
  - Loss: 0.8703, Grad Norm: 4.2020
  - Learning Rate: 0.000697
Training: 1100/1278 batches (86.1%)
  - Batch Acc: 56.25%, Running Acc: 50.53%
  - Loss: 0.7106, Grad Norm: 2.4627
  - Learning Rate: 0.000705
Training: 1200/1278 batches (93.9%)
  - Batch Acc: 75.00%, Running Acc: 50.38%
  - Loss: 0.6902, Grad Norm: 3.4007
  - Learning Rate: 0.000713
Training: 1278/1278 batches (100.0%)
  - Batch Acc: 62.50%, Running Acc: 50.25%
  - Loss: 0.6419, Grad Norm: 3.5367
  - Learning Rate: 0.000719

Training phase complete
Epoch Summary:
  - Average Loss: 0.7081
  - Average Accuracy: 50.25%
  - Average Grad Norm: 3.0858
  - Final Learning Rate: 0.000719
Using reduced batch size for validation: 8 (original: 16)
Sub-batch validation complete in 2.49s - Loss: 0.6845, Accuracy: 0.5714

==== Epoch 10/100 ====
Starting training phase...
Training on 20440 samples...
Training: 100/1278 batches (7.8%)
  - Batch Acc: 25.00%, Running Acc: 49.81%
  - Loss: 0.8239, Grad Norm: 5.3948
  - Learning Rate: 0.000728
Training: 200/1278 batches (15.7%)
  - Batch Acc: 50.00%, Running Acc: 50.44%
  - Loss: 0.7863, Grad Norm: 3.7497
  - Learning Rate: 0.000736
Training: 300/1278 batches (23.5%)
  - Batch Acc: 62.50%, Running Acc: 50.52%
  - Loss: 0.7281, Grad Norm: 2.7026
  - Learning Rate: 0.000744
Training: 400/1278 batches (31.3%)
  - Batch Acc: 56.25%, Running Acc: 50.41%
  - Loss: 0.6683, Grad Norm: 2.0580
  - Learning Rate: 0.000752
Training: 500/1278 batches (39.1%)
  - Batch Acc: 56.25%, Running Acc: 51.11%
  - Loss: 0.6807, Grad Norm: 1.4847
  - Learning Rate: 0.000761
Training: 600/1278 batches (47.0%)
  - Batch Acc: 37.50%, Running Acc: 50.99%
  - Loss: 0.7557, Grad Norm: 2.8011
  - Learning Rate: 0.000769
Training: 700/1278 batches (54.8%)
  - Batch Acc: 62.50%, Running Acc: 50.83%
  - Loss: 0.6730, Grad Norm: 1.8877
  - Learning Rate: 0.000777
Training: 800/1278 batches (62.6%)
  - Batch Acc: 81.25%, Running Acc: 50.43%
  - Loss: 0.6617, Grad Norm: 3.8077
  - Learning Rate: 0.000785
Training: 900/1278 batches (70.5%)
  - Batch Acc: 37.50%, Running Acc: 50.67%
  - Loss: 0.7316, Grad Norm: 3.0240
  - Learning Rate: 0.000794
Training: 1000/1278 batches (78.3%)
  - Batch Acc: 50.00%, Running Acc: 50.58%
  - Loss: 0.6848, Grad Norm: 2.0767
  - Learning Rate: 0.000802
Training: 1100/1278 batches (86.1%)
  - Batch Acc: 43.75%, Running Acc: 50.60%
  - Loss: 0.7111, Grad Norm: 2.2545
  - Learning Rate: 0.000810
Training: 1200/1278 batches (93.9%)
  - Batch Acc: 25.00%, Running Acc: 50.51%
  - Loss: 0.7583, Grad Norm: 4.2435
  - Learning Rate: 0.000819
Training: 1278/1278 batches (100.0%)
  - Batch Acc: 37.50%, Running Acc: 50.42%
  - Loss: 0.7384, Grad Norm: 3.6286
  - Learning Rate: 0.000825

Training phase complete
Epoch Summary:
  - Average Loss: 0.7072
  - Average Accuracy: 50.42%
  - Average Grad Norm: 2.6416
  - Final Learning Rate: 0.000825
Using reduced batch size for validation: 8 (original: 16)
Sub-batch validation complete in 2.51s - Loss: 0.7121, Accuracy: 0.4286

==== Epoch 11/100 ====
Starting training phase...
Training on 20440 samples...
Training: 100/1278 batches (7.8%)
  - Batch Acc: 37.50%, Running Acc: 50.81%
  - Loss: 0.7360, Grad Norm: 1.8624
  - Learning Rate: 0.000833
Training: 200/1278 batches (15.7%)
  - Batch Acc: 50.00%, Running Acc: 49.56%
  - Loss: 0.7176, Grad Norm: 2.2583
  - Learning Rate: 0.000842
Training: 300/1278 batches (23.5%)
  - Batch Acc: 81.25%, Running Acc: 49.46%
  - Loss: 0.6430, Grad Norm: 2.1570
  - Learning Rate: 0.000850
Training: 400/1278 batches (31.3%)
  - Batch Acc: 43.75%, Running Acc: 49.67%
  - Loss: 0.7313, Grad Norm: 1.9276
  - Learning Rate: 0.000858
Training: 500/1278 batches (39.1%)
  - Batch Acc: 56.25%, Running Acc: 49.42%
  - Loss: 0.6971, Grad Norm: 1.3723
  - Learning Rate: 0.000866
Training: 600/1278 batches (47.0%)
  - Batch Acc: 37.50%, Running Acc: 49.47%
  - Loss: 0.6831, Grad Norm: 1.9769
  - Learning Rate: 0.000875
Training: 700/1278 batches (54.8%)
  - Batch Acc: 37.50%, Running Acc: 49.32%
  - Loss: 0.7136, Grad Norm: 1.5485
  - Learning Rate: 0.000883
Training: 800/1278 batches (62.6%)
  - Batch Acc: 37.50%, Running Acc: 49.48%
  - Loss: 0.7820, Grad Norm: 1.9969
  - Learning Rate: 0.000891
Training: 900/1278 batches (70.5%)
  - Batch Acc: 50.00%, Running Acc: 49.78%
  - Loss: 0.7300, Grad Norm: 2.3579
  - Learning Rate: 0.000900
Training: 1000/1278 batches (78.3%)
  - Batch Acc: 43.75%, Running Acc: 49.77%
  - Loss: 0.7006, Grad Norm: 1.5986
  - Learning Rate: 0.000908
Training: 1100/1278 batches (86.1%)
  - Batch Acc: 56.25%, Running Acc: 49.69%
  - Loss: 0.6293, Grad Norm: 1.3428
  - Learning Rate: 0.000916
Training: 1200/1278 batches (93.9%)
  - Batch Acc: 62.50%, Running Acc: 49.63%
  - Loss: 0.6741, Grad Norm: 1.2859
  - Learning Rate: 0.000924
Training: 1278/1278 batches (100.0%)
  - Batch Acc: 12.50%, Running Acc: 49.56%
  - Loss: 0.8292, Grad Norm: 2.9697
  - Learning Rate: 0.000931

Training phase complete
Epoch Summary:
  - Average Loss: 0.7058
  - Average Accuracy: 49.56%
  - Average Grad Norm: 2.0370
  - Final Learning Rate: 0.000931
Using reduced batch size for validation: 8 (original: 16)
Sub-batch validation complete in 2.43s - Loss: 0.6838, Accuracy: 0.5714
Early stopping triggered at epoch 11

==== Fold 1 training complete, evaluating best model ====
Starting final evaluation...
Evaluating 5110 samples across 320 batches
Evaluating batch 1/320
Evaluating batch 17/320
Evaluating batch 33/320
Evaluating batch 49/320
Evaluating batch 65/320
Evaluation: 80/320 batches, Running Acc: 52.89%, Loss: 1.6815
Evaluating batch 81/320
Evaluating batch 97/320
Evaluating batch 113/320
Evaluating batch 129/320
Evaluating batch 145/320
Evaluation: 160/320 batches, Running Acc: 53.12%, Loss: 2.4070
Evaluating batch 161/320
Evaluating batch 177/320
Evaluating batch 193/320
Evaluating batch 209/320
Evaluating batch 225/320
Evaluation: 240/320 batches, Running Acc: 61.35%, Loss: 0.0004
Evaluating batch 241/320
Evaluating batch 257/320
Evaluating batch 273/320
Evaluating batch 289/320
Evaluating batch 305/320
Evaluation: 320/320 batches, Running Acc: 62.37%, Loss: 7.8447
Computing final evaluation metrics
Evaluation complete - Test Loss: 2.3609, Accuracy: 0.6237, F1 Score: 0.6197

==== Starting fold 2/5 ====
Train: 20440 windows, Validation: 5110 windows

==== Epoch 1/100 ====
Starting training phase...
Training on 20440 samples...
Training: 100/1278 batches (7.8%)
  - Batch Acc: 50.00%, Running Acc: 49.44%
  - Loss: 0.7084, Grad Norm: 6.1274
  - Learning Rate: 0.000150
Training: 200/1278 batches (15.7%)
  - Batch Acc: 31.25%, Running Acc: 50.75%
  - Loss: 0.7934, Grad Norm: 6.7321
  - Learning Rate: 0.000150
Training: 300/1278 batches (23.5%)
  - Batch Acc: 43.75%, Running Acc: 51.21%
  - Loss: 0.7664, Grad Norm: 5.7898
  - Learning Rate: 0.000150
Training: 400/1278 batches (31.3%)
  - Batch Acc: 56.25%, Running Acc: 51.83%
  - Loss: 0.7393, Grad Norm: 5.7687
  - Learning Rate: 0.000151
Training: 500/1278 batches (39.1%)
  - Batch Acc: 62.50%, Running Acc: 53.77%
  - Loss: 0.6423, Grad Norm: 7.8758
  - Learning Rate: 0.000151
Training: 600/1278 batches (47.0%)
  - Batch Acc: 62.50%, Running Acc: 56.17%
  - Loss: 0.5539, Grad Norm: 7.5513
  - Learning Rate: 0.000152
Training: 700/1278 batches (54.8%)
  - Batch Acc: 87.50%, Running Acc: 59.43%
  - Loss: 0.3207, Grad Norm: 8.1777
  - Learning Rate: 0.000152
Training: 800/1278 batches (62.6%)
  - Batch Acc: 87.50%, Running Acc: 62.49%
  - Loss: 0.3805, Grad Norm: 11.6134
  - Learning Rate: 0.000153
Training: 900/1278 batches (70.5%)
  - Batch Acc: 75.00%, Running Acc: 65.49%
  - Loss: 0.2950, Grad Norm: 24.3048
  - Learning Rate: 0.000154
Training: 1000/1278 batches (78.3%)
  - Batch Acc: 87.50%, Running Acc: 67.97%
  - Loss: 0.2814, Grad Norm: 7.2017
  - Learning Rate: 0.000155
Training: 1100/1278 batches (86.1%)
  - Batch Acc: 93.75%, Running Acc: 70.16%
  - Loss: 0.1017, Grad Norm: 11.2718
  - Learning Rate: 0.000156
Training: 1200/1278 batches (93.9%)
  - Batch Acc: 87.50%, Running Acc: 72.03%
  - Loss: 0.3659, Grad Norm: 22.2655
  - Learning Rate: 0.000157
Training: 1278/1278 batches (100.0%)
  - Batch Acc: 100.00%, Running Acc: 73.41%
  - Loss: 0.0148, Grad Norm: 0.3369
  - Learning Rate: 0.000158

Training phase complete
Epoch Summary:
  - Average Loss: 0.4781
  - Average Accuracy: 73.41%
  - Average Grad Norm: 9.6437
  - Final Learning Rate: 0.000158
Using reduced batch size for validation: 8 (original: 16)
Sub-batch validation complete in 2.84s - Loss: 2.0504, Accuracy: 0.6237

==== Epoch 2/100 ====
Starting training phase...
Training on 20440 samples...
Training: 100/1278 batches (7.8%)
  - Batch Acc: 93.75%, Running Acc: 94.94%
  - Loss: 0.1020, Grad Norm: 33.8831
  - Learning Rate: 0.000160
Training: 200/1278 batches (15.7%)
  - Batch Acc: 93.75%, Running Acc: 95.28%
  - Loss: 0.2348, Grad Norm: 16.4749
  - Learning Rate: 0.000161
Training: 300/1278 batches (23.5%)
  - Batch Acc: 87.50%, Running Acc: 95.15%
  - Loss: 0.3708, Grad Norm: 27.9228
  - Learning Rate: 0.000163
Training: 400/1278 batches (31.3%)
  - Batch Acc: 93.75%, Running Acc: 95.08%
  - Loss: 0.1852, Grad Norm: 18.7510
  - Learning Rate: 0.000164
Training: 500/1278 batches (39.1%)
  - Batch Acc: 100.00%, Running Acc: 95.34%
  - Loss: 0.0072, Grad Norm: 0.1644
  - Learning Rate: 0.000166
Training: 600/1278 batches (47.0%)
  - Batch Acc: 93.75%, Running Acc: 95.61%
  - Loss: 0.1814, Grad Norm: 12.1200
  - Learning Rate: 0.000168
Training: 700/1278 batches (54.8%)
  - Batch Acc: 93.75%, Running Acc: 95.80%
  - Loss: 0.3129, Grad Norm: 34.6917
  - Learning Rate: 0.000170
Training: 800/1278 batches (62.6%)
  - Batch Acc: 100.00%, Running Acc: 96.01%
  - Loss: 0.0045, Grad Norm: 0.6267
  - Learning Rate: 0.000172
Training: 900/1278 batches (70.5%)
  - Batch Acc: 93.75%, Running Acc: 96.24%
  - Loss: 0.2965, Grad Norm: 23.8665
  - Learning Rate: 0.000174
Training: 1000/1278 batches (78.3%)
  - Batch Acc: 93.75%, Running Acc: 96.39%
  - Loss: 0.0893, Grad Norm: 80.2850
  - Learning Rate: 0.000176
Training: 1100/1278 batches (86.1%)
  - Batch Acc: 100.00%, Running Acc: 96.48%
  - Loss: 0.0021, Grad Norm: 0.0641
  - Learning Rate: 0.000179
Training: 1200/1278 batches (93.9%)
  - Batch Acc: 100.00%, Running Acc: 96.61%
  - Loss: 0.0072, Grad Norm: 5.7952
  - Learning Rate: 0.000181
Training: 1278/1278 batches (100.0%)
  - Batch Acc: 100.00%, Running Acc: 96.72%
  - Loss: 0.0009, Grad Norm: 0.0539
  - Learning Rate: 0.000183

Training phase complete
Epoch Summary:
  - Average Loss: 0.1233
  - Average Accuracy: 96.72%
  - Average Grad Norm: 14.5386
  - Final Learning Rate: 0.000183
Using reduced batch size for validation: 8 (original: 16)
Sub-batch validation complete in 2.46s - Loss: 3.4358, Accuracy: 0.6188

==== Epoch 3/100 ====
Starting training phase...
Training on 20440 samples...
Training: 100/1278 batches (7.8%)
  - Batch Acc: 93.75%, Running Acc: 98.19%
  - Loss: 0.2079, Grad Norm: 59.7456
  - Learning Rate: 0.000186
Training: 200/1278 batches (15.7%)
  - Batch Acc: 100.00%, Running Acc: 98.09%
  - Loss: 0.0023, Grad Norm: 1.2504
  - Learning Rate: 0.000188
Training: 300/1278 batches (23.5%)
  - Batch Acc: 93.75%, Running Acc: 98.31%
  - Loss: 0.0641, Grad Norm: 36.0707
  - Learning Rate: 0.000191
Training: 400/1278 batches (31.3%)
  - Batch Acc: 100.00%, Running Acc: 98.28%
  - Loss: 0.0041, Grad Norm: 0.3948
  - Learning Rate: 0.000194
Training: 500/1278 batches (39.1%)
  - Batch Acc: 100.00%, Running Acc: 98.36%
  - Loss: 0.0006, Grad Norm: 0.1455
  - Learning Rate: 0.000197
Training: 600/1278 batches (47.0%)
  - Batch Acc: 100.00%, Running Acc: 98.39%
  - Loss: 0.0082, Grad Norm: 8.8571
  - Learning Rate: 0.000200
Training: 700/1278 batches (54.8%)
  - Batch Acc: 100.00%, Running Acc: 98.38%
  - Loss: 0.0014, Grad Norm: 0.0572
  - Learning Rate: 0.000203
Training: 800/1278 batches (62.6%)
  - Batch Acc: 100.00%, Running Acc: 98.38%
  - Loss: 0.0010, Grad Norm: 0.0658
  - Learning Rate: 0.000207
Training: 900/1278 batches (70.5%)
  - Batch Acc: 100.00%, Running Acc: 98.42%
  - Loss: 0.0008, Grad Norm: 0.0513
  - Learning Rate: 0.000210
Training: 1000/1278 batches (78.3%)
  - Batch Acc: 100.00%, Running Acc: 98.42%
  - Loss: 0.0014, Grad Norm: 0.1490
  - Learning Rate: 0.000213
Training: 1100/1278 batches (86.1%)
  - Batch Acc: 93.75%, Running Acc: 98.41%
  - Loss: 0.3965, Grad Norm: 19.5575
  - Learning Rate: 0.000217
Training: 1200/1278 batches (93.9%)
  - Batch Acc: 100.00%, Running Acc: 98.47%
  - Loss: 0.0003, Grad Norm: 0.0462
  - Learning Rate: 0.000221
Training: 1278/1278 batches (100.0%)
  - Batch Acc: 100.00%, Running Acc: 98.43%
  - Loss: 0.0015, Grad Norm: 0.1200
  - Learning Rate: 0.000224

Training phase complete
Epoch Summary:
  - Average Loss: 0.0766
  - Average Accuracy: 98.43%
  - Average Grad Norm: 10.8147
  - Final Learning Rate: 0.000224
Using reduced batch size for validation: 8 (original: 16)
Sub-batch validation complete in 2.53s - Loss: 3.5486, Accuracy: 0.6217

==== Epoch 4/100 ====
Starting training phase...
Training on 20440 samples...
Training: 100/1278 batches (7.8%)
  - Batch Acc: 100.00%, Running Acc: 99.00%
  - Loss: 0.0006, Grad Norm: 0.0509
  - Learning Rate: 0.000227
Training: 200/1278 batches (15.7%)
  - Batch Acc: 100.00%, Running Acc: 98.97%
  - Loss: 0.0009, Grad Norm: 0.0442
  - Learning Rate: 0.000231
Training: 300/1278 batches (23.5%)
  - Batch Acc: 100.00%, Running Acc: 98.92%
  - Loss: 0.0031, Grad Norm: 0.2473
  - Learning Rate: 0.000235
Training: 400/1278 batches (31.3%)
  - Batch Acc: 100.00%, Running Acc: 98.98%
  - Loss: 0.0004, Grad Norm: 0.0502
  - Learning Rate: 0.000239
Training: 500/1278 batches (39.1%)
  - Batch Acc: 100.00%, Running Acc: 98.95%
  - Loss: 0.0278, Grad Norm: 30.8176
  - Learning Rate: 0.000244
Training: 600/1278 batches (47.0%)
  - Batch Acc: 100.00%, Running Acc: 98.96%
  - Loss: 0.0017, Grad Norm: 0.0673
  - Learning Rate: 0.000248
Training: 700/1278 batches (54.8%)
  - Batch Acc: 100.00%, Running Acc: 98.99%
  - Loss: 0.0006, Grad Norm: 0.0536
  - Learning Rate: 0.000252
Training: 800/1278 batches (62.6%)
  - Batch Acc: 100.00%, Running Acc: 99.05%
  - Loss: 0.0004, Grad Norm: 0.0521
  - Learning Rate: 0.000257
Training: 900/1278 batches (70.5%)
  - Batch Acc: 93.75%, Running Acc: 98.99%
  - Loss: 0.4885, Grad Norm: 42.3931
  - Learning Rate: 0.000261
Training: 1000/1278 batches (78.3%)
  - Batch Acc: 100.00%, Running Acc: 98.98%
  - Loss: 0.0021, Grad Norm: 0.0680
  - Learning Rate: 0.000266
Training: 1100/1278 batches (86.1%)
  - Batch Acc: 100.00%, Running Acc: 99.01%
  - Loss: 0.0013, Grad Norm: 0.0703
  - Learning Rate: 0.000270
Training: 1200/1278 batches (93.9%)
  - Batch Acc: 100.00%, Running Acc: 99.01%
  - Loss: 0.0020, Grad Norm: 0.0642
  - Learning Rate: 0.000275
Training: 1278/1278 batches (100.0%)
  - Batch Acc: 100.00%, Running Acc: 99.03%
  - Loss: 0.0005, Grad Norm: 0.0514
  - Learning Rate: 0.000279

Training phase complete
Epoch Summary:
  - Average Loss: 0.0525
  - Average Accuracy: 99.03%
  - Average Grad Norm: 7.1732
  - Final Learning Rate: 0.000279
Using reduced batch size for validation: 8 (original: 16)
Sub-batch validation complete in 2.51s - Loss: 3.9357, Accuracy: 0.6180

==== Epoch 5/100 ====
Starting training phase...
Training on 20440 samples...
Training: 100/1278 batches (7.8%)
  - Batch Acc: 100.00%, Running Acc: 98.62%
  - Loss: 0.0009, Grad Norm: 0.1146
  - Learning Rate: 0.000284
Training: 200/1278 batches (15.7%)
  - Batch Acc: 100.00%, Running Acc: 98.66%
  - Loss: 0.0009, Grad Norm: 0.0651
  - Learning Rate: 0.000289
Training: 300/1278 batches (23.5%)
  - Batch Acc: 100.00%, Running Acc: 98.71%
  - Loss: 0.0005, Grad Norm: 0.0521
  - Learning Rate: 0.000294
Training: 400/1278 batches (31.3%)
  - Batch Acc: 100.00%, Running Acc: 98.78%
  - Loss: 0.0004, Grad Norm: 0.0667
  - Learning Rate: 0.000299
Training: 500/1278 batches (39.1%)
  - Batch Acc: 100.00%, Running Acc: 98.88%
  - Loss: 0.0002, Grad Norm: 0.0516
  - Learning Rate: 0.000304
Training: 600/1278 batches (47.0%)
  - Batch Acc: 87.50%, Running Acc: 98.95%
  - Loss: 1.2843, Grad Norm: 5.5525
  - Learning Rate: 0.000310
Training: 700/1278 batches (54.8%)
  - Batch Acc: 93.75%, Running Acc: 98.94%
  - Loss: 0.7530, Grad Norm: 4.8380
  - Learning Rate: 0.000315
Training: 800/1278 batches (62.6%)
  - Batch Acc: 100.00%, Running Acc: 98.89%
  - Loss: 0.0010, Grad Norm: 0.0554
  - Learning Rate: 0.000321
Training: 900/1278 batches (70.5%)
  - Batch Acc: 100.00%, Running Acc: 98.89%
  - Loss: 0.0182, Grad Norm: 35.3979
  - Learning Rate: 0.000326
Training: 1000/1278 batches (78.3%)
  - Batch Acc: 100.00%, Running Acc: 98.91%
  - Loss: 0.0002, Grad Norm: 0.0578
  - Learning Rate: 0.000332
Training: 1100/1278 batches (86.1%)
  - Batch Acc: 100.00%, Running Acc: 98.93%
  - Loss: 0.0013, Grad Norm: 0.0722
  - Learning Rate: 0.000337
Training: 1200/1278 batches (93.9%)
  - Batch Acc: 100.00%, Running Acc: 98.92%
  - Loss: 0.0003, Grad Norm: 0.0565
  - Learning Rate: 0.000343
Training: 1278/1278 batches (100.0%)
  - Batch Acc: 100.00%, Running Acc: 98.88%
  - Loss: 0.0528, Grad Norm: 23.3580
  - Learning Rate: 0.000348

Training phase complete
Epoch Summary:
  - Average Loss: 0.0601
  - Average Accuracy: 98.88%
  - Average Grad Norm: 7.8105
  - Final Learning Rate: 0.000348
Using reduced batch size for validation: 8 (original: 16)
Sub-batch validation complete in 2.54s - Loss: 3.5725, Accuracy: 0.6227

==== Epoch 6/100 ====
Starting training phase...
Training on 20440 samples...
Training: 100/1278 batches (7.8%)
  - Batch Acc: 100.00%, Running Acc: 98.31%
  - Loss: 0.0023, Grad Norm: 0.0696
  - Learning Rate: 0.000354
Training: 200/1278 batches (15.7%)
  - Batch Acc: 100.00%, Running Acc: 98.62%
  - Loss: 0.0015, Grad Norm: 0.0591
  - Learning Rate: 0.000360
Training: 300/1278 batches (23.5%)
  - Batch Acc: 100.00%, Running Acc: 98.79%
  - Loss: 0.0024, Grad Norm: 0.0728
  - Learning Rate: 0.000366
Training: 400/1278 batches (31.3%)
  - Batch Acc: 100.00%, Running Acc: 98.69%
  - Loss: 0.0007, Grad Norm: 0.0616
  - Learning Rate: 0.000372
Training: 500/1278 batches (39.1%)
  - Batch Acc: 93.75%, Running Acc: 98.71%
  - Loss: 0.1550, Grad Norm: 72.6399
  - Learning Rate: 0.000378
Training: 600/1278 batches (47.0%)
  - Batch Acc: 100.00%, Running Acc: 98.70%
  - Loss: 0.0090, Grad Norm: 5.0873
  - Learning Rate: 0.000384
Training: 700/1278 batches (54.8%)
  - Batch Acc: 100.00%, Running Acc: 98.78%
  - Loss: 0.0004, Grad Norm: 0.1290
  - Learning Rate: 0.000391
Training: 800/1278 batches (62.6%)
  - Batch Acc: 100.00%, Running Acc: 98.53%
  - Loss: 0.0065, Grad Norm: 0.1520
  - Learning Rate: 0.000397
Training: 900/1278 batches (70.5%)
  - Batch Acc: 93.75%, Running Acc: 98.50%
  - Loss: 0.3115, Grad Norm: 27.5530
  - Learning Rate: 0.000403
Training: 1000/1278 batches (78.3%)
  - Batch Acc: 100.00%, Running Acc: 98.52%
  - Loss: 0.0017, Grad Norm: 0.2274
  - Learning Rate: 0.000410
Training: 1100/1278 batches (86.1%)
  - Batch Acc: 100.00%, Running Acc: 98.57%
  - Loss: 0.0006, Grad Norm: 0.0557
  - Learning Rate: 0.000416
Training: 1200/1278 batches (93.9%)
  - Batch Acc: 100.00%, Running Acc: 98.65%
  - Loss: 0.0002, Grad Norm: 0.0598
  - Learning Rate: 0.000423
Training: 1278/1278 batches (100.0%)
  - Batch Acc: 100.00%, Running Acc: 98.69%
  - Loss: 0.0003, Grad Norm: 0.0481
  - Learning Rate: 0.000428

Training phase complete
Epoch Summary:
  - Average Loss: 0.0672
  - Average Accuracy: 98.69%
  - Average Grad Norm: 6.5416
  - Final Learning Rate: 0.000428
Using reduced batch size for validation: 8 (original: 16)
Sub-batch validation complete in 2.50s - Loss: 3.8841, Accuracy: 0.6166

==== Epoch 7/100 ====
Starting training phase...
Training on 20440 samples...
Training: 100/1278 batches (7.8%)
  - Batch Acc: 100.00%, Running Acc: 98.62%
  - Loss: 0.0006, Grad Norm: 0.0663
  - Learning Rate: 0.000435
Training: 200/1278 batches (15.7%)
  - Batch Acc: 100.00%, Running Acc: 98.88%
  - Loss: 0.0012, Grad Norm: 0.0556
  - Learning Rate: 0.000442
Training: 300/1278 batches (23.5%)
  - Batch Acc: 100.00%, Running Acc: 98.73%
  - Loss: 0.0172, Grad Norm: 26.5003
  - Learning Rate: 0.000449
Training: 400/1278 batches (31.3%)
  - Batch Acc: 100.00%, Running Acc: 98.72%
  - Loss: 0.0007, Grad Norm: 0.0885
  - Learning Rate: 0.000456
Training: 500/1278 batches (39.1%)
  - Batch Acc: 100.00%, Running Acc: 98.70%
  - Loss: 0.0029, Grad Norm: 0.1001
  - Learning Rate: 0.000463
Training: 600/1278 batches (47.0%)
  - Batch Acc: 100.00%, Running Acc: 98.73%
  - Loss: 0.0023, Grad Norm: 0.0926
  - Learning Rate: 0.000470
Training: 700/1278 batches (54.8%)
  - Batch Acc: 93.75%, Running Acc: 98.69%
  - Loss: 0.3733, Grad Norm: 3.6145
  - Learning Rate: 0.000477
Training: 800/1278 batches (62.6%)
  - Batch Acc: 100.00%, Running Acc: 98.59%
  - Loss: 0.0019, Grad Norm: 0.0821
  - Learning Rate: 0.000484
Training: 900/1278 batches (70.5%)
  - Batch Acc: 100.00%, Running Acc: 98.61%
  - Loss: 0.0015, Grad Norm: 0.0863
  - Learning Rate: 0.000491
Training: 1000/1278 batches (78.3%)
  - Batch Acc: 100.00%, Running Acc: 98.63%
  - Loss: 0.0028, Grad Norm: 0.0843
  - Learning Rate: 0.000498
Training: 1100/1278 batches (86.1%)
  - Batch Acc: 93.75%, Running Acc: 98.57%
  - Loss: 0.2190, Grad Norm: 28.1595
  - Learning Rate: 0.000505
Training: 1200/1278 batches (93.9%)
  - Batch Acc: 100.00%, Running Acc: 98.57%
  - Loss: 0.0010, Grad Norm: 0.0811
  - Learning Rate: 0.000513
Training: 1278/1278 batches (100.0%)
  - Batch Acc: 100.00%, Running Acc: 98.56%
  - Loss: 0.0027, Grad Norm: 0.0849
  - Learning Rate: 0.000519

Training phase complete
Epoch Summary:
  - Average Loss: 0.0794
  - Average Accuracy: 98.56%
  - Average Grad Norm: 7.1706
  - Final Learning Rate: 0.000519
Using reduced batch size for validation: 8 (original: 16)
Sub-batch validation complete in 2.49s - Loss: 2.6624, Accuracy: 0.6170

==== Epoch 8/100 ====
Starting training phase...
Training on 20440 samples...
Training: 100/1278 batches (7.8%)
  - Batch Acc: 100.00%, Running Acc: 98.38%
  - Loss: 0.0008, Grad Norm: 0.0777
  - Learning Rate: 0.000526
Training: 200/1278 batches (15.7%)
  - Batch Acc: 100.00%, Running Acc: 98.59%
  - Loss: 0.0061, Grad Norm: 0.1645
  - Learning Rate: 0.000533
Training: 300/1278 batches (23.5%)
  - Batch Acc: 100.00%, Running Acc: 98.62%
  - Loss: 0.0036, Grad Norm: 0.1047
  - Learning Rate: 0.000541
Training: 400/1278 batches (31.3%)
  - Batch Acc: 100.00%, Running Acc: 98.73%
  - Loss: 0.0017, Grad Norm: 0.1688
  - Learning Rate: 0.000549
Training: 500/1278 batches (39.1%)
  - Batch Acc: 100.00%, Running Acc: 98.62%
  - Loss: 0.0106, Grad Norm: 3.6374
  - Learning Rate: 0.000556
Training: 600/1278 batches (47.0%)
  - Batch Acc: 100.00%, Running Acc: 98.62%
  - Loss: 0.0014, Grad Norm: 0.0882
  - Learning Rate: 0.000564
Training: 700/1278 batches (54.8%)
  - Batch Acc: 100.00%, Running Acc: 98.62%
  - Loss: 0.0009, Grad Norm: 0.1249
  - Learning Rate: 0.000571
Training: 800/1278 batches (62.6%)
  - Batch Acc: 100.00%, Running Acc: 98.70%
  - Loss: 0.0001, Grad Norm: 0.0680
  - Learning Rate: 0.000579
Training: 900/1278 batches (70.5%)
  - Batch Acc: 100.00%, Running Acc: 98.71%
  - Loss: 0.0024, Grad Norm: 0.0880
  - Learning Rate: 0.000587
Training: 1000/1278 batches (78.3%)
  - Batch Acc: 100.00%, Running Acc: 98.62%
  - Loss: 0.0017, Grad Norm: 0.0945
  - Learning Rate: 0.000595
Training: 1100/1278 batches (86.1%)
  - Batch Acc: 93.75%, Running Acc: 98.26%
  - Loss: 0.5134, Grad Norm: 2.2953
  - Learning Rate: 0.000602
Training: 1200/1278 batches (93.9%)
  - Batch Acc: 87.50%, Running Acc: 96.96%
  - Loss: 0.4179, Grad Norm: 2.2374
  - Learning Rate: 0.000610
Training: 1278/1278 batches (100.0%)
  - Batch Acc: 100.00%, Running Acc: 96.64%
  - Loss: 0.0472, Grad Norm: 0.9309
  - Learning Rate: 0.000616

Training phase complete
Epoch Summary:
  - Average Loss: 0.1359
  - Average Accuracy: 96.64%
  - Average Grad Norm: 15.0364
  - Final Learning Rate: 0.000616
Using reduced batch size for validation: 8 (original: 16)
Sub-batch validation complete in 2.76s - Loss: 1.4509, Accuracy: 0.6102

==== Epoch 9/100 ====
Starting training phase...
Training on 20440 samples...
Training: 100/1278 batches (7.8%)
  - Batch Acc: 81.25%, Running Acc: 70.94%
  - Loss: 0.4949, Grad Norm: 2.4795
  - Learning Rate: 0.000624
Training: 200/1278 batches (15.7%)
  - Batch Acc: 87.50%, Running Acc: 76.09%
  - Loss: 0.3683, Grad Norm: 146.7513
  - Learning Rate: 0.000632
Training: 300/1278 batches (23.5%)
  - Batch Acc: 81.25%, Running Acc: 77.62%
  - Loss: 0.4922, Grad Norm: 6.0978
  - Learning Rate: 0.000640
Training: 400/1278 batches (31.3%)
  - Batch Acc: 87.50%, Running Acc: 76.20%
  - Loss: 0.3993, Grad Norm: 1.8497
  - Learning Rate: 0.000648
Training: 500/1278 batches (39.1%)
  - Batch Acc: 68.75%, Running Acc: 77.51%
  - Loss: 0.6839, Grad Norm: 3.0804
  - Learning Rate: 0.000656
Training: 600/1278 batches (47.0%)
  - Batch Acc: 87.50%, Running Acc: 79.29%
  - Loss: 0.4357, Grad Norm: 2.3618
  - Learning Rate: 0.000664
Training: 700/1278 batches (54.8%)
  - Batch Acc: 56.25%, Running Acc: 80.13%
  - Loss: 0.9594, Grad Norm: 7.8191
  - Learning Rate: 0.000672
Training: 800/1278 batches (62.6%)
  - Batch Acc: 81.25%, Running Acc: 79.76%
  - Loss: 0.5496, Grad Norm: 12.2863
  - Learning Rate: 0.000680
Training: 900/1278 batches (70.5%)
  - Batch Acc: 93.75%, Running Acc: 79.54%
  - Loss: 0.3016, Grad Norm: 7.6496
  - Learning Rate: 0.000689
Training: 1000/1278 batches (78.3%)
  - Batch Acc: 62.50%, Running Acc: 79.01%
  - Loss: 0.6440, Grad Norm: 4.9582
  - Learning Rate: 0.000697
Training: 1100/1278 batches (86.1%)
  - Batch Acc: 75.00%, Running Acc: 78.00%
  - Loss: 0.5910, Grad Norm: 3.7892
  - Learning Rate: 0.000705
Training: 1200/1278 batches (93.9%)
  - Batch Acc: 75.00%, Running Acc: 77.26%
  - Loss: 0.6069, Grad Norm: 13.9255
  - Learning Rate: 0.000713
Training: 1278/1278 batches (100.0%)
  - Batch Acc: 62.50%, Running Acc: 76.59%
  - Loss: 0.4762, Grad Norm: 3.7391
  - Learning Rate: 0.000719

Training phase complete
Epoch Summary:
  - Average Loss: 0.5411
  - Average Accuracy: 76.59%
  - Average Grad Norm: 25.0200
  - Final Learning Rate: 0.000719
Using reduced batch size for validation: 8 (original: 16)
Sub-batch validation complete in 2.53s - Loss: 0.7116, Accuracy: 0.4613

==== Epoch 10/100 ====
Starting training phase...
Training on 20440 samples...
Training: 100/1278 batches (7.8%)
  - Batch Acc: 50.00%, Running Acc: 72.56%
  - Loss: 0.7708, Grad Norm: 34.0071
  - Learning Rate: 0.000728
Training: 200/1278 batches (15.7%)
  - Batch Acc: 81.25%, Running Acc: 68.22%
  - Loss: 0.5428, Grad Norm: 3.1156
  - Learning Rate: 0.000736
Training: 300/1278 batches (23.5%)
  - Batch Acc: 68.75%, Running Acc: 68.12%
  - Loss: 0.6198, Grad Norm: 3.1438
  - Learning Rate: 0.000744
Training: 400/1278 batches (31.3%)
  - Batch Acc: 56.25%, Running Acc: 68.44%
  - Loss: 0.7142, Grad Norm: 39.7293
  - Learning Rate: 0.000752
Training: 500/1278 batches (39.1%)
  - Batch Acc: 56.25%, Running Acc: 68.50%
  - Loss: 0.7789, Grad Norm: 92.8204
  - Learning Rate: 0.000761
Training: 600/1278 batches (47.0%)
  - Batch Acc: 68.75%, Running Acc: 67.94%
  - Loss: 0.6449, Grad Norm: 11.4339
  - Learning Rate: 0.000769
Training: 700/1278 batches (54.8%)
  - Batch Acc: 87.50%, Running Acc: 67.71%
  - Loss: 0.4924, Grad Norm: 2.0792
  - Learning Rate: 0.000777
Training: 800/1278 batches (62.6%)
  - Batch Acc: 56.25%, Running Acc: 67.22%
  - Loss: 0.8668, Grad Norm: 71.7832
  - Learning Rate: 0.000785
Training: 900/1278 batches (70.5%)
  - Batch Acc: 56.25%, Running Acc: 67.08%
  - Loss: 0.6650, Grad Norm: 2.5283
  - Learning Rate: 0.000794
Training: 1000/1278 batches (78.3%)
  - Batch Acc: 75.00%, Running Acc: 67.12%
  - Loss: 0.6573, Grad Norm: 2.7756
  - Learning Rate: 0.000802
Training: 1100/1278 batches (86.1%)
  - Batch Acc: 56.25%, Running Acc: 67.27%
  - Loss: 0.6747, Grad Norm: 63.9171
  - Learning Rate: 0.000810
Training: 1200/1278 batches (93.9%)
  - Batch Acc: 75.00%, Running Acc: 67.80%
  - Loss: 0.5865, Grad Norm: 21.4678
  - Learning Rate: 0.000819
Training: 1278/1278 batches (100.0%)
  - Batch Acc: 75.00%, Running Acc: 68.35%
  - Loss: 0.4536, Grad Norm: 10.6942
  - Learning Rate: 0.000825

Training phase complete
Epoch Summary:
  - Average Loss: 0.6226
  - Average Accuracy: 68.35%
  - Average Grad Norm: 28.4944
  - Final Learning Rate: 0.000825
Using reduced batch size for validation: 8 (original: 16)
Sub-batch validation complete in 2.46s - Loss: 0.9455, Accuracy: 0.5937

==== Epoch 11/100 ====
Starting training phase...
Training on 20440 samples...
Training: 100/1278 batches (7.8%)
  - Batch Acc: 68.75%, Running Acc: 77.50%
  - Loss: 0.4929, Grad Norm: 7.2178
  - Learning Rate: 0.000833
Training: 200/1278 batches (15.7%)
  - Batch Acc: 100.00%, Running Acc: 78.78%
  - Loss: 0.1600, Grad Norm: 8.5108
  - Learning Rate: 0.000842
Training: 300/1278 batches (23.5%)
  - Batch Acc: 75.00%, Running Acc: 79.65%
  - Loss: 0.6662, Grad Norm: 12.8485
  - Learning Rate: 0.000850
Training: 400/1278 batches (31.3%)
  - Batch Acc: 93.75%, Running Acc: 80.61%
  - Loss: 0.1788, Grad Norm: 19.2144
  - Learning Rate: 0.000858
Training: 500/1278 batches (39.1%)
  - Batch Acc: 81.25%, Running Acc: 81.30%
  - Loss: 0.3974, Grad Norm: 29.6843
  - Learning Rate: 0.000866
Training: 600/1278 batches (47.0%)
  - Batch Acc: 75.00%, Running Acc: 82.17%
  - Loss: 0.5307, Grad Norm: 21.5124
  - Learning Rate: 0.000875
Training: 700/1278 batches (54.8%)
  - Batch Acc: 81.25%, Running Acc: 82.97%
  - Loss: 0.3390, Grad Norm: 7.0153
  - Learning Rate: 0.000883
Training: 800/1278 batches (62.6%)
  - Batch Acc: 93.75%, Running Acc: 83.60%
  - Loss: 0.2874, Grad Norm: 1.6937
  - Learning Rate: 0.000891
Training: 900/1278 batches (70.5%)
  - Batch Acc: 93.75%, Running Acc: 83.76%
  - Loss: 0.2736, Grad Norm: 2.4756
  - Learning Rate: 0.000900
Training: 1000/1278 batches (78.3%)
  - Batch Acc: 75.00%, Running Acc: 83.94%
  - Loss: 0.7222, Grad Norm: 51.9052
  - Learning Rate: 0.000908
Training: 1100/1278 batches (86.1%)
  - Batch Acc: 81.25%, Running Acc: 83.92%
  - Loss: 0.6497, Grad Norm: 2.7742
  - Learning Rate: 0.000916
Training: 1200/1278 batches (93.9%)
  - Batch Acc: 75.00%, Running Acc: 83.82%
  - Loss: 0.5608, Grad Norm: 16.8084
  - Learning Rate: 0.000924
Training: 1278/1278 batches (100.0%)
  - Batch Acc: 75.00%, Running Acc: 83.94%
  - Loss: 0.5712, Grad Norm: 5.9461
  - Learning Rate: 0.000931

Training phase complete
Epoch Summary:
  - Average Loss: 0.4265
  - Average Accuracy: 83.94%
  - Average Grad Norm: 19.1855
  - Final Learning Rate: 0.000931
Using reduced batch size for validation: 8 (original: 16)
Sub-batch validation complete in 2.47s - Loss: 0.9961, Accuracy: 0.6068
Early stopping triggered at epoch 11

==== Fold 2 training complete, evaluating best model ====
Starting final evaluation...
Evaluating 5110 samples across 320 batches
Evaluating batch 1/320
Evaluating batch 17/320
Evaluating batch 33/320
Evaluating batch 49/320
Evaluating batch 65/320
Evaluation: 80/320 batches, Running Acc: 46.88%, Loss: 0.3530
Evaluating batch 81/320
Evaluating batch 97/320
Evaluating batch 113/320
Evaluating batch 129/320
Evaluating batch 145/320
Evaluation: 160/320 batches, Running Acc: 56.68%, Loss: 0.0015
Evaluating batch 161/320
Evaluating batch 177/320
Evaluating batch 193/320
Evaluating batch 209/320
Evaluating batch 225/320
Evaluation: 240/320 batches, Running Acc: 57.60%, Loss: 0.0017
Evaluating batch 241/320
Evaluating batch 257/320
Evaluating batch 273/320
Evaluating batch 289/320
Evaluating batch 305/320
Evaluation: 320/320 batches, Running Acc: 62.37%, Loss: 0.0012
Computing final evaluation metrics
Evaluation complete - Test Loss: 2.0506, Accuracy: 0.6237, F1 Score: 0.6227

==== Starting fold 3/5 ====
Train: 20440 windows, Validation: 5110 windows

==== Epoch 1/100 ====
Starting training phase...
Training on 20440 samples...
Training: 100/1278 batches (7.8%)
  - Batch Acc: 37.50%, Running Acc: 51.12%
  - Loss: 0.8490, Grad Norm: 7.3072
  - Learning Rate: 0.000150
Training: 200/1278 batches (15.7%)
  - Batch Acc: 56.25%, Running Acc: 51.12%
  - Loss: 0.6899, Grad Norm: 5.6214
  - Learning Rate: 0.000150
Training: 300/1278 batches (23.5%)
  - Batch Acc: 68.75%, Running Acc: 51.69%
  - Loss: 0.6552, Grad Norm: 5.1327
  - Learning Rate: 0.000150
Training: 400/1278 batches (31.3%)
  - Batch Acc: 68.75%, Running Acc: 53.44%
  - Loss: 0.5592, Grad Norm: 5.8446
  - Learning Rate: 0.000151
Training: 500/1278 batches (39.1%)
  - Batch Acc: 56.25%, Running Acc: 56.70%
  - Loss: 0.5632, Grad Norm: 11.1182
  - Learning Rate: 0.000151
Training: 600/1278 batches (47.0%)
  - Batch Acc: 81.25%, Running Acc: 59.98%
  - Loss: 0.5632, Grad Norm: 9.7767
  - Learning Rate: 0.000152
Training: 700/1278 batches (54.8%)
  - Batch Acc: 75.00%, Running Acc: 63.13%
  - Loss: 0.4948, Grad Norm: 13.4253
  - Learning Rate: 0.000152
Training: 800/1278 batches (62.6%)
  - Batch Acc: 62.50%, Running Acc: 66.01%
  - Loss: 0.6032, Grad Norm: 16.6059
  - Learning Rate: 0.000153
Training: 900/1278 batches (70.5%)
  - Batch Acc: 93.75%, Running Acc: 68.61%
  - Loss: 0.1825, Grad Norm: 15.0133
  - Learning Rate: 0.000154
Training: 1000/1278 batches (78.3%)
  - Batch Acc: 93.75%, Running Acc: 70.81%
  - Loss: 0.1379, Grad Norm: 13.8399
  - Learning Rate: 0.000155
Training: 1100/1278 batches (86.1%)
  - Batch Acc: 87.50%, Running Acc: 72.63%
  - Loss: 0.1971, Grad Norm: 25.1501
  - Learning Rate: 0.000156
Training: 1200/1278 batches (93.9%)
  - Batch Acc: 93.75%, Running Acc: 74.33%
  - Loss: 0.1539, Grad Norm: 22.1494
  - Learning Rate: 0.000157
Training: 1278/1278 batches (100.0%)
  - Batch Acc: 100.00%, Running Acc: 75.58%
  - Loss: 0.0100, Grad Norm: 0.6057
  - Learning Rate: 0.000158

Training phase complete
Epoch Summary:
  - Average Loss: 0.4534
  - Average Accuracy: 75.58%
  - Average Grad Norm: 10.7816
  - Final Learning Rate: 0.000158
Using reduced batch size for validation: 8 (original: 16)
Sub-batch validation complete in 2.90s - Loss: 1.8315, Accuracy: 0.6581

==== Epoch 2/100 ====
Starting training phase...
Training on 20440 samples...
Training: 100/1278 batches (7.8%)
  - Batch Acc: 93.75%, Running Acc: 94.75%
  - Loss: 0.1832, Grad Norm: 20.4429
  - Learning Rate: 0.000160
Training: 200/1278 batches (15.7%)
  - Batch Acc: 100.00%, Running Acc: 95.72%
  - Loss: 0.0053, Grad Norm: 2.5090
  - Learning Rate: 0.000161
Training: 300/1278 batches (23.5%)
  - Batch Acc: 93.75%, Running Acc: 95.75%
  - Loss: 0.0626, Grad Norm: 23.6121
  - Learning Rate: 0.000163
Training: 400/1278 batches (31.3%)
  - Batch Acc: 93.75%, Running Acc: 95.53%
  - Loss: 0.3290, Grad Norm: 13.4254
  - Learning Rate: 0.000164
Training: 500/1278 batches (39.1%)
  - Batch Acc: 87.50%, Running Acc: 95.84%
  - Loss: 0.2032, Grad Norm: 58.1393
  - Learning Rate: 0.000166
Training: 600/1278 batches (47.0%)
  - Batch Acc: 93.75%, Running Acc: 95.98%
  - Loss: 0.3422, Grad Norm: 2.3826
  - Learning Rate: 0.000168
Training: 700/1278 batches (54.8%)
  - Batch Acc: 100.00%, Running Acc: 96.19%
  - Loss: 0.0484, Grad Norm: 41.1670
  - Learning Rate: 0.000170
Training: 800/1278 batches (62.6%)
  - Batch Acc: 100.00%, Running Acc: 96.20%
  - Loss: 0.0019, Grad Norm: 0.0656
  - Learning Rate: 0.000172
Training: 900/1278 batches (70.5%)
  - Batch Acc: 100.00%, Running Acc: 96.33%
  - Loss: 0.0034, Grad Norm: 0.0790
  - Learning Rate: 0.000174
Training: 1000/1278 batches (78.3%)
  - Batch Acc: 100.00%, Running Acc: 96.50%
  - Loss: 0.0018, Grad Norm: 0.1812
  - Learning Rate: 0.000176
Training: 1100/1278 batches (86.1%)
  - Batch Acc: 93.75%, Running Acc: 96.60%
  - Loss: 0.4524, Grad Norm: 4.4995
  - Learning Rate: 0.000179
Training: 1200/1278 batches (93.9%)
  - Batch Acc: 93.75%, Running Acc: 96.69%
  - Loss: 0.4693, Grad Norm: 36.8960
  - Learning Rate: 0.000181
Training: 1278/1278 batches (100.0%)
  - Batch Acc: 100.00%, Running Acc: 96.82%
  - Loss: 0.0005, Grad Norm: 0.0597
  - Learning Rate: 0.000183

Training phase complete
Epoch Summary:
  - Average Loss: 0.1241
  - Average Accuracy: 96.82%
  - Average Grad Norm: 15.1188
  - Final Learning Rate: 0.000183
Using reduced batch size for validation: 8 (original: 16)
Sub-batch validation complete in 2.44s - Loss: 3.2771, Accuracy: 0.6393

==== Epoch 3/100 ====
Starting training phase...
Training on 20440 samples...
Training: 100/1278 batches (7.8%)
  - Batch Acc: 100.00%, Running Acc: 98.19%
  - Loss: 0.0007, Grad Norm: 0.0471
  - Learning Rate: 0.000186
Training: 200/1278 batches (15.7%)
  - Batch Acc: 100.00%, Running Acc: 98.66%
  - Loss: 0.0039, Grad Norm: 7.0527
  - Learning Rate: 0.000188
Training: 300/1278 batches (23.5%)
  - Batch Acc: 93.75%, Running Acc: 98.33%
  - Loss: 0.4407, Grad Norm: 6.2414
  - Learning Rate: 0.000191
Training: 400/1278 batches (31.3%)
  - Batch Acc: 100.00%, Running Acc: 98.33%
  - Loss: 0.0015, Grad Norm: 0.0685
  - Learning Rate: 0.000194
Training: 500/1278 batches (39.1%)
  - Batch Acc: 100.00%, Running Acc: 98.33%
  - Loss: 0.0058, Grad Norm: 3.0530
  - Learning Rate: 0.000197
Training: 600/1278 batches (47.0%)
  - Batch Acc: 100.00%, Running Acc: 98.25%
  - Loss: 0.0012, Grad Norm: 0.0561
  - Learning Rate: 0.000200
Training: 700/1278 batches (54.8%)
  - Batch Acc: 100.00%, Running Acc: 98.28%
  - Loss: 0.0008, Grad Norm: 0.0497
  - Learning Rate: 0.000203
Training: 800/1278 batches (62.6%)
  - Batch Acc: 100.00%, Running Acc: 98.30%
  - Loss: 0.0011, Grad Norm: 0.0507
  - Learning Rate: 0.000207
Training: 900/1278 batches (70.5%)
  - Batch Acc: 100.00%, Running Acc: 98.34%
  - Loss: 0.0005, Grad Norm: 0.0665
  - Learning Rate: 0.000210
Training: 1000/1278 batches (78.3%)
  - Batch Acc: 93.75%, Running Acc: 98.31%
  - Loss: 0.2672, Grad Norm: 75.2026
  - Learning Rate: 0.000213
Training: 1100/1278 batches (86.1%)
  - Batch Acc: 100.00%, Running Acc: 98.36%
  - Loss: 0.0005, Grad Norm: 0.0481
  - Learning Rate: 0.000217
Training: 1200/1278 batches (93.9%)
  - Batch Acc: 93.75%, Running Acc: 98.41%
  - Loss: 0.0546, Grad Norm: 48.6512
  - Learning Rate: 0.000221
Training: 1278/1278 batches (100.0%)
  - Batch Acc: 100.00%, Running Acc: 98.40%
  - Loss: 0.0006, Grad Norm: 0.0563
  - Learning Rate: 0.000224

Training phase complete
Epoch Summary:
  - Average Loss: 0.0736
  - Average Accuracy: 98.40%
  - Average Grad Norm: 10.6434
  - Final Learning Rate: 0.000224
Using reduced batch size for validation: 8 (original: 16)
Sub-batch validation complete in 2.52s - Loss: 3.1808, Accuracy: 0.6659

==== Epoch 4/100 ====
Starting training phase...
Training on 20440 samples...
Training: 100/1278 batches (7.8%)
  - Batch Acc: 100.00%, Running Acc: 99.06%
  - Loss: 0.0009, Grad Norm: 0.0426
  - Learning Rate: 0.000227
Training: 200/1278 batches (15.7%)
  - Batch Acc: 100.00%, Running Acc: 99.25%
  - Loss: 0.0005, Grad Norm: 0.0523
  - Learning Rate: 0.000231
Training: 300/1278 batches (23.5%)
  - Batch Acc: 100.00%, Running Acc: 99.00%
  - Loss: 0.0013, Grad Norm: 0.0520
  - Learning Rate: 0.000235
Training: 400/1278 batches (31.3%)
  - Batch Acc: 93.75%, Running Acc: 98.97%
  - Loss: 0.3425, Grad Norm: 99.2943
  - Learning Rate: 0.000239
Training: 500/1278 batches (39.1%)
  - Batch Acc: 100.00%, Running Acc: 98.96%
  - Loss: 0.0004, Grad Norm: 0.0986
  - Learning Rate: 0.000244
Training: 600/1278 batches (47.0%)
  - Batch Acc: 100.00%, Running Acc: 98.92%
  - Loss: 0.0009, Grad Norm: 0.3315
  - Learning Rate: 0.000248
Training: 700/1278 batches (54.8%)
  - Batch Acc: 100.00%, Running Acc: 98.87%
  - Loss: 0.0016, Grad Norm: 0.0624
  - Learning Rate: 0.000252
Training: 800/1278 batches (62.6%)
  - Batch Acc: 100.00%, Running Acc: 98.84%
  - Loss: 0.0010, Grad Norm: 0.0495
  - Learning Rate: 0.000257
Training: 900/1278 batches (70.5%)
  - Batch Acc: 100.00%, Running Acc: 98.81%
  - Loss: 0.0003, Grad Norm: 0.0561
  - Learning Rate: 0.000261
Training: 1000/1278 batches (78.3%)
  - Batch Acc: 100.00%, Running Acc: 98.81%
  - Loss: 0.0007, Grad Norm: 0.0424
  - Learning Rate: 0.000266
Training: 1100/1278 batches (86.1%)
  - Batch Acc: 100.00%, Running Acc: 98.80%
  - Loss: 0.0005, Grad Norm: 0.0529
  - Learning Rate: 0.000270
Training: 1200/1278 batches (93.9%)
  - Batch Acc: 93.75%, Running Acc: 98.81%
  - Loss: 0.1840, Grad Norm: 85.7720
  - Learning Rate: 0.000275
Training: 1278/1278 batches (100.0%)
  - Batch Acc: 100.00%, Running Acc: 98.81%
  - Loss: 0.0003, Grad Norm: 0.0553
  - Learning Rate: 0.000279

Training phase complete
Epoch Summary:
  - Average Loss: 0.0619
  - Average Accuracy: 98.81%
  - Average Grad Norm: 8.3069
  - Final Learning Rate: 0.000279
Using reduced batch size for validation: 8 (original: 16)
Sub-batch validation complete in 2.54s - Loss: 3.5247, Accuracy: 0.6730

==== Epoch 5/100 ====
Starting training phase...
Training on 20440 samples...
Training: 100/1278 batches (7.8%)
  - Batch Acc: 100.00%, Running Acc: 98.50%
  - Loss: 0.0010, Grad Norm: 0.1311
  - Learning Rate: 0.000284
Training: 200/1278 batches (15.7%)
  - Batch Acc: 100.00%, Running Acc: 98.59%
  - Loss: 0.0006, Grad Norm: 0.0678
  - Learning Rate: 0.000289
Training: 300/1278 batches (23.5%)
  - Batch Acc: 100.00%, Running Acc: 98.75%
  - Loss: 0.0004, Grad Norm: 0.0509
  - Learning Rate: 0.000294
Training: 400/1278 batches (31.3%)
  - Batch Acc: 100.00%, Running Acc: 98.75%
  - Loss: 0.0013, Grad Norm: 0.0688
  - Learning Rate: 0.000299
Training: 500/1278 batches (39.1%)
  - Batch Acc: 100.00%, Running Acc: 98.79%
  - Loss: 0.0006, Grad Norm: 0.0480
  - Learning Rate: 0.000304
Training: 600/1278 batches (47.0%)
  - Batch Acc: 100.00%, Running Acc: 98.83%
  - Loss: 0.0240, Grad Norm: 53.6833
  - Learning Rate: 0.000310
Training: 700/1278 batches (54.8%)
  - Batch Acc: 100.00%, Running Acc: 98.88%
  - Loss: 0.0006, Grad Norm: 0.0575
  - Learning Rate: 0.000315
Training: 800/1278 batches (62.6%)
  - Batch Acc: 100.00%, Running Acc: 98.95%
  - Loss: 0.0001, Grad Norm: 0.0454
  - Learning Rate: 0.000321
Training: 900/1278 batches (70.5%)
  - Batch Acc: 100.00%, Running Acc: 98.97%
  - Loss: 0.0010, Grad Norm: 0.0469
  - Learning Rate: 0.000326
Training: 1000/1278 batches (78.3%)
  - Batch Acc: 100.00%, Running Acc: 98.96%
  - Loss: 0.0005, Grad Norm: 0.1687
  - Learning Rate: 0.000332
Training: 1100/1278 batches (86.1%)
  - Batch Acc: 100.00%, Running Acc: 99.01%
  - Loss: 0.0004, Grad Norm: 0.0655
  - Learning Rate: 0.000337
Training: 1200/1278 batches (93.9%)
  - Batch Acc: 93.75%, Running Acc: 99.01%
  - Loss: 0.1950, Grad Norm: 77.0819
  - Learning Rate: 0.000343
Training: 1278/1278 batches (100.0%)
  - Batch Acc: 100.00%, Running Acc: 99.03%
  - Loss: 0.0001, Grad Norm: 0.0543
  - Learning Rate: 0.000348

Training phase complete
Epoch Summary:
  - Average Loss: 0.0529
  - Average Accuracy: 99.03%
  - Average Grad Norm: 7.8530
  - Final Learning Rate: 0.000348
Using reduced batch size for validation: 8 (original: 16)
Sub-batch validation complete in 2.53s - Loss: 3.6161, Accuracy: 0.6697

==== Epoch 6/100 ====
Starting training phase...
Training on 20440 samples...
Training: 100/1278 batches (7.8%)
  - Batch Acc: 93.75%, Running Acc: 98.50%
  - Loss: 0.2651, Grad Norm: 35.6827
  - Learning Rate: 0.000354
Training: 200/1278 batches (15.7%)
  - Batch Acc: 100.00%, Running Acc: 98.97%
  - Loss: 0.0002, Grad Norm: 0.0519
  - Learning Rate: 0.000360
Training: 300/1278 batches (23.5%)
  - Batch Acc: 100.00%, Running Acc: 98.98%
  - Loss: 0.0015, Grad Norm: 0.0607
  - Learning Rate: 0.000366
Training: 400/1278 batches (31.3%)
  - Batch Acc: 100.00%, Running Acc: 98.83%
  - Loss: 0.0041, Grad Norm: 0.1055
  - Learning Rate: 0.000372
Training: 500/1278 batches (39.1%)
  - Batch Acc: 100.00%, Running Acc: 98.74%
  - Loss: 0.0024, Grad Norm: 0.0702
  - Learning Rate: 0.000378
Training: 600/1278 batches (47.0%)
  - Batch Acc: 100.00%, Running Acc: 98.65%
  - Loss: 0.0005, Grad Norm: 0.0499
  - Learning Rate: 0.000384
Training: 700/1278 batches (54.8%)
  - Batch Acc: 100.00%, Running Acc: 98.67%
  - Loss: 0.0012, Grad Norm: 0.0675
  - Learning Rate: 0.000391
Training: 800/1278 batches (62.6%)
  - Batch Acc: 100.00%, Running Acc: 98.74%
  - Loss: 0.0003, Grad Norm: 0.0527
  - Learning Rate: 0.000397
Training: 900/1278 batches (70.5%)
  - Batch Acc: 93.75%, Running Acc: 98.78%
  - Loss: 0.7327, Grad Norm: 6.7211
  - Learning Rate: 0.000403
Training: 1000/1278 batches (78.3%)
  - Batch Acc: 100.00%, Running Acc: 98.79%
  - Loss: 0.0005, Grad Norm: 0.0868
  - Learning Rate: 0.000410
Training: 1100/1278 batches (86.1%)
  - Batch Acc: 93.75%, Running Acc: 98.80%
  - Loss: 0.4664, Grad Norm: 3.6226
  - Learning Rate: 0.000416
Training: 1200/1278 batches (93.9%)
  - Batch Acc: 100.00%, Running Acc: 98.83%
  - Loss: 0.0012, Grad Norm: 0.0679
  - Learning Rate: 0.000423
Training: 1278/1278 batches (100.0%)
  - Batch Acc: 87.50%, Running Acc: 98.80%
  - Loss: 0.4206, Grad Norm: 32.6291
  - Learning Rate: 0.000428

Training phase complete
Epoch Summary:
  - Average Loss: 0.0650
  - Average Accuracy: 98.80%
  - Average Grad Norm: 8.3444
  - Final Learning Rate: 0.000428
Using reduced batch size for validation: 8 (original: 16)
Sub-batch validation complete in 2.52s - Loss: 2.1180, Accuracy: 0.7035

==== Epoch 7/100 ====
Starting training phase...
Training on 20440 samples...
Training: 100/1278 batches (7.8%)
  - Batch Acc: 100.00%, Running Acc: 97.94%
  - Loss: 0.0026, Grad Norm: 0.1132
  - Learning Rate: 0.000435
Training: 200/1278 batches (15.7%)
  - Batch Acc: 100.00%, Running Acc: 98.28%
  - Loss: 0.0010, Grad Norm: 0.0763
  - Learning Rate: 0.000442
Training: 300/1278 batches (23.5%)
  - Batch Acc: 100.00%, Running Acc: 98.50%
  - Loss: 0.0008, Grad Norm: 0.0596
  - Learning Rate: 0.000449
Training: 400/1278 batches (31.3%)
  - Batch Acc: 100.00%, Running Acc: 98.59%
  - Loss: 0.0007, Grad Norm: 0.0732
  - Learning Rate: 0.000456
Training: 500/1278 batches (39.1%)
  - Batch Acc: 100.00%, Running Acc: 98.67%
  - Loss: 0.0023, Grad Norm: 0.1106
  - Learning Rate: 0.000463
Training: 600/1278 batches (47.0%)
  - Batch Acc: 100.00%, Running Acc: 98.60%
  - Loss: 0.0065, Grad Norm: 0.1687
  - Learning Rate: 0.000470
Training: 700/1278 batches (54.8%)
  - Batch Acc: 100.00%, Running Acc: 98.49%
  - Loss: 0.0029, Grad Norm: 0.3110
  - Learning Rate: 0.000477
Training: 800/1278 batches (62.6%)
  - Batch Acc: 100.00%, Running Acc: 98.55%
  - Loss: 0.0023, Grad Norm: 0.1061
  - Learning Rate: 0.000484
Training: 900/1278 batches (70.5%)
  - Batch Acc: 93.75%, Running Acc: 98.49%
  - Loss: 0.4038, Grad Norm: 4.7472
  - Learning Rate: 0.000491
Training: 1000/1278 batches (78.3%)
  - Batch Acc: 100.00%, Running Acc: 98.51%
  - Loss: 0.0008, Grad Norm: 0.0912
  - Learning Rate: 0.000498
Training: 1100/1278 batches (86.1%)
  - Batch Acc: 100.00%, Running Acc: 98.51%
  - Loss: 0.0003, Grad Norm: 0.0844
  - Learning Rate: 0.000505
Training: 1200/1278 batches (93.9%)
  - Batch Acc: 100.00%, Running Acc: 98.54%
  - Loss: 0.0031, Grad Norm: 0.0966
  - Learning Rate: 0.000513
Training: 1278/1278 batches (100.0%)
  - Batch Acc: 100.00%, Running Acc: 98.53%
  - Loss: 0.0013, Grad Norm: 0.0786
  - Learning Rate: 0.000519

Training phase complete
Epoch Summary:
  - Average Loss: 0.0745
  - Average Accuracy: 98.53%
  - Average Grad Norm: 7.5854
  - Final Learning Rate: 0.000519
Using reduced batch size for validation: 8 (original: 16)
Sub-batch validation complete in 2.50s - Loss: 2.2109, Accuracy: 0.6885

==== Epoch 8/100 ====
Starting training phase...
Training on 20440 samples...
Training: 100/1278 batches (7.8%)
  - Batch Acc: 100.00%, Running Acc: 98.94%
  - Loss: 0.0009, Grad Norm: 0.0982
  - Learning Rate: 0.000526
Training: 200/1278 batches (15.7%)
  - Batch Acc: 100.00%, Running Acc: 98.78%
  - Loss: 0.0098, Grad Norm: 2.2122
  - Learning Rate: 0.000533
Training: 300/1278 batches (23.5%)
  - Batch Acc: 100.00%, Running Acc: 98.83%
  - Loss: 0.0012, Grad Norm: 0.0775
  - Learning Rate: 0.000541
Training: 400/1278 batches (31.3%)
  - Batch Acc: 100.00%, Running Acc: 98.84%
  - Loss: 0.0008, Grad Norm: 0.0953
  - Learning Rate: 0.000549
Training: 500/1278 batches (39.1%)
  - Batch Acc: 100.00%, Running Acc: 98.80%
  - Loss: 0.0379, Grad Norm: 16.6550
  - Learning Rate: 0.000556
Training: 600/1278 batches (47.0%)
  - Batch Acc: 100.00%, Running Acc: 98.81%
  - Loss: 0.0010, Grad Norm: 0.0728
  - Learning Rate: 0.000564
Training: 700/1278 batches (54.8%)
  - Batch Acc: 100.00%, Running Acc: 98.88%
  - Loss: 0.0003, Grad Norm: 0.0757
  - Learning Rate: 0.000571
Training: 800/1278 batches (62.6%)
  - Batch Acc: 100.00%, Running Acc: 98.87%
  - Loss: 0.0184, Grad Norm: 16.8498
  - Learning Rate: 0.000579
Training: 900/1278 batches (70.5%)
  - Batch Acc: 100.00%, Running Acc: 98.89%
  - Loss: 0.0005, Grad Norm: 0.0740
  - Learning Rate: 0.000587
Training: 1000/1278 batches (78.3%)
  - Batch Acc: 81.25%, Running Acc: 98.18%
  - Loss: 0.5421, Grad Norm: 11.4760
  - Learning Rate: 0.000595
Training: 1100/1278 batches (86.1%)
  - Batch Acc: 81.25%, Running Acc: 95.17%
  - Loss: 0.4249, Grad Norm: 2.8654
  - Learning Rate: 0.000602
Training: 1200/1278 batches (93.9%)
  - Batch Acc: 25.00%, Running Acc: 92.34%
  - Loss: 1.0422, Grad Norm: 6.2248
  - Learning Rate: 0.000610
Training: 1278/1278 batches (100.0%)
  - Batch Acc: 75.00%, Running Acc: 89.89%
  - Loss: 0.6165, Grad Norm: 3.8804
  - Learning Rate: 0.000616

Training phase complete
Epoch Summary:
  - Average Loss: 0.2160
  - Average Accuracy: 89.89%
  - Average Grad Norm: 8.8930
  - Final Learning Rate: 0.000616
Using reduced batch size for validation: 8 (original: 16)
Sub-batch validation complete in 2.52s - Loss: 0.6853, Accuracy: 0.5714

==== Epoch 9/100 ====
Starting training phase...
Training on 20440 samples...
Training: 100/1278 batches (7.8%)
  - Batch Acc: 50.00%, Running Acc: 51.69%
  - Loss: 0.7009, Grad Norm: 3.3563
  - Learning Rate: 0.000624
Training: 200/1278 batches (15.7%)
  - Batch Acc: 87.50%, Running Acc: 55.28%
  - Loss: 0.4862, Grad Norm: 2.9127
  - Learning Rate: 0.000632
Training: 300/1278 batches (23.5%)
  - Batch Acc: 68.75%, Running Acc: 58.88%
  - Loss: 0.5769, Grad Norm: 2.7021
  - Learning Rate: 0.000640
Training: 400/1278 batches (31.3%)
  - Batch Acc: 62.50%, Running Acc: 60.09%
  - Loss: 0.6396, Grad Norm: 2.8211
  - Learning Rate: 0.000648
Training: 500/1278 batches (39.1%)
  - Batch Acc: 31.25%, Running Acc: 59.04%
  - Loss: 0.8183, Grad Norm: 3.6137
  - Learning Rate: 0.000656
Training: 600/1278 batches (47.0%)
  - Batch Acc: 37.50%, Running Acc: 57.76%
  - Loss: 0.7336, Grad Norm: 3.4831
  - Learning Rate: 0.000664
Training: 700/1278 batches (54.8%)
  - Batch Acc: 43.75%, Running Acc: 56.90%
  - Loss: 0.7863, Grad Norm: 3.0651
  - Learning Rate: 0.000672
Training: 800/1278 batches (62.6%)
  - Batch Acc: 31.25%, Running Acc: 56.12%
  - Loss: 0.8099, Grad Norm: 4.4719
  - Learning Rate: 0.000680
Training: 900/1278 batches (70.5%)
  - Batch Acc: 43.75%, Running Acc: 55.26%
  - Loss: 0.7099, Grad Norm: 2.8462
  - Learning Rate: 0.000689
Training: 1000/1278 batches (78.3%)
  - Batch Acc: 56.25%, Running Acc: 54.82%
  - Loss: 0.7196, Grad Norm: 3.9377
  - Learning Rate: 0.000697
Training: 1100/1278 batches (86.1%)
  - Batch Acc: 50.00%, Running Acc: 54.34%
  - Loss: 0.6516, Grad Norm: 2.9395
  - Learning Rate: 0.000705
Training: 1200/1278 batches (93.9%)
  - Batch Acc: 43.75%, Running Acc: 53.94%
  - Loss: 0.7353, Grad Norm: 4.9330
  - Learning Rate: 0.000713
Training: 1278/1278 batches (100.0%)
  - Batch Acc: 50.00%, Running Acc: 53.69%
  - Loss: 0.7551, Grad Norm: 3.9292
  - Learning Rate: 0.000719

Training phase complete
Epoch Summary:
  - Average Loss: 0.6989
  - Average Accuracy: 53.69%
  - Average Grad Norm: 11.0748
  - Final Learning Rate: 0.000719
Using reduced batch size for validation: 8 (original: 16)
Sub-batch validation complete in 2.56s - Loss: 0.6881, Accuracy: 0.5714

==== Epoch 10/100 ====
Starting training phase...
Training on 20440 samples...
Training: 100/1278 batches (7.8%)
  - Batch Acc: 37.50%, Running Acc: 49.38%
  - Loss: 0.7608, Grad Norm: 4.0092
  - Learning Rate: 0.000728
Training: 200/1278 batches (15.7%)
  - Batch Acc: 43.75%, Running Acc: 49.72%
  - Loss: 0.6884, Grad Norm: 3.2398
  - Learning Rate: 0.000736
Training: 300/1278 batches (23.5%)
  - Batch Acc: 37.50%, Running Acc: 50.38%
  - Loss: 0.7553, Grad Norm: 2.6795
  - Learning Rate: 0.000744
Training: 400/1278 batches (31.3%)
  - Batch Acc: 75.00%, Running Acc: 50.25%
  - Loss: 0.6548, Grad Norm: 2.6236
  - Learning Rate: 0.000752
Training: 500/1278 batches (39.1%)
  - Batch Acc: 62.50%, Running Acc: 50.34%
  - Loss: 0.6510, Grad Norm: 2.1978
  - Learning Rate: 0.000761
Training: 600/1278 batches (47.0%)
  - Batch Acc: 43.75%, Running Acc: 50.56%
  - Loss: 0.7413, Grad Norm: 4.1389
  - Learning Rate: 0.000769
Training: 700/1278 batches (54.8%)
  - Batch Acc: 68.75%, Running Acc: 50.67%
  - Loss: 0.6584, Grad Norm: 2.1578
  - Learning Rate: 0.000777
Training: 800/1278 batches (62.6%)
  - Batch Acc: 87.50%, Running Acc: 50.92%
  - Loss: 0.5582, Grad Norm: 3.6347
  - Learning Rate: 0.000785
Training: 900/1278 batches (70.5%)
  - Batch Acc: 68.75%, Running Acc: 51.35%
  - Loss: 0.6601, Grad Norm: 2.3489
  - Learning Rate: 0.000794
Training: 1000/1278 batches (78.3%)
  - Batch Acc: 75.00%, Running Acc: 51.51%
  - Loss: 0.6336, Grad Norm: 2.1841
  - Learning Rate: 0.000802
Training: 1100/1278 batches (86.1%)
  - Batch Acc: 56.25%, Running Acc: 51.60%
  - Loss: 0.6357, Grad Norm: 3.5962
  - Learning Rate: 0.000810
Training: 1200/1278 batches (93.9%)
  - Batch Acc: 43.75%, Running Acc: 51.33%
  - Loss: 0.7286, Grad Norm: 1.8498
  - Learning Rate: 0.000819
Training: 1278/1278 batches (100.0%)
  - Batch Acc: 50.00%, Running Acc: 51.17%
  - Loss: 0.7033, Grad Norm: 3.5498
  - Learning Rate: 0.000825

Training phase complete
Epoch Summary:
  - Average Loss: 0.7027
  - Average Accuracy: 51.17%
  - Average Grad Norm: 2.8506
  - Final Learning Rate: 0.000825
Using reduced batch size for validation: 8 (original: 16)
Sub-batch validation complete in 2.56s - Loss: 0.6842, Accuracy: 0.5714

==== Epoch 11/100 ====
Starting training phase...
Training on 20440 samples...
Training: 100/1278 batches (7.8%)
  - Batch Acc: 31.25%, Running Acc: 51.06%
  - Loss: 0.7410, Grad Norm: 2.0408
  - Learning Rate: 0.000833
Training: 200/1278 batches (15.7%)
  - Batch Acc: 25.00%, Running Acc: 50.44%
  - Loss: 0.7531, Grad Norm: 1.7403
  - Learning Rate: 0.000842
Training: 300/1278 batches (23.5%)
  - Batch Acc: 31.25%, Running Acc: 50.88%
  - Loss: 0.7630, Grad Norm: 3.4380
  - Learning Rate: 0.000850
Training: 400/1278 batches (31.3%)
  - Batch Acc: 37.50%, Running Acc: 51.45%
  - Loss: 0.7811, Grad Norm: 2.2977
  - Learning Rate: 0.000858
Training: 500/1278 batches (39.1%)
  - Batch Acc: 43.75%, Running Acc: 51.40%
  - Loss: 0.7496, Grad Norm: 2.3066
  - Learning Rate: 0.000866
Training: 600/1278 batches (47.0%)
  - Batch Acc: 56.25%, Running Acc: 51.11%
  - Loss: 0.6929, Grad Norm: 1.9324
  - Learning Rate: 0.000875
Training: 700/1278 batches (54.8%)
  - Batch Acc: 43.75%, Running Acc: 50.79%
  - Loss: 0.7755, Grad Norm: 2.3063
  - Learning Rate: 0.000883
Training: 800/1278 batches (62.6%)
  - Batch Acc: 56.25%, Running Acc: 50.36%
  - Loss: 0.6773, Grad Norm: 1.7546
  - Learning Rate: 0.000891
Training: 900/1278 batches (70.5%)
  - Batch Acc: 56.25%, Running Acc: 50.25%
  - Loss: 0.6677, Grad Norm: 1.9987
  - Learning Rate: 0.000900
Training: 1000/1278 batches (78.3%)
  - Batch Acc: 56.25%, Running Acc: 50.15%
  - Loss: 0.6986, Grad Norm: 1.0920
  - Learning Rate: 0.000908
Training: 1100/1278 batches (86.1%)
  - Batch Acc: 68.75%, Running Acc: 50.20%
  - Loss: 0.6610, Grad Norm: 1.4075
  - Learning Rate: 0.000916
Training: 1200/1278 batches (93.9%)
  - Batch Acc: 37.50%, Running Acc: 50.11%
  - Loss: 0.7558, Grad Norm: 1.8700
  - Learning Rate: 0.000924
Training: 1278/1278 batches (100.0%)
  - Batch Acc: 25.00%, Running Acc: 50.10%
  - Loss: 0.7365, Grad Norm: 2.3578
  - Learning Rate: 0.000931

Training phase complete
Epoch Summary:
  - Average Loss: 0.7042
  - Average Accuracy: 50.10%
  - Average Grad Norm: 2.0725
  - Final Learning Rate: 0.000931
Using reduced batch size for validation: 8 (original: 16)
Sub-batch validation complete in 2.56s - Loss: 0.7097, Accuracy: 0.4294

==== Epoch 12/100 ====
Starting training phase...
Training on 20440 samples...
Training: 100/1278 batches (7.8%)
  - Batch Acc: 56.25%, Running Acc: 50.00%
  - Loss: 0.6583, Grad Norm: 1.3397
  - Learning Rate: 0.000939
Training: 200/1278 batches (15.7%)
  - Batch Acc: 25.00%, Running Acc: 48.84%
  - Loss: 0.7770, Grad Norm: 2.2790
  - Learning Rate: 0.000947
Training: 300/1278 batches (23.5%)
  - Batch Acc: 43.75%, Running Acc: 49.15%
  - Loss: 0.7543, Grad Norm: 2.2958
  - Learning Rate: 0.000955
Training: 400/1278 batches (31.3%)
  - Batch Acc: 31.25%, Running Acc: 49.41%
  - Loss: 0.7495, Grad Norm: 1.5771
  - Learning Rate: 0.000963
Training: 500/1278 batches (39.1%)
  - Batch Acc: 43.75%, Running Acc: 49.95%
  - Loss: 0.7050, Grad Norm: 1.3253
  - Learning Rate: 0.000971
Training: 600/1278 batches (47.0%)
  - Batch Acc: 56.25%, Running Acc: 50.25%
  - Loss: 0.6755, Grad Norm: 1.1970
  - Learning Rate: 0.000979
Training: 700/1278 batches (54.8%)
  - Batch Acc: 31.25%, Running Acc: 50.04%
  - Loss: 0.7323, Grad Norm: 1.5582
  - Learning Rate: 0.000988
Training: 800/1278 batches (62.6%)
  - Batch Acc: 31.25%, Running Acc: 49.87%
  - Loss: 0.7386, Grad Norm: 1.2371
  - Learning Rate: 0.000996
Training: 900/1278 batches (70.5%)
  - Batch Acc: 50.00%, Running Acc: 49.90%
  - Loss: 0.6841, Grad Norm: 1.2706
  - Learning Rate: 0.001004
Training: 1000/1278 batches (78.3%)
  - Batch Acc: 50.00%, Running Acc: 49.96%
  - Loss: 0.6771, Grad Norm: 1.0441
  - Learning Rate: 0.001012
Training: 1100/1278 batches (86.1%)
  - Batch Acc: 43.75%, Running Acc: 50.23%
  - Loss: 0.7162, Grad Norm: 1.5866
  - Learning Rate: 0.001020
Training: 1200/1278 batches (93.9%)
  - Batch Acc: 31.25%, Running Acc: 50.19%
  - Loss: 0.7640, Grad Norm: 1.3386
  - Learning Rate: 0.001027
Training: 1278/1278 batches (100.0%)
  - Batch Acc: 75.00%, Running Acc: 50.39%
  - Loss: 0.6653, Grad Norm: 1.8127
  - Learning Rate: 0.001034

Training phase complete
Epoch Summary:
  - Average Loss: 0.7032
  - Average Accuracy: 50.39%
  - Average Grad Norm: 1.4523
  - Final Learning Rate: 0.001034
Using reduced batch size for validation: 8 (original: 16)
Sub-batch validation complete in 2.55s - Loss: 0.6864, Accuracy: 0.5714

==== Epoch 13/100 ====
Starting training phase...
Training on 20440 samples...
Training: 100/1278 batches (7.8%)
  - Batch Acc: 43.75%, Running Acc: 46.38%
  - Loss: 0.7478, Grad Norm: 1.7855
  - Learning Rate: 0.001042
Training: 200/1278 batches (15.7%)
  - Batch Acc: 50.00%, Running Acc: 49.19%
  - Loss: 0.6903, Grad Norm: 0.9067
  - Learning Rate: 0.001049
Training: 300/1278 batches (23.5%)
  - Batch Acc: 31.25%, Running Acc: 49.08%
  - Loss: 0.7216, Grad Norm: 0.9385
  - Learning Rate: 0.001057
Training: 400/1278 batches (31.3%)
  - Batch Acc: 56.25%, Running Acc: 48.77%
  - Loss: 0.6956, Grad Norm: 1.1705
  - Learning Rate: 0.001065
Training: 500/1278 batches (39.1%)
  - Batch Acc: 50.00%, Running Acc: 49.16%
  - Loss: 0.7113, Grad Norm: 0.9215
  - Learning Rate: 0.001073
Training: 600/1278 batches (47.0%)
  - Batch Acc: 25.00%, Running Acc: 49.68%
  - Loss: 0.7517, Grad Norm: 1.4065
  - Learning Rate: 0.001080
Training: 700/1278 batches (54.8%)
  - Batch Acc: 62.50%, Running Acc: 49.68%
  - Loss: 0.6842, Grad Norm: 0.6993
  - Learning Rate: 0.001088
Training: 800/1278 batches (62.6%)
  - Batch Acc: 37.50%, Running Acc: 49.48%
  - Loss: 0.7142, Grad Norm: 1.2413
  - Learning Rate: 0.001096
Training: 900/1278 batches (70.5%)
  - Batch Acc: 56.25%, Running Acc: 49.60%
  - Loss: 0.6925, Grad Norm: 0.9756
  - Learning Rate: 0.001103
Training: 1000/1278 batches (78.3%)
  - Batch Acc: 81.25%, Running Acc: 49.98%
  - Loss: 0.6418, Grad Norm: 0.8330
  - Learning Rate: 0.001111
Training: 1100/1278 batches (86.1%)
  - Batch Acc: 50.00%, Running Acc: 50.03%
  - Loss: 0.6798, Grad Norm: 0.8991
  - Learning Rate: 0.001118
Training: 1200/1278 batches (93.9%)
  - Batch Acc: 62.50%, Running Acc: 49.93%
  - Loss: 0.6933, Grad Norm: 1.0288
  - Learning Rate: 0.001126
Training: 1278/1278 batches (100.0%)
  - Batch Acc: 50.00%, Running Acc: 49.91%
  - Loss: 0.6916, Grad Norm: 1.1814
  - Learning Rate: 0.001131

Training phase complete
Epoch Summary:
  - Average Loss: 0.7002
  - Average Accuracy: 49.91%
  - Average Grad Norm: 0.9547
  - Final Learning Rate: 0.001131
Using reduced batch size for validation: 8 (original: 16)
Sub-batch validation complete in 2.58s - Loss: 0.6916, Accuracy: 0.5714

==== Epoch 14/100 ====
Starting training phase...
Training on 20440 samples...
Training: 100/1278 batches (7.8%)
  - Batch Acc: 31.25%, Running Acc: 50.81%
  - Loss: 0.7432, Grad Norm: 1.1895
  - Learning Rate: 0.001139
Training: 200/1278 batches (15.7%)
  - Batch Acc: 31.25%, Running Acc: 51.69%
  - Loss: 0.7420, Grad Norm: 0.9762
  - Learning Rate: 0.001146
Training: 300/1278 batches (23.5%)
  - Batch Acc: 31.25%, Running Acc: 52.42%
  - Loss: 0.7492, Grad Norm: 1.0913
  - Learning Rate: 0.001153
Training: 400/1278 batches (31.3%)
  - Batch Acc: 50.00%, Running Acc: 50.95%
  - Loss: 0.7079, Grad Norm: 0.9830
  - Learning Rate: 0.001161
Training: 500/1278 batches (39.1%)
  - Batch Acc: 56.25%, Running Acc: 50.80%
  - Loss: 0.6983, Grad Norm: 0.8987
  - Learning Rate: 0.001168
Training: 600/1278 batches (47.0%)
  - Batch Acc: 43.75%, Running Acc: 50.27%
  - Loss: 0.7146, Grad Norm: 0.7825
  - Learning Rate: 0.001175
Training: 700/1278 batches (54.8%)
  - Batch Acc: 31.25%, Running Acc: 50.01%
  - Loss: 0.7132, Grad Norm: 0.8642
  - Learning Rate: 0.001182
Training: 800/1278 batches (62.6%)
  - Batch Acc: 37.50%, Running Acc: 49.96%
  - Loss: 0.6949, Grad Norm: 0.6426
  - Learning Rate: 0.001189
Training: 900/1278 batches (70.5%)
  - Batch Acc: 37.50%, Running Acc: 49.91%
  - Loss: 0.6959, Grad Norm: 0.7102
  - Learning Rate: 0.001196
Training: 1000/1278 batches (78.3%)
  - Batch Acc: 43.75%, Running Acc: 50.01%
  - Loss: 0.7363, Grad Norm: 0.9404
  - Learning Rate: 0.001203
Training: 1100/1278 batches (86.1%)
  - Batch Acc: 68.75%, Running Acc: 50.22%
  - Loss: 0.6838, Grad Norm: 0.7654
  - Learning Rate: 0.001210
Training: 1200/1278 batches (93.9%)
  - Batch Acc: 56.25%, Running Acc: 50.62%
  - Loss: 0.6851, Grad Norm: 0.8024
  - Learning Rate: 0.001217
Training: 1278/1278 batches (100.0%)
  - Batch Acc: 37.50%, Running Acc: 50.86%
  - Loss: 0.7101, Grad Norm: 1.0991
  - Learning Rate: 0.001222

Training phase complete
Epoch Summary:
  - Average Loss: 0.6975
  - Average Accuracy: 50.86%
  - Average Grad Norm: 0.8423
  - Final Learning Rate: 0.001222
Using reduced batch size for validation: 8 (original: 16)
Sub-batch validation complete in 2.58s - Loss: 0.6979, Accuracy: 0.4286

==== Epoch 15/100 ====
Starting training phase...
Training on 20440 samples...
Training: 100/1278 batches (7.8%)
  - Batch Acc: 31.25%, Running Acc: 51.25%
  - Loss: 0.7169, Grad Norm: 0.7538
  - Learning Rate: 0.001228
Training: 200/1278 batches (15.7%)
  - Batch Acc: 68.75%, Running Acc: 52.16%
  - Loss: 0.6863, Grad Norm: 0.9410
  - Learning Rate: 0.001235
Training: 300/1278 batches (23.5%)
  - Batch Acc: 68.75%, Running Acc: 51.98%
  - Loss: 0.6500, Grad Norm: 0.9092
  - Learning Rate: 0.001242
Training: 400/1278 batches (31.3%)
  - Batch Acc: 31.25%, Running Acc: 51.97%
  - Loss: 0.7022, Grad Norm: 0.9633
  - Learning Rate: 0.001248
Training: 500/1278 batches (39.1%)
  - Batch Acc: 43.75%, Running Acc: 51.46%
  - Loss: 0.6867, Grad Norm: 0.7881
  - Learning Rate: 0.001255
Training: 600/1278 batches (47.0%)
  - Batch Acc: 50.00%, Running Acc: 51.48%
  - Loss: 0.6877, Grad Norm: 1.0949
  - Learning Rate: 0.001261
Training: 700/1278 batches (54.8%)
  - Batch Acc: 18.75%, Running Acc: 50.71%
  - Loss: 0.7417, Grad Norm: 1.0725
  - Learning Rate: 0.001267
Training: 800/1278 batches (62.6%)
  - Batch Acc: 43.75%, Running Acc: 51.02%
  - Loss: 0.7014, Grad Norm: 0.8481
  - Learning Rate: 0.001273
Training: 900/1278 batches (70.5%)
  - Batch Acc: 43.75%, Running Acc: 50.90%
  - Loss: 0.6876, Grad Norm: 0.7391
  - Learning Rate: 0.001280
Training: 1000/1278 batches (78.3%)
  - Batch Acc: 62.50%, Running Acc: 50.71%
  - Loss: 0.6572, Grad Norm: 1.4636
  - Learning Rate: 0.001286
Training: 1100/1278 batches (86.1%)
  - Batch Acc: 50.00%, Running Acc: 50.49%
  - Loss: 0.6927, Grad Norm: 1.1196
  - Learning Rate: 0.001292
Training: 1200/1278 batches (93.9%)
  - Batch Acc: 56.25%, Running Acc: 50.56%
  - Loss: 0.6657, Grad Norm: 0.7191
  - Learning Rate: 0.001298
Training: 1278/1278 batches (100.0%)
  - Batch Acc: 75.00%, Running Acc: 50.67%
  - Loss: 0.5963, Grad Norm: 1.7193
  - Learning Rate: 0.001302

Training phase complete
Epoch Summary:
  - Average Loss: 0.6995
  - Average Accuracy: 50.67%
  - Average Grad Norm: 0.9256
  - Final Learning Rate: 0.001302
Using reduced batch size for validation: 8 (original: 16)
Sub-batch validation complete in 2.54s - Loss: 0.7039, Accuracy: 0.4286

==== Epoch 16/100 ====
Starting training phase...
Training on 20440 samples...
Training: 100/1278 batches (7.8%)
  - Batch Acc: 62.50%, Running Acc: 50.06%
  - Loss: 0.7004, Grad Norm: 1.0342
  - Learning Rate: 0.001308
Training: 200/1278 batches (15.7%)
  - Batch Acc: 31.25%, Running Acc: 51.56%
  - Loss: 0.7010, Grad Norm: 0.9348
  - Learning Rate: 0.001314
Training: 300/1278 batches (23.5%)
  - Batch Acc: 50.00%, Running Acc: 51.02%
  - Loss: 0.7444, Grad Norm: 1.5534
  - Learning Rate: 0.001320
Training: 400/1278 batches (31.3%)
  - Batch Acc: 50.00%, Running Acc: 50.62%
  - Loss: 0.7044, Grad Norm: 0.8444
  - Learning Rate: 0.001325
Training: 500/1278 batches (39.1%)
  - Batch Acc: 62.50%, Running Acc: 50.66%
  - Loss: 0.6485, Grad Norm: 0.6785
  - Learning Rate: 0.001331
Training: 600/1278 batches (47.0%)
  - Batch Acc: 18.75%, Running Acc: 50.72%
  - Loss: 0.7258, Grad Norm: 0.8381
  - Learning Rate: 0.001336
Training: 700/1278 batches (54.8%)
  - Batch Acc: 50.00%, Running Acc: 50.67%
  - Loss: 0.6961, Grad Norm: 0.9419
  - Learning Rate: 0.001342
Training: 800/1278 batches (62.6%)
  - Batch Acc: 50.00%, Running Acc: 50.41%
  - Loss: 0.6987, Grad Norm: 0.7096
  - Learning Rate: 0.001347
Training: 900/1278 batches (70.5%)
  - Batch Acc: 68.75%, Running Acc: 50.88%
  - Loss: 0.6839, Grad Norm: 0.9067
  - Learning Rate: 0.001352
Training: 1000/1278 batches (78.3%)
  - Batch Acc: 37.50%, Running Acc: 50.76%
  - Loss: 0.6955, Grad Norm: 0.5825
  - Learning Rate: 0.001357
Training: 1100/1278 batches (86.1%)
  - Batch Acc: 50.00%, Running Acc: 50.53%
  - Loss: 0.6977, Grad Norm: 1.0938
  - Learning Rate: 0.001362
Training: 1200/1278 batches (93.9%)
  - Batch Acc: 81.25%, Running Acc: 50.40%
  - Loss: 0.6594, Grad Norm: 1.3408
  - Learning Rate: 0.001367
Training: 1278/1278 batches (100.0%)
  - Batch Acc: 50.00%, Running Acc: 50.64%
  - Loss: 0.7512, Grad Norm: 1.5260
  - Learning Rate: 0.001371

Training phase complete
Epoch Summary:
  - Average Loss: 0.7016
  - Average Accuracy: 50.64%
  - Average Grad Norm: 0.8813
  - Final Learning Rate: 0.001371
Using reduced batch size for validation: 8 (original: 16)
Sub-batch validation complete in 2.55s - Loss: 0.6840, Accuracy: 0.5714
Early stopping triggered at epoch 16

==== Fold 3 training complete, evaluating best model ====
Starting final evaluation...
Evaluating 5110 samples across 320 batches
Evaluating batch 1/320
Evaluating batch 17/320
Evaluating batch 33/320
Evaluating batch 49/320
Evaluating batch 65/320
Evaluation: 80/320 batches, Running Acc: 60.23%, Loss: 8.4941
Evaluating batch 81/320
Evaluating batch 97/320
Evaluating batch 113/320
Evaluating batch 129/320
Evaluating batch 145/320
Evaluation: 160/320 batches, Running Acc: 59.69%, Loss: 0.7370
Evaluating batch 161/320
Evaluating batch 177/320
Evaluating batch 193/320
Evaluating batch 209/320
Evaluating batch 225/320
Evaluation: 240/320 batches, Running Acc: 66.80%, Loss: 0.0695
Evaluating batch 241/320
Evaluating batch 257/320
Evaluating batch 273/320
Evaluating batch 289/320
Evaluating batch 305/320
Evaluation: 320/320 batches, Running Acc: 70.35%, Loss: 6.9064
Computing final evaluation metrics
Evaluation complete - Test Loss: 2.1181, Accuracy: 0.7035, F1 Score: 0.7002

==== Starting fold 4/5 ====
Train: 20440 windows, Validation: 5110 windows

==== Epoch 1/100 ====
Starting training phase...
Training on 20440 samples...
Training: 100/1278 batches (7.8%)
  - Batch Acc: 37.50%, Running Acc: 52.38%
  - Loss: 0.7624, Grad Norm: 6.5543
  - Learning Rate: 0.000150
Training: 200/1278 batches (15.7%)
  - Batch Acc: 56.25%, Running Acc: 51.47%
  - Loss: 0.6973, Grad Norm: 5.5453
  - Learning Rate: 0.000150
Training: 300/1278 batches (23.5%)
  - Batch Acc: 62.50%, Running Acc: 52.44%
  - Loss: 0.6465, Grad Norm: 5.5889
  - Learning Rate: 0.000150
Training: 400/1278 batches (31.3%)
  - Batch Acc: 56.25%, Running Acc: 54.50%
  - Loss: 0.6320, Grad Norm: 6.7552
  - Learning Rate: 0.000151
Training: 500/1278 batches (39.1%)
  - Batch Acc: 75.00%, Running Acc: 57.98%
  - Loss: 0.5896, Grad Norm: 8.9887
  - Learning Rate: 0.000151
Training: 600/1278 batches (47.0%)
  - Batch Acc: 87.50%, Running Acc: 61.61%
  - Loss: 0.3324, Grad Norm: 12.5535
  - Learning Rate: 0.000152
Training: 700/1278 batches (54.8%)
  - Batch Acc: 75.00%, Running Acc: 64.56%
  - Loss: 0.4575, Grad Norm: 9.0208
  - Learning Rate: 0.000152
Training: 800/1278 batches (62.6%)
  - Batch Acc: 93.75%, Running Acc: 67.39%
  - Loss: 0.1818, Grad Norm: 14.0410
  - Learning Rate: 0.000153
Training: 900/1278 batches (70.5%)
  - Batch Acc: 93.75%, Running Acc: 70.11%
  - Loss: 0.1314, Grad Norm: 10.4169
  - Learning Rate: 0.000154
Training: 1000/1278 batches (78.3%)
  - Batch Acc: 68.75%, Running Acc: 72.16%
  - Loss: 0.7941, Grad Norm: 24.4074
  - Learning Rate: 0.000155
Training: 1100/1278 batches (86.1%)
  - Batch Acc: 93.75%, Running Acc: 73.96%
  - Loss: 0.1697, Grad Norm: 5.7192
  - Learning Rate: 0.000156
Training: 1200/1278 batches (93.9%)
  - Batch Acc: 87.50%, Running Acc: 75.68%
  - Loss: 0.3262, Grad Norm: 15.6836
  - Learning Rate: 0.000157
Training: 1278/1278 batches (100.0%)
  - Batch Acc: 100.00%, Running Acc: 76.87%
  - Loss: 0.0473, Grad Norm: 26.2827
  - Learning Rate: 0.000158

Training phase complete
Epoch Summary:
  - Average Loss: 0.4396
  - Average Accuracy: 76.87%
  - Average Grad Norm: 10.5912
  - Final Learning Rate: 0.000158
Using reduced batch size for validation: 8 (original: 16)
Sub-batch validation complete in 2.90s - Loss: 2.3252, Accuracy: 0.6051

==== Epoch 2/100 ====
Starting training phase...
Training on 20440 samples...
Training: 100/1278 batches (7.8%)
  - Batch Acc: 87.50%, Running Acc: 96.00%
  - Loss: 0.4559, Grad Norm: 44.7227
  - Learning Rate: 0.000160
Training: 200/1278 batches (15.7%)
  - Batch Acc: 93.75%, Running Acc: 96.28%
  - Loss: 0.3464, Grad Norm: 5.5291
  - Learning Rate: 0.000161
Training: 300/1278 batches (23.5%)
  - Batch Acc: 87.50%, Running Acc: 96.23%
  - Loss: 0.3558, Grad Norm: 26.1342
  - Learning Rate: 0.000163
Training: 400/1278 batches (31.3%)
  - Batch Acc: 93.75%, Running Acc: 96.36%
  - Loss: 0.1353, Grad Norm: 20.0919
  - Learning Rate: 0.000164
Training: 500/1278 batches (39.1%)
  - Batch Acc: 100.00%, Running Acc: 96.55%
  - Loss: 0.0019, Grad Norm: 0.0581
  - Learning Rate: 0.000166
Training: 600/1278 batches (47.0%)
  - Batch Acc: 100.00%, Running Acc: 96.66%
  - Loss: 0.0064, Grad Norm: 0.3199
  - Learning Rate: 0.000168
Training: 700/1278 batches (54.8%)
  - Batch Acc: 93.75%, Running Acc: 96.76%
  - Loss: 0.0912, Grad Norm: 37.1834
  - Learning Rate: 0.000170
Training: 800/1278 batches (62.6%)
  - Batch Acc: 100.00%, Running Acc: 96.86%
  - Loss: 0.0091, Grad Norm: 7.3456
  - Learning Rate: 0.000172
Training: 900/1278 batches (70.5%)
  - Batch Acc: 100.00%, Running Acc: 96.99%
  - Loss: 0.0009, Grad Norm: 0.0451
  - Learning Rate: 0.000174
Training: 1000/1278 batches (78.3%)
  - Batch Acc: 100.00%, Running Acc: 97.08%
  - Loss: 0.0018, Grad Norm: 0.1067
  - Learning Rate: 0.000176
Training: 1100/1278 batches (86.1%)
  - Batch Acc: 100.00%, Running Acc: 97.16%
  - Loss: 0.0017, Grad Norm: 0.0611
  - Learning Rate: 0.000179
Training: 1200/1278 batches (93.9%)
  - Batch Acc: 100.00%, Running Acc: 97.24%
  - Loss: 0.0019, Grad Norm: 0.0870
  - Learning Rate: 0.000181
Training: 1278/1278 batches (100.0%)
  - Batch Acc: 87.50%, Running Acc: 97.30%
  - Loss: 0.0850, Grad Norm: 74.3337
  - Learning Rate: 0.000183

Training phase complete
Epoch Summary:
  - Average Loss: 0.1104
  - Average Accuracy: 97.30%
  - Average Grad Norm: 14.4712
  - Final Learning Rate: 0.000183
Using reduced batch size for validation: 8 (original: 16)
Sub-batch validation complete in 2.54s - Loss: 3.3257, Accuracy: 0.6182

==== Epoch 3/100 ====
Starting training phase...
Training on 20440 samples...
Training: 100/1278 batches (7.8%)
  - Batch Acc: 100.00%, Running Acc: 98.50%
  - Loss: 0.0016, Grad Norm: 0.4752
  - Learning Rate: 0.000186
Training: 200/1278 batches (15.7%)
  - Batch Acc: 100.00%, Running Acc: 98.38%
  - Loss: 0.0028, Grad Norm: 0.2073
  - Learning Rate: 0.000188
Training: 300/1278 batches (23.5%)
  - Batch Acc: 100.00%, Running Acc: 98.27%
  - Loss: 0.0004, Grad Norm: 0.0555
  - Learning Rate: 0.000191
Training: 400/1278 batches (31.3%)
  - Batch Acc: 100.00%, Running Acc: 98.44%
  - Loss: 0.0008, Grad Norm: 0.0767
  - Learning Rate: 0.000194
Training: 500/1278 batches (39.1%)
  - Batch Acc: 100.00%, Running Acc: 98.55%
  - Loss: 0.0014, Grad Norm: 0.0759
  - Learning Rate: 0.000197
Training: 600/1278 batches (47.0%)
  - Batch Acc: 93.75%, Running Acc: 98.58%
  - Loss: 0.3584, Grad Norm: 65.1692
  - Learning Rate: 0.000200
Training: 700/1278 batches (54.8%)
  - Batch Acc: 100.00%, Running Acc: 98.46%
  - Loss: 0.0015, Grad Norm: 0.0567
  - Learning Rate: 0.000203
Training: 800/1278 batches (62.6%)
  - Batch Acc: 100.00%, Running Acc: 98.45%
  - Loss: 0.0008, Grad Norm: 0.0813
  - Learning Rate: 0.000207
Training: 900/1278 batches (70.5%)
  - Batch Acc: 100.00%, Running Acc: 98.47%
  - Loss: 0.0004, Grad Norm: 0.0453
  - Learning Rate: 0.000210
Training: 1000/1278 batches (78.3%)
  - Batch Acc: 93.75%, Running Acc: 98.53%
  - Loss: 0.3407, Grad Norm: 11.2783
  - Learning Rate: 0.000213
Training: 1100/1278 batches (86.1%)
  - Batch Acc: 93.75%, Running Acc: 98.47%
  - Loss: 0.1522, Grad Norm: 98.7367
  - Learning Rate: 0.000217
Training: 1200/1278 batches (93.9%)
  - Batch Acc: 100.00%, Running Acc: 98.54%
  - Loss: 0.0008, Grad Norm: 0.1371
  - Learning Rate: 0.000221
Training: 1278/1278 batches (100.0%)
  - Batch Acc: 100.00%, Running Acc: 98.55%
  - Loss: 0.0285, Grad Norm: 45.8412
  - Learning Rate: 0.000224

Training phase complete
Epoch Summary:
  - Average Loss: 0.0699
  - Average Accuracy: 98.55%
  - Average Grad Norm: 11.4612
  - Final Learning Rate: 0.000224
Using reduced batch size for validation: 8 (original: 16)
Sub-batch validation complete in 2.56s - Loss: 3.9700, Accuracy: 0.5963

==== Epoch 4/100 ====
Starting training phase...
Training on 20440 samples...
Training: 100/1278 batches (7.8%)
  - Batch Acc: 100.00%, Running Acc: 98.44%
  - Loss: 0.0004, Grad Norm: 0.0500
  - Learning Rate: 0.000227
Training: 200/1278 batches (15.7%)
  - Batch Acc: 93.75%, Running Acc: 98.72%
  - Loss: 0.5572, Grad Norm: 9.2120
  - Learning Rate: 0.000231
Training: 300/1278 batches (23.5%)
  - Batch Acc: 100.00%, Running Acc: 98.73%
  - Loss: 0.0017, Grad Norm: 0.0886
  - Learning Rate: 0.000235
Training: 400/1278 batches (31.3%)
  - Batch Acc: 100.00%, Running Acc: 98.56%
  - Loss: 0.0007, Grad Norm: 0.0397
  - Learning Rate: 0.000239
Training: 500/1278 batches (39.1%)
  - Batch Acc: 100.00%, Running Acc: 98.40%
  - Loss: 0.0016, Grad Norm: 0.1061
  - Learning Rate: 0.000244
Training: 600/1278 batches (47.0%)
  - Batch Acc: 100.00%, Running Acc: 98.44%
  - Loss: 0.0003, Grad Norm: 0.0415
  - Learning Rate: 0.000248
Training: 700/1278 batches (54.8%)
  - Batch Acc: 93.75%, Running Acc: 98.54%
  - Loss: 0.2582, Grad Norm: 57.5326
  - Learning Rate: 0.000252
Training: 800/1278 batches (62.6%)
  - Batch Acc: 100.00%, Running Acc: 98.59%
  - Loss: 0.0004, Grad Norm: 0.0475
  - Learning Rate: 0.000257
Training: 900/1278 batches (70.5%)
  - Batch Acc: 100.00%, Running Acc: 98.63%
  - Loss: 0.0009, Grad Norm: 0.0454
  - Learning Rate: 0.000261
Training: 1000/1278 batches (78.3%)
  - Batch Acc: 100.00%, Running Acc: 98.67%
  - Loss: 0.0004, Grad Norm: 0.0558
  - Learning Rate: 0.000266
Training: 1100/1278 batches (86.1%)
  - Batch Acc: 100.00%, Running Acc: 98.69%
  - Loss: 0.0004, Grad Norm: 0.0501
  - Learning Rate: 0.000270
Training: 1200/1278 batches (93.9%)
  - Batch Acc: 100.00%, Running Acc: 98.72%
  - Loss: 0.0005, Grad Norm: 0.0598
  - Learning Rate: 0.000275
Training: 1278/1278 batches (100.0%)
  - Batch Acc: 100.00%, Running Acc: 98.73%
  - Loss: 0.0002, Grad Norm: 0.0463
  - Learning Rate: 0.000279

Training phase complete
Epoch Summary:
  - Average Loss: 0.0618
  - Average Accuracy: 98.73%
  - Average Grad Norm: 9.0043
  - Final Learning Rate: 0.000279
Using reduced batch size for validation: 8 (original: 16)
Sub-batch validation complete in 2.55s - Loss: 4.2328, Accuracy: 0.5912

==== Epoch 5/100 ====
Starting training phase...
Training on 20440 samples...
Training: 100/1278 batches (7.8%)
  - Batch Acc: 100.00%, Running Acc: 99.06%
  - Loss: 0.0005, Grad Norm: 0.0508
  - Learning Rate: 0.000284
Training: 200/1278 batches (15.7%)
  - Batch Acc: 100.00%, Running Acc: 99.19%
  - Loss: 0.0002, Grad Norm: 0.0566
  - Learning Rate: 0.000289
Training: 300/1278 batches (23.5%)
  - Batch Acc: 100.00%, Running Acc: 99.17%
  - Loss: 0.0060, Grad Norm: 8.1420
  - Learning Rate: 0.000294
Training: 400/1278 batches (31.3%)
  - Batch Acc: 100.00%, Running Acc: 99.00%
  - Loss: 0.0034, Grad Norm: 0.0987
  - Learning Rate: 0.000299
Training: 500/1278 batches (39.1%)
  - Batch Acc: 100.00%, Running Acc: 99.01%
  - Loss: 0.0011, Grad Norm: 0.0802
  - Learning Rate: 0.000304
Training: 600/1278 batches (47.0%)
  - Batch Acc: 100.00%, Running Acc: 99.06%
  - Loss: 0.0005, Grad Norm: 0.0566
  - Learning Rate: 0.000310
Training: 700/1278 batches (54.8%)
  - Batch Acc: 100.00%, Running Acc: 99.09%
  - Loss: 0.0016, Grad Norm: 0.0852
  - Learning Rate: 0.000315
Training: 800/1278 batches (62.6%)
  - Batch Acc: 93.75%, Running Acc: 99.14%
  - Loss: 0.2933, Grad Norm: 84.9471
  - Learning Rate: 0.000321
Training: 900/1278 batches (70.5%)
  - Batch Acc: 100.00%, Running Acc: 99.10%
  - Loss: 0.0023, Grad Norm: 0.1684
  - Learning Rate: 0.000326
Training: 1000/1278 batches (78.3%)
  - Batch Acc: 100.00%, Running Acc: 99.12%
  - Loss: 0.0009, Grad Norm: 0.0594
  - Learning Rate: 0.000332
Training: 1100/1278 batches (86.1%)
  - Batch Acc: 100.00%, Running Acc: 99.09%
  - Loss: 0.0022, Grad Norm: 0.0792
  - Learning Rate: 0.000337
Training: 1200/1278 batches (93.9%)
  - Batch Acc: 100.00%, Running Acc: 99.07%
  - Loss: 0.0024, Grad Norm: 0.0832
  - Learning Rate: 0.000343
Training: 1278/1278 batches (100.0%)
  - Batch Acc: 87.50%, Running Acc: 99.06%
  - Loss: 0.8264, Grad Norm: 15.2152
  - Learning Rate: 0.000348

Training phase complete
Epoch Summary:
  - Average Loss: 0.0533
  - Average Accuracy: 99.06%
  - Average Grad Norm: 7.4608
  - Final Learning Rate: 0.000348
Using reduced batch size for validation: 8 (original: 16)
Sub-batch validation complete in 2.57s - Loss: 4.6757, Accuracy: 0.5098

==== Epoch 6/100 ====
Starting training phase...
Training on 20440 samples...
Training: 100/1278 batches (7.8%)
  - Batch Acc: 100.00%, Running Acc: 98.94%
  - Loss: 0.0014, Grad Norm: 0.0662
  - Learning Rate: 0.000354
Training: 200/1278 batches (15.7%)
  - Batch Acc: 100.00%, Running Acc: 98.44%
  - Loss: 0.0013, Grad Norm: 0.0665
  - Learning Rate: 0.000360
Training: 300/1278 batches (23.5%)
  - Batch Acc: 100.00%, Running Acc: 98.54%
  - Loss: 0.0011, Grad Norm: 0.2047
  - Learning Rate: 0.000366
Training: 400/1278 batches (31.3%)
  - Batch Acc: 100.00%, Running Acc: 98.69%
  - Loss: 0.0008, Grad Norm: 0.0591
  - Learning Rate: 0.000372
Training: 500/1278 batches (39.1%)
  - Batch Acc: 100.00%, Running Acc: 98.60%
  - Loss: 0.0005, Grad Norm: 0.0609
  - Learning Rate: 0.000378
Training: 600/1278 batches (47.0%)
  - Batch Acc: 100.00%, Running Acc: 98.59%
  - Loss: 0.0011, Grad Norm: 0.0634
  - Learning Rate: 0.000384
Training: 700/1278 batches (54.8%)
  - Batch Acc: 100.00%, Running Acc: 98.69%
  - Loss: 0.0003, Grad Norm: 0.0581
  - Learning Rate: 0.000391
Training: 800/1278 batches (62.6%)
  - Batch Acc: 100.00%, Running Acc: 98.68%
  - Loss: 0.0031, Grad Norm: 0.1163
  - Learning Rate: 0.000397
Training: 900/1278 batches (70.5%)
  - Batch Acc: 100.00%, Running Acc: 98.67%
  - Loss: 0.0010, Grad Norm: 0.0770
  - Learning Rate: 0.000403
Training: 1000/1278 batches (78.3%)
  - Batch Acc: 100.00%, Running Acc: 98.62%
  - Loss: 0.0068, Grad Norm: 8.1794
  - Learning Rate: 0.000410
Training: 1100/1278 batches (86.1%)
  - Batch Acc: 100.00%, Running Acc: 98.67%
  - Loss: 0.0003, Grad Norm: 0.0599
  - Learning Rate: 0.000416
Training: 1200/1278 batches (93.9%)
  - Batch Acc: 93.75%, Running Acc: 98.65%
  - Loss: 0.2817, Grad Norm: 3.2181
  - Learning Rate: 0.000423
Training: 1278/1278 batches (100.0%)
  - Batch Acc: 100.00%, Running Acc: 98.70%
  - Loss: 0.0018, Grad Norm: 0.1140
  - Learning Rate: 0.000428

Training phase complete
Epoch Summary:
  - Average Loss: 0.0695
  - Average Accuracy: 98.70%
  - Average Grad Norm: 8.3248
  - Final Learning Rate: 0.000428
Using reduced batch size for validation: 8 (original: 16)
Sub-batch validation complete in 2.55s - Loss: 3.7722, Accuracy: 0.6325

==== Epoch 7/100 ====
Starting training phase...
Training on 20440 samples...
Training: 100/1278 batches (7.8%)
  - Batch Acc: 93.75%, Running Acc: 99.31%
  - Loss: 0.5914, Grad Norm: 13.3246
  - Learning Rate: 0.000435
Training: 200/1278 batches (15.7%)
  - Batch Acc: 100.00%, Running Acc: 99.03%
  - Loss: 0.0024, Grad Norm: 0.0855
  - Learning Rate: 0.000442
Training: 300/1278 batches (23.5%)
  - Batch Acc: 100.00%, Running Acc: 98.94%
  - Loss: 0.0016, Grad Norm: 0.0730
  - Learning Rate: 0.000449
Training: 400/1278 batches (31.3%)
  - Batch Acc: 93.75%, Running Acc: 98.84%
  - Loss: 0.1743, Grad Norm: 18.5613
  - Learning Rate: 0.000456
Training: 500/1278 batches (39.1%)
  - Batch Acc: 100.00%, Running Acc: 98.84%
  - Loss: 0.0015, Grad Norm: 0.0742
  - Learning Rate: 0.000463
Training: 600/1278 batches (47.0%)
  - Batch Acc: 100.00%, Running Acc: 98.83%
  - Loss: 0.0042, Grad Norm: 2.2250
  - Learning Rate: 0.000470
Training: 700/1278 batches (54.8%)
  - Batch Acc: 93.75%, Running Acc: 98.79%
  - Loss: 0.1660, Grad Norm: 109.3835
  - Learning Rate: 0.000477
Training: 800/1278 batches (62.6%)
  - Batch Acc: 100.00%, Running Acc: 98.76%
  - Loss: 0.0110, Grad Norm: 0.2389
  - Learning Rate: 0.000484
Training: 900/1278 batches (70.5%)
  - Batch Acc: 100.00%, Running Acc: 98.63%
  - Loss: 0.0132, Grad Norm: 0.2845
  - Learning Rate: 0.000491
Training: 1000/1278 batches (78.3%)
  - Batch Acc: 100.00%, Running Acc: 98.12%
  - Loss: 0.0101, Grad Norm: 0.1913
  - Learning Rate: 0.000498
Training: 1100/1278 batches (86.1%)
  - Batch Acc: 100.00%, Running Acc: 98.03%
  - Loss: 0.0273, Grad Norm: 0.5468
  - Learning Rate: 0.000505
Training: 1200/1278 batches (93.9%)
  - Batch Acc: 100.00%, Running Acc: 97.99%
  - Loss: 0.0047, Grad Norm: 0.1234
  - Learning Rate: 0.000513
Training: 1278/1278 batches (100.0%)
  - Batch Acc: 100.00%, Running Acc: 97.96%
  - Loss: 0.0101, Grad Norm: 0.1937
  - Learning Rate: 0.000519

Training phase complete
Epoch Summary:
  - Average Loss: 0.1022
  - Average Accuracy: 97.96%
  - Average Grad Norm: 8.8714
  - Final Learning Rate: 0.000519
Using reduced batch size for validation: 8 (original: 16)
Sub-batch validation complete in 2.54s - Loss: 2.6602, Accuracy: 0.6323

==== Epoch 8/100 ====
Starting training phase...
Training on 20440 samples...
Training: 100/1278 batches (7.8%)
  - Batch Acc: 100.00%, Running Acc: 98.00%
  - Loss: 0.0055, Grad Norm: 0.1205
  - Learning Rate: 0.000526
Training: 200/1278 batches (15.7%)
  - Batch Acc: 100.00%, Running Acc: 97.94%
  - Loss: 0.0105, Grad Norm: 0.3378
  - Learning Rate: 0.000533
Training: 300/1278 batches (23.5%)
  - Batch Acc: 100.00%, Running Acc: 98.17%
  - Loss: 0.0018, Grad Norm: 0.0798
  - Learning Rate: 0.000541
Training: 400/1278 batches (31.3%)
  - Batch Acc: 93.75%, Running Acc: 98.36%
  - Loss: 0.4737, Grad Norm: 2.2205
  - Learning Rate: 0.000549
Training: 500/1278 batches (39.1%)
  - Batch Acc: 100.00%, Running Acc: 98.38%
  - Loss: 0.0052, Grad Norm: 0.4915
  - Learning Rate: 0.000556
Training: 600/1278 batches (47.0%)
  - Batch Acc: 100.00%, Running Acc: 98.46%
  - Loss: 0.0067, Grad Norm: 0.1441
  - Learning Rate: 0.000564
Training: 700/1278 batches (54.8%)
  - Batch Acc: 100.00%, Running Acc: 98.51%
  - Loss: 0.0010, Grad Norm: 0.0820
  - Learning Rate: 0.000571
Training: 800/1278 batches (62.6%)
  - Batch Acc: 100.00%, Running Acc: 98.55%
  - Loss: 0.0034, Grad Norm: 0.1281
  - Learning Rate: 0.000579
Training: 900/1278 batches (70.5%)
  - Batch Acc: 87.50%, Running Acc: 98.45%
  - Loss: 0.5624, Grad Norm: 13.6979
  - Learning Rate: 0.000587
Training: 1000/1278 batches (78.3%)
  - Batch Acc: 93.75%, Running Acc: 98.49%
  - Loss: 0.3061, Grad Norm: 97.2816
  - Learning Rate: 0.000595
Training: 1100/1278 batches (86.1%)
  - Batch Acc: 100.00%, Running Acc: 98.51%
  - Loss: 0.0018, Grad Norm: 0.1229
  - Learning Rate: 0.000602
Training: 1200/1278 batches (93.9%)
  - Batch Acc: 100.00%, Running Acc: 98.55%
  - Loss: 0.0015, Grad Norm: 0.0869
  - Learning Rate: 0.000610
Training: 1278/1278 batches (100.0%)
  - Batch Acc: 100.00%, Running Acc: 98.54%
  - Loss: 0.0035, Grad Norm: 0.1040
  - Learning Rate: 0.000616

Training phase complete
Epoch Summary:
  - Average Loss: 0.0820
  - Average Accuracy: 98.54%
  - Average Grad Norm: 5.0074
  - Final Learning Rate: 0.000616
Using reduced batch size for validation: 8 (original: 16)
Sub-batch validation complete in 2.57s - Loss: 2.5852, Accuracy: 0.6110

==== Epoch 9/100 ====
Starting training phase...
Training on 20440 samples...
Training: 100/1278 batches (7.8%)
  - Batch Acc: 100.00%, Running Acc: 98.50%
  - Loss: 0.0017, Grad Norm: 0.0904
  - Learning Rate: 0.000624
Training: 200/1278 batches (15.7%)
  - Batch Acc: 100.00%, Running Acc: 98.69%
  - Loss: 0.0021, Grad Norm: 0.0875
  - Learning Rate: 0.000632
Training: 300/1278 batches (23.5%)
  - Batch Acc: 100.00%, Running Acc: 98.44%
  - Loss: 0.0132, Grad Norm: 0.8982
  - Learning Rate: 0.000640
Training: 400/1278 batches (31.3%)
  - Batch Acc: 100.00%, Running Acc: 98.64%
  - Loss: 0.0011, Grad Norm: 0.0776
  - Learning Rate: 0.000648
Training: 500/1278 batches (39.1%)
  - Batch Acc: 100.00%, Running Acc: 98.76%
  - Loss: 0.0008, Grad Norm: 0.2058
  - Learning Rate: 0.000656
Training: 600/1278 batches (47.0%)
  - Batch Acc: 100.00%, Running Acc: 98.80%
  - Loss: 0.0012, Grad Norm: 0.0943
  - Learning Rate: 0.000664
Training: 700/1278 batches (54.8%)
  - Batch Acc: 100.00%, Running Acc: 98.68%
  - Loss: 0.0026, Grad Norm: 0.1061
  - Learning Rate: 0.000672
Training: 800/1278 batches (62.6%)
  - Batch Acc: 100.00%, Running Acc: 98.61%
  - Loss: 0.0046, Grad Norm: 0.1325
  - Learning Rate: 0.000680
Training: 900/1278 batches (70.5%)
  - Batch Acc: 100.00%, Running Acc: 98.25%
  - Loss: 0.1008, Grad Norm: 1.7975
  - Learning Rate: 0.000689
Training: 1000/1278 batches (78.3%)
  - Batch Acc: 43.75%, Running Acc: 94.28%
  - Loss: 0.7988, Grad Norm: 3.2109
  - Learning Rate: 0.000697
Training: 1100/1278 batches (86.1%)
  - Batch Acc: 43.75%, Running Acc: 90.36%
  - Loss: 0.9215, Grad Norm: 4.3162
  - Learning Rate: 0.000705
Training: 1200/1278 batches (93.9%)
  - Batch Acc: 56.25%, Running Acc: 87.04%
  - Loss: 0.6864, Grad Norm: 3.5053
  - Learning Rate: 0.000713
Training: 1278/1278 batches (100.0%)
  - Batch Acc: 75.00%, Running Acc: 84.86%
  - Loss: 0.6515, Grad Norm: 4.5532
  - Learning Rate: 0.000719

Training phase complete
Epoch Summary:
  - Average Loss: 0.2742
  - Average Accuracy: 84.86%
  - Average Grad Norm: 6.3342
  - Final Learning Rate: 0.000719
Using reduced batch size for validation: 8 (original: 16)
Sub-batch validation complete in 2.53s - Loss: 0.6943, Accuracy: 0.5706

==== Epoch 10/100 ====
Starting training phase...
Training on 20440 samples...
Training: 100/1278 batches (7.8%)
  - Batch Acc: 50.00%, Running Acc: 49.62%
  - Loss: 0.7749, Grad Norm: 3.5361
  - Learning Rate: 0.000728
Training: 200/1278 batches (15.7%)
  - Batch Acc: 25.00%, Running Acc: 50.50%
  - Loss: 0.8339, Grad Norm: 3.9743
  - Learning Rate: 0.000736
Training: 300/1278 batches (23.5%)
  - Batch Acc: 75.00%, Running Acc: 50.58%
  - Loss: 0.6389, Grad Norm: 3.0355
  - Learning Rate: 0.000744
Training: 400/1278 batches (31.3%)
  - Batch Acc: 56.25%, Running Acc: 50.59%
  - Loss: 0.6812, Grad Norm: 2.8231
  - Learning Rate: 0.000752
Training: 500/1278 batches (39.1%)
  - Batch Acc: 50.00%, Running Acc: 50.60%
  - Loss: 0.6835, Grad Norm: 2.2373
  - Learning Rate: 0.000761
Training: 600/1278 batches (47.0%)
  - Batch Acc: 62.50%, Running Acc: 50.36%
  - Loss: 0.6625, Grad Norm: 2.5963
  - Learning Rate: 0.000769
Training: 700/1278 batches (54.8%)
  - Batch Acc: 56.25%, Running Acc: 50.38%
  - Loss: 0.6880, Grad Norm: 2.9481
  - Learning Rate: 0.000777
Training: 800/1278 batches (62.6%)
  - Batch Acc: 37.50%, Running Acc: 50.56%
  - Loss: 0.7717, Grad Norm: 2.8118
  - Learning Rate: 0.000785
Training: 900/1278 batches (70.5%)
  - Batch Acc: 56.25%, Running Acc: 50.40%
  - Loss: 0.6913, Grad Norm: 2.2522
  - Learning Rate: 0.000794
Training: 1000/1278 batches (78.3%)
  - Batch Acc: 37.50%, Running Acc: 50.36%
  - Loss: 0.7145, Grad Norm: 2.4754
  - Learning Rate: 0.000802
Training: 1100/1278 batches (86.1%)
  - Batch Acc: 50.00%, Running Acc: 50.22%
  - Loss: 0.7107, Grad Norm: 2.2433
  - Learning Rate: 0.000810
Training: 1200/1278 batches (93.9%)
  - Batch Acc: 43.75%, Running Acc: 50.17%
  - Loss: 0.7108, Grad Norm: 2.2419
  - Learning Rate: 0.000819
Training: 1278/1278 batches (100.0%)
  - Batch Acc: 50.00%, Running Acc: 50.09%
  - Loss: 0.7355, Grad Norm: 3.5980
  - Learning Rate: 0.000825

Training phase complete
Epoch Summary:
  - Average Loss: 0.7154
  - Average Accuracy: 50.09%
  - Average Grad Norm: 3.1354
  - Final Learning Rate: 0.000825
Using reduced batch size for validation: 8 (original: 16)
Sub-batch validation complete in 2.54s - Loss: 0.7677, Accuracy: 0.4286

==== Epoch 11/100 ====
Starting training phase...
Training on 20440 samples...
Training: 100/1278 batches (7.8%)
  - Batch Acc: 56.25%, Running Acc: 50.94%
  - Loss: 0.6830, Grad Norm: 2.5965
  - Learning Rate: 0.000833
Training: 200/1278 batches (15.7%)
  - Batch Acc: 43.75%, Running Acc: 50.94%
  - Loss: 0.7951, Grad Norm: 3.0151
  - Learning Rate: 0.000842
Training: 300/1278 batches (23.5%)
  - Batch Acc: 62.50%, Running Acc: 51.10%
  - Loss: 0.6374, Grad Norm: 2.7653
  - Learning Rate: 0.000850
Training: 400/1278 batches (31.3%)
  - Batch Acc: 37.50%, Running Acc: 50.33%
  - Loss: 0.6954, Grad Norm: 2.4515
  - Learning Rate: 0.000858
Training: 500/1278 batches (39.1%)
  - Batch Acc: 43.75%, Running Acc: 49.38%
  - Loss: 0.6935, Grad Norm: 2.9007
  - Learning Rate: 0.000866
Training: 600/1278 batches (47.0%)
  - Batch Acc: 62.50%, Running Acc: 49.16%
  - Loss: 0.7092, Grad Norm: 1.8819
  - Learning Rate: 0.000875
Training: 700/1278 batches (54.8%)
  - Batch Acc: 50.00%, Running Acc: 49.34%
  - Loss: 0.7097, Grad Norm: 1.9131
  - Learning Rate: 0.000883
Training: 800/1278 batches (62.6%)
  - Batch Acc: 56.25%, Running Acc: 49.02%
  - Loss: 0.6783, Grad Norm: 1.9326
  - Learning Rate: 0.000891
Training: 900/1278 batches (70.5%)
  - Batch Acc: 43.75%, Running Acc: 49.43%
  - Loss: 0.6783, Grad Norm: 1.8440
  - Learning Rate: 0.000900
Training: 1000/1278 batches (78.3%)
  - Batch Acc: 37.50%, Running Acc: 49.69%
  - Loss: 0.7179, Grad Norm: 2.1214
  - Learning Rate: 0.000908
Training: 1100/1278 batches (86.1%)
  - Batch Acc: 62.50%, Running Acc: 49.80%
  - Loss: 0.6670, Grad Norm: 1.9617
  - Learning Rate: 0.000916
Training: 1200/1278 batches (93.9%)
  - Batch Acc: 62.50%, Running Acc: 50.22%
  - Loss: 0.7159, Grad Norm: 1.7906
  - Learning Rate: 0.000924
Training: 1278/1278 batches (100.0%)
  - Batch Acc: 75.00%, Running Acc: 50.22%
  - Loss: 0.6932, Grad Norm: 3.0855
  - Learning Rate: 0.000931

Training phase complete
Epoch Summary:
  - Average Loss: 0.7074
  - Average Accuracy: 50.22%
  - Average Grad Norm: 2.4155
  - Final Learning Rate: 0.000931
Using reduced batch size for validation: 8 (original: 16)
Sub-batch validation complete in 2.55s - Loss: 0.6864, Accuracy: 0.5714

==== Epoch 12/100 ====
Starting training phase...
Training on 20440 samples...
Training: 100/1278 batches (7.8%)
  - Batch Acc: 37.50%, Running Acc: 49.88%
  - Loss: 0.7737, Grad Norm: 2.0218
  - Learning Rate: 0.000939
Training: 200/1278 batches (15.7%)
  - Batch Acc: 62.50%, Running Acc: 50.66%
  - Loss: 0.6906, Grad Norm: 2.1899
  - Learning Rate: 0.000947
Training: 300/1278 batches (23.5%)
  - Batch Acc: 50.00%, Running Acc: 50.50%
  - Loss: 0.7383, Grad Norm: 1.6858
  - Learning Rate: 0.000955
Training: 400/1278 batches (31.3%)
  - Batch Acc: 56.25%, Running Acc: 49.88%
  - Loss: 0.7011, Grad Norm: 2.7861
  - Learning Rate: 0.000963
Training: 500/1278 batches (39.1%)
  - Batch Acc: 50.00%, Running Acc: 49.99%
  - Loss: 0.6970, Grad Norm: 1.6333
  - Learning Rate: 0.000971
Training: 600/1278 batches (47.0%)
  - Batch Acc: 43.75%, Running Acc: 49.80%
  - Loss: 0.7380, Grad Norm: 1.8180
  - Learning Rate: 0.000979
Training: 700/1278 batches (54.8%)
  - Batch Acc: 68.75%, Running Acc: 49.74%
  - Loss: 0.6216, Grad Norm: 1.6730
  - Learning Rate: 0.000988
Training: 800/1278 batches (62.6%)
  - Batch Acc: 50.00%, Running Acc: 49.81%
  - Loss: 0.7092, Grad Norm: 1.6932
  - Learning Rate: 0.000996
Training: 900/1278 batches (70.5%)
  - Batch Acc: 56.25%, Running Acc: 49.78%
  - Loss: 0.6834, Grad Norm: 1.3904
  - Learning Rate: 0.001004
Training: 1000/1278 batches (78.3%)
  - Batch Acc: 43.75%, Running Acc: 50.02%
  - Loss: 0.7244, Grad Norm: 1.4058
  - Learning Rate: 0.001012
Training: 1100/1278 batches (86.1%)
  - Batch Acc: 62.50%, Running Acc: 50.05%
  - Loss: 0.7090, Grad Norm: 1.3210
  - Learning Rate: 0.001020
Training: 1200/1278 batches (93.9%)
  - Batch Acc: 43.75%, Running Acc: 50.13%
  - Loss: 0.7290, Grad Norm: 1.1083
  - Learning Rate: 0.001027
Training: 1278/1278 batches (100.0%)
  - Batch Acc: 50.00%, Running Acc: 50.01%
  - Loss: 0.6591, Grad Norm: 1.4468
  - Learning Rate: 0.001034

Training phase complete
Epoch Summary:
  - Average Loss: 0.7063
  - Average Accuracy: 50.01%
  - Average Grad Norm: 1.7420
  - Final Learning Rate: 0.001034
Using reduced batch size for validation: 8 (original: 16)
Sub-batch validation complete in 2.56s - Loss: 0.7101, Accuracy: 0.4286

==== Epoch 13/100 ====
Starting training phase...
Training on 20440 samples...
Training: 100/1278 batches (7.8%)
  - Batch Acc: 37.50%, Running Acc: 49.56%
  - Loss: 0.7245, Grad Norm: 1.6813
  - Learning Rate: 0.001042
Training: 200/1278 batches (15.7%)
  - Batch Acc: 43.75%, Running Acc: 49.28%
  - Loss: 0.7214, Grad Norm: 1.3348
  - Learning Rate: 0.001049
Training: 300/1278 batches (23.5%)
  - Batch Acc: 25.00%, Running Acc: 48.96%
  - Loss: 0.7672, Grad Norm: 2.0283
  - Learning Rate: 0.001057
Training: 400/1278 batches (31.3%)
  - Batch Acc: 50.00%, Running Acc: 49.45%
  - Loss: 0.6821, Grad Norm: 0.8558
  - Learning Rate: 0.001065
Training: 500/1278 batches (39.1%)
  - Batch Acc: 56.25%, Running Acc: 49.51%
  - Loss: 0.6952, Grad Norm: 0.9933
  - Learning Rate: 0.001073
Training: 600/1278 batches (47.0%)
  - Batch Acc: 25.00%, Running Acc: 49.46%
  - Loss: 0.7863, Grad Norm: 1.5749
  - Learning Rate: 0.001080
Training: 700/1278 batches (54.8%)
  - Batch Acc: 50.00%, Running Acc: 49.61%
  - Loss: 0.6799, Grad Norm: 0.7538
  - Learning Rate: 0.001088
Training: 800/1278 batches (62.6%)
  - Batch Acc: 37.50%, Running Acc: 49.27%
  - Loss: 0.7315, Grad Norm: 1.1947
  - Learning Rate: 0.001096
Training: 900/1278 batches (70.5%)
  - Batch Acc: 43.75%, Running Acc: 49.75%
  - Loss: 0.7000, Grad Norm: 1.2513
  - Learning Rate: 0.001103
Training: 1000/1278 batches (78.3%)
  - Batch Acc: 62.50%, Running Acc: 49.59%
  - Loss: 0.6872, Grad Norm: 0.9122
  - Learning Rate: 0.001111
Training: 1100/1278 batches (86.1%)
  - Batch Acc: 31.25%, Running Acc: 49.61%
  - Loss: 0.7379, Grad Norm: 1.0024
  - Learning Rate: 0.001118
Training: 1200/1278 batches (93.9%)
  - Batch Acc: 56.25%, Running Acc: 49.76%
  - Loss: 0.6791, Grad Norm: 1.1570
  - Learning Rate: 0.001126
Training: 1278/1278 batches (100.0%)
  - Batch Acc: 75.00%, Running Acc: 49.68%
  - Loss: 0.6943, Grad Norm: 0.9785
  - Learning Rate: 0.001131

Training phase complete
Epoch Summary:
  - Average Loss: 0.7026
  - Average Accuracy: 49.68%
  - Average Grad Norm: 1.1351
  - Final Learning Rate: 0.001131
Using reduced batch size for validation: 8 (original: 16)
Sub-batch validation complete in 2.53s - Loss: 0.6890, Accuracy: 0.5714

==== Epoch 14/100 ====
Starting training phase...
Training on 20440 samples...
Training: 100/1278 batches (7.8%)
  - Batch Acc: 62.50%, Running Acc: 54.12%
  - Loss: 0.6562, Grad Norm: 1.0401
  - Learning Rate: 0.001139
Training: 200/1278 batches (15.7%)
  - Batch Acc: 43.75%, Running Acc: 55.31%
  - Loss: 0.6881, Grad Norm: 0.8605
  - Learning Rate: 0.001146
Training: 300/1278 batches (23.5%)
  - Batch Acc: 62.50%, Running Acc: 52.98%
  - Loss: 0.6792, Grad Norm: 0.5959
  - Learning Rate: 0.001153
Training: 400/1278 batches (31.3%)
  - Batch Acc: 62.50%, Running Acc: 51.86%
  - Loss: 0.6887, Grad Norm: 0.8143
  - Learning Rate: 0.001161
Training: 500/1278 batches (39.1%)
  - Batch Acc: 56.25%, Running Acc: 51.95%
  - Loss: 0.6708, Grad Norm: 0.6289
  - Learning Rate: 0.001168
Training: 600/1278 batches (47.0%)
  - Batch Acc: 37.50%, Running Acc: 51.28%
  - Loss: 0.7152, Grad Norm: 0.8349
  - Learning Rate: 0.001175
Training: 700/1278 batches (54.8%)
  - Batch Acc: 31.25%, Running Acc: 50.87%
  - Loss: 0.7220, Grad Norm: 0.6767
  - Learning Rate: 0.001182
Training: 800/1278 batches (62.6%)
  - Batch Acc: 62.50%, Running Acc: 50.60%
  - Loss: 0.6510, Grad Norm: 0.9406
  - Learning Rate: 0.001189
Training: 900/1278 batches (70.5%)
  - Batch Acc: 56.25%, Running Acc: 50.70%
  - Loss: 0.7038, Grad Norm: 0.7521
  - Learning Rate: 0.001196
Training: 1000/1278 batches (78.3%)
  - Batch Acc: 75.00%, Running Acc: 50.55%
  - Loss: 0.6583, Grad Norm: 0.8836
  - Learning Rate: 0.001203
Training: 1100/1278 batches (86.1%)
  - Batch Acc: 31.25%, Running Acc: 50.34%
  - Loss: 0.7157, Grad Norm: 0.7460
  - Learning Rate: 0.001210
Training: 1200/1278 batches (93.9%)
  - Batch Acc: 31.25%, Running Acc: 50.24%
  - Loss: 0.7033, Grad Norm: 0.6627
  - Learning Rate: 0.001217
Training: 1278/1278 batches (100.0%)
  - Batch Acc: 62.50%, Running Acc: 50.23%
  - Loss: 0.7022, Grad Norm: 0.8278
  - Learning Rate: 0.001222

Training phase complete
Epoch Summary:
  - Average Loss: 0.6985
  - Average Accuracy: 50.23%
  - Average Grad Norm: 0.8466
  - Final Learning Rate: 0.001222
Using reduced batch size for validation: 8 (original: 16)
Sub-batch validation complete in 2.51s - Loss: 0.6905, Accuracy: 0.5714

==== Epoch 15/100 ====
Starting training phase...
Training on 20440 samples...
Training: 100/1278 batches (7.8%)
  - Batch Acc: 43.75%, Running Acc: 50.50%
  - Loss: 0.6976, Grad Norm: 0.7300
  - Learning Rate: 0.001228
Training: 200/1278 batches (15.7%)
  - Batch Acc: 25.00%, Running Acc: 48.03%
  - Loss: 0.7243, Grad Norm: 1.0406
  - Learning Rate: 0.001235
Training: 300/1278 batches (23.5%)
  - Batch Acc: 43.75%, Running Acc: 48.83%
  - Loss: 0.7229, Grad Norm: 0.8649
  - Learning Rate: 0.001242
Training: 400/1278 batches (31.3%)
  - Batch Acc: 62.50%, Running Acc: 49.31%
  - Loss: 0.6875, Grad Norm: 0.8848
  - Learning Rate: 0.001248
Training: 500/1278 batches (39.1%)
  - Batch Acc: 37.50%, Running Acc: 50.50%
  - Loss: 0.7439, Grad Norm: 0.8564
  - Learning Rate: 0.001255
Training: 600/1278 batches (47.0%)
  - Batch Acc: 37.50%, Running Acc: 50.08%
  - Loss: 0.7084, Grad Norm: 0.7708
  - Learning Rate: 0.001261
Training: 700/1278 batches (54.8%)
  - Batch Acc: 50.00%, Running Acc: 50.67%
  - Loss: 0.6965, Grad Norm: 0.8729
  - Learning Rate: 0.001267
Training: 800/1278 batches (62.6%)
  - Batch Acc: 62.50%, Running Acc: 50.88%
  - Loss: 0.6655, Grad Norm: 1.0017
  - Learning Rate: 0.001273
Training: 900/1278 batches (70.5%)
  - Batch Acc: 68.75%, Running Acc: 50.93%
  - Loss: 0.6525, Grad Norm: 0.8118
  - Learning Rate: 0.001280
Training: 1000/1278 batches (78.3%)
  - Batch Acc: 56.25%, Running Acc: 50.46%
  - Loss: 0.7028, Grad Norm: 0.8339
  - Learning Rate: 0.001286
Training: 1100/1278 batches (86.1%)
  - Batch Acc: 18.75%, Running Acc: 50.61%
  - Loss: 0.7469, Grad Norm: 0.9508
  - Learning Rate: 0.001292
Training: 1200/1278 batches (93.9%)
  - Batch Acc: 50.00%, Running Acc: 50.29%
  - Loss: 0.6772, Grad Norm: 0.6663
  - Learning Rate: 0.001298
Training: 1278/1278 batches (100.0%)
  - Batch Acc: 50.00%, Running Acc: 50.17%
  - Loss: 0.6941, Grad Norm: 0.8706
  - Learning Rate: 0.001302

Training phase complete
Epoch Summary:
  - Average Loss: 0.6975
  - Average Accuracy: 50.17%
  - Average Grad Norm: 0.8345
  - Final Learning Rate: 0.001302
Using reduced batch size for validation: 8 (original: 16)
Sub-batch validation complete in 2.50s - Loss: 0.6941, Accuracy: 0.4286

==== Epoch 16/100 ====
Starting training phase...
Training on 20440 samples...
Training: 100/1278 batches (7.8%)
  - Batch Acc: 62.50%, Running Acc: 48.31%
  - Loss: 0.6756, Grad Norm: 0.9756
  - Learning Rate: 0.001308
Training: 200/1278 batches (15.7%)
  - Batch Acc: 56.25%, Running Acc: 49.03%
  - Loss: 0.6841, Grad Norm: 0.8457
  - Learning Rate: 0.001314
Training: 300/1278 batches (23.5%)
  - Batch Acc: 43.75%, Running Acc: 50.12%
  - Loss: 0.6889, Grad Norm: 1.0107
  - Learning Rate: 0.001320
Training: 400/1278 batches (31.3%)
  - Batch Acc: 62.50%, Running Acc: 50.09%
  - Loss: 0.6761, Grad Norm: 0.8448
  - Learning Rate: 0.001325
Training: 500/1278 batches (39.1%)
  - Batch Acc: 43.75%, Running Acc: 50.29%
  - Loss: 0.7214, Grad Norm: 0.8233
  - Learning Rate: 0.001331
Training: 600/1278 batches (47.0%)
  - Batch Acc: 50.00%, Running Acc: 50.35%
  - Loss: 0.7114, Grad Norm: 0.7505
  - Learning Rate: 0.001336
Training: 700/1278 batches (54.8%)
  - Batch Acc: 68.75%, Running Acc: 50.25%
  - Loss: 0.6856, Grad Norm: 0.8956
  - Learning Rate: 0.001342
Training: 800/1278 batches (62.6%)
  - Batch Acc: 56.25%, Running Acc: 50.01%
  - Loss: 0.6869, Grad Norm: 0.9287
  - Learning Rate: 0.001347
Training: 900/1278 batches (70.5%)
  - Batch Acc: 75.00%, Running Acc: 50.06%
  - Loss: 0.6514, Grad Norm: 0.8892
  - Learning Rate: 0.001352
Training: 1000/1278 batches (78.3%)
  - Batch Acc: 56.25%, Running Acc: 50.44%
  - Loss: 0.7240, Grad Norm: 0.8150
  - Learning Rate: 0.001357
Training: 1100/1278 batches (86.1%)
  - Batch Acc: 75.00%, Running Acc: 50.69%
  - Loss: 0.6674, Grad Norm: 0.8256
  - Learning Rate: 0.001362
Training: 1200/1278 batches (93.9%)
  - Batch Acc: 50.00%, Running Acc: 50.48%
  - Loss: 0.6913, Grad Norm: 0.9305
  - Learning Rate: 0.001367
Training: 1278/1278 batches (100.0%)
  - Batch Acc: 0.00%, Running Acc: 50.54%
  - Loss: 0.7583, Grad Norm: 1.0407
  - Learning Rate: 0.001371

Training phase complete
Epoch Summary:
  - Average Loss: 0.6968
  - Average Accuracy: 50.54%
  - Average Grad Norm: 0.8526
  - Final Learning Rate: 0.001371
Using reduced batch size for validation: 8 (original: 16)
Sub-batch validation complete in 2.53s - Loss: 0.6935, Accuracy: 0.4286
Early stopping triggered at epoch 16

==== Fold 4 training complete, evaluating best model ====
Starting final evaluation...
Evaluating 5110 samples across 320 batches
Evaluating batch 1/320
Evaluating batch 17/320
Evaluating batch 33/320
Evaluating batch 49/320
Evaluating batch 65/320
Evaluation: 80/320 batches, Running Acc: 50.55%, Loss: 1.5882
Evaluating batch 81/320
Evaluating batch 97/320
Evaluating batch 113/320
Evaluating batch 129/320
Evaluating batch 145/320
Evaluation: 160/320 batches, Running Acc: 49.69%, Loss: 0.0000
Evaluating batch 161/320
Evaluating batch 177/320
Evaluating batch 193/320
Evaluating batch 209/320
Evaluating batch 225/320
Evaluation: 240/320 batches, Running Acc: 59.92%, Loss: 6.2433
Evaluating batch 241/320
Evaluating batch 257/320
Evaluating batch 273/320
Evaluating batch 289/320
Evaluating batch 305/320
Evaluation: 320/320 batches, Running Acc: 63.25%, Loss: 11.3427
Computing final evaluation metrics
Evaluation complete - Test Loss: 3.7723, Accuracy: 0.6325, F1 Score: 0.6231

==== Starting fold 5/5 ====
Train: 20440 windows, Validation: 5110 windows

==== Epoch 1/100 ====
Starting training phase...
Training on 20440 samples...
Training: 100/1278 batches (7.8%)
  - Batch Acc: 31.25%, Running Acc: 51.44%
  - Loss: 0.8399, Grad Norm: 6.9908
  - Learning Rate: 0.000150
Training: 200/1278 batches (15.7%)
  - Batch Acc: 62.50%, Running Acc: 52.28%
  - Loss: 0.6688, Grad Norm: 6.1563
  - Learning Rate: 0.000150
Training: 300/1278 batches (23.5%)
  - Batch Acc: 31.25%, Running Acc: 52.29%
  - Loss: 0.8440, Grad Norm: 7.1303
  - Learning Rate: 0.000150
Training: 400/1278 batches (31.3%)
  - Batch Acc: 18.75%, Running Acc: 53.97%
  - Loss: 0.9127, Grad Norm: 8.5855
  - Learning Rate: 0.000151
Training: 500/1278 batches (39.1%)
  - Batch Acc: 81.25%, Running Acc: 55.85%
  - Loss: 0.4933, Grad Norm: 6.1503
  - Learning Rate: 0.000151
Training: 600/1278 batches (47.0%)
  - Batch Acc: 87.50%, Running Acc: 58.48%
  - Loss: 0.3465, Grad Norm: 6.4694
  - Learning Rate: 0.000152
Training: 700/1278 batches (54.8%)
  - Batch Acc: 81.25%, Running Acc: 61.77%
  - Loss: 0.5378, Grad Norm: 8.2816
  - Learning Rate: 0.000152
Training: 800/1278 batches (62.6%)
  - Batch Acc: 93.75%, Running Acc: 64.96%
  - Loss: 0.1788, Grad Norm: 3.6258
  - Learning Rate: 0.000153
Training: 900/1278 batches (70.5%)
  - Batch Acc: 87.50%, Running Acc: 67.56%
  - Loss: 0.1653, Grad Norm: 12.8310
  - Learning Rate: 0.000154
Training: 1000/1278 batches (78.3%)
  - Batch Acc: 100.00%, Running Acc: 69.91%
  - Loss: 0.0391, Grad Norm: 1.3223
  - Learning Rate: 0.000155
Training: 1100/1278 batches (86.1%)
  - Batch Acc: 93.75%, Running Acc: 72.10%
  - Loss: 0.0762, Grad Norm: 19.5327
  - Learning Rate: 0.000156
Training: 1200/1278 batches (93.9%)
  - Batch Acc: 100.00%, Running Acc: 73.74%
  - Loss: 0.0150, Grad Norm: 0.8111
  - Learning Rate: 0.000157
Training: 1278/1278 batches (100.0%)
  - Batch Acc: 100.00%, Running Acc: 74.93%
  - Loss: 0.0407, Grad Norm: 3.3285
  - Learning Rate: 0.000158

Training phase complete
Epoch Summary:
  - Average Loss: 0.4645
  - Average Accuracy: 74.93%
  - Average Grad Norm: 10.2049
  - Final Learning Rate: 0.000158
Using reduced batch size for validation: 8 (original: 16)
Sub-batch validation complete in 2.92s - Loss: 1.8874, Accuracy: 0.6450

==== Epoch 2/100 ====
Starting training phase...
Training on 20440 samples...
Training: 100/1278 batches (7.8%)
  - Batch Acc: 87.50%, Running Acc: 94.06%
  - Loss: 0.2952, Grad Norm: 40.0083
  - Learning Rate: 0.000160
Training: 200/1278 batches (15.7%)
  - Batch Acc: 100.00%, Running Acc: 95.22%
  - Loss: 0.0077, Grad Norm: 0.2728
  - Learning Rate: 0.000161
Training: 300/1278 batches (23.5%)
  - Batch Acc: 87.50%, Running Acc: 95.79%
  - Loss: 0.4221, Grad Norm: 31.0695
  - Learning Rate: 0.000163
Training: 400/1278 batches (31.3%)
  - Batch Acc: 93.75%, Running Acc: 95.86%
  - Loss: 0.1214, Grad Norm: 32.6993
  - Learning Rate: 0.000164
Training: 500/1278 batches (39.1%)
  - Batch Acc: 100.00%, Running Acc: 96.25%
  - Loss: 0.0071, Grad Norm: 1.6528
  - Learning Rate: 0.000166
Training: 600/1278 batches (47.0%)
  - Batch Acc: 93.75%, Running Acc: 96.35%
  - Loss: 0.0917, Grad Norm: 41.6326
  - Learning Rate: 0.000168
Training: 700/1278 batches (54.8%)
  - Batch Acc: 100.00%, Running Acc: 96.58%
  - Loss: 0.0032, Grad Norm: 0.1934
  - Learning Rate: 0.000170
Training: 800/1278 batches (62.6%)
  - Batch Acc: 100.00%, Running Acc: 96.65%
  - Loss: 0.0021, Grad Norm: 0.0933
  - Learning Rate: 0.000172
Training: 900/1278 batches (70.5%)
  - Batch Acc: 93.75%, Running Acc: 96.73%
  - Loss: 0.1870, Grad Norm: 44.0168
  - Learning Rate: 0.000174
Training: 1000/1278 batches (78.3%)
  - Batch Acc: 100.00%, Running Acc: 96.79%
  - Loss: 0.0059, Grad Norm: 0.5303
  - Learning Rate: 0.000176
Training: 1100/1278 batches (86.1%)
  - Batch Acc: 93.75%, Running Acc: 96.83%
  - Loss: 0.2495, Grad Norm: 27.5925
  - Learning Rate: 0.000179
Training: 1200/1278 batches (93.9%)
  - Batch Acc: 100.00%, Running Acc: 96.90%
  - Loss: 0.0032, Grad Norm: 0.1157
  - Learning Rate: 0.000181
Training: 1278/1278 batches (100.0%)
  - Batch Acc: 100.00%, Running Acc: 96.98%
  - Loss: 0.0046, Grad Norm: 1.2586
  - Learning Rate: 0.000183

Training phase complete
Epoch Summary:
  - Average Loss: 0.1231
  - Average Accuracy: 96.98%
  - Average Grad Norm: 14.5449
  - Final Learning Rate: 0.000183
Using reduced batch size for validation: 8 (original: 16)
Sub-batch validation complete in 2.48s - Loss: 3.1793, Accuracy: 0.6350

==== Epoch 3/100 ====
Starting training phase...
Training on 20440 samples...
Training: 100/1278 batches (7.8%)
  - Batch Acc: 93.75%, Running Acc: 97.50%
  - Loss: 0.2983, Grad Norm: 16.6706
  - Learning Rate: 0.000186
Training: 200/1278 batches (15.7%)
  - Batch Acc: 100.00%, Running Acc: 97.75%
  - Loss: 0.0021, Grad Norm: 0.6018
  - Learning Rate: 0.000188
Training: 300/1278 batches (23.5%)
  - Batch Acc: 93.75%, Running Acc: 98.06%
  - Loss: 0.5347, Grad Norm: 42.9976
  - Learning Rate: 0.000191
Training: 400/1278 batches (31.3%)
  - Batch Acc: 100.00%, Running Acc: 98.22%
  - Loss: 0.0008, Grad Norm: 0.0559
  - Learning Rate: 0.000194
Training: 500/1278 batches (39.1%)
  - Batch Acc: 100.00%, Running Acc: 98.26%
  - Loss: 0.0018, Grad Norm: 0.0725
  - Learning Rate: 0.000197
Training: 600/1278 batches (47.0%)
  - Batch Acc: 100.00%, Running Acc: 98.30%
  - Loss: 0.0032, Grad Norm: 0.6525
  - Learning Rate: 0.000200
Training: 700/1278 batches (54.8%)
  - Batch Acc: 93.75%, Running Acc: 98.34%
  - Loss: 0.2793, Grad Norm: 26.9557
  - Learning Rate: 0.000203
Training: 800/1278 batches (62.6%)
  - Batch Acc: 93.75%, Running Acc: 98.34%
  - Loss: 0.2865, Grad Norm: 24.3877
  - Learning Rate: 0.000207
Training: 900/1278 batches (70.5%)
  - Batch Acc: 100.00%, Running Acc: 98.38%
  - Loss: 0.0007, Grad Norm: 0.0867
  - Learning Rate: 0.000210
Training: 1000/1278 batches (78.3%)
  - Batch Acc: 100.00%, Running Acc: 98.43%
  - Loss: 0.0007, Grad Norm: 0.0505
  - Learning Rate: 0.000213
Training: 1100/1278 batches (86.1%)
  - Batch Acc: 93.75%, Running Acc: 98.43%
  - Loss: 0.5921, Grad Norm: 8.4964
  - Learning Rate: 0.000217
Training: 1200/1278 batches (93.9%)
  - Batch Acc: 93.75%, Running Acc: 98.46%
  - Loss: 0.3128, Grad Norm: 25.6563
  - Learning Rate: 0.000221
Training: 1278/1278 batches (100.0%)
  - Batch Acc: 100.00%, Running Acc: 98.48%
  - Loss: 0.0012, Grad Norm: 0.0966
  - Learning Rate: 0.000224

Training phase complete
Epoch Summary:
  - Average Loss: 0.0710
  - Average Accuracy: 98.48%
  - Average Grad Norm: 10.9579
  - Final Learning Rate: 0.000224
Using reduced batch size for validation: 8 (original: 16)
Sub-batch validation complete in 2.45s - Loss: 3.7006, Accuracy: 0.6258

==== Epoch 4/100 ====
Starting training phase...
Training on 20440 samples...
Training: 100/1278 batches (7.8%)
  - Batch Acc: 100.00%, Running Acc: 98.88%
  - Loss: 0.0006, Grad Norm: 0.0484
  - Learning Rate: 0.000227
Training: 200/1278 batches (15.7%)
  - Batch Acc: 100.00%, Running Acc: 98.84%
  - Loss: 0.0006, Grad Norm: 0.0469
  - Learning Rate: 0.000231
Training: 300/1278 batches (23.5%)
  - Batch Acc: 100.00%, Running Acc: 98.85%
  - Loss: 0.0002, Grad Norm: 0.0476
  - Learning Rate: 0.000235
Training: 400/1278 batches (31.3%)
  - Batch Acc: 100.00%, Running Acc: 98.97%
  - Loss: 0.0002, Grad Norm: 0.0790
  - Learning Rate: 0.000239
Training: 500/1278 batches (39.1%)
  - Batch Acc: 100.00%, Running Acc: 99.00%
  - Loss: 0.0002, Grad Norm: 0.0531
  - Learning Rate: 0.000244
Training: 600/1278 batches (47.0%)
  - Batch Acc: 100.00%, Running Acc: 99.03%
  - Loss: 0.0013, Grad Norm: 0.3132
  - Learning Rate: 0.000248
Training: 700/1278 batches (54.8%)
  - Batch Acc: 100.00%, Running Acc: 99.04%
  - Loss: 0.0004, Grad Norm: 0.0561
  - Learning Rate: 0.000252
Training: 800/1278 batches (62.6%)
  - Batch Acc: 93.75%, Running Acc: 99.01%
  - Loss: 0.4087, Grad Norm: 13.2546
  - Learning Rate: 0.000257
Training: 900/1278 batches (70.5%)
  - Batch Acc: 100.00%, Running Acc: 99.00%
  - Loss: 0.0008, Grad Norm: 0.0459
  - Learning Rate: 0.000261
Training: 1000/1278 batches (78.3%)
  - Batch Acc: 100.00%, Running Acc: 98.99%
  - Loss: 0.0004, Grad Norm: 0.0745
  - Learning Rate: 0.000266
Training: 1100/1278 batches (86.1%)
  - Batch Acc: 100.00%, Running Acc: 99.00%
  - Loss: 0.0002, Grad Norm: 0.0408
  - Learning Rate: 0.000270
Training: 1200/1278 batches (93.9%)
  - Batch Acc: 93.75%, Running Acc: 99.01%
  - Loss: 0.2562, Grad Norm: 57.3408
  - Learning Rate: 0.000275
Training: 1278/1278 batches (100.0%)
  - Batch Acc: 87.50%, Running Acc: 98.97%
  - Loss: 0.4794, Grad Norm: 92.0676
  - Learning Rate: 0.000279

Training phase complete
Epoch Summary:
  - Average Loss: 0.0525
  - Average Accuracy: 98.97%
  - Average Grad Norm: 9.1700
  - Final Learning Rate: 0.000279
Using reduced batch size for validation: 8 (original: 16)
Sub-batch validation complete in 2.53s - Loss: 3.8412, Accuracy: 0.6432

==== Epoch 5/100 ====
Starting training phase...
Training on 20440 samples...
Training: 100/1278 batches (7.8%)
  - Batch Acc: 100.00%, Running Acc: 99.12%
  - Loss: 0.0008, Grad Norm: 0.0471
  - Learning Rate: 0.000284
Training: 200/1278 batches (15.7%)
  - Batch Acc: 93.75%, Running Acc: 99.03%
  - Loss: 0.4012, Grad Norm: 33.9963
  - Learning Rate: 0.000289
Training: 300/1278 batches (23.5%)
  - Batch Acc: 100.00%, Running Acc: 99.06%
  - Loss: 0.0004, Grad Norm: 0.0544
  - Learning Rate: 0.000294
Training: 400/1278 batches (31.3%)
  - Batch Acc: 100.00%, Running Acc: 99.03%
  - Loss: 0.0002, Grad Norm: 0.0584
  - Learning Rate: 0.000299
Training: 500/1278 batches (39.1%)
  - Batch Acc: 100.00%, Running Acc: 99.06%
  - Loss: 0.0003, Grad Norm: 0.1119
  - Learning Rate: 0.000304
Training: 600/1278 batches (47.0%)
  - Batch Acc: 100.00%, Running Acc: 99.04%
  - Loss: 0.0002, Grad Norm: 0.0494
  - Learning Rate: 0.000310
Training: 700/1278 batches (54.8%)
  - Batch Acc: 100.00%, Running Acc: 99.09%
  - Loss: 0.0008, Grad Norm: 0.0380
  - Learning Rate: 0.000315
Training: 800/1278 batches (62.6%)
  - Batch Acc: 100.00%, Running Acc: 99.08%
  - Loss: 0.0001, Grad Norm: 0.0539
  - Learning Rate: 0.000321
Training: 900/1278 batches (70.5%)
  - Batch Acc: 100.00%, Running Acc: 99.05%
  - Loss: 0.0004, Grad Norm: 0.0518
  - Learning Rate: 0.000326
Training: 1000/1278 batches (78.3%)
  - Batch Acc: 100.00%, Running Acc: 98.98%
  - Loss: 0.0005, Grad Norm: 0.0515
  - Learning Rate: 0.000332
Training: 1100/1278 batches (86.1%)
  - Batch Acc: 100.00%, Running Acc: 98.93%
  - Loss: 0.0003, Grad Norm: 0.0539
  - Learning Rate: 0.000337
Training: 1200/1278 batches (93.9%)
  - Batch Acc: 100.00%, Running Acc: 98.91%
  - Loss: 0.0007, Grad Norm: 0.0557
  - Learning Rate: 0.000343
Training: 1278/1278 batches (100.0%)
  - Batch Acc: 100.00%, Running Acc: 98.91%
  - Loss: 0.0013, Grad Norm: 0.8757
  - Learning Rate: 0.000348

Training phase complete
Epoch Summary:
  - Average Loss: 0.0599
  - Average Accuracy: 98.91%
  - Average Grad Norm: 9.5082
  - Final Learning Rate: 0.000348
Using reduced batch size for validation: 8 (original: 16)
Sub-batch validation complete in 2.52s - Loss: 4.9009, Accuracy: 0.5906

==== Epoch 6/100 ====
Starting training phase...
Training on 20440 samples...
Training: 100/1278 batches (7.8%)
  - Batch Acc: 100.00%, Running Acc: 98.69%
  - Loss: 0.0005, Grad Norm: 0.0669
  - Learning Rate: 0.000354
Training: 200/1278 batches (15.7%)
  - Batch Acc: 100.00%, Running Acc: 98.88%
  - Loss: 0.0014, Grad Norm: 0.4444
  - Learning Rate: 0.000360
Training: 300/1278 batches (23.5%)
  - Batch Acc: 93.75%, Running Acc: 98.88%
  - Loss: 0.3557, Grad Norm: 38.4566
  - Learning Rate: 0.000366
Training: 400/1278 batches (31.3%)
  - Batch Acc: 100.00%, Running Acc: 98.80%
  - Loss: 0.0008, Grad Norm: 0.0655
  - Learning Rate: 0.000372
Training: 500/1278 batches (39.1%)
  - Batch Acc: 100.00%, Running Acc: 98.80%
  - Loss: 0.0012, Grad Norm: 0.0953
  - Learning Rate: 0.000378
Training: 600/1278 batches (47.0%)
  - Batch Acc: 100.00%, Running Acc: 98.71%
  - Loss: 0.0015, Grad Norm: 0.0659
  - Learning Rate: 0.000384
Training: 700/1278 batches (54.8%)
  - Batch Acc: 100.00%, Running Acc: 98.71%
  - Loss: 0.0058, Grad Norm: 0.1531
  - Learning Rate: 0.000391
Training: 800/1278 batches (62.6%)
  - Batch Acc: 93.75%, Running Acc: 98.75%
  - Loss: 0.3966, Grad Norm: 3.3085
  - Learning Rate: 0.000397
Training: 900/1278 batches (70.5%)
  - Batch Acc: 100.00%, Running Acc: 98.84%
  - Loss: 0.0009, Grad Norm: 0.0553
  - Learning Rate: 0.000403
Training: 1000/1278 batches (78.3%)
  - Batch Acc: 100.00%, Running Acc: 98.78%
  - Loss: 0.0011, Grad Norm: 0.0880
  - Learning Rate: 0.000410
Training: 1100/1278 batches (86.1%)
  - Batch Acc: 100.00%, Running Acc: 98.75%
  - Loss: 0.0006, Grad Norm: 0.0650
  - Learning Rate: 0.000416
Training: 1200/1278 batches (93.9%)
  - Batch Acc: 100.00%, Running Acc: 98.76%
  - Loss: 0.0146, Grad Norm: 0.3277
  - Learning Rate: 0.000423
Training: 1278/1278 batches (100.0%)
  - Batch Acc: 100.00%, Running Acc: 98.74%
  - Loss: 0.0006, Grad Norm: 0.0605
  - Learning Rate: 0.000428

Training phase complete
Epoch Summary:
  - Average Loss: 0.0762
  - Average Accuracy: 98.74%
  - Average Grad Norm: 9.6807
  - Final Learning Rate: 0.000428
Using reduced batch size for validation: 8 (original: 16)
Sub-batch validation complete in 2.56s - Loss: 3.1228, Accuracy: 0.6558

==== Epoch 7/100 ====
Starting training phase...
Training on 20440 samples...
Training: 100/1278 batches (7.8%)
  - Batch Acc: 100.00%, Running Acc: 98.00%
  - Loss: 0.0065, Grad Norm: 0.8246
  - Learning Rate: 0.000435
Training: 200/1278 batches (15.7%)
  - Batch Acc: 100.00%, Running Acc: 98.41%
  - Loss: 0.0025, Grad Norm: 0.0769
  - Learning Rate: 0.000442
Training: 300/1278 batches (23.5%)
  - Batch Acc: 100.00%, Running Acc: 98.56%
  - Loss: 0.0015, Grad Norm: 0.0678
  - Learning Rate: 0.000449
Training: 400/1278 batches (31.3%)
  - Batch Acc: 100.00%, Running Acc: 98.53%
  - Loss: 0.0093, Grad Norm: 13.9126
  - Learning Rate: 0.000456
Training: 500/1278 batches (39.1%)
  - Batch Acc: 93.75%, Running Acc: 98.61%
  - Loss: 0.0874, Grad Norm: 71.8649
  - Learning Rate: 0.000463
Training: 600/1278 batches (47.0%)
  - Batch Acc: 100.00%, Running Acc: 98.76%
  - Loss: 0.0008, Grad Norm: 0.1119
  - Learning Rate: 0.000470
Training: 700/1278 batches (54.8%)
  - Batch Acc: 93.75%, Running Acc: 98.73%
  - Loss: 0.3501, Grad Norm: 26.7752
  - Learning Rate: 0.000477
Training: 800/1278 batches (62.6%)
  - Batch Acc: 100.00%, Running Acc: 98.76%
  - Loss: 0.0016, Grad Norm: 0.0776
  - Learning Rate: 0.000484
Training: 900/1278 batches (70.5%)
  - Batch Acc: 93.75%, Running Acc: 98.74%
  - Loss: 0.6905, Grad Norm: 10.0280
  - Learning Rate: 0.000491
Training: 1000/1278 batches (78.3%)
  - Batch Acc: 100.00%, Running Acc: 98.75%
  - Loss: 0.0014, Grad Norm: 0.0966
  - Learning Rate: 0.000498
Training: 1100/1278 batches (86.1%)
  - Batch Acc: 93.75%, Running Acc: 98.79%
  - Loss: 0.1115, Grad Norm: 95.9918
  - Learning Rate: 0.000505
Training: 1200/1278 batches (93.9%)
  - Batch Acc: 100.00%, Running Acc: 98.83%
  - Loss: 0.0004, Grad Norm: 0.0645
  - Learning Rate: 0.000513
Training: 1278/1278 batches (100.0%)
  - Batch Acc: 100.00%, Running Acc: 98.82%
  - Loss: 0.0027, Grad Norm: 0.1360
  - Learning Rate: 0.000519

Training phase complete
Epoch Summary:
  - Average Loss: 0.0647
  - Average Accuracy: 98.82%
  - Average Grad Norm: 6.5342
  - Final Learning Rate: 0.000519
Using reduced batch size for validation: 8 (original: 16)
Sub-batch validation complete in 2.50s - Loss: 2.4499, Accuracy: 0.6491

==== Epoch 8/100 ====
Starting training phase...
Training on 20440 samples...
Training: 100/1278 batches (7.8%)
  - Batch Acc: 100.00%, Running Acc: 98.31%
  - Loss: 0.0027, Grad Norm: 0.0936
  - Learning Rate: 0.000526
Training: 200/1278 batches (15.7%)
  - Batch Acc: 100.00%, Running Acc: 98.84%
  - Loss: 0.0003, Grad Norm: 0.0805
  - Learning Rate: 0.000533
Training: 300/1278 batches (23.5%)
  - Batch Acc: 93.75%, Running Acc: 98.75%
  - Loss: 0.4378, Grad Norm: 17.6402
  - Learning Rate: 0.000541
Training: 400/1278 batches (31.3%)
  - Batch Acc: 100.00%, Running Acc: 98.28%
  - Loss: 0.0037, Grad Norm: 0.1481
  - Learning Rate: 0.000549
Training: 500/1278 batches (39.1%)
  - Batch Acc: 100.00%, Running Acc: 98.34%
  - Loss: 0.0005, Grad Norm: 0.1188
  - Learning Rate: 0.000556
Training: 600/1278 batches (47.0%)
  - Batch Acc: 100.00%, Running Acc: 98.44%
  - Loss: 0.0002, Grad Norm: 0.0669
  - Learning Rate: 0.000564
Training: 700/1278 batches (54.8%)
  - Batch Acc: 100.00%, Running Acc: 98.41%
  - Loss: 0.0004, Grad Norm: 0.1166
  - Learning Rate: 0.000571
Training: 800/1278 batches (62.6%)
  - Batch Acc: 93.75%, Running Acc: 98.41%
  - Loss: 0.7243, Grad Norm: 2.7577
  - Learning Rate: 0.000579
Training: 900/1278 batches (70.5%)
  - Batch Acc: 81.25%, Running Acc: 98.33%
  - Loss: 1.5672, Grad Norm: 5.2474
  - Learning Rate: 0.000587
Training: 1000/1278 batches (78.3%)
  - Batch Acc: 100.00%, Running Acc: 98.36%
  - Loss: 0.0016, Grad Norm: 0.0994
  - Learning Rate: 0.000595
Training: 1100/1278 batches (86.1%)
  - Batch Acc: 100.00%, Running Acc: 98.34%
  - Loss: 0.0145, Grad Norm: 0.2883
  - Learning Rate: 0.000602
Training: 1200/1278 batches (93.9%)
  - Batch Acc: 100.00%, Running Acc: 98.35%
  - Loss: 0.0011, Grad Norm: 0.1458
  - Learning Rate: 0.000610
Training: 1278/1278 batches (100.0%)
  - Batch Acc: 100.00%, Running Acc: 98.36%
  - Loss: 0.0010, Grad Norm: 0.0740
  - Learning Rate: 0.000616

Training phase complete
Epoch Summary:
  - Average Loss: 0.0880
  - Average Accuracy: 98.36%
  - Average Grad Norm: 6.4959
  - Final Learning Rate: 0.000616
Using reduced batch size for validation: 8 (original: 16)
Sub-batch validation complete in 2.53s - Loss: 2.7843, Accuracy: 0.6188

==== Epoch 9/100 ====
Starting training phase...
Training on 20440 samples...
Training: 100/1278 batches (7.8%)
  - Batch Acc: 100.00%, Running Acc: 98.88%
  - Loss: 0.0040, Grad Norm: 0.1176
  - Learning Rate: 0.000624
Training: 200/1278 batches (15.7%)
  - Batch Acc: 100.00%, Running Acc: 98.84%
  - Loss: 0.0011, Grad Norm: 0.0734
  - Learning Rate: 0.000632
Training: 300/1278 batches (23.5%)
  - Batch Acc: 100.00%, Running Acc: 98.75%
  - Loss: 0.0063, Grad Norm: 0.1391
  - Learning Rate: 0.000640
Training: 400/1278 batches (31.3%)
  - Batch Acc: 100.00%, Running Acc: 98.83%
  - Loss: 0.0017, Grad Norm: 0.7414
  - Learning Rate: 0.000648
Training: 500/1278 batches (39.1%)
  - Batch Acc: 87.50%, Running Acc: 97.83%
  - Loss: 0.4931, Grad Norm: 2.9842
  - Learning Rate: 0.000656
Training: 600/1278 batches (47.0%)
  - Batch Acc: 81.25%, Running Acc: 95.74%
  - Loss: 0.6569, Grad Norm: 3.3925
  - Learning Rate: 0.000664
Training: 700/1278 batches (54.8%)
  - Batch Acc: 100.00%, Running Acc: 94.53%
  - Loss: 0.0187, Grad Norm: 0.3418
  - Learning Rate: 0.000672
Training: 800/1278 batches (62.6%)
  - Batch Acc: 93.75%, Running Acc: 94.24%
  - Loss: 0.3709, Grad Norm: 2.9124
  - Learning Rate: 0.000680
Training: 900/1278 batches (70.5%)
  - Batch Acc: 81.25%, Running Acc: 92.87%
  - Loss: 0.4376, Grad Norm: 2.6848
  - Learning Rate: 0.000689
Training: 1000/1278 batches (78.3%)
  - Batch Acc: 56.25%, Running Acc: 89.01%
  - Loss: 0.6758, Grad Norm: 3.2552
  - Learning Rate: 0.000697
Training: 1100/1278 batches (86.1%)
  - Batch Acc: 31.25%, Running Acc: 85.38%
  - Loss: 0.7758, Grad Norm: 4.5901
  - Learning Rate: 0.000705
Training: 1200/1278 batches (93.9%)
  - Batch Acc: 50.00%, Running Acc: 82.51%
  - Loss: 0.6910, Grad Norm: 2.7451
  - Learning Rate: 0.000713
Training: 1278/1278 batches (100.0%)
  - Batch Acc: 25.00%, Running Acc: 80.54%
  - Loss: 0.7448, Grad Norm: 4.8612
  - Learning Rate: 0.000719

Training phase complete
Epoch Summary:
  - Average Loss: 0.3760
  - Average Accuracy: 80.54%
  - Average Grad Norm: 12.5560
  - Final Learning Rate: 0.000719
Using reduced batch size for validation: 8 (original: 16)
Sub-batch validation complete in 2.56s - Loss: 0.6912, Accuracy: 0.5714

==== Epoch 10/100 ====
Starting training phase...
Training on 20440 samples...
Training: 100/1278 batches (7.8%)
  - Batch Acc: 93.75%, Running Acc: 63.81%
  - Loss: 0.2460, Grad Norm: 1.5504
  - Learning Rate: 0.000728
Training: 200/1278 batches (15.7%)
  - Batch Acc: 87.50%, Running Acc: 74.03%
  - Loss: 0.4049, Grad Norm: 2.2955
  - Learning Rate: 0.000736
Training: 300/1278 batches (23.5%)
  - Batch Acc: 62.50%, Running Acc: 70.04%
  - Loss: 0.6501, Grad Norm: 3.3914
  - Learning Rate: 0.000744
Training: 400/1278 batches (31.3%)
  - Batch Acc: 43.75%, Running Acc: 65.84%
  - Loss: 0.7945, Grad Norm: 3.3542
  - Learning Rate: 0.000752
Training: 500/1278 batches (39.1%)
  - Batch Acc: 31.25%, Running Acc: 62.76%
  - Loss: 0.7672, Grad Norm: 3.2748
  - Learning Rate: 0.000761
Training: 600/1278 batches (47.0%)
  - Batch Acc: 43.75%, Running Acc: 60.57%
  - Loss: 0.6619, Grad Norm: 2.7981
  - Learning Rate: 0.000769
Training: 700/1278 batches (54.8%)
  - Batch Acc: 75.00%, Running Acc: 59.38%
  - Loss: 0.6461, Grad Norm: 3.5886
  - Learning Rate: 0.000777
Training: 800/1278 batches (62.6%)
  - Batch Acc: 56.25%, Running Acc: 58.73%
  - Loss: 0.6750, Grad Norm: 2.4416
  - Learning Rate: 0.000785
Training: 900/1278 batches (70.5%)
  - Batch Acc: 62.50%, Running Acc: 58.17%
  - Loss: 0.7371, Grad Norm: 2.6774
  - Learning Rate: 0.000794
Training: 1000/1278 batches (78.3%)
  - Batch Acc: 43.75%, Running Acc: 57.46%
  - Loss: 0.7421, Grad Norm: 2.4976
  - Learning Rate: 0.000802
Training: 1100/1278 batches (86.1%)
  - Batch Acc: 50.00%, Running Acc: 56.86%
  - Loss: 0.6562, Grad Norm: 4.1799
  - Learning Rate: 0.000810
Training: 1200/1278 batches (93.9%)
  - Batch Acc: 62.50%, Running Acc: 56.75%
  - Loss: 0.5704, Grad Norm: 2.4397
  - Learning Rate: 0.000819
Training: 1278/1278 batches (100.0%)
  - Batch Acc: 62.50%, Running Acc: 57.57%
  - Loss: 0.6308, Grad Norm: 6.2538
  - Learning Rate: 0.000825

Training phase complete
Epoch Summary:
  - Average Loss: 0.6731
  - Average Accuracy: 57.57%
  - Average Grad Norm: 6.9880
  - Final Learning Rate: 0.000825
Using reduced batch size for validation: 8 (original: 16)
Sub-batch validation complete in 2.55s - Loss: 0.7365, Accuracy: 0.5728

==== Epoch 11/100 ====
Starting training phase...
Training on 20440 samples...
Training: 100/1278 batches (7.8%)
  - Batch Acc: 56.25%, Running Acc: 54.56%
  - Loss: 0.6482, Grad Norm: 2.5035
  - Learning Rate: 0.000833
Training: 200/1278 batches (15.7%)
  - Batch Acc: 56.25%, Running Acc: 53.16%
  - Loss: 0.6516, Grad Norm: 4.0598
  - Learning Rate: 0.000842
Training: 300/1278 batches (23.5%)
  - Batch Acc: 68.75%, Running Acc: 52.81%
  - Loss: 0.6517, Grad Norm: 11.9960
  - Learning Rate: 0.000850
Training: 400/1278 batches (31.3%)
  - Batch Acc: 75.00%, Running Acc: 55.16%
  - Loss: 0.5409, Grad Norm: 176.0234
  - Learning Rate: 0.000858
Training: 500/1278 batches (39.1%)
  - Batch Acc: 81.25%, Running Acc: 55.40%
  - Loss: 0.5557, Grad Norm: 67.6708
  - Learning Rate: 0.000866
Training: 600/1278 batches (47.0%)
  - Batch Acc: 56.25%, Running Acc: 55.28%
  - Loss: 0.7115, Grad Norm: 2.4104
  - Learning Rate: 0.000875
Training: 700/1278 batches (54.8%)
  - Batch Acc: 43.75%, Running Acc: 54.74%
  - Loss: 0.7475, Grad Norm: 2.0552
  - Learning Rate: 0.000883
Training: 800/1278 batches (62.6%)
  - Batch Acc: 62.50%, Running Acc: 54.20%
  - Loss: 0.6533, Grad Norm: 2.9971
  - Learning Rate: 0.000891
Training: 900/1278 batches (70.5%)
  - Batch Acc: 37.50%, Running Acc: 53.85%
  - Loss: 0.7892, Grad Norm: 3.7866
  - Learning Rate: 0.000900
Training: 1000/1278 batches (78.3%)
  - Batch Acc: 43.75%, Running Acc: 53.44%
  - Loss: 0.7467, Grad Norm: 3.0918
  - Learning Rate: 0.000908
Training: 1100/1278 batches (86.1%)
  - Batch Acc: 31.25%, Running Acc: 53.09%
  - Loss: 0.7431, Grad Norm: 2.2975
  - Learning Rate: 0.000916
Training: 1200/1278 batches (93.9%)
  - Batch Acc: 62.50%, Running Acc: 52.89%
  - Loss: 0.6678, Grad Norm: 3.8253
  - Learning Rate: 0.000924
Training: 1278/1278 batches (100.0%)
  - Batch Acc: 37.50%, Running Acc: 52.74%
  - Loss: 0.8094, Grad Norm: 5.1441
  - Learning Rate: 0.000931

Training phase complete
Epoch Summary:
  - Average Loss: 0.7085
  - Average Accuracy: 52.74%
  - Average Grad Norm: 23.2980
  - Final Learning Rate: 0.000931
Using reduced batch size for validation: 8 (original: 16)
Sub-batch validation complete in 2.58s - Loss: 0.6817, Accuracy: 0.5714

==== Epoch 12/100 ====
Starting training phase...
Training on 20440 samples...
Training: 100/1278 batches (7.8%)
  - Batch Acc: 37.50%, Running Acc: 48.69%
  - Loss: 0.7124, Grad Norm: 2.3180
  - Learning Rate: 0.000939
Training: 200/1278 batches (15.7%)
  - Batch Acc: 50.00%, Running Acc: 51.03%
  - Loss: 0.7045, Grad Norm: 5.3056
  - Learning Rate: 0.000947
Training: 300/1278 batches (23.5%)
  - Batch Acc: 56.25%, Running Acc: 51.60%
  - Loss: 0.7397, Grad Norm: 2.9809
  - Learning Rate: 0.000955
Training: 400/1278 batches (31.3%)
  - Batch Acc: 43.75%, Running Acc: 51.36%
  - Loss: 0.7228, Grad Norm: 2.3226
  - Learning Rate: 0.000963
Training: 500/1278 batches (39.1%)
  - Batch Acc: 50.00%, Running Acc: 50.73%
  - Loss: 0.7114, Grad Norm: 1.6783
  - Learning Rate: 0.000971
Training: 600/1278 batches (47.0%)
  - Batch Acc: 56.25%, Running Acc: 50.71%
  - Loss: 0.6445, Grad Norm: 2.5070
  - Learning Rate: 0.000979
Training: 700/1278 batches (54.8%)
  - Batch Acc: 50.00%, Running Acc: 50.20%
  - Loss: 0.6918, Grad Norm: 2.8075
  - Learning Rate: 0.000988
Training: 800/1278 batches (62.6%)
  - Batch Acc: 31.25%, Running Acc: 50.45%
  - Loss: 0.7457, Grad Norm: 1.9759
  - Learning Rate: 0.000996
Training: 900/1278 batches (70.5%)
  - Batch Acc: 50.00%, Running Acc: 50.31%
  - Loss: 0.7483, Grad Norm: 1.8080
  - Learning Rate: 0.001004
Training: 1000/1278 batches (78.3%)
  - Batch Acc: 50.00%, Running Acc: 50.14%
  - Loss: 0.6969, Grad Norm: 1.5091
  - Learning Rate: 0.001012
Training: 1100/1278 batches (86.1%)
  - Batch Acc: 43.75%, Running Acc: 50.20%
  - Loss: 0.7013, Grad Norm: 1.8667
  - Learning Rate: 0.001020
Training: 1200/1278 batches (93.9%)
  - Batch Acc: 37.50%, Running Acc: 50.32%
  - Loss: 0.7505, Grad Norm: 1.4407
  - Learning Rate: 0.001027
Training: 1278/1278 batches (100.0%)
  - Batch Acc: 50.00%, Running Acc: 50.18%
  - Loss: 0.7136, Grad Norm: 3.1068
  - Learning Rate: 0.001034

Training phase complete
Epoch Summary:
  - Average Loss: 0.7093
  - Average Accuracy: 50.18%
  - Average Grad Norm: 2.7714
  - Final Learning Rate: 0.001034
Using reduced batch size for validation: 8 (original: 16)
Sub-batch validation complete in 2.52s - Loss: 0.6930, Accuracy: 0.5714

==== Epoch 13/100 ====
Starting training phase...
Training on 20440 samples...
Training: 100/1278 batches (7.8%)
  - Batch Acc: 50.00%, Running Acc: 52.19%
  - Loss: 0.6945, Grad Norm: 1.4342
  - Learning Rate: 0.001042
Training: 200/1278 batches (15.7%)
  - Batch Acc: 43.75%, Running Acc: 50.41%
  - Loss: 0.6994, Grad Norm: 1.1643
  - Learning Rate: 0.001049
Training: 300/1278 batches (23.5%)
  - Batch Acc: 50.00%, Running Acc: 50.15%
  - Loss: 0.7388, Grad Norm: 1.8077
  - Learning Rate: 0.001057
Training: 400/1278 batches (31.3%)
  - Batch Acc: 50.00%, Running Acc: 50.30%
  - Loss: 0.6631, Grad Norm: 1.3143
  - Learning Rate: 0.001065
Training: 500/1278 batches (39.1%)
  - Batch Acc: 37.50%, Running Acc: 50.83%
  - Loss: 0.6955, Grad Norm: 1.3347
  - Learning Rate: 0.001073
Training: 600/1278 batches (47.0%)
  - Batch Acc: 75.00%, Running Acc: 51.15%
  - Loss: 0.6660, Grad Norm: 1.2786
  - Learning Rate: 0.001080
Training: 700/1278 batches (54.8%)
  - Batch Acc: 56.25%, Running Acc: 50.73%
  - Loss: 0.6849, Grad Norm: 1.3201
  - Learning Rate: 0.001088
Training: 800/1278 batches (62.6%)
  - Batch Acc: 62.50%, Running Acc: 50.56%
  - Loss: 0.6982, Grad Norm: 1.0051
  - Learning Rate: 0.001096
Training: 900/1278 batches (70.5%)
  - Batch Acc: 68.75%, Running Acc: 50.48%
  - Loss: 0.6757, Grad Norm: 1.0224
  - Learning Rate: 0.001103
Training: 1000/1278 batches (78.3%)
  - Batch Acc: 18.75%, Running Acc: 50.60%
  - Loss: 0.7795, Grad Norm: 2.0634
  - Learning Rate: 0.001111
Training: 1100/1278 batches (86.1%)
  - Batch Acc: 43.75%, Running Acc: 50.42%
  - Loss: 0.7500, Grad Norm: 1.9615
  - Learning Rate: 0.001118
Training: 1200/1278 batches (93.9%)
  - Batch Acc: 62.50%, Running Acc: 50.40%
  - Loss: 0.7022, Grad Norm: 1.0266
  - Learning Rate: 0.001126
Training: 1278/1278 batches (100.0%)
  - Batch Acc: 37.50%, Running Acc: 50.66%
  - Loss: 0.6870, Grad Norm: 1.1847
  - Learning Rate: 0.001131

Training phase complete
Epoch Summary:
  - Average Loss: 0.7030
  - Average Accuracy: 50.66%
  - Average Grad Norm: 1.4002
  - Final Learning Rate: 0.001131
Using reduced batch size for validation: 8 (original: 16)
Sub-batch validation complete in 2.56s - Loss: 0.6870, Accuracy: 0.5714

==== Epoch 14/100 ====
Starting training phase...
Training on 20440 samples...
Training: 100/1278 batches (7.8%)
  - Batch Acc: 50.00%, Running Acc: 51.31%
  - Loss: 0.7467, Grad Norm: 1.1486
  - Learning Rate: 0.001139
Training: 200/1278 batches (15.7%)
  - Batch Acc: 37.50%, Running Acc: 50.38%
  - Loss: 0.7172, Grad Norm: 1.1685
  - Learning Rate: 0.001146
Training: 300/1278 batches (23.5%)
  - Batch Acc: 56.25%, Running Acc: 50.50%
  - Loss: 0.6778, Grad Norm: 0.9661
  - Learning Rate: 0.001153
Training: 400/1278 batches (31.3%)
  - Batch Acc: 62.50%, Running Acc: 50.48%
  - Loss: 0.6596, Grad Norm: 1.1041
  - Learning Rate: 0.001161
Training: 500/1278 batches (39.1%)
  - Batch Acc: 43.75%, Running Acc: 50.85%
  - Loss: 0.7709, Grad Norm: 1.2488
  - Learning Rate: 0.001168
Training: 600/1278 batches (47.0%)
  - Batch Acc: 56.25%, Running Acc: 50.68%
  - Loss: 0.6895, Grad Norm: 0.9436
  - Learning Rate: 0.001175
Training: 700/1278 batches (54.8%)
  - Batch Acc: 50.00%, Running Acc: 50.43%
  - Loss: 0.6754, Grad Norm: 1.0432
  - Learning Rate: 0.001182
Training: 800/1278 batches (62.6%)
  - Batch Acc: 75.00%, Running Acc: 50.29%
  - Loss: 0.6646, Grad Norm: 0.7352
  - Learning Rate: 0.001189
Training: 900/1278 batches (70.5%)
  - Batch Acc: 43.75%, Running Acc: 49.88%
  - Loss: 0.7077, Grad Norm: 0.9953
  - Learning Rate: 0.001196
Training: 1000/1278 batches (78.3%)
  - Batch Acc: 43.75%, Running Acc: 50.09%
  - Loss: 0.7181, Grad Norm: 1.2306
  - Learning Rate: 0.001203
Training: 1100/1278 batches (86.1%)
  - Batch Acc: 50.00%, Running Acc: 50.16%
  - Loss: 0.7126, Grad Norm: 0.9753
  - Learning Rate: 0.001210
Training: 1200/1278 batches (93.9%)
  - Batch Acc: 56.25%, Running Acc: 50.05%
  - Loss: 0.6961, Grad Norm: 0.7408
  - Learning Rate: 0.001217
Training: 1278/1278 batches (100.0%)
  - Batch Acc: 62.50%, Running Acc: 50.24%
  - Loss: 0.7047, Grad Norm: 1.0436
  - Learning Rate: 0.001222

Training phase complete
Epoch Summary:
  - Average Loss: 0.6999
  - Average Accuracy: 50.24%
  - Average Grad Norm: 0.9031
  - Final Learning Rate: 0.001222
Using reduced batch size for validation: 8 (original: 16)
Sub-batch validation complete in 2.58s - Loss: 0.6845, Accuracy: 0.5714

==== Epoch 15/100 ====
Starting training phase...
Training on 20440 samples...
Training: 100/1278 batches (7.8%)
  - Batch Acc: 56.25%, Running Acc: 50.81%
  - Loss: 0.6958, Grad Norm: 0.9058
  - Learning Rate: 0.001228
Training: 200/1278 batches (15.7%)
  - Batch Acc: 68.75%, Running Acc: 50.06%
  - Loss: 0.6357, Grad Norm: 0.9601
  - Learning Rate: 0.001235
Training: 300/1278 batches (23.5%)
  - Batch Acc: 43.75%, Running Acc: 50.21%
  - Loss: 0.7336, Grad Norm: 0.9636
  - Learning Rate: 0.001242
Training: 400/1278 batches (31.3%)
  - Batch Acc: 75.00%, Running Acc: 50.08%
  - Loss: 0.6705, Grad Norm: 0.7797
  - Learning Rate: 0.001248
Training: 500/1278 batches (39.1%)
  - Batch Acc: 62.50%, Running Acc: 50.41%
  - Loss: 0.6787, Grad Norm: 0.8080
  - Learning Rate: 0.001255
Training: 600/1278 batches (47.0%)
  - Batch Acc: 50.00%, Running Acc: 50.56%
  - Loss: 0.6801, Grad Norm: 0.6649
  - Learning Rate: 0.001261
Training: 700/1278 batches (54.8%)
  - Batch Acc: 43.75%, Running Acc: 50.74%
  - Loss: 0.6999, Grad Norm: 0.7630
  - Learning Rate: 0.001267
Training: 800/1278 batches (62.6%)
  - Batch Acc: 50.00%, Running Acc: 50.75%
  - Loss: 0.6916, Grad Norm: 0.6269
  - Learning Rate: 0.001273
Training: 900/1278 batches (70.5%)
  - Batch Acc: 50.00%, Running Acc: 50.76%
  - Loss: 0.6954, Grad Norm: 0.7932
  - Learning Rate: 0.001280
Training: 1000/1278 batches (78.3%)
  - Batch Acc: 87.50%, Running Acc: 50.94%
  - Loss: 0.6627, Grad Norm: 0.7958
  - Learning Rate: 0.001286
Training: 1100/1278 batches (86.1%)
  - Batch Acc: 68.75%, Running Acc: 50.88%
  - Loss: 0.6937, Grad Norm: 0.7539
  - Learning Rate: 0.001292
Training: 1200/1278 batches (93.9%)
  - Batch Acc: 37.50%, Running Acc: 50.90%
  - Loss: 0.6941, Grad Norm: 0.7527
  - Learning Rate: 0.001298
Training: 1278/1278 batches (100.0%)
  - Batch Acc: 62.50%, Running Acc: 50.78%
  - Loss: 0.7111, Grad Norm: 0.9969
  - Learning Rate: 0.001302

Training phase complete
Epoch Summary:
  - Average Loss: 0.6975
  - Average Accuracy: 50.78%
  - Average Grad Norm: 0.8202
  - Final Learning Rate: 0.001302
Using reduced batch size for validation: 8 (original: 16)
Sub-batch validation complete in 2.60s - Loss: 0.6918, Accuracy: 0.5714

==== Epoch 16/100 ====
Starting training phase...
Training on 20440 samples...
Training: 100/1278 batches (7.8%)
  - Batch Acc: 37.50%, Running Acc: 51.38%
  - Loss: 0.6775, Grad Norm: 0.8485
  - Learning Rate: 0.001308
Training: 200/1278 batches (15.7%)
  - Batch Acc: 50.00%, Running Acc: 50.69%
  - Loss: 0.6833, Grad Norm: 0.7722
  - Learning Rate: 0.001314
Training: 300/1278 batches (23.5%)
  - Batch Acc: 43.75%, Running Acc: 50.60%
  - Loss: 0.6964, Grad Norm: 0.8696
  - Learning Rate: 0.001320
Training: 400/1278 batches (31.3%)
  - Batch Acc: 68.75%, Running Acc: 51.08%
  - Loss: 0.6319, Grad Norm: 0.8248
  - Learning Rate: 0.001325
Training: 500/1278 batches (39.1%)
  - Batch Acc: 81.25%, Running Acc: 51.10%
  - Loss: 0.6602, Grad Norm: 1.0923
  - Learning Rate: 0.001331
Training: 600/1278 batches (47.0%)
  - Batch Acc: 31.25%, Running Acc: 51.31%
  - Loss: 0.7138, Grad Norm: 0.7737
  - Learning Rate: 0.001336
Training: 700/1278 batches (54.8%)
  - Batch Acc: 68.75%, Running Acc: 51.55%
  - Loss: 0.6790, Grad Norm: 0.7577
  - Learning Rate: 0.001342
Training: 800/1278 batches (62.6%)
  - Batch Acc: 43.75%, Running Acc: 51.07%
  - Loss: 0.6857, Grad Norm: 0.8145
  - Learning Rate: 0.001347
Training: 900/1278 batches (70.5%)
  - Batch Acc: 37.50%, Running Acc: 50.65%
  - Loss: 0.7232, Grad Norm: 0.8537
  - Learning Rate: 0.001352
Training: 1000/1278 batches (78.3%)
  - Batch Acc: 50.00%, Running Acc: 50.56%
  - Loss: 0.6927, Grad Norm: 0.9300
  - Learning Rate: 0.001357
Training: 1100/1278 batches (86.1%)
  - Batch Acc: 75.00%, Running Acc: 50.79%
  - Loss: 0.6730, Grad Norm: 0.8921
  - Learning Rate: 0.001362
Training: 1200/1278 batches (93.9%)
  - Batch Acc: 56.25%, Running Acc: 50.38%
  - Loss: 0.7146, Grad Norm: 0.8966
  - Learning Rate: 0.001367
Training: 1278/1278 batches (100.0%)
  - Batch Acc: 50.00%, Running Acc: 50.55%
  - Loss: 0.6860, Grad Norm: 0.9473
  - Learning Rate: 0.001371

Training phase complete
Epoch Summary:
  - Average Loss: 0.6964
  - Average Accuracy: 50.55%
  - Average Grad Norm: 0.8511
  - Final Learning Rate: 0.001371
Using reduced batch size for validation: 8 (original: 16)
Sub-batch validation complete in 2.56s - Loss: 0.6940, Accuracy: 0.4286
Early stopping triggered at epoch 16

==== Fold 5 training complete, evaluating best model ====
Starting final evaluation...
Evaluating 5110 samples across 320 batches
Evaluating batch 1/320
Evaluating batch 17/320
Evaluating batch 33/320
Evaluating batch 49/320
Evaluating batch 65/320
Evaluation: 80/320 batches, Running Acc: 36.72%, Loss: 9.2201
Evaluating batch 81/320
Evaluating batch 97/320
Evaluating batch 113/320
Evaluating batch 129/320
Evaluating batch 145/320
Evaluation: 160/320 batches, Running Acc: 47.81%, Loss: 0.0001
Evaluating batch 161/320
Evaluating batch 177/320
Evaluating batch 193/320
Evaluating batch 209/320
Evaluating batch 225/320
Evaluation: 240/320 batches, Running Acc: 61.20%, Loss: 0.0001
Evaluating batch 241/320
Evaluating batch 257/320
Evaluating batch 273/320
Evaluating batch 289/320
Evaluating batch 305/320
Evaluation: 320/320 batches, Running Acc: 65.58%, Loss: 0.0001
Computing final evaluation metrics
Evaluation complete - Test Loss: 3.1227, Accuracy: 0.6558, F1 Score: 0.6389
Training completed at Mon Apr 14 06:16:22 PM EDT 2025
