Starting FC-MLP training with 16 CPUs and 1 GPU at Mon Apr 14 11:45:58 PM EDT 2025

==== Starting fold 1/5 ====
Train: 76639 FC vectors, Validation: 19140 FC vectors
Using ReduceLROnPlateau scheduler monitoring validation val_accuracy

==== Epoch 1/100 ====
Starting training phase...
Training on 76639 samples...
Training: 100/599 batches (16.7%)
  - Batch Acc: 75.78%, Running Acc: 67.41%
  - Loss: 0.5413, Grad Norm: 1.4064
  - Learning Rate: 0.001000
Training: 200/599 batches (33.4%)
  - Batch Acc: 94.53%, Running Acc: 77.99%
  - Loss: 0.1998, Grad Norm: 0.7127
  - Learning Rate: 0.001000
Training: 300/599 batches (50.1%)
  - Batch Acc: 94.53%, Running Acc: 83.39%
  - Loss: 0.1219, Grad Norm: 0.6086
  - Learning Rate: 0.001000
Training: 400/599 batches (66.8%)
  - Batch Acc: 96.88%, Running Acc: 86.65%
  - Loss: 0.0959, Grad Norm: 0.5290
  - Learning Rate: 0.001000
Training: 500/599 batches (83.5%)
  - Batch Acc: 98.44%, Running Acc: 88.76%
  - Loss: 0.0491, Grad Norm: 0.4075
  - Learning Rate: 0.001000
Training: 599/599 batches (100.0%)
  - Batch Acc: 98.95%, Running Acc: 90.19%
  - Loss: 0.0324, Grad Norm: 0.4306
  - Learning Rate: 0.001000

Training phase complete
Epoch Summary:
  - Average Loss: 0.2236
  - Average Accuracy: 90.19%
  - Average Grad Norm: 0.7927
  - Final Learning Rate: 0.001000
Starting validation phase...
Starting validation on 19140 samples...
Entering no_grad block for validation
Validation progress: 0/150 batches (0.0%)
  - Elapsed: 1.4s, Estimated remaining: 0.0s
Validation: 5/150 batches (3.3%)
  - Batch Acc: 69.53%, Running Acc: 45.94%
Validation progress: 5/150 batches (3.3%)
  - Elapsed: 1.5s, Estimated remaining: 36.4s
Validation: 10/150 batches (6.7%)
  - Batch Acc: 55.47%, Running Acc: 64.22%
Validation progress: 10/150 batches (6.7%)
  - Elapsed: 1.6s, Estimated remaining: 19.6s
Validation: 15/150 batches (10.0%)
  - Batch Acc: 65.62%, Running Acc: 62.34%
Validation progress: 15/150 batches (10.0%)
  - Elapsed: 1.6s, Estimated remaining: 13.4s
Validation: 20/150 batches (13.4%)
  - Batch Acc: 87.50%, Running Acc: 68.91%
Validation progress: 20/150 batches (13.3%)
  - Elapsed: 1.6s, Estimated remaining: 10.0s
Validation: 25/150 batches (16.7%)
  - Batch Acc: 88.28%, Running Acc: 68.47%
Validation progress: 25/150 batches (16.7%)
  - Elapsed: 1.7s, Estimated remaining: 8.0s
Validation: 30/150 batches (20.1%)
  - Batch Acc: 89.06%, Running Acc: 66.85%
Validation progress: 30/150 batches (20.0%)
  - Elapsed: 1.7s, Estimated remaining: 6.6s
Validation: 35/150 batches (23.4%)
  - Batch Acc: 12.50%, Running Acc: 62.99%
Validation progress: 35/150 batches (23.3%)
  - Elapsed: 1.8s, Estimated remaining: 5.6s
Validation: 40/150 batches (26.8%)
  - Batch Acc: 88.28%, Running Acc: 64.55%
Validation progress: 40/150 batches (26.7%)
  - Elapsed: 1.8s, Estimated remaining: 4.8s
Validation: 45/150 batches (30.1%)
  - Batch Acc: 75.78%, Running Acc: 66.13%
Validation progress: 45/150 batches (30.0%)
  - Elapsed: 1.8s, Estimated remaining: 4.2s
Validation: 50/150 batches (33.4%)
  - Batch Acc: 78.91%, Running Acc: 65.84%
Validation progress: 50/150 batches (33.3%)
  - Elapsed: 1.9s, Estimated remaining: 3.7s
Validation: 55/150 batches (36.8%)
  - Batch Acc: 67.19%, Running Acc: 64.52%
Validation progress: 55/150 batches (36.7%)
  - Elapsed: 1.9s, Estimated remaining: 3.2s
Validation: 60/150 batches (40.1%)
  - Batch Acc: 100.00%, Running Acc: 66.41%
Validation progress: 60/150 batches (40.0%)
  - Elapsed: 2.0s, Estimated remaining: 2.9s
Validation: 65/150 batches (43.5%)
  - Batch Acc: 70.31%, Running Acc: 67.85%
Validation progress: 65/150 batches (43.3%)
  - Elapsed: 2.0s, Estimated remaining: 2.5s
Validation: 70/150 batches (46.8%)
  - Batch Acc: 88.28%, Running Acc: 67.15%
Validation progress: 70/150 batches (46.7%)
  - Elapsed: 2.0s, Estimated remaining: 2.3s
Validation: 75/150 batches (50.2%)
  - Batch Acc: 58.59%, Running Acc: 68.21%
Validation progress: 75/150 batches (50.0%)
  - Elapsed: 2.1s, Estimated remaining: 2.0s
Validation: 80/150 batches (53.5%)
  - Batch Acc: 47.66%, Running Acc: 65.62%
Validation progress: 80/150 batches (53.3%)
  - Elapsed: 2.1s, Estimated remaining: 1.8s
Validation: 85/150 batches (56.8%)
  - Batch Acc: 68.75%, Running Acc: 63.66%
Validation progress: 85/150 batches (56.7%)
  - Elapsed: 2.2s, Estimated remaining: 1.6s
Validation: 90/150 batches (60.2%)
  - Batch Acc: 45.31%, Running Acc: 63.61%
Validation progress: 90/150 batches (60.0%)
  - Elapsed: 2.2s, Estimated remaining: 1.4s
Validation: 95/150 batches (63.5%)
  - Batch Acc: 76.56%, Running Acc: 63.26%
Validation progress: 95/150 batches (63.3%)
  - Elapsed: 2.2s, Estimated remaining: 1.3s
Validation: 100/150 batches (66.9%)
  - Batch Acc: 28.12%, Running Acc: 63.01%
Validation progress: 100/150 batches (66.7%)
  - Elapsed: 2.3s, Estimated remaining: 1.1s
Validation: 105/150 batches (70.2%)
  - Batch Acc: 57.03%, Running Acc: 62.57%
Validation progress: 105/150 batches (70.0%)
  - Elapsed: 2.3s, Estimated remaining: 1.0s
Validation: 110/150 batches (73.6%)
  - Batch Acc: 32.03%, Running Acc: 62.14%
Validation progress: 110/150 batches (73.3%)
  - Elapsed: 2.4s, Estimated remaining: 0.8s
Validation: 115/150 batches (76.9%)
  - Batch Acc: 56.25%, Running Acc: 62.45%
Validation progress: 115/150 batches (76.7%)
  - Elapsed: 2.4s, Estimated remaining: 0.7s
Validation: 120/150 batches (80.3%)
  - Batch Acc: 96.88%, Running Acc: 63.17%
Validation progress: 120/150 batches (80.0%)
  - Elapsed: 2.4s, Estimated remaining: 0.6s
Validation: 125/150 batches (83.6%)
  - Batch Acc: 73.44%, Running Acc: 62.41%
Validation progress: 125/150 batches (83.3%)
  - Elapsed: 2.5s, Estimated remaining: 0.5s
Validation: 130/150 batches (86.9%)
  - Batch Acc: 59.38%, Running Acc: 62.26%
Validation progress: 130/150 batches (86.7%)
  - Elapsed: 2.5s, Estimated remaining: 0.4s
Validation: 135/150 batches (90.3%)
  - Batch Acc: 56.25%, Running Acc: 61.54%
Validation progress: 135/150 batches (90.0%)
  - Elapsed: 2.5s, Estimated remaining: 0.3s
Validation: 140/150 batches (93.6%)
  - Batch Acc: 58.59%, Running Acc: 61.96%
Validation progress: 140/150 batches (93.3%)
  - Elapsed: 2.6s, Estimated remaining: 0.2s
Validation: 145/150 batches (97.0%)
  - Batch Acc: 94.53%, Running Acc: 61.86%
Validation progress: 145/150 batches (96.7%)
  - Elapsed: 2.6s, Estimated remaining: 0.1s
Validation: 150/150 batches (100.3%)
  - Batch Acc: 100.00%, Running Acc: 62.39%
Validation complete in 3.10s - Loss: 1.4588, Accuracy: 0.6239

==== Epoch 2/100 ====
Starting training phase...
Training on 76639 samples...
Training: 100/599 batches (16.7%)
  - Batch Acc: 97.66%, Running Acc: 97.52%
  - Loss: 0.1312, Grad Norm: 0.5784
  - Learning Rate: 0.001000
Training: 200/599 batches (33.4%)
  - Batch Acc: 97.66%, Running Acc: 97.69%
  - Loss: 0.0728, Grad Norm: 0.4106
  - Learning Rate: 0.001000
Training: 300/599 batches (50.1%)
  - Batch Acc: 99.22%, Running Acc: 97.96%
  - Loss: 0.0143, Grad Norm: 0.1327
  - Learning Rate: 0.001000
Training: 400/599 batches (66.8%)
  - Batch Acc: 96.09%, Running Acc: 98.05%
  - Loss: 0.0958, Grad Norm: 0.6083
  - Learning Rate: 0.001000
Training: 500/599 batches (83.5%)
  - Batch Acc: 98.44%, Running Acc: 98.14%
  - Loss: 0.0340, Grad Norm: 0.1950
  - Learning Rate: 0.001000
Training: 599/599 batches (100.0%)
  - Batch Acc: 98.95%, Running Acc: 98.17%
  - Loss: 0.0492, Grad Norm: 0.3862
  - Learning Rate: 0.001000

Training phase complete
Epoch Summary:
  - Average Loss: 0.0483
  - Average Accuracy: 98.17%
  - Average Grad Norm: 0.3674
  - Final Learning Rate: 0.001000
Starting validation phase...
Starting validation on 19140 samples...
Entering no_grad block for validation
Validation progress: 0/150 batches (0.0%)
  - Elapsed: 1.5s, Estimated remaining: 0.0s
Validation: 5/150 batches (3.3%)
  - Batch Acc: 97.66%, Running Acc: 85.31%
Validation progress: 5/150 batches (3.3%)
  - Elapsed: 1.5s, Estimated remaining: 36.5s
Validation: 10/150 batches (6.7%)
  - Batch Acc: 36.72%, Running Acc: 68.98%
Validation progress: 10/150 batches (6.7%)
  - Elapsed: 1.6s, Estimated remaining: 20.0s
Validation: 15/150 batches (10.0%)
  - Batch Acc: 66.41%, Running Acc: 67.14%
Validation progress: 15/150 batches (10.0%)
  - Elapsed: 1.6s, Estimated remaining: 13.4s
Validation: 20/150 batches (13.4%)
  - Batch Acc: 71.88%, Running Acc: 68.91%
Validation progress: 20/150 batches (13.3%)
  - Elapsed: 1.6s, Estimated remaining: 10.1s
Validation: 25/150 batches (16.7%)
  - Batch Acc: 93.75%, Running Acc: 66.47%
Validation progress: 25/150 batches (16.7%)
  - Elapsed: 1.7s, Estimated remaining: 8.0s
Validation: 30/150 batches (20.1%)
  - Batch Acc: 78.91%, Running Acc: 65.73%
Validation progress: 30/150 batches (20.0%)
  - Elapsed: 1.7s, Estimated remaining: 6.7s
Validation: 35/150 batches (23.4%)
  - Batch Acc: 48.44%, Running Acc: 64.40%
Validation progress: 35/150 batches (23.3%)
  - Elapsed: 1.8s, Estimated remaining: 5.6s
Validation: 40/150 batches (26.8%)
  - Batch Acc: 94.53%, Running Acc: 67.27%
Validation progress: 40/150 batches (26.7%)
  - Elapsed: 1.8s, Estimated remaining: 4.8s
Validation: 45/150 batches (30.1%)
  - Batch Acc: 98.44%, Running Acc: 69.98%
Validation progress: 45/150 batches (30.0%)
  - Elapsed: 1.8s, Estimated remaining: 4.2s
Validation: 50/150 batches (33.4%)
  - Batch Acc: 66.41%, Running Acc: 71.70%
Validation progress: 50/150 batches (33.3%)
  - Elapsed: 1.9s, Estimated remaining: 3.7s
Validation: 55/150 batches (36.8%)
  - Batch Acc: 21.88%, Running Acc: 66.96%
Validation progress: 55/150 batches (36.7%)
  - Elapsed: 1.9s, Estimated remaining: 3.2s
Validation: 60/150 batches (40.1%)
  - Batch Acc: 82.03%, Running Acc: 66.65%
Validation progress: 60/150 batches (40.0%)
  - Elapsed: 2.0s, Estimated remaining: 2.9s
Validation: 65/150 batches (43.5%)
  - Batch Acc: 32.03%, Running Acc: 64.39%
Validation progress: 65/150 batches (43.3%)
  - Elapsed: 2.0s, Estimated remaining: 2.6s
Validation: 70/150 batches (46.8%)
  - Batch Acc: 35.16%, Running Acc: 62.49%
Validation progress: 70/150 batches (46.7%)
  - Elapsed: 2.0s, Estimated remaining: 2.3s
Validation: 75/150 batches (50.2%)
  - Batch Acc: 75.78%, Running Acc: 62.81%
Validation progress: 75/150 batches (50.0%)
  - Elapsed: 2.1s, Estimated remaining: 2.0s
Validation: 80/150 batches (53.5%)
  - Batch Acc: 75.00%, Running Acc: 62.87%
Validation progress: 80/150 batches (53.3%)
  - Elapsed: 2.1s, Estimated remaining: 1.8s
Validation: 85/150 batches (56.8%)
  - Batch Acc: 100.00%, Running Acc: 60.85%
Validation progress: 85/150 batches (56.7%)
  - Elapsed: 2.2s, Estimated remaining: 1.6s
Validation: 90/150 batches (60.2%)
  - Batch Acc: 94.53%, Running Acc: 62.21%
Validation progress: 90/150 batches (60.0%)
  - Elapsed: 2.2s, Estimated remaining: 1.4s
Validation: 95/150 batches (63.5%)
  - Batch Acc: 100.00%, Running Acc: 63.33%
Validation progress: 95/150 batches (63.3%)
  - Elapsed: 2.2s, Estimated remaining: 1.3s
Validation: 100/150 batches (66.9%)
  - Batch Acc: 93.75%, Running Acc: 64.81%
Validation progress: 100/150 batches (66.7%)
  - Elapsed: 2.3s, Estimated remaining: 1.1s
Validation: 105/150 batches (70.2%)
  - Batch Acc: 50.78%, Running Acc: 64.11%
Validation progress: 105/150 batches (70.0%)
  - Elapsed: 2.3s, Estimated remaining: 1.0s
Validation: 110/150 batches (73.6%)
  - Batch Acc: 0.00%, Running Acc: 62.56%
Validation progress: 110/150 batches (73.3%)
  - Elapsed: 2.4s, Estimated remaining: 0.8s
Validation: 115/150 batches (76.9%)
  - Batch Acc: 34.38%, Running Acc: 61.64%
Validation progress: 115/150 batches (76.7%)
  - Elapsed: 2.4s, Estimated remaining: 0.7s
Validation: 120/150 batches (80.3%)
  - Batch Acc: 77.34%, Running Acc: 61.03%
Validation progress: 120/150 batches (80.0%)
  - Elapsed: 2.4s, Estimated remaining: 0.6s
Validation: 125/150 batches (83.6%)
  - Batch Acc: 83.59%, Running Acc: 59.62%
Validation progress: 125/150 batches (83.3%)
  - Elapsed: 2.5s, Estimated remaining: 0.5s
Validation: 130/150 batches (86.9%)
  - Batch Acc: 71.88%, Running Acc: 60.29%
Validation progress: 130/150 batches (86.7%)
  - Elapsed: 2.5s, Estimated remaining: 0.4s
Validation: 135/150 batches (90.3%)
  - Batch Acc: 46.88%, Running Acc: 59.02%
Validation progress: 135/150 batches (90.0%)
  - Elapsed: 2.6s, Estimated remaining: 0.3s
Validation: 140/150 batches (93.6%)
  - Batch Acc: 54.69%, Running Acc: 59.25%
Validation progress: 140/150 batches (93.3%)
  - Elapsed: 2.6s, Estimated remaining: 0.2s
Validation: 145/150 batches (97.0%)
  - Batch Acc: 84.38%, Running Acc: 59.32%
Validation progress: 145/150 batches (96.7%)
  - Elapsed: 2.6s, Estimated remaining: 0.1s
Validation: 150/150 batches (100.3%)
  - Batch Acc: 10.29%, Running Acc: 59.25%
Validation complete in 3.10s - Loss: 2.2182, Accuracy: 0.5925

==== Epoch 3/100 ====
Starting training phase...
Training on 76639 samples...
Training: 100/599 batches (16.7%)
  - Batch Acc: 98.44%, Running Acc: 98.80%
  - Loss: 0.0275, Grad Norm: 0.2984
  - Learning Rate: 0.001000
Training: 200/599 batches (33.4%)
  - Batch Acc: 100.00%, Running Acc: 98.67%
  - Loss: 0.0125, Grad Norm: 0.1006
  - Learning Rate: 0.001000
Training: 300/599 batches (50.1%)
  - Batch Acc: 99.22%, Running Acc: 98.74%
  - Loss: 0.0246, Grad Norm: 0.3159
  - Learning Rate: 0.001000
Training: 400/599 batches (66.8%)
  - Batch Acc: 99.22%, Running Acc: 98.64%
  - Loss: 0.0329, Grad Norm: 0.3318
  - Learning Rate: 0.001000
Training: 500/599 batches (83.5%)
  - Batch Acc: 99.22%, Running Acc: 98.72%
  - Loss: 0.0349, Grad Norm: 0.2774
  - Learning Rate: 0.001000
Training: 599/599 batches (100.0%)
  - Batch Acc: 97.89%, Running Acc: 98.82%
  - Loss: 0.0766, Grad Norm: 0.5146
  - Learning Rate: 0.001000

Training phase complete
Epoch Summary:
  - Average Loss: 0.0327
  - Average Accuracy: 98.82%
  - Average Grad Norm: 0.2803
  - Final Learning Rate: 0.001000
Starting validation phase...
Starting validation on 19140 samples...
Entering no_grad block for validation
Validation progress: 0/150 batches (0.0%)
  - Elapsed: 1.5s, Estimated remaining: 0.0s
Validation: 5/150 batches (3.3%)
  - Batch Acc: 75.00%, Running Acc: 45.78%
Validation progress: 5/150 batches (3.3%)
  - Elapsed: 1.5s, Estimated remaining: 36.9s
Validation: 10/150 batches (6.7%)
  - Batch Acc: 64.84%, Running Acc: 66.17%
Validation progress: 10/150 batches (6.7%)
  - Elapsed: 1.6s, Estimated remaining: 19.9s
Validation: 15/150 batches (10.0%)
  - Batch Acc: 64.06%, Running Acc: 64.32%
Validation progress: 15/150 batches (10.0%)
  - Elapsed: 1.6s, Estimated remaining: 13.3s
Validation: 20/150 batches (13.4%)
  - Batch Acc: 75.78%, Running Acc: 69.96%
Validation progress: 20/150 batches (13.3%)
  - Elapsed: 1.6s, Estimated remaining: 10.0s
Validation: 25/150 batches (16.7%)
  - Batch Acc: 90.62%, Running Acc: 70.09%
Validation progress: 25/150 batches (16.7%)
  - Elapsed: 1.7s, Estimated remaining: 8.0s
Validation: 30/150 batches (20.1%)
  - Batch Acc: 88.28%, Running Acc: 69.06%
Validation progress: 30/150 batches (20.0%)
  - Elapsed: 1.7s, Estimated remaining: 6.6s
Validation: 35/150 batches (23.4%)
  - Batch Acc: 33.59%, Running Acc: 66.41%
Validation progress: 35/150 batches (23.3%)
  - Elapsed: 1.8s, Estimated remaining: 5.6s
Validation: 40/150 batches (26.8%)
  - Batch Acc: 84.38%, Running Acc: 67.99%
Validation progress: 40/150 batches (26.7%)
  - Elapsed: 1.8s, Estimated remaining: 4.8s
Validation: 45/150 batches (30.1%)
  - Batch Acc: 60.94%, Running Acc: 68.09%
Validation progress: 45/150 batches (30.0%)
  - Elapsed: 1.8s, Estimated remaining: 4.1s
Validation: 50/150 batches (33.4%)
  - Batch Acc: 83.59%, Running Acc: 68.41%
Validation progress: 50/150 batches (33.3%)
  - Elapsed: 1.9s, Estimated remaining: 3.6s
Validation: 55/150 batches (36.8%)
  - Batch Acc: 86.72%, Running Acc: 67.77%
Validation progress: 55/150 batches (36.7%)
  - Elapsed: 1.9s, Estimated remaining: 3.2s
Validation: 60/150 batches (40.1%)
  - Batch Acc: 100.00%, Running Acc: 68.76%
Validation progress: 60/150 batches (40.0%)
  - Elapsed: 2.0s, Estimated remaining: 2.9s
Validation: 65/150 batches (43.5%)
  - Batch Acc: 71.09%, Running Acc: 69.65%
Validation progress: 65/150 batches (43.3%)
  - Elapsed: 2.0s, Estimated remaining: 2.5s
Validation: 70/150 batches (46.8%)
  - Batch Acc: 74.22%, Running Acc: 68.79%
Validation progress: 70/150 batches (46.7%)
  - Elapsed: 2.0s, Estimated remaining: 2.3s
Validation: 75/150 batches (50.2%)
  - Batch Acc: 60.94%, Running Acc: 69.58%
Validation progress: 75/150 batches (50.0%)
  - Elapsed: 2.1s, Estimated remaining: 2.0s
Validation: 80/150 batches (53.5%)
  - Batch Acc: 60.94%, Running Acc: 67.09%
Validation progress: 80/150 batches (53.3%)
  - Elapsed: 2.1s, Estimated remaining: 1.8s
Validation: 85/150 batches (56.8%)
  - Batch Acc: 53.12%, Running Acc: 64.03%
Validation progress: 85/150 batches (56.7%)
  - Elapsed: 2.2s, Estimated remaining: 1.6s
Validation: 90/150 batches (60.2%)
  - Batch Acc: 74.22%, Running Acc: 63.89%
Validation progress: 90/150 batches (60.0%)
  - Elapsed: 2.2s, Estimated remaining: 1.4s
Validation: 95/150 batches (63.5%)
  - Batch Acc: 64.84%, Running Acc: 63.71%
Validation progress: 95/150 batches (63.3%)
  - Elapsed: 2.2s, Estimated remaining: 1.3s
Validation: 100/150 batches (66.9%)
  - Batch Acc: 31.25%, Running Acc: 63.61%
Validation progress: 100/150 batches (66.7%)
  - Elapsed: 2.3s, Estimated remaining: 1.1s
Validation: 105/150 batches (70.2%)
  - Batch Acc: 71.88%, Running Acc: 63.67%
Validation progress: 105/150 batches (70.0%)
  - Elapsed: 2.3s, Estimated remaining: 1.0s
Validation: 110/150 batches (73.6%)
  - Batch Acc: 26.56%, Running Acc: 63.00%
Validation progress: 110/150 batches (73.3%)
  - Elapsed: 2.4s, Estimated remaining: 0.8s
Validation: 115/150 batches (76.9%)
  - Batch Acc: 56.25%, Running Acc: 63.38%
Validation progress: 115/150 batches (76.7%)
  - Elapsed: 2.4s, Estimated remaining: 0.7s
Validation: 120/150 batches (80.3%)
  - Batch Acc: 100.00%, Running Acc: 63.82%
Validation progress: 120/150 batches (80.0%)
  - Elapsed: 2.4s, Estimated remaining: 0.6s
Validation: 125/150 batches (83.6%)
  - Batch Acc: 66.41%, Running Acc: 63.57%
Validation progress: 125/150 batches (83.3%)
  - Elapsed: 2.5s, Estimated remaining: 0.5s
Validation: 130/150 batches (86.9%)
  - Batch Acc: 49.22%, Running Acc: 63.37%
Validation progress: 130/150 batches (86.7%)
  - Elapsed: 2.5s, Estimated remaining: 0.4s
Validation: 135/150 batches (90.3%)
  - Batch Acc: 60.94%, Running Acc: 62.65%
Validation progress: 135/150 batches (90.0%)
  - Elapsed: 2.6s, Estimated remaining: 0.3s
Validation: 140/150 batches (93.6%)
  - Batch Acc: 43.75%, Running Acc: 62.95%
Validation progress: 140/150 batches (93.3%)
  - Elapsed: 2.6s, Estimated remaining: 0.2s
Validation: 145/150 batches (97.0%)
  - Batch Acc: 85.94%, Running Acc: 62.96%
Validation progress: 145/150 batches (96.7%)
  - Elapsed: 2.6s, Estimated remaining: 0.1s
Validation: 150/150 batches (100.3%)
  - Batch Acc: 60.29%, Running Acc: 63.35%
Validation complete in 3.03s - Loss: 1.9226, Accuracy: 0.6335

==== Epoch 4/100 ====
Starting training phase...
Training on 76639 samples...
Training: 100/599 batches (16.7%)
  - Batch Acc: 100.00%, Running Acc: 98.80%
  - Loss: 0.0148, Grad Norm: 0.1014
  - Learning Rate: 0.001000
Training: 200/599 batches (33.4%)
  - Batch Acc: 100.00%, Running Acc: 99.01%
  - Loss: 0.0023, Grad Norm: 0.0177
  - Learning Rate: 0.001000
Training: 300/599 batches (50.1%)
  - Batch Acc: 98.44%, Running Acc: 99.03%
  - Loss: 0.0240, Grad Norm: 0.2219
  - Learning Rate: 0.001000
Training: 400/599 batches (66.8%)
  - Batch Acc: 100.00%, Running Acc: 99.05%
  - Loss: 0.0077, Grad Norm: 0.1495
  - Learning Rate: 0.001000
Training: 500/599 batches (83.5%)
  - Batch Acc: 99.22%, Running Acc: 99.08%
  - Loss: 0.0213, Grad Norm: 0.2099
  - Learning Rate: 0.001000
Training: 599/599 batches (100.0%)
  - Batch Acc: 97.89%, Running Acc: 99.08%
  - Loss: 0.0344, Grad Norm: 0.4023
  - Learning Rate: 0.001000

Training phase complete
Epoch Summary:
  - Average Loss: 0.0246
  - Average Accuracy: 99.08%
  - Average Grad Norm: 0.2315
  - Final Learning Rate: 0.001000
Starting validation phase...
Starting validation on 19140 samples...
Entering no_grad block for validation
Validation progress: 0/150 batches (0.0%)
  - Elapsed: 1.4s, Estimated remaining: 0.0s
Validation: 5/150 batches (3.3%)
  - Batch Acc: 92.97%, Running Acc: 72.50%
Validation progress: 5/150 batches (3.3%)
  - Elapsed: 1.5s, Estimated remaining: 36.7s
Validation: 10/150 batches (6.7%)
  - Batch Acc: 54.69%, Running Acc: 62.97%
Validation progress: 10/150 batches (6.7%)
  - Elapsed: 1.6s, Estimated remaining: 20.0s
Validation: 15/150 batches (10.0%)
  - Batch Acc: 68.75%, Running Acc: 65.26%
Validation progress: 15/150 batches (10.0%)
  - Elapsed: 1.6s, Estimated remaining: 13.4s
Validation: 20/150 batches (13.4%)
  - Batch Acc: 73.44%, Running Acc: 68.59%
Validation progress: 20/150 batches (13.3%)
  - Elapsed: 1.6s, Estimated remaining: 10.0s
Validation: 25/150 batches (16.7%)
  - Batch Acc: 97.66%, Running Acc: 69.09%
Validation progress: 25/150 batches (16.7%)
  - Elapsed: 1.7s, Estimated remaining: 7.9s
Validation: 30/150 batches (20.1%)
  - Batch Acc: 73.44%, Running Acc: 66.95%
Validation progress: 30/150 batches (20.0%)
  - Elapsed: 1.7s, Estimated remaining: 6.5s
Validation: 35/150 batches (23.4%)
  - Batch Acc: 34.38%, Running Acc: 65.60%
Validation progress: 35/150 batches (23.3%)
  - Elapsed: 1.7s, Estimated remaining: 5.5s
Validation: 40/150 batches (26.8%)
  - Batch Acc: 100.00%, Running Acc: 67.71%
Validation progress: 40/150 batches (26.7%)
  - Elapsed: 1.8s, Estimated remaining: 4.7s
Validation: 45/150 batches (30.1%)
  - Batch Acc: 78.91%, Running Acc: 69.88%
Validation progress: 45/150 batches (30.0%)
  - Elapsed: 1.8s, Estimated remaining: 4.1s
Validation: 50/150 batches (33.4%)
  - Batch Acc: 53.12%, Running Acc: 70.62%
Validation progress: 50/150 batches (33.3%)
  - Elapsed: 1.8s, Estimated remaining: 3.6s
Validation: 55/150 batches (36.8%)
  - Batch Acc: 50.00%, Running Acc: 67.39%
Validation progress: 55/150 batches (36.7%)
  - Elapsed: 1.9s, Estimated remaining: 3.2s
Validation: 60/150 batches (40.1%)
  - Batch Acc: 88.28%, Running Acc: 66.78%
Validation progress: 60/150 batches (40.0%)
  - Elapsed: 1.9s, Estimated remaining: 2.8s
Validation: 65/150 batches (43.5%)
  - Batch Acc: 71.88%, Running Acc: 66.71%
Validation progress: 65/150 batches (43.3%)
  - Elapsed: 2.0s, Estimated remaining: 2.5s
Validation: 70/150 batches (46.8%)
  - Batch Acc: 52.34%, Running Acc: 65.09%
Validation progress: 70/150 batches (46.7%)
  - Elapsed: 2.0s, Estimated remaining: 2.2s
Validation: 75/150 batches (50.2%)
  - Batch Acc: 82.03%, Running Acc: 65.70%
Validation progress: 75/150 batches (50.0%)
  - Elapsed: 2.0s, Estimated remaining: 2.0s
Validation: 80/150 batches (53.5%)
  - Batch Acc: 50.00%, Running Acc: 64.04%
Validation progress: 80/150 batches (53.3%)
  - Elapsed: 2.1s, Estimated remaining: 1.8s
Validation: 85/150 batches (56.8%)
  - Batch Acc: 89.06%, Running Acc: 61.90%
Validation progress: 85/150 batches (56.7%)
  - Elapsed: 2.1s, Estimated remaining: 1.6s
Validation: 90/150 batches (60.2%)
  - Batch Acc: 68.75%, Running Acc: 62.42%
Validation progress: 90/150 batches (60.0%)
  - Elapsed: 2.1s, Estimated remaining: 1.4s
Validation: 95/150 batches (63.5%)
  - Batch Acc: 100.00%, Running Acc: 63.27%
Validation progress: 95/150 batches (63.3%)
  - Elapsed: 2.2s, Estimated remaining: 1.2s
Validation: 100/150 batches (66.9%)
  - Batch Acc: 71.88%, Running Acc: 64.33%
Validation progress: 100/150 batches (66.7%)
  - Elapsed: 2.2s, Estimated remaining: 1.1s
Validation: 105/150 batches (70.2%)
  - Batch Acc: 55.47%, Running Acc: 63.97%
Validation progress: 105/150 batches (70.0%)
  - Elapsed: 2.3s, Estimated remaining: 0.9s
Validation: 110/150 batches (73.6%)
  - Batch Acc: 0.00%, Running Acc: 62.68%
Validation progress: 110/150 batches (73.3%)
  - Elapsed: 2.3s, Estimated remaining: 0.8s
Validation: 115/150 batches (76.9%)
  - Batch Acc: 38.28%, Running Acc: 62.28%
Validation progress: 115/150 batches (76.7%)
  - Elapsed: 2.3s, Estimated remaining: 0.7s
Validation: 120/150 batches (80.3%)
  - Batch Acc: 95.31%, Running Acc: 61.95%
Validation progress: 120/150 batches (80.0%)
  - Elapsed: 2.4s, Estimated remaining: 0.6s
Validation: 125/150 batches (83.6%)
  - Batch Acc: 92.97%, Running Acc: 60.89%
Validation progress: 125/150 batches (83.3%)
  - Elapsed: 2.4s, Estimated remaining: 0.5s
Validation: 130/150 batches (86.9%)
  - Batch Acc: 60.16%, Running Acc: 61.45%
Validation progress: 130/150 batches (86.7%)
  - Elapsed: 2.4s, Estimated remaining: 0.4s
Validation: 135/150 batches (90.3%)
  - Batch Acc: 53.12%, Running Acc: 60.25%
Validation progress: 135/150 batches (90.0%)
  - Elapsed: 2.5s, Estimated remaining: 0.3s
Validation: 140/150 batches (93.6%)
  - Batch Acc: 69.53%, Running Acc: 60.89%
Validation progress: 140/150 batches (93.3%)
  - Elapsed: 2.5s, Estimated remaining: 0.2s
Validation: 145/150 batches (97.0%)
  - Batch Acc: 78.91%, Running Acc: 60.55%
Validation progress: 145/150 batches (96.7%)
  - Elapsed: 2.6s, Estimated remaining: 0.1s
Validation: 150/150 batches (100.3%)
  - Batch Acc: 13.24%, Running Acc: 60.56%
Validation complete in 2.93s - Loss: 2.1708, Accuracy: 0.6056

==== Epoch 5/100 ====
Starting training phase...
Training on 76639 samples...
Training: 100/599 batches (16.7%)
  - Batch Acc: 97.66%, Running Acc: 98.95%
  - Loss: 0.0413, Grad Norm: 0.2623
  - Learning Rate: 0.001000
Training: 200/599 batches (33.4%)
  - Batch Acc: 100.00%, Running Acc: 99.20%
  - Loss: 0.0054, Grad Norm: 0.1299
  - Learning Rate: 0.001000
Training: 300/599 batches (50.1%)
  - Batch Acc: 99.22%, Running Acc: 99.24%
  - Loss: 0.0578, Grad Norm: 0.3323
  - Learning Rate: 0.001000
Training: 400/599 batches (66.8%)
  - Batch Acc: 98.44%, Running Acc: 99.19%
  - Loss: 0.0575, Grad Norm: 0.4905
  - Learning Rate: 0.001000
Training: 500/599 batches (83.5%)
  - Batch Acc: 98.44%, Running Acc: 99.18%
  - Loss: 0.0318, Grad Norm: 0.1892
  - Learning Rate: 0.001000
Training: 599/599 batches (100.0%)
  - Batch Acc: 97.89%, Running Acc: 99.24%
  - Loss: 0.0332, Grad Norm: 0.4016
  - Learning Rate: 0.001000

Training phase complete
Epoch Summary:
  - Average Loss: 0.0207
  - Average Accuracy: 99.24%
  - Average Grad Norm: 0.1917
  - Final Learning Rate: 0.001000
Starting validation phase...
Starting validation on 19140 samples...
Entering no_grad block for validation
Validation progress: 0/150 batches (0.0%)
  - Elapsed: 1.4s, Estimated remaining: 0.0s
Validation: 5/150 batches (3.3%)
  - Batch Acc: 68.75%, Running Acc: 29.06%
Validation progress: 5/150 batches (3.3%)
  - Elapsed: 1.5s, Estimated remaining: 36.1s
Validation: 10/150 batches (6.7%)
  - Batch Acc: 66.41%, Running Acc: 56.88%
Validation progress: 10/150 batches (6.7%)
  - Elapsed: 1.5s, Estimated remaining: 19.2s
Validation: 15/150 batches (10.0%)
  - Batch Acc: 66.41%, Running Acc: 52.81%
Validation progress: 15/150 batches (10.0%)
  - Elapsed: 1.6s, Estimated remaining: 13.1s
Validation: 20/150 batches (13.4%)
  - Batch Acc: 88.28%, Running Acc: 61.33%
Validation progress: 20/150 batches (13.3%)
  - Elapsed: 1.6s, Estimated remaining: 9.8s
Validation: 25/150 batches (16.7%)
  - Batch Acc: 47.66%, Running Acc: 62.00%
Validation progress: 25/150 batches (16.7%)
  - Elapsed: 1.6s, Estimated remaining: 7.8s
Validation: 30/150 batches (20.1%)
  - Batch Acc: 98.44%, Running Acc: 61.12%
Validation progress: 30/150 batches (20.0%)
  - Elapsed: 1.7s, Estimated remaining: 6.5s
Validation: 35/150 batches (23.4%)
  - Batch Acc: 25.00%, Running Acc: 58.62%
Validation progress: 35/150 batches (23.3%)
  - Elapsed: 1.7s, Estimated remaining: 5.4s
Validation: 40/150 batches (26.8%)
  - Batch Acc: 81.25%, Running Acc: 61.00%
Validation progress: 40/150 batches (26.7%)
  - Elapsed: 1.8s, Estimated remaining: 4.7s
Validation: 45/150 batches (30.1%)
  - Batch Acc: 58.59%, Running Acc: 61.58%
Validation progress: 45/150 batches (30.0%)
  - Elapsed: 1.8s, Estimated remaining: 4.1s
Validation: 50/150 batches (33.4%)
  - Batch Acc: 93.75%, Running Acc: 61.59%
Validation progress: 50/150 batches (33.3%)
  - Elapsed: 1.8s, Estimated remaining: 3.6s
Validation: 55/150 batches (36.8%)
  - Batch Acc: 82.81%, Running Acc: 61.86%
Validation progress: 55/150 batches (36.7%)
  - Elapsed: 1.9s, Estimated remaining: 3.1s
Validation: 60/150 batches (40.1%)
  - Batch Acc: 100.00%, Running Acc: 64.09%
Validation progress: 60/150 batches (40.0%)
  - Elapsed: 1.9s, Estimated remaining: 2.8s
Validation: 65/150 batches (43.5%)
  - Batch Acc: 67.19%, Running Acc: 66.11%
Validation progress: 65/150 batches (43.3%)
  - Elapsed: 2.0s, Estimated remaining: 2.5s
Validation: 70/150 batches (46.8%)
  - Batch Acc: 85.16%, Running Acc: 65.68%
Validation progress: 70/150 batches (46.7%)
  - Elapsed: 2.0s, Estimated remaining: 2.2s
Validation: 75/150 batches (50.2%)
  - Batch Acc: 69.53%, Running Acc: 66.86%
Validation progress: 75/150 batches (50.0%)
  - Elapsed: 2.0s, Estimated remaining: 2.0s
Validation: 80/150 batches (53.5%)
  - Batch Acc: 52.34%, Running Acc: 64.10%
Validation progress: 80/150 batches (53.3%)
  - Elapsed: 2.1s, Estimated remaining: 1.8s
Validation: 85/150 batches (56.8%)
  - Batch Acc: 35.94%, Running Acc: 61.87%
Validation progress: 85/150 batches (56.7%)
  - Elapsed: 2.1s, Estimated remaining: 1.6s
Validation: 90/150 batches (60.2%)
  - Batch Acc: 21.88%, Running Acc: 61.35%
Validation progress: 90/150 batches (60.0%)
  - Elapsed: 2.2s, Estimated remaining: 1.4s
Validation: 95/150 batches (63.5%)
  - Batch Acc: 18.75%, Running Acc: 60.12%
Validation progress: 95/150 batches (63.3%)
  - Elapsed: 2.2s, Estimated remaining: 1.2s
Validation: 100/150 batches (66.9%)
  - Batch Acc: 32.81%, Running Acc: 59.88%
Validation progress: 100/150 batches (66.7%)
  - Elapsed: 2.2s, Estimated remaining: 1.1s
Validation: 105/150 batches (70.2%)
  - Batch Acc: 66.41%, Running Acc: 60.04%
Validation progress: 105/150 batches (70.0%)
  - Elapsed: 2.3s, Estimated remaining: 0.9s
Validation: 110/150 batches (73.6%)
  - Batch Acc: 58.59%, Running Acc: 59.78%
Validation progress: 110/150 batches (73.3%)
  - Elapsed: 2.3s, Estimated remaining: 0.8s
Validation: 115/150 batches (76.9%)
  - Batch Acc: 65.62%, Running Acc: 60.47%
Validation progress: 115/150 batches (76.7%)
  - Elapsed: 2.4s, Estimated remaining: 0.7s
Validation: 120/150 batches (80.3%)
  - Batch Acc: 88.28%, Running Acc: 61.01%
Validation progress: 120/150 batches (80.0%)
  - Elapsed: 2.4s, Estimated remaining: 0.6s
Validation: 125/150 batches (83.6%)
  - Batch Acc: 67.97%, Running Acc: 61.56%
Validation progress: 125/150 batches (83.3%)
  - Elapsed: 2.4s, Estimated remaining: 0.5s
Validation: 130/150 batches (86.9%)
  - Batch Acc: 50.78%, Running Acc: 60.90%
Validation progress: 130/150 batches (86.7%)
  - Elapsed: 2.5s, Estimated remaining: 0.4s
Validation: 135/150 batches (90.3%)
  - Batch Acc: 65.62%, Running Acc: 60.66%
Validation progress: 135/150 batches (90.0%)
  - Elapsed: 2.5s, Estimated remaining: 0.3s
Validation: 140/150 batches (93.6%)
  - Batch Acc: 60.16%, Running Acc: 61.19%
Validation progress: 140/150 batches (93.3%)
  - Elapsed: 2.6s, Estimated remaining: 0.2s
Validation: 145/150 batches (97.0%)
  - Batch Acc: 80.47%, Running Acc: 60.73%
Validation progress: 145/150 batches (96.7%)
  - Elapsed: 2.6s, Estimated remaining: 0.1s
Validation: 150/150 batches (100.3%)
  - Batch Acc: 100.00%, Running Acc: 61.43%
Validation complete in 3.01s - Loss: 2.2509, Accuracy: 0.6143

==== Epoch 6/100 ====
Starting training phase...
Training on 76639 samples...
Training: 100/599 batches (16.7%)
  - Batch Acc: 97.66%, Running Acc: 99.45%
  - Loss: 0.0377, Grad Norm: 0.3709
  - Learning Rate: 0.001000
Training: 200/599 batches (33.4%)
  - Batch Acc: 100.00%, Running Acc: 99.34%
  - Loss: 0.0135, Grad Norm: 0.1102
  - Learning Rate: 0.001000
Training: 300/599 batches (50.1%)
  - Batch Acc: 99.22%, Running Acc: 99.40%
  - Loss: 0.0195, Grad Norm: 0.1789
  - Learning Rate: 0.001000
Training: 400/599 batches (66.8%)
  - Batch Acc: 99.22%, Running Acc: 99.38%
  - Loss: 0.0131, Grad Norm: 0.1196
  - Learning Rate: 0.001000
Training: 500/599 batches (83.5%)
  - Batch Acc: 100.00%, Running Acc: 99.30%
  - Loss: 0.0069, Grad Norm: 0.0834
  - Learning Rate: 0.001000
Training: 599/599 batches (100.0%)
  - Batch Acc: 96.84%, Running Acc: 99.30%
  - Loss: 0.0546, Grad Norm: 0.5873
  - Learning Rate: 0.001000

Training phase complete
Epoch Summary:
  - Average Loss: 0.0195
  - Average Accuracy: 99.30%
  - Average Grad Norm: 0.1801
  - Final Learning Rate: 0.001000
Starting validation phase...
Starting validation on 19140 samples...
Entering no_grad block for validation
Validation progress: 0/150 batches (0.0%)
  - Elapsed: 1.7s, Estimated remaining: 0.0s
Validation: 5/150 batches (3.3%)
  - Batch Acc: 35.94%, Running Acc: 25.78%
Validation progress: 5/150 batches (3.3%)
  - Elapsed: 1.7s, Estimated remaining: 40.9s
Validation: 10/150 batches (6.7%)
  - Batch Acc: 65.62%, Running Acc: 52.58%
Validation progress: 10/150 batches (6.7%)
  - Elapsed: 1.8s, Estimated remaining: 22.2s
Validation: 15/150 batches (10.0%)
  - Batch Acc: 55.47%, Running Acc: 49.17%
Validation progress: 15/150 batches (10.0%)
  - Elapsed: 1.8s, Estimated remaining: 14.8s
Validation: 20/150 batches (13.4%)
  - Batch Acc: 78.91%, Running Acc: 58.28%
Validation progress: 20/150 batches (13.3%)
  - Elapsed: 1.8s, Estimated remaining: 11.0s
Validation: 25/150 batches (16.7%)
  - Batch Acc: 59.38%, Running Acc: 60.88%
Validation progress: 25/150 batches (16.7%)
  - Elapsed: 1.8s, Estimated remaining: 8.8s
Validation: 30/150 batches (20.1%)
  - Batch Acc: 96.09%, Running Acc: 61.15%
Validation progress: 30/150 batches (20.0%)
  - Elapsed: 1.9s, Estimated remaining: 7.2s
Validation: 35/150 batches (23.4%)
  - Batch Acc: 14.84%, Running Acc: 58.39%
Validation progress: 35/150 batches (23.3%)
  - Elapsed: 1.9s, Estimated remaining: 6.1s
Validation: 40/150 batches (26.8%)
  - Batch Acc: 79.69%, Running Acc: 60.35%
Validation progress: 40/150 batches (26.7%)
  - Elapsed: 2.0s, Estimated remaining: 5.2s
Validation: 45/150 batches (30.1%)
  - Batch Acc: 64.84%, Running Acc: 60.56%
Validation progress: 45/150 batches (30.0%)
  - Elapsed: 2.0s, Estimated remaining: 4.5s
Validation: 50/150 batches (33.4%)
  - Batch Acc: 77.34%, Running Acc: 60.48%
Validation progress: 50/150 batches (33.3%)
  - Elapsed: 2.0s, Estimated remaining: 4.0s
Validation: 55/150 batches (36.8%)
  - Batch Acc: 87.50%, Running Acc: 61.16%
Validation progress: 55/150 batches (36.7%)
  - Elapsed: 2.1s, Estimated remaining: 3.5s
Validation: 60/150 batches (40.1%)
  - Batch Acc: 97.66%, Running Acc: 64.13%
Validation progress: 60/150 batches (40.0%)
  - Elapsed: 2.1s, Estimated remaining: 3.1s
Validation: 65/150 batches (43.5%)
  - Batch Acc: 95.31%, Running Acc: 66.54%
Validation progress: 65/150 batches (43.3%)
  - Elapsed: 2.2s, Estimated remaining: 2.8s
Validation: 70/150 batches (46.8%)
  - Batch Acc: 81.25%, Running Acc: 66.06%
Validation progress: 70/150 batches (46.7%)
  - Elapsed: 2.2s, Estimated remaining: 2.4s
Validation: 75/150 batches (50.2%)
  - Batch Acc: 49.22%, Running Acc: 66.75%
Validation progress: 75/150 batches (50.0%)
  - Elapsed: 2.2s, Estimated remaining: 2.2s
Validation: 80/150 batches (53.5%)
  - Batch Acc: 47.66%, Running Acc: 63.96%
Validation progress: 80/150 batches (53.3%)
  - Elapsed: 2.3s, Estimated remaining: 1.9s
Validation: 85/150 batches (56.8%)
  - Batch Acc: 47.66%, Running Acc: 61.94%
Validation progress: 85/150 batches (56.7%)
  - Elapsed: 2.3s, Estimated remaining: 1.7s
Validation: 90/150 batches (60.2%)
  - Batch Acc: 32.81%, Running Acc: 61.39%
Validation progress: 90/150 batches (60.0%)
  - Elapsed: 2.4s, Estimated remaining: 1.5s
Validation: 95/150 batches (63.5%)
  - Batch Acc: 13.28%, Running Acc: 59.84%
Validation progress: 95/150 batches (63.3%)
  - Elapsed: 2.4s, Estimated remaining: 1.4s
Validation: 100/150 batches (66.9%)
  - Batch Acc: 28.91%, Running Acc: 59.48%
Validation progress: 100/150 batches (66.7%)
  - Elapsed: 2.4s, Estimated remaining: 1.2s
Validation: 105/150 batches (70.2%)
  - Batch Acc: 71.88%, Running Acc: 59.72%
Validation progress: 105/150 batches (70.0%)
  - Elapsed: 2.5s, Estimated remaining: 1.0s
Validation: 110/150 batches (73.6%)
  - Batch Acc: 73.44%, Running Acc: 59.63%
Validation progress: 110/150 batches (73.3%)
  - Elapsed: 2.5s, Estimated remaining: 0.9s
Validation: 115/150 batches (76.9%)
  - Batch Acc: 84.38%, Running Acc: 60.69%
Validation progress: 115/150 batches (76.7%)
  - Elapsed: 2.6s, Estimated remaining: 0.8s
Validation: 120/150 batches (80.3%)
  - Batch Acc: 91.41%, Running Acc: 61.48%
Validation progress: 120/150 batches (80.0%)
  - Elapsed: 2.6s, Estimated remaining: 0.6s
Validation: 125/150 batches (83.6%)
  - Batch Acc: 69.53%, Running Acc: 61.96%
Validation progress: 125/150 batches (83.3%)
  - Elapsed: 2.7s, Estimated remaining: 0.5s
Validation: 130/150 batches (86.9%)
  - Batch Acc: 57.81%, Running Acc: 61.41%
Validation progress: 130/150 batches (86.7%)
  - Elapsed: 2.7s, Estimated remaining: 0.4s
Validation: 135/150 batches (90.3%)
  - Batch Acc: 52.34%, Running Acc: 61.12%
Validation progress: 135/150 batches (90.0%)
  - Elapsed: 2.7s, Estimated remaining: 0.3s
Validation: 140/150 batches (93.6%)
  - Batch Acc: 33.59%, Running Acc: 61.28%
Validation progress: 140/150 batches (93.3%)
  - Elapsed: 2.8s, Estimated remaining: 0.2s
Validation: 145/150 batches (97.0%)
  - Batch Acc: 89.84%, Running Acc: 60.98%
Validation progress: 145/150 batches (96.7%)
  - Elapsed: 2.8s, Estimated remaining: 0.1s
Validation: 150/150 batches (100.3%)
  - Batch Acc: 100.00%, Running Acc: 61.76%
Validation complete in 3.29s - Loss: 2.1337, Accuracy: 0.6176

==== Epoch 7/100 ====
Starting training phase...
Training on 76639 samples...
Training: 100/599 batches (16.7%)
  - Batch Acc: 100.00%, Running Acc: 99.41%
  - Loss: 0.0090, Grad Norm: 0.1239
  - Learning Rate: 0.001000
Training: 200/599 batches (33.4%)
  - Batch Acc: 98.44%, Running Acc: 99.37%
  - Loss: 0.0730, Grad Norm: 0.4673
  - Learning Rate: 0.001000
Training: 300/599 batches (50.1%)
  - Batch Acc: 100.00%, Running Acc: 99.36%
  - Loss: 0.0111, Grad Norm: 0.1911
  - Learning Rate: 0.001000
Training: 400/599 batches (66.8%)
  - Batch Acc: 99.22%, Running Acc: 99.44%
  - Loss: 0.0135, Grad Norm: 0.2425
  - Learning Rate: 0.001000
Training: 500/599 batches (83.5%)
  - Batch Acc: 99.22%, Running Acc: 99.44%
  - Loss: 0.0296, Grad Norm: 0.3203
  - Learning Rate: 0.001000
Training: 599/599 batches (100.0%)
  - Batch Acc: 100.00%, Running Acc: 99.42%
  - Loss: 0.0032, Grad Norm: 0.0338
  - Learning Rate: 0.001000

Training phase complete
Epoch Summary:
  - Average Loss: 0.0164
  - Average Accuracy: 99.42%
  - Average Grad Norm: 0.1543
  - Final Learning Rate: 0.001000
Starting validation phase...
Starting validation on 19140 samples...
Entering no_grad block for validation
Validation progress: 0/150 batches (0.0%)
  - Elapsed: 1.5s, Estimated remaining: 0.0s
Validation: 5/150 batches (3.3%)
  - Batch Acc: 100.00%, Running Acc: 66.72%
Validation progress: 5/150 batches (3.3%)
  - Elapsed: 1.6s, Estimated remaining: 37.3s
Validation: 10/150 batches (6.7%)
  - Batch Acc: 53.12%, Running Acc: 67.97%
Validation progress: 10/150 batches (6.7%)
  - Elapsed: 1.6s, Estimated remaining: 20.3s
Validation: 15/150 batches (10.0%)
  - Batch Acc: 72.66%, Running Acc: 63.33%
Validation progress: 15/150 batches (10.0%)
  - Elapsed: 1.6s, Estimated remaining: 13.6s
Validation: 20/150 batches (13.4%)
  - Batch Acc: 67.19%, Running Acc: 67.19%
Validation progress: 20/150 batches (13.3%)
  - Elapsed: 1.7s, Estimated remaining: 10.2s
Validation: 25/150 batches (16.7%)
  - Batch Acc: 92.97%, Running Acc: 68.31%
Validation progress: 25/150 batches (16.7%)
  - Elapsed: 1.7s, Estimated remaining: 8.1s
Validation: 30/150 batches (20.1%)
  - Batch Acc: 87.50%, Running Acc: 66.43%
Validation progress: 30/150 batches (20.0%)
  - Elapsed: 1.7s, Estimated remaining: 6.7s
Validation: 35/150 batches (23.4%)
  - Batch Acc: 26.56%, Running Acc: 63.97%
Validation progress: 35/150 batches (23.3%)
  - Elapsed: 1.8s, Estimated remaining: 5.6s
Validation: 40/150 batches (26.8%)
  - Batch Acc: 89.06%, Running Acc: 66.07%
Validation progress: 40/150 batches (26.7%)
  - Elapsed: 1.8s, Estimated remaining: 4.8s
Validation: 45/150 batches (30.1%)
  - Batch Acc: 35.94%, Running Acc: 66.09%
Validation progress: 45/150 batches (30.0%)
  - Elapsed: 1.9s, Estimated remaining: 4.2s
Validation: 50/150 batches (33.4%)
  - Batch Acc: 89.06%, Running Acc: 67.28%
Validation progress: 50/150 batches (33.3%)
  - Elapsed: 1.9s, Estimated remaining: 3.7s
Validation: 55/150 batches (36.8%)
  - Batch Acc: 66.41%, Running Acc: 64.93%
Validation progress: 55/150 batches (36.7%)
  - Elapsed: 1.9s, Estimated remaining: 3.3s
Validation: 60/150 batches (40.1%)
  - Batch Acc: 99.22%, Running Acc: 65.89%
Validation progress: 60/150 batches (40.0%)
  - Elapsed: 2.0s, Estimated remaining: 2.9s
Validation: 65/150 batches (43.5%)
  - Batch Acc: 85.94%, Running Acc: 67.21%
Validation progress: 65/150 batches (43.3%)
  - Elapsed: 2.0s, Estimated remaining: 2.6s
Validation: 70/150 batches (46.8%)
  - Batch Acc: 68.75%, Running Acc: 66.64%
Validation progress: 70/150 batches (46.7%)
  - Elapsed: 2.0s, Estimated remaining: 2.3s
Validation: 75/150 batches (50.2%)
  - Batch Acc: 67.97%, Running Acc: 67.38%
Validation progress: 75/150 batches (50.0%)
  - Elapsed: 2.1s, Estimated remaining: 2.0s
Validation: 80/150 batches (53.5%)
  - Batch Acc: 62.50%, Running Acc: 65.57%
Validation progress: 80/150 batches (53.3%)
  - Elapsed: 2.1s, Estimated remaining: 1.8s
Validation: 85/150 batches (56.8%)
  - Batch Acc: 92.97%, Running Acc: 63.48%
Validation progress: 85/150 batches (56.7%)
  - Elapsed: 2.2s, Estimated remaining: 1.6s
Validation: 90/150 batches (60.2%)
  - Batch Acc: 67.19%, Running Acc: 63.89%
Validation progress: 90/150 batches (60.0%)
  - Elapsed: 2.2s, Estimated remaining: 1.4s
Validation: 95/150 batches (63.5%)
  - Batch Acc: 82.81%, Running Acc: 64.38%
Validation progress: 95/150 batches (63.3%)
  - Elapsed: 2.3s, Estimated remaining: 1.3s
Validation: 100/150 batches (66.9%)
  - Batch Acc: 53.91%, Running Acc: 65.02%
Validation progress: 100/150 batches (66.7%)
  - Elapsed: 2.3s, Estimated remaining: 1.1s
Validation: 105/150 batches (70.2%)
  - Batch Acc: 66.41%, Running Acc: 64.87%
Validation progress: 105/150 batches (70.0%)
  - Elapsed: 2.3s, Estimated remaining: 1.0s
Validation: 110/150 batches (73.6%)
  - Batch Acc: 7.81%, Running Acc: 63.70%
Validation progress: 110/150 batches (73.3%)
  - Elapsed: 2.4s, Estimated remaining: 0.8s
Validation: 115/150 batches (76.9%)
  - Batch Acc: 64.84%, Running Acc: 63.72%
Validation progress: 115/150 batches (76.7%)
  - Elapsed: 2.4s, Estimated remaining: 0.7s
Validation: 120/150 batches (80.3%)
  - Batch Acc: 75.00%, Running Acc: 63.28%
Validation progress: 120/150 batches (80.0%)
  - Elapsed: 2.4s, Estimated remaining: 0.6s
Validation: 125/150 batches (83.6%)
  - Batch Acc: 73.44%, Running Acc: 62.48%
Validation progress: 125/150 batches (83.3%)
  - Elapsed: 2.5s, Estimated remaining: 0.5s
Validation: 130/150 batches (86.9%)
  - Batch Acc: 61.72%, Running Acc: 62.75%
Validation progress: 130/150 batches (86.7%)
  - Elapsed: 2.5s, Estimated remaining: 0.4s
Validation: 135/150 batches (90.3%)
  - Batch Acc: 60.94%, Running Acc: 61.97%
Validation progress: 135/150 batches (90.0%)
  - Elapsed: 2.6s, Estimated remaining: 0.3s
Validation: 140/150 batches (93.6%)
  - Batch Acc: 64.06%, Running Acc: 62.35%
Validation progress: 140/150 batches (93.3%)
  - Elapsed: 2.6s, Estimated remaining: 0.2s
Validation: 145/150 batches (97.0%)
  - Batch Acc: 83.59%, Running Acc: 61.90%
Validation progress: 145/150 batches (96.7%)
  - Elapsed: 2.6s, Estimated remaining: 0.1s
Validation: 150/150 batches (100.3%)
  - Batch Acc: 39.71%, Running Acc: 61.89%
Validation complete in 3.08s - Loss: 2.0647, Accuracy: 0.6189

==== Epoch 8/100 ====
Starting training phase...
Training on 76639 samples...
Training: 100/599 batches (16.7%)
  - Batch Acc: 100.00%, Running Acc: 99.74%
  - Loss: 0.0020, Grad Norm: 0.0371
  - Learning Rate: 0.001000
Training: 200/599 batches (33.4%)
  - Batch Acc: 98.44%, Running Acc: 99.60%
  - Loss: 0.0207, Grad Norm: 0.3441
  - Learning Rate: 0.001000
Training: 300/599 batches (50.1%)
  - Batch Acc: 100.00%, Running Acc: 99.57%
  - Loss: 0.0074, Grad Norm: 0.0966
  - Learning Rate: 0.001000
Training: 400/599 batches (66.8%)
  - Batch Acc: 97.66%, Running Acc: 99.58%
  - Loss: 0.0933, Grad Norm: 0.4179
  - Learning Rate: 0.001000
Training: 500/599 batches (83.5%)
  - Batch Acc: 99.22%, Running Acc: 99.58%
  - Loss: 0.0244, Grad Norm: 0.2066
  - Learning Rate: 0.001000
Training: 599/599 batches (100.0%)
  - Batch Acc: 97.89%, Running Acc: 99.56%
  - Loss: 0.0520, Grad Norm: 0.5363
  - Learning Rate: 0.001000

Training phase complete
Epoch Summary:
  - Average Loss: 0.0131
  - Average Accuracy: 99.56%
  - Average Grad Norm: 0.1274
  - Final Learning Rate: 0.001000
Starting validation phase...
Starting validation on 19140 samples...
Entering no_grad block for validation
Validation progress: 0/150 batches (0.0%)
  - Elapsed: 1.4s, Estimated remaining: 0.0s
Validation: 5/150 batches (3.3%)
  - Batch Acc: 74.22%, Running Acc: 47.34%
Validation progress: 5/150 batches (3.3%)
  - Elapsed: 1.5s, Estimated remaining: 35.4s
Validation: 10/150 batches (6.7%)
  - Batch Acc: 68.75%, Running Acc: 63.67%
Validation progress: 10/150 batches (6.7%)
  - Elapsed: 1.5s, Estimated remaining: 18.9s
Validation: 15/150 batches (10.0%)
  - Batch Acc: 60.16%, Running Acc: 59.38%
Validation progress: 15/150 batches (10.0%)
  - Elapsed: 1.5s, Estimated remaining: 12.9s
Validation: 20/150 batches (13.4%)
  - Batch Acc: 91.41%, Running Acc: 66.37%
Validation progress: 20/150 batches (13.3%)
  - Elapsed: 1.6s, Estimated remaining: 9.6s
Validation: 25/150 batches (16.7%)
  - Batch Acc: 85.94%, Running Acc: 67.97%
Validation progress: 25/150 batches (16.7%)
  - Elapsed: 1.6s, Estimated remaining: 7.7s
Validation: 30/150 batches (20.1%)
  - Batch Acc: 92.97%, Running Acc: 67.01%
Validation progress: 30/150 batches (20.0%)
  - Elapsed: 1.7s, Estimated remaining: 6.4s
Validation: 35/150 batches (23.4%)
  - Batch Acc: 5.47%, Running Acc: 63.48%
Validation progress: 35/150 batches (23.3%)
  - Elapsed: 1.7s, Estimated remaining: 5.3s
Validation: 40/150 batches (26.8%)
  - Batch Acc: 77.34%, Running Acc: 64.73%
Validation progress: 40/150 batches (26.7%)
  - Elapsed: 1.7s, Estimated remaining: 4.6s
Validation: 45/150 batches (30.1%)
  - Batch Acc: 69.53%, Running Acc: 64.76%
Validation progress: 45/150 batches (30.0%)
  - Elapsed: 1.8s, Estimated remaining: 4.0s
Validation: 50/150 batches (33.4%)
  - Batch Acc: 89.06%, Running Acc: 65.31%
Validation progress: 50/150 batches (33.3%)
  - Elapsed: 1.8s, Estimated remaining: 3.5s
Validation: 55/150 batches (36.8%)
  - Batch Acc: 78.91%, Running Acc: 65.53%
Validation progress: 55/150 batches (36.7%)
  - Elapsed: 1.8s, Estimated remaining: 3.1s
Validation: 60/150 batches (40.1%)
  - Batch Acc: 100.00%, Running Acc: 66.85%
Validation progress: 60/150 batches (40.0%)
  - Elapsed: 1.9s, Estimated remaining: 2.7s
Validation: 65/150 batches (43.5%)
  - Batch Acc: 83.59%, Running Acc: 68.41%
Validation progress: 65/150 batches (43.3%)
  - Elapsed: 1.9s, Estimated remaining: 2.4s
Validation: 70/150 batches (46.8%)
  - Batch Acc: 75.00%, Running Acc: 67.82%
Validation progress: 70/150 batches (46.7%)
  - Elapsed: 1.9s, Estimated remaining: 2.2s
Validation: 75/150 batches (50.2%)
  - Batch Acc: 60.16%, Running Acc: 68.85%
Validation progress: 75/150 batches (50.0%)
  - Elapsed: 2.0s, Estimated remaining: 1.9s
Validation: 80/150 batches (53.5%)
  - Batch Acc: 66.41%, Running Acc: 66.43%
Validation progress: 80/150 batches (53.3%)
  - Elapsed: 2.0s, Estimated remaining: 1.7s
Validation: 85/150 batches (56.8%)
  - Batch Acc: 80.47%, Running Acc: 64.48%
Validation progress: 85/150 batches (56.7%)
  - Elapsed: 2.1s, Estimated remaining: 1.5s
Validation: 90/150 batches (60.2%)
  - Batch Acc: 33.59%, Running Acc: 63.92%
Validation progress: 90/150 batches (60.0%)
  - Elapsed: 2.1s, Estimated remaining: 1.4s
Validation: 95/150 batches (63.5%)
  - Batch Acc: 53.91%, Running Acc: 63.38%
Validation progress: 95/150 batches (63.3%)
  - Elapsed: 2.1s, Estimated remaining: 1.2s
Validation: 100/150 batches (66.9%)
  - Batch Acc: 25.78%, Running Acc: 63.27%
Validation progress: 100/150 batches (66.7%)
  - Elapsed: 2.2s, Estimated remaining: 1.1s
Validation: 105/150 batches (70.2%)
  - Batch Acc: 58.59%, Running Acc: 63.20%
Validation progress: 105/150 batches (70.0%)
  - Elapsed: 2.2s, Estimated remaining: 0.9s
Validation: 110/150 batches (73.6%)
  - Batch Acc: 31.25%, Running Acc: 62.93%
Validation progress: 110/150 batches (73.3%)
  - Elapsed: 2.3s, Estimated remaining: 0.8s
Validation: 115/150 batches (76.9%)
  - Batch Acc: 83.59%, Running Acc: 63.85%
Validation progress: 115/150 batches (76.7%)
  - Elapsed: 2.3s, Estimated remaining: 0.7s
Validation: 120/150 batches (80.3%)
  - Batch Acc: 100.00%, Running Acc: 63.94%
Validation progress: 120/150 batches (80.0%)
  - Elapsed: 2.3s, Estimated remaining: 0.6s
Validation: 125/150 batches (83.6%)
  - Batch Acc: 80.47%, Running Acc: 63.92%
Validation progress: 125/150 batches (83.3%)
  - Elapsed: 2.4s, Estimated remaining: 0.5s
Validation: 130/150 batches (86.9%)
  - Batch Acc: 50.78%, Running Acc: 63.59%
Validation progress: 130/150 batches (86.7%)
  - Elapsed: 2.4s, Estimated remaining: 0.4s
Validation: 135/150 batches (90.3%)
  - Batch Acc: 63.28%, Running Acc: 63.14%
Validation progress: 135/150 batches (90.0%)
  - Elapsed: 2.5s, Estimated remaining: 0.3s
Validation: 140/150 batches (93.6%)
  - Batch Acc: 64.06%, Running Acc: 63.72%
Validation progress: 140/150 batches (93.3%)
  - Elapsed: 2.5s, Estimated remaining: 0.2s
Validation: 145/150 batches (97.0%)
  - Batch Acc: 92.97%, Running Acc: 63.71%
Validation progress: 145/150 batches (96.7%)
  - Elapsed: 2.5s, Estimated remaining: 0.1s
Validation: 150/150 batches (100.3%)
  - Batch Acc: 35.29%, Running Acc: 63.62%
Validation complete in 2.91s - Loss: 2.1191, Accuracy: 0.6362

==== Epoch 9/100 ====
Starting training phase...
Training on 76639 samples...
Training: 100/599 batches (16.7%)
  - Batch Acc: 99.22%, Running Acc: 99.20%
  - Loss: 0.0111, Grad Norm: 0.1145
  - Learning Rate: 0.001000
Training: 200/599 batches (33.4%)
  - Batch Acc: 100.00%, Running Acc: 99.37%
  - Loss: 0.0078, Grad Norm: 0.0990
  - Learning Rate: 0.001000
Training: 300/599 batches (50.1%)
  - Batch Acc: 100.00%, Running Acc: 99.45%
  - Loss: 0.0017, Grad Norm: 0.0267
  - Learning Rate: 0.001000
Training: 400/599 batches (66.8%)
  - Batch Acc: 100.00%, Running Acc: 99.48%
  - Loss: 0.0014, Grad Norm: 0.0198
  - Learning Rate: 0.001000
Training: 500/599 batches (83.5%)
  - Batch Acc: 98.44%, Running Acc: 99.47%
  - Loss: 0.0846, Grad Norm: 0.4524
  - Learning Rate: 0.001000
Training: 599/599 batches (100.0%)
  - Batch Acc: 100.00%, Running Acc: 99.45%
  - Loss: 0.0011, Grad Norm: 0.0067
  - Learning Rate: 0.001000

Training phase complete
Epoch Summary:
  - Average Loss: 0.0158
  - Average Accuracy: 99.45%
  - Average Grad Norm: 0.1350
  - Final Learning Rate: 0.001000
Starting validation phase...
Starting validation on 19140 samples...
Entering no_grad block for validation
Validation progress: 0/150 batches (0.0%)
  - Elapsed: 1.5s, Estimated remaining: 0.0s
Validation: 5/150 batches (3.3%)
  - Batch Acc: 81.25%, Running Acc: 64.38%
Validation progress: 5/150 batches (3.3%)
  - Elapsed: 1.6s, Estimated remaining: 37.5s
Validation: 10/150 batches (6.7%)
  - Batch Acc: 38.28%, Running Acc: 68.12%
Validation progress: 10/150 batches (6.7%)
  - Elapsed: 1.6s, Estimated remaining: 20.4s
Validation: 15/150 batches (10.0%)
  - Batch Acc: 78.12%, Running Acc: 65.21%
Validation progress: 15/150 batches (10.0%)
  - Elapsed: 1.6s, Estimated remaining: 13.8s
Validation: 20/150 batches (13.4%)
  - Batch Acc: 81.25%, Running Acc: 70.74%
Validation progress: 20/150 batches (13.3%)
  - Elapsed: 1.7s, Estimated remaining: 10.3s
Validation: 25/150 batches (16.7%)
  - Batch Acc: 85.16%, Running Acc: 70.38%
Validation progress: 25/150 batches (16.7%)
  - Elapsed: 1.7s, Estimated remaining: 8.1s
Validation: 30/150 batches (20.1%)
  - Batch Acc: 89.06%, Running Acc: 68.96%
Validation progress: 30/150 batches (20.0%)
  - Elapsed: 1.8s, Estimated remaining: 6.7s
Validation: 35/150 batches (23.4%)
  - Batch Acc: 10.16%, Running Acc: 65.85%
Validation progress: 35/150 batches (23.3%)
  - Elapsed: 1.8s, Estimated remaining: 5.6s
Validation: 40/150 batches (26.8%)
  - Batch Acc: 87.50%, Running Acc: 67.64%
Validation progress: 40/150 batches (26.7%)
  - Elapsed: 1.8s, Estimated remaining: 4.8s
Validation: 45/150 batches (30.1%)
  - Batch Acc: 45.31%, Running Acc: 67.71%
Validation progress: 45/150 batches (30.0%)
  - Elapsed: 1.9s, Estimated remaining: 4.2s
Validation: 50/150 batches (33.4%)
  - Batch Acc: 59.38%, Running Acc: 67.94%
Validation progress: 50/150 batches (33.3%)
  - Elapsed: 1.9s, Estimated remaining: 3.7s
Validation: 55/150 batches (36.8%)
  - Batch Acc: 47.66%, Running Acc: 66.09%
Validation progress: 55/150 batches (36.7%)
  - Elapsed: 1.9s, Estimated remaining: 3.3s
Validation: 60/150 batches (40.1%)
  - Batch Acc: 92.97%, Running Acc: 66.72%
Validation progress: 60/150 batches (40.0%)
  - Elapsed: 2.0s, Estimated remaining: 2.9s
Validation: 65/150 batches (43.5%)
  - Batch Acc: 69.53%, Running Acc: 67.33%
Validation progress: 65/150 batches (43.3%)
  - Elapsed: 2.0s, Estimated remaining: 2.6s
Validation: 70/150 batches (46.8%)
  - Batch Acc: 55.47%, Running Acc: 66.23%
Validation progress: 70/150 batches (46.7%)
  - Elapsed: 2.1s, Estimated remaining: 2.3s
Validation: 75/150 batches (50.2%)
  - Batch Acc: 61.72%, Running Acc: 66.99%
Validation progress: 75/150 batches (50.0%)
  - Elapsed: 2.1s, Estimated remaining: 2.0s
Validation: 80/150 batches (53.5%)
  - Batch Acc: 65.62%, Running Acc: 65.30%
Validation progress: 80/150 batches (53.3%)
  - Elapsed: 2.1s, Estimated remaining: 1.8s
Validation: 85/150 batches (56.8%)
  - Batch Acc: 88.28%, Running Acc: 63.12%
Validation progress: 85/150 batches (56.7%)
  - Elapsed: 2.2s, Estimated remaining: 1.6s
Validation: 90/150 batches (60.2%)
  - Batch Acc: 63.28%, Running Acc: 63.45%
Validation progress: 90/150 batches (60.0%)
  - Elapsed: 2.2s, Estimated remaining: 1.4s
Validation: 95/150 batches (63.5%)
  - Batch Acc: 82.81%, Running Acc: 63.82%
Validation progress: 95/150 batches (63.3%)
  - Elapsed: 2.3s, Estimated remaining: 1.3s
Validation: 100/150 batches (66.9%)
  - Batch Acc: 32.03%, Running Acc: 63.95%
Validation progress: 100/150 batches (66.7%)
  - Elapsed: 2.3s, Estimated remaining: 1.1s
Validation: 105/150 batches (70.2%)
  - Batch Acc: 69.53%, Running Acc: 63.54%
Validation progress: 105/150 batches (70.0%)
  - Elapsed: 2.3s, Estimated remaining: 1.0s
Validation: 110/150 batches (73.6%)
  - Batch Acc: 13.28%, Running Acc: 62.43%
Validation progress: 110/150 batches (73.3%)
  - Elapsed: 2.4s, Estimated remaining: 0.8s
Validation: 115/150 batches (76.9%)
  - Batch Acc: 58.59%, Running Acc: 62.46%
Validation progress: 115/150 batches (76.7%)
  - Elapsed: 2.4s, Estimated remaining: 0.7s
Validation: 120/150 batches (80.3%)
  - Batch Acc: 88.28%, Running Acc: 62.13%
Validation progress: 120/150 batches (80.0%)
  - Elapsed: 2.5s, Estimated remaining: 0.6s
Validation: 125/150 batches (83.6%)
  - Batch Acc: 83.59%, Running Acc: 61.46%
Validation progress: 125/150 batches (83.3%)
  - Elapsed: 2.5s, Estimated remaining: 0.5s
Validation: 130/150 batches (86.9%)
  - Batch Acc: 64.06%, Running Acc: 61.81%
Validation progress: 130/150 batches (86.7%)
  - Elapsed: 2.5s, Estimated remaining: 0.4s
Validation: 135/150 batches (90.3%)
  - Batch Acc: 58.59%, Running Acc: 61.14%
Validation progress: 135/150 batches (90.0%)
  - Elapsed: 2.6s, Estimated remaining: 0.3s
Validation: 140/150 batches (93.6%)
  - Batch Acc: 69.53%, Running Acc: 61.70%
Validation progress: 140/150 batches (93.3%)
  - Elapsed: 2.6s, Estimated remaining: 0.2s
Validation: 145/150 batches (97.0%)
  - Batch Acc: 90.62%, Running Acc: 61.64%
Validation progress: 145/150 batches (96.7%)
  - Elapsed: 2.6s, Estimated remaining: 0.1s
Validation: 150/150 batches (100.3%)
  - Batch Acc: 27.94%, Running Acc: 61.71%
Validation complete in 3.08s - Loss: 2.2635, Accuracy: 0.6171

==== Epoch 10/100 ====
Starting training phase...
Training on 76639 samples...
Training: 100/599 batches (16.7%)
  - Batch Acc: 100.00%, Running Acc: 99.70%
  - Loss: 0.0017, Grad Norm: 0.0146
  - Learning Rate: 0.001000
Training: 200/599 batches (33.4%)
  - Batch Acc: 99.22%, Running Acc: 99.55%
  - Loss: 0.0155, Grad Norm: 0.2933
  - Learning Rate: 0.001000
Training: 300/599 batches (50.1%)
  - Batch Acc: 100.00%, Running Acc: 99.56%
  - Loss: 0.0044, Grad Norm: 0.0500
  - Learning Rate: 0.001000
Training: 400/599 batches (66.8%)
  - Batch Acc: 100.00%, Running Acc: 99.57%
  - Loss: 0.0014, Grad Norm: 0.0232
  - Learning Rate: 0.001000
Training: 500/599 batches (83.5%)
  - Batch Acc: 100.00%, Running Acc: 99.57%
  - Loss: 0.0009, Grad Norm: 0.0086
  - Learning Rate: 0.001000
Training: 599/599 batches (100.0%)
  - Batch Acc: 98.95%, Running Acc: 99.57%
  - Loss: 0.0159, Grad Norm: 0.3047
  - Learning Rate: 0.001000

Training phase complete
Epoch Summary:
  - Average Loss: 0.0120
  - Average Accuracy: 99.57%
  - Average Grad Norm: 0.1101
  - Final Learning Rate: 0.001000
Starting validation phase...
Starting validation on 19140 samples...
Entering no_grad block for validation
Validation progress: 0/150 batches (0.0%)
  - Elapsed: 1.5s, Estimated remaining: 0.0s
Validation: 5/150 batches (3.3%)
  - Batch Acc: 48.44%, Running Acc: 36.09%
Validation progress: 5/150 batches (3.3%)
  - Elapsed: 1.5s, Estimated remaining: 36.5s
Validation: 10/150 batches (6.7%)
  - Batch Acc: 59.38%, Running Acc: 55.08%
Validation progress: 10/150 batches (6.7%)
  - Elapsed: 1.6s, Estimated remaining: 19.9s
Validation: 15/150 batches (10.0%)
  - Batch Acc: 81.25%, Running Acc: 53.65%
Validation progress: 15/150 batches (10.0%)
  - Elapsed: 1.6s, Estimated remaining: 13.3s
Validation: 20/150 batches (13.4%)
  - Batch Acc: 88.28%, Running Acc: 60.82%
Validation progress: 20/150 batches (13.3%)
  - Elapsed: 1.6s, Estimated remaining: 10.0s
Validation: 25/150 batches (16.7%)
  - Batch Acc: 90.62%, Running Acc: 62.91%
Validation progress: 25/150 batches (16.7%)
  - Elapsed: 1.7s, Estimated remaining: 7.9s
Validation: 30/150 batches (20.1%)
  - Batch Acc: 87.50%, Running Acc: 61.90%
Validation progress: 30/150 batches (20.0%)
  - Elapsed: 1.7s, Estimated remaining: 6.6s
Validation: 35/150 batches (23.4%)
  - Batch Acc: 9.38%, Running Acc: 58.71%
Validation progress: 35/150 batches (23.3%)
  - Elapsed: 1.7s, Estimated remaining: 5.5s
Validation: 40/150 batches (26.8%)
  - Batch Acc: 78.12%, Running Acc: 60.82%
Validation progress: 40/150 batches (26.7%)
  - Elapsed: 1.8s, Estimated remaining: 4.7s
Validation: 45/150 batches (30.1%)
  - Batch Acc: 48.44%, Running Acc: 61.53%
Validation progress: 45/150 batches (30.0%)
  - Elapsed: 1.8s, Estimated remaining: 4.1s
Validation: 50/150 batches (33.4%)
  - Batch Acc: 94.53%, Running Acc: 62.27%
Validation progress: 50/150 batches (33.3%)
  - Elapsed: 1.9s, Estimated remaining: 3.6s
Validation: 55/150 batches (36.8%)
  - Batch Acc: 77.34%, Running Acc: 62.68%
Validation progress: 55/150 batches (36.7%)
  - Elapsed: 1.9s, Estimated remaining: 3.2s
Validation: 60/150 batches (40.1%)
  - Batch Acc: 94.53%, Running Acc: 64.10%
Validation progress: 60/150 batches (40.0%)
  - Elapsed: 1.9s, Estimated remaining: 2.8s
Validation: 65/150 batches (43.5%)
  - Batch Acc: 81.25%, Running Acc: 65.97%
Validation progress: 65/150 batches (43.3%)
  - Elapsed: 2.0s, Estimated remaining: 2.5s
Validation: 70/150 batches (46.8%)
  - Batch Acc: 62.50%, Running Acc: 65.36%
Validation progress: 70/150 batches (46.7%)
  - Elapsed: 2.0s, Estimated remaining: 2.2s
Validation: 75/150 batches (50.2%)
  - Batch Acc: 50.78%, Running Acc: 65.91%
Validation progress: 75/150 batches (50.0%)
  - Elapsed: 2.1s, Estimated remaining: 2.0s
Validation: 80/150 batches (53.5%)
  - Batch Acc: 55.47%, Running Acc: 63.50%
Validation progress: 80/150 batches (53.3%)
  - Elapsed: 2.1s, Estimated remaining: 1.8s
Validation: 85/150 batches (56.8%)
  - Batch Acc: 53.91%, Running Acc: 61.77%
Validation progress: 85/150 batches (56.7%)
  - Elapsed: 2.1s, Estimated remaining: 1.6s
Validation: 90/150 batches (60.2%)
  - Batch Acc: 65.62%, Running Acc: 61.63%
Validation progress: 90/150 batches (60.0%)
  - Elapsed: 2.2s, Estimated remaining: 1.4s
Validation: 95/150 batches (63.5%)
  - Batch Acc: 67.97%, Running Acc: 61.04%
Validation progress: 95/150 batches (63.3%)
  - Elapsed: 2.2s, Estimated remaining: 1.2s
Validation: 100/150 batches (66.9%)
  - Batch Acc: 24.22%, Running Acc: 60.87%
Validation progress: 100/150 batches (66.7%)
  - Elapsed: 2.3s, Estimated remaining: 1.1s
Validation: 105/150 batches (70.2%)
  - Batch Acc: 80.47%, Running Acc: 61.21%
Validation progress: 105/150 batches (70.0%)
  - Elapsed: 2.3s, Estimated remaining: 1.0s
Validation: 110/150 batches (73.6%)
  - Batch Acc: 40.62%, Running Acc: 60.84%
Validation progress: 110/150 batches (73.3%)
  - Elapsed: 2.3s, Estimated remaining: 0.8s
Validation: 115/150 batches (76.9%)
  - Batch Acc: 73.44%, Running Acc: 61.47%
Validation progress: 115/150 batches (76.7%)
  - Elapsed: 2.4s, Estimated remaining: 0.7s
Validation: 120/150 batches (80.3%)
  - Batch Acc: 94.53%, Running Acc: 61.68%
Validation progress: 120/150 batches (80.0%)
  - Elapsed: 2.4s, Estimated remaining: 0.6s
Validation: 125/150 batches (83.6%)
  - Batch Acc: 71.88%, Running Acc: 62.14%
Validation progress: 125/150 batches (83.3%)
  - Elapsed: 2.5s, Estimated remaining: 0.5s
Validation: 130/150 batches (86.9%)
  - Batch Acc: 56.25%, Running Acc: 61.96%
Validation progress: 130/150 batches (86.7%)
  - Elapsed: 2.5s, Estimated remaining: 0.4s
Validation: 135/150 batches (90.3%)
  - Batch Acc: 64.84%, Running Acc: 61.44%
Validation progress: 135/150 batches (90.0%)
  - Elapsed: 2.5s, Estimated remaining: 0.3s
Validation: 140/150 batches (93.6%)
  - Batch Acc: 21.88%, Running Acc: 61.50%
Validation progress: 140/150 batches (93.3%)
  - Elapsed: 2.6s, Estimated remaining: 0.2s
Validation: 145/150 batches (97.0%)
  - Batch Acc: 92.19%, Running Acc: 61.54%
Validation progress: 145/150 batches (96.7%)
  - Elapsed: 2.6s, Estimated remaining: 0.1s
Validation: 150/150 batches (100.3%)
  - Batch Acc: 82.35%, Running Acc: 61.96%
Validation complete in 3.05s - Loss: 2.3085, Accuracy: 0.6196

==== Epoch 11/100 ====
Starting training phase...
Training on 76639 samples...
Training: 100/599 batches (16.7%)
  - Batch Acc: 99.22%, Running Acc: 99.51%
  - Loss: 0.0122, Grad Norm: 0.1449
  - Learning Rate: 0.001000
Training: 200/599 batches (33.4%)
  - Batch Acc: 100.00%, Running Acc: 99.48%
  - Loss: 0.0026, Grad Norm: 0.0311
  - Learning Rate: 0.001000
Training: 300/599 batches (50.1%)
  - Batch Acc: 100.00%, Running Acc: 99.47%
  - Loss: 0.0061, Grad Norm: 0.0929
  - Learning Rate: 0.001000
Training: 400/599 batches (66.8%)
  - Batch Acc: 100.00%, Running Acc: 99.51%
  - Loss: 0.0017, Grad Norm: 0.0253
  - Learning Rate: 0.001000
Training: 500/599 batches (83.5%)
  - Batch Acc: 100.00%, Running Acc: 99.50%
  - Loss: 0.0111, Grad Norm: 0.1548
  - Learning Rate: 0.001000
Training: 599/599 batches (100.0%)
  - Batch Acc: 98.95%, Running Acc: 99.53%
  - Loss: 0.0126, Grad Norm: 0.3102
  - Learning Rate: 0.001000

Training phase complete
Epoch Summary:
  - Average Loss: 0.0132
  - Average Accuracy: 99.53%
  - Average Grad Norm: 0.1160
  - Final Learning Rate: 0.001000
Starting validation phase...
Starting validation on 19140 samples...
Entering no_grad block for validation
Validation progress: 0/150 batches (0.0%)
  - Elapsed: 1.5s, Estimated remaining: 0.0s
Validation: 5/150 batches (3.3%)
  - Batch Acc: 79.69%, Running Acc: 46.72%
Validation progress: 5/150 batches (3.3%)
  - Elapsed: 1.5s, Estimated remaining: 36.3s
Validation: 10/150 batches (6.7%)
  - Batch Acc: 60.94%, Running Acc: 60.31%
Validation progress: 10/150 batches (6.7%)
  - Elapsed: 1.5s, Estimated remaining: 19.5s
Validation: 15/150 batches (10.0%)
  - Batch Acc: 78.91%, Running Acc: 60.52%
Validation progress: 15/150 batches (10.0%)
  - Elapsed: 1.6s, Estimated remaining: 13.2s
Validation: 20/150 batches (13.4%)
  - Batch Acc: 93.75%, Running Acc: 66.45%
Validation progress: 20/150 batches (13.3%)
  - Elapsed: 1.6s, Estimated remaining: 10.0s
Validation: 25/150 batches (16.7%)
  - Batch Acc: 88.28%, Running Acc: 66.44%
Validation progress: 25/150 batches (16.7%)
  - Elapsed: 1.6s, Estimated remaining: 7.9s
Validation: 30/150 batches (20.1%)
  - Batch Acc: 82.03%, Running Acc: 64.66%
Validation progress: 30/150 batches (20.0%)
  - Elapsed: 1.7s, Estimated remaining: 6.5s
Validation: 35/150 batches (23.4%)
  - Batch Acc: 7.81%, Running Acc: 61.18%
Validation progress: 35/150 batches (23.3%)
  - Elapsed: 1.7s, Estimated remaining: 5.5s
Validation: 40/150 batches (26.8%)
  - Batch Acc: 87.50%, Running Acc: 63.38%
Validation progress: 40/150 batches (26.7%)
  - Elapsed: 1.8s, Estimated remaining: 4.7s
Validation: 45/150 batches (30.1%)
  - Batch Acc: 41.41%, Running Acc: 63.82%
Validation progress: 45/150 batches (30.0%)
  - Elapsed: 1.8s, Estimated remaining: 4.1s
Validation: 50/150 batches (33.4%)
  - Batch Acc: 88.28%, Running Acc: 65.61%
Validation progress: 50/150 batches (33.3%)
  - Elapsed: 1.9s, Estimated remaining: 3.6s
Validation: 55/150 batches (36.8%)
  - Batch Acc: 41.41%, Running Acc: 64.33%
Validation progress: 55/150 batches (36.7%)
  - Elapsed: 1.9s, Estimated remaining: 3.2s
Validation: 60/150 batches (40.1%)
  - Batch Acc: 96.88%, Running Acc: 64.58%
Validation progress: 60/150 batches (40.0%)
  - Elapsed: 1.9s, Estimated remaining: 2.8s
Validation: 65/150 batches (43.5%)
  - Batch Acc: 87.50%, Running Acc: 66.19%
Validation progress: 65/150 batches (43.3%)
  - Elapsed: 2.0s, Estimated remaining: 2.5s
Validation: 70/150 batches (46.8%)
  - Batch Acc: 76.56%, Running Acc: 65.62%
Validation progress: 70/150 batches (46.7%)
  - Elapsed: 2.0s, Estimated remaining: 2.2s
Validation: 75/150 batches (50.2%)
  - Batch Acc: 54.69%, Running Acc: 66.46%
Validation progress: 75/150 batches (50.0%)
  - Elapsed: 2.1s, Estimated remaining: 2.0s
Validation: 80/150 batches (53.5%)
  - Batch Acc: 60.16%, Running Acc: 64.39%
Validation progress: 80/150 batches (53.3%)
  - Elapsed: 2.1s, Estimated remaining: 1.8s
Validation: 85/150 batches (56.8%)
  - Batch Acc: 85.16%, Running Acc: 62.41%
Validation progress: 85/150 batches (56.7%)
  - Elapsed: 2.1s, Estimated remaining: 1.6s
Validation: 90/150 batches (60.2%)
  - Batch Acc: 63.28%, Running Acc: 62.01%
Validation progress: 90/150 batches (60.0%)
  - Elapsed: 2.2s, Estimated remaining: 1.4s
Validation: 95/150 batches (63.5%)
  - Batch Acc: 70.31%, Running Acc: 61.70%
Validation progress: 95/150 batches (63.3%)
  - Elapsed: 2.2s, Estimated remaining: 1.2s
Validation: 100/150 batches (66.9%)
  - Batch Acc: 21.09%, Running Acc: 62.02%
Validation progress: 100/150 batches (66.7%)
  - Elapsed: 2.3s, Estimated remaining: 1.1s
Validation: 105/150 batches (70.2%)
  - Batch Acc: 67.97%, Running Acc: 61.99%
Validation progress: 105/150 batches (70.0%)
  - Elapsed: 2.3s, Estimated remaining: 1.0s
Validation: 110/150 batches (73.6%)
  - Batch Acc: 28.12%, Running Acc: 61.29%
Validation progress: 110/150 batches (73.3%)
  - Elapsed: 2.3s, Estimated remaining: 0.8s
Validation: 115/150 batches (76.9%)
  - Batch Acc: 62.50%, Running Acc: 61.66%
Validation progress: 115/150 batches (76.7%)
  - Elapsed: 2.4s, Estimated remaining: 0.7s
Validation: 120/150 batches (80.3%)
  - Batch Acc: 84.38%, Running Acc: 61.63%
Validation progress: 120/150 batches (80.0%)
  - Elapsed: 2.4s, Estimated remaining: 0.6s
Validation: 125/150 batches (83.6%)
  - Batch Acc: 78.12%, Running Acc: 61.26%
Validation progress: 125/150 batches (83.3%)
  - Elapsed: 2.5s, Estimated remaining: 0.5s
Validation: 130/150 batches (86.9%)
  - Batch Acc: 59.38%, Running Acc: 61.27%
Validation progress: 130/150 batches (86.7%)
  - Elapsed: 2.5s, Estimated remaining: 0.4s
Validation: 135/150 batches (90.3%)
  - Batch Acc: 67.97%, Running Acc: 60.85%
Validation progress: 135/150 batches (90.0%)
  - Elapsed: 2.6s, Estimated remaining: 0.3s
Validation: 140/150 batches (93.6%)
  - Batch Acc: 46.88%, Running Acc: 61.19%
Validation progress: 140/150 batches (93.3%)
  - Elapsed: 2.6s, Estimated remaining: 0.2s
Validation: 145/150 batches (97.0%)
  - Batch Acc: 79.69%, Running Acc: 61.05%
Validation progress: 145/150 batches (96.7%)
  - Elapsed: 2.6s, Estimated remaining: 0.1s
Validation: 150/150 batches (100.3%)
  - Batch Acc: 57.35%, Running Acc: 61.25%
Validation complete in 3.08s - Loss: 2.3697, Accuracy: 0.6125

==== Epoch 12/100 ====
Starting training phase...
Training on 76639 samples...
Training: 100/599 batches (16.7%)
  - Batch Acc: 100.00%, Running Acc: 99.62%
  - Loss: 0.0179, Grad Norm: 0.1694
  - Learning Rate: 0.001000
Training: 200/599 batches (33.4%)
  - Batch Acc: 97.66%, Running Acc: 99.50%
  - Loss: 0.0368, Grad Norm: 0.1572
  - Learning Rate: 0.001000
Training: 300/599 batches (50.1%)
  - Batch Acc: 100.00%, Running Acc: 99.58%
  - Loss: 0.0005, Grad Norm: 0.0051
  - Learning Rate: 0.001000
Training: 400/599 batches (66.8%)
  - Batch Acc: 99.22%, Running Acc: 99.57%
  - Loss: 0.0109, Grad Norm: 0.1437
  - Learning Rate: 0.001000
Training: 500/599 batches (83.5%)
  - Batch Acc: 100.00%, Running Acc: 99.56%
  - Loss: 0.0015, Grad Norm: 0.0133
  - Learning Rate: 0.001000
Training: 599/599 batches (100.0%)
  - Batch Acc: 98.95%, Running Acc: 99.57%
  - Loss: 0.0245, Grad Norm: 0.3706
  - Learning Rate: 0.001000

Training phase complete
Epoch Summary:
  - Average Loss: 0.0124
  - Average Accuracy: 99.57%
  - Average Grad Norm: 0.0998
  - Final Learning Rate: 0.001000
Starting validation phase...
Starting validation on 19140 samples...
Entering no_grad block for validation
Validation progress: 0/150 batches (0.0%)
  - Elapsed: 1.5s, Estimated remaining: 0.0s
Validation: 5/150 batches (3.3%)
  - Batch Acc: 63.28%, Running Acc: 34.84%
Validation progress: 5/150 batches (3.3%)
  - Elapsed: 1.6s, Estimated remaining: 37.5s
Validation: 10/150 batches (6.7%)
  - Batch Acc: 59.38%, Running Acc: 56.25%
Validation progress: 10/150 batches (6.7%)
  - Elapsed: 1.6s, Estimated remaining: 20.1s
Validation: 15/150 batches (10.0%)
  - Batch Acc: 64.06%, Running Acc: 53.85%
Validation progress: 15/150 batches (10.0%)
  - Elapsed: 1.6s, Estimated remaining: 13.5s
Validation: 20/150 batches (13.4%)
  - Batch Acc: 79.69%, Running Acc: 59.65%
Validation progress: 20/150 batches (13.3%)
  - Elapsed: 1.6s, Estimated remaining: 10.1s
Validation: 25/150 batches (16.7%)
  - Batch Acc: 67.19%, Running Acc: 60.94%
Validation progress: 25/150 batches (16.7%)
  - Elapsed: 1.7s, Estimated remaining: 8.0s
Validation: 30/150 batches (20.1%)
  - Batch Acc: 90.62%, Running Acc: 60.60%
Validation progress: 30/150 batches (20.0%)
  - Elapsed: 1.7s, Estimated remaining: 6.6s
Validation: 35/150 batches (23.4%)
  - Batch Acc: 8.59%, Running Acc: 57.97%
Validation progress: 35/150 batches (23.3%)
  - Elapsed: 1.8s, Estimated remaining: 5.6s
Validation: 40/150 batches (26.8%)
  - Batch Acc: 82.03%, Running Acc: 60.00%
Validation progress: 40/150 batches (26.7%)
  - Elapsed: 1.8s, Estimated remaining: 4.8s
Validation: 45/150 batches (30.1%)
  - Batch Acc: 38.28%, Running Acc: 60.10%
Validation progress: 45/150 batches (30.0%)
  - Elapsed: 1.8s, Estimated remaining: 4.2s
Validation: 50/150 batches (33.4%)
  - Batch Acc: 91.41%, Running Acc: 60.89%
Validation progress: 50/150 batches (33.3%)
  - Elapsed: 1.9s, Estimated remaining: 3.7s
Validation: 55/150 batches (36.8%)
  - Batch Acc: 76.56%, Running Acc: 61.58%
Validation progress: 55/150 batches (36.7%)
  - Elapsed: 1.9s, Estimated remaining: 3.2s
Validation: 60/150 batches (40.1%)
  - Batch Acc: 97.66%, Running Acc: 63.50%
Validation progress: 60/150 batches (40.0%)
  - Elapsed: 2.0s, Estimated remaining: 2.9s
Validation: 65/150 batches (43.5%)
  - Batch Acc: 88.28%, Running Acc: 65.61%
Validation progress: 65/150 batches (43.3%)
  - Elapsed: 2.0s, Estimated remaining: 2.6s
Validation: 70/150 batches (46.8%)
  - Batch Acc: 86.72%, Running Acc: 65.57%
Validation progress: 70/150 batches (46.7%)
  - Elapsed: 2.1s, Estimated remaining: 2.3s
Validation: 75/150 batches (50.2%)
  - Batch Acc: 53.91%, Running Acc: 66.52%
Validation progress: 75/150 batches (50.0%)
  - Elapsed: 2.1s, Estimated remaining: 2.0s
Validation: 80/150 batches (53.5%)
  - Batch Acc: 52.34%, Running Acc: 63.64%
Validation progress: 80/150 batches (53.3%)
  - Elapsed: 2.1s, Estimated remaining: 1.8s
Validation: 85/150 batches (56.8%)
  - Batch Acc: 42.19%, Running Acc: 60.80%
Validation progress: 85/150 batches (56.7%)
  - Elapsed: 2.2s, Estimated remaining: 1.6s
Validation: 90/150 batches (60.2%)
  - Batch Acc: 47.66%, Running Acc: 60.48%
Validation progress: 90/150 batches (60.0%)
  - Elapsed: 2.2s, Estimated remaining: 1.4s
Validation: 95/150 batches (63.5%)
  - Batch Acc: 33.59%, Running Acc: 59.66%
Validation progress: 95/150 batches (63.3%)
  - Elapsed: 2.3s, Estimated remaining: 1.3s
Validation: 100/150 batches (66.9%)
  - Batch Acc: 14.84%, Running Acc: 59.49%
Validation progress: 100/150 batches (66.7%)
  - Elapsed: 2.3s, Estimated remaining: 1.1s
Validation: 105/150 batches (70.2%)
  - Batch Acc: 68.75%, Running Acc: 59.72%
Validation progress: 105/150 batches (70.0%)
  - Elapsed: 2.3s, Estimated remaining: 1.0s
Validation: 110/150 batches (73.6%)
  - Batch Acc: 48.44%, Running Acc: 59.52%
Validation progress: 110/150 batches (73.3%)
  - Elapsed: 2.4s, Estimated remaining: 0.8s
Validation: 115/150 batches (76.9%)
  - Batch Acc: 71.88%, Running Acc: 60.31%
Validation progress: 115/150 batches (76.7%)
  - Elapsed: 2.4s, Estimated remaining: 0.7s
Validation: 120/150 batches (80.3%)
  - Batch Acc: 92.19%, Running Acc: 60.49%
Validation progress: 120/150 batches (80.0%)
  - Elapsed: 2.5s, Estimated remaining: 0.6s
Validation: 125/150 batches (83.6%)
  - Batch Acc: 70.31%, Running Acc: 60.71%
Validation progress: 125/150 batches (83.3%)
  - Elapsed: 2.5s, Estimated remaining: 0.5s
Validation: 130/150 batches (86.9%)
  - Batch Acc: 50.78%, Running Acc: 60.41%
Validation progress: 130/150 batches (86.7%)
  - Elapsed: 2.5s, Estimated remaining: 0.4s
Validation: 135/150 batches (90.3%)
  - Batch Acc: 65.62%, Running Acc: 60.16%
Validation progress: 135/150 batches (90.0%)
  - Elapsed: 2.6s, Estimated remaining: 0.3s
Validation: 140/150 batches (93.6%)
  - Batch Acc: 68.75%, Running Acc: 60.65%
Validation progress: 140/150 batches (93.3%)
  - Elapsed: 2.6s, Estimated remaining: 0.2s
Validation: 145/150 batches (97.0%)
  - Batch Acc: 77.34%, Running Acc: 60.71%
Validation progress: 145/150 batches (96.7%)
  - Elapsed: 2.7s, Estimated remaining: 0.1s
Validation: 150/150 batches (100.3%)
  - Batch Acc: 95.59%, Running Acc: 61.10%
Validation complete in 3.12s - Loss: 2.2090, Accuracy: 0.6110

==== Epoch 13/100 ====
Starting training phase...
Training on 76639 samples...
Training: 100/599 batches (16.7%)
  - Batch Acc: 98.44%, Running Acc: 99.70%
  - Loss: 0.0175, Grad Norm: 0.1662
  - Learning Rate: 0.001000
Training: 200/599 batches (33.4%)
  - Batch Acc: 99.22%, Running Acc: 99.68%
  - Loss: 0.0126, Grad Norm: 0.1576
  - Learning Rate: 0.001000
Training: 300/599 batches (50.1%)
  - Batch Acc: 100.00%, Running Acc: 99.63%
  - Loss: 0.0008, Grad Norm: 0.0064
  - Learning Rate: 0.001000
Training: 400/599 batches (66.8%)
  - Batch Acc: 99.22%, Running Acc: 99.64%
  - Loss: 0.0432, Grad Norm: 0.2398
  - Learning Rate: 0.001000
Training: 500/599 batches (83.5%)
  - Batch Acc: 100.00%, Running Acc: 99.64%
  - Loss: 0.0014, Grad Norm: 0.0188
  - Learning Rate: 0.001000
Training: 599/599 batches (100.0%)
  - Batch Acc: 100.00%, Running Acc: 99.62%
  - Loss: 0.0043, Grad Norm: 0.0531
  - Learning Rate: 0.001000

Training phase complete
Epoch Summary:
  - Average Loss: 0.0105
  - Average Accuracy: 99.62%
  - Average Grad Norm: 0.0930
  - Final Learning Rate: 0.001000
Starting validation phase...
Starting validation on 19140 samples...
Entering no_grad block for validation
Validation progress: 0/150 batches (0.0%)
  - Elapsed: 1.4s, Estimated remaining: 0.0s
Validation: 5/150 batches (3.3%)
  - Batch Acc: 88.28%, Running Acc: 51.41%
Validation progress: 5/150 batches (3.3%)
  - Elapsed: 2.3s, Estimated remaining: 55.6s
Validation: 10/150 batches (6.7%)
  - Batch Acc: 62.50%, Running Acc: 61.25%
Validation progress: 10/150 batches (6.7%)
  - Elapsed: 2.3s, Estimated remaining: 29.5s
Validation: 15/150 batches (10.0%)
  - Batch Acc: 70.31%, Running Acc: 58.54%
Validation progress: 15/150 batches (10.0%)
  - Elapsed: 2.4s, Estimated remaining: 19.7s
Validation: 20/150 batches (13.4%)
  - Batch Acc: 70.31%, Running Acc: 63.12%
Validation progress: 20/150 batches (13.3%)
  - Elapsed: 2.4s, Estimated remaining: 14.6s
Validation: 25/150 batches (16.7%)
  - Batch Acc: 92.19%, Running Acc: 63.34%
Validation progress: 25/150 batches (16.7%)
  - Elapsed: 2.4s, Estimated remaining: 11.6s
Validation: 30/150 batches (20.1%)
  - Batch Acc: 94.53%, Running Acc: 63.88%
Validation progress: 30/150 batches (20.0%)
  - Elapsed: 2.5s, Estimated remaining: 9.6s
Validation: 35/150 batches (23.4%)
  - Batch Acc: 21.09%, Running Acc: 61.85%
Validation progress: 35/150 batches (23.3%)
  - Elapsed: 2.5s, Estimated remaining: 8.0s
Validation: 40/150 batches (26.8%)
  - Batch Acc: 92.97%, Running Acc: 63.89%
Validation progress: 40/150 batches (26.7%)
  - Elapsed: 2.6s, Estimated remaining: 6.8s
Validation: 45/150 batches (30.1%)
  - Batch Acc: 47.66%, Running Acc: 64.18%
Validation progress: 45/150 batches (30.0%)
  - Elapsed: 2.6s, Estimated remaining: 5.9s
Validation: 50/150 batches (33.4%)
  - Batch Acc: 83.59%, Running Acc: 64.89%
Validation progress: 50/150 batches (33.3%)
  - Elapsed: 2.7s, Estimated remaining: 5.2s
Validation: 55/150 batches (36.8%)
  - Batch Acc: 56.25%, Running Acc: 63.66%
Validation progress: 55/150 batches (36.7%)
  - Elapsed: 2.7s, Estimated remaining: 4.5s
Validation: 60/150 batches (40.1%)
  - Batch Acc: 97.66%, Running Acc: 64.09%
Validation progress: 60/150 batches (40.0%)
  - Elapsed: 2.7s, Estimated remaining: 4.0s
Validation: 65/150 batches (43.5%)
  - Batch Acc: 78.91%, Running Acc: 65.13%
Validation progress: 65/150 batches (43.3%)
  - Elapsed: 2.8s, Estimated remaining: 3.5s
Validation: 70/150 batches (46.8%)
  - Batch Acc: 78.91%, Running Acc: 64.72%
Validation progress: 70/150 batches (46.7%)
  - Elapsed: 2.8s, Estimated remaining: 3.1s
Validation: 75/150 batches (50.2%)
  - Batch Acc: 65.62%, Running Acc: 65.79%
Validation progress: 75/150 batches (50.0%)
  - Elapsed: 2.9s, Estimated remaining: 2.8s
Validation: 80/150 batches (53.5%)
  - Batch Acc: 60.94%, Running Acc: 63.84%
Validation progress: 80/150 batches (53.3%)
  - Elapsed: 2.9s, Estimated remaining: 2.5s
Validation: 85/150 batches (56.8%)
  - Batch Acc: 82.81%, Running Acc: 61.72%
Validation progress: 85/150 batches (56.7%)
  - Elapsed: 2.9s, Estimated remaining: 2.2s
Validation: 90/150 batches (60.2%)
  - Batch Acc: 60.16%, Running Acc: 61.98%
Validation progress: 90/150 batches (60.0%)
  - Elapsed: 3.0s, Estimated remaining: 1.9s
Validation: 95/150 batches (63.5%)
  - Batch Acc: 92.19%, Running Acc: 62.00%
Validation progress: 95/150 batches (63.3%)
  - Elapsed: 3.0s, Estimated remaining: 1.7s
Validation: 100/150 batches (66.9%)
  - Batch Acc: 17.97%, Running Acc: 62.16%
Validation progress: 100/150 batches (66.7%)
  - Elapsed: 3.1s, Estimated remaining: 1.5s
Validation: 105/150 batches (70.2%)
  - Batch Acc: 66.41%, Running Acc: 62.20%
Validation progress: 105/150 batches (70.0%)
  - Elapsed: 3.1s, Estimated remaining: 1.3s
Validation: 110/150 batches (73.6%)
  - Batch Acc: 32.03%, Running Acc: 61.43%
Validation progress: 110/150 batches (73.3%)
  - Elapsed: 3.1s, Estimated remaining: 1.1s
Validation: 115/150 batches (76.9%)
  - Batch Acc: 67.19%, Running Acc: 62.07%
Validation progress: 115/150 batches (76.7%)
  - Elapsed: 3.2s, Estimated remaining: 0.9s
Validation: 120/150 batches (80.3%)
  - Batch Acc: 92.19%, Running Acc: 62.29%
Validation progress: 120/150 batches (80.0%)
  - Elapsed: 3.2s, Estimated remaining: 0.8s
Validation: 125/150 batches (83.6%)
  - Batch Acc: 77.34%, Running Acc: 61.69%
Validation progress: 125/150 batches (83.3%)
  - Elapsed: 3.3s, Estimated remaining: 0.6s
Validation: 130/150 batches (86.9%)
  - Batch Acc: 73.44%, Running Acc: 61.89%
Validation progress: 130/150 batches (86.7%)
  - Elapsed: 3.3s, Estimated remaining: 0.5s
Validation: 135/150 batches (90.3%)
  - Batch Acc: 67.97%, Running Acc: 61.58%
Validation progress: 135/150 batches (90.0%)
  - Elapsed: 3.3s, Estimated remaining: 0.3s
Validation: 140/150 batches (93.6%)
  - Batch Acc: 58.59%, Running Acc: 61.89%
Validation progress: 140/150 batches (93.3%)
  - Elapsed: 3.4s, Estimated remaining: 0.2s
Validation: 145/150 batches (97.0%)
  - Batch Acc: 85.16%, Running Acc: 61.71%
Validation progress: 145/150 batches (96.7%)
  - Elapsed: 3.4s, Estimated remaining: 0.1s
Validation: 150/150 batches (100.3%)
  - Batch Acc: 52.94%, Running Acc: 61.90%
Validation complete in 3.87s - Loss: 2.2411, Accuracy: 0.6190

==== Epoch 14/100 ====
Starting training phase...
Training on 76639 samples...
Training: 100/599 batches (16.7%)
  - Batch Acc: 100.00%, Running Acc: 99.73%
  - Loss: 0.0062, Grad Norm: 0.0760
  - Learning Rate: 0.001000
Training: 200/599 batches (33.4%)
  - Batch Acc: 100.00%, Running Acc: 99.68%
  - Loss: 0.0009, Grad Norm: 0.0090
  - Learning Rate: 0.001000
Training: 300/599 batches (50.1%)
  - Batch Acc: 99.22%, Running Acc: 99.70%
  - Loss: 0.0471, Grad Norm: 0.2339
  - Learning Rate: 0.001000
Training: 400/599 batches (66.8%)
  - Batch Acc: 99.22%, Running Acc: 99.71%
  - Loss: 0.0418, Grad Norm: 0.2238
  - Learning Rate: 0.001000
Training: 500/599 batches (83.5%)
  - Batch Acc: 99.22%, Running Acc: 99.73%
  - Loss: 0.0102, Grad Norm: 0.0926
  - Learning Rate: 0.001000
Training: 599/599 batches (100.0%)
  - Batch Acc: 100.00%, Running Acc: 99.66%
  - Loss: 0.0050, Grad Norm: 0.0202
  - Learning Rate: 0.001000

Training phase complete
Epoch Summary:
  - Average Loss: 0.0099
  - Average Accuracy: 99.66%
  - Average Grad Norm: 0.0878
  - Final Learning Rate: 0.001000
Starting validation phase...
Starting validation on 19140 samples...
Entering no_grad block for validation
Validation progress: 0/150 batches (0.0%)
  - Elapsed: 1.5s, Estimated remaining: 0.0s
Validation: 5/150 batches (3.3%)
  - Batch Acc: 99.22%, Running Acc: 57.81%
Validation progress: 5/150 batches (3.3%)
  - Elapsed: 1.5s, Estimated remaining: 36.7s
Validation: 10/150 batches (6.7%)
  - Batch Acc: 67.19%, Running Acc: 65.47%
Validation progress: 10/150 batches (6.7%)
  - Elapsed: 1.6s, Estimated remaining: 20.0s
Validation: 15/150 batches (10.0%)
  - Batch Acc: 69.53%, Running Acc: 63.49%
Validation progress: 15/150 batches (10.0%)
  - Elapsed: 1.6s, Estimated remaining: 13.5s
Validation: 20/150 batches (13.4%)
  - Batch Acc: 78.12%, Running Acc: 67.38%
Validation progress: 20/150 batches (13.3%)
  - Elapsed: 1.6s, Estimated remaining: 10.1s
Validation: 25/150 batches (16.7%)
  - Batch Acc: 93.75%, Running Acc: 68.84%
Validation progress: 25/150 batches (16.7%)
  - Elapsed: 1.7s, Estimated remaining: 8.0s
Validation: 30/150 batches (20.1%)
  - Batch Acc: 82.81%, Running Acc: 67.81%
Validation progress: 30/150 batches (20.0%)
  - Elapsed: 1.7s, Estimated remaining: 6.7s
Validation: 35/150 batches (23.4%)
  - Batch Acc: 25.00%, Running Acc: 65.13%
Validation progress: 35/150 batches (23.3%)
  - Elapsed: 1.8s, Estimated remaining: 5.6s
Validation: 40/150 batches (26.8%)
  - Batch Acc: 87.50%, Running Acc: 66.29%
Validation progress: 40/150 batches (26.7%)
  - Elapsed: 1.8s, Estimated remaining: 4.9s
Validation: 45/150 batches (30.1%)
  - Batch Acc: 64.84%, Running Acc: 66.30%
Validation progress: 45/150 batches (30.0%)
  - Elapsed: 1.9s, Estimated remaining: 4.2s
Validation: 50/150 batches (33.4%)
  - Batch Acc: 80.47%, Running Acc: 68.02%
Validation progress: 50/150 batches (33.3%)
  - Elapsed: 1.9s, Estimated remaining: 3.7s
Validation: 55/150 batches (36.8%)
  - Batch Acc: 57.03%, Running Acc: 66.39%
Validation progress: 55/150 batches (36.7%)
  - Elapsed: 1.9s, Estimated remaining: 3.2s
Validation: 60/150 batches (40.1%)
  - Batch Acc: 100.00%, Running Acc: 66.93%
Validation progress: 60/150 batches (40.0%)
  - Elapsed: 2.0s, Estimated remaining: 2.9s
Validation: 65/150 batches (43.5%)
  - Batch Acc: 75.00%, Running Acc: 67.78%
Validation progress: 65/150 batches (43.3%)
  - Elapsed: 2.0s, Estimated remaining: 2.6s
Validation: 70/150 batches (46.8%)
  - Batch Acc: 60.16%, Running Acc: 67.10%
Validation progress: 70/150 batches (46.7%)
  - Elapsed: 2.1s, Estimated remaining: 2.3s
Validation: 75/150 batches (50.2%)
  - Batch Acc: 58.59%, Running Acc: 67.76%
Validation progress: 75/150 batches (50.0%)
  - Elapsed: 2.1s, Estimated remaining: 2.0s
Validation: 80/150 batches (53.5%)
  - Batch Acc: 57.03%, Running Acc: 66.09%
Validation progress: 80/150 batches (53.3%)
  - Elapsed: 2.1s, Estimated remaining: 1.8s
Validation: 85/150 batches (56.8%)
  - Batch Acc: 90.62%, Running Acc: 63.81%
Validation progress: 85/150 batches (56.7%)
  - Elapsed: 2.2s, Estimated remaining: 1.6s
Validation: 90/150 batches (60.2%)
  - Batch Acc: 65.62%, Running Acc: 64.31%
Validation progress: 90/150 batches (60.0%)
  - Elapsed: 2.2s, Estimated remaining: 1.4s
Validation: 95/150 batches (63.5%)
  - Batch Acc: 100.00%, Running Acc: 64.88%
Validation progress: 95/150 batches (63.3%)
  - Elapsed: 2.3s, Estimated remaining: 1.3s
Validation: 100/150 batches (66.9%)
  - Batch Acc: 44.53%, Running Acc: 64.91%
Validation progress: 100/150 batches (66.7%)
  - Elapsed: 2.3s, Estimated remaining: 1.1s
Validation: 105/150 batches (70.2%)
  - Batch Acc: 53.12%, Running Acc: 64.61%
Validation progress: 105/150 batches (70.0%)
  - Elapsed: 2.3s, Estimated remaining: 1.0s
Validation: 110/150 batches (73.6%)
  - Batch Acc: 10.94%, Running Acc: 63.54%
Validation progress: 110/150 batches (73.3%)
  - Elapsed: 2.4s, Estimated remaining: 0.8s
Validation: 115/150 batches (76.9%)
  - Batch Acc: 54.69%, Running Acc: 63.99%
Validation progress: 115/150 batches (76.7%)
  - Elapsed: 2.4s, Estimated remaining: 0.7s
Validation: 120/150 batches (80.3%)
  - Batch Acc: 95.31%, Running Acc: 63.83%
Validation progress: 120/150 batches (80.0%)
  - Elapsed: 2.4s, Estimated remaining: 0.6s
Validation: 125/150 batches (83.6%)
  - Batch Acc: 85.16%, Running Acc: 62.91%
Validation progress: 125/150 batches (83.3%)
  - Elapsed: 2.5s, Estimated remaining: 0.5s
Validation: 130/150 batches (86.9%)
  - Batch Acc: 60.94%, Running Acc: 63.13%
Validation progress: 130/150 batches (86.7%)
  - Elapsed: 2.5s, Estimated remaining: 0.4s
Validation: 135/150 batches (90.3%)
  - Batch Acc: 60.16%, Running Acc: 62.18%
Validation progress: 135/150 batches (90.0%)
  - Elapsed: 2.6s, Estimated remaining: 0.3s
Validation: 140/150 batches (93.6%)
  - Batch Acc: 57.03%, Running Acc: 62.55%
Validation progress: 140/150 batches (93.3%)
  - Elapsed: 2.6s, Estimated remaining: 0.2s
Validation: 145/150 batches (97.0%)
  - Batch Acc: 83.59%, Running Acc: 62.28%
Validation progress: 145/150 batches (96.7%)
  - Elapsed: 2.7s, Estimated remaining: 0.1s
Validation: 150/150 batches (100.3%)
  - Batch Acc: 36.76%, Running Acc: 62.50%
Validation complete in 3.08s - Loss: 2.1200, Accuracy: 0.6250

==== Epoch 15/100 ====
Starting training phase...
Training on 76639 samples...
Training: 100/599 batches (16.7%)
  - Batch Acc: 100.00%, Running Acc: 99.78%
  - Loss: 0.0018, Grad Norm: 0.0292
  - Learning Rate: 0.001000
Training: 200/599 batches (33.4%)
  - Batch Acc: 100.00%, Running Acc: 99.82%
  - Loss: 0.0043, Grad Norm: 0.0837
  - Learning Rate: 0.001000
Training: 300/599 batches (50.1%)
  - Batch Acc: 99.22%, Running Acc: 99.74%
  - Loss: 0.0127, Grad Norm: 0.2427
  - Learning Rate: 0.001000
Training: 400/599 batches (66.8%)
  - Batch Acc: 100.00%, Running Acc: 99.72%
  - Loss: 0.0080, Grad Norm: 0.0457
  - Learning Rate: 0.001000
Training: 500/599 batches (83.5%)
  - Batch Acc: 100.00%, Running Acc: 99.71%
  - Loss: 0.0065, Grad Norm: 0.1089
  - Learning Rate: 0.001000
Training: 599/599 batches (100.0%)
  - Batch Acc: 100.00%, Running Acc: 99.71%
  - Loss: 0.0051, Grad Norm: 0.0943
  - Learning Rate: 0.001000

Training phase complete
Epoch Summary:
  - Average Loss: 0.0082
  - Average Accuracy: 99.71%
  - Average Grad Norm: 0.0785
  - Final Learning Rate: 0.001000
Starting validation phase...
Starting validation on 19140 samples...
Entering no_grad block for validation
Validation progress: 0/150 batches (0.0%)
  - Elapsed: 1.5s, Estimated remaining: 0.0s
Validation: 5/150 batches (3.3%)
  - Batch Acc: 85.16%, Running Acc: 60.00%
Validation progress: 5/150 batches (3.3%)
  - Elapsed: 1.5s, Estimated remaining: 36.7s
Validation: 10/150 batches (6.7%)
  - Batch Acc: 59.38%, Running Acc: 68.91%
Validation progress: 10/150 batches (6.7%)
  - Elapsed: 1.6s, Estimated remaining: 19.9s
Validation: 15/150 batches (10.0%)
  - Batch Acc: 78.12%, Running Acc: 64.38%
Validation progress: 15/150 batches (10.0%)
  - Elapsed: 1.6s, Estimated remaining: 13.3s
Validation: 20/150 batches (13.4%)
  - Batch Acc: 75.78%, Running Acc: 68.28%
Validation progress: 20/150 batches (13.3%)
  - Elapsed: 1.6s, Estimated remaining: 10.0s
Validation: 25/150 batches (16.7%)
  - Batch Acc: 99.22%, Running Acc: 69.47%
Validation progress: 25/150 batches (16.7%)
  - Elapsed: 1.7s, Estimated remaining: 8.0s
Validation: 30/150 batches (20.1%)
  - Batch Acc: 91.41%, Running Acc: 68.02%
Validation progress: 30/150 batches (20.0%)
  - Elapsed: 1.7s, Estimated remaining: 6.5s
Validation: 35/150 batches (23.4%)
  - Batch Acc: 14.84%, Running Acc: 64.38%
Validation progress: 35/150 batches (23.3%)
  - Elapsed: 1.7s, Estimated remaining: 5.5s
Validation: 40/150 batches (26.8%)
  - Batch Acc: 78.12%, Running Acc: 65.94%
Validation progress: 40/150 batches (26.7%)
  - Elapsed: 1.8s, Estimated remaining: 4.7s
Validation: 45/150 batches (30.1%)
  - Batch Acc: 67.97%, Running Acc: 66.53%
Validation progress: 45/150 batches (30.0%)
  - Elapsed: 1.8s, Estimated remaining: 4.1s
Validation: 50/150 batches (33.4%)
  - Batch Acc: 75.00%, Running Acc: 66.80%
Validation progress: 50/150 batches (33.3%)
  - Elapsed: 1.9s, Estimated remaining: 3.6s
Validation: 55/150 batches (36.8%)
  - Batch Acc: 60.16%, Running Acc: 65.48%
Validation progress: 55/150 batches (36.7%)
  - Elapsed: 1.9s, Estimated remaining: 3.2s
Validation: 60/150 batches (40.1%)
  - Batch Acc: 99.22%, Running Acc: 66.52%
Validation progress: 60/150 batches (40.0%)
  - Elapsed: 1.9s, Estimated remaining: 2.8s
Validation: 65/150 batches (43.5%)
  - Batch Acc: 73.44%, Running Acc: 67.51%
Validation progress: 65/150 batches (43.3%)
  - Elapsed: 2.0s, Estimated remaining: 2.5s
Validation: 70/150 batches (46.8%)
  - Batch Acc: 71.88%, Running Acc: 66.98%
Validation progress: 70/150 batches (46.7%)
  - Elapsed: 2.0s, Estimated remaining: 2.3s
Validation: 75/150 batches (50.2%)
  - Batch Acc: 61.72%, Running Acc: 68.10%
Validation progress: 75/150 batches (50.0%)
  - Elapsed: 2.1s, Estimated remaining: 2.0s
Validation: 80/150 batches (53.5%)
  - Batch Acc: 62.50%, Running Acc: 66.03%
Validation progress: 80/150 batches (53.3%)
  - Elapsed: 2.1s, Estimated remaining: 1.8s
Validation: 85/150 batches (56.8%)
  - Batch Acc: 82.03%, Running Acc: 63.98%
Validation progress: 85/150 batches (56.7%)
  - Elapsed: 2.2s, Estimated remaining: 1.6s
Validation: 90/150 batches (60.2%)
  - Batch Acc: 39.06%, Running Acc: 63.67%
Validation progress: 90/150 batches (60.0%)
  - Elapsed: 2.2s, Estimated remaining: 1.4s
Validation: 95/150 batches (63.5%)
  - Batch Acc: 71.09%, Running Acc: 63.20%
Validation progress: 95/150 batches (63.3%)
  - Elapsed: 2.2s, Estimated remaining: 1.3s
Validation: 100/150 batches (66.9%)
  - Batch Acc: 38.28%, Running Acc: 63.05%
Validation progress: 100/150 batches (66.7%)
  - Elapsed: 2.3s, Estimated remaining: 1.1s
Validation: 105/150 batches (70.2%)
  - Batch Acc: 47.66%, Running Acc: 63.09%
Validation progress: 105/150 batches (70.0%)
  - Elapsed: 2.3s, Estimated remaining: 1.0s
Validation: 110/150 batches (73.6%)
  - Batch Acc: 12.50%, Running Acc: 62.16%
Validation progress: 110/150 batches (73.3%)
  - Elapsed: 2.4s, Estimated remaining: 0.8s
Validation: 115/150 batches (76.9%)
  - Batch Acc: 60.94%, Running Acc: 62.71%
Validation progress: 115/150 batches (76.7%)
  - Elapsed: 2.4s, Estimated remaining: 0.7s
Validation: 120/150 batches (80.3%)
  - Batch Acc: 97.66%, Running Acc: 62.88%
Validation progress: 120/150 batches (80.0%)
  - Elapsed: 2.4s, Estimated remaining: 0.6s
Validation: 125/150 batches (83.6%)
  - Batch Acc: 75.00%, Running Acc: 62.21%
Validation progress: 125/150 batches (83.3%)
  - Elapsed: 2.5s, Estimated remaining: 0.5s
Validation: 130/150 batches (86.9%)
  - Batch Acc: 67.97%, Running Acc: 62.24%
Validation progress: 130/150 batches (86.7%)
  - Elapsed: 2.5s, Estimated remaining: 0.4s
Validation: 135/150 batches (90.3%)
  - Batch Acc: 60.16%, Running Acc: 61.81%
Validation progress: 135/150 batches (90.0%)
  - Elapsed: 2.6s, Estimated remaining: 0.3s
Validation: 140/150 batches (93.6%)
  - Batch Acc: 65.62%, Running Acc: 62.32%
Validation progress: 140/150 batches (93.3%)
  - Elapsed: 2.6s, Estimated remaining: 0.2s
Validation: 145/150 batches (97.0%)
  - Batch Acc: 83.59%, Running Acc: 62.30%
Validation progress: 145/150 batches (96.7%)
  - Elapsed: 2.7s, Estimated remaining: 0.1s
Validation: 150/150 batches (100.3%)
  - Batch Acc: 57.35%, Running Acc: 62.51%
Validation complete in 3.08s - Loss: 2.3761, Accuracy: 0.6251

==== Epoch 16/100 ====
Starting training phase...
Training on 76639 samples...
Training: 100/599 batches (16.7%)
  - Batch Acc: 100.00%, Running Acc: 99.77%
  - Loss: 0.0014, Grad Norm: 0.0234
  - Learning Rate: 0.001000
Training: 200/599 batches (33.4%)
  - Batch Acc: 100.00%, Running Acc: 99.72%
  - Loss: 0.0015, Grad Norm: 0.0118
  - Learning Rate: 0.001000
Training: 300/599 batches (50.1%)
  - Batch Acc: 100.00%, Running Acc: 99.69%
  - Loss: 0.0017, Grad Norm: 0.0124
  - Learning Rate: 0.001000
Training: 400/599 batches (66.8%)
  - Batch Acc: 100.00%, Running Acc: 99.71%
  - Loss: 0.0003, Grad Norm: 0.0026
  - Learning Rate: 0.001000
Training: 500/599 batches (83.5%)
  - Batch Acc: 100.00%, Running Acc: 99.71%
  - Loss: 0.0025, Grad Norm: 0.0387
  - Learning Rate: 0.001000
Training: 599/599 batches (100.0%)
  - Batch Acc: 100.00%, Running Acc: 99.72%
  - Loss: 0.0002, Grad Norm: 0.0014
  - Learning Rate: 0.001000

Training phase complete
Epoch Summary:
  - Average Loss: 0.0078
  - Average Accuracy: 99.72%
  - Average Grad Norm: 0.0762
  - Final Learning Rate: 0.001000
Starting validation phase...
Starting validation on 19140 samples...
Entering no_grad block for validation
Validation progress: 0/150 batches (0.0%)
  - Elapsed: 1.4s, Estimated remaining: 0.0s
Validation: 5/150 batches (3.3%)
  - Batch Acc: 68.75%, Running Acc: 37.50%
Validation progress: 5/150 batches (3.3%)
  - Elapsed: 1.5s, Estimated remaining: 36.6s
Validation: 10/150 batches (6.7%)
  - Batch Acc: 57.03%, Running Acc: 59.53%
Validation progress: 10/150 batches (6.7%)
  - Elapsed: 1.6s, Estimated remaining: 19.7s
Validation: 15/150 batches (10.0%)
  - Batch Acc: 73.44%, Running Acc: 55.83%
Validation progress: 15/150 batches (10.0%)
  - Elapsed: 1.6s, Estimated remaining: 13.4s
Validation: 20/150 batches (13.4%)
  - Batch Acc: 92.97%, Running Acc: 62.30%
Validation progress: 20/150 batches (13.3%)
  - Elapsed: 1.6s, Estimated remaining: 10.0s
Validation: 25/150 batches (16.7%)
  - Batch Acc: 76.56%, Running Acc: 65.03%
Validation progress: 25/150 batches (16.7%)
  - Elapsed: 1.7s, Estimated remaining: 8.0s
Validation: 30/150 batches (20.1%)
  - Batch Acc: 87.50%, Running Acc: 64.48%
Validation progress: 30/150 batches (20.0%)
  - Elapsed: 1.7s, Estimated remaining: 6.6s
Validation: 35/150 batches (23.4%)
  - Batch Acc: 10.94%, Running Acc: 60.94%
Validation progress: 35/150 batches (23.3%)
  - Elapsed: 1.7s, Estimated remaining: 5.5s
Validation: 40/150 batches (26.8%)
  - Batch Acc: 72.66%, Running Acc: 62.68%
Validation progress: 40/150 batches (26.7%)
  - Elapsed: 1.8s, Estimated remaining: 4.7s
Validation: 45/150 batches (30.1%)
  - Batch Acc: 49.22%, Running Acc: 63.26%
Validation progress: 45/150 batches (30.0%)
  - Elapsed: 1.8s, Estimated remaining: 4.1s
Validation: 50/150 batches (33.4%)
  - Batch Acc: 89.06%, Running Acc: 63.56%
Validation progress: 50/150 batches (33.3%)
  - Elapsed: 1.9s, Estimated remaining: 3.6s
Validation: 55/150 batches (36.8%)
  - Batch Acc: 79.69%, Running Acc: 63.69%
Validation progress: 55/150 batches (36.7%)
  - Elapsed: 1.9s, Estimated remaining: 3.2s
Validation: 60/150 batches (40.1%)
  - Batch Acc: 100.00%, Running Acc: 65.49%
Validation progress: 60/150 batches (40.0%)
  - Elapsed: 1.9s, Estimated remaining: 2.8s
Validation: 65/150 batches (43.5%)
  - Batch Acc: 85.94%, Running Acc: 67.56%
Validation progress: 65/150 batches (43.3%)
  - Elapsed: 2.0s, Estimated remaining: 2.5s
Validation: 70/150 batches (46.8%)
  - Batch Acc: 90.62%, Running Acc: 67.38%
Validation progress: 70/150 batches (46.7%)
  - Elapsed: 2.0s, Estimated remaining: 2.2s
Validation: 75/150 batches (50.2%)
  - Batch Acc: 54.69%, Running Acc: 68.16%
Validation progress: 75/150 batches (50.0%)
  - Elapsed: 2.1s, Estimated remaining: 2.0s
Validation: 80/150 batches (53.5%)
  - Batch Acc: 51.56%, Running Acc: 64.98%
Validation progress: 80/150 batches (53.3%)
  - Elapsed: 2.1s, Estimated remaining: 1.8s
Validation: 85/150 batches (56.8%)
  - Batch Acc: 62.50%, Running Acc: 62.73%
Validation progress: 85/150 batches (56.7%)
  - Elapsed: 2.1s, Estimated remaining: 1.6s
Validation: 90/150 batches (60.2%)
  - Batch Acc: 47.66%, Running Acc: 62.48%
Validation progress: 90/150 batches (60.0%)
  - Elapsed: 2.2s, Estimated remaining: 1.4s
Validation: 95/150 batches (63.5%)
  - Batch Acc: 30.47%, Running Acc: 61.67%
Validation progress: 95/150 batches (63.3%)
  - Elapsed: 2.2s, Estimated remaining: 1.2s
Validation: 100/150 batches (66.9%)
  - Batch Acc: 39.06%, Running Acc: 61.47%
Validation progress: 100/150 batches (66.7%)
  - Elapsed: 2.2s, Estimated remaining: 1.1s
Validation: 105/150 batches (70.2%)
  - Batch Acc: 53.12%, Running Acc: 61.45%
Validation progress: 105/150 batches (70.0%)
  - Elapsed: 2.3s, Estimated remaining: 1.0s
Validation: 110/150 batches (73.6%)
  - Batch Acc: 36.72%, Running Acc: 61.21%
Validation progress: 110/150 batches (73.3%)
  - Elapsed: 2.3s, Estimated remaining: 0.8s
Validation: 115/150 batches (76.9%)
  - Batch Acc: 75.78%, Running Acc: 62.00%
Validation progress: 115/150 batches (76.7%)
  - Elapsed: 2.4s, Estimated remaining: 0.7s
Validation: 120/150 batches (80.3%)
  - Batch Acc: 90.62%, Running Acc: 62.66%
Validation progress: 120/150 batches (80.0%)
  - Elapsed: 2.4s, Estimated remaining: 0.6s
Validation: 125/150 batches (83.6%)
  - Batch Acc: 66.41%, Running Acc: 62.76%
Validation progress: 125/150 batches (83.3%)
  - Elapsed: 2.4s, Estimated remaining: 0.5s
Validation: 130/150 batches (86.9%)
  - Batch Acc: 54.69%, Running Acc: 62.27%
Validation progress: 130/150 batches (86.7%)
  - Elapsed: 2.5s, Estimated remaining: 0.4s
Validation: 135/150 batches (90.3%)
  - Batch Acc: 66.41%, Running Acc: 61.91%
Validation progress: 135/150 batches (90.0%)
  - Elapsed: 2.5s, Estimated remaining: 0.3s
Validation: 140/150 batches (93.6%)
  - Batch Acc: 49.22%, Running Acc: 62.16%
Validation progress: 140/150 batches (93.3%)
  - Elapsed: 2.5s, Estimated remaining: 0.2s
Validation: 145/150 batches (97.0%)
  - Batch Acc: 93.75%, Running Acc: 62.23%
Validation progress: 145/150 batches (96.7%)
  - Elapsed: 2.6s, Estimated remaining: 0.1s
Validation: 150/150 batches (100.3%)
  - Batch Acc: 77.94%, Running Acc: 62.53%
Validation complete in 2.96s - Loss: 2.5323, Accuracy: 0.6253

==== Epoch 17/100 ====
Starting training phase...
Training on 76639 samples...
Training: 100/599 batches (16.7%)
  - Batch Acc: 100.00%, Running Acc: 99.83%
  - Loss: 0.0001, Grad Norm: 0.0009
  - Learning Rate: 0.000200
Training: 200/599 batches (33.4%)
  - Batch Acc: 100.00%, Running Acc: 99.86%
  - Loss: 0.0003, Grad Norm: 0.0028
  - Learning Rate: 0.000200
Training: 300/599 batches (50.1%)
  - Batch Acc: 100.00%, Running Acc: 99.89%
  - Loss: 0.0003, Grad Norm: 0.0034
  - Learning Rate: 0.000200
Training: 400/599 batches (66.8%)
  - Batch Acc: 100.00%, Running Acc: 99.90%
  - Loss: 0.0001, Grad Norm: 0.0012
  - Learning Rate: 0.000200
Training: 500/599 batches (83.5%)
  - Batch Acc: 100.00%, Running Acc: 99.91%
  - Loss: 0.0009, Grad Norm: 0.0116
  - Learning Rate: 0.000200
Training: 599/599 batches (100.0%)
  - Batch Acc: 100.00%, Running Acc: 99.92%
  - Loss: 0.0013, Grad Norm: 0.0268
  - Learning Rate: 0.000200

Training phase complete
Epoch Summary:
  - Average Loss: 0.0026
  - Average Accuracy: 99.92%
  - Average Grad Norm: 0.0328
  - Final Learning Rate: 0.000200
Starting validation phase...
Starting validation on 19140 samples...
Entering no_grad block for validation
Validation progress: 0/150 batches (0.0%)
  - Elapsed: 1.4s, Estimated remaining: 0.0s
Validation: 5/150 batches (3.3%)
  - Batch Acc: 70.31%, Running Acc: 42.34%
Validation progress: 5/150 batches (3.3%)
  - Elapsed: 1.5s, Estimated remaining: 36.5s
Validation: 10/150 batches (6.7%)
  - Batch Acc: 55.47%, Running Acc: 60.55%
Validation progress: 10/150 batches (6.7%)
  - Elapsed: 1.6s, Estimated remaining: 19.7s
Validation: 15/150 batches (10.0%)
  - Batch Acc: 71.88%, Running Acc: 57.34%
Validation progress: 15/150 batches (10.0%)
  - Elapsed: 1.6s, Estimated remaining: 13.3s
Validation: 20/150 batches (13.4%)
  - Batch Acc: 89.84%, Running Acc: 63.67%
Validation progress: 20/150 batches (13.3%)
  - Elapsed: 1.6s, Estimated remaining: 10.0s
Validation: 25/150 batches (16.7%)
  - Batch Acc: 95.31%, Running Acc: 65.72%
Validation progress: 25/150 batches (16.7%)
  - Elapsed: 1.7s, Estimated remaining: 7.9s
Validation: 30/150 batches (20.1%)
  - Batch Acc: 92.97%, Running Acc: 65.34%
Validation progress: 30/150 batches (20.0%)
  - Elapsed: 1.7s, Estimated remaining: 6.6s
Validation: 35/150 batches (23.4%)
  - Batch Acc: 10.16%, Running Acc: 61.81%
Validation progress: 35/150 batches (23.3%)
  - Elapsed: 1.7s, Estimated remaining: 5.5s
Validation: 40/150 batches (26.8%)
  - Batch Acc: 80.47%, Running Acc: 63.96%
Validation progress: 40/150 batches (26.7%)
  - Elapsed: 1.8s, Estimated remaining: 4.7s
Validation: 45/150 batches (30.1%)
  - Batch Acc: 65.62%, Running Acc: 65.19%
Validation progress: 45/150 batches (30.0%)
  - Elapsed: 1.8s, Estimated remaining: 4.1s
Validation: 50/150 batches (33.4%)
  - Batch Acc: 82.81%, Running Acc: 65.59%
Validation progress: 50/150 batches (33.3%)
  - Elapsed: 1.9s, Estimated remaining: 3.6s
Validation: 55/150 batches (36.8%)
  - Batch Acc: 60.16%, Running Acc: 64.33%
Validation progress: 55/150 batches (36.7%)
  - Elapsed: 1.9s, Estimated remaining: 3.2s
Validation: 60/150 batches (40.1%)
  - Batch Acc: 96.88%, Running Acc: 65.25%
Validation progress: 60/150 batches (40.0%)
  - Elapsed: 1.9s, Estimated remaining: 2.8s
Validation: 65/150 batches (43.5%)
  - Batch Acc: 82.03%, Running Acc: 66.91%
Validation progress: 65/150 batches (43.3%)
  - Elapsed: 2.0s, Estimated remaining: 2.5s
Validation: 70/150 batches (46.8%)
  - Batch Acc: 89.06%, Running Acc: 66.16%
Validation progress: 70/150 batches (46.7%)
  - Elapsed: 2.0s, Estimated remaining: 2.2s
Validation: 75/150 batches (50.2%)
  - Batch Acc: 65.62%, Running Acc: 67.32%
Validation progress: 75/150 batches (50.0%)
  - Elapsed: 2.1s, Estimated remaining: 2.0s
Validation: 80/150 batches (53.5%)
  - Batch Acc: 54.69%, Running Acc: 64.86%
Validation progress: 80/150 batches (53.3%)
  - Elapsed: 2.1s, Estimated remaining: 1.8s
Validation: 85/150 batches (56.8%)
  - Batch Acc: 73.44%, Running Acc: 62.72%
Validation progress: 85/150 batches (56.7%)
  - Elapsed: 2.1s, Estimated remaining: 1.6s
Validation: 90/150 batches (60.2%)
  - Batch Acc: 63.28%, Running Acc: 63.08%
Validation progress: 90/150 batches (60.0%)
  - Elapsed: 2.2s, Estimated remaining: 1.4s
Validation: 95/150 batches (63.5%)
  - Batch Acc: 69.53%, Running Acc: 63.01%
Validation progress: 95/150 batches (63.3%)
  - Elapsed: 2.2s, Estimated remaining: 1.2s
Validation: 100/150 batches (66.9%)
  - Batch Acc: 42.97%, Running Acc: 62.83%
Validation progress: 100/150 batches (66.7%)
  - Elapsed: 2.3s, Estimated remaining: 1.1s
Validation: 105/150 batches (70.2%)
  - Batch Acc: 53.12%, Running Acc: 62.61%
Validation progress: 105/150 batches (70.0%)
  - Elapsed: 2.3s, Estimated remaining: 1.0s
Validation: 110/150 batches (73.6%)
  - Batch Acc: 24.22%, Running Acc: 61.83%
Validation progress: 110/150 batches (73.3%)
  - Elapsed: 2.3s, Estimated remaining: 0.8s
Validation: 115/150 batches (76.9%)
  - Batch Acc: 63.28%, Running Acc: 62.38%
Validation progress: 115/150 batches (76.7%)
  - Elapsed: 2.4s, Estimated remaining: 0.7s
Validation: 120/150 batches (80.3%)
  - Batch Acc: 89.84%, Running Acc: 62.56%
Validation progress: 120/150 batches (80.0%)
  - Elapsed: 2.4s, Estimated remaining: 0.6s
Validation: 125/150 batches (83.6%)
  - Batch Acc: 71.09%, Running Acc: 62.28%
Validation progress: 125/150 batches (83.3%)
  - Elapsed: 2.5s, Estimated remaining: 0.5s
Validation: 130/150 batches (86.9%)
  - Batch Acc: 61.72%, Running Acc: 62.13%
Validation progress: 130/150 batches (86.7%)
  - Elapsed: 2.5s, Estimated remaining: 0.4s
Validation: 135/150 batches (90.3%)
  - Batch Acc: 64.06%, Running Acc: 61.63%
Validation progress: 135/150 batches (90.0%)
  - Elapsed: 2.5s, Estimated remaining: 0.3s
Validation: 140/150 batches (93.6%)
  - Batch Acc: 57.03%, Running Acc: 62.05%
Validation progress: 140/150 batches (93.3%)
  - Elapsed: 2.6s, Estimated remaining: 0.2s
Validation: 145/150 batches (97.0%)
  - Batch Acc: 82.81%, Running Acc: 62.01%
Validation progress: 145/150 batches (96.7%)
  - Elapsed: 2.6s, Estimated remaining: 0.1s
Validation: 150/150 batches (100.3%)
  - Batch Acc: 48.53%, Running Acc: 62.20%
Validation complete in 3.09s - Loss: 2.5491, Accuracy: 0.6220

==== Epoch 18/100 ====
Starting training phase...
Training on 76639 samples...
Training: 100/599 batches (16.7%)
  - Batch Acc: 100.00%, Running Acc: 99.98%
  - Loss: 0.0003, Grad Norm: 0.0027
  - Learning Rate: 0.000200
Training: 200/599 batches (33.4%)
  - Batch Acc: 100.00%, Running Acc: 99.97%
  - Loss: 0.0003, Grad Norm: 0.0022
  - Learning Rate: 0.000200
Training: 300/599 batches (50.1%)
  - Batch Acc: 100.00%, Running Acc: 99.96%
  - Loss: 0.0005, Grad Norm: 0.0156
  - Learning Rate: 0.000200
Training: 400/599 batches (66.8%)
  - Batch Acc: 100.00%, Running Acc: 99.96%
  - Loss: 0.0001, Grad Norm: 0.0010
  - Learning Rate: 0.000200
Training: 500/599 batches (83.5%)
  - Batch Acc: 100.00%, Running Acc: 99.96%
  - Loss: 0.0002, Grad Norm: 0.0020
  - Learning Rate: 0.000200
Training: 599/599 batches (100.0%)
  - Batch Acc: 100.00%, Running Acc: 99.96%
  - Loss: 0.0002, Grad Norm: 0.0021
  - Learning Rate: 0.000200

Training phase complete
Epoch Summary:
  - Average Loss: 0.0013
  - Average Accuracy: 99.96%
  - Average Grad Norm: 0.0194
  - Final Learning Rate: 0.000200
Starting validation phase...
Starting validation on 19140 samples...
Entering no_grad block for validation
Validation progress: 0/150 batches (0.0%)
  - Elapsed: 1.5s, Estimated remaining: 0.0s
Validation: 5/150 batches (3.3%)
  - Batch Acc: 69.53%, Running Acc: 45.47%
Validation progress: 5/150 batches (3.3%)
  - Elapsed: 1.5s, Estimated remaining: 36.8s
Validation: 10/150 batches (6.7%)
  - Batch Acc: 53.12%, Running Acc: 62.81%
Validation progress: 10/150 batches (6.7%)
  - Elapsed: 1.6s, Estimated remaining: 19.6s
Validation: 15/150 batches (10.0%)
  - Batch Acc: 75.78%, Running Acc: 58.91%
Validation progress: 15/150 batches (10.0%)
  - Elapsed: 1.6s, Estimated remaining: 13.4s
Validation: 20/150 batches (13.4%)
  - Batch Acc: 81.25%, Running Acc: 64.57%
Validation progress: 20/150 batches (13.3%)
  - Elapsed: 1.6s, Estimated remaining: 10.0s
Validation: 25/150 batches (16.7%)
  - Batch Acc: 96.09%, Running Acc: 66.41%
Validation progress: 25/150 batches (16.7%)
  - Elapsed: 1.7s, Estimated remaining: 7.9s
Validation: 30/150 batches (20.1%)
  - Batch Acc: 92.19%, Running Acc: 65.73%
Validation progress: 30/150 batches (20.0%)
  - Elapsed: 1.7s, Estimated remaining: 6.5s
Validation: 35/150 batches (23.4%)
  - Batch Acc: 13.28%, Running Acc: 62.28%
Validation progress: 35/150 batches (23.3%)
  - Elapsed: 1.7s, Estimated remaining: 5.5s
Validation: 40/150 batches (26.8%)
  - Batch Acc: 78.12%, Running Acc: 64.32%
Validation progress: 40/150 batches (26.7%)
  - Elapsed: 1.8s, Estimated remaining: 4.7s
Validation: 45/150 batches (30.1%)
  - Batch Acc: 61.72%, Running Acc: 65.47%
Validation progress: 45/150 batches (30.0%)
  - Elapsed: 1.8s, Estimated remaining: 4.1s
Validation: 50/150 batches (33.4%)
  - Batch Acc: 80.47%, Running Acc: 65.61%
Validation progress: 50/150 batches (33.3%)
  - Elapsed: 1.8s, Estimated remaining: 3.6s
Validation: 55/150 batches (36.8%)
  - Batch Acc: 69.53%, Running Acc: 64.57%
Validation progress: 55/150 batches (36.7%)
  - Elapsed: 1.9s, Estimated remaining: 3.2s
Validation: 60/150 batches (40.1%)
  - Batch Acc: 96.09%, Running Acc: 65.51%
Validation progress: 60/150 batches (40.0%)
  - Elapsed: 1.9s, Estimated remaining: 2.8s
Validation: 65/150 batches (43.5%)
  - Batch Acc: 81.25%, Running Acc: 67.12%
Validation progress: 65/150 batches (43.3%)
  - Elapsed: 2.0s, Estimated remaining: 2.5s
Validation: 70/150 batches (46.8%)
  - Batch Acc: 86.72%, Running Acc: 66.34%
Validation progress: 70/150 batches (46.7%)
  - Elapsed: 2.0s, Estimated remaining: 2.2s
Validation: 75/150 batches (50.2%)
  - Batch Acc: 65.62%, Running Acc: 67.50%
Validation progress: 75/150 batches (50.0%)
  - Elapsed: 2.0s, Estimated remaining: 2.0s
Validation: 80/150 batches (53.5%)
  - Batch Acc: 53.12%, Running Acc: 64.72%
Validation progress: 80/150 batches (53.3%)
  - Elapsed: 2.1s, Estimated remaining: 1.8s
Validation: 85/150 batches (56.8%)
  - Batch Acc: 73.44%, Running Acc: 62.44%
Validation progress: 85/150 batches (56.7%)
  - Elapsed: 2.1s, Estimated remaining: 1.6s
Validation: 90/150 batches (60.2%)
  - Batch Acc: 64.06%, Running Acc: 62.77%
Validation progress: 90/150 batches (60.0%)
  - Elapsed: 2.2s, Estimated remaining: 1.4s
Validation: 95/150 batches (63.5%)
  - Batch Acc: 53.12%, Running Acc: 62.48%
Validation progress: 95/150 batches (63.3%)
  - Elapsed: 2.2s, Estimated remaining: 1.2s
Validation: 100/150 batches (66.9%)
  - Batch Acc: 43.75%, Running Acc: 62.50%
Validation progress: 100/150 batches (66.7%)
  - Elapsed: 2.2s, Estimated remaining: 1.1s
Validation: 105/150 batches (70.2%)
  - Batch Acc: 51.56%, Running Acc: 62.24%
Validation progress: 105/150 batches (70.0%)
  - Elapsed: 2.3s, Estimated remaining: 0.9s
Validation: 110/150 batches (73.6%)
  - Batch Acc: 19.53%, Running Acc: 61.37%
Validation progress: 110/150 batches (73.3%)
  - Elapsed: 2.3s, Estimated remaining: 0.8s
Validation: 115/150 batches (76.9%)
  - Batch Acc: 59.38%, Running Acc: 61.75%
Validation progress: 115/150 batches (76.7%)
  - Elapsed: 2.3s, Estimated remaining: 0.7s
Validation: 120/150 batches (80.3%)
  - Batch Acc: 89.06%, Running Acc: 62.02%
Validation progress: 120/150 batches (80.0%)
  - Elapsed: 2.4s, Estimated remaining: 0.6s
Validation: 125/150 batches (83.6%)
  - Batch Acc: 70.31%, Running Acc: 61.81%
Validation progress: 125/150 batches (83.3%)
  - Elapsed: 2.4s, Estimated remaining: 0.5s
Validation: 130/150 batches (86.9%)
  - Batch Acc: 62.50%, Running Acc: 61.65%
Validation progress: 130/150 batches (86.7%)
  - Elapsed: 2.5s, Estimated remaining: 0.4s
Validation: 135/150 batches (90.3%)
  - Batch Acc: 57.81%, Running Acc: 61.22%
Validation progress: 135/150 batches (90.0%)
  - Elapsed: 2.5s, Estimated remaining: 0.3s
Validation: 140/150 batches (93.6%)
  - Batch Acc: 64.84%, Running Acc: 61.65%
Validation progress: 140/150 batches (93.3%)
  - Elapsed: 2.5s, Estimated remaining: 0.2s
Validation: 145/150 batches (97.0%)
  - Batch Acc: 78.91%, Running Acc: 61.57%
Validation progress: 145/150 batches (96.7%)
  - Elapsed: 2.6s, Estimated remaining: 0.1s
Validation: 150/150 batches (100.3%)
  - Batch Acc: 47.06%, Running Acc: 61.76%
Validation complete in 2.92s - Loss: 2.6377, Accuracy: 0.6176

==== Epoch 19/100 ====
Starting training phase...
Training on 76639 samples...
Training: 100/599 batches (16.7%)
  - Batch Acc: 100.00%, Running Acc: 99.97%
  - Loss: 0.0002, Grad Norm: 0.0049
  - Learning Rate: 0.000200
Training: 200/599 batches (33.4%)
  - Batch Acc: 100.00%, Running Acc: 99.97%
  - Loss: 0.0001, Grad Norm: 0.0013
  - Learning Rate: 0.000200
Training: 300/599 batches (50.1%)
  - Batch Acc: 100.00%, Running Acc: 99.98%
  - Loss: 0.0001, Grad Norm: 0.0014
  - Learning Rate: 0.000200
Training: 400/599 batches (66.8%)
  - Batch Acc: 100.00%, Running Acc: 99.98%
  - Loss: 0.0001, Grad Norm: 0.0006
  - Learning Rate: 0.000200
Training: 500/599 batches (83.5%)
  - Batch Acc: 100.00%, Running Acc: 99.98%
  - Loss: 0.0012, Grad Norm: 0.0402
  - Learning Rate: 0.000200
Training: 599/599 batches (100.0%)
  - Batch Acc: 100.00%, Running Acc: 99.98%
  - Loss: 0.0000, Grad Norm: 0.0006
  - Learning Rate: 0.000200

Training phase complete
Epoch Summary:
  - Average Loss: 0.0005
  - Average Accuracy: 99.98%
  - Average Grad Norm: 0.0102
  - Final Learning Rate: 0.000200
Starting validation phase...
Starting validation on 19140 samples...
Entering no_grad block for validation
Validation progress: 0/150 batches (0.0%)
  - Elapsed: 1.4s, Estimated remaining: 0.0s
Validation: 5/150 batches (3.3%)
  - Batch Acc: 70.31%, Running Acc: 45.47%
Validation progress: 5/150 batches (3.3%)
  - Elapsed: 1.5s, Estimated remaining: 36.6s
Validation: 10/150 batches (6.7%)
  - Batch Acc: 52.34%, Running Acc: 60.78%
Validation progress: 10/150 batches (6.7%)
  - Elapsed: 1.6s, Estimated remaining: 19.9s
Validation: 15/150 batches (10.0%)
  - Batch Acc: 75.78%, Running Acc: 57.66%
Validation progress: 15/150 batches (10.0%)
  - Elapsed: 1.6s, Estimated remaining: 13.4s
Validation: 20/150 batches (13.4%)
  - Batch Acc: 82.81%, Running Acc: 63.48%
Validation progress: 20/150 batches (13.3%)
  - Elapsed: 1.6s, Estimated remaining: 10.0s
Validation: 25/150 batches (16.7%)
  - Batch Acc: 96.09%, Running Acc: 65.53%
Validation progress: 25/150 batches (16.7%)
  - Elapsed: 1.7s, Estimated remaining: 8.0s
Validation: 30/150 batches (20.1%)
  - Batch Acc: 92.97%, Running Acc: 65.13%
Validation progress: 30/150 batches (20.0%)
  - Elapsed: 1.7s, Estimated remaining: 6.6s
Validation: 35/150 batches (23.4%)
  - Batch Acc: 13.28%, Running Acc: 61.88%
Validation progress: 35/150 batches (23.3%)
  - Elapsed: 1.8s, Estimated remaining: 5.6s
Validation: 40/150 batches (26.8%)
  - Batch Acc: 82.03%, Running Acc: 64.18%
Validation progress: 40/150 batches (26.7%)
  - Elapsed: 1.8s, Estimated remaining: 4.8s
Validation: 45/150 batches (30.1%)
  - Batch Acc: 68.75%, Running Acc: 65.73%
Validation progress: 45/150 batches (30.0%)
  - Elapsed: 1.9s, Estimated remaining: 4.2s
Validation: 50/150 batches (33.4%)
  - Batch Acc: 80.47%, Running Acc: 66.06%
Validation progress: 50/150 batches (33.3%)
  - Elapsed: 1.9s, Estimated remaining: 3.6s
Validation: 55/150 batches (36.8%)
  - Batch Acc: 55.47%, Running Acc: 64.50%
Validation progress: 55/150 batches (36.7%)
  - Elapsed: 1.9s, Estimated remaining: 3.2s
Validation: 60/150 batches (40.1%)
  - Batch Acc: 95.31%, Running Acc: 65.33%
Validation progress: 60/150 batches (40.0%)
  - Elapsed: 2.0s, Estimated remaining: 2.9s
Validation: 65/150 batches (43.5%)
  - Batch Acc: 79.69%, Running Acc: 66.79%
Validation progress: 65/150 batches (43.3%)
  - Elapsed: 2.0s, Estimated remaining: 2.5s
Validation: 70/150 batches (46.8%)
  - Batch Acc: 78.12%, Running Acc: 65.74%
Validation progress: 70/150 batches (46.7%)
  - Elapsed: 2.0s, Estimated remaining: 2.3s
Validation: 75/150 batches (50.2%)
  - Batch Acc: 61.72%, Running Acc: 66.89%
Validation progress: 75/150 batches (50.0%)
  - Elapsed: 2.1s, Estimated remaining: 2.0s
Validation: 80/150 batches (53.5%)
  - Batch Acc: 56.25%, Running Acc: 64.50%
Validation progress: 80/150 batches (53.3%)
  - Elapsed: 2.1s, Estimated remaining: 1.8s
Validation: 85/150 batches (56.8%)
  - Batch Acc: 75.00%, Running Acc: 62.17%
Validation progress: 85/150 batches (56.7%)
  - Elapsed: 2.2s, Estimated remaining: 1.6s
Validation: 90/150 batches (60.2%)
  - Batch Acc: 60.16%, Running Acc: 62.50%
Validation progress: 90/150 batches (60.0%)
  - Elapsed: 2.2s, Estimated remaining: 1.4s
Validation: 95/150 batches (63.5%)
  - Batch Acc: 53.12%, Running Acc: 62.15%
Validation progress: 95/150 batches (63.3%)
  - Elapsed: 2.2s, Estimated remaining: 1.3s
Validation: 100/150 batches (66.9%)
  - Batch Acc: 46.09%, Running Acc: 62.24%
Validation progress: 100/150 batches (66.7%)
  - Elapsed: 2.3s, Estimated remaining: 1.1s
Validation: 105/150 batches (70.2%)
  - Batch Acc: 50.78%, Running Acc: 62.01%
Validation progress: 105/150 batches (70.0%)
  - Elapsed: 2.3s, Estimated remaining: 1.0s
Validation: 110/150 batches (73.6%)
  - Batch Acc: 20.31%, Running Acc: 61.21%
Validation progress: 110/150 batches (73.3%)
  - Elapsed: 2.4s, Estimated remaining: 0.8s
Validation: 115/150 batches (76.9%)
  - Batch Acc: 55.47%, Running Acc: 61.58%
Validation progress: 115/150 batches (76.7%)
  - Elapsed: 2.4s, Estimated remaining: 0.7s
Validation: 120/150 batches (80.3%)
  - Batch Acc: 94.53%, Running Acc: 61.84%
Validation progress: 120/150 batches (80.0%)
  - Elapsed: 2.4s, Estimated remaining: 0.6s
Validation: 125/150 batches (83.6%)
  - Batch Acc: 71.09%, Running Acc: 61.76%
Validation progress: 125/150 batches (83.3%)
  - Elapsed: 2.5s, Estimated remaining: 0.5s
Validation: 130/150 batches (86.9%)
  - Batch Acc: 58.59%, Running Acc: 61.60%
Validation progress: 130/150 batches (86.7%)
  - Elapsed: 2.5s, Estimated remaining: 0.4s
Validation: 135/150 batches (90.3%)
  - Batch Acc: 54.69%, Running Acc: 61.06%
Validation progress: 135/150 batches (90.0%)
  - Elapsed: 2.6s, Estimated remaining: 0.3s
Validation: 140/150 batches (93.6%)
  - Batch Acc: 64.06%, Running Acc: 61.50%
Validation progress: 140/150 batches (93.3%)
  - Elapsed: 2.6s, Estimated remaining: 0.2s
Validation: 145/150 batches (97.0%)
  - Batch Acc: 82.03%, Running Acc: 61.40%
Validation progress: 145/150 batches (96.7%)
  - Elapsed: 2.6s, Estimated remaining: 0.1s
Validation: 150/150 batches (100.3%)
  - Batch Acc: 48.53%, Running Acc: 61.71%
Validation complete in 3.00s - Loss: 2.7530, Accuracy: 0.6171

==== Epoch 20/100 ====
Starting training phase...
Training on 76639 samples...
Training: 100/599 batches (16.7%)
  - Batch Acc: 100.00%, Running Acc: 99.98%
  - Loss: 0.0001, Grad Norm: 0.0011
  - Learning Rate: 0.000200
Training: 200/599 batches (33.4%)
  - Batch Acc: 100.00%, Running Acc: 99.98%
  - Loss: 0.0002, Grad Norm: 0.0031
  - Learning Rate: 0.000200
Training: 300/599 batches (50.1%)
  - Batch Acc: 100.00%, Running Acc: 99.98%
  - Loss: 0.0017, Grad Norm: 0.0352
  - Learning Rate: 0.000200
Training: 400/599 batches (66.8%)
  - Batch Acc: 100.00%, Running Acc: 99.97%
  - Loss: 0.0001, Grad Norm: 0.0008
  - Learning Rate: 0.000200
Training: 500/599 batches (83.5%)
  - Batch Acc: 100.00%, Running Acc: 99.96%
  - Loss: 0.0039, Grad Norm: 0.0951
  - Learning Rate: 0.000200
Training: 599/599 batches (100.0%)
  - Batch Acc: 100.00%, Running Acc: 99.96%
  - Loss: 0.0010, Grad Norm: 0.0139
  - Learning Rate: 0.000200

Training phase complete
Epoch Summary:
  - Average Loss: 0.0013
  - Average Accuracy: 99.96%
  - Average Grad Norm: 0.0207
  - Final Learning Rate: 0.000200
Starting validation phase...
Starting validation on 19140 samples...
Entering no_grad block for validation
Validation progress: 0/150 batches (0.0%)
  - Elapsed: 1.5s, Estimated remaining: 0.0s
Validation: 5/150 batches (3.3%)
  - Batch Acc: 70.31%, Running Acc: 43.59%
Validation progress: 5/150 batches (3.3%)
  - Elapsed: 1.5s, Estimated remaining: 36.9s
Validation: 10/150 batches (6.7%)
  - Batch Acc: 57.81%, Running Acc: 60.08%
Validation progress: 10/150 batches (6.7%)
  - Elapsed: 1.6s, Estimated remaining: 20.4s
Validation: 15/150 batches (10.0%)
  - Batch Acc: 82.81%, Running Acc: 57.40%
Validation progress: 15/150 batches (10.0%)
  - Elapsed: 1.6s, Estimated remaining: 13.7s
Validation: 20/150 batches (13.4%)
  - Batch Acc: 96.09%, Running Acc: 63.63%
Validation progress: 20/150 batches (13.3%)
  - Elapsed: 1.7s, Estimated remaining: 10.2s
Validation: 25/150 batches (16.7%)
  - Batch Acc: 93.75%, Running Acc: 66.09%
Validation progress: 25/150 batches (16.7%)
  - Elapsed: 1.7s, Estimated remaining: 8.1s
Validation: 30/150 batches (20.1%)
  - Batch Acc: 92.19%, Running Acc: 65.57%
Validation progress: 30/150 batches (20.0%)
  - Elapsed: 1.7s, Estimated remaining: 6.7s
Validation: 35/150 batches (23.4%)
  - Batch Acc: 10.16%, Running Acc: 62.03%
Validation progress: 35/150 batches (23.3%)
  - Elapsed: 1.8s, Estimated remaining: 5.6s
Validation: 40/150 batches (26.8%)
  - Batch Acc: 74.22%, Running Acc: 63.61%
Validation progress: 40/150 batches (26.7%)
  - Elapsed: 1.8s, Estimated remaining: 4.8s
Validation: 45/150 batches (30.1%)
  - Batch Acc: 55.47%, Running Acc: 63.99%
Validation progress: 45/150 batches (30.0%)
  - Elapsed: 1.9s, Estimated remaining: 4.2s
Validation: 50/150 batches (33.4%)
  - Batch Acc: 81.25%, Running Acc: 64.38%
Validation progress: 50/150 batches (33.3%)
  - Elapsed: 1.9s, Estimated remaining: 3.7s
Validation: 55/150 batches (36.8%)
  - Batch Acc: 63.28%, Running Acc: 63.78%
Validation progress: 55/150 batches (36.7%)
  - Elapsed: 1.9s, Estimated remaining: 3.2s
Validation: 60/150 batches (40.1%)
  - Batch Acc: 100.00%, Running Acc: 65.14%
Validation progress: 60/150 batches (40.0%)
  - Elapsed: 2.0s, Estimated remaining: 2.9s
Validation: 65/150 batches (43.5%)
  - Batch Acc: 84.38%, Running Acc: 66.92%
Validation progress: 65/150 batches (43.3%)
  - Elapsed: 2.0s, Estimated remaining: 2.6s
Validation: 70/150 batches (46.8%)
  - Batch Acc: 82.81%, Running Acc: 66.34%
Validation progress: 70/150 batches (46.7%)
  - Elapsed: 2.1s, Estimated remaining: 2.3s
Validation: 75/150 batches (50.2%)
  - Batch Acc: 56.25%, Running Acc: 67.30%
Validation progress: 75/150 batches (50.0%)
  - Elapsed: 2.1s, Estimated remaining: 2.0s
Validation: 80/150 batches (53.5%)
  - Batch Acc: 64.06%, Running Acc: 64.66%
Validation progress: 80/150 batches (53.3%)
  - Elapsed: 2.1s, Estimated remaining: 1.8s
Validation: 85/150 batches (56.8%)
  - Batch Acc: 75.78%, Running Acc: 62.59%
Validation progress: 85/150 batches (56.7%)
  - Elapsed: 2.2s, Estimated remaining: 1.6s
Validation: 90/150 batches (60.2%)
  - Batch Acc: 48.44%, Running Acc: 62.51%
Validation progress: 90/150 batches (60.0%)
  - Elapsed: 2.2s, Estimated remaining: 1.4s
Validation: 95/150 batches (63.5%)
  - Batch Acc: 67.19%, Running Acc: 61.91%
Validation progress: 95/150 batches (63.3%)
  - Elapsed: 2.3s, Estimated remaining: 1.3s
Validation: 100/150 batches (66.9%)
  - Batch Acc: 39.84%, Running Acc: 61.85%
Validation progress: 100/150 batches (66.7%)
  - Elapsed: 2.3s, Estimated remaining: 1.1s
Validation: 105/150 batches (70.2%)
  - Batch Acc: 54.69%, Running Acc: 61.93%
Validation progress: 105/150 batches (70.0%)
  - Elapsed: 2.3s, Estimated remaining: 1.0s
Validation: 110/150 batches (73.6%)
  - Batch Acc: 24.22%, Running Acc: 61.46%
Validation progress: 110/150 batches (73.3%)
  - Elapsed: 2.4s, Estimated remaining: 0.8s
Validation: 115/150 batches (76.9%)
  - Batch Acc: 62.50%, Running Acc: 62.01%
Validation progress: 115/150 batches (76.7%)
  - Elapsed: 2.4s, Estimated remaining: 0.7s
Validation: 120/150 batches (80.3%)
  - Batch Acc: 96.09%, Running Acc: 62.33%
Validation progress: 120/150 batches (80.0%)
  - Elapsed: 2.4s, Estimated remaining: 0.6s
Validation: 125/150 batches (83.6%)
  - Batch Acc: 71.09%, Running Acc: 62.23%
Validation progress: 125/150 batches (83.3%)
  - Elapsed: 2.5s, Estimated remaining: 0.5s
Validation: 130/150 batches (86.9%)
  - Batch Acc: 52.34%, Running Acc: 61.97%
Validation progress: 130/150 batches (86.7%)
  - Elapsed: 2.5s, Estimated remaining: 0.4s
Validation: 135/150 batches (90.3%)
  - Batch Acc: 69.53%, Running Acc: 61.60%
Validation progress: 135/150 batches (90.0%)
  - Elapsed: 2.6s, Estimated remaining: 0.3s
Validation: 140/150 batches (93.6%)
  - Batch Acc: 57.03%, Running Acc: 62.06%
Validation progress: 140/150 batches (93.3%)
  - Elapsed: 2.6s, Estimated remaining: 0.2s
Validation: 145/150 batches (97.0%)
  - Batch Acc: 83.59%, Running Acc: 62.04%
Validation progress: 145/150 batches (96.7%)
  - Elapsed: 2.6s, Estimated remaining: 0.1s
Validation: 150/150 batches (100.3%)
  - Batch Acc: 47.06%, Running Acc: 62.50%
Validation complete in 3.01s - Loss: 2.7201, Accuracy: 0.6250

==== Epoch 21/100 ====
Starting training phase...
Training on 76639 samples...
Training: 100/599 batches (16.7%)
  - Batch Acc: 100.00%, Running Acc: 99.96%
  - Loss: 0.0000, Grad Norm: 0.0003
  - Learning Rate: 0.000200
Training: 200/599 batches (33.4%)
  - Batch Acc: 100.00%, Running Acc: 99.97%
  - Loss: 0.0001, Grad Norm: 0.0013
  - Learning Rate: 0.000200
Training: 300/599 batches (50.1%)
  - Batch Acc: 100.00%, Running Acc: 99.97%
  - Loss: 0.0041, Grad Norm: 0.0871
  - Learning Rate: 0.000200
Training: 400/599 batches (66.8%)
  - Batch Acc: 100.00%, Running Acc: 99.98%
  - Loss: 0.0001, Grad Norm: 0.0011
  - Learning Rate: 0.000200
Training: 500/599 batches (83.5%)
  - Batch Acc: 100.00%, Running Acc: 99.97%
  - Loss: 0.0002, Grad Norm: 0.0018
  - Learning Rate: 0.000200
Training: 599/599 batches (100.0%)
  - Batch Acc: 100.00%, Running Acc: 99.97%
  - Loss: 0.0049, Grad Norm: 0.1298
  - Learning Rate: 0.000200

Training phase complete
Epoch Summary:
  - Average Loss: 0.0009
  - Average Accuracy: 99.97%
  - Average Grad Norm: 0.0143
  - Final Learning Rate: 0.000200
Starting validation phase...
Starting validation on 19140 samples...
Entering no_grad block for validation
Validation progress: 0/150 batches (0.0%)
  - Elapsed: 1.4s, Estimated remaining: 0.0s
Validation: 5/150 batches (3.3%)
  - Batch Acc: 60.16%, Running Acc: 37.81%
Validation progress: 5/150 batches (3.3%)
  - Elapsed: 1.5s, Estimated remaining: 36.2s
Validation: 10/150 batches (6.7%)
  - Batch Acc: 60.94%, Running Acc: 58.98%
Validation progress: 10/150 batches (6.7%)
  - Elapsed: 1.5s, Estimated remaining: 19.5s
Validation: 15/150 batches (10.0%)
  - Batch Acc: 84.38%, Running Acc: 56.46%
Validation progress: 15/150 batches (10.0%)
  - Elapsed: 1.6s, Estimated remaining: 13.0s
Validation: 20/150 batches (13.4%)
  - Batch Acc: 92.97%, Running Acc: 63.01%
Validation progress: 20/150 batches (13.3%)
  - Elapsed: 1.6s, Estimated remaining: 9.8s
Validation: 25/150 batches (16.7%)
  - Batch Acc: 88.28%, Running Acc: 64.69%
Validation progress: 25/150 batches (16.7%)
  - Elapsed: 1.6s, Estimated remaining: 7.8s
Validation: 30/150 batches (20.1%)
  - Batch Acc: 94.53%, Running Acc: 64.77%
Validation progress: 30/150 batches (20.0%)
  - Elapsed: 1.7s, Estimated remaining: 6.5s
Validation: 35/150 batches (23.4%)
  - Batch Acc: 14.84%, Running Acc: 61.63%
Validation progress: 35/150 batches (23.3%)
  - Elapsed: 1.7s, Estimated remaining: 5.4s
Validation: 40/150 batches (26.8%)
  - Batch Acc: 74.22%, Running Acc: 63.59%
Validation progress: 40/150 batches (26.7%)
  - Elapsed: 1.8s, Estimated remaining: 4.7s
Validation: 45/150 batches (30.1%)
  - Batch Acc: 57.81%, Running Acc: 63.84%
Validation progress: 45/150 batches (30.0%)
  - Elapsed: 1.8s, Estimated remaining: 4.0s
Validation: 50/150 batches (33.4%)
  - Batch Acc: 83.59%, Running Acc: 64.08%
Validation progress: 50/150 batches (33.3%)
  - Elapsed: 1.8s, Estimated remaining: 3.6s
Validation: 55/150 batches (36.8%)
  - Batch Acc: 73.44%, Running Acc: 63.89%
Validation progress: 55/150 batches (36.7%)
  - Elapsed: 1.9s, Estimated remaining: 3.1s
Validation: 60/150 batches (40.1%)
  - Batch Acc: 98.44%, Running Acc: 65.48%
Validation progress: 60/150 batches (40.0%)
  - Elapsed: 1.9s, Estimated remaining: 2.8s
Validation: 65/150 batches (43.5%)
  - Batch Acc: 81.25%, Running Acc: 67.28%
Validation progress: 65/150 batches (43.3%)
  - Elapsed: 1.9s, Estimated remaining: 2.5s
Validation: 70/150 batches (46.8%)
  - Batch Acc: 89.06%, Running Acc: 67.21%
Validation progress: 70/150 batches (46.7%)
  - Elapsed: 2.0s, Estimated remaining: 2.2s
Validation: 75/150 batches (50.2%)
  - Batch Acc: 60.94%, Running Acc: 68.22%
Validation progress: 75/150 batches (50.0%)
  - Elapsed: 2.0s, Estimated remaining: 2.0s
Validation: 80/150 batches (53.5%)
  - Batch Acc: 64.84%, Running Acc: 65.61%
Validation progress: 80/150 batches (53.3%)
  - Elapsed: 2.1s, Estimated remaining: 1.8s
Validation: 85/150 batches (56.8%)
  - Batch Acc: 58.59%, Running Acc: 63.13%
Validation progress: 85/150 batches (56.7%)
  - Elapsed: 2.1s, Estimated remaining: 1.6s
Validation: 90/150 batches (60.2%)
  - Batch Acc: 40.62%, Running Acc: 62.95%
Validation progress: 90/150 batches (60.0%)
  - Elapsed: 2.1s, Estimated remaining: 1.4s
Validation: 95/150 batches (63.5%)
  - Batch Acc: 55.47%, Running Acc: 62.30%
Validation progress: 95/150 batches (63.3%)
  - Elapsed: 2.2s, Estimated remaining: 1.2s
Validation: 100/150 batches (66.9%)
  - Batch Acc: 42.97%, Running Acc: 62.20%
Validation progress: 100/150 batches (66.7%)
  - Elapsed: 2.2s, Estimated remaining: 1.1s
Validation: 105/150 batches (70.2%)
  - Batch Acc: 55.47%, Running Acc: 62.22%
Validation progress: 105/150 batches (70.0%)
  - Elapsed: 2.3s, Estimated remaining: 0.9s
Validation: 110/150 batches (73.6%)
  - Batch Acc: 29.69%, Running Acc: 61.68%
Validation progress: 110/150 batches (73.3%)
  - Elapsed: 2.3s, Estimated remaining: 0.8s
Validation: 115/150 batches (76.9%)
  - Batch Acc: 67.19%, Running Acc: 62.19%
Validation progress: 115/150 batches (76.7%)
  - Elapsed: 2.3s, Estimated remaining: 0.7s
Validation: 120/150 batches (80.3%)
  - Batch Acc: 92.19%, Running Acc: 62.52%
Validation progress: 120/150 batches (80.0%)
  - Elapsed: 2.4s, Estimated remaining: 0.6s
Validation: 125/150 batches (83.6%)
  - Batch Acc: 71.09%, Running Acc: 62.53%
Validation progress: 125/150 batches (83.3%)
  - Elapsed: 2.4s, Estimated remaining: 0.5s
Validation: 130/150 batches (86.9%)
  - Batch Acc: 56.25%, Running Acc: 62.16%
Validation progress: 130/150 batches (86.7%)
  - Elapsed: 2.5s, Estimated remaining: 0.4s
Validation: 135/150 batches (90.3%)
  - Batch Acc: 68.75%, Running Acc: 61.78%
Validation progress: 135/150 batches (90.0%)
  - Elapsed: 2.5s, Estimated remaining: 0.3s
Validation: 140/150 batches (93.6%)
  - Batch Acc: 60.16%, Running Acc: 62.25%
Validation progress: 140/150 batches (93.3%)
  - Elapsed: 2.5s, Estimated remaining: 0.2s
Validation: 145/150 batches (97.0%)
  - Batch Acc: 84.38%, Running Acc: 62.14%
Validation progress: 145/150 batches (96.7%)
  - Elapsed: 2.6s, Estimated remaining: 0.1s
Validation: 150/150 batches (100.3%)
  - Batch Acc: 83.82%, Running Acc: 62.70%
Validation complete in 3.00s - Loss: 2.7840, Accuracy: 0.6270

==== Epoch 22/100 ====
Starting training phase...
Training on 76639 samples...
Training: 100/599 batches (16.7%)
  - Batch Acc: 100.00%, Running Acc: 99.98%
  - Loss: 0.0021, Grad Norm: 0.0796
  - Learning Rate: 0.000200
Training: 200/599 batches (33.4%)
  - Batch Acc: 100.00%, Running Acc: 99.98%
  - Loss: 0.0000, Grad Norm: 0.0003
  - Learning Rate: 0.000200
Training: 300/599 batches (50.1%)
  - Batch Acc: 99.22%, Running Acc: 99.97%
  - Loss: 0.0202, Grad Norm: 0.1787
  - Learning Rate: 0.000200
Training: 400/599 batches (66.8%)
  - Batch Acc: 100.00%, Running Acc: 99.98%
  - Loss: 0.0039, Grad Norm: 0.0586
  - Learning Rate: 0.000200
Training: 500/599 batches (83.5%)
  - Batch Acc: 100.00%, Running Acc: 99.98%
  - Loss: 0.0000, Grad Norm: 0.0005
  - Learning Rate: 0.000200
Training: 599/599 batches (100.0%)
  - Batch Acc: 100.00%, Running Acc: 99.98%
  - Loss: 0.0004, Grad Norm: 0.0095
  - Learning Rate: 0.000200

Training phase complete
Epoch Summary:
  - Average Loss: 0.0007
  - Average Accuracy: 99.98%
  - Average Grad Norm: 0.0104
  - Final Learning Rate: 0.000200
Starting validation phase...
Starting validation on 19140 samples...
Entering no_grad block for validation
Validation progress: 0/150 batches (0.0%)
  - Elapsed: 1.5s, Estimated remaining: 0.0s
Validation: 5/150 batches (3.3%)
  - Batch Acc: 71.09%, Running Acc: 46.56%
Validation progress: 5/150 batches (3.3%)
  - Elapsed: 1.6s, Estimated remaining: 37.3s
Validation: 10/150 batches (6.7%)
  - Batch Acc: 53.12%, Running Acc: 62.34%
Validation progress: 10/150 batches (6.7%)
  - Elapsed: 1.6s, Estimated remaining: 20.3s
Validation: 15/150 batches (10.0%)
  - Batch Acc: 82.81%, Running Acc: 59.11%
Validation progress: 15/150 batches (10.0%)
  - Elapsed: 1.6s, Estimated remaining: 13.6s
Validation: 20/150 batches (13.4%)
  - Batch Acc: 89.84%, Running Acc: 65.39%
Validation progress: 20/150 batches (13.3%)
  - Elapsed: 1.7s, Estimated remaining: 10.2s
Validation: 25/150 batches (16.7%)
  - Batch Acc: 97.66%, Running Acc: 66.91%
Validation progress: 25/150 batches (16.7%)
  - Elapsed: 1.7s, Estimated remaining: 8.1s
Validation: 30/150 batches (20.1%)
  - Batch Acc: 80.47%, Running Acc: 65.86%
Validation progress: 30/150 batches (20.0%)
  - Elapsed: 1.7s, Estimated remaining: 6.7s
Validation: 35/150 batches (23.4%)
  - Batch Acc: 19.53%, Running Acc: 62.77%
Validation progress: 35/150 batches (23.3%)
  - Elapsed: 1.8s, Estimated remaining: 5.6s
Validation: 40/150 batches (26.8%)
  - Batch Acc: 82.03%, Running Acc: 64.96%
Validation progress: 40/150 batches (26.7%)
  - Elapsed: 1.8s, Estimated remaining: 4.8s
Validation: 45/150 batches (30.1%)
  - Batch Acc: 75.00%, Running Acc: 66.23%
Validation progress: 45/150 batches (30.0%)
  - Elapsed: 1.9s, Estimated remaining: 4.2s
Validation: 50/150 batches (33.4%)
  - Batch Acc: 79.69%, Running Acc: 66.41%
Validation progress: 50/150 batches (33.3%)
  - Elapsed: 1.9s, Estimated remaining: 3.7s
Validation: 55/150 batches (36.8%)
  - Batch Acc: 57.03%, Running Acc: 64.90%
Validation progress: 55/150 batches (36.7%)
  - Elapsed: 1.9s, Estimated remaining: 3.2s
Validation: 60/150 batches (40.1%)
  - Batch Acc: 94.53%, Running Acc: 65.74%
Validation progress: 60/150 batches (40.0%)
  - Elapsed: 2.0s, Estimated remaining: 2.9s
Validation: 65/150 batches (43.5%)
  - Batch Acc: 73.44%, Running Acc: 66.94%
Validation progress: 65/150 batches (43.3%)
  - Elapsed: 2.0s, Estimated remaining: 2.6s
Validation: 70/150 batches (46.8%)
  - Batch Acc: 75.00%, Running Acc: 65.92%
Validation progress: 70/150 batches (46.7%)
  - Elapsed: 2.0s, Estimated remaining: 2.3s
Validation: 75/150 batches (50.2%)
  - Batch Acc: 71.09%, Running Acc: 67.23%
Validation progress: 75/150 batches (50.0%)
  - Elapsed: 2.1s, Estimated remaining: 2.0s
Validation: 80/150 batches (53.5%)
  - Batch Acc: 63.28%, Running Acc: 64.97%
Validation progress: 80/150 batches (53.3%)
  - Elapsed: 2.1s, Estimated remaining: 1.8s
Validation: 85/150 batches (56.8%)
  - Batch Acc: 71.88%, Running Acc: 62.57%
Validation progress: 85/150 batches (56.7%)
  - Elapsed: 2.2s, Estimated remaining: 1.6s
Validation: 90/150 batches (60.2%)
  - Batch Acc: 58.59%, Running Acc: 63.16%
Validation progress: 90/150 batches (60.0%)
  - Elapsed: 2.2s, Estimated remaining: 1.4s
Validation: 95/150 batches (63.5%)
  - Batch Acc: 71.88%, Running Acc: 63.18%
Validation progress: 95/150 batches (63.3%)
  - Elapsed: 2.2s, Estimated remaining: 1.3s
Validation: 100/150 batches (66.9%)
  - Batch Acc: 48.44%, Running Acc: 63.34%
Validation progress: 100/150 batches (66.7%)
  - Elapsed: 2.3s, Estimated remaining: 1.1s
Validation: 105/150 batches (70.2%)
  - Batch Acc: 53.12%, Running Acc: 63.10%
Validation progress: 105/150 batches (70.0%)
  - Elapsed: 2.3s, Estimated remaining: 1.0s
Validation: 110/150 batches (73.6%)
  - Batch Acc: 23.44%, Running Acc: 62.24%
Validation progress: 110/150 batches (73.3%)
  - Elapsed: 2.4s, Estimated remaining: 0.8s
Validation: 115/150 batches (76.9%)
  - Batch Acc: 60.16%, Running Acc: 62.43%
Validation progress: 115/150 batches (76.7%)
  - Elapsed: 2.4s, Estimated remaining: 0.7s
Validation: 120/150 batches (80.3%)
  - Batch Acc: 91.41%, Running Acc: 62.53%
Validation progress: 120/150 batches (80.0%)
  - Elapsed: 2.4s, Estimated remaining: 0.6s
Validation: 125/150 batches (83.6%)
  - Batch Acc: 71.88%, Running Acc: 62.23%
Validation progress: 125/150 batches (83.3%)
  - Elapsed: 2.5s, Estimated remaining: 0.5s
Validation: 130/150 batches (86.9%)
  - Batch Acc: 60.16%, Running Acc: 62.29%
Validation progress: 130/150 batches (86.7%)
  - Elapsed: 2.5s, Estimated remaining: 0.4s
Validation: 135/150 batches (90.3%)
  - Batch Acc: 55.47%, Running Acc: 61.73%
Validation progress: 135/150 batches (90.0%)
  - Elapsed: 2.6s, Estimated remaining: 0.3s
Validation: 140/150 batches (93.6%)
  - Batch Acc: 66.41%, Running Acc: 62.27%
Validation progress: 140/150 batches (93.3%)
  - Elapsed: 2.6s, Estimated remaining: 0.2s
Validation: 145/150 batches (97.0%)
  - Batch Acc: 74.22%, Running Acc: 62.16%
Validation progress: 145/150 batches (96.7%)
  - Elapsed: 2.6s, Estimated remaining: 0.1s
Validation: 150/150 batches (100.3%)
  - Batch Acc: 55.88%, Running Acc: 62.45%
Validation complete in 3.06s - Loss: 2.8215, Accuracy: 0.6245

==== Epoch 23/100 ====
Starting training phase...
Training on 76639 samples...
Training: 100/599 batches (16.7%)
  - Batch Acc: 100.00%, Running Acc: 99.98%
  - Loss: 0.0001, Grad Norm: 0.0008
  - Learning Rate: 0.000200
Training: 200/599 batches (33.4%)
  - Batch Acc: 100.00%, Running Acc: 99.96%
  - Loss: 0.0000, Grad Norm: 0.0001
  - Learning Rate: 0.000200
Training: 300/599 batches (50.1%)
  - Batch Acc: 100.00%, Running Acc: 99.95%
  - Loss: 0.0001, Grad Norm: 0.0031
  - Learning Rate: 0.000200
Training: 400/599 batches (66.8%)
  - Batch Acc: 100.00%, Running Acc: 99.96%
  - Loss: 0.0001, Grad Norm: 0.0032
  - Learning Rate: 0.000200
Training: 500/599 batches (83.5%)
  - Batch Acc: 100.00%, Running Acc: 99.96%
  - Loss: 0.0000, Grad Norm: 0.0002
  - Learning Rate: 0.000200
Training: 599/599 batches (100.0%)
  - Batch Acc: 100.00%, Running Acc: 99.96%
  - Loss: 0.0012, Grad Norm: 0.0340
  - Learning Rate: 0.000200

Training phase complete
Epoch Summary:
  - Average Loss: 0.0010
  - Average Accuracy: 99.96%
  - Average Grad Norm: 0.0168
  - Final Learning Rate: 0.000200
Starting validation phase...
Starting validation on 19140 samples...
Entering no_grad block for validation
Validation progress: 0/150 batches (0.0%)
  - Elapsed: 1.5s, Estimated remaining: 0.0s
Validation: 5/150 batches (3.3%)
  - Batch Acc: 67.97%, Running Acc: 42.34%
Validation progress: 5/150 batches (3.3%)
  - Elapsed: 1.6s, Estimated remaining: 38.1s
Validation: 10/150 batches (6.7%)
  - Batch Acc: 54.69%, Running Acc: 61.33%
Validation progress: 10/150 batches (6.7%)
  - Elapsed: 1.6s, Estimated remaining: 20.5s
Validation: 15/150 batches (10.0%)
  - Batch Acc: 71.88%, Running Acc: 57.76%
Validation progress: 15/150 batches (10.0%)
  - Elapsed: 1.6s, Estimated remaining: 13.7s
Validation: 20/150 batches (13.4%)
  - Batch Acc: 86.72%, Running Acc: 63.87%
Validation progress: 20/150 batches (13.3%)
  - Elapsed: 1.7s, Estimated remaining: 10.2s
Validation: 25/150 batches (16.7%)
  - Batch Acc: 92.19%, Running Acc: 66.47%
Validation progress: 25/150 batches (16.7%)
  - Elapsed: 1.7s, Estimated remaining: 8.1s
Validation: 30/150 batches (20.1%)
  - Batch Acc: 95.31%, Running Acc: 65.65%
Validation progress: 30/150 batches (20.0%)
  - Elapsed: 1.8s, Estimated remaining: 6.7s
Validation: 35/150 batches (23.4%)
  - Batch Acc: 13.28%, Running Acc: 62.41%
Validation progress: 35/150 batches (23.3%)
  - Elapsed: 1.8s, Estimated remaining: 5.6s
Validation: 40/150 batches (26.8%)
  - Batch Acc: 76.56%, Running Acc: 64.36%
Validation progress: 40/150 batches (26.7%)
  - Elapsed: 1.8s, Estimated remaining: 4.9s
Validation: 45/150 batches (30.1%)
  - Batch Acc: 64.06%, Running Acc: 65.30%
Validation progress: 45/150 batches (30.0%)
  - Elapsed: 1.9s, Estimated remaining: 4.2s
Validation: 50/150 batches (33.4%)
  - Batch Acc: 84.38%, Running Acc: 65.75%
Validation progress: 50/150 batches (33.3%)
  - Elapsed: 1.9s, Estimated remaining: 3.7s
Validation: 55/150 batches (36.8%)
  - Batch Acc: 74.22%, Running Acc: 65.41%
Validation progress: 55/150 batches (36.7%)
  - Elapsed: 1.9s, Estimated remaining: 3.3s
Validation: 60/150 batches (40.1%)
  - Batch Acc: 100.00%, Running Acc: 66.77%
Validation progress: 60/150 batches (40.0%)
  - Elapsed: 2.0s, Estimated remaining: 2.9s
Validation: 65/150 batches (43.5%)
  - Batch Acc: 81.25%, Running Acc: 68.28%
Validation progress: 65/150 batches (43.3%)
  - Elapsed: 2.0s, Estimated remaining: 2.6s
Validation: 70/150 batches (46.8%)
  - Batch Acc: 84.38%, Running Acc: 67.92%
Validation progress: 70/150 batches (46.7%)
  - Elapsed: 2.1s, Estimated remaining: 2.3s
Validation: 75/150 batches (50.2%)
  - Batch Acc: 60.16%, Running Acc: 68.71%
Validation progress: 75/150 batches (50.0%)
  - Elapsed: 2.1s, Estimated remaining: 2.1s
Validation: 80/150 batches (53.5%)
  - Batch Acc: 65.62%, Running Acc: 65.94%
Validation progress: 80/150 batches (53.3%)
  - Elapsed: 2.1s, Estimated remaining: 1.8s
Validation: 85/150 batches (56.8%)
  - Batch Acc: 59.38%, Running Acc: 63.25%
Validation progress: 85/150 batches (56.7%)
  - Elapsed: 2.2s, Estimated remaining: 1.6s
Validation: 90/150 batches (60.2%)
  - Batch Acc: 45.31%, Running Acc: 63.19%
Validation progress: 90/150 batches (60.0%)
  - Elapsed: 2.2s, Estimated remaining: 1.4s
Validation: 95/150 batches (63.5%)
  - Batch Acc: 50.78%, Running Acc: 62.51%
Validation progress: 95/150 batches (63.3%)
  - Elapsed: 2.3s, Estimated remaining: 1.3s
Validation: 100/150 batches (66.9%)
  - Batch Acc: 42.97%, Running Acc: 62.49%
Validation progress: 100/150 batches (66.7%)
  - Elapsed: 2.3s, Estimated remaining: 1.1s
Validation: 105/150 batches (70.2%)
  - Batch Acc: 61.72%, Running Acc: 62.52%
Validation progress: 105/150 batches (70.0%)
  - Elapsed: 2.3s, Estimated remaining: 1.0s
Validation: 110/150 batches (73.6%)
  - Batch Acc: 27.34%, Running Acc: 61.81%
Validation progress: 110/150 batches (73.3%)
  - Elapsed: 2.4s, Estimated remaining: 0.8s
Validation: 115/150 batches (76.9%)
  - Batch Acc: 65.62%, Running Acc: 62.27%
Validation progress: 115/150 batches (76.7%)
  - Elapsed: 2.4s, Estimated remaining: 0.7s
Validation: 120/150 batches (80.3%)
  - Batch Acc: 91.41%, Running Acc: 62.61%
Validation progress: 120/150 batches (80.0%)
  - Elapsed: 2.5s, Estimated remaining: 0.6s
Validation: 125/150 batches (83.6%)
  - Batch Acc: 71.09%, Running Acc: 62.66%
Validation progress: 125/150 batches (83.3%)
  - Elapsed: 2.5s, Estimated remaining: 0.5s
Validation: 130/150 batches (86.9%)
  - Batch Acc: 57.81%, Running Acc: 62.33%
Validation progress: 130/150 batches (86.7%)
  - Elapsed: 2.5s, Estimated remaining: 0.4s
Validation: 135/150 batches (90.3%)
  - Batch Acc: 64.84%, Running Acc: 61.78%
Validation progress: 135/150 batches (90.0%)
  - Elapsed: 2.6s, Estimated remaining: 0.3s
Validation: 140/150 batches (93.6%)
  - Batch Acc: 61.72%, Running Acc: 62.27%
Validation progress: 140/150 batches (93.3%)
  - Elapsed: 2.6s, Estimated remaining: 0.2s
Validation: 145/150 batches (97.0%)
  - Batch Acc: 86.72%, Running Acc: 62.11%
Validation progress: 145/150 batches (96.7%)
  - Elapsed: 2.7s, Estimated remaining: 0.1s
Validation: 150/150 batches (100.3%)
  - Batch Acc: 83.82%, Running Acc: 62.51%
Validation complete in 3.10s - Loss: 2.8851, Accuracy: 0.6251
Early stopping triggered at epoch 23

==== Fold 1 training complete, evaluating best model ====
Starting final evaluation...
Evaluating 19140 samples across 150 batches
Evaluating batch 1/150
Evaluating batch 8/150
Evaluating batch 15/150
Evaluating batch 22/150
Evaluating batch 29/150
Evaluation: 35/150 batches, Running Acc: 63.48%, Loss: 8.6649
Evaluating batch 36/150
Evaluating batch 43/150
Evaluating batch 50/150
Evaluating batch 57/150
Evaluating batch 64/150
Evaluation: 70/150 batches, Running Acc: 67.82%, Loss: 0.8315
Evaluating batch 71/150
Evaluating batch 78/150
Evaluating batch 85/150
Evaluating batch 92/150
Evaluating batch 99/150
Evaluation: 105/150 batches, Running Acc: 63.20%, Loss: 1.8673
Evaluating batch 106/150
Evaluating batch 113/150
Evaluating batch 120/150
Evaluating batch 127/150
Evaluating batch 134/150
Evaluation: 140/150 batches, Running Acc: 63.72%, Loss: 3.1360
Evaluating batch 141/150
Evaluating batch 148/150
Evaluation: 150/150 batches, Running Acc: 63.62%, Loss: 1.2822
Computing final evaluation metrics
Evaluation complete - Test Loss: 2.1191, Accuracy: 0.6362, F1 Score: 0.6336

==== Starting fold 2/5 ====
Train: 76620 FC vectors, Validation: 19159 FC vectors
Using ReduceLROnPlateau scheduler monitoring validation val_accuracy

==== Epoch 1/100 ====
Starting training phase...
Training on 76620 samples...
Training: 100/599 batches (16.7%)
  - Batch Acc: 86.72%, Running Acc: 70.83%
  - Loss: 0.2964, Grad Norm: 0.7510
  - Learning Rate: 0.001000
Training: 200/599 batches (33.4%)
  - Batch Acc: 95.31%, Running Acc: 80.82%
  - Loss: 0.1434, Grad Norm: 0.5292
  - Learning Rate: 0.001000
Training: 300/599 batches (50.1%)
  - Batch Acc: 93.75%, Running Acc: 85.47%
  - Loss: 0.1430, Grad Norm: 0.5651
  - Learning Rate: 0.001000
Training: 400/599 batches (66.8%)
  - Batch Acc: 98.44%, Running Acc: 88.24%
  - Loss: 0.0626, Grad Norm: 0.5446
  - Learning Rate: 0.001000
Training: 500/599 batches (83.5%)
  - Batch Acc: 97.66%, Running Acc: 90.02%
  - Loss: 0.0617, Grad Norm: 0.4688
  - Learning Rate: 0.001000
Training: 599/599 batches (100.0%)
  - Batch Acc: 97.37%, Running Acc: 91.35%
  - Loss: 0.0963, Grad Norm: 0.7697
  - Learning Rate: 0.001000

Training phase complete
Epoch Summary:
  - Average Loss: 0.1931
  - Average Accuracy: 91.35%
  - Average Grad Norm: 0.6629
  - Final Learning Rate: 0.001000
Starting validation phase...
Starting validation on 19159 samples...
Entering no_grad block for validation
Validation progress: 0/150 batches (0.0%)
  - Elapsed: 1.5s, Estimated remaining: 0.0s
Validation: 5/150 batches (3.3%)
  - Batch Acc: 95.31%, Running Acc: 91.41%
Validation progress: 5/150 batches (3.3%)
  - Elapsed: 1.5s, Estimated remaining: 36.1s
Validation: 10/150 batches (6.7%)
  - Batch Acc: 15.62%, Running Acc: 72.27%
Validation progress: 10/150 batches (6.7%)
  - Elapsed: 1.5s, Estimated remaining: 19.5s
Validation: 15/150 batches (10.0%)
  - Batch Acc: 79.69%, Running Acc: 68.12%
Validation progress: 15/150 batches (10.0%)
  - Elapsed: 1.6s, Estimated remaining: 13.2s
Validation: 20/150 batches (13.4%)
  - Batch Acc: 74.22%, Running Acc: 66.56%
Validation progress: 20/150 batches (13.3%)
  - Elapsed: 1.6s, Estimated remaining: 9.9s
Validation: 25/150 batches (16.7%)
  - Batch Acc: 67.97%, Running Acc: 66.25%
Validation progress: 25/150 batches (16.7%)
  - Elapsed: 1.7s, Estimated remaining: 8.0s
Validation: 30/150 batches (20.0%)
  - Batch Acc: 78.91%, Running Acc: 63.31%
Validation progress: 30/150 batches (20.0%)
  - Elapsed: 1.7s, Estimated remaining: 6.6s
Validation: 35/150 batches (23.4%)
  - Batch Acc: 76.56%, Running Acc: 63.62%
Validation progress: 35/150 batches (23.3%)
  - Elapsed: 1.7s, Estimated remaining: 5.5s
Validation: 40/150 batches (26.7%)
  - Batch Acc: 100.00%, Running Acc: 65.66%
Validation progress: 40/150 batches (26.7%)
  - Elapsed: 1.8s, Estimated remaining: 4.8s
Validation: 45/150 batches (30.1%)
  - Batch Acc: 75.78%, Running Acc: 67.45%
Validation progress: 45/150 batches (30.0%)
  - Elapsed: 1.8s, Estimated remaining: 4.1s
Validation: 50/150 batches (33.4%)
  - Batch Acc: 82.81%, Running Acc: 65.73%
Validation progress: 50/150 batches (33.3%)
  - Elapsed: 1.9s, Estimated remaining: 3.6s
Validation: 55/150 batches (36.7%)
  - Batch Acc: 39.06%, Running Acc: 64.30%
Validation progress: 55/150 batches (36.7%)
  - Elapsed: 1.9s, Estimated remaining: 3.2s
Validation: 60/150 batches (40.1%)
  - Batch Acc: 38.28%, Running Acc: 65.09%
Validation progress: 60/150 batches (40.0%)
  - Elapsed: 1.9s, Estimated remaining: 2.8s
Validation: 65/150 batches (43.4%)
  - Batch Acc: 5.47%, Running Acc: 62.13%
Validation progress: 65/150 batches (43.3%)
  - Elapsed: 2.0s, Estimated remaining: 2.5s
Validation: 70/150 batches (46.8%)
  - Batch Acc: 55.47%, Running Acc: 59.41%
Validation progress: 70/150 batches (46.7%)
  - Elapsed: 2.0s, Estimated remaining: 2.3s
Validation: 75/150 batches (50.1%)
  - Batch Acc: 62.50%, Running Acc: 58.46%
Validation progress: 75/150 batches (50.0%)
  - Elapsed: 2.1s, Estimated remaining: 2.0s
Validation: 80/150 batches (53.4%)
  - Batch Acc: 55.47%, Running Acc: 59.47%
Validation progress: 80/150 batches (53.3%)
  - Elapsed: 2.1s, Estimated remaining: 1.8s
Validation: 85/150 batches (56.8%)
  - Batch Acc: 30.47%, Running Acc: 59.56%
Validation progress: 85/150 batches (56.7%)
  - Elapsed: 2.1s, Estimated remaining: 1.6s
Validation: 90/150 batches (60.1%)
  - Batch Acc: 34.38%, Running Acc: 59.40%
Validation progress: 90/150 batches (60.0%)
  - Elapsed: 2.2s, Estimated remaining: 1.4s
Validation: 95/150 batches (63.5%)
  - Batch Acc: 41.41%, Running Acc: 59.59%
Validation progress: 95/150 batches (63.3%)
  - Elapsed: 2.2s, Estimated remaining: 1.3s
Validation: 100/150 batches (66.8%)
  - Batch Acc: 50.78%, Running Acc: 59.75%
Validation progress: 100/150 batches (66.7%)
  - Elapsed: 2.3s, Estimated remaining: 1.1s
Validation: 105/150 batches (70.1%)
  - Batch Acc: 84.38%, Running Acc: 60.93%
Validation progress: 105/150 batches (70.0%)
  - Elapsed: 2.3s, Estimated remaining: 1.0s
Validation: 110/150 batches (73.5%)
  - Batch Acc: 57.81%, Running Acc: 60.58%
Validation progress: 110/150 batches (73.3%)
  - Elapsed: 2.3s, Estimated remaining: 0.8s
Validation: 115/150 batches (76.8%)
  - Batch Acc: 84.38%, Running Acc: 60.25%
Validation progress: 115/150 batches (76.7%)
  - Elapsed: 2.4s, Estimated remaining: 0.7s
Validation: 120/150 batches (80.2%)
  - Batch Acc: 2.34%, Running Acc: 59.52%
Validation progress: 120/150 batches (80.0%)
  - Elapsed: 2.4s, Estimated remaining: 0.6s
Validation: 125/150 batches (83.5%)
  - Batch Acc: 85.94%, Running Acc: 58.69%
Validation progress: 125/150 batches (83.3%)
  - Elapsed: 2.5s, Estimated remaining: 0.5s
Validation: 130/150 batches (86.9%)
  - Batch Acc: 96.88%, Running Acc: 59.26%
Validation progress: 130/150 batches (86.7%)
  - Elapsed: 2.5s, Estimated remaining: 0.4s
Validation: 135/150 batches (90.2%)
  - Batch Acc: 9.38%, Running Acc: 58.67%
Validation progress: 135/150 batches (90.0%)
  - Elapsed: 2.5s, Estimated remaining: 0.3s
Validation: 140/150 batches (93.5%)
  - Batch Acc: 76.56%, Running Acc: 58.87%
Validation progress: 140/150 batches (93.3%)
  - Elapsed: 2.6s, Estimated remaining: 0.2s
Validation: 145/150 batches (96.9%)
  - Batch Acc: 69.53%, Running Acc: 58.79%
Validation progress: 145/150 batches (96.7%)
  - Elapsed: 2.6s, Estimated remaining: 0.1s
Validation: 150/150 batches (100.2%)
  - Batch Acc: 93.10%, Running Acc: 58.83%
Validation complete in 3.06s - Loss: 1.5573, Accuracy: 0.5883

==== Epoch 2/100 ====
Starting training phase...
Training on 76620 samples...
Training: 100/599 batches (16.7%)
  - Batch Acc: 98.44%, Running Acc: 98.30%
  - Loss: 0.0460, Grad Norm: 0.3154
  - Learning Rate: 0.001000
Training: 200/599 batches (33.4%)
  - Batch Acc: 98.44%, Running Acc: 98.32%
  - Loss: 0.0442, Grad Norm: 0.5401
  - Learning Rate: 0.001000
Training: 300/599 batches (50.1%)
  - Batch Acc: 100.00%, Running Acc: 98.30%
  - Loss: 0.0195, Grad Norm: 0.1709
  - Learning Rate: 0.001000
Training: 400/599 batches (66.8%)
  - Batch Acc: 100.00%, Running Acc: 98.41%
  - Loss: 0.0162, Grad Norm: 0.2274
  - Learning Rate: 0.001000
Training: 500/599 batches (83.5%)
  - Batch Acc: 100.00%, Running Acc: 98.55%
  - Loss: 0.0174, Grad Norm: 0.2939
  - Learning Rate: 0.001000
Training: 599/599 batches (100.0%)
  - Batch Acc: 97.37%, Running Acc: 98.63%
  - Loss: 0.0326, Grad Norm: 0.4960
  - Learning Rate: 0.001000

Training phase complete
Epoch Summary:
  - Average Loss: 0.0383
  - Average Accuracy: 98.63%
  - Average Grad Norm: 0.3346
  - Final Learning Rate: 0.001000
Starting validation phase...
Starting validation on 19159 samples...
Entering no_grad block for validation
Validation progress: 0/150 batches (0.0%)
  - Elapsed: 1.5s, Estimated remaining: 0.0s
Validation: 5/150 batches (3.3%)
  - Batch Acc: 40.62%, Running Acc: 31.25%
Validation progress: 5/150 batches (3.3%)
  - Elapsed: 1.6s, Estimated remaining: 37.6s
Validation: 10/150 batches (6.7%)
  - Batch Acc: 37.50%, Running Acc: 33.05%
Validation progress: 10/150 batches (6.7%)
  - Elapsed: 1.6s, Estimated remaining: 20.2s
Validation: 15/150 batches (10.0%)
  - Batch Acc: 53.91%, Running Acc: 37.40%
Validation progress: 15/150 batches (10.0%)
  - Elapsed: 1.6s, Estimated remaining: 13.6s
Validation: 20/150 batches (13.4%)
  - Batch Acc: 99.22%, Running Acc: 46.56%
Validation progress: 20/150 batches (13.3%)
  - Elapsed: 1.7s, Estimated remaining: 10.2s
Validation: 25/150 batches (16.7%)
  - Batch Acc: 54.69%, Running Acc: 51.72%
Validation progress: 25/150 batches (16.7%)
  - Elapsed: 1.7s, Estimated remaining: 8.1s
Validation: 30/150 batches (20.0%)
  - Batch Acc: 79.69%, Running Acc: 54.27%
Validation progress: 30/150 batches (20.0%)
  - Elapsed: 1.7s, Estimated remaining: 6.7s
Validation: 35/150 batches (23.4%)
  - Batch Acc: 42.97%, Running Acc: 51.79%
Validation progress: 35/150 batches (23.3%)
  - Elapsed: 1.8s, Estimated remaining: 5.7s
Validation: 40/150 batches (26.7%)
  - Batch Acc: 100.00%, Running Acc: 53.73%
Validation progress: 40/150 batches (26.7%)
  - Elapsed: 1.8s, Estimated remaining: 4.8s
Validation: 45/150 batches (30.1%)
  - Batch Acc: 73.44%, Running Acc: 55.03%
Validation progress: 45/150 batches (30.0%)
  - Elapsed: 1.9s, Estimated remaining: 4.2s
Validation: 50/150 batches (33.4%)
  - Batch Acc: 97.66%, Running Acc: 58.39%
Validation progress: 50/150 batches (33.3%)
  - Elapsed: 1.9s, Estimated remaining: 3.7s
Validation: 55/150 batches (36.7%)
  - Batch Acc: 50.00%, Running Acc: 59.82%
Validation progress: 55/150 batches (36.7%)
  - Elapsed: 1.9s, Estimated remaining: 3.3s
Validation: 60/150 batches (40.1%)
  - Batch Acc: 51.56%, Running Acc: 61.98%
Validation progress: 60/150 batches (40.0%)
  - Elapsed: 2.0s, Estimated remaining: 2.9s
Validation: 65/150 batches (43.4%)
  - Batch Acc: 48.44%, Running Acc: 62.78%
Validation progress: 65/150 batches (43.3%)
  - Elapsed: 2.0s, Estimated remaining: 2.6s
Validation: 70/150 batches (46.8%)
  - Batch Acc: 67.97%, Running Acc: 62.71%
Validation progress: 70/150 batches (46.7%)
  - Elapsed: 2.1s, Estimated remaining: 2.3s
Validation: 75/150 batches (50.1%)
  - Batch Acc: 45.31%, Running Acc: 61.12%
Validation progress: 75/150 batches (50.0%)
  - Elapsed: 2.1s, Estimated remaining: 2.0s
Validation: 80/150 batches (53.4%)
  - Batch Acc: 36.72%, Running Acc: 60.10%
Validation progress: 80/150 batches (53.3%)
  - Elapsed: 2.1s, Estimated remaining: 1.8s
Validation: 85/150 batches (56.8%)
  - Batch Acc: 8.59%, Running Acc: 59.80%
Validation progress: 85/150 batches (56.7%)
  - Elapsed: 2.2s, Estimated remaining: 1.6s
Validation: 90/150 batches (60.1%)
  - Batch Acc: 25.78%, Running Acc: 57.86%
Validation progress: 90/150 batches (60.0%)
  - Elapsed: 2.2s, Estimated remaining: 1.4s
Validation: 95/150 batches (63.5%)
  - Batch Acc: 26.56%, Running Acc: 56.43%
Validation progress: 95/150 batches (63.3%)
  - Elapsed: 2.3s, Estimated remaining: 1.3s
Validation: 100/150 batches (66.8%)
  - Batch Acc: 3.12%, Running Acc: 54.17%
Validation progress: 100/150 batches (66.7%)
  - Elapsed: 2.3s, Estimated remaining: 1.1s
Validation: 105/150 batches (70.1%)
  - Batch Acc: 100.00%, Running Acc: 55.89%
Validation progress: 105/150 batches (70.0%)
  - Elapsed: 2.3s, Estimated remaining: 1.0s
Validation: 110/150 batches (73.5%)
  - Batch Acc: 89.06%, Running Acc: 57.53%
Validation progress: 110/150 batches (73.3%)
  - Elapsed: 2.4s, Estimated remaining: 0.8s
Validation: 115/150 batches (76.8%)
  - Batch Acc: 100.00%, Running Acc: 58.94%
Validation progress: 115/150 batches (76.7%)
  - Elapsed: 2.4s, Estimated remaining: 0.7s
Validation: 120/150 batches (80.2%)
  - Batch Acc: 37.50%, Running Acc: 59.84%
Validation progress: 120/150 batches (80.0%)
  - Elapsed: 2.5s, Estimated remaining: 0.6s
Validation: 125/150 batches (83.5%)
  - Batch Acc: 66.41%, Running Acc: 60.43%
Validation progress: 125/150 batches (83.3%)
  - Elapsed: 2.5s, Estimated remaining: 0.5s
Validation: 130/150 batches (86.9%)
  - Batch Acc: 100.00%, Running Acc: 60.17%
Validation progress: 130/150 batches (86.7%)
  - Elapsed: 2.6s, Estimated remaining: 0.4s
Validation: 135/150 batches (90.2%)
  - Batch Acc: 52.34%, Running Acc: 60.59%
Validation progress: 135/150 batches (90.0%)
  - Elapsed: 2.6s, Estimated remaining: 0.3s
Validation: 140/150 batches (93.5%)
  - Batch Acc: 19.53%, Running Acc: 59.97%
Validation progress: 140/150 batches (93.3%)
  - Elapsed: 2.6s, Estimated remaining: 0.2s
Validation: 145/150 batches (96.9%)
  - Batch Acc: 96.88%, Running Acc: 60.04%
Validation progress: 145/150 batches (96.7%)
  - Elapsed: 2.7s, Estimated remaining: 0.1s
Validation: 150/150 batches (100.2%)
  - Batch Acc: 98.85%, Running Acc: 61.02%
Validation complete in 3.13s - Loss: 1.9230, Accuracy: 0.6102

==== Epoch 3/100 ====
Starting training phase...
Training on 76620 samples...
Training: 100/599 batches (16.7%)
  - Batch Acc: 98.44%, Running Acc: 98.77%
  - Loss: 0.0248, Grad Norm: 0.2126
  - Learning Rate: 0.001000
Training: 200/599 batches (33.4%)
  - Batch Acc: 98.44%, Running Acc: 98.86%
  - Loss: 0.0427, Grad Norm: 0.6164
  - Learning Rate: 0.001000
Training: 300/599 batches (50.1%)
  - Batch Acc: 96.88%, Running Acc: 98.92%
  - Loss: 0.0807, Grad Norm: 0.5526
  - Learning Rate: 0.001000
Training: 400/599 batches (66.8%)
  - Batch Acc: 100.00%, Running Acc: 98.92%
  - Loss: 0.0032, Grad Norm: 0.0267
  - Learning Rate: 0.001000
Training: 500/599 batches (83.5%)
  - Batch Acc: 98.44%, Running Acc: 98.99%
  - Loss: 0.0635, Grad Norm: 0.3722
  - Learning Rate: 0.001000
Training: 599/599 batches (100.0%)
  - Batch Acc: 100.00%, Running Acc: 99.00%
  - Loss: 0.0313, Grad Norm: 0.4403
  - Learning Rate: 0.001000

Training phase complete
Epoch Summary:
  - Average Loss: 0.0288
  - Average Accuracy: 99.00%
  - Average Grad Norm: 0.2692
  - Final Learning Rate: 0.001000
Starting validation phase...
Starting validation on 19159 samples...
Entering no_grad block for validation
Validation progress: 0/150 batches (0.0%)
  - Elapsed: 1.5s, Estimated remaining: 0.0s
Validation: 5/150 batches (3.3%)
  - Batch Acc: 99.22%, Running Acc: 95.47%
Validation progress: 5/150 batches (3.3%)
  - Elapsed: 1.5s, Estimated remaining: 36.7s
Validation: 10/150 batches (6.7%)
  - Batch Acc: 29.69%, Running Acc: 73.59%
Validation progress: 10/150 batches (6.7%)
  - Elapsed: 1.6s, Estimated remaining: 20.0s
Validation: 15/150 batches (10.0%)
  - Batch Acc: 85.16%, Running Acc: 73.07%
Validation progress: 15/150 batches (10.0%)
  - Elapsed: 1.6s, Estimated remaining: 13.4s
Validation: 20/150 batches (13.4%)
  - Batch Acc: 79.69%, Running Acc: 72.97%
Validation progress: 20/150 batches (13.3%)
  - Elapsed: 1.6s, Estimated remaining: 10.1s
Validation: 25/150 batches (16.7%)
  - Batch Acc: 71.09%, Running Acc: 71.72%
Validation progress: 25/150 batches (16.7%)
  - Elapsed: 1.7s, Estimated remaining: 8.0s
Validation: 30/150 batches (20.0%)
  - Batch Acc: 66.41%, Running Acc: 68.12%
Validation progress: 30/150 batches (20.0%)
  - Elapsed: 1.7s, Estimated remaining: 6.6s
Validation: 35/150 batches (23.4%)
  - Batch Acc: 78.12%, Running Acc: 68.73%
Validation progress: 35/150 batches (23.3%)
  - Elapsed: 1.8s, Estimated remaining: 5.6s
Validation: 40/150 batches (26.7%)
  - Batch Acc: 100.00%, Running Acc: 69.82%
Validation progress: 40/150 batches (26.7%)
  - Elapsed: 1.8s, Estimated remaining: 4.8s
Validation: 45/150 batches (30.1%)
  - Batch Acc: 60.94%, Running Acc: 69.93%
Validation progress: 45/150 batches (30.0%)
  - Elapsed: 1.8s, Estimated remaining: 4.1s
Validation: 50/150 batches (33.4%)
  - Batch Acc: 79.69%, Running Acc: 68.39%
Validation progress: 50/150 batches (33.3%)
  - Elapsed: 1.9s, Estimated remaining: 3.6s
Validation: 55/150 batches (36.7%)
  - Batch Acc: 45.31%, Running Acc: 67.95%
Validation progress: 55/150 batches (36.7%)
  - Elapsed: 1.9s, Estimated remaining: 3.2s
Validation: 60/150 batches (40.1%)
  - Batch Acc: 33.59%, Running Acc: 68.11%
Validation progress: 60/150 batches (40.0%)
  - Elapsed: 1.9s, Estimated remaining: 2.8s
Validation: 65/150 batches (43.4%)
  - Batch Acc: 29.69%, Running Acc: 65.79%
Validation progress: 65/150 batches (43.3%)
  - Elapsed: 2.0s, Estimated remaining: 2.5s
Validation: 70/150 batches (46.8%)
  - Batch Acc: 43.75%, Running Acc: 63.38%
Validation progress: 70/150 batches (46.7%)
  - Elapsed: 2.0s, Estimated remaining: 2.3s
Validation: 75/150 batches (50.1%)
  - Batch Acc: 51.56%, Running Acc: 62.26%
Validation progress: 75/150 batches (50.0%)
  - Elapsed: 2.1s, Estimated remaining: 2.0s
Validation: 80/150 batches (53.4%)
  - Batch Acc: 50.78%, Running Acc: 62.55%
Validation progress: 80/150 batches (53.3%)
  - Elapsed: 2.1s, Estimated remaining: 1.8s
Validation: 85/150 batches (56.8%)
  - Batch Acc: 28.91%, Running Acc: 61.73%
Validation progress: 85/150 batches (56.7%)
  - Elapsed: 2.1s, Estimated remaining: 1.6s
Validation: 90/150 batches (60.1%)
  - Batch Acc: 45.31%, Running Acc: 61.16%
Validation progress: 90/150 batches (60.0%)
  - Elapsed: 2.2s, Estimated remaining: 1.4s
Validation: 95/150 batches (63.5%)
  - Batch Acc: 53.12%, Running Acc: 61.56%
Validation progress: 95/150 batches (63.3%)
  - Elapsed: 2.2s, Estimated remaining: 1.2s
Validation: 100/150 batches (66.8%)
  - Batch Acc: 49.22%, Running Acc: 61.64%
Validation progress: 100/150 batches (66.7%)
  - Elapsed: 2.3s, Estimated remaining: 1.1s
Validation: 105/150 batches (70.1%)
  - Batch Acc: 96.88%, Running Acc: 62.86%
Validation progress: 105/150 batches (70.0%)
  - Elapsed: 2.3s, Estimated remaining: 1.0s
Validation: 110/150 batches (73.5%)
  - Batch Acc: 43.75%, Running Acc: 62.68%
Validation progress: 110/150 batches (73.3%)
  - Elapsed: 2.3s, Estimated remaining: 0.8s
Validation: 115/150 batches (76.8%)
  - Batch Acc: 96.09%, Running Acc: 62.11%
Validation progress: 115/150 batches (76.7%)
  - Elapsed: 2.4s, Estimated remaining: 0.7s
Validation: 120/150 batches (80.2%)
  - Batch Acc: 6.25%, Running Acc: 61.61%
Validation progress: 120/150 batches (80.0%)
  - Elapsed: 2.4s, Estimated remaining: 0.6s
Validation: 125/150 batches (83.5%)
  - Batch Acc: 87.50%, Running Acc: 61.08%
Validation progress: 125/150 batches (83.3%)
  - Elapsed: 2.5s, Estimated remaining: 0.5s
Validation: 130/150 batches (86.9%)
  - Batch Acc: 93.75%, Running Acc: 61.80%
Validation progress: 130/150 batches (86.7%)
  - Elapsed: 2.5s, Estimated remaining: 0.4s
Validation: 135/150 batches (90.2%)
  - Batch Acc: 17.19%, Running Acc: 61.24%
Validation progress: 135/150 batches (90.0%)
  - Elapsed: 2.5s, Estimated remaining: 0.3s
Validation: 140/150 batches (93.5%)
  - Batch Acc: 82.03%, Running Acc: 61.36%
Validation progress: 140/150 batches (93.3%)
  - Elapsed: 2.6s, Estimated remaining: 0.2s
Validation: 145/150 batches (96.9%)
  - Batch Acc: 72.66%, Running Acc: 60.97%
Validation progress: 145/150 batches (96.7%)
  - Elapsed: 2.6s, Estimated remaining: 0.1s
Validation: 150/150 batches (100.2%)
  - Batch Acc: 86.21%, Running Acc: 61.18%
Validation complete in 3.04s - Loss: 1.8344, Accuracy: 0.6118

==== Epoch 4/100 ====
Starting training phase...
Training on 76620 samples...
Training: 100/599 batches (16.7%)
  - Batch Acc: 100.00%, Running Acc: 99.23%
  - Loss: 0.0056, Grad Norm: 0.1362
  - Learning Rate: 0.001000
Training: 200/599 batches (33.4%)
  - Batch Acc: 99.22%, Running Acc: 99.21%
  - Loss: 0.0482, Grad Norm: 0.2141
  - Learning Rate: 0.001000
Training: 300/599 batches (50.1%)
  - Batch Acc: 100.00%, Running Acc: 99.30%
  - Loss: 0.0065, Grad Norm: 0.0816
  - Learning Rate: 0.001000
Training: 400/599 batches (66.8%)
  - Batch Acc: 100.00%, Running Acc: 99.29%
  - Loss: 0.0131, Grad Norm: 0.1208
  - Learning Rate: 0.001000
Training: 500/599 batches (83.5%)
  - Batch Acc: 99.22%, Running Acc: 99.32%
  - Loss: 0.0308, Grad Norm: 0.3677
  - Learning Rate: 0.001000
Training: 599/599 batches (100.0%)
  - Batch Acc: 100.00%, Running Acc: 99.33%
  - Loss: 0.0094, Grad Norm: 0.2667
  - Learning Rate: 0.001000

Training phase complete
Epoch Summary:
  - Average Loss: 0.0197
  - Average Accuracy: 99.33%
  - Average Grad Norm: 0.2065
  - Final Learning Rate: 0.001000
Starting validation phase...
Starting validation on 19159 samples...
Entering no_grad block for validation
Validation progress: 0/150 batches (0.0%)
  - Elapsed: 1.5s, Estimated remaining: 0.0s
Validation: 5/150 batches (3.3%)
  - Batch Acc: 33.59%, Running Acc: 35.47%
Validation progress: 5/150 batches (3.3%)
  - Elapsed: 1.5s, Estimated remaining: 36.8s
Validation: 10/150 batches (6.7%)
  - Batch Acc: 36.72%, Running Acc: 32.50%
Validation progress: 10/150 batches (6.7%)
  - Elapsed: 1.6s, Estimated remaining: 20.1s
Validation: 15/150 batches (10.0%)
  - Batch Acc: 41.41%, Running Acc: 37.34%
Validation progress: 15/150 batches (10.0%)
  - Elapsed: 1.6s, Estimated remaining: 13.5s
Validation: 20/150 batches (13.4%)
  - Batch Acc: 89.06%, Running Acc: 45.43%
Validation progress: 20/150 batches (13.3%)
  - Elapsed: 1.6s, Estimated remaining: 10.1s
Validation: 25/150 batches (16.7%)
  - Batch Acc: 54.69%, Running Acc: 49.53%
Validation progress: 25/150 batches (16.7%)
  - Elapsed: 1.7s, Estimated remaining: 8.0s
Validation: 30/150 batches (20.0%)
  - Batch Acc: 86.72%, Running Acc: 53.26%
Validation progress: 30/150 batches (20.0%)
  - Elapsed: 1.7s, Estimated remaining: 6.6s
Validation: 35/150 batches (23.4%)
  - Batch Acc: 61.72%, Running Acc: 51.76%
Validation progress: 35/150 batches (23.3%)
  - Elapsed: 1.8s, Estimated remaining: 5.6s
Validation: 40/150 batches (26.7%)
  - Batch Acc: 100.00%, Running Acc: 54.18%
Validation progress: 40/150 batches (26.7%)
  - Elapsed: 1.8s, Estimated remaining: 4.8s
Validation: 45/150 batches (30.1%)
  - Batch Acc: 70.31%, Running Acc: 56.09%
Validation progress: 45/150 batches (30.0%)
  - Elapsed: 1.9s, Estimated remaining: 4.2s
Validation: 50/150 batches (33.4%)
  - Batch Acc: 97.66%, Running Acc: 58.25%
Validation progress: 50/150 batches (33.3%)
  - Elapsed: 1.9s, Estimated remaining: 3.7s
Validation: 55/150 batches (36.7%)
  - Batch Acc: 57.81%, Running Acc: 59.62%
Validation progress: 55/150 batches (36.7%)
  - Elapsed: 1.9s, Estimated remaining: 3.2s
Validation: 60/150 batches (40.1%)
  - Batch Acc: 38.28%, Running Acc: 61.32%
Validation progress: 60/150 batches (40.0%)
  - Elapsed: 2.0s, Estimated remaining: 2.9s
Validation: 65/150 batches (43.4%)
  - Batch Acc: 49.22%, Running Acc: 61.49%
Validation progress: 65/150 batches (43.3%)
  - Elapsed: 2.0s, Estimated remaining: 2.6s
Validation: 70/150 batches (46.8%)
  - Batch Acc: 63.28%, Running Acc: 60.94%
Validation progress: 70/150 batches (46.7%)
  - Elapsed: 2.1s, Estimated remaining: 2.3s
Validation: 75/150 batches (50.1%)
  - Batch Acc: 21.09%, Running Acc: 58.99%
Validation progress: 75/150 batches (50.0%)
  - Elapsed: 2.1s, Estimated remaining: 2.0s
Validation: 80/150 batches (53.4%)
  - Batch Acc: 37.50%, Running Acc: 58.89%
Validation progress: 80/150 batches (53.3%)
  - Elapsed: 2.1s, Estimated remaining: 1.8s
Validation: 85/150 batches (56.8%)
  - Batch Acc: 21.09%, Running Acc: 58.51%
Validation progress: 85/150 batches (56.7%)
  - Elapsed: 2.2s, Estimated remaining: 1.6s
Validation: 90/150 batches (60.1%)
  - Batch Acc: 39.84%, Running Acc: 57.42%
Validation progress: 90/150 batches (60.0%)
  - Elapsed: 2.2s, Estimated remaining: 1.4s
Validation: 95/150 batches (63.5%)
  - Batch Acc: 32.81%, Running Acc: 56.90%
Validation progress: 95/150 batches (63.3%)
  - Elapsed: 2.3s, Estimated remaining: 1.3s
Validation: 100/150 batches (66.8%)
  - Batch Acc: 4.69%, Running Acc: 54.84%
Validation progress: 100/150 batches (66.7%)
  - Elapsed: 2.3s, Estimated remaining: 1.1s
Validation: 105/150 batches (70.1%)
  - Batch Acc: 100.00%, Running Acc: 56.50%
Validation progress: 105/150 batches (70.0%)
  - Elapsed: 2.3s, Estimated remaining: 1.0s
Validation: 110/150 batches (73.5%)
  - Batch Acc: 83.59%, Running Acc: 57.98%
Validation progress: 110/150 batches (73.3%)
  - Elapsed: 2.4s, Estimated remaining: 0.8s
Validation: 115/150 batches (76.8%)
  - Batch Acc: 96.09%, Running Acc: 59.39%
Validation progress: 115/150 batches (76.7%)
  - Elapsed: 2.4s, Estimated remaining: 0.7s
Validation: 120/150 batches (80.2%)
  - Batch Acc: 10.94%, Running Acc: 59.83%
Validation progress: 120/150 batches (80.0%)
  - Elapsed: 2.5s, Estimated remaining: 0.6s
Validation: 125/150 batches (83.5%)
  - Batch Acc: 82.81%, Running Acc: 60.66%
Validation progress: 125/150 batches (83.3%)
  - Elapsed: 2.5s, Estimated remaining: 0.5s
Validation: 130/150 batches (86.9%)
  - Batch Acc: 100.00%, Running Acc: 60.76%
Validation progress: 130/150 batches (86.7%)
  - Elapsed: 2.5s, Estimated remaining: 0.4s
Validation: 135/150 batches (90.2%)
  - Batch Acc: 36.72%, Running Acc: 60.85%
Validation progress: 135/150 batches (90.0%)
  - Elapsed: 2.6s, Estimated remaining: 0.3s
Validation: 140/150 batches (93.5%)
  - Batch Acc: 51.56%, Running Acc: 60.30%
Validation progress: 140/150 batches (93.3%)
  - Elapsed: 2.6s, Estimated remaining: 0.2s
Validation: 145/150 batches (96.9%)
  - Batch Acc: 95.31%, Running Acc: 60.25%
Validation progress: 145/150 batches (96.7%)
  - Elapsed: 2.7s, Estimated remaining: 0.1s
Validation: 150/150 batches (100.2%)
  - Batch Acc: 86.21%, Running Acc: 61.06%
Validation complete in 3.12s - Loss: 2.1320, Accuracy: 0.6106

==== Epoch 5/100 ====
Starting training phase...
Training on 76620 samples...
Training: 100/599 batches (16.7%)
  - Batch Acc: 99.22%, Running Acc: 99.41%
  - Loss: 0.0116, Grad Norm: 0.1740
  - Learning Rate: 0.001000
Training: 200/599 batches (33.4%)
  - Batch Acc: 100.00%, Running Acc: 99.46%
  - Loss: 0.0025, Grad Norm: 0.0248
  - Learning Rate: 0.001000
Training: 300/599 batches (50.1%)
  - Batch Acc: 96.88%, Running Acc: 99.31%
  - Loss: 0.0746, Grad Norm: 0.4636
  - Learning Rate: 0.001000
Training: 400/599 batches (66.8%)
  - Batch Acc: 100.00%, Running Acc: 99.26%
  - Loss: 0.0037, Grad Norm: 0.0307
  - Learning Rate: 0.001000
Training: 500/599 batches (83.5%)
  - Batch Acc: 99.22%, Running Acc: 99.30%
  - Loss: 0.0141, Grad Norm: 0.1908
  - Learning Rate: 0.001000
Training: 599/599 batches (100.0%)
  - Batch Acc: 98.68%, Running Acc: 99.32%
  - Loss: 0.0424, Grad Norm: 0.3282
  - Learning Rate: 0.001000

Training phase complete
Epoch Summary:
  - Average Loss: 0.0192
  - Average Accuracy: 99.32%
  - Average Grad Norm: 0.1842
  - Final Learning Rate: 0.001000
Starting validation phase...
Starting validation on 19159 samples...
Entering no_grad block for validation
Validation progress: 0/150 batches (0.0%)
  - Elapsed: 1.5s, Estimated remaining: 0.0s
Validation: 5/150 batches (3.3%)
  - Batch Acc: 95.31%, Running Acc: 90.31%
Validation progress: 5/150 batches (3.3%)
  - Elapsed: 1.5s, Estimated remaining: 37.0s
Validation: 10/150 batches (6.7%)
  - Batch Acc: 28.91%, Running Acc: 71.17%
Validation progress: 10/150 batches (6.7%)
  - Elapsed: 1.6s, Estimated remaining: 19.7s
Validation: 15/150 batches (10.0%)
  - Batch Acc: 64.06%, Running Acc: 66.30%
Validation progress: 15/150 batches (10.0%)
  - Elapsed: 1.6s, Estimated remaining: 13.4s
Validation: 20/150 batches (13.4%)
  - Batch Acc: 57.81%, Running Acc: 66.33%
Validation progress: 20/150 batches (13.3%)
  - Elapsed: 1.6s, Estimated remaining: 10.1s
Validation: 25/150 batches (16.7%)
  - Batch Acc: 66.41%, Running Acc: 65.88%
Validation progress: 25/150 batches (16.7%)
  - Elapsed: 1.7s, Estimated remaining: 7.9s
Validation: 30/150 batches (20.0%)
  - Batch Acc: 82.81%, Running Acc: 64.48%
Validation progress: 30/150 batches (20.0%)
  - Elapsed: 1.7s, Estimated remaining: 6.6s
Validation: 35/150 batches (23.4%)
  - Batch Acc: 64.84%, Running Acc: 65.18%
Validation progress: 35/150 batches (23.3%)
  - Elapsed: 1.7s, Estimated remaining: 5.5s
Validation: 40/150 batches (26.7%)
  - Batch Acc: 100.00%, Running Acc: 67.27%
Validation progress: 40/150 batches (26.7%)
  - Elapsed: 1.8s, Estimated remaining: 4.7s
Validation: 45/150 batches (30.1%)
  - Batch Acc: 70.31%, Running Acc: 68.68%
Validation progress: 45/150 batches (30.0%)
  - Elapsed: 1.8s, Estimated remaining: 4.2s
Validation: 50/150 batches (33.4%)
  - Batch Acc: 80.47%, Running Acc: 66.98%
Validation progress: 50/150 batches (33.3%)
  - Elapsed: 1.9s, Estimated remaining: 3.6s
Validation: 55/150 batches (36.7%)
  - Batch Acc: 37.50%, Running Acc: 66.78%
Validation progress: 55/150 batches (36.7%)
  - Elapsed: 1.9s, Estimated remaining: 3.2s
Validation: 60/150 batches (40.1%)
  - Batch Acc: 29.69%, Running Acc: 66.68%
Validation progress: 60/150 batches (40.0%)
  - Elapsed: 2.0s, Estimated remaining: 2.9s
Validation: 65/150 batches (43.4%)
  - Batch Acc: 11.72%, Running Acc: 63.53%
Validation progress: 65/150 batches (43.3%)
  - Elapsed: 2.0s, Estimated remaining: 2.5s
Validation: 70/150 batches (46.8%)
  - Batch Acc: 46.09%, Running Acc: 61.16%
Validation progress: 70/150 batches (46.7%)
  - Elapsed: 2.0s, Estimated remaining: 2.3s
Validation: 75/150 batches (50.1%)
  - Batch Acc: 70.31%, Running Acc: 59.97%
Validation progress: 75/150 batches (50.0%)
  - Elapsed: 2.1s, Estimated remaining: 2.0s
Validation: 80/150 batches (53.4%)
  - Batch Acc: 54.69%, Running Acc: 60.77%
Validation progress: 80/150 batches (53.3%)
  - Elapsed: 2.1s, Estimated remaining: 1.8s
Validation: 85/150 batches (56.8%)
  - Batch Acc: 28.91%, Running Acc: 60.89%
Validation progress: 85/150 batches (56.7%)
  - Elapsed: 2.2s, Estimated remaining: 1.6s
Validation: 90/150 batches (60.1%)
  - Batch Acc: 39.84%, Running Acc: 60.59%
Validation progress: 90/150 batches (60.0%)
  - Elapsed: 2.2s, Estimated remaining: 1.4s
Validation: 95/150 batches (63.5%)
  - Batch Acc: 61.72%, Running Acc: 61.23%
Validation progress: 95/150 batches (63.3%)
  - Elapsed: 2.3s, Estimated remaining: 1.3s
Validation: 100/150 batches (66.8%)
  - Batch Acc: 48.44%, Running Acc: 61.32%
Validation progress: 100/150 batches (66.7%)
  - Elapsed: 2.3s, Estimated remaining: 1.1s
Validation: 105/150 batches (70.1%)
  - Batch Acc: 89.84%, Running Acc: 62.41%
Validation progress: 105/150 batches (70.0%)
  - Elapsed: 2.3s, Estimated remaining: 1.0s
Validation: 110/150 batches (73.5%)
  - Batch Acc: 43.75%, Running Acc: 62.34%
Validation progress: 110/150 batches (73.3%)
  - Elapsed: 2.4s, Estimated remaining: 0.8s
Validation: 115/150 batches (76.8%)
  - Batch Acc: 95.31%, Running Acc: 61.78%
Validation progress: 115/150 batches (76.7%)
  - Elapsed: 2.4s, Estimated remaining: 0.7s
Validation: 120/150 batches (80.2%)
  - Batch Acc: 0.00%, Running Acc: 61.45%
Validation progress: 120/150 batches (80.0%)
  - Elapsed: 2.5s, Estimated remaining: 0.6s
Validation: 125/150 batches (83.5%)
  - Batch Acc: 88.28%, Running Acc: 60.86%
Validation progress: 125/150 batches (83.3%)
  - Elapsed: 2.5s, Estimated remaining: 0.5s
Validation: 130/150 batches (86.9%)
  - Batch Acc: 95.31%, Running Acc: 61.50%
Validation progress: 130/150 batches (86.7%)
  - Elapsed: 2.5s, Estimated remaining: 0.4s
Validation: 135/150 batches (90.2%)
  - Batch Acc: 9.38%, Running Acc: 61.09%
Validation progress: 135/150 batches (90.0%)
  - Elapsed: 2.6s, Estimated remaining: 0.3s
Validation: 140/150 batches (93.5%)
  - Batch Acc: 76.56%, Running Acc: 60.82%
Validation progress: 140/150 batches (93.3%)
  - Elapsed: 2.6s, Estimated remaining: 0.2s
Validation: 145/150 batches (96.9%)
  - Batch Acc: 64.06%, Running Acc: 60.38%
Validation progress: 145/150 batches (96.7%)
  - Elapsed: 2.7s, Estimated remaining: 0.1s
Validation: 150/150 batches (100.2%)
  - Batch Acc: 95.40%, Running Acc: 60.75%
Validation complete in 3.06s - Loss: 2.1154, Accuracy: 0.6075

==== Epoch 6/100 ====
Starting training phase...
Training on 76620 samples...
Training: 100/599 batches (16.7%)
  - Batch Acc: 100.00%, Running Acc: 99.45%
  - Loss: 0.0012, Grad Norm: 0.0079
  - Learning Rate: 0.001000
Training: 200/599 batches (33.4%)
  - Batch Acc: 100.00%, Running Acc: 99.41%
  - Loss: 0.0036, Grad Norm: 0.0428
  - Learning Rate: 0.001000
Training: 300/599 batches (50.1%)
  - Batch Acc: 98.44%, Running Acc: 99.32%
  - Loss: 0.0384, Grad Norm: 0.2701
  - Learning Rate: 0.001000
Training: 400/599 batches (66.8%)
  - Batch Acc: 100.00%, Running Acc: 99.39%
  - Loss: 0.0041, Grad Norm: 0.0439
  - Learning Rate: 0.001000
Training: 500/599 batches (83.5%)
  - Batch Acc: 100.00%, Running Acc: 99.41%
  - Loss: 0.0010, Grad Norm: 0.0086
  - Learning Rate: 0.001000
Training: 599/599 batches (100.0%)
  - Batch Acc: 98.68%, Running Acc: 99.44%
  - Loss: 0.0206, Grad Norm: 0.4260
  - Learning Rate: 0.001000

Training phase complete
Epoch Summary:
  - Average Loss: 0.0159
  - Average Accuracy: 99.44%
  - Average Grad Norm: 0.1558
  - Final Learning Rate: 0.001000
Starting validation phase...
Starting validation on 19159 samples...
Entering no_grad block for validation
Validation progress: 0/150 batches (0.0%)
  - Elapsed: 1.5s, Estimated remaining: 0.0s
Validation: 5/150 batches (3.3%)
  - Batch Acc: 99.22%, Running Acc: 96.41%
Validation progress: 5/150 batches (3.3%)
  - Elapsed: 1.5s, Estimated remaining: 36.6s
Validation: 10/150 batches (6.7%)
  - Batch Acc: 35.16%, Running Acc: 74.38%
Validation progress: 10/150 batches (6.7%)
  - Elapsed: 1.6s, Estimated remaining: 19.8s
Validation: 15/150 batches (10.0%)
  - Batch Acc: 53.91%, Running Acc: 69.69%
Validation progress: 15/150 batches (10.0%)
  - Elapsed: 1.6s, Estimated remaining: 13.3s
Validation: 20/150 batches (13.4%)
  - Batch Acc: 54.69%, Running Acc: 70.12%
Validation progress: 20/150 batches (13.3%)
  - Elapsed: 1.6s, Estimated remaining: 9.8s
Validation: 25/150 batches (16.7%)
  - Batch Acc: 40.62%, Running Acc: 66.97%
Validation progress: 25/150 batches (16.7%)
  - Elapsed: 1.6s, Estimated remaining: 7.8s
Validation: 30/150 batches (20.0%)
  - Batch Acc: 37.50%, Running Acc: 65.03%
Validation progress: 30/150 batches (20.0%)
  - Elapsed: 1.7s, Estimated remaining: 6.5s
Validation: 35/150 batches (23.4%)
  - Batch Acc: 42.19%, Running Acc: 61.67%
Validation progress: 35/150 batches (23.3%)
  - Elapsed: 1.7s, Estimated remaining: 5.4s
Validation: 40/150 batches (26.7%)
  - Batch Acc: 100.00%, Running Acc: 62.32%
Validation progress: 40/150 batches (26.7%)
  - Elapsed: 1.8s, Estimated remaining: 4.7s
Validation: 45/150 batches (30.1%)
  - Batch Acc: 52.34%, Running Acc: 61.98%
Validation progress: 45/150 batches (30.0%)
  - Elapsed: 1.8s, Estimated remaining: 4.1s
Validation: 50/150 batches (33.4%)
  - Batch Acc: 96.88%, Running Acc: 62.05%
Validation progress: 50/150 batches (33.3%)
  - Elapsed: 1.8s, Estimated remaining: 3.6s
Validation: 55/150 batches (36.7%)
  - Batch Acc: 47.66%, Running Acc: 62.93%
Validation progress: 55/150 batches (36.7%)
  - Elapsed: 1.9s, Estimated remaining: 3.2s
Validation: 60/150 batches (40.1%)
  - Batch Acc: 38.28%, Running Acc: 64.22%
Validation progress: 60/150 batches (40.0%)
  - Elapsed: 1.9s, Estimated remaining: 2.8s
Validation: 65/150 batches (43.4%)
  - Batch Acc: 57.03%, Running Acc: 63.41%
Validation progress: 65/150 batches (43.3%)
  - Elapsed: 2.0s, Estimated remaining: 2.5s
Validation: 70/150 batches (46.8%)
  - Batch Acc: 64.84%, Running Acc: 63.43%
Validation progress: 70/150 batches (46.7%)
  - Elapsed: 2.0s, Estimated remaining: 2.3s
Validation: 75/150 batches (50.1%)
  - Batch Acc: 53.12%, Running Acc: 61.86%
Validation progress: 75/150 batches (50.0%)
  - Elapsed: 2.1s, Estimated remaining: 2.0s
Validation: 80/150 batches (53.4%)
  - Batch Acc: 29.69%, Running Acc: 61.17%
Validation progress: 80/150 batches (53.3%)
  - Elapsed: 2.1s, Estimated remaining: 1.8s
Validation: 85/150 batches (56.8%)
  - Batch Acc: 28.12%, Running Acc: 60.92%
Validation progress: 85/150 batches (56.7%)
  - Elapsed: 2.1s, Estimated remaining: 1.6s
Validation: 90/150 batches (60.1%)
  - Batch Acc: 42.19%, Running Acc: 60.35%
Validation progress: 90/150 batches (60.0%)
  - Elapsed: 2.2s, Estimated remaining: 1.4s
Validation: 95/150 batches (63.5%)
  - Batch Acc: 36.72%, Running Acc: 60.37%
Validation progress: 95/150 batches (63.3%)
  - Elapsed: 2.2s, Estimated remaining: 1.2s
Validation: 100/150 batches (66.8%)
  - Batch Acc: 38.28%, Running Acc: 60.36%
Validation progress: 100/150 batches (66.7%)
  - Elapsed: 2.3s, Estimated remaining: 1.1s
Validation: 105/150 batches (70.1%)
  - Batch Acc: 94.53%, Running Acc: 61.68%
Validation progress: 105/150 batches (70.0%)
  - Elapsed: 2.3s, Estimated remaining: 1.0s
Validation: 110/150 batches (73.5%)
  - Batch Acc: 51.56%, Running Acc: 61.83%
Validation progress: 110/150 batches (73.3%)
  - Elapsed: 2.3s, Estimated remaining: 0.8s
Validation: 115/150 batches (76.8%)
  - Batch Acc: 83.59%, Running Acc: 61.73%
Validation progress: 115/150 batches (76.7%)
  - Elapsed: 2.4s, Estimated remaining: 0.7s
Validation: 120/150 batches (80.2%)
  - Batch Acc: 20.31%, Running Acc: 61.88%
Validation progress: 120/150 batches (80.0%)
  - Elapsed: 2.4s, Estimated remaining: 0.6s
Validation: 125/150 batches (83.5%)
  - Batch Acc: 83.59%, Running Acc: 61.52%
Validation progress: 125/150 batches (83.3%)
  - Elapsed: 2.5s, Estimated remaining: 0.5s
Validation: 130/150 batches (86.9%)
  - Batch Acc: 100.00%, Running Acc: 61.62%
Validation progress: 130/150 batches (86.7%)
  - Elapsed: 2.5s, Estimated remaining: 0.4s
Validation: 135/150 batches (90.2%)
  - Batch Acc: 12.50%, Running Acc: 61.66%
Validation progress: 135/150 batches (90.0%)
  - Elapsed: 2.6s, Estimated remaining: 0.3s
Validation: 140/150 batches (93.5%)
  - Batch Acc: 56.25%, Running Acc: 61.35%
Validation progress: 140/150 batches (93.3%)
  - Elapsed: 2.6s, Estimated remaining: 0.2s
Validation: 145/150 batches (96.9%)
  - Batch Acc: 78.12%, Running Acc: 60.93%
Validation progress: 145/150 batches (96.7%)
  - Elapsed: 2.6s, Estimated remaining: 0.1s
Validation: 150/150 batches (100.2%)
  - Batch Acc: 88.51%, Running Acc: 61.42%
Validation complete in 3.10s - Loss: 2.0850, Accuracy: 0.6142

==== Epoch 7/100 ====
Starting training phase...
Training on 76620 samples...
Training: 100/599 batches (16.7%)
  - Batch Acc: 97.66%, Running Acc: 99.71%
  - Loss: 0.0651, Grad Norm: 0.3805
  - Learning Rate: 0.001000
Training: 200/599 batches (33.4%)
  - Batch Acc: 99.22%, Running Acc: 99.61%
  - Loss: 0.0082, Grad Norm: 0.1111
  - Learning Rate: 0.001000
Training: 300/599 batches (50.1%)
  - Batch Acc: 100.00%, Running Acc: 99.58%
  - Loss: 0.0021, Grad Norm: 0.0206
  - Learning Rate: 0.001000
Training: 400/599 batches (66.8%)
  - Batch Acc: 100.00%, Running Acc: 99.52%
  - Loss: 0.0092, Grad Norm: 0.1389
  - Learning Rate: 0.001000
Training: 500/599 batches (83.5%)
  - Batch Acc: 100.00%, Running Acc: 99.51%
  - Loss: 0.0013, Grad Norm: 0.0187
  - Learning Rate: 0.001000
Training: 599/599 batches (100.0%)
  - Batch Acc: 98.68%, Running Acc: 99.51%
  - Loss: 0.0393, Grad Norm: 0.3279
  - Learning Rate: 0.001000

Training phase complete
Epoch Summary:
  - Average Loss: 0.0141
  - Average Accuracy: 99.51%
  - Average Grad Norm: 0.1376
  - Final Learning Rate: 0.001000
Starting validation phase...
Starting validation on 19159 samples...
Entering no_grad block for validation
Validation progress: 0/150 batches (0.0%)
  - Elapsed: 1.5s, Estimated remaining: 0.0s
Validation: 5/150 batches (3.3%)
  - Batch Acc: 5.47%, Running Acc: 14.22%
Validation progress: 5/150 batches (3.3%)
  - Elapsed: 1.6s, Estimated remaining: 37.8s
Validation: 10/150 batches (6.7%)
  - Batch Acc: 53.12%, Running Acc: 23.44%
Validation progress: 10/150 batches (6.7%)
  - Elapsed: 1.6s, Estimated remaining: 20.6s
Validation: 15/150 batches (10.0%)
  - Batch Acc: 40.62%, Running Acc: 30.31%
Validation progress: 15/150 batches (10.0%)
  - Elapsed: 1.6s, Estimated remaining: 13.8s
Validation: 20/150 batches (13.4%)
  - Batch Acc: 99.22%, Running Acc: 42.62%
Validation progress: 20/150 batches (13.3%)
  - Elapsed: 1.7s, Estimated remaining: 10.3s
Validation: 25/150 batches (16.7%)
  - Batch Acc: 14.84%, Running Acc: 43.81%
Validation progress: 25/150 batches (16.7%)
  - Elapsed: 1.7s, Estimated remaining: 8.2s
Validation: 30/150 batches (20.0%)
  - Batch Acc: 67.97%, Running Acc: 48.62%
Validation progress: 30/150 batches (20.0%)
  - Elapsed: 1.8s, Estimated remaining: 6.8s
Validation: 35/150 batches (23.4%)
  - Batch Acc: 17.97%, Running Acc: 45.92%
Validation progress: 35/150 batches (23.3%)
  - Elapsed: 1.8s, Estimated remaining: 5.7s
Validation: 40/150 batches (26.7%)
  - Batch Acc: 100.00%, Running Acc: 47.97%
Validation progress: 40/150 batches (26.7%)
  - Elapsed: 1.9s, Estimated remaining: 4.9s
Validation: 45/150 batches (30.1%)
  - Batch Acc: 57.03%, Running Acc: 48.72%
Validation progress: 45/150 batches (30.0%)
  - Elapsed: 1.9s, Estimated remaining: 4.3s
Validation: 50/150 batches (33.4%)
  - Batch Acc: 96.09%, Running Acc: 52.70%
Validation progress: 50/150 batches (33.3%)
  - Elapsed: 1.9s, Estimated remaining: 3.7s
Validation: 55/150 batches (36.7%)
  - Batch Acc: 71.09%, Running Acc: 55.72%
Validation progress: 55/150 batches (36.7%)
  - Elapsed: 2.0s, Estimated remaining: 3.3s
Validation: 60/150 batches (40.1%)
  - Batch Acc: 63.28%, Running Acc: 58.65%
Validation progress: 60/150 batches (40.0%)
  - Elapsed: 2.0s, Estimated remaining: 2.9s
Validation: 65/150 batches (43.4%)
  - Batch Acc: 86.72%, Running Acc: 60.72%
Validation progress: 65/150 batches (43.3%)
  - Elapsed: 2.1s, Estimated remaining: 2.6s
Validation: 70/150 batches (46.8%)
  - Batch Acc: 67.19%, Running Acc: 61.93%
Validation progress: 70/150 batches (46.7%)
  - Elapsed: 2.1s, Estimated remaining: 2.3s
Validation: 75/150 batches (50.1%)
  - Batch Acc: 7.03%, Running Acc: 59.76%
Validation progress: 75/150 batches (50.0%)
  - Elapsed: 2.1s, Estimated remaining: 2.1s
Validation: 80/150 batches (53.4%)
  - Batch Acc: 22.66%, Running Acc: 57.69%
Validation progress: 80/150 batches (53.3%)
  - Elapsed: 2.2s, Estimated remaining: 1.9s
Validation: 85/150 batches (56.8%)
  - Batch Acc: 6.25%, Running Acc: 57.29%
Validation progress: 85/150 batches (56.7%)
  - Elapsed: 2.2s, Estimated remaining: 1.6s
Validation: 90/150 batches (60.1%)
  - Batch Acc: 14.84%, Running Acc: 54.96%
Validation progress: 90/150 batches (60.0%)
  - Elapsed: 2.3s, Estimated remaining: 1.5s
Validation: 95/150 batches (63.5%)
  - Batch Acc: 12.50%, Running Acc: 53.22%
Validation progress: 95/150 batches (63.3%)
  - Elapsed: 2.3s, Estimated remaining: 1.3s
Validation: 100/150 batches (66.8%)
  - Batch Acc: 10.16%, Running Acc: 50.98%
Validation progress: 100/150 batches (66.7%)
  - Elapsed: 2.3s, Estimated remaining: 1.1s
Validation: 105/150 batches (70.1%)
  - Batch Acc: 100.00%, Running Acc: 52.87%
Validation progress: 105/150 batches (70.0%)
  - Elapsed: 2.4s, Estimated remaining: 1.0s
Validation: 110/150 batches (73.5%)
  - Batch Acc: 100.00%, Running Acc: 54.98%
Validation progress: 110/150 batches (73.3%)
  - Elapsed: 2.4s, Estimated remaining: 0.8s
Validation: 115/150 batches (76.8%)
  - Batch Acc: 100.00%, Running Acc: 56.93%
Validation progress: 115/150 batches (76.7%)
  - Elapsed: 2.4s, Estimated remaining: 0.7s
Validation: 120/150 batches (80.2%)
  - Batch Acc: 65.62%, Running Acc: 58.41%
Validation progress: 120/150 batches (80.0%)
  - Elapsed: 2.5s, Estimated remaining: 0.6s
Validation: 125/150 batches (83.5%)
  - Batch Acc: 23.44%, Running Acc: 58.84%
Validation progress: 125/150 batches (83.3%)
  - Elapsed: 2.5s, Estimated remaining: 0.5s
Validation: 130/150 batches (86.9%)
  - Batch Acc: 100.00%, Running Acc: 58.12%
Validation progress: 130/150 batches (86.7%)
  - Elapsed: 2.6s, Estimated remaining: 0.4s
Validation: 135/150 batches (90.2%)
  - Batch Acc: 82.03%, Running Acc: 59.31%
Validation progress: 135/150 batches (90.0%)
  - Elapsed: 2.6s, Estimated remaining: 0.3s
Validation: 140/150 batches (93.5%)
  - Batch Acc: 14.06%, Running Acc: 58.50%
Validation progress: 140/150 batches (93.3%)
  - Elapsed: 2.6s, Estimated remaining: 0.2s
Validation: 145/150 batches (96.9%)
  - Batch Acc: 100.00%, Running Acc: 58.99%
Validation progress: 145/150 batches (96.7%)
  - Elapsed: 2.7s, Estimated remaining: 0.1s
Validation: 150/150 batches (100.2%)
  - Batch Acc: 100.00%, Running Acc: 59.93%
Validation complete in 3.04s - Loss: 2.6880, Accuracy: 0.5993

==== Epoch 8/100 ====
Starting training phase...
Training on 76620 samples...
Training: 100/599 batches (16.7%)
  - Batch Acc: 99.22%, Running Acc: 99.52%
  - Loss: 0.0153, Grad Norm: 0.2050
  - Learning Rate: 0.001000
Training: 200/599 batches (33.4%)
  - Batch Acc: 98.44%, Running Acc: 99.58%
  - Loss: 0.0162, Grad Norm: 0.2133
  - Learning Rate: 0.001000
Training: 300/599 batches (50.1%)
  - Batch Acc: 99.22%, Running Acc: 99.58%
  - Loss: 0.0395, Grad Norm: 0.3960
  - Learning Rate: 0.001000
Training: 400/599 batches (66.8%)
  - Batch Acc: 100.00%, Running Acc: 99.57%
  - Loss: 0.0013, Grad Norm: 0.0154
  - Learning Rate: 0.001000
Training: 500/599 batches (83.5%)
  - Batch Acc: 100.00%, Running Acc: 99.59%
  - Loss: 0.0003, Grad Norm: 0.0017
  - Learning Rate: 0.001000
Training: 599/599 batches (100.0%)
  - Batch Acc: 100.00%, Running Acc: 99.59%
  - Loss: 0.0067, Grad Norm: 0.1591
  - Learning Rate: 0.001000

Training phase complete
Epoch Summary:
  - Average Loss: 0.0117
  - Average Accuracy: 99.59%
  - Average Grad Norm: 0.1187
  - Final Learning Rate: 0.001000
Starting validation phase...
Starting validation on 19159 samples...
Entering no_grad block for validation
Validation progress: 0/150 batches (0.0%)
  - Elapsed: 1.5s, Estimated remaining: 0.0s
Validation: 5/150 batches (3.3%)
  - Batch Acc: 88.28%, Running Acc: 71.56%
Validation progress: 5/150 batches (3.3%)
  - Elapsed: 1.6s, Estimated remaining: 37.6s
Validation: 10/150 batches (6.7%)
  - Batch Acc: 28.91%, Running Acc: 56.25%
Validation progress: 10/150 batches (6.7%)
  - Elapsed: 1.6s, Estimated remaining: 20.3s
Validation: 15/150 batches (10.0%)
  - Batch Acc: 52.34%, Running Acc: 54.06%
Validation progress: 15/150 batches (10.0%)
  - Elapsed: 1.6s, Estimated remaining: 13.5s
Validation: 20/150 batches (13.4%)
  - Batch Acc: 81.25%, Running Acc: 57.50%
Validation progress: 20/150 batches (13.3%)
  - Elapsed: 1.7s, Estimated remaining: 10.4s
Validation: 25/150 batches (16.7%)
  - Batch Acc: 42.97%, Running Acc: 58.09%
Validation progress: 25/150 batches (16.7%)
  - Elapsed: 1.7s, Estimated remaining: 8.1s
Validation: 30/150 batches (20.0%)
  - Batch Acc: 94.53%, Running Acc: 60.23%
Validation progress: 30/150 batches (20.0%)
  - Elapsed: 1.8s, Estimated remaining: 6.7s
Validation: 35/150 batches (23.4%)
  - Batch Acc: 85.16%, Running Acc: 60.62%
Validation progress: 35/150 batches (23.3%)
  - Elapsed: 1.8s, Estimated remaining: 5.6s
Validation: 40/150 batches (26.7%)
  - Batch Acc: 100.00%, Running Acc: 62.13%
Validation progress: 40/150 batches (26.7%)
  - Elapsed: 1.8s, Estimated remaining: 4.8s
Validation: 45/150 batches (30.1%)
  - Batch Acc: 62.50%, Running Acc: 62.93%
Validation progress: 45/150 batches (30.0%)
  - Elapsed: 1.9s, Estimated remaining: 4.2s
Validation: 50/150 batches (33.4%)
  - Batch Acc: 88.28%, Running Acc: 62.62%
Validation progress: 50/150 batches (33.3%)
  - Elapsed: 1.9s, Estimated remaining: 3.7s
Validation: 55/150 batches (36.7%)
  - Batch Acc: 46.09%, Running Acc: 63.10%
Validation progress: 55/150 batches (36.7%)
  - Elapsed: 1.9s, Estimated remaining: 3.2s
Validation: 60/150 batches (40.1%)
  - Batch Acc: 37.50%, Running Acc: 64.49%
Validation progress: 60/150 batches (40.0%)
  - Elapsed: 2.0s, Estimated remaining: 2.9s
Validation: 65/150 batches (43.4%)
  - Batch Acc: 25.00%, Running Acc: 62.98%
Validation progress: 65/150 batches (43.3%)
  - Elapsed: 2.0s, Estimated remaining: 2.6s
Validation: 70/150 batches (46.8%)
  - Batch Acc: 55.47%, Running Acc: 61.50%
Validation progress: 70/150 batches (46.7%)
  - Elapsed: 2.1s, Estimated remaining: 2.3s
Validation: 75/150 batches (50.1%)
  - Batch Acc: 58.59%, Running Acc: 60.26%
Validation progress: 75/150 batches (50.0%)
  - Elapsed: 2.1s, Estimated remaining: 2.0s
Validation: 80/150 batches (53.4%)
  - Batch Acc: 31.25%, Running Acc: 60.10%
Validation progress: 80/150 batches (53.3%)
  - Elapsed: 2.1s, Estimated remaining: 1.8s
Validation: 85/150 batches (56.8%)
  - Batch Acc: 28.91%, Running Acc: 59.90%
Validation progress: 85/150 batches (56.7%)
  - Elapsed: 2.2s, Estimated remaining: 1.6s
Validation: 90/150 batches (60.1%)
  - Batch Acc: 45.31%, Running Acc: 58.98%
Validation progress: 90/150 batches (60.0%)
  - Elapsed: 2.2s, Estimated remaining: 1.4s
Validation: 95/150 batches (63.5%)
  - Batch Acc: 32.03%, Running Acc: 58.30%
Validation progress: 95/150 batches (63.3%)
  - Elapsed: 2.3s, Estimated remaining: 1.3s
Validation: 100/150 batches (66.8%)
  - Batch Acc: 54.69%, Running Acc: 57.15%
Validation progress: 100/150 batches (66.7%)
  - Elapsed: 2.3s, Estimated remaining: 1.1s
Validation: 105/150 batches (70.1%)
  - Batch Acc: 96.09%, Running Acc: 58.62%
Validation progress: 105/150 batches (70.0%)
  - Elapsed: 2.4s, Estimated remaining: 1.0s
Validation: 110/150 batches (73.5%)
  - Batch Acc: 81.25%, Running Acc: 59.91%
Validation progress: 110/150 batches (73.3%)
  - Elapsed: 2.4s, Estimated remaining: 0.8s
Validation: 115/150 batches (76.8%)
  - Batch Acc: 98.44%, Running Acc: 61.04%
Validation progress: 115/150 batches (76.7%)
  - Elapsed: 2.4s, Estimated remaining: 0.7s
Validation: 120/150 batches (80.2%)
  - Batch Acc: 8.59%, Running Acc: 61.06%
Validation progress: 120/150 batches (80.0%)
  - Elapsed: 2.5s, Estimated remaining: 0.6s
Validation: 125/150 batches (83.5%)
  - Batch Acc: 73.44%, Running Acc: 61.44%
Validation progress: 125/150 batches (83.3%)
  - Elapsed: 2.5s, Estimated remaining: 0.5s
Validation: 130/150 batches (86.9%)
  - Batch Acc: 95.31%, Running Acc: 61.47%
Validation progress: 130/150 batches (86.7%)
  - Elapsed: 2.6s, Estimated remaining: 0.4s
Validation: 135/150 batches (90.2%)
  - Batch Acc: 32.03%, Running Acc: 61.55%
Validation progress: 135/150 batches (90.0%)
  - Elapsed: 2.6s, Estimated remaining: 0.3s
Validation: 140/150 batches (93.5%)
  - Batch Acc: 41.41%, Running Acc: 61.00%
Validation progress: 140/150 batches (93.3%)
  - Elapsed: 2.6s, Estimated remaining: 0.2s
Validation: 145/150 batches (96.9%)
  - Batch Acc: 78.12%, Running Acc: 60.57%
Validation progress: 145/150 batches (96.7%)
  - Elapsed: 2.7s, Estimated remaining: 0.1s
Validation: 150/150 batches (100.2%)
  - Batch Acc: 98.85%, Running Acc: 61.25%
Validation complete in 3.05s - Loss: 2.0974, Accuracy: 0.6125

==== Epoch 9/100 ====
Starting training phase...
Training on 76620 samples...
Training: 100/599 batches (16.7%)
  - Batch Acc: 100.00%, Running Acc: 99.52%
  - Loss: 0.0024, Grad Norm: 0.0263
  - Learning Rate: 0.001000
Training: 200/599 batches (33.4%)
  - Batch Acc: 100.00%, Running Acc: 99.60%
  - Loss: 0.0025, Grad Norm: 0.0272
  - Learning Rate: 0.001000
Training: 300/599 batches (50.1%)
  - Batch Acc: 100.00%, Running Acc: 99.60%
  - Loss: 0.0014, Grad Norm: 0.0125
  - Learning Rate: 0.001000
Training: 400/599 batches (66.8%)
  - Batch Acc: 100.00%, Running Acc: 99.57%
  - Loss: 0.0027, Grad Norm: 0.0265
  - Learning Rate: 0.001000
Training: 500/599 batches (83.5%)
  - Batch Acc: 99.22%, Running Acc: 99.58%
  - Loss: 0.0100, Grad Norm: 0.1343
  - Learning Rate: 0.001000
Training: 599/599 batches (100.0%)
  - Batch Acc: 98.68%, Running Acc: 99.60%
  - Loss: 0.0224, Grad Norm: 0.2393
  - Learning Rate: 0.001000

Training phase complete
Epoch Summary:
  - Average Loss: 0.0112
  - Average Accuracy: 99.60%
  - Average Grad Norm: 0.1035
  - Final Learning Rate: 0.001000
Starting validation phase...
Starting validation on 19159 samples...
Entering no_grad block for validation
Validation progress: 0/150 batches (0.0%)
  - Elapsed: 1.5s, Estimated remaining: 0.0s
Validation: 5/150 batches (3.3%)
  - Batch Acc: 18.75%, Running Acc: 38.59%
Validation progress: 5/150 batches (3.3%)
  - Elapsed: 1.5s, Estimated remaining: 36.8s
Validation: 10/150 batches (6.7%)
  - Batch Acc: 26.56%, Running Acc: 35.23%
Validation progress: 10/150 batches (6.7%)
  - Elapsed: 1.6s, Estimated remaining: 19.9s
Validation: 15/150 batches (10.0%)
  - Batch Acc: 56.25%, Running Acc: 40.73%
Validation progress: 15/150 batches (10.0%)
  - Elapsed: 1.6s, Estimated remaining: 13.6s
Validation: 20/150 batches (13.4%)
  - Batch Acc: 96.88%, Running Acc: 48.05%
Validation progress: 20/150 batches (13.3%)
  - Elapsed: 1.7s, Estimated remaining: 10.2s
Validation: 25/150 batches (16.7%)
  - Batch Acc: 46.88%, Running Acc: 51.09%
Validation progress: 25/150 batches (16.7%)
  - Elapsed: 1.7s, Estimated remaining: 8.1s
Validation: 30/150 batches (20.0%)
  - Batch Acc: 100.00%, Running Acc: 55.08%
Validation progress: 30/150 batches (20.0%)
  - Elapsed: 1.7s, Estimated remaining: 6.7s
Validation: 35/150 batches (23.4%)
  - Batch Acc: 72.66%, Running Acc: 55.56%
Validation progress: 35/150 batches (23.3%)
  - Elapsed: 1.8s, Estimated remaining: 5.6s
Validation: 40/150 batches (26.7%)
  - Batch Acc: 100.00%, Running Acc: 57.48%
Validation progress: 40/150 batches (26.7%)
  - Elapsed: 1.8s, Estimated remaining: 4.9s
Validation: 45/150 batches (30.1%)
  - Batch Acc: 79.69%, Running Acc: 60.00%
Validation progress: 45/150 batches (30.0%)
  - Elapsed: 1.9s, Estimated remaining: 4.2s
Validation: 50/150 batches (33.4%)
  - Batch Acc: 87.50%, Running Acc: 60.23%
Validation progress: 50/150 batches (33.3%)
  - Elapsed: 1.9s, Estimated remaining: 3.7s
Validation: 55/150 batches (36.7%)
  - Batch Acc: 52.34%, Running Acc: 60.91%
Validation progress: 55/150 batches (36.7%)
  - Elapsed: 1.9s, Estimated remaining: 3.3s
Validation: 60/150 batches (40.1%)
  - Batch Acc: 54.69%, Running Acc: 62.57%
Validation progress: 60/150 batches (40.0%)
  - Elapsed: 2.0s, Estimated remaining: 2.9s
Validation: 65/150 batches (43.4%)
  - Batch Acc: 27.34%, Running Acc: 62.49%
Validation progress: 65/150 batches (43.3%)
  - Elapsed: 2.0s, Estimated remaining: 2.6s
Validation: 70/150 batches (46.8%)
  - Batch Acc: 63.28%, Running Acc: 61.83%
Validation progress: 70/150 batches (46.7%)
  - Elapsed: 2.1s, Estimated remaining: 2.3s
Validation: 75/150 batches (50.1%)
  - Batch Acc: 52.34%, Running Acc: 60.36%
Validation progress: 75/150 batches (50.0%)
  - Elapsed: 2.1s, Estimated remaining: 2.1s
Validation: 80/150 batches (53.4%)
  - Batch Acc: 34.38%, Running Acc: 60.01%
Validation progress: 80/150 batches (53.3%)
  - Elapsed: 2.2s, Estimated remaining: 1.8s
Validation: 85/150 batches (56.8%)
  - Batch Acc: 21.88%, Running Acc: 59.68%
Validation progress: 85/150 batches (56.7%)
  - Elapsed: 2.2s, Estimated remaining: 1.6s
Validation: 90/150 batches (60.1%)
  - Batch Acc: 44.53%, Running Acc: 58.49%
Validation progress: 90/150 batches (60.0%)
  - Elapsed: 2.2s, Estimated remaining: 1.4s
Validation: 95/150 batches (63.5%)
  - Batch Acc: 34.38%, Running Acc: 57.48%
Validation progress: 95/150 batches (63.3%)
  - Elapsed: 2.3s, Estimated remaining: 1.3s
Validation: 100/150 batches (66.8%)
  - Batch Acc: 17.97%, Running Acc: 55.74%
Validation progress: 100/150 batches (66.7%)
  - Elapsed: 2.3s, Estimated remaining: 1.1s
Validation: 105/150 batches (70.1%)
  - Batch Acc: 97.66%, Running Acc: 57.40%
Validation progress: 105/150 batches (70.0%)
  - Elapsed: 2.4s, Estimated remaining: 1.0s
Validation: 110/150 batches (73.5%)
  - Batch Acc: 90.62%, Running Acc: 58.72%
Validation progress: 110/150 batches (73.3%)
  - Elapsed: 2.4s, Estimated remaining: 0.8s
Validation: 115/150 batches (76.8%)
  - Batch Acc: 98.44%, Running Acc: 59.72%
Validation progress: 115/150 batches (76.7%)
  - Elapsed: 2.4s, Estimated remaining: 0.7s
Validation: 120/150 batches (80.2%)
  - Batch Acc: 10.16%, Running Acc: 59.93%
Validation progress: 120/150 batches (80.0%)
  - Elapsed: 2.5s, Estimated remaining: 0.6s
Validation: 125/150 batches (83.5%)
  - Batch Acc: 76.56%, Running Acc: 60.69%
Validation progress: 125/150 batches (83.3%)
  - Elapsed: 2.5s, Estimated remaining: 0.5s
Validation: 130/150 batches (86.9%)
  - Batch Acc: 100.00%, Running Acc: 60.45%
Validation progress: 130/150 batches (86.7%)
  - Elapsed: 2.6s, Estimated remaining: 0.4s
Validation: 135/150 batches (90.2%)
  - Batch Acc: 57.03%, Running Acc: 60.93%
Validation progress: 135/150 batches (90.0%)
  - Elapsed: 2.6s, Estimated remaining: 0.3s
Validation: 140/150 batches (93.5%)
  - Batch Acc: 54.69%, Running Acc: 60.45%
Validation progress: 140/150 batches (93.3%)
  - Elapsed: 2.6s, Estimated remaining: 0.2s
Validation: 145/150 batches (96.9%)
  - Batch Acc: 92.97%, Running Acc: 60.28%
Validation progress: 145/150 batches (96.7%)
  - Elapsed: 2.7s, Estimated remaining: 0.1s
Validation: 150/150 batches (100.2%)
  - Batch Acc: 59.77%, Running Acc: 60.68%
Validation complete in 3.10s - Loss: 2.2653, Accuracy: 0.6068

==== Epoch 10/100 ====
Starting training phase...
Training on 76620 samples...
Training: 100/599 batches (16.7%)
  - Batch Acc: 100.00%, Running Acc: 99.89%
  - Loss: 0.0012, Grad Norm: 0.0330
  - Learning Rate: 0.001000
Training: 200/599 batches (33.4%)
  - Batch Acc: 100.00%, Running Acc: 99.77%
  - Loss: 0.0020, Grad Norm: 0.0258
  - Learning Rate: 0.001000
Training: 300/599 batches (50.1%)
  - Batch Acc: 100.00%, Running Acc: 99.72%
  - Loss: 0.0098, Grad Norm: 0.1630
  - Learning Rate: 0.001000
Training: 400/599 batches (66.8%)
  - Batch Acc: 100.00%, Running Acc: 99.71%
  - Loss: 0.0006, Grad Norm: 0.0057
  - Learning Rate: 0.001000
Training: 500/599 batches (83.5%)
  - Batch Acc: 98.44%, Running Acc: 99.71%
  - Loss: 0.0426, Grad Norm: 0.2691
  - Learning Rate: 0.001000
Training: 599/599 batches (100.0%)
  - Batch Acc: 100.00%, Running Acc: 99.68%
  - Loss: 0.0010, Grad Norm: 0.0136
  - Learning Rate: 0.001000

Training phase complete
Epoch Summary:
  - Average Loss: 0.0098
  - Average Accuracy: 99.68%
  - Average Grad Norm: 0.0985
  - Final Learning Rate: 0.001000
Starting validation phase...
Starting validation on 19159 samples...
Entering no_grad block for validation
Validation progress: 0/150 batches (0.0%)
  - Elapsed: 1.4s, Estimated remaining: 0.0s
Validation: 5/150 batches (3.3%)
  - Batch Acc: 19.53%, Running Acc: 28.75%
Validation progress: 5/150 batches (3.3%)
  - Elapsed: 1.5s, Estimated remaining: 36.6s
Validation: 10/150 batches (6.7%)
  - Batch Acc: 40.62%, Running Acc: 31.33%
Validation progress: 10/150 batches (6.7%)
  - Elapsed: 1.5s, Estimated remaining: 19.5s
Validation: 15/150 batches (10.0%)
  - Batch Acc: 48.44%, Running Acc: 35.78%
Validation progress: 15/150 batches (10.0%)
  - Elapsed: 1.6s, Estimated remaining: 13.4s
Validation: 20/150 batches (13.4%)
  - Batch Acc: 93.75%, Running Acc: 44.96%
Validation progress: 20/150 batches (13.3%)
  - Elapsed: 1.6s, Estimated remaining: 10.0s
Validation: 25/150 batches (16.7%)
  - Batch Acc: 41.41%, Running Acc: 47.50%
Validation progress: 25/150 batches (16.7%)
  - Elapsed: 1.7s, Estimated remaining: 8.0s
Validation: 30/150 batches (20.0%)
  - Batch Acc: 62.50%, Running Acc: 49.82%
Validation progress: 30/150 batches (20.0%)
  - Elapsed: 1.7s, Estimated remaining: 6.6s
Validation: 35/150 batches (23.4%)
  - Batch Acc: 42.19%, Running Acc: 47.99%
Validation progress: 35/150 batches (23.3%)
  - Elapsed: 1.8s, Estimated remaining: 5.6s
Validation: 40/150 batches (26.7%)
  - Batch Acc: 100.00%, Running Acc: 49.96%
Validation progress: 40/150 batches (26.7%)
  - Elapsed: 1.8s, Estimated remaining: 4.8s
Validation: 45/150 batches (30.1%)
  - Batch Acc: 71.09%, Running Acc: 50.03%
Validation progress: 45/150 batches (30.0%)
  - Elapsed: 1.8s, Estimated remaining: 4.2s
Validation: 50/150 batches (33.4%)
  - Batch Acc: 100.00%, Running Acc: 53.41%
Validation progress: 50/150 batches (33.3%)
  - Elapsed: 1.9s, Estimated remaining: 3.7s
Validation: 55/150 batches (36.7%)
  - Batch Acc: 53.12%, Running Acc: 56.08%
Validation progress: 55/150 batches (36.7%)
  - Elapsed: 1.9s, Estimated remaining: 3.2s
Validation: 60/150 batches (40.1%)
  - Batch Acc: 64.84%, Running Acc: 58.88%
Validation progress: 60/150 batches (40.0%)
  - Elapsed: 2.0s, Estimated remaining: 2.9s
Validation: 65/150 batches (43.4%)
  - Batch Acc: 53.91%, Running Acc: 60.29%
Validation progress: 65/150 batches (43.3%)
  - Elapsed: 2.0s, Estimated remaining: 2.6s
Validation: 70/150 batches (46.8%)
  - Batch Acc: 64.06%, Running Acc: 61.19%
Validation progress: 70/150 batches (46.7%)
  - Elapsed: 2.1s, Estimated remaining: 2.3s
Validation: 75/150 batches (50.1%)
  - Batch Acc: 13.28%, Running Acc: 59.24%
Validation progress: 75/150 batches (50.0%)
  - Elapsed: 2.1s, Estimated remaining: 2.1s
Validation: 80/150 batches (53.4%)
  - Batch Acc: 23.44%, Running Acc: 57.95%
Validation progress: 80/150 batches (53.3%)
  - Elapsed: 2.2s, Estimated remaining: 1.8s
Validation: 85/150 batches (56.8%)
  - Batch Acc: 0.00%, Running Acc: 57.75%
Validation progress: 85/150 batches (56.7%)
  - Elapsed: 2.2s, Estimated remaining: 1.6s
Validation: 90/150 batches (60.1%)
  - Batch Acc: 41.41%, Running Acc: 56.23%
Validation progress: 90/150 batches (60.0%)
  - Elapsed: 2.2s, Estimated remaining: 1.4s
Validation: 95/150 batches (63.5%)
  - Batch Acc: 28.91%, Running Acc: 55.32%
Validation progress: 95/150 batches (63.3%)
  - Elapsed: 2.3s, Estimated remaining: 1.3s
Validation: 100/150 batches (66.8%)
  - Batch Acc: 14.84%, Running Acc: 53.54%
Validation progress: 100/150 batches (66.7%)
  - Elapsed: 2.3s, Estimated remaining: 1.1s
Validation: 105/150 batches (70.1%)
  - Batch Acc: 98.44%, Running Acc: 55.23%
Validation progress: 105/150 batches (70.0%)
  - Elapsed: 2.4s, Estimated remaining: 1.0s
Validation: 110/150 batches (73.5%)
  - Batch Acc: 90.62%, Running Acc: 57.07%
Validation progress: 110/150 batches (73.3%)
  - Elapsed: 2.4s, Estimated remaining: 0.8s
Validation: 115/150 batches (76.8%)
  - Batch Acc: 100.00%, Running Acc: 58.38%
Validation progress: 115/150 batches (76.7%)
  - Elapsed: 2.4s, Estimated remaining: 0.7s
Validation: 120/150 batches (80.2%)
  - Batch Acc: 27.34%, Running Acc: 58.87%
Validation progress: 120/150 batches (80.0%)
  - Elapsed: 2.5s, Estimated remaining: 0.6s
Validation: 125/150 batches (83.5%)
  - Batch Acc: 50.00%, Running Acc: 59.59%
Validation progress: 125/150 batches (83.3%)
  - Elapsed: 2.5s, Estimated remaining: 0.5s
Validation: 130/150 batches (86.9%)
  - Batch Acc: 100.00%, Running Acc: 59.18%
Validation progress: 130/150 batches (86.7%)
  - Elapsed: 2.6s, Estimated remaining: 0.4s
Validation: 135/150 batches (90.2%)
  - Batch Acc: 53.12%, Running Acc: 59.92%
Validation progress: 135/150 batches (90.0%)
  - Elapsed: 2.6s, Estimated remaining: 0.3s
Validation: 140/150 batches (93.5%)
  - Batch Acc: 38.28%, Running Acc: 59.43%
Validation progress: 140/150 batches (93.3%)
  - Elapsed: 2.6s, Estimated remaining: 0.2s
Validation: 145/150 batches (96.9%)
  - Batch Acc: 97.66%, Running Acc: 59.37%
Validation progress: 145/150 batches (96.7%)
  - Elapsed: 2.7s, Estimated remaining: 0.1s
Validation: 150/150 batches (100.2%)
  - Batch Acc: 77.01%, Running Acc: 60.16%
Validation complete in 3.12s - Loss: 2.2747, Accuracy: 0.6016

==== Epoch 11/100 ====
Starting training phase...
Training on 76620 samples...
Training: 100/599 batches (16.7%)
  - Batch Acc: 100.00%, Running Acc: 99.60%
  - Loss: 0.0040, Grad Norm: 0.0396
  - Learning Rate: 0.001000
Training: 200/599 batches (33.4%)
  - Batch Acc: 99.22%, Running Acc: 99.69%
  - Loss: 0.0306, Grad Norm: 0.4210
  - Learning Rate: 0.001000
Training: 300/599 batches (50.1%)
  - Batch Acc: 100.00%, Running Acc: 99.65%
  - Loss: 0.0008, Grad Norm: 0.0061
  - Learning Rate: 0.001000
Training: 400/599 batches (66.8%)
  - Batch Acc: 100.00%, Running Acc: 99.61%
  - Loss: 0.0085, Grad Norm: 0.0622
  - Learning Rate: 0.001000
Training: 500/599 batches (83.5%)
  - Batch Acc: 100.00%, Running Acc: 99.63%
  - Loss: 0.0020, Grad Norm: 0.0435
  - Learning Rate: 0.001000
Training: 599/599 batches (100.0%)
  - Batch Acc: 100.00%, Running Acc: 99.65%
  - Loss: 0.0021, Grad Norm: 0.0289
  - Learning Rate: 0.001000

Training phase complete
Epoch Summary:
  - Average Loss: 0.0106
  - Average Accuracy: 99.65%
  - Average Grad Norm: 0.0963
  - Final Learning Rate: 0.001000
Starting validation phase...
Starting validation on 19159 samples...
Entering no_grad block for validation
Validation progress: 0/150 batches (0.0%)
  - Elapsed: 1.5s, Estimated remaining: 0.0s
Validation: 5/150 batches (3.3%)
  - Batch Acc: 65.62%, Running Acc: 60.31%
Validation progress: 5/150 batches (3.3%)
  - Elapsed: 1.5s, Estimated remaining: 37.2s
Validation: 10/150 batches (6.7%)
  - Batch Acc: 26.56%, Running Acc: 51.41%
Validation progress: 10/150 batches (6.7%)
  - Elapsed: 1.6s, Estimated remaining: 20.1s
Validation: 15/150 batches (10.0%)
  - Batch Acc: 60.16%, Running Acc: 50.78%
Validation progress: 15/150 batches (10.0%)
  - Elapsed: 1.6s, Estimated remaining: 13.5s
Validation: 20/150 batches (13.4%)
  - Batch Acc: 82.03%, Running Acc: 56.52%
Validation progress: 20/150 batches (13.3%)
  - Elapsed: 1.6s, Estimated remaining: 10.1s
Validation: 25/150 batches (16.7%)
  - Batch Acc: 42.97%, Running Acc: 58.03%
Validation progress: 25/150 batches (16.7%)
  - Elapsed: 1.7s, Estimated remaining: 8.0s
Validation: 30/150 batches (20.0%)
  - Batch Acc: 84.38%, Running Acc: 59.74%
Validation progress: 30/150 batches (20.0%)
  - Elapsed: 1.7s, Estimated remaining: 6.7s
Validation: 35/150 batches (23.4%)
  - Batch Acc: 59.38%, Running Acc: 58.84%
Validation progress: 35/150 batches (23.3%)
  - Elapsed: 1.8s, Estimated remaining: 5.6s
Validation: 40/150 batches (26.7%)
  - Batch Acc: 100.00%, Running Acc: 60.10%
Validation progress: 40/150 batches (26.7%)
  - Elapsed: 1.8s, Estimated remaining: 4.8s
Validation: 45/150 batches (30.1%)
  - Batch Acc: 72.66%, Running Acc: 61.37%
Validation progress: 45/150 batches (30.0%)
  - Elapsed: 1.8s, Estimated remaining: 4.2s
Validation: 50/150 batches (33.4%)
  - Batch Acc: 95.31%, Running Acc: 62.20%
Validation progress: 50/150 batches (33.3%)
  - Elapsed: 1.9s, Estimated remaining: 3.6s
Validation: 55/150 batches (36.7%)
  - Batch Acc: 46.09%, Running Acc: 63.08%
Validation progress: 55/150 batches (36.7%)
  - Elapsed: 1.9s, Estimated remaining: 3.2s
Validation: 60/150 batches (40.1%)
  - Batch Acc: 59.38%, Running Acc: 64.79%
Validation progress: 60/150 batches (40.0%)
  - Elapsed: 2.0s, Estimated remaining: 2.9s
Validation: 65/150 batches (43.4%)
  - Batch Acc: 50.78%, Running Acc: 64.34%
Validation progress: 65/150 batches (43.3%)
  - Elapsed: 2.0s, Estimated remaining: 2.5s
Validation: 70/150 batches (46.8%)
  - Batch Acc: 51.56%, Running Acc: 63.81%
Validation progress: 70/150 batches (46.7%)
  - Elapsed: 2.1s, Estimated remaining: 2.3s
Validation: 75/150 batches (50.1%)
  - Batch Acc: 49.22%, Running Acc: 62.22%
Validation progress: 75/150 batches (50.0%)
  - Elapsed: 2.1s, Estimated remaining: 2.0s
Validation: 80/150 batches (53.4%)
  - Batch Acc: 35.16%, Running Acc: 61.64%
Validation progress: 80/150 batches (53.3%)
  - Elapsed: 2.1s, Estimated remaining: 1.8s
Validation: 85/150 batches (56.8%)
  - Batch Acc: 2.34%, Running Acc: 61.24%
Validation progress: 85/150 batches (56.7%)
  - Elapsed: 2.2s, Estimated remaining: 1.6s
Validation: 90/150 batches (60.1%)
  - Batch Acc: 39.06%, Running Acc: 59.77%
Validation progress: 90/150 batches (60.0%)
  - Elapsed: 2.2s, Estimated remaining: 1.4s
Validation: 95/150 batches (63.5%)
  - Batch Acc: 31.25%, Running Acc: 58.96%
Validation progress: 95/150 batches (63.3%)
  - Elapsed: 2.2s, Estimated remaining: 1.3s
Validation: 100/150 batches (66.8%)
  - Batch Acc: 36.72%, Running Acc: 57.73%
Validation progress: 100/150 batches (66.7%)
  - Elapsed: 2.3s, Estimated remaining: 1.1s
Validation: 105/150 batches (70.1%)
  - Batch Acc: 96.88%, Running Acc: 59.23%
Validation progress: 105/150 batches (70.0%)
  - Elapsed: 2.3s, Estimated remaining: 1.0s
Validation: 110/150 batches (73.5%)
  - Batch Acc: 78.12%, Running Acc: 60.48%
Validation progress: 110/150 batches (73.3%)
  - Elapsed: 2.4s, Estimated remaining: 0.8s
Validation: 115/150 batches (76.8%)
  - Batch Acc: 100.00%, Running Acc: 61.15%
Validation progress: 115/150 batches (76.7%)
  - Elapsed: 2.4s, Estimated remaining: 0.7s
Validation: 120/150 batches (80.2%)
  - Batch Acc: 25.00%, Running Acc: 61.46%
Validation progress: 120/150 batches (80.0%)
  - Elapsed: 2.4s, Estimated remaining: 0.6s
Validation: 125/150 batches (83.5%)
  - Batch Acc: 65.62%, Running Acc: 61.77%
Validation progress: 125/150 batches (83.3%)
  - Elapsed: 2.5s, Estimated remaining: 0.5s
Validation: 130/150 batches (86.9%)
  - Batch Acc: 100.00%, Running Acc: 61.88%
Validation progress: 130/150 batches (86.7%)
  - Elapsed: 2.5s, Estimated remaining: 0.4s
Validation: 135/150 batches (90.2%)
  - Batch Acc: 15.62%, Running Acc: 61.83%
Validation progress: 135/150 batches (90.0%)
  - Elapsed: 2.6s, Estimated remaining: 0.3s
Validation: 140/150 batches (93.5%)
  - Batch Acc: 69.53%, Running Acc: 61.77%
Validation progress: 140/150 batches (93.3%)
  - Elapsed: 2.6s, Estimated remaining: 0.2s
Validation: 145/150 batches (96.9%)
  - Batch Acc: 89.06%, Running Acc: 61.42%
Validation progress: 145/150 batches (96.7%)
  - Elapsed: 2.6s, Estimated remaining: 0.1s
Validation: 150/150 batches (100.2%)
  - Batch Acc: 79.31%, Running Acc: 61.89%
Validation complete in 3.08s - Loss: 2.0901, Accuracy: 0.6189

==== Epoch 12/100 ====
Starting training phase...
Training on 76620 samples...
Training: 100/599 batches (16.7%)
  - Batch Acc: 100.00%, Running Acc: 99.80%
  - Loss: 0.0010, Grad Norm: 0.0162
  - Learning Rate: 0.001000
Training: 200/599 batches (33.4%)
  - Batch Acc: 99.22%, Running Acc: 99.68%
  - Loss: 0.0162, Grad Norm: 0.1594
  - Learning Rate: 0.001000
Training: 300/599 batches (50.1%)
  - Batch Acc: 99.22%, Running Acc: 99.67%
  - Loss: 0.0078, Grad Norm: 0.1566
  - Learning Rate: 0.001000
Training: 400/599 batches (66.8%)
  - Batch Acc: 100.00%, Running Acc: 99.71%
  - Loss: 0.0010, Grad Norm: 0.0102
  - Learning Rate: 0.001000
Training: 500/599 batches (83.5%)
  - Batch Acc: 97.66%, Running Acc: 99.67%
  - Loss: 0.0479, Grad Norm: 0.2633
  - Learning Rate: 0.001000
Training: 599/599 batches (100.0%)
  - Batch Acc: 98.68%, Running Acc: 99.68%
  - Loss: 0.0490, Grad Norm: 0.4991
  - Learning Rate: 0.001000

Training phase complete
Epoch Summary:
  - Average Loss: 0.0101
  - Average Accuracy: 99.68%
  - Average Grad Norm: 0.0881
  - Final Learning Rate: 0.001000
Starting validation phase...
Starting validation on 19159 samples...
Entering no_grad block for validation
Validation progress: 0/150 batches (0.0%)
  - Elapsed: 1.5s, Estimated remaining: 0.0s
Validation: 5/150 batches (3.3%)
  - Batch Acc: 83.59%, Running Acc: 67.50%
Validation progress: 5/150 batches (3.3%)
  - Elapsed: 1.5s, Estimated remaining: 37.2s
Validation: 10/150 batches (6.7%)
  - Batch Acc: 40.62%, Running Acc: 57.19%
Validation progress: 10/150 batches (6.7%)
  - Elapsed: 1.6s, Estimated remaining: 20.2s
Validation: 15/150 batches (10.0%)
  - Batch Acc: 49.22%, Running Acc: 55.52%
Validation progress: 15/150 batches (10.0%)
  - Elapsed: 1.6s, Estimated remaining: 13.5s
Validation: 20/150 batches (13.4%)
  - Batch Acc: 91.41%, Running Acc: 61.84%
Validation progress: 20/150 batches (13.3%)
  - Elapsed: 1.7s, Estimated remaining: 10.2s
Validation: 25/150 batches (16.7%)
  - Batch Acc: 30.47%, Running Acc: 59.88%
Validation progress: 25/150 batches (16.7%)
  - Elapsed: 1.7s, Estimated remaining: 8.1s
Validation: 30/150 batches (20.0%)
  - Batch Acc: 82.81%, Running Acc: 61.17%
Validation progress: 30/150 batches (20.0%)
  - Elapsed: 1.7s, Estimated remaining: 6.6s
Validation: 35/150 batches (23.4%)
  - Batch Acc: 40.62%, Running Acc: 60.00%
Validation progress: 35/150 batches (23.3%)
  - Elapsed: 1.7s, Estimated remaining: 5.5s
Validation: 40/150 batches (26.7%)
  - Batch Acc: 100.00%, Running Acc: 60.96%
Validation progress: 40/150 batches (26.7%)
  - Elapsed: 1.8s, Estimated remaining: 4.8s
Validation: 45/150 batches (30.1%)
  - Batch Acc: 74.22%, Running Acc: 62.01%
Validation progress: 45/150 batches (30.0%)
  - Elapsed: 1.8s, Estimated remaining: 4.1s
Validation: 50/150 batches (33.4%)
  - Batch Acc: 85.16%, Running Acc: 62.30%
Validation progress: 50/150 batches (33.3%)
  - Elapsed: 1.9s, Estimated remaining: 3.6s
Validation: 55/150 batches (36.7%)
  - Batch Acc: 50.78%, Running Acc: 63.20%
Validation progress: 55/150 batches (36.7%)
  - Elapsed: 1.9s, Estimated remaining: 3.2s
Validation: 60/150 batches (40.1%)
  - Batch Acc: 55.47%, Running Acc: 64.77%
Validation progress: 60/150 batches (40.0%)
  - Elapsed: 1.9s, Estimated remaining: 2.8s
Validation: 65/150 batches (43.4%)
  - Batch Acc: 64.84%, Running Acc: 64.34%
Validation progress: 65/150 batches (43.3%)
  - Elapsed: 2.0s, Estimated remaining: 2.5s
Validation: 70/150 batches (46.8%)
  - Batch Acc: 50.78%, Running Acc: 63.39%
Validation progress: 70/150 batches (46.7%)
  - Elapsed: 2.0s, Estimated remaining: 2.3s
Validation: 75/150 batches (50.1%)
  - Batch Acc: 48.44%, Running Acc: 62.04%
Validation progress: 75/150 batches (50.0%)
  - Elapsed: 2.1s, Estimated remaining: 2.0s
Validation: 80/150 batches (53.4%)
  - Batch Acc: 40.62%, Running Acc: 61.53%
Validation progress: 80/150 batches (53.3%)
  - Elapsed: 2.1s, Estimated remaining: 1.8s
Validation: 85/150 batches (56.8%)
  - Batch Acc: 0.00%, Running Acc: 60.91%
Validation progress: 85/150 batches (56.7%)
  - Elapsed: 2.1s, Estimated remaining: 1.6s
Validation: 90/150 batches (60.1%)
  - Batch Acc: 35.94%, Running Acc: 59.52%
Validation progress: 90/150 batches (60.0%)
  - Elapsed: 2.2s, Estimated remaining: 1.4s
Validation: 95/150 batches (63.5%)
  - Batch Acc: 39.84%, Running Acc: 58.54%
Validation progress: 95/150 batches (63.3%)
  - Elapsed: 2.2s, Estimated remaining: 1.3s
Validation: 100/150 batches (66.8%)
  - Batch Acc: 8.59%, Running Acc: 57.51%
Validation progress: 100/150 batches (66.7%)
  - Elapsed: 2.3s, Estimated remaining: 1.1s
Validation: 105/150 batches (70.1%)
  - Batch Acc: 99.22%, Running Acc: 58.79%
Validation progress: 105/150 batches (70.0%)
  - Elapsed: 2.3s, Estimated remaining: 1.0s
Validation: 110/150 batches (73.5%)
  - Batch Acc: 89.84%, Running Acc: 59.94%
Validation progress: 110/150 batches (73.3%)
  - Elapsed: 2.3s, Estimated remaining: 0.8s
Validation: 115/150 batches (76.8%)
  - Batch Acc: 100.00%, Running Acc: 60.84%
Validation progress: 115/150 batches (76.7%)
  - Elapsed: 2.4s, Estimated remaining: 0.7s
Validation: 120/150 batches (80.2%)
  - Batch Acc: 47.66%, Running Acc: 61.58%
Validation progress: 120/150 batches (80.0%)
  - Elapsed: 2.4s, Estimated remaining: 0.6s
Validation: 125/150 batches (83.5%)
  - Batch Acc: 81.25%, Running Acc: 61.55%
Validation progress: 125/150 batches (83.3%)
  - Elapsed: 2.5s, Estimated remaining: 0.5s
Validation: 130/150 batches (86.9%)
  - Batch Acc: 98.44%, Running Acc: 61.64%
Validation progress: 130/150 batches (86.7%)
  - Elapsed: 2.5s, Estimated remaining: 0.4s
Validation: 135/150 batches (90.2%)
  - Batch Acc: 28.12%, Running Acc: 61.69%
Validation progress: 135/150 batches (90.0%)
  - Elapsed: 2.5s, Estimated remaining: 0.3s
Validation: 140/150 batches (93.5%)
  - Batch Acc: 55.47%, Running Acc: 61.27%
Validation progress: 140/150 batches (93.3%)
  - Elapsed: 2.6s, Estimated remaining: 0.2s
Validation: 145/150 batches (96.9%)
  - Batch Acc: 97.66%, Running Acc: 60.90%
Validation progress: 145/150 batches (96.7%)
  - Elapsed: 2.6s, Estimated remaining: 0.1s
Validation: 150/150 batches (100.2%)
  - Batch Acc: 97.70%, Running Acc: 61.73%
Validation complete in 3.09s - Loss: 2.1772, Accuracy: 0.6173

==== Epoch 13/100 ====
Starting training phase...
Training on 76620 samples...
Training: 100/599 batches (16.7%)
  - Batch Acc: 100.00%, Running Acc: 99.56%
  - Loss: 0.0019, Grad Norm: 0.0370
  - Learning Rate: 0.001000
Training: 200/599 batches (33.4%)
  - Batch Acc: 100.00%, Running Acc: 99.66%
  - Loss: 0.0005, Grad Norm: 0.0063
  - Learning Rate: 0.001000
Training: 300/599 batches (50.1%)
  - Batch Acc: 99.22%, Running Acc: 99.70%
  - Loss: 0.0071, Grad Norm: 0.0706
  - Learning Rate: 0.001000
Training: 400/599 batches (66.8%)
  - Batch Acc: 100.00%, Running Acc: 99.69%
  - Loss: 0.0017, Grad Norm: 0.0142
  - Learning Rate: 0.001000
Training: 500/599 batches (83.5%)
  - Batch Acc: 96.88%, Running Acc: 99.66%
  - Loss: 0.0660, Grad Norm: 0.3421
  - Learning Rate: 0.001000
Training: 599/599 batches (100.0%)
  - Batch Acc: 100.00%, Running Acc: 99.68%
  - Loss: 0.0073, Grad Norm: 0.2194
  - Learning Rate: 0.001000

Training phase complete
Epoch Summary:
  - Average Loss: 0.0091
  - Average Accuracy: 99.68%
  - Average Grad Norm: 0.0806
  - Final Learning Rate: 0.001000
Starting validation phase...
Starting validation on 19159 samples...
Entering no_grad block for validation
Validation progress: 0/150 batches (0.0%)
  - Elapsed: 1.4s, Estimated remaining: 0.0s
Validation: 5/150 batches (3.3%)
  - Batch Acc: 85.16%, Running Acc: 63.28%
Validation progress: 5/150 batches (3.3%)
  - Elapsed: 1.5s, Estimated remaining: 37.0s
Validation: 10/150 batches (6.7%)
  - Batch Acc: 29.69%, Running Acc: 52.34%
Validation progress: 10/150 batches (6.7%)
  - Elapsed: 1.6s, Estimated remaining: 19.9s
Validation: 15/150 batches (10.0%)
  - Batch Acc: 56.25%, Running Acc: 51.25%
Validation progress: 15/150 batches (10.0%)
  - Elapsed: 1.6s, Estimated remaining: 13.5s
Validation: 20/150 batches (13.4%)
  - Batch Acc: 69.53%, Running Acc: 55.39%
Validation progress: 20/150 batches (13.3%)
  - Elapsed: 1.6s, Estimated remaining: 10.1s
Validation: 25/150 batches (16.7%)
  - Batch Acc: 45.31%, Running Acc: 57.34%
Validation progress: 25/150 batches (16.7%)
  - Elapsed: 1.7s, Estimated remaining: 8.0s
Validation: 30/150 batches (20.0%)
  - Batch Acc: 84.38%, Running Acc: 58.49%
Validation progress: 30/150 batches (20.0%)
  - Elapsed: 1.7s, Estimated remaining: 6.6s
Validation: 35/150 batches (23.4%)
  - Batch Acc: 40.62%, Running Acc: 56.99%
Validation progress: 35/150 batches (23.3%)
  - Elapsed: 1.8s, Estimated remaining: 5.5s
Validation: 40/150 batches (26.7%)
  - Batch Acc: 100.00%, Running Acc: 58.46%
Validation progress: 40/150 batches (26.7%)
  - Elapsed: 1.8s, Estimated remaining: 4.8s
Validation: 45/150 batches (30.1%)
  - Batch Acc: 61.72%, Running Acc: 59.46%
Validation progress: 45/150 batches (30.0%)
  - Elapsed: 1.8s, Estimated remaining: 4.2s
Validation: 50/150 batches (33.4%)
  - Batch Acc: 80.47%, Running Acc: 60.05%
Validation progress: 50/150 batches (33.3%)
  - Elapsed: 1.9s, Estimated remaining: 3.6s
Validation: 55/150 batches (36.7%)
  - Batch Acc: 42.97%, Running Acc: 60.58%
Validation progress: 55/150 batches (36.7%)
  - Elapsed: 1.9s, Estimated remaining: 3.2s
Validation: 60/150 batches (40.1%)
  - Batch Acc: 42.97%, Running Acc: 62.42%
Validation progress: 60/150 batches (40.0%)
  - Elapsed: 1.9s, Estimated remaining: 2.8s
Validation: 65/150 batches (43.4%)
  - Batch Acc: 31.25%, Running Acc: 61.54%
Validation progress: 65/150 batches (43.3%)
  - Elapsed: 2.0s, Estimated remaining: 2.5s
Validation: 70/150 batches (46.8%)
  - Batch Acc: 57.03%, Running Acc: 60.22%
Validation progress: 70/150 batches (46.7%)
  - Elapsed: 2.0s, Estimated remaining: 2.3s
Validation: 75/150 batches (50.1%)
  - Batch Acc: 76.56%, Running Acc: 59.40%
Validation progress: 75/150 batches (50.0%)
  - Elapsed: 2.1s, Estimated remaining: 2.0s
Validation: 80/150 batches (53.4%)
  - Batch Acc: 32.81%, Running Acc: 59.12%
Validation progress: 80/150 batches (53.3%)
  - Elapsed: 2.1s, Estimated remaining: 1.8s
Validation: 85/150 batches (56.8%)
  - Batch Acc: 25.78%, Running Acc: 59.38%
Validation progress: 85/150 batches (56.7%)
  - Elapsed: 2.1s, Estimated remaining: 1.6s
Validation: 90/150 batches (60.1%)
  - Batch Acc: 47.66%, Running Acc: 58.02%
Validation progress: 90/150 batches (60.0%)
  - Elapsed: 2.2s, Estimated remaining: 1.4s
Validation: 95/150 batches (63.5%)
  - Batch Acc: 38.28%, Running Acc: 57.67%
Validation progress: 95/150 batches (63.3%)
  - Elapsed: 2.2s, Estimated remaining: 1.2s
Validation: 100/150 batches (66.8%)
  - Batch Acc: 45.31%, Running Acc: 56.55%
Validation progress: 100/150 batches (66.7%)
  - Elapsed: 2.3s, Estimated remaining: 1.1s
Validation: 105/150 batches (70.1%)
  - Batch Acc: 96.88%, Running Acc: 57.69%
Validation progress: 105/150 batches (70.0%)
  - Elapsed: 2.3s, Estimated remaining: 1.0s
Validation: 110/150 batches (73.5%)
  - Batch Acc: 84.38%, Running Acc: 58.41%
Validation progress: 110/150 batches (73.3%)
  - Elapsed: 2.3s, Estimated remaining: 0.8s
Validation: 115/150 batches (76.8%)
  - Batch Acc: 96.88%, Running Acc: 59.33%
Validation progress: 115/150 batches (76.7%)
  - Elapsed: 2.4s, Estimated remaining: 0.7s
Validation: 120/150 batches (80.2%)
  - Batch Acc: 14.06%, Running Acc: 59.21%
Validation progress: 120/150 batches (80.0%)
  - Elapsed: 2.4s, Estimated remaining: 0.6s
Validation: 125/150 batches (83.5%)
  - Batch Acc: 91.41%, Running Acc: 59.51%
Validation progress: 125/150 batches (83.3%)
  - Elapsed: 2.5s, Estimated remaining: 0.5s
Validation: 130/150 batches (86.9%)
  - Batch Acc: 94.53%, Running Acc: 59.36%
Validation progress: 130/150 batches (86.7%)
  - Elapsed: 2.5s, Estimated remaining: 0.4s
Validation: 135/150 batches (90.2%)
  - Batch Acc: 25.78%, Running Acc: 59.52%
Validation progress: 135/150 batches (90.0%)
  - Elapsed: 2.5s, Estimated remaining: 0.3s
Validation: 140/150 batches (93.5%)
  - Batch Acc: 46.09%, Running Acc: 59.22%
Validation progress: 140/150 batches (93.3%)
  - Elapsed: 2.6s, Estimated remaining: 0.2s
Validation: 145/150 batches (96.9%)
  - Batch Acc: 99.22%, Running Acc: 59.05%
Validation progress: 145/150 batches (96.7%)
  - Elapsed: 2.6s, Estimated remaining: 0.1s
Validation: 150/150 batches (100.2%)
  - Batch Acc: 78.16%, Running Acc: 59.47%
Validation complete in 3.05s - Loss: 2.2652, Accuracy: 0.5947

==== Epoch 14/100 ====
Starting training phase...
Training on 76620 samples...
Training: 100/599 batches (16.7%)
  - Batch Acc: 99.22%, Running Acc: 99.80%
  - Loss: 0.0098, Grad Norm: 0.2195
  - Learning Rate: 0.001000
Training: 200/599 batches (33.4%)
  - Batch Acc: 100.00%, Running Acc: 99.80%
  - Loss: 0.0005, Grad Norm: 0.0064
  - Learning Rate: 0.001000
Training: 300/599 batches (50.1%)
  - Batch Acc: 100.00%, Running Acc: 99.71%
  - Loss: 0.0008, Grad Norm: 0.0049
  - Learning Rate: 0.001000
Training: 400/599 batches (66.8%)
  - Batch Acc: 99.22%, Running Acc: 99.73%
  - Loss: 0.0179, Grad Norm: 0.1326
  - Learning Rate: 0.001000
Training: 500/599 batches (83.5%)
  - Batch Acc: 97.66%, Running Acc: 99.75%
  - Loss: 0.0569, Grad Norm: 0.3105
  - Learning Rate: 0.001000
Training: 599/599 batches (100.0%)
  - Batch Acc: 98.68%, Running Acc: 99.75%
  - Loss: 0.0338, Grad Norm: 0.5314
  - Learning Rate: 0.001000

Training phase complete
Epoch Summary:
  - Average Loss: 0.0076
  - Average Accuracy: 99.75%
  - Average Grad Norm: 0.0705
  - Final Learning Rate: 0.001000
Starting validation phase...
Starting validation on 19159 samples...
Entering no_grad block for validation
Validation progress: 0/150 batches (0.0%)
  - Elapsed: 1.5s, Estimated remaining: 0.0s
Validation: 5/150 batches (3.3%)
  - Batch Acc: 89.84%, Running Acc: 75.62%
Validation progress: 5/150 batches (3.3%)
  - Elapsed: 1.5s, Estimated remaining: 36.6s
Validation: 10/150 batches (6.7%)
  - Batch Acc: 36.72%, Running Acc: 61.17%
Validation progress: 10/150 batches (6.7%)
  - Elapsed: 1.6s, Estimated remaining: 19.7s
Validation: 15/150 batches (10.0%)
  - Batch Acc: 90.62%, Running Acc: 60.31%
Validation progress: 15/150 batches (10.0%)
  - Elapsed: 1.6s, Estimated remaining: 13.4s
Validation: 20/150 batches (13.4%)
  - Batch Acc: 92.19%, Running Acc: 67.03%
Validation progress: 20/150 batches (13.3%)
  - Elapsed: 1.6s, Estimated remaining: 10.1s
Validation: 25/150 batches (16.7%)
  - Batch Acc: 28.12%, Running Acc: 65.75%
Validation progress: 25/150 batches (16.7%)
  - Elapsed: 1.7s, Estimated remaining: 8.0s
Validation: 30/150 batches (20.0%)
  - Batch Acc: 49.22%, Running Acc: 64.84%
Validation progress: 30/150 batches (20.0%)
  - Elapsed: 1.7s, Estimated remaining: 6.6s
Validation: 35/150 batches (23.4%)
  - Batch Acc: 28.91%, Running Acc: 62.08%
Validation progress: 35/150 batches (23.3%)
  - Elapsed: 1.8s, Estimated remaining: 5.6s
Validation: 40/150 batches (26.7%)
  - Batch Acc: 100.00%, Running Acc: 63.16%
Validation progress: 40/150 batches (26.7%)
  - Elapsed: 1.8s, Estimated remaining: 4.8s
Validation: 45/150 batches (30.1%)
  - Batch Acc: 53.91%, Running Acc: 63.18%
Validation progress: 45/150 batches (30.0%)
  - Elapsed: 1.8s, Estimated remaining: 4.2s
Validation: 50/150 batches (33.4%)
  - Batch Acc: 100.00%, Running Acc: 62.75%
Validation progress: 50/150 batches (33.3%)
  - Elapsed: 1.9s, Estimated remaining: 3.6s
Validation: 55/150 batches (36.7%)
  - Batch Acc: 50.78%, Running Acc: 64.03%
Validation progress: 55/150 batches (36.7%)
  - Elapsed: 1.9s, Estimated remaining: 3.2s
Validation: 60/150 batches (40.1%)
  - Batch Acc: 60.94%, Running Acc: 65.56%
Validation progress: 60/150 batches (40.0%)
  - Elapsed: 2.0s, Estimated remaining: 2.9s
Validation: 65/150 batches (43.4%)
  - Batch Acc: 79.69%, Running Acc: 65.54%
Validation progress: 65/150 batches (43.3%)
  - Elapsed: 2.0s, Estimated remaining: 2.6s
Validation: 70/150 batches (46.8%)
  - Batch Acc: 60.16%, Running Acc: 64.48%
Validation progress: 70/150 batches (46.7%)
  - Elapsed: 2.0s, Estimated remaining: 2.3s
Validation: 75/150 batches (50.1%)
  - Batch Acc: 53.91%, Running Acc: 62.96%
Validation progress: 75/150 batches (50.0%)
  - Elapsed: 2.1s, Estimated remaining: 2.0s
Validation: 80/150 batches (53.4%)
  - Batch Acc: 28.12%, Running Acc: 62.13%
Validation progress: 80/150 batches (53.3%)
  - Elapsed: 2.1s, Estimated remaining: 1.8s
Validation: 85/150 batches (56.8%)
  - Batch Acc: 3.12%, Running Acc: 61.59%
Validation progress: 85/150 batches (56.7%)
  - Elapsed: 2.2s, Estimated remaining: 1.6s
Validation: 90/150 batches (60.1%)
  - Batch Acc: 42.19%, Running Acc: 59.88%
Validation progress: 90/150 batches (60.0%)
  - Elapsed: 2.2s, Estimated remaining: 1.4s
Validation: 95/150 batches (63.5%)
  - Batch Acc: 35.16%, Running Acc: 59.29%
Validation progress: 95/150 batches (63.3%)
  - Elapsed: 2.2s, Estimated remaining: 1.3s
Validation: 100/150 batches (66.8%)
  - Batch Acc: 29.69%, Running Acc: 58.67%
Validation progress: 100/150 batches (66.7%)
  - Elapsed: 2.3s, Estimated remaining: 1.1s
Validation: 105/150 batches (70.1%)
  - Batch Acc: 92.19%, Running Acc: 60.17%
Validation progress: 105/150 batches (70.0%)
  - Elapsed: 2.3s, Estimated remaining: 1.0s
Validation: 110/150 batches (73.5%)
  - Batch Acc: 90.62%, Running Acc: 61.04%
Validation progress: 110/150 batches (73.3%)
  - Elapsed: 2.4s, Estimated remaining: 0.8s
Validation: 115/150 batches (76.8%)
  - Batch Acc: 94.53%, Running Acc: 61.49%
Validation progress: 115/150 batches (76.7%)
  - Elapsed: 2.4s, Estimated remaining: 0.7s
Validation: 120/150 batches (80.2%)
  - Batch Acc: 30.47%, Running Acc: 61.71%
Validation progress: 120/150 batches (80.0%)
  - Elapsed: 2.4s, Estimated remaining: 0.6s
Validation: 125/150 batches (83.5%)
  - Batch Acc: 82.03%, Running Acc: 61.48%
Validation progress: 125/150 batches (83.3%)
  - Elapsed: 2.5s, Estimated remaining: 0.5s
Validation: 130/150 batches (86.9%)
  - Batch Acc: 99.22%, Running Acc: 61.33%
Validation progress: 130/150 batches (86.7%)
  - Elapsed: 2.5s, Estimated remaining: 0.4s
Validation: 135/150 batches (90.2%)
  - Batch Acc: 16.41%, Running Acc: 61.50%
Validation progress: 135/150 batches (90.0%)
  - Elapsed: 2.6s, Estimated remaining: 0.3s
Validation: 140/150 batches (93.5%)
  - Batch Acc: 66.41%, Running Acc: 61.30%
Validation progress: 140/150 batches (93.3%)
  - Elapsed: 2.6s, Estimated remaining: 0.2s
Validation: 145/150 batches (96.9%)
  - Batch Acc: 96.88%, Running Acc: 60.99%
Validation progress: 145/150 batches (96.7%)
  - Elapsed: 2.7s, Estimated remaining: 0.1s
Validation: 150/150 batches (100.2%)
  - Batch Acc: 94.25%, Running Acc: 61.72%
Validation complete in 3.13s - Loss: 2.2724, Accuracy: 0.6172

==== Epoch 15/100 ====
Starting training phase...
Training on 76620 samples...
Training: 100/599 batches (16.7%)
  - Batch Acc: 100.00%, Running Acc: 99.80%
  - Loss: 0.0013, Grad Norm: 0.0161
  - Learning Rate: 0.001000
Training: 200/599 batches (33.4%)
  - Batch Acc: 99.22%, Running Acc: 99.73%
  - Loss: 0.0167, Grad Norm: 0.2231
  - Learning Rate: 0.001000
Training: 300/599 batches (50.1%)
  - Batch Acc: 99.22%, Running Acc: 99.72%
  - Loss: 0.0141, Grad Norm: 0.1911
  - Learning Rate: 0.001000
Training: 400/599 batches (66.8%)
  - Batch Acc: 99.22%, Running Acc: 99.72%
  - Loss: 0.0222, Grad Norm: 0.2196
  - Learning Rate: 0.001000
Training: 500/599 batches (83.5%)
  - Batch Acc: 100.00%, Running Acc: 99.74%
  - Loss: 0.0004, Grad Norm: 0.0039
  - Learning Rate: 0.001000
Training: 599/599 batches (100.0%)
  - Batch Acc: 100.00%, Running Acc: 99.74%
  - Loss: 0.0004, Grad Norm: 0.0027
  - Learning Rate: 0.001000

Training phase complete
Epoch Summary:
  - Average Loss: 0.0087
  - Average Accuracy: 99.74%
  - Average Grad Norm: 0.0760
  - Final Learning Rate: 0.001000
Starting validation phase...
Starting validation on 19159 samples...
Entering no_grad block for validation
Validation progress: 0/150 batches (0.0%)
  - Elapsed: 1.5s, Estimated remaining: 0.0s
Validation: 5/150 batches (3.3%)
  - Batch Acc: 88.28%, Running Acc: 83.44%
Validation progress: 5/150 batches (3.3%)
  - Elapsed: 1.5s, Estimated remaining: 37.1s
Validation: 10/150 batches (6.7%)
  - Batch Acc: 32.81%, Running Acc: 66.72%
Validation progress: 10/150 batches (6.7%)
  - Elapsed: 1.6s, Estimated remaining: 20.1s
Validation: 15/150 batches (10.0%)
  - Batch Acc: 64.06%, Running Acc: 64.43%
Validation progress: 15/150 batches (10.0%)
  - Elapsed: 1.6s, Estimated remaining: 13.6s
Validation: 20/150 batches (13.4%)
  - Batch Acc: 96.09%, Running Acc: 67.73%
Validation progress: 20/150 batches (13.3%)
  - Elapsed: 1.7s, Estimated remaining: 10.2s
Validation: 25/150 batches (16.7%)
  - Batch Acc: 42.97%, Running Acc: 66.47%
Validation progress: 25/150 batches (16.7%)
  - Elapsed: 1.7s, Estimated remaining: 8.1s
Validation: 30/150 batches (20.0%)
  - Batch Acc: 93.75%, Running Acc: 67.24%
Validation progress: 30/150 batches (20.0%)
  - Elapsed: 1.7s, Estimated remaining: 6.7s
Validation: 35/150 batches (23.4%)
  - Batch Acc: 52.34%, Running Acc: 65.04%
Validation progress: 35/150 batches (23.3%)
  - Elapsed: 1.8s, Estimated remaining: 5.6s
Validation: 40/150 batches (26.7%)
  - Batch Acc: 100.00%, Running Acc: 65.41%
Validation progress: 40/150 batches (26.7%)
  - Elapsed: 1.8s, Estimated remaining: 4.8s
Validation: 45/150 batches (30.1%)
  - Batch Acc: 67.97%, Running Acc: 66.20%
Validation progress: 45/150 batches (30.0%)
  - Elapsed: 1.9s, Estimated remaining: 4.2s
Validation: 50/150 batches (33.4%)
  - Batch Acc: 98.44%, Running Acc: 65.34%
Validation progress: 50/150 batches (33.3%)
  - Elapsed: 1.9s, Estimated remaining: 3.7s
Validation: 55/150 batches (36.7%)
  - Batch Acc: 53.12%, Running Acc: 66.41%
Validation progress: 55/150 batches (36.7%)
  - Elapsed: 1.9s, Estimated remaining: 3.3s
Validation: 60/150 batches (40.1%)
  - Batch Acc: 46.88%, Running Acc: 67.32%
Validation progress: 60/150 batches (40.0%)
  - Elapsed: 2.0s, Estimated remaining: 2.9s
Validation: 65/150 batches (43.4%)
  - Batch Acc: 42.97%, Running Acc: 66.29%
Validation progress: 65/150 batches (43.3%)
  - Elapsed: 2.0s, Estimated remaining: 2.6s
Validation: 70/150 batches (46.8%)
  - Batch Acc: 55.47%, Running Acc: 64.89%
Validation progress: 70/150 batches (46.7%)
  - Elapsed: 2.1s, Estimated remaining: 2.3s
Validation: 75/150 batches (50.1%)
  - Batch Acc: 49.22%, Running Acc: 63.19%
Validation progress: 75/150 batches (50.0%)
  - Elapsed: 2.1s, Estimated remaining: 2.0s
Validation: 80/150 batches (53.4%)
  - Batch Acc: 34.38%, Running Acc: 62.69%
Validation progress: 80/150 batches (53.3%)
  - Elapsed: 2.1s, Estimated remaining: 1.8s
Validation: 85/150 batches (56.8%)
  - Batch Acc: 16.41%, Running Acc: 62.22%
Validation progress: 85/150 batches (56.7%)
  - Elapsed: 2.2s, Estimated remaining: 1.6s
Validation: 90/150 batches (60.1%)
  - Batch Acc: 41.41%, Running Acc: 60.85%
Validation progress: 90/150 batches (60.0%)
  - Elapsed: 2.2s, Estimated remaining: 1.4s
Validation: 95/150 batches (63.5%)
  - Batch Acc: 41.41%, Running Acc: 60.44%
Validation progress: 95/150 batches (63.3%)
  - Elapsed: 2.3s, Estimated remaining: 1.3s
Validation: 100/150 batches (66.8%)
  - Batch Acc: 18.75%, Running Acc: 59.84%
Validation progress: 100/150 batches (66.7%)
  - Elapsed: 2.3s, Estimated remaining: 1.1s
Validation: 105/150 batches (70.1%)
  - Batch Acc: 96.88%, Running Acc: 60.94%
Validation progress: 105/150 batches (70.0%)
  - Elapsed: 2.3s, Estimated remaining: 1.0s
Validation: 110/150 batches (73.5%)
  - Batch Acc: 54.69%, Running Acc: 61.46%
Validation progress: 110/150 batches (73.3%)
  - Elapsed: 2.4s, Estimated remaining: 0.8s
Validation: 115/150 batches (76.8%)
  - Batch Acc: 98.44%, Running Acc: 61.79%
Validation progress: 115/150 batches (76.7%)
  - Elapsed: 2.4s, Estimated remaining: 0.7s
Validation: 120/150 batches (80.2%)
  - Batch Acc: 14.84%, Running Acc: 62.07%
Validation progress: 120/150 batches (80.0%)
  - Elapsed: 2.4s, Estimated remaining: 0.6s
Validation: 125/150 batches (83.5%)
  - Batch Acc: 94.53%, Running Acc: 61.91%
Validation progress: 125/150 batches (83.3%)
  - Elapsed: 2.5s, Estimated remaining: 0.5s
Validation: 130/150 batches (86.9%)
  - Batch Acc: 96.88%, Running Acc: 62.16%
Validation progress: 130/150 batches (86.7%)
  - Elapsed: 2.5s, Estimated remaining: 0.4s
Validation: 135/150 batches (90.2%)
  - Batch Acc: 2.34%, Running Acc: 61.93%
Validation progress: 135/150 batches (90.0%)
  - Elapsed: 2.6s, Estimated remaining: 0.3s
Validation: 140/150 batches (93.5%)
  - Batch Acc: 57.03%, Running Acc: 61.50%
Validation progress: 140/150 batches (93.3%)
  - Elapsed: 2.6s, Estimated remaining: 0.2s
Validation: 145/150 batches (96.9%)
  - Batch Acc: 83.59%, Running Acc: 61.06%
Validation progress: 145/150 batches (96.7%)
  - Elapsed: 2.6s, Estimated remaining: 0.1s
Validation: 150/150 batches (100.2%)
  - Batch Acc: 64.37%, Running Acc: 61.42%
Validation complete in 3.11s - Loss: 2.2422, Accuracy: 0.6142

==== Epoch 16/100 ====
Starting training phase...
Training on 76620 samples...
Training: 100/599 batches (16.7%)
  - Batch Acc: 100.00%, Running Acc: 99.82%
  - Loss: 0.0046, Grad Norm: 0.0729
  - Learning Rate: 0.001000
Training: 200/599 batches (33.4%)
  - Batch Acc: 100.00%, Running Acc: 99.85%
  - Loss: 0.0012, Grad Norm: 0.0131
  - Learning Rate: 0.001000
Training: 300/599 batches (50.1%)
  - Batch Acc: 100.00%, Running Acc: 99.83%
  - Loss: 0.0005, Grad Norm: 0.0052
  - Learning Rate: 0.001000
Training: 400/599 batches (66.8%)
  - Batch Acc: 100.00%, Running Acc: 99.79%
  - Loss: 0.0012, Grad Norm: 0.0167
  - Learning Rate: 0.001000
Training: 500/599 batches (83.5%)
  - Batch Acc: 100.00%, Running Acc: 99.79%
  - Loss: 0.0025, Grad Norm: 0.0322
  - Learning Rate: 0.001000
Training: 599/599 batches (100.0%)
  - Batch Acc: 100.00%, Running Acc: 99.78%
  - Loss: 0.0003, Grad Norm: 0.0019
  - Learning Rate: 0.001000

Training phase complete
Epoch Summary:
  - Average Loss: 0.0065
  - Average Accuracy: 99.78%
  - Average Grad Norm: 0.0611
  - Final Learning Rate: 0.001000
Starting validation phase...
Starting validation on 19159 samples...
Entering no_grad block for validation
Validation progress: 0/150 batches (0.0%)
  - Elapsed: 1.5s, Estimated remaining: 0.0s
Validation: 5/150 batches (3.3%)
  - Batch Acc: 39.84%, Running Acc: 49.53%
Validation progress: 5/150 batches (3.3%)
  - Elapsed: 1.5s, Estimated remaining: 37.1s
Validation: 10/150 batches (6.7%)
  - Batch Acc: 19.53%, Running Acc: 44.45%
Validation progress: 10/150 batches (6.7%)
  - Elapsed: 1.6s, Estimated remaining: 20.1s
Validation: 15/150 batches (10.0%)
  - Batch Acc: 63.28%, Running Acc: 47.66%
Validation progress: 15/150 batches (10.0%)
  - Elapsed: 1.6s, Estimated remaining: 13.6s
Validation: 20/150 batches (13.4%)
  - Batch Acc: 59.38%, Running Acc: 49.61%
Validation progress: 20/150 batches (13.3%)
  - Elapsed: 1.7s, Estimated remaining: 10.2s
Validation: 25/150 batches (16.7%)
  - Batch Acc: 50.00%, Running Acc: 53.81%
Validation progress: 25/150 batches (16.7%)
  - Elapsed: 1.7s, Estimated remaining: 8.1s
Validation: 30/150 batches (20.0%)
  - Batch Acc: 89.06%, Running Acc: 55.08%
Validation progress: 30/150 batches (20.0%)
  - Elapsed: 1.7s, Estimated remaining: 6.7s
Validation: 35/150 batches (23.4%)
  - Batch Acc: 90.62%, Running Acc: 56.56%
Validation progress: 35/150 batches (23.3%)
  - Elapsed: 1.8s, Estimated remaining: 5.6s
Validation: 40/150 batches (26.7%)
  - Batch Acc: 100.00%, Running Acc: 59.14%
Validation progress: 40/150 batches (26.7%)
  - Elapsed: 1.8s, Estimated remaining: 4.8s
Validation: 45/150 batches (30.1%)
  - Batch Acc: 89.06%, Running Acc: 62.19%
Validation progress: 45/150 batches (30.0%)
  - Elapsed: 1.9s, Estimated remaining: 4.2s
Validation: 50/150 batches (33.4%)
  - Batch Acc: 64.06%, Running Acc: 62.05%
Validation progress: 50/150 batches (33.3%)
  - Elapsed: 1.9s, Estimated remaining: 3.7s
Validation: 55/150 batches (36.7%)
  - Batch Acc: 42.19%, Running Acc: 61.80%
Validation progress: 55/150 batches (36.7%)
  - Elapsed: 1.9s, Estimated remaining: 3.3s
Validation: 60/150 batches (40.1%)
  - Batch Acc: 31.25%, Running Acc: 62.53%
Validation progress: 60/150 batches (40.0%)
  - Elapsed: 2.0s, Estimated remaining: 2.9s
Validation: 65/150 batches (43.4%)
  - Batch Acc: 27.34%, Running Acc: 60.71%
Validation progress: 65/150 batches (43.3%)
  - Elapsed: 2.0s, Estimated remaining: 2.6s
Validation: 70/150 batches (46.8%)
  - Batch Acc: 54.69%, Running Acc: 58.91%
Validation progress: 70/150 batches (46.7%)
  - Elapsed: 2.1s, Estimated remaining: 2.3s
Validation: 75/150 batches (50.1%)
  - Batch Acc: 81.25%, Running Acc: 58.33%
Validation progress: 75/150 batches (50.0%)
  - Elapsed: 2.1s, Estimated remaining: 2.1s
Validation: 80/150 batches (53.4%)
  - Batch Acc: 34.38%, Running Acc: 58.84%
Validation progress: 80/150 batches (53.3%)
  - Elapsed: 2.1s, Estimated remaining: 1.8s
Validation: 85/150 batches (56.8%)
  - Batch Acc: 31.25%, Running Acc: 58.67%
Validation progress: 85/150 batches (56.7%)
  - Elapsed: 2.2s, Estimated remaining: 1.6s
Validation: 90/150 batches (60.1%)
  - Batch Acc: 44.53%, Running Acc: 57.53%
Validation progress: 90/150 batches (60.0%)
  - Elapsed: 2.2s, Estimated remaining: 1.4s
Validation: 95/150 batches (63.5%)
  - Batch Acc: 30.47%, Running Acc: 57.05%
Validation progress: 95/150 batches (63.3%)
  - Elapsed: 2.3s, Estimated remaining: 1.3s
Validation: 100/150 batches (66.8%)
  - Batch Acc: 60.16%, Running Acc: 55.66%
Validation progress: 100/150 batches (66.7%)
  - Elapsed: 2.3s, Estimated remaining: 1.1s
Validation: 105/150 batches (70.1%)
  - Batch Acc: 96.09%, Running Acc: 56.79%
Validation progress: 105/150 batches (70.0%)
  - Elapsed: 2.3s, Estimated remaining: 1.0s
Validation: 110/150 batches (73.5%)
  - Batch Acc: 76.56%, Running Acc: 57.49%
Validation progress: 110/150 batches (73.3%)
  - Elapsed: 2.4s, Estimated remaining: 0.8s
Validation: 115/150 batches (76.8%)
  - Batch Acc: 96.88%, Running Acc: 58.65%
Validation progress: 115/150 batches (76.7%)
  - Elapsed: 2.4s, Estimated remaining: 0.7s
Validation: 120/150 batches (80.2%)
  - Batch Acc: 11.72%, Running Acc: 58.40%
Validation progress: 120/150 batches (80.0%)
  - Elapsed: 2.5s, Estimated remaining: 0.6s
Validation: 125/150 batches (83.5%)
  - Batch Acc: 100.00%, Running Acc: 59.01%
Validation progress: 125/150 batches (83.3%)
  - Elapsed: 2.5s, Estimated remaining: 0.5s
Validation: 130/150 batches (86.9%)
  - Batch Acc: 96.88%, Running Acc: 59.39%
Validation progress: 130/150 batches (86.7%)
  - Elapsed: 2.5s, Estimated remaining: 0.4s
Validation: 135/150 batches (90.2%)
  - Batch Acc: 25.78%, Running Acc: 59.23%
Validation progress: 135/150 batches (90.0%)
  - Elapsed: 2.6s, Estimated remaining: 0.3s
Validation: 140/150 batches (93.5%)
  - Batch Acc: 59.38%, Running Acc: 58.91%
Validation progress: 140/150 batches (93.3%)
  - Elapsed: 2.6s, Estimated remaining: 0.2s
Validation: 145/150 batches (96.9%)
  - Batch Acc: 85.16%, Running Acc: 58.52%
Validation progress: 145/150 batches (96.7%)
  - Elapsed: 2.7s, Estimated remaining: 0.1s
Validation: 150/150 batches (100.2%)
  - Batch Acc: 70.11%, Running Acc: 58.61%
Validation complete in 3.12s - Loss: 2.6654, Accuracy: 0.5861

==== Epoch 17/100 ====
Starting training phase...
Training on 76620 samples...
Training: 100/599 batches (16.7%)
  - Batch Acc: 100.00%, Running Acc: 99.76%
  - Loss: 0.0026, Grad Norm: 0.0381
  - Learning Rate: 0.001000
Training: 200/599 batches (33.4%)
  - Batch Acc: 100.00%, Running Acc: 99.78%
  - Loss: 0.0003, Grad Norm: 0.0026
  - Learning Rate: 0.001000
Training: 300/599 batches (50.1%)
  - Batch Acc: 100.00%, Running Acc: 99.78%
  - Loss: 0.0019, Grad Norm: 0.0191
  - Learning Rate: 0.001000
Training: 400/599 batches (66.8%)
  - Batch Acc: 100.00%, Running Acc: 99.76%
  - Loss: 0.0022, Grad Norm: 0.0363
  - Learning Rate: 0.001000
Training: 500/599 batches (83.5%)
  - Batch Acc: 100.00%, Running Acc: 99.73%
  - Loss: 0.0028, Grad Norm: 0.0303
  - Learning Rate: 0.001000
Training: 599/599 batches (100.0%)
  - Batch Acc: 100.00%, Running Acc: 99.75%
  - Loss: 0.0002, Grad Norm: 0.0012
  - Learning Rate: 0.001000

Training phase complete
Epoch Summary:
  - Average Loss: 0.0070
  - Average Accuracy: 99.75%
  - Average Grad Norm: 0.0668
  - Final Learning Rate: 0.001000
Starting validation phase...
Starting validation on 19159 samples...
Entering no_grad block for validation
Validation progress: 0/150 batches (0.0%)
  - Elapsed: 1.5s, Estimated remaining: 0.0s
Validation: 5/150 batches (3.3%)
  - Batch Acc: 19.53%, Running Acc: 25.16%
Validation progress: 5/150 batches (3.3%)
  - Elapsed: 1.5s, Estimated remaining: 36.9s
Validation: 10/150 batches (6.7%)
  - Batch Acc: 32.03%, Running Acc: 25.47%
Validation progress: 10/150 batches (6.7%)
  - Elapsed: 1.5s, Estimated remaining: 19.6s
Validation: 15/150 batches (10.0%)
  - Batch Acc: 57.03%, Running Acc: 34.27%
Validation progress: 15/150 batches (10.0%)
  - Elapsed: 1.6s, Estimated remaining: 13.4s
Validation: 20/150 batches (13.4%)
  - Batch Acc: 98.44%, Running Acc: 44.73%
Validation progress: 20/150 batches (13.3%)
  - Elapsed: 1.6s, Estimated remaining: 10.1s
Validation: 25/150 batches (16.7%)
  - Batch Acc: 31.25%, Running Acc: 47.91%
Validation progress: 25/150 batches (16.7%)
  - Elapsed: 1.7s, Estimated remaining: 7.9s
Validation: 30/150 batches (20.0%)
  - Batch Acc: 75.00%, Running Acc: 50.96%
Validation progress: 30/150 batches (20.0%)
  - Elapsed: 1.7s, Estimated remaining: 6.6s
Validation: 35/150 batches (23.4%)
  - Batch Acc: 64.84%, Running Acc: 49.22%
Validation progress: 35/150 batches (23.3%)
  - Elapsed: 1.7s, Estimated remaining: 5.5s
Validation: 40/150 batches (26.7%)
  - Batch Acc: 100.00%, Running Acc: 51.88%
Validation progress: 40/150 batches (26.7%)
  - Elapsed: 1.8s, Estimated remaining: 4.7s
Validation: 45/150 batches (30.1%)
  - Batch Acc: 67.19%, Running Acc: 52.93%
Validation progress: 45/150 batches (30.0%)
  - Elapsed: 1.8s, Estimated remaining: 4.1s
Validation: 50/150 batches (33.4%)
  - Batch Acc: 96.09%, Running Acc: 55.38%
Validation progress: 50/150 batches (33.3%)
  - Elapsed: 1.8s, Estimated remaining: 3.6s
Validation: 55/150 batches (36.7%)
  - Batch Acc: 55.47%, Running Acc: 57.10%
Validation progress: 55/150 batches (36.7%)
  - Elapsed: 1.9s, Estimated remaining: 3.2s
Validation: 60/150 batches (40.1%)
  - Batch Acc: 60.16%, Running Acc: 59.57%
Validation progress: 60/150 batches (40.0%)
  - Elapsed: 1.9s, Estimated remaining: 2.8s
Validation: 65/150 batches (43.4%)
  - Batch Acc: 54.69%, Running Acc: 60.25%
Validation progress: 65/150 batches (43.3%)
  - Elapsed: 2.0s, Estimated remaining: 2.5s
Validation: 70/150 batches (46.8%)
  - Batch Acc: 64.84%, Running Acc: 60.21%
Validation progress: 70/150 batches (46.7%)
  - Elapsed: 2.0s, Estimated remaining: 2.2s
Validation: 75/150 batches (50.1%)
  - Batch Acc: 39.06%, Running Acc: 58.75%
Validation progress: 75/150 batches (50.0%)
  - Elapsed: 2.0s, Estimated remaining: 2.0s
Validation: 80/150 batches (53.4%)
  - Batch Acc: 30.47%, Running Acc: 58.24%
Validation progress: 80/150 batches (53.3%)
  - Elapsed: 2.1s, Estimated remaining: 1.8s
Validation: 85/150 batches (56.8%)
  - Batch Acc: 10.94%, Running Acc: 57.68%
Validation progress: 85/150 batches (56.7%)
  - Elapsed: 2.1s, Estimated remaining: 1.6s
Validation: 90/150 batches (60.1%)
  - Batch Acc: 36.72%, Running Acc: 56.22%
Validation progress: 90/150 batches (60.0%)
  - Elapsed: 2.2s, Estimated remaining: 1.4s
Validation: 95/150 batches (63.5%)
  - Batch Acc: 31.25%, Running Acc: 54.81%
Validation progress: 95/150 batches (63.3%)
  - Elapsed: 2.2s, Estimated remaining: 1.2s
Validation: 100/150 batches (66.8%)
  - Batch Acc: 3.91%, Running Acc: 52.80%
Validation progress: 100/150 batches (66.7%)
  - Elapsed: 2.2s, Estimated remaining: 1.1s
Validation: 105/150 batches (70.1%)
  - Batch Acc: 100.00%, Running Acc: 54.38%
Validation progress: 105/150 batches (70.0%)
  - Elapsed: 2.3s, Estimated remaining: 0.9s
Validation: 110/150 batches (73.5%)
  - Batch Acc: 89.84%, Running Acc: 55.94%
Validation progress: 110/150 batches (73.3%)
  - Elapsed: 2.3s, Estimated remaining: 0.8s
Validation: 115/150 batches (76.8%)
  - Batch Acc: 99.22%, Running Acc: 57.62%
Validation progress: 115/150 batches (76.7%)
  - Elapsed: 2.4s, Estimated remaining: 0.7s
Validation: 120/150 batches (80.2%)
  - Batch Acc: 28.91%, Running Acc: 58.33%
Validation progress: 120/150 batches (80.0%)
  - Elapsed: 2.4s, Estimated remaining: 0.6s
Validation: 125/150 batches (83.5%)
  - Batch Acc: 78.91%, Running Acc: 59.15%
Validation progress: 125/150 batches (83.3%)
  - Elapsed: 2.5s, Estimated remaining: 0.5s
Validation: 130/150 batches (86.9%)
  - Batch Acc: 98.44%, Running Acc: 59.12%
Validation progress: 130/150 batches (86.7%)
  - Elapsed: 2.5s, Estimated remaining: 0.4s
Validation: 135/150 batches (90.2%)
  - Batch Acc: 61.72%, Running Acc: 59.66%
Validation progress: 135/150 batches (90.0%)
  - Elapsed: 2.5s, Estimated remaining: 0.3s
Validation: 140/150 batches (93.5%)
  - Batch Acc: 31.25%, Running Acc: 59.12%
Validation progress: 140/150 batches (93.3%)
  - Elapsed: 2.6s, Estimated remaining: 0.2s
Validation: 145/150 batches (96.9%)
  - Batch Acc: 98.44%, Running Acc: 59.51%
Validation progress: 145/150 batches (96.7%)
  - Elapsed: 2.6s, Estimated remaining: 0.1s
Validation: 150/150 batches (100.2%)
  - Batch Acc: 94.25%, Running Acc: 60.41%
Validation complete in 3.06s - Loss: 2.6962, Accuracy: 0.6041

==== Epoch 18/100 ====
Starting training phase...
Training on 76620 samples...
Training: 100/599 batches (16.7%)
  - Batch Acc: 100.00%, Running Acc: 99.82%
  - Loss: 0.0019, Grad Norm: 0.0287
  - Learning Rate: 0.001000
Training: 200/599 batches (33.4%)
  - Batch Acc: 100.00%, Running Acc: 99.86%
  - Loss: 0.0002, Grad Norm: 0.0020
  - Learning Rate: 0.001000
Training: 300/599 batches (50.1%)
  - Batch Acc: 100.00%, Running Acc: 99.86%
  - Loss: 0.0002, Grad Norm: 0.0015
  - Learning Rate: 0.001000
Training: 400/599 batches (66.8%)
  - Batch Acc: 100.00%, Running Acc: 99.84%
  - Loss: 0.0042, Grad Norm: 0.0352
  - Learning Rate: 0.001000
Training: 500/599 batches (83.5%)
  - Batch Acc: 100.00%, Running Acc: 99.83%
  - Loss: 0.0003, Grad Norm: 0.0034
  - Learning Rate: 0.001000
Training: 599/599 batches (100.0%)
  - Batch Acc: 100.00%, Running Acc: 99.83%
  - Loss: 0.0002, Grad Norm: 0.0016
  - Learning Rate: 0.001000

Training phase complete
Epoch Summary:
  - Average Loss: 0.0059
  - Average Accuracy: 99.83%
  - Average Grad Norm: 0.0535
  - Final Learning Rate: 0.001000
Starting validation phase...
Starting validation on 19159 samples...
Entering no_grad block for validation
Validation progress: 0/150 batches (0.0%)
  - Elapsed: 1.5s, Estimated remaining: 0.0s
Validation: 5/150 batches (3.3%)
  - Batch Acc: 46.88%, Running Acc: 45.47%
Validation progress: 5/150 batches (3.3%)
  - Elapsed: 1.6s, Estimated remaining: 37.2s
Validation: 10/150 batches (6.7%)
  - Batch Acc: 34.38%, Running Acc: 46.80%
Validation progress: 10/150 batches (6.7%)
  - Elapsed: 1.6s, Estimated remaining: 19.8s
Validation: 15/150 batches (10.0%)
  - Batch Acc: 63.28%, Running Acc: 48.39%
Validation progress: 15/150 batches (10.0%)
  - Elapsed: 1.6s, Estimated remaining: 13.7s
Validation: 20/150 batches (13.4%)
  - Batch Acc: 85.94%, Running Acc: 55.23%
Validation progress: 20/150 batches (13.3%)
  - Elapsed: 1.7s, Estimated remaining: 10.1s
Validation: 25/150 batches (16.7%)
  - Batch Acc: 22.66%, Running Acc: 55.91%
Validation progress: 25/150 batches (16.7%)
  - Elapsed: 1.7s, Estimated remaining: 8.1s
Validation: 30/150 batches (20.0%)
  - Batch Acc: 45.31%, Running Acc: 56.72%
Validation progress: 30/150 batches (20.0%)
  - Elapsed: 1.7s, Estimated remaining: 6.7s
Validation: 35/150 batches (23.4%)
  - Batch Acc: 53.12%, Running Acc: 55.47%
Validation progress: 35/150 batches (23.3%)
  - Elapsed: 1.8s, Estimated remaining: 5.6s
Validation: 40/150 batches (26.7%)
  - Batch Acc: 99.22%, Running Acc: 56.95%
Validation progress: 40/150 batches (26.7%)
  - Elapsed: 1.8s, Estimated remaining: 4.8s
Validation: 45/150 batches (30.1%)
  - Batch Acc: 55.47%, Running Acc: 57.20%
Validation progress: 45/150 batches (30.0%)
  - Elapsed: 1.9s, Estimated remaining: 4.2s
Validation: 50/150 batches (33.4%)
  - Batch Acc: 100.00%, Running Acc: 58.03%
Validation progress: 50/150 batches (33.3%)
  - Elapsed: 1.9s, Estimated remaining: 3.7s
Validation: 55/150 batches (36.7%)
  - Batch Acc: 41.41%, Running Acc: 59.01%
Validation progress: 55/150 batches (36.7%)
  - Elapsed: 1.9s, Estimated remaining: 3.2s
Validation: 60/150 batches (40.1%)
  - Batch Acc: 50.78%, Running Acc: 61.05%
Validation progress: 60/150 batches (40.0%)
  - Elapsed: 2.0s, Estimated remaining: 2.9s
Validation: 65/150 batches (43.4%)
  - Batch Acc: 38.28%, Running Acc: 60.95%
Validation progress: 65/150 batches (43.3%)
  - Elapsed: 2.0s, Estimated remaining: 2.6s
Validation: 70/150 batches (46.8%)
  - Batch Acc: 63.28%, Running Acc: 60.70%
Validation progress: 70/150 batches (46.7%)
  - Elapsed: 2.1s, Estimated remaining: 2.3s
Validation: 75/150 batches (50.1%)
  - Batch Acc: 48.44%, Running Acc: 59.27%
Validation progress: 75/150 batches (50.0%)
  - Elapsed: 2.1s, Estimated remaining: 2.0s
Validation: 80/150 batches (53.4%)
  - Batch Acc: 40.62%, Running Acc: 58.59%
Validation progress: 80/150 batches (53.3%)
  - Elapsed: 2.1s, Estimated remaining: 1.8s
Validation: 85/150 batches (56.8%)
  - Batch Acc: 13.28%, Running Acc: 58.00%
Validation progress: 85/150 batches (56.7%)
  - Elapsed: 2.2s, Estimated remaining: 1.6s
Validation: 90/150 batches (60.1%)
  - Batch Acc: 43.75%, Running Acc: 56.68%
Validation progress: 90/150 batches (60.0%)
  - Elapsed: 2.2s, Estimated remaining: 1.4s
Validation: 95/150 batches (63.5%)
  - Batch Acc: 29.69%, Running Acc: 55.50%
Validation progress: 95/150 batches (63.3%)
  - Elapsed: 2.3s, Estimated remaining: 1.3s
Validation: 100/150 batches (66.8%)
  - Batch Acc: 19.53%, Running Acc: 54.28%
Validation progress: 100/150 batches (66.7%)
  - Elapsed: 2.3s, Estimated remaining: 1.1s
Validation: 105/150 batches (70.1%)
  - Batch Acc: 100.00%, Running Acc: 55.82%
Validation progress: 105/150 batches (70.0%)
  - Elapsed: 2.3s, Estimated remaining: 1.0s
Validation: 110/150 batches (73.5%)
  - Batch Acc: 82.81%, Running Acc: 57.02%
Validation progress: 110/150 batches (73.3%)
  - Elapsed: 2.4s, Estimated remaining: 0.8s
Validation: 115/150 batches (76.8%)
  - Batch Acc: 99.22%, Running Acc: 57.96%
Validation progress: 115/150 batches (76.7%)
  - Elapsed: 2.4s, Estimated remaining: 0.7s
Validation: 120/150 batches (80.2%)
  - Batch Acc: 23.44%, Running Acc: 58.55%
Validation progress: 120/150 batches (80.0%)
  - Elapsed: 2.5s, Estimated remaining: 0.6s
Validation: 125/150 batches (83.5%)
  - Batch Acc: 87.50%, Running Acc: 58.96%
Validation progress: 125/150 batches (83.3%)
  - Elapsed: 2.5s, Estimated remaining: 0.5s
Validation: 130/150 batches (86.9%)
  - Batch Acc: 100.00%, Running Acc: 59.24%
Validation progress: 130/150 batches (86.7%)
  - Elapsed: 2.5s, Estimated remaining: 0.4s
Validation: 135/150 batches (90.2%)
  - Batch Acc: 23.44%, Running Acc: 59.47%
Validation progress: 135/150 batches (90.0%)
  - Elapsed: 2.6s, Estimated remaining: 0.3s
Validation: 140/150 batches (93.5%)
  - Batch Acc: 53.12%, Running Acc: 59.40%
Validation progress: 140/150 batches (93.3%)
  - Elapsed: 2.6s, Estimated remaining: 0.2s
Validation: 145/150 batches (96.9%)
  - Batch Acc: 92.97%, Running Acc: 59.13%
Validation progress: 145/150 batches (96.7%)
  - Elapsed: 2.7s, Estimated remaining: 0.1s
Validation: 150/150 batches (100.2%)
  - Batch Acc: 98.85%, Running Acc: 59.72%
Validation complete in 3.13s - Loss: 2.4108, Accuracy: 0.5972

==== Epoch 19/100 ====
Starting training phase...
Training on 76620 samples...
Training: 100/599 batches (16.7%)
  - Batch Acc: 100.00%, Running Acc: 99.93%
  - Loss: 0.0009, Grad Norm: 0.0134
  - Learning Rate: 0.001000
Training: 200/599 batches (33.4%)
  - Batch Acc: 100.00%, Running Acc: 99.91%
  - Loss: 0.0027, Grad Norm: 0.0581
  - Learning Rate: 0.001000
Training: 300/599 batches (50.1%)
  - Batch Acc: 100.00%, Running Acc: 99.85%
  - Loss: 0.0039, Grad Norm: 0.0602
  - Learning Rate: 0.001000
Training: 400/599 batches (66.8%)
  - Batch Acc: 100.00%, Running Acc: 99.83%
  - Loss: 0.0016, Grad Norm: 0.0243
  - Learning Rate: 0.001000
Training: 500/599 batches (83.5%)
  - Batch Acc: 100.00%, Running Acc: 99.84%
  - Loss: 0.0002, Grad Norm: 0.0018
  - Learning Rate: 0.001000
Training: 599/599 batches (100.0%)
  - Batch Acc: 100.00%, Running Acc: 99.84%
  - Loss: 0.0047, Grad Norm: 0.1059
  - Learning Rate: 0.001000

Training phase complete
Epoch Summary:
  - Average Loss: 0.0048
  - Average Accuracy: 99.84%
  - Average Grad Norm: 0.0498
  - Final Learning Rate: 0.001000
Starting validation phase...
Starting validation on 19159 samples...
Entering no_grad block for validation
Validation progress: 0/150 batches (0.0%)
  - Elapsed: 1.4s, Estimated remaining: 0.0s
Validation: 5/150 batches (3.3%)
  - Batch Acc: 77.34%, Running Acc: 85.47%
Validation progress: 5/150 batches (3.3%)
  - Elapsed: 1.5s, Estimated remaining: 36.4s
Validation: 10/150 batches (6.7%)
  - Batch Acc: 35.94%, Running Acc: 69.45%
Validation progress: 10/150 batches (6.7%)
  - Elapsed: 1.5s, Estimated remaining: 19.3s
Validation: 15/150 batches (10.0%)
  - Batch Acc: 88.28%, Running Acc: 69.17%
Validation progress: 15/150 batches (10.0%)
  - Elapsed: 1.6s, Estimated remaining: 13.1s
Validation: 20/150 batches (13.4%)
  - Batch Acc: 96.88%, Running Acc: 73.75%
Validation progress: 20/150 batches (13.3%)
  - Elapsed: 1.6s, Estimated remaining: 9.7s
Validation: 25/150 batches (16.7%)
  - Batch Acc: 46.09%, Running Acc: 72.72%
Validation progress: 25/150 batches (16.7%)
  - Elapsed: 1.6s, Estimated remaining: 7.8s
Validation: 30/150 batches (20.0%)
  - Batch Acc: 59.38%, Running Acc: 70.55%
Validation progress: 30/150 batches (20.0%)
  - Elapsed: 1.7s, Estimated remaining: 6.4s
Validation: 35/150 batches (23.4%)
  - Batch Acc: 64.06%, Running Acc: 68.46%
Validation progress: 35/150 batches (23.3%)
  - Elapsed: 1.7s, Estimated remaining: 5.4s
Validation: 40/150 batches (26.7%)
  - Batch Acc: 100.00%, Running Acc: 68.89%
Validation progress: 40/150 batches (26.7%)
  - Elapsed: 1.7s, Estimated remaining: 4.6s
Validation: 45/150 batches (30.1%)
  - Batch Acc: 57.03%, Running Acc: 68.66%
Validation progress: 45/150 batches (30.0%)
  - Elapsed: 1.8s, Estimated remaining: 4.0s
Validation: 50/150 batches (33.4%)
  - Batch Acc: 100.00%, Running Acc: 67.92%
Validation progress: 50/150 batches (33.3%)
  - Elapsed: 1.8s, Estimated remaining: 3.5s
Validation: 55/150 batches (36.7%)
  - Batch Acc: 56.25%, Running Acc: 68.74%
Validation progress: 55/150 batches (36.7%)
  - Elapsed: 1.9s, Estimated remaining: 3.1s
Validation: 60/150 batches (40.1%)
  - Batch Acc: 47.66%, Running Acc: 69.43%
Validation progress: 60/150 batches (40.0%)
  - Elapsed: 1.9s, Estimated remaining: 2.8s
Validation: 65/150 batches (43.4%)
  - Batch Acc: 38.28%, Running Acc: 68.33%
Validation progress: 65/150 batches (43.3%)
  - Elapsed: 1.9s, Estimated remaining: 2.5s
Validation: 70/150 batches (46.8%)
  - Batch Acc: 57.03%, Running Acc: 66.71%
Validation progress: 70/150 batches (46.7%)
  - Elapsed: 2.0s, Estimated remaining: 2.2s
Validation: 75/150 batches (50.1%)
  - Batch Acc: 36.72%, Running Acc: 64.61%
Validation progress: 75/150 batches (50.0%)
  - Elapsed: 2.0s, Estimated remaining: 2.0s
Validation: 80/150 batches (53.4%)
  - Batch Acc: 42.97%, Running Acc: 64.28%
Validation progress: 80/150 batches (53.3%)
  - Elapsed: 2.0s, Estimated remaining: 1.7s
Validation: 85/150 batches (56.8%)
  - Batch Acc: 9.38%, Running Acc: 63.22%
Validation progress: 85/150 batches (56.7%)
  - Elapsed: 2.1s, Estimated remaining: 1.6s
Validation: 90/150 batches (60.1%)
  - Batch Acc: 35.16%, Running Acc: 61.73%
Validation progress: 90/150 batches (60.0%)
  - Elapsed: 2.1s, Estimated remaining: 1.4s
Validation: 95/150 batches (63.5%)
  - Batch Acc: 48.44%, Running Acc: 60.85%
Validation progress: 95/150 batches (63.3%)
  - Elapsed: 2.2s, Estimated remaining: 1.2s
Validation: 100/150 batches (66.8%)
  - Batch Acc: 13.28%, Running Acc: 60.23%
Validation progress: 100/150 batches (66.7%)
  - Elapsed: 2.2s, Estimated remaining: 1.1s
Validation: 105/150 batches (70.1%)
  - Batch Acc: 96.09%, Running Acc: 61.37%
Validation progress: 105/150 batches (70.0%)
  - Elapsed: 2.2s, Estimated remaining: 0.9s
Validation: 110/150 batches (73.5%)
  - Batch Acc: 57.03%, Running Acc: 61.63%
Validation progress: 110/150 batches (73.3%)
  - Elapsed: 2.3s, Estimated remaining: 0.8s
Validation: 115/150 batches (76.8%)
  - Batch Acc: 97.66%, Running Acc: 61.78%
Validation progress: 115/150 batches (76.7%)
  - Elapsed: 2.3s, Estimated remaining: 0.7s
Validation: 120/150 batches (80.2%)
  - Batch Acc: 9.38%, Running Acc: 62.08%
Validation progress: 120/150 batches (80.0%)
  - Elapsed: 2.4s, Estimated remaining: 0.6s
Validation: 125/150 batches (83.5%)
  - Batch Acc: 63.28%, Running Acc: 61.59%
Validation progress: 125/150 batches (83.3%)
  - Elapsed: 2.4s, Estimated remaining: 0.5s
Validation: 130/150 batches (86.9%)
  - Batch Acc: 99.22%, Running Acc: 61.76%
Validation progress: 130/150 batches (86.7%)
  - Elapsed: 2.4s, Estimated remaining: 0.4s
Validation: 135/150 batches (90.2%)
  - Batch Acc: 28.12%, Running Acc: 61.73%
Validation progress: 135/150 batches (90.0%)
  - Elapsed: 2.5s, Estimated remaining: 0.3s
Validation: 140/150 batches (93.5%)
  - Batch Acc: 61.72%, Running Acc: 61.70%
Validation progress: 140/150 batches (93.3%)
  - Elapsed: 2.5s, Estimated remaining: 0.2s
Validation: 145/150 batches (96.9%)
  - Batch Acc: 89.06%, Running Acc: 61.42%
Validation progress: 145/150 batches (96.7%)
  - Elapsed: 2.6s, Estimated remaining: 0.1s
Validation: 150/150 batches (100.2%)
  - Batch Acc: 93.10%, Running Acc: 61.90%
Validation complete in 3.03s - Loss: 2.5352, Accuracy: 0.6190

==== Epoch 20/100 ====
Starting training phase...
Training on 76620 samples...
Training: 100/599 batches (16.7%)
  - Batch Acc: 100.00%, Running Acc: 99.90%
  - Loss: 0.0002, Grad Norm: 0.0027
  - Learning Rate: 0.000200
Training: 200/599 batches (33.4%)
  - Batch Acc: 100.00%, Running Acc: 99.93%
  - Loss: 0.0004, Grad Norm: 0.0085
  - Learning Rate: 0.000200
Training: 300/599 batches (50.1%)
  - Batch Acc: 100.00%, Running Acc: 99.93%
  - Loss: 0.0001, Grad Norm: 0.0006
  - Learning Rate: 0.000200
Training: 400/599 batches (66.8%)
  - Batch Acc: 100.00%, Running Acc: 99.93%
  - Loss: 0.0001, Grad Norm: 0.0016
  - Learning Rate: 0.000200
Training: 500/599 batches (83.5%)
  - Batch Acc: 100.00%, Running Acc: 99.94%
  - Loss: 0.0002, Grad Norm: 0.0012
  - Learning Rate: 0.000200
Training: 599/599 batches (100.0%)
  - Batch Acc: 100.00%, Running Acc: 99.95%
  - Loss: 0.0001, Grad Norm: 0.0007
  - Learning Rate: 0.000200

Training phase complete
Epoch Summary:
  - Average Loss: 0.0017
  - Average Accuracy: 99.95%
  - Average Grad Norm: 0.0236
  - Final Learning Rate: 0.000200
Starting validation phase...
Starting validation on 19159 samples...
Entering no_grad block for validation
Validation progress: 0/150 batches (0.0%)
  - Elapsed: 1.5s, Estimated remaining: 0.0s
Validation: 5/150 batches (3.3%)
  - Batch Acc: 71.88%, Running Acc: 64.84%
Validation progress: 5/150 batches (3.3%)
  - Elapsed: 1.5s, Estimated remaining: 36.5s
Validation: 10/150 batches (6.7%)
  - Batch Acc: 37.50%, Running Acc: 56.72%
Validation progress: 10/150 batches (6.7%)
  - Elapsed: 1.6s, Estimated remaining: 19.7s
Validation: 15/150 batches (10.0%)
  - Batch Acc: 75.00%, Running Acc: 54.79%
Validation progress: 15/150 batches (10.0%)
  - Elapsed: 1.6s, Estimated remaining: 13.2s
Validation: 20/150 batches (13.4%)
  - Batch Acc: 78.91%, Running Acc: 60.51%
Validation progress: 20/150 batches (13.3%)
  - Elapsed: 1.6s, Estimated remaining: 10.0s
Validation: 25/150 batches (16.7%)
  - Batch Acc: 50.78%, Running Acc: 61.66%
Validation progress: 25/150 batches (16.7%)
  - Elapsed: 1.6s, Estimated remaining: 7.8s
Validation: 30/150 batches (20.0%)
  - Batch Acc: 45.31%, Running Acc: 61.38%
Validation progress: 30/150 batches (20.0%)
  - Elapsed: 1.7s, Estimated remaining: 6.5s
Validation: 35/150 batches (23.4%)
  - Batch Acc: 61.72%, Running Acc: 60.36%
Validation progress: 35/150 batches (23.3%)
  - Elapsed: 1.7s, Estimated remaining: 5.5s
Validation: 40/150 batches (26.7%)
  - Batch Acc: 100.00%, Running Acc: 61.54%
Validation progress: 40/150 batches (26.7%)
  - Elapsed: 1.8s, Estimated remaining: 4.7s
Validation: 45/150 batches (30.1%)
  - Batch Acc: 58.59%, Running Acc: 62.14%
Validation progress: 45/150 batches (30.0%)
  - Elapsed: 1.8s, Estimated remaining: 4.1s
Validation: 50/150 batches (33.4%)
  - Batch Acc: 100.00%, Running Acc: 62.02%
Validation progress: 50/150 batches (33.3%)
  - Elapsed: 1.8s, Estimated remaining: 3.6s
Validation: 55/150 batches (36.7%)
  - Batch Acc: 52.34%, Running Acc: 62.90%
Validation progress: 55/150 batches (36.7%)
  - Elapsed: 1.9s, Estimated remaining: 3.2s
Validation: 60/150 batches (40.1%)
  - Batch Acc: 37.50%, Running Acc: 63.91%
Validation progress: 60/150 batches (40.0%)
  - Elapsed: 1.9s, Estimated remaining: 2.8s
Validation: 65/150 batches (43.4%)
  - Batch Acc: 28.12%, Running Acc: 63.10%
Validation progress: 65/150 batches (43.3%)
  - Elapsed: 2.0s, Estimated remaining: 2.5s
Validation: 70/150 batches (46.8%)
  - Batch Acc: 60.16%, Running Acc: 61.91%
Validation progress: 70/150 batches (46.7%)
  - Elapsed: 2.0s, Estimated remaining: 2.2s
Validation: 75/150 batches (50.1%)
  - Batch Acc: 49.22%, Running Acc: 60.41%
Validation progress: 75/150 batches (50.0%)
  - Elapsed: 2.1s, Estimated remaining: 2.0s
Validation: 80/150 batches (53.4%)
  - Batch Acc: 41.41%, Running Acc: 60.28%
Validation progress: 80/150 batches (53.3%)
  - Elapsed: 2.1s, Estimated remaining: 1.8s
Validation: 85/150 batches (56.8%)
  - Batch Acc: 8.59%, Running Acc: 59.49%
Validation progress: 85/150 batches (56.7%)
  - Elapsed: 2.1s, Estimated remaining: 1.6s
Validation: 90/150 batches (60.1%)
  - Batch Acc: 36.72%, Running Acc: 58.15%
Validation progress: 90/150 batches (60.0%)
  - Elapsed: 2.2s, Estimated remaining: 1.4s
Validation: 95/150 batches (63.5%)
  - Batch Acc: 39.06%, Running Acc: 57.43%
Validation progress: 95/150 batches (63.3%)
  - Elapsed: 2.2s, Estimated remaining: 1.2s
Validation: 100/150 batches (66.8%)
  - Batch Acc: 14.06%, Running Acc: 56.59%
Validation progress: 100/150 batches (66.7%)
  - Elapsed: 2.2s, Estimated remaining: 1.1s
Validation: 105/150 batches (70.1%)
  - Batch Acc: 95.31%, Running Acc: 57.98%
Validation progress: 105/150 batches (70.0%)
  - Elapsed: 2.3s, Estimated remaining: 1.0s
Validation: 110/150 batches (73.5%)
  - Batch Acc: 78.12%, Running Acc: 59.03%
Validation progress: 110/150 batches (73.3%)
  - Elapsed: 2.3s, Estimated remaining: 0.8s
Validation: 115/150 batches (76.8%)
  - Batch Acc: 99.22%, Running Acc: 59.50%
Validation progress: 115/150 batches (76.7%)
  - Elapsed: 2.4s, Estimated remaining: 0.7s
Validation: 120/150 batches (80.2%)
  - Batch Acc: 10.94%, Running Acc: 59.77%
Validation progress: 120/150 batches (80.0%)
  - Elapsed: 2.4s, Estimated remaining: 0.6s
Validation: 125/150 batches (83.5%)
  - Batch Acc: 71.88%, Running Acc: 59.52%
Validation progress: 125/150 batches (83.3%)
  - Elapsed: 2.5s, Estimated remaining: 0.5s
Validation: 130/150 batches (86.9%)
  - Batch Acc: 100.00%, Running Acc: 59.60%
Validation progress: 130/150 batches (86.7%)
  - Elapsed: 2.5s, Estimated remaining: 0.4s
Validation: 135/150 batches (90.2%)
  - Batch Acc: 29.69%, Running Acc: 59.70%
Validation progress: 135/150 batches (90.0%)
  - Elapsed: 2.5s, Estimated remaining: 0.3s
Validation: 140/150 batches (93.5%)
  - Batch Acc: 64.06%, Running Acc: 59.64%
Validation progress: 140/150 batches (93.3%)
  - Elapsed: 2.6s, Estimated remaining: 0.2s
Validation: 145/150 batches (96.9%)
  - Batch Acc: 92.97%, Running Acc: 59.39%
Validation progress: 145/150 batches (96.7%)
  - Elapsed: 2.6s, Estimated remaining: 0.1s
Validation: 150/150 batches (100.2%)
  - Batch Acc: 94.25%, Running Acc: 59.89%
Validation complete in 2.99s - Loss: 2.5921, Accuracy: 0.5989

==== Epoch 21/100 ====
Starting training phase...
Training on 76620 samples...
Training: 100/599 batches (16.7%)
  - Batch Acc: 100.00%, Running Acc: 99.94%
  - Loss: 0.0001, Grad Norm: 0.0013
  - Learning Rate: 0.000200
Training: 200/599 batches (33.4%)
  - Batch Acc: 100.00%, Running Acc: 99.93%
  - Loss: 0.0001, Grad Norm: 0.0004
  - Learning Rate: 0.000200
Training: 300/599 batches (50.1%)
  - Batch Acc: 100.00%, Running Acc: 99.95%
  - Loss: 0.0022, Grad Norm: 0.0418
  - Learning Rate: 0.000200
Training: 400/599 batches (66.8%)
  - Batch Acc: 100.00%, Running Acc: 99.95%
  - Loss: 0.0001, Grad Norm: 0.0006
  - Learning Rate: 0.000200
Training: 500/599 batches (83.5%)
  - Batch Acc: 100.00%, Running Acc: 99.95%
  - Loss: 0.0014, Grad Norm: 0.0404
  - Learning Rate: 0.000200
Training: 599/599 batches (100.0%)
  - Batch Acc: 100.00%, Running Acc: 99.95%
  - Loss: 0.0002, Grad Norm: 0.0054
  - Learning Rate: 0.000200

Training phase complete
Epoch Summary:
  - Average Loss: 0.0013
  - Average Accuracy: 99.95%
  - Average Grad Norm: 0.0203
  - Final Learning Rate: 0.000200
Starting validation phase...
Starting validation on 19159 samples...
Entering no_grad block for validation
Validation progress: 0/150 batches (0.0%)
  - Elapsed: 1.5s, Estimated remaining: 0.0s
Validation: 5/150 batches (3.3%)
  - Batch Acc: 78.91%, Running Acc: 69.53%
Validation progress: 5/150 batches (3.3%)
  - Elapsed: 1.5s, Estimated remaining: 36.6s
Validation: 10/150 batches (6.7%)
  - Batch Acc: 36.72%, Running Acc: 58.52%
Validation progress: 10/150 batches (6.7%)
  - Elapsed: 1.6s, Estimated remaining: 19.9s
Validation: 15/150 batches (10.0%)
  - Batch Acc: 78.12%, Running Acc: 56.35%
Validation progress: 15/150 batches (10.0%)
  - Elapsed: 1.6s, Estimated remaining: 13.3s
Validation: 20/150 batches (13.4%)
  - Batch Acc: 83.59%, Running Acc: 61.48%
Validation progress: 20/150 batches (13.3%)
  - Elapsed: 1.6s, Estimated remaining: 10.0s
Validation: 25/150 batches (16.7%)
  - Batch Acc: 51.56%, Running Acc: 62.78%
Validation progress: 25/150 batches (16.7%)
  - Elapsed: 1.7s, Estimated remaining: 7.9s
Validation: 30/150 batches (20.0%)
  - Batch Acc: 76.56%, Running Acc: 63.78%
Validation progress: 30/150 batches (20.0%)
  - Elapsed: 1.7s, Estimated remaining: 6.6s
Validation: 35/150 batches (23.4%)
  - Batch Acc: 78.12%, Running Acc: 63.10%
Validation progress: 35/150 batches (23.3%)
  - Elapsed: 1.7s, Estimated remaining: 5.5s
Validation: 40/150 batches (26.7%)
  - Batch Acc: 100.00%, Running Acc: 64.36%
Validation progress: 40/150 batches (26.7%)
  - Elapsed: 1.8s, Estimated remaining: 4.7s
Validation: 45/150 batches (30.1%)
  - Batch Acc: 60.94%, Running Acc: 64.90%
Validation progress: 45/150 batches (30.0%)
  - Elapsed: 1.8s, Estimated remaining: 4.1s
Validation: 50/150 batches (33.4%)
  - Batch Acc: 100.00%, Running Acc: 64.31%
Validation progress: 50/150 batches (33.3%)
  - Elapsed: 1.9s, Estimated remaining: 3.6s
Validation: 55/150 batches (36.7%)
  - Batch Acc: 49.22%, Running Acc: 64.56%
Validation progress: 55/150 batches (36.7%)
  - Elapsed: 1.9s, Estimated remaining: 3.2s
Validation: 60/150 batches (40.1%)
  - Batch Acc: 30.47%, Running Acc: 65.30%
Validation progress: 60/150 batches (40.0%)
  - Elapsed: 1.9s, Estimated remaining: 2.8s
Validation: 65/150 batches (43.4%)
  - Batch Acc: 24.22%, Running Acc: 64.07%
Validation progress: 65/150 batches (43.3%)
  - Elapsed: 2.0s, Estimated remaining: 2.5s
Validation: 70/150 batches (46.8%)
  - Batch Acc: 60.16%, Running Acc: 62.80%
Validation progress: 70/150 batches (46.7%)
  - Elapsed: 2.0s, Estimated remaining: 2.3s
Validation: 75/150 batches (50.1%)
  - Batch Acc: 47.66%, Running Acc: 61.34%
Validation progress: 75/150 batches (50.0%)
  - Elapsed: 2.1s, Estimated remaining: 2.0s
Validation: 80/150 batches (53.4%)
  - Batch Acc: 42.97%, Running Acc: 61.43%
Validation progress: 80/150 batches (53.3%)
  - Elapsed: 2.1s, Estimated remaining: 1.8s
Validation: 85/150 batches (56.8%)
  - Batch Acc: 10.16%, Running Acc: 60.63%
Validation progress: 85/150 batches (56.7%)
  - Elapsed: 2.1s, Estimated remaining: 1.6s
Validation: 90/150 batches (60.1%)
  - Batch Acc: 39.06%, Running Acc: 59.30%
Validation progress: 90/150 batches (60.0%)
  - Elapsed: 2.2s, Estimated remaining: 1.4s
Validation: 95/150 batches (63.5%)
  - Batch Acc: 39.84%, Running Acc: 58.54%
Validation progress: 95/150 batches (63.3%)
  - Elapsed: 2.2s, Estimated remaining: 1.3s
Validation: 100/150 batches (66.8%)
  - Batch Acc: 10.94%, Running Acc: 57.38%
Validation progress: 100/150 batches (66.7%)
  - Elapsed: 2.3s, Estimated remaining: 1.1s
Validation: 105/150 batches (70.1%)
  - Batch Acc: 95.31%, Running Acc: 58.53%
Validation progress: 105/150 batches (70.0%)
  - Elapsed: 2.3s, Estimated remaining: 1.0s
Validation: 110/150 batches (73.5%)
  - Batch Acc: 78.91%, Running Acc: 59.38%
Validation progress: 110/150 batches (73.3%)
  - Elapsed: 2.4s, Estimated remaining: 0.8s
Validation: 115/150 batches (76.8%)
  - Batch Acc: 95.31%, Running Acc: 60.01%
Validation progress: 115/150 batches (76.7%)
  - Elapsed: 2.4s, Estimated remaining: 0.7s
Validation: 120/150 batches (80.2%)
  - Batch Acc: 10.94%, Running Acc: 60.35%
Validation progress: 120/150 batches (80.0%)
  - Elapsed: 2.4s, Estimated remaining: 0.6s
Validation: 125/150 batches (83.5%)
  - Batch Acc: 78.12%, Running Acc: 60.12%
Validation progress: 125/150 batches (83.3%)
  - Elapsed: 2.5s, Estimated remaining: 0.5s
Validation: 130/150 batches (86.9%)
  - Batch Acc: 100.00%, Running Acc: 60.23%
Validation progress: 130/150 batches (86.7%)
  - Elapsed: 2.5s, Estimated remaining: 0.4s
Validation: 135/150 batches (90.2%)
  - Batch Acc: 34.38%, Running Acc: 60.24%
Validation progress: 135/150 batches (90.0%)
  - Elapsed: 2.6s, Estimated remaining: 0.3s
Validation: 140/150 batches (93.5%)
  - Batch Acc: 66.41%, Running Acc: 60.25%
Validation progress: 140/150 batches (93.3%)
  - Elapsed: 2.6s, Estimated remaining: 0.2s
Validation: 145/150 batches (96.9%)
  - Batch Acc: 92.97%, Running Acc: 59.94%
Validation progress: 145/150 batches (96.7%)
  - Elapsed: 2.6s, Estimated remaining: 0.1s
Validation: 150/150 batches (100.2%)
  - Batch Acc: 93.10%, Running Acc: 60.44%
Validation complete in 3.05s - Loss: 2.5771, Accuracy: 0.6044

==== Epoch 22/100 ====
Starting training phase...
Training on 76620 samples...
Training: 100/599 batches (16.7%)
  - Batch Acc: 100.00%, Running Acc: 99.98%
  - Loss: 0.0001, Grad Norm: 0.0008
  - Learning Rate: 0.000200
Training: 200/599 batches (33.4%)
  - Batch Acc: 100.00%, Running Acc: 99.96%
  - Loss: 0.0001, Grad Norm: 0.0008
  - Learning Rate: 0.000200
Training: 300/599 batches (50.1%)
  - Batch Acc: 100.00%, Running Acc: 99.96%
  - Loss: 0.0002, Grad Norm: 0.0055
  - Learning Rate: 0.000200
Training: 400/599 batches (66.8%)
  - Batch Acc: 100.00%, Running Acc: 99.97%
  - Loss: 0.0001, Grad Norm: 0.0009
  - Learning Rate: 0.000200
Training: 500/599 batches (83.5%)
  - Batch Acc: 100.00%, Running Acc: 99.97%
  - Loss: 0.0003, Grad Norm: 0.0042
  - Learning Rate: 0.000200
Training: 599/599 batches (100.0%)
  - Batch Acc: 100.00%, Running Acc: 99.97%
  - Loss: 0.0001, Grad Norm: 0.0006
  - Learning Rate: 0.000200

Training phase complete
Epoch Summary:
  - Average Loss: 0.0009
  - Average Accuracy: 99.97%
  - Average Grad Norm: 0.0138
  - Final Learning Rate: 0.000200
Starting validation phase...
Starting validation on 19159 samples...
Entering no_grad block for validation
Validation progress: 0/150 batches (0.0%)
  - Elapsed: 1.5s, Estimated remaining: 0.0s
Validation: 5/150 batches (3.3%)
  - Batch Acc: 74.22%, Running Acc: 74.38%
Validation progress: 5/150 batches (3.3%)
  - Elapsed: 1.5s, Estimated remaining: 36.6s
Validation: 10/150 batches (6.7%)
  - Batch Acc: 32.81%, Running Acc: 60.94%
Validation progress: 10/150 batches (6.7%)
  - Elapsed: 1.6s, Estimated remaining: 19.8s
Validation: 15/150 batches (10.0%)
  - Batch Acc: 58.59%, Running Acc: 56.20%
Validation progress: 15/150 batches (10.0%)
  - Elapsed: 1.6s, Estimated remaining: 13.3s
Validation: 20/150 batches (13.4%)
  - Batch Acc: 83.59%, Running Acc: 61.29%
Validation progress: 20/150 batches (13.3%)
  - Elapsed: 1.6s, Estimated remaining: 10.1s
Validation: 25/150 batches (16.7%)
  - Batch Acc: 43.75%, Running Acc: 62.12%
Validation progress: 25/150 batches (16.7%)
  - Elapsed: 1.7s, Estimated remaining: 8.0s
Validation: 30/150 batches (20.0%)
  - Batch Acc: 71.09%, Running Acc: 62.60%
Validation progress: 30/150 batches (20.0%)
  - Elapsed: 1.7s, Estimated remaining: 6.6s
Validation: 35/150 batches (23.4%)
  - Batch Acc: 69.53%, Running Acc: 61.67%
Validation progress: 35/150 batches (23.3%)
  - Elapsed: 1.7s, Estimated remaining: 5.5s
Validation: 40/150 batches (26.7%)
  - Batch Acc: 100.00%, Running Acc: 63.20%
Validation progress: 40/150 batches (26.7%)
  - Elapsed: 1.8s, Estimated remaining: 4.8s
Validation: 45/150 batches (30.1%)
  - Batch Acc: 63.28%, Running Acc: 64.08%
Validation progress: 45/150 batches (30.0%)
  - Elapsed: 1.8s, Estimated remaining: 4.2s
Validation: 50/150 batches (33.4%)
  - Batch Acc: 100.00%, Running Acc: 63.78%
Validation progress: 50/150 batches (33.3%)
  - Elapsed: 1.9s, Estimated remaining: 3.6s
Validation: 55/150 batches (36.7%)
  - Batch Acc: 52.34%, Running Acc: 64.46%
Validation progress: 55/150 batches (36.7%)
  - Elapsed: 1.9s, Estimated remaining: 3.2s
Validation: 60/150 batches (40.1%)
  - Batch Acc: 36.72%, Running Acc: 65.38%
Validation progress: 60/150 batches (40.0%)
  - Elapsed: 1.9s, Estimated remaining: 2.8s
Validation: 65/150 batches (43.4%)
  - Batch Acc: 25.00%, Running Acc: 64.25%
Validation progress: 65/150 batches (43.3%)
  - Elapsed: 2.0s, Estimated remaining: 2.5s
Validation: 70/150 batches (46.8%)
  - Batch Acc: 62.50%, Running Acc: 62.95%
Validation progress: 70/150 batches (46.7%)
  - Elapsed: 2.0s, Estimated remaining: 2.3s
Validation: 75/150 batches (50.1%)
  - Batch Acc: 44.53%, Running Acc: 61.33%
Validation progress: 75/150 batches (50.0%)
  - Elapsed: 2.1s, Estimated remaining: 2.0s
Validation: 80/150 batches (53.4%)
  - Batch Acc: 42.97%, Running Acc: 61.44%
Validation progress: 80/150 batches (53.3%)
  - Elapsed: 2.1s, Estimated remaining: 1.8s
Validation: 85/150 batches (56.8%)
  - Batch Acc: 10.94%, Running Acc: 60.68%
Validation progress: 85/150 batches (56.7%)
  - Elapsed: 2.1s, Estimated remaining: 1.6s
Validation: 90/150 batches (60.1%)
  - Batch Acc: 41.41%, Running Acc: 59.41%
Validation progress: 90/150 batches (60.0%)
  - Elapsed: 2.2s, Estimated remaining: 1.4s
Validation: 95/150 batches (63.5%)
  - Batch Acc: 36.72%, Running Acc: 58.70%
Validation progress: 95/150 batches (63.3%)
  - Elapsed: 2.2s, Estimated remaining: 1.2s
Validation: 100/150 batches (66.8%)
  - Batch Acc: 14.84%, Running Acc: 57.74%
Validation progress: 100/150 batches (66.7%)
  - Elapsed: 2.3s, Estimated remaining: 1.1s
Validation: 105/150 batches (70.1%)
  - Batch Acc: 96.09%, Running Acc: 58.95%
Validation progress: 105/150 batches (70.0%)
  - Elapsed: 2.3s, Estimated remaining: 1.0s
Validation: 110/150 batches (73.5%)
  - Batch Acc: 76.56%, Running Acc: 59.84%
Validation progress: 110/150 batches (73.3%)
  - Elapsed: 2.3s, Estimated remaining: 0.8s
Validation: 115/150 batches (76.8%)
  - Batch Acc: 96.09%, Running Acc: 60.29%
Validation progress: 115/150 batches (76.7%)
  - Elapsed: 2.4s, Estimated remaining: 0.7s
Validation: 120/150 batches (80.2%)
  - Batch Acc: 10.94%, Running Acc: 60.55%
Validation progress: 120/150 batches (80.0%)
  - Elapsed: 2.4s, Estimated remaining: 0.6s
Validation: 125/150 batches (83.5%)
  - Batch Acc: 78.91%, Running Acc: 60.26%
Validation progress: 125/150 batches (83.3%)
  - Elapsed: 2.5s, Estimated remaining: 0.5s
Validation: 130/150 batches (86.9%)
  - Batch Acc: 100.00%, Running Acc: 60.36%
Validation progress: 130/150 batches (86.7%)
  - Elapsed: 2.5s, Estimated remaining: 0.4s
Validation: 135/150 batches (90.2%)
  - Batch Acc: 32.03%, Running Acc: 60.38%
Validation progress: 135/150 batches (90.0%)
  - Elapsed: 2.5s, Estimated remaining: 0.3s
Validation: 140/150 batches (93.5%)
  - Batch Acc: 63.28%, Running Acc: 60.37%
Validation progress: 140/150 batches (93.3%)
  - Elapsed: 2.6s, Estimated remaining: 0.2s
Validation: 145/150 batches (96.9%)
  - Batch Acc: 92.97%, Running Acc: 60.04%
Validation progress: 145/150 batches (96.7%)
  - Elapsed: 2.6s, Estimated remaining: 0.1s
Validation: 150/150 batches (100.2%)
  - Batch Acc: 95.40%, Running Acc: 60.56%
Validation complete in 3.11s - Loss: 2.6698, Accuracy: 0.6056

==== Epoch 23/100 ====
Starting training phase...
Training on 76620 samples...
Training: 100/599 batches (16.7%)
  - Batch Acc: 100.00%, Running Acc: 99.98%
  - Loss: 0.0001, Grad Norm: 0.0014
  - Learning Rate: 0.000200
Training: 200/599 batches (33.4%)
  - Batch Acc: 100.00%, Running Acc: 99.98%
  - Loss: 0.0000, Grad Norm: 0.0005
  - Learning Rate: 0.000200
Training: 300/599 batches (50.1%)
  - Batch Acc: 100.00%, Running Acc: 99.98%
  - Loss: 0.0000, Grad Norm: 0.0002
  - Learning Rate: 0.000200
Training: 400/599 batches (66.8%)
  - Batch Acc: 100.00%, Running Acc: 99.99%
  - Loss: 0.0000, Grad Norm: 0.0003
  - Learning Rate: 0.000200
Training: 500/599 batches (83.5%)
  - Batch Acc: 100.00%, Running Acc: 99.98%
  - Loss: 0.0000, Grad Norm: 0.0001
  - Learning Rate: 0.000200
Training: 599/599 batches (100.0%)
  - Batch Acc: 100.00%, Running Acc: 99.98%
  - Loss: 0.0000, Grad Norm: 0.0005
  - Learning Rate: 0.000200

Training phase complete
Epoch Summary:
  - Average Loss: 0.0005
  - Average Accuracy: 99.98%
  - Average Grad Norm: 0.0075
  - Final Learning Rate: 0.000200
Starting validation phase...
Starting validation on 19159 samples...
Entering no_grad block for validation
Validation progress: 0/150 batches (0.0%)
  - Elapsed: 1.5s, Estimated remaining: 0.0s
Validation: 5/150 batches (3.3%)
  - Batch Acc: 76.56%, Running Acc: 70.78%
Validation progress: 5/150 batches (3.3%)
  - Elapsed: 1.6s, Estimated remaining: 37.4s
Validation: 10/150 batches (6.7%)
  - Batch Acc: 36.72%, Running Acc: 59.30%
Validation progress: 10/150 batches (6.7%)
  - Elapsed: 1.6s, Estimated remaining: 20.3s
Validation: 15/150 batches (10.0%)
  - Batch Acc: 57.03%, Running Acc: 55.62%
Validation progress: 15/150 batches (10.0%)
  - Elapsed: 1.6s, Estimated remaining: 13.7s
Validation: 20/150 batches (13.4%)
  - Batch Acc: 89.06%, Running Acc: 61.37%
Validation progress: 20/150 batches (13.3%)
  - Elapsed: 1.7s, Estimated remaining: 10.3s
Validation: 25/150 batches (16.7%)
  - Batch Acc: 42.97%, Running Acc: 61.97%
Validation progress: 25/150 batches (16.7%)
  - Elapsed: 1.7s, Estimated remaining: 8.1s
Validation: 30/150 batches (20.0%)
  - Batch Acc: 67.97%, Running Acc: 62.40%
Validation progress: 30/150 batches (20.0%)
  - Elapsed: 1.7s, Estimated remaining: 6.7s
Validation: 35/150 batches (23.4%)
  - Batch Acc: 66.41%, Running Acc: 61.14%
Validation progress: 35/150 batches (23.3%)
  - Elapsed: 1.8s, Estimated remaining: 5.7s
Validation: 40/150 batches (26.7%)
  - Batch Acc: 100.00%, Running Acc: 62.11%
Validation progress: 40/150 batches (26.7%)
  - Elapsed: 1.8s, Estimated remaining: 4.9s
Validation: 45/150 batches (30.1%)
  - Batch Acc: 59.38%, Running Acc: 62.62%
Validation progress: 45/150 batches (30.0%)
  - Elapsed: 1.9s, Estimated remaining: 4.2s
Validation: 50/150 batches (33.4%)
  - Batch Acc: 100.00%, Running Acc: 62.28%
Validation progress: 50/150 batches (33.3%)
  - Elapsed: 2.0s, Estimated remaining: 3.9s
Validation: 55/150 batches (36.7%)
  - Batch Acc: 52.34%, Running Acc: 63.17%
Validation progress: 55/150 batches (36.7%)
  - Elapsed: 2.0s, Estimated remaining: 3.4s
Validation: 60/150 batches (40.1%)
  - Batch Acc: 36.72%, Running Acc: 64.21%
Validation progress: 60/150 batches (40.0%)
  - Elapsed: 2.0s, Estimated remaining: 3.0s
Validation: 65/150 batches (43.4%)
  - Batch Acc: 34.38%, Running Acc: 63.49%
Validation progress: 65/150 batches (43.3%)
  - Elapsed: 2.0s, Estimated remaining: 2.6s
Validation: 70/150 batches (46.8%)
  - Batch Acc: 63.28%, Running Acc: 62.50%
Validation progress: 70/150 batches (46.7%)
  - Elapsed: 2.1s, Estimated remaining: 2.3s
Validation: 75/150 batches (50.1%)
  - Batch Acc: 43.75%, Running Acc: 60.96%
Validation progress: 75/150 batches (50.0%)
  - Elapsed: 2.1s, Estimated remaining: 2.1s
Validation: 80/150 batches (53.4%)
  - Batch Acc: 42.19%, Running Acc: 61.10%
Validation progress: 80/150 batches (53.3%)
  - Elapsed: 2.1s, Estimated remaining: 1.8s
Validation: 85/150 batches (56.8%)
  - Batch Acc: 9.38%, Running Acc: 60.43%
Validation progress: 85/150 batches (56.7%)
  - Elapsed: 2.2s, Estimated remaining: 1.6s
Validation: 90/150 batches (60.1%)
  - Batch Acc: 41.41%, Running Acc: 59.09%
Validation progress: 90/150 batches (60.0%)
  - Elapsed: 2.2s, Estimated remaining: 1.4s
Validation: 95/150 batches (63.5%)
  - Batch Acc: 36.72%, Running Acc: 58.50%
Validation progress: 95/150 batches (63.3%)
  - Elapsed: 2.3s, Estimated remaining: 1.3s
Validation: 100/150 batches (66.8%)
  - Batch Acc: 13.28%, Running Acc: 57.44%
Validation progress: 100/150 batches (66.7%)
  - Elapsed: 2.3s, Estimated remaining: 1.1s
Validation: 105/150 batches (70.1%)
  - Batch Acc: 96.09%, Running Acc: 58.58%
Validation progress: 105/150 batches (70.0%)
  - Elapsed: 2.3s, Estimated remaining: 1.0s
Validation: 110/150 batches (73.5%)
  - Batch Acc: 77.34%, Running Acc: 59.55%
Validation progress: 110/150 batches (73.3%)
  - Elapsed: 2.4s, Estimated remaining: 0.8s
Validation: 115/150 batches (76.8%)
  - Batch Acc: 94.53%, Running Acc: 60.07%
Validation progress: 115/150 batches (76.7%)
  - Elapsed: 2.4s, Estimated remaining: 0.7s
Validation: 120/150 batches (80.2%)
  - Batch Acc: 19.53%, Running Acc: 60.42%
Validation progress: 120/150 batches (80.0%)
  - Elapsed: 2.5s, Estimated remaining: 0.6s
Validation: 125/150 batches (83.5%)
  - Batch Acc: 75.78%, Running Acc: 60.14%
Validation progress: 125/150 batches (83.3%)
  - Elapsed: 2.5s, Estimated remaining: 0.5s
Validation: 130/150 batches (86.9%)
  - Batch Acc: 100.00%, Running Acc: 60.07%
Validation progress: 130/150 batches (86.7%)
  - Elapsed: 2.6s, Estimated remaining: 0.4s
Validation: 135/150 batches (90.2%)
  - Batch Acc: 34.38%, Running Acc: 60.16%
Validation progress: 135/150 batches (90.0%)
  - Elapsed: 2.6s, Estimated remaining: 0.3s
Validation: 140/150 batches (93.5%)
  - Batch Acc: 63.28%, Running Acc: 60.15%
Validation progress: 140/150 batches (93.3%)
  - Elapsed: 2.6s, Estimated remaining: 0.2s
Validation: 145/150 batches (96.9%)
  - Batch Acc: 96.88%, Running Acc: 59.89%
Validation progress: 145/150 batches (96.7%)
  - Elapsed: 2.7s, Estimated remaining: 0.1s
Validation: 150/150 batches (100.2%)
  - Batch Acc: 100.00%, Running Acc: 60.44%
Validation complete in 3.13s - Loss: 2.7318, Accuracy: 0.6044

==== Epoch 24/100 ====
Starting training phase...
Training on 76620 samples...
Training: 100/599 batches (16.7%)
  - Batch Acc: 100.00%, Running Acc: 99.99%
  - Loss: 0.0000, Grad Norm: 0.0003
  - Learning Rate: 0.000200
Training: 200/599 batches (33.4%)
  - Batch Acc: 100.00%, Running Acc: 99.98%
  - Loss: 0.0001, Grad Norm: 0.0018
  - Learning Rate: 0.000200
Training: 300/599 batches (50.1%)
  - Batch Acc: 100.00%, Running Acc: 99.99%
  - Loss: 0.0001, Grad Norm: 0.0008
  - Learning Rate: 0.000200
Training: 400/599 batches (66.8%)
  - Batch Acc: 100.00%, Running Acc: 99.99%
  - Loss: 0.0001, Grad Norm: 0.0014
  - Learning Rate: 0.000200
Training: 500/599 batches (83.5%)
  - Batch Acc: 100.00%, Running Acc: 99.99%
  - Loss: 0.0000, Grad Norm: 0.0002
  - Learning Rate: 0.000200
Training: 599/599 batches (100.0%)
  - Batch Acc: 100.00%, Running Acc: 99.99%
  - Loss: 0.0002, Grad Norm: 0.0067
  - Learning Rate: 0.000200

Training phase complete
Epoch Summary:
  - Average Loss: 0.0004
  - Average Accuracy: 99.99%
  - Average Grad Norm: 0.0066
  - Final Learning Rate: 0.000200
Starting validation phase...
Starting validation on 19159 samples...
Entering no_grad block for validation
Validation progress: 0/150 batches (0.0%)
  - Elapsed: 1.5s, Estimated remaining: 0.0s
Validation: 5/150 batches (3.3%)
  - Batch Acc: 74.22%, Running Acc: 72.34%
Validation progress: 5/150 batches (3.3%)
  - Elapsed: 1.5s, Estimated remaining: 36.3s
Validation: 10/150 batches (6.7%)
  - Batch Acc: 35.94%, Running Acc: 61.56%
Validation progress: 10/150 batches (6.7%)
  - Elapsed: 1.5s, Estimated remaining: 19.6s
Validation: 15/150 batches (10.0%)
  - Batch Acc: 56.25%, Running Acc: 56.35%
Validation progress: 15/150 batches (10.0%)
  - Elapsed: 1.6s, Estimated remaining: 13.3s
Validation: 20/150 batches (13.4%)
  - Batch Acc: 89.84%, Running Acc: 62.19%
Validation progress: 20/150 batches (13.3%)
  - Elapsed: 1.6s, Estimated remaining: 10.0s
Validation: 25/150 batches (16.7%)
  - Batch Acc: 42.19%, Running Acc: 62.47%
Validation progress: 25/150 batches (16.7%)
  - Elapsed: 1.7s, Estimated remaining: 8.0s
Validation: 30/150 batches (20.0%)
  - Batch Acc: 69.53%, Running Acc: 63.12%
Validation progress: 30/150 batches (20.0%)
  - Elapsed: 1.7s, Estimated remaining: 6.6s
Validation: 35/150 batches (23.4%)
  - Batch Acc: 62.50%, Running Acc: 61.63%
Validation progress: 35/150 batches (23.3%)
  - Elapsed: 1.8s, Estimated remaining: 5.6s
Validation: 40/150 batches (26.7%)
  - Batch Acc: 100.00%, Running Acc: 62.52%
Validation progress: 40/150 batches (26.7%)
  - Elapsed: 1.8s, Estimated remaining: 4.8s
Validation: 45/150 batches (30.1%)
  - Batch Acc: 59.38%, Running Acc: 63.04%
Validation progress: 45/150 batches (30.0%)
  - Elapsed: 1.8s, Estimated remaining: 4.2s
Validation: 50/150 batches (33.4%)
  - Batch Acc: 100.00%, Running Acc: 62.72%
Validation progress: 50/150 batches (33.3%)
  - Elapsed: 1.9s, Estimated remaining: 3.7s
Validation: 55/150 batches (36.7%)
  - Batch Acc: 54.69%, Running Acc: 63.81%
Validation progress: 55/150 batches (36.7%)
  - Elapsed: 1.9s, Estimated remaining: 3.2s
Validation: 60/150 batches (40.1%)
  - Batch Acc: 37.50%, Running Acc: 64.88%
Validation progress: 60/150 batches (40.0%)
  - Elapsed: 2.0s, Estimated remaining: 2.9s
Validation: 65/150 batches (43.4%)
  - Batch Acc: 37.50%, Running Acc: 64.34%
Validation progress: 65/150 batches (43.3%)
  - Elapsed: 2.0s, Estimated remaining: 2.6s
Validation: 70/150 batches (46.8%)
  - Batch Acc: 63.28%, Running Acc: 63.39%
Validation progress: 70/150 batches (46.7%)
  - Elapsed: 2.1s, Estimated remaining: 2.3s
Validation: 75/150 batches (50.1%)
  - Batch Acc: 40.62%, Running Acc: 61.74%
Validation progress: 75/150 batches (50.0%)
  - Elapsed: 2.1s, Estimated remaining: 2.1s
Validation: 80/150 batches (53.4%)
  - Batch Acc: 42.19%, Running Acc: 61.62%
Validation progress: 80/150 batches (53.3%)
  - Elapsed: 2.2s, Estimated remaining: 1.8s
Validation: 85/150 batches (56.8%)
  - Batch Acc: 5.47%, Running Acc: 60.89%
Validation progress: 85/150 batches (56.7%)
  - Elapsed: 2.2s, Estimated remaining: 1.6s
Validation: 90/150 batches (60.1%)
  - Batch Acc: 40.62%, Running Acc: 59.46%
Validation progress: 90/150 batches (60.0%)
  - Elapsed: 2.2s, Estimated remaining: 1.5s
Validation: 95/150 batches (63.5%)
  - Batch Acc: 35.16%, Running Acc: 58.71%
Validation progress: 95/150 batches (63.3%)
  - Elapsed: 2.3s, Estimated remaining: 1.3s
Validation: 100/150 batches (66.8%)
  - Batch Acc: 11.72%, Running Acc: 57.84%
Validation progress: 100/150 batches (66.7%)
  - Elapsed: 2.3s, Estimated remaining: 1.1s
Validation: 105/150 batches (70.1%)
  - Batch Acc: 96.09%, Running Acc: 59.12%
Validation progress: 105/150 batches (70.0%)
  - Elapsed: 2.4s, Estimated remaining: 1.0s
Validation: 110/150 batches (73.5%)
  - Batch Acc: 82.03%, Running Acc: 60.16%
Validation progress: 110/150 batches (73.3%)
  - Elapsed: 2.4s, Estimated remaining: 0.8s
Validation: 115/150 batches (76.8%)
  - Batch Acc: 99.22%, Running Acc: 60.65%
Validation progress: 115/150 batches (76.7%)
  - Elapsed: 2.5s, Estimated remaining: 0.7s
Validation: 120/150 batches (80.2%)
  - Batch Acc: 24.22%, Running Acc: 61.07%
Validation progress: 120/150 batches (80.0%)
  - Elapsed: 2.5s, Estimated remaining: 0.6s
Validation: 125/150 batches (83.5%)
  - Batch Acc: 71.88%, Running Acc: 60.75%
Validation progress: 125/150 batches (83.3%)
  - Elapsed: 2.5s, Estimated remaining: 0.5s
Validation: 130/150 batches (86.9%)
  - Batch Acc: 100.00%, Running Acc: 60.58%
Validation progress: 130/150 batches (86.7%)
  - Elapsed: 2.6s, Estimated remaining: 0.4s
Validation: 135/150 batches (90.2%)
  - Batch Acc: 27.34%, Running Acc: 60.62%
Validation progress: 135/150 batches (90.0%)
  - Elapsed: 2.6s, Estimated remaining: 0.3s
Validation: 140/150 batches (93.5%)
  - Batch Acc: 53.12%, Running Acc: 60.47%
Validation progress: 140/150 batches (93.3%)
  - Elapsed: 2.7s, Estimated remaining: 0.2s
Validation: 145/150 batches (96.9%)
  - Batch Acc: 96.88%, Running Acc: 60.19%
Validation progress: 145/150 batches (96.7%)
  - Elapsed: 2.7s, Estimated remaining: 0.1s
Validation: 150/150 batches (100.2%)
  - Batch Acc: 100.00%, Running Acc: 60.68%
Validation complete in 3.16s - Loss: 2.8184, Accuracy: 0.6068

==== Epoch 25/100 ====
Starting training phase...
Training on 76620 samples...
Training: 100/599 batches (16.7%)
  - Batch Acc: 100.00%, Running Acc: 99.99%
  - Loss: 0.0001, Grad Norm: 0.0004
  - Learning Rate: 0.000200
Training: 200/599 batches (33.4%)
  - Batch Acc: 100.00%, Running Acc: 99.97%
  - Loss: 0.0001, Grad Norm: 0.0005
  - Learning Rate: 0.000200
Training: 300/599 batches (50.1%)
  - Batch Acc: 100.00%, Running Acc: 99.96%
  - Loss: 0.0001, Grad Norm: 0.0016
  - Learning Rate: 0.000200
Training: 400/599 batches (66.8%)
  - Batch Acc: 100.00%, Running Acc: 99.96%
  - Loss: 0.0001, Grad Norm: 0.0015
  - Learning Rate: 0.000200
Training: 500/599 batches (83.5%)
  - Batch Acc: 100.00%, Running Acc: 99.97%
  - Loss: 0.0000, Grad Norm: 0.0002
  - Learning Rate: 0.000200
Training: 599/599 batches (100.0%)
  - Batch Acc: 100.00%, Running Acc: 99.97%
  - Loss: 0.0000, Grad Norm: 0.0001
  - Learning Rate: 0.000200

Training phase complete
Epoch Summary:
  - Average Loss: 0.0009
  - Average Accuracy: 99.97%
  - Average Grad Norm: 0.0127
  - Final Learning Rate: 0.000200
Starting validation phase...
Starting validation on 19159 samples...
Entering no_grad block for validation
Validation progress: 0/150 batches (0.0%)
  - Elapsed: 1.5s, Estimated remaining: 0.0s
Validation: 5/150 batches (3.3%)
  - Batch Acc: 67.97%, Running Acc: 68.12%
Validation progress: 5/150 batches (3.3%)
  - Elapsed: 1.5s, Estimated remaining: 36.4s
Validation: 10/150 batches (6.7%)
  - Batch Acc: 34.38%, Running Acc: 57.42%
Validation progress: 10/150 batches (6.7%)
  - Elapsed: 1.6s, Estimated remaining: 19.8s
Validation: 15/150 batches (10.0%)
  - Batch Acc: 60.94%, Running Acc: 53.23%
Validation progress: 15/150 batches (10.0%)
  - Elapsed: 1.6s, Estimated remaining: 13.4s
Validation: 20/150 batches (13.4%)
  - Batch Acc: 74.22%, Running Acc: 58.52%
Validation progress: 20/150 batches (13.3%)
  - Elapsed: 1.6s, Estimated remaining: 10.1s
Validation: 25/150 batches (16.7%)
  - Batch Acc: 38.28%, Running Acc: 60.03%
Validation progress: 25/150 batches (16.7%)
  - Elapsed: 1.7s, Estimated remaining: 8.1s
Validation: 30/150 batches (20.0%)
  - Batch Acc: 78.12%, Running Acc: 61.59%
Validation progress: 30/150 batches (20.0%)
  - Elapsed: 1.7s, Estimated remaining: 6.7s
Validation: 35/150 batches (23.4%)
  - Batch Acc: 85.94%, Running Acc: 61.25%
Validation progress: 35/150 batches (23.3%)
  - Elapsed: 1.8s, Estimated remaining: 5.6s
Validation: 40/150 batches (26.7%)
  - Batch Acc: 100.00%, Running Acc: 62.60%
Validation progress: 40/150 batches (26.7%)
  - Elapsed: 1.8s, Estimated remaining: 4.8s
Validation: 45/150 batches (30.1%)
  - Batch Acc: 62.50%, Running Acc: 63.44%
Validation progress: 45/150 batches (30.0%)
  - Elapsed: 1.9s, Estimated remaining: 4.2s
Validation: 50/150 batches (33.4%)
  - Batch Acc: 100.00%, Running Acc: 63.00%
Validation progress: 50/150 batches (33.3%)
  - Elapsed: 1.9s, Estimated remaining: 3.7s
Validation: 55/150 batches (36.7%)
  - Batch Acc: 50.00%, Running Acc: 63.64%
Validation progress: 55/150 batches (36.7%)
  - Elapsed: 1.9s, Estimated remaining: 3.3s
Validation: 60/150 batches (40.1%)
  - Batch Acc: 31.25%, Running Acc: 64.51%
Validation progress: 60/150 batches (40.0%)
  - Elapsed: 2.0s, Estimated remaining: 2.9s
Validation: 65/150 batches (43.4%)
  - Batch Acc: 30.47%, Running Acc: 63.70%
Validation progress: 65/150 batches (43.3%)
  - Elapsed: 2.0s, Estimated remaining: 2.6s
Validation: 70/150 batches (46.8%)
  - Batch Acc: 63.28%, Running Acc: 62.78%
Validation progress: 70/150 batches (46.7%)
  - Elapsed: 2.1s, Estimated remaining: 2.3s
Validation: 75/150 batches (50.1%)
  - Batch Acc: 53.12%, Running Acc: 61.44%
Validation progress: 75/150 batches (50.0%)
  - Elapsed: 2.1s, Estimated remaining: 2.1s
Validation: 80/150 batches (53.4%)
  - Batch Acc: 42.19%, Running Acc: 61.52%
Validation progress: 80/150 batches (53.3%)
  - Elapsed: 2.2s, Estimated remaining: 1.8s
Validation: 85/150 batches (56.8%)
  - Batch Acc: 9.38%, Running Acc: 60.85%
Validation progress: 85/150 batches (56.7%)
  - Elapsed: 2.2s, Estimated remaining: 1.6s
Validation: 90/150 batches (60.1%)
  - Batch Acc: 46.09%, Running Acc: 59.70%
Validation progress: 90/150 batches (60.0%)
  - Elapsed: 2.2s, Estimated remaining: 1.5s
Validation: 95/150 batches (63.5%)
  - Batch Acc: 35.94%, Running Acc: 58.63%
Validation progress: 95/150 batches (63.3%)
  - Elapsed: 2.3s, Estimated remaining: 1.3s
Validation: 100/150 batches (66.8%)
  - Batch Acc: 17.19%, Running Acc: 57.40%
Validation progress: 100/150 batches (66.7%)
  - Elapsed: 2.3s, Estimated remaining: 1.1s
Validation: 105/150 batches (70.1%)
  - Batch Acc: 96.09%, Running Acc: 58.55%
Validation progress: 105/150 batches (70.0%)
  - Elapsed: 2.4s, Estimated remaining: 1.0s
Validation: 110/150 batches (73.5%)
  - Batch Acc: 78.12%, Running Acc: 59.46%
Validation progress: 110/150 batches (73.3%)
  - Elapsed: 2.4s, Estimated remaining: 0.9s
Validation: 115/150 batches (76.8%)
  - Batch Acc: 100.00%, Running Acc: 60.22%
Validation progress: 115/150 batches (76.7%)
  - Elapsed: 2.5s, Estimated remaining: 0.7s
Validation: 120/150 batches (80.2%)
  - Batch Acc: 7.81%, Running Acc: 60.39%
Validation progress: 120/150 batches (80.0%)
  - Elapsed: 2.5s, Estimated remaining: 0.6s
Validation: 125/150 batches (83.5%)
  - Batch Acc: 72.66%, Running Acc: 60.27%
Validation progress: 125/150 batches (83.3%)
  - Elapsed: 2.5s, Estimated remaining: 0.5s
Validation: 130/150 batches (86.9%)
  - Batch Acc: 100.00%, Running Acc: 60.22%
Validation progress: 130/150 batches (86.7%)
  - Elapsed: 2.6s, Estimated remaining: 0.4s
Validation: 135/150 batches (90.2%)
  - Batch Acc: 33.59%, Running Acc: 60.23%
Validation progress: 135/150 batches (90.0%)
  - Elapsed: 2.6s, Estimated remaining: 0.3s
Validation: 140/150 batches (93.5%)
  - Batch Acc: 53.91%, Running Acc: 60.07%
Validation progress: 140/150 batches (93.3%)
  - Elapsed: 2.7s, Estimated remaining: 0.2s
Validation: 145/150 batches (96.9%)
  - Batch Acc: 97.66%, Running Acc: 59.74%
Validation progress: 145/150 batches (96.7%)
  - Elapsed: 2.7s, Estimated remaining: 0.1s
Validation: 150/150 batches (100.2%)
  - Batch Acc: 97.70%, Running Acc: 60.19%
Validation complete in 3.18s - Loss: 2.7850, Accuracy: 0.6019

==== Epoch 26/100 ====
Starting training phase...
Training on 76620 samples...
Training: 100/599 batches (16.7%)
  - Batch Acc: 100.00%, Running Acc: 99.96%
  - Loss: 0.0000, Grad Norm: 0.0003
  - Learning Rate: 0.000200
Training: 200/599 batches (33.4%)
  - Batch Acc: 100.00%, Running Acc: 99.98%
  - Loss: 0.0000, Grad Norm: 0.0001
  - Learning Rate: 0.000200
Training: 300/599 batches (50.1%)
  - Batch Acc: 100.00%, Running Acc: 99.98%
  - Loss: 0.0001, Grad Norm: 0.0018
  - Learning Rate: 0.000200
Training: 400/599 batches (66.8%)
  - Batch Acc: 100.00%, Running Acc: 99.98%
  - Loss: 0.0000, Grad Norm: 0.0002
  - Learning Rate: 0.000200
Training: 500/599 batches (83.5%)
  - Batch Acc: 99.22%, Running Acc: 99.97%
  - Loss: 0.0059, Grad Norm: 0.1285
  - Learning Rate: 0.000200
Training: 599/599 batches (100.0%)
  - Batch Acc: 100.00%, Running Acc: 99.98%
  - Loss: 0.0000, Grad Norm: 0.0002
  - Learning Rate: 0.000200

Training phase complete
Epoch Summary:
  - Average Loss: 0.0009
  - Average Accuracy: 99.98%
  - Average Grad Norm: 0.0129
  - Final Learning Rate: 0.000200
Starting validation phase...
Starting validation on 19159 samples...
Entering no_grad block for validation
Validation progress: 0/150 batches (0.0%)
  - Elapsed: 1.4s, Estimated remaining: 0.0s
Validation: 5/150 batches (3.3%)
  - Batch Acc: 84.38%, Running Acc: 71.09%
Validation progress: 5/150 batches (3.3%)
  - Elapsed: 1.5s, Estimated remaining: 36.3s
Validation: 10/150 batches (6.7%)
  - Batch Acc: 35.94%, Running Acc: 60.55%
Validation progress: 10/150 batches (6.7%)
  - Elapsed: 1.6s, Estimated remaining: 19.7s
Validation: 15/150 batches (10.0%)
  - Batch Acc: 54.69%, Running Acc: 54.64%
Validation progress: 15/150 batches (10.0%)
  - Elapsed: 1.6s, Estimated remaining: 13.2s
Validation: 20/150 batches (13.4%)
  - Batch Acc: 72.66%, Running Acc: 59.38%
Validation progress: 20/150 batches (13.3%)
  - Elapsed: 1.6s, Estimated remaining: 9.9s
Validation: 25/150 batches (16.7%)
  - Batch Acc: 42.97%, Running Acc: 60.28%
Validation progress: 25/150 batches (16.7%)
  - Elapsed: 1.6s, Estimated remaining: 7.8s
Validation: 30/150 batches (20.0%)
  - Batch Acc: 53.91%, Running Acc: 60.70%
Validation progress: 30/150 batches (20.0%)
  - Elapsed: 1.7s, Estimated remaining: 6.5s
Validation: 35/150 batches (23.4%)
  - Batch Acc: 80.47%, Running Acc: 60.69%
Validation progress: 35/150 batches (23.3%)
  - Elapsed: 1.7s, Estimated remaining: 5.5s
Validation: 40/150 batches (26.7%)
  - Batch Acc: 100.00%, Running Acc: 62.27%
Validation progress: 40/150 batches (26.7%)
  - Elapsed: 1.8s, Estimated remaining: 4.7s
Validation: 45/150 batches (30.1%)
  - Batch Acc: 60.16%, Running Acc: 63.09%
Validation progress: 45/150 batches (30.0%)
  - Elapsed: 1.8s, Estimated remaining: 4.1s
Validation: 50/150 batches (33.4%)
  - Batch Acc: 100.00%, Running Acc: 62.55%
Validation progress: 50/150 batches (33.3%)
  - Elapsed: 1.8s, Estimated remaining: 3.6s
Validation: 55/150 batches (36.7%)
  - Batch Acc: 52.34%, Running Acc: 63.42%
Validation progress: 55/150 batches (36.7%)
  - Elapsed: 1.9s, Estimated remaining: 3.2s
Validation: 60/150 batches (40.1%)
  - Batch Acc: 35.94%, Running Acc: 64.38%
Validation progress: 60/150 batches (40.0%)
  - Elapsed: 1.9s, Estimated remaining: 2.8s
Validation: 65/150 batches (43.4%)
  - Batch Acc: 35.16%, Running Acc: 63.31%
Validation progress: 65/150 batches (43.3%)
  - Elapsed: 2.0s, Estimated remaining: 2.5s
Validation: 70/150 batches (46.8%)
  - Batch Acc: 64.84%, Running Acc: 62.14%
Validation progress: 70/150 batches (46.7%)
  - Elapsed: 2.0s, Estimated remaining: 2.2s
Validation: 75/150 batches (50.1%)
  - Batch Acc: 50.78%, Running Acc: 60.76%
Validation progress: 75/150 batches (50.0%)
  - Elapsed: 2.0s, Estimated remaining: 2.0s
Validation: 80/150 batches (53.4%)
  - Batch Acc: 39.84%, Running Acc: 60.71%
Validation progress: 80/150 batches (53.3%)
  - Elapsed: 2.1s, Estimated remaining: 1.8s
Validation: 85/150 batches (56.8%)
  - Batch Acc: 3.91%, Running Acc: 59.99%
Validation progress: 85/150 batches (56.7%)
  - Elapsed: 2.1s, Estimated remaining: 1.6s
Validation: 90/150 batches (60.1%)
  - Batch Acc: 42.19%, Running Acc: 58.66%
Validation progress: 90/150 batches (60.0%)
  - Elapsed: 2.2s, Estimated remaining: 1.4s
Validation: 95/150 batches (63.5%)
  - Batch Acc: 35.94%, Running Acc: 57.85%
Validation progress: 95/150 batches (63.3%)
  - Elapsed: 2.2s, Estimated remaining: 1.2s
Validation: 100/150 batches (66.8%)
  - Batch Acc: 14.06%, Running Acc: 56.69%
Validation progress: 100/150 batches (66.7%)
  - Elapsed: 2.2s, Estimated remaining: 1.1s
Validation: 105/150 batches (70.1%)
  - Batch Acc: 95.31%, Running Acc: 57.88%
Validation progress: 105/150 batches (70.0%)
  - Elapsed: 2.3s, Estimated remaining: 1.0s
Validation: 110/150 batches (73.5%)
  - Batch Acc: 77.34%, Running Acc: 58.94%
Validation progress: 110/150 batches (73.3%)
  - Elapsed: 2.3s, Estimated remaining: 0.8s
Validation: 115/150 batches (76.8%)
  - Batch Acc: 100.00%, Running Acc: 59.40%
Validation progress: 115/150 batches (76.7%)
  - Elapsed: 2.4s, Estimated remaining: 0.7s
Validation: 120/150 batches (80.2%)
  - Batch Acc: 11.72%, Running Acc: 59.65%
Validation progress: 120/150 batches (80.0%)
  - Elapsed: 2.4s, Estimated remaining: 0.6s
Validation: 125/150 batches (83.5%)
  - Batch Acc: 78.91%, Running Acc: 59.58%
Validation progress: 125/150 batches (83.3%)
  - Elapsed: 2.5s, Estimated remaining: 0.5s
Validation: 130/150 batches (86.9%)
  - Batch Acc: 99.22%, Running Acc: 59.80%
Validation progress: 130/150 batches (86.7%)
  - Elapsed: 2.5s, Estimated remaining: 0.4s
Validation: 135/150 batches (90.2%)
  - Batch Acc: 30.47%, Running Acc: 59.65%
Validation progress: 135/150 batches (90.0%)
  - Elapsed: 2.5s, Estimated remaining: 0.3s
Validation: 140/150 batches (93.5%)
  - Batch Acc: 60.94%, Running Acc: 59.51%
Validation progress: 140/150 batches (93.3%)
  - Elapsed: 2.6s, Estimated remaining: 0.2s
Validation: 145/150 batches (96.9%)
  - Batch Acc: 96.88%, Running Acc: 59.21%
Validation progress: 145/150 batches (96.7%)
  - Elapsed: 2.6s, Estimated remaining: 0.1s
Validation: 150/150 batches (100.2%)
  - Batch Acc: 100.00%, Running Acc: 59.73%
Validation complete in 3.11s - Loss: 2.8375, Accuracy: 0.5973

==== Epoch 27/100 ====
Starting training phase...
Training on 76620 samples...
Training: 100/599 batches (16.7%)
  - Batch Acc: 100.00%, Running Acc: 99.98%
  - Loss: 0.0000, Grad Norm: 0.0003
  - Learning Rate: 0.000200
Training: 200/599 batches (33.4%)
  - Batch Acc: 100.00%, Running Acc: 99.98%
  - Loss: 0.0000, Grad Norm: 0.0002
  - Learning Rate: 0.000200
Training: 300/599 batches (50.1%)
  - Batch Acc: 100.00%, Running Acc: 99.97%
  - Loss: 0.0006, Grad Norm: 0.0134
  - Learning Rate: 0.000200
Training: 400/599 batches (66.8%)
  - Batch Acc: 100.00%, Running Acc: 99.97%
  - Loss: 0.0001, Grad Norm: 0.0005
  - Learning Rate: 0.000200
Training: 500/599 batches (83.5%)
  - Batch Acc: 100.00%, Running Acc: 99.97%
  - Loss: 0.0000, Grad Norm: 0.0002
  - Learning Rate: 0.000200
Training: 599/599 batches (100.0%)
  - Batch Acc: 100.00%, Running Acc: 99.97%
  - Loss: 0.0000, Grad Norm: 0.0001
  - Learning Rate: 0.000200

Training phase complete
Epoch Summary:
  - Average Loss: 0.0009
  - Average Accuracy: 99.97%
  - Average Grad Norm: 0.0124
  - Final Learning Rate: 0.000200
Starting validation phase...
Starting validation on 19159 samples...
Entering no_grad block for validation
Validation progress: 0/150 batches (0.0%)
  - Elapsed: 1.7s, Estimated remaining: 0.0s
Validation: 5/150 batches (3.3%)
  - Batch Acc: 70.31%, Running Acc: 66.41%
Validation progress: 5/150 batches (3.3%)
  - Elapsed: 1.7s, Estimated remaining: 41.4s
Validation: 10/150 batches (6.7%)
  - Batch Acc: 39.06%, Running Acc: 58.05%
Validation progress: 10/150 batches (6.7%)
  - Elapsed: 1.8s, Estimated remaining: 22.8s
Validation: 15/150 batches (10.0%)
  - Batch Acc: 57.03%, Running Acc: 53.80%
Validation progress: 15/150 batches (10.0%)
  - Elapsed: 1.8s, Estimated remaining: 15.3s
Validation: 20/150 batches (13.4%)
  - Batch Acc: 80.47%, Running Acc: 58.83%
Validation progress: 20/150 batches (13.3%)
  - Elapsed: 1.9s, Estimated remaining: 11.5s
Validation: 25/150 batches (16.7%)
  - Batch Acc: 36.72%, Running Acc: 59.75%
Validation progress: 25/150 batches (16.7%)
  - Elapsed: 1.9s, Estimated remaining: 9.2s
Validation: 30/150 batches (20.0%)
  - Batch Acc: 69.53%, Running Acc: 60.81%
Validation progress: 30/150 batches (20.0%)
  - Elapsed: 1.9s, Estimated remaining: 7.5s
Validation: 35/150 batches (23.4%)
  - Batch Acc: 75.00%, Running Acc: 59.96%
Validation progress: 35/150 batches (23.3%)
  - Elapsed: 2.0s, Estimated remaining: 6.3s
Validation: 40/150 batches (26.7%)
  - Batch Acc: 100.00%, Running Acc: 61.00%
Validation progress: 40/150 batches (26.7%)
  - Elapsed: 2.0s, Estimated remaining: 5.4s
Validation: 45/150 batches (30.1%)
  - Batch Acc: 60.16%, Running Acc: 61.91%
Validation progress: 45/150 batches (30.0%)
  - Elapsed: 2.1s, Estimated remaining: 4.7s
Validation: 50/150 batches (33.4%)
  - Batch Acc: 100.00%, Running Acc: 61.58%
Validation progress: 50/150 batches (33.3%)
  - Elapsed: 2.1s, Estimated remaining: 4.1s
Validation: 55/150 batches (36.7%)
  - Batch Acc: 50.78%, Running Acc: 62.54%
Validation progress: 55/150 batches (36.7%)
  - Elapsed: 2.1s, Estimated remaining: 3.6s
Validation: 60/150 batches (40.1%)
  - Batch Acc: 32.81%, Running Acc: 63.89%
Validation progress: 60/150 batches (40.0%)
  - Elapsed: 2.2s, Estimated remaining: 3.2s
Validation: 65/150 batches (43.4%)
  - Batch Acc: 31.25%, Running Acc: 63.23%
Validation progress: 65/150 batches (43.3%)
  - Elapsed: 2.2s, Estimated remaining: 2.8s
Validation: 70/150 batches (46.8%)
  - Batch Acc: 64.84%, Running Acc: 62.43%
Validation progress: 70/150 batches (46.7%)
  - Elapsed: 2.3s, Estimated remaining: 2.5s
Validation: 75/150 batches (50.1%)
  - Batch Acc: 50.00%, Running Acc: 61.02%
Validation progress: 75/150 batches (50.0%)
  - Elapsed: 2.3s, Estimated remaining: 2.2s
Validation: 80/150 batches (53.4%)
  - Batch Acc: 40.62%, Running Acc: 60.78%
Validation progress: 80/150 batches (53.3%)
  - Elapsed: 2.4s, Estimated remaining: 2.0s
Validation: 85/150 batches (56.8%)
  - Batch Acc: 7.03%, Running Acc: 60.12%
Validation progress: 85/150 batches (56.7%)
  - Elapsed: 2.4s, Estimated remaining: 1.8s
Validation: 90/150 batches (60.1%)
  - Batch Acc: 39.84%, Running Acc: 58.78%
Validation progress: 90/150 batches (60.0%)
  - Elapsed: 2.4s, Estimated remaining: 1.6s
Validation: 95/150 batches (63.5%)
  - Batch Acc: 35.16%, Running Acc: 57.75%
Validation progress: 95/150 batches (63.3%)
  - Elapsed: 2.5s, Estimated remaining: 1.4s
Validation: 100/150 batches (66.8%)
  - Batch Acc: 12.50%, Running Acc: 56.82%
Validation progress: 100/150 batches (66.7%)
  - Elapsed: 2.5s, Estimated remaining: 1.2s
Validation: 105/150 batches (70.1%)
  - Batch Acc: 96.88%, Running Acc: 58.03%
Validation progress: 105/150 batches (70.0%)
  - Elapsed: 2.6s, Estimated remaining: 1.1s
Validation: 110/150 batches (73.5%)
  - Batch Acc: 75.78%, Running Acc: 59.04%
Validation progress: 110/150 batches (73.3%)
  - Elapsed: 2.6s, Estimated remaining: 0.9s
Validation: 115/150 batches (76.8%)
  - Batch Acc: 99.22%, Running Acc: 59.62%
Validation progress: 115/150 batches (76.7%)
  - Elapsed: 2.6s, Estimated remaining: 0.8s
Validation: 120/150 batches (80.2%)
  - Batch Acc: 13.28%, Running Acc: 59.87%
Validation progress: 120/150 batches (80.0%)
  - Elapsed: 2.7s, Estimated remaining: 0.6s
Validation: 125/150 batches (83.5%)
  - Batch Acc: 81.25%, Running Acc: 59.73%
Validation progress: 125/150 batches (83.3%)
  - Elapsed: 2.7s, Estimated remaining: 0.5s
Validation: 130/150 batches (86.9%)
  - Batch Acc: 98.44%, Running Acc: 59.48%
Validation progress: 130/150 batches (86.7%)
  - Elapsed: 2.8s, Estimated remaining: 0.4s
Validation: 135/150 batches (90.2%)
  - Batch Acc: 25.78%, Running Acc: 59.45%
Validation progress: 135/150 batches (90.0%)
  - Elapsed: 2.8s, Estimated remaining: 0.3s
Validation: 140/150 batches (93.5%)
  - Batch Acc: 57.03%, Running Acc: 59.24%
Validation progress: 140/150 batches (93.3%)
  - Elapsed: 2.8s, Estimated remaining: 0.2s
Validation: 145/150 batches (96.9%)
  - Batch Acc: 96.09%, Running Acc: 58.98%
Validation progress: 145/150 batches (96.7%)
  - Elapsed: 2.9s, Estimated remaining: 0.1s
Validation: 150/150 batches (100.2%)
  - Batch Acc: 96.55%, Running Acc: 59.52%
Validation complete in 3.34s - Loss: 2.7710, Accuracy: 0.5952

==== Epoch 28/100 ====
Starting training phase...
Training on 76620 samples...
Training: 100/599 batches (16.7%)
  - Batch Acc: 100.00%, Running Acc: 99.98%
  - Loss: 0.0001, Grad Norm: 0.0005
  - Learning Rate: 0.000040
Training: 200/599 batches (33.4%)
  - Batch Acc: 100.00%, Running Acc: 99.98%
  - Loss: 0.0002, Grad Norm: 0.0023
  - Learning Rate: 0.000040
Training: 300/599 batches (50.1%)
  - Batch Acc: 100.00%, Running Acc: 99.98%
  - Loss: 0.0000, Grad Norm: 0.0003
  - Learning Rate: 0.000040
Training: 400/599 batches (66.8%)
  - Batch Acc: 100.00%, Running Acc: 99.98%
  - Loss: 0.0000, Grad Norm: 0.0005
  - Learning Rate: 0.000040
Training: 500/599 batches (83.5%)
  - Batch Acc: 100.00%, Running Acc: 99.98%
  - Loss: 0.0000, Grad Norm: 0.0002
  - Learning Rate: 0.000040
Training: 599/599 batches (100.0%)
  - Batch Acc: 100.00%, Running Acc: 99.99%
  - Loss: 0.0001, Grad Norm: 0.0017
  - Learning Rate: 0.000040

Training phase complete
Epoch Summary:
  - Average Loss: 0.0004
  - Average Accuracy: 99.99%
  - Average Grad Norm: 0.0079
  - Final Learning Rate: 0.000040
Starting validation phase...
Starting validation on 19159 samples...
Entering no_grad block for validation
Validation progress: 0/150 batches (0.0%)
  - Elapsed: 1.4s, Estimated remaining: 0.0s
Validation: 5/150 batches (3.3%)
  - Batch Acc: 68.75%, Running Acc: 64.84%
Validation progress: 5/150 batches (3.3%)
  - Elapsed: 1.5s, Estimated remaining: 36.4s
Validation: 10/150 batches (6.7%)
  - Batch Acc: 38.28%, Running Acc: 56.02%
Validation progress: 10/150 batches (6.7%)
  - Elapsed: 1.5s, Estimated remaining: 19.5s
Validation: 15/150 batches (10.0%)
  - Batch Acc: 55.47%, Running Acc: 52.19%
Validation progress: 15/150 batches (10.0%)
  - Elapsed: 1.6s, Estimated remaining: 13.3s
Validation: 20/150 batches (13.4%)
  - Batch Acc: 84.38%, Running Acc: 58.20%
Validation progress: 20/150 batches (13.3%)
  - Elapsed: 1.6s, Estimated remaining: 10.0s
Validation: 25/150 batches (16.7%)
  - Batch Acc: 35.94%, Running Acc: 59.28%
Validation progress: 25/150 batches (16.7%)
  - Elapsed: 1.7s, Estimated remaining: 8.0s
Validation: 30/150 batches (20.0%)
  - Batch Acc: 63.28%, Running Acc: 60.16%
Validation progress: 30/150 batches (20.0%)
  - Elapsed: 1.7s, Estimated remaining: 6.6s
Validation: 35/150 batches (23.4%)
  - Batch Acc: 70.31%, Running Acc: 59.13%
Validation progress: 35/150 batches (23.3%)
  - Elapsed: 1.8s, Estimated remaining: 5.6s
Validation: 40/150 batches (26.7%)
  - Batch Acc: 100.00%, Running Acc: 60.21%
Validation progress: 40/150 batches (26.7%)
  - Elapsed: 1.8s, Estimated remaining: 4.8s
Validation: 45/150 batches (30.1%)
  - Batch Acc: 59.38%, Running Acc: 61.09%
Validation progress: 45/150 batches (30.0%)
  - Elapsed: 1.9s, Estimated remaining: 4.2s
Validation: 50/150 batches (33.4%)
  - Batch Acc: 100.00%, Running Acc: 60.94%
Validation progress: 50/150 batches (33.3%)
  - Elapsed: 1.9s, Estimated remaining: 3.7s
Validation: 55/150 batches (36.7%)
  - Batch Acc: 51.56%, Running Acc: 62.09%
Validation progress: 55/150 batches (36.7%)
  - Elapsed: 1.9s, Estimated remaining: 3.3s
Validation: 60/150 batches (40.1%)
  - Batch Acc: 35.16%, Running Acc: 63.59%
Validation progress: 60/150 batches (40.0%)
  - Elapsed: 2.0s, Estimated remaining: 2.9s
Validation: 65/150 batches (43.4%)
  - Batch Acc: 36.72%, Running Acc: 63.12%
Validation progress: 65/150 batches (43.3%)
  - Elapsed: 2.0s, Estimated remaining: 2.6s
Validation: 70/150 batches (46.8%)
  - Batch Acc: 65.62%, Running Acc: 62.34%
Validation progress: 70/150 batches (46.7%)
  - Elapsed: 2.1s, Estimated remaining: 2.3s
Validation: 75/150 batches (50.1%)
  - Batch Acc: 46.09%, Running Acc: 60.85%
Validation progress: 75/150 batches (50.0%)
  - Elapsed: 2.1s, Estimated remaining: 2.1s
Validation: 80/150 batches (53.4%)
  - Batch Acc: 40.62%, Running Acc: 60.62%
Validation progress: 80/150 batches (53.3%)
  - Elapsed: 2.1s, Estimated remaining: 1.8s
Validation: 85/150 batches (56.8%)
  - Batch Acc: 5.47%, Running Acc: 59.94%
Validation progress: 85/150 batches (56.7%)
  - Elapsed: 2.2s, Estimated remaining: 1.6s
Validation: 90/150 batches (60.1%)
  - Batch Acc: 39.06%, Running Acc: 58.52%
Validation progress: 90/150 batches (60.0%)
  - Elapsed: 2.2s, Estimated remaining: 1.4s
Validation: 95/150 batches (63.5%)
  - Batch Acc: 30.47%, Running Acc: 57.36%
Validation progress: 95/150 batches (63.3%)
  - Elapsed: 2.3s, Estimated remaining: 1.3s
Validation: 100/150 batches (66.8%)
  - Batch Acc: 10.94%, Running Acc: 56.34%
Validation progress: 100/150 batches (66.7%)
  - Elapsed: 2.3s, Estimated remaining: 1.1s
Validation: 105/150 batches (70.1%)
  - Batch Acc: 96.88%, Running Acc: 57.66%
Validation progress: 105/150 batches (70.0%)
  - Elapsed: 2.4s, Estimated remaining: 1.0s
Validation: 110/150 batches (73.5%)
  - Batch Acc: 78.91%, Running Acc: 58.81%
Validation progress: 110/150 batches (73.3%)
  - Elapsed: 2.4s, Estimated remaining: 0.8s
Validation: 115/150 batches (76.8%)
  - Batch Acc: 100.00%, Running Acc: 59.53%
Validation progress: 115/150 batches (76.7%)
  - Elapsed: 2.4s, Estimated remaining: 0.7s
Validation: 120/150 batches (80.2%)
  - Batch Acc: 13.28%, Running Acc: 59.88%
Validation progress: 120/150 batches (80.0%)
  - Elapsed: 2.5s, Estimated remaining: 0.6s
Validation: 125/150 batches (83.5%)
  - Batch Acc: 78.91%, Running Acc: 59.77%
Validation progress: 125/150 batches (83.3%)
  - Elapsed: 2.5s, Estimated remaining: 0.5s
Validation: 130/150 batches (86.9%)
  - Batch Acc: 98.44%, Running Acc: 59.53%
Validation progress: 130/150 batches (86.7%)
  - Elapsed: 2.6s, Estimated remaining: 0.4s
Validation: 135/150 batches (90.2%)
  - Batch Acc: 28.91%, Running Acc: 59.59%
Validation progress: 135/150 batches (90.0%)
  - Elapsed: 2.6s, Estimated remaining: 0.3s
Validation: 140/150 batches (93.5%)
  - Batch Acc: 51.56%, Running Acc: 59.36%
Validation progress: 140/150 batches (93.3%)
  - Elapsed: 2.7s, Estimated remaining: 0.2s
Validation: 145/150 batches (96.9%)
  - Batch Acc: 96.88%, Running Acc: 59.14%
Validation progress: 145/150 batches (96.7%)
  - Elapsed: 2.7s, Estimated remaining: 0.1s
Validation: 150/150 batches (100.2%)
  - Batch Acc: 100.00%, Running Acc: 59.71%
Validation complete in 3.16s - Loss: 2.8235, Accuracy: 0.5971

==== Epoch 29/100 ====
Starting training phase...
Training on 76620 samples...
Training: 100/599 batches (16.7%)
  - Batch Acc: 100.00%, Running Acc: 99.97%
  - Loss: 0.0001, Grad Norm: 0.0007
  - Learning Rate: 0.000040
Training: 200/599 batches (33.4%)
  - Batch Acc: 100.00%, Running Acc: 99.98%
  - Loss: 0.0002, Grad Norm: 0.0015
  - Learning Rate: 0.000040
Training: 300/599 batches (50.1%)
  - Batch Acc: 100.00%, Running Acc: 99.98%
  - Loss: 0.0001, Grad Norm: 0.0004
  - Learning Rate: 0.000040
Training: 400/599 batches (66.8%)
  - Batch Acc: 100.00%, Running Acc: 99.98%
  - Loss: 0.0003, Grad Norm: 0.0069
  - Learning Rate: 0.000040
Training: 500/599 batches (83.5%)
  - Batch Acc: 100.00%, Running Acc: 99.99%
  - Loss: 0.0001, Grad Norm: 0.0008
  - Learning Rate: 0.000040
Training: 599/599 batches (100.0%)
  - Batch Acc: 100.00%, Running Acc: 99.99%
  - Loss: 0.0000, Grad Norm: 0.0002
  - Learning Rate: 0.000040

Training phase complete
Epoch Summary:
  - Average Loss: 0.0003
  - Average Accuracy: 99.99%
  - Average Grad Norm: 0.0061
  - Final Learning Rate: 0.000040
Starting validation phase...
Starting validation on 19159 samples...
Entering no_grad block for validation
Validation progress: 0/150 batches (0.0%)
  - Elapsed: 1.5s, Estimated remaining: 0.0s
Validation: 5/150 batches (3.3%)
  - Batch Acc: 74.22%, Running Acc: 70.62%
Validation progress: 5/150 batches (3.3%)
  - Elapsed: 1.5s, Estimated remaining: 36.6s
Validation: 10/150 batches (6.7%)
  - Batch Acc: 32.81%, Running Acc: 60.23%
Validation progress: 10/150 batches (6.7%)
  - Elapsed: 1.6s, Estimated remaining: 20.0s
Validation: 15/150 batches (10.0%)
  - Batch Acc: 61.72%, Running Acc: 55.73%
Validation progress: 15/150 batches (10.0%)
  - Elapsed: 1.6s, Estimated remaining: 13.4s
Validation: 20/150 batches (13.4%)
  - Batch Acc: 79.69%, Running Acc: 60.51%
Validation progress: 20/150 batches (13.3%)
  - Elapsed: 1.6s, Estimated remaining: 10.1s
Validation: 25/150 batches (16.7%)
  - Batch Acc: 40.62%, Running Acc: 61.12%
Validation progress: 25/150 batches (16.7%)
  - Elapsed: 1.7s, Estimated remaining: 8.0s
Validation: 30/150 batches (20.0%)
  - Batch Acc: 60.16%, Running Acc: 61.28%
Validation progress: 30/150 batches (20.0%)
  - Elapsed: 1.7s, Estimated remaining: 6.6s
Validation: 35/150 batches (23.4%)
  - Batch Acc: 78.91%, Running Acc: 60.45%
Validation progress: 35/150 batches (23.3%)
  - Elapsed: 1.8s, Estimated remaining: 5.6s
Validation: 40/150 batches (26.7%)
  - Batch Acc: 100.00%, Running Acc: 61.62%
Validation progress: 40/150 batches (26.7%)
  - Elapsed: 1.8s, Estimated remaining: 4.8s
Validation: 45/150 batches (30.1%)
  - Batch Acc: 59.38%, Running Acc: 62.43%
Validation progress: 45/150 batches (30.0%)
  - Elapsed: 1.8s, Estimated remaining: 4.1s
Validation: 50/150 batches (33.4%)
  - Batch Acc: 100.00%, Running Acc: 61.92%
Validation progress: 50/150 batches (33.3%)
  - Elapsed: 1.9s, Estimated remaining: 3.6s
Validation: 55/150 batches (36.7%)
  - Batch Acc: 51.56%, Running Acc: 62.87%
Validation progress: 55/150 batches (36.7%)
  - Elapsed: 1.9s, Estimated remaining: 3.2s
Validation: 60/150 batches (40.1%)
  - Batch Acc: 33.59%, Running Acc: 64.11%
Validation progress: 60/150 batches (40.0%)
  - Elapsed: 2.0s, Estimated remaining: 2.9s
Validation: 65/150 batches (43.4%)
  - Batch Acc: 35.94%, Running Acc: 63.32%
Validation progress: 65/150 batches (43.3%)
  - Elapsed: 2.0s, Estimated remaining: 2.5s
Validation: 70/150 batches (46.8%)
  - Batch Acc: 64.84%, Running Acc: 62.29%
Validation progress: 70/150 batches (46.7%)
  - Elapsed: 2.0s, Estimated remaining: 2.3s
Validation: 75/150 batches (50.1%)
  - Batch Acc: 50.78%, Running Acc: 60.88%
Validation progress: 75/150 batches (50.0%)
  - Elapsed: 2.1s, Estimated remaining: 2.0s
Validation: 80/150 batches (53.4%)
  - Batch Acc: 40.62%, Running Acc: 60.76%
Validation progress: 80/150 batches (53.3%)
  - Elapsed: 2.1s, Estimated remaining: 1.8s
Validation: 85/150 batches (56.8%)
  - Batch Acc: 7.81%, Running Acc: 60.06%
Validation progress: 85/150 batches (56.7%)
  - Elapsed: 2.2s, Estimated remaining: 1.6s
Validation: 90/150 batches (60.1%)
  - Batch Acc: 39.06%, Running Acc: 58.74%
Validation progress: 90/150 batches (60.0%)
  - Elapsed: 2.2s, Estimated remaining: 1.4s
Validation: 95/150 batches (63.5%)
  - Batch Acc: 35.16%, Running Acc: 57.83%
Validation progress: 95/150 batches (63.3%)
  - Elapsed: 2.2s, Estimated remaining: 1.3s
Validation: 100/150 batches (66.8%)
  - Batch Acc: 12.50%, Running Acc: 57.03%
Validation progress: 100/150 batches (66.7%)
  - Elapsed: 2.3s, Estimated remaining: 1.1s
Validation: 105/150 batches (70.1%)
  - Batch Acc: 96.09%, Running Acc: 58.24%
Validation progress: 105/150 batches (70.0%)
  - Elapsed: 2.3s, Estimated remaining: 1.0s
Validation: 110/150 batches (73.5%)
  - Batch Acc: 71.88%, Running Acc: 59.16%
Validation progress: 110/150 batches (73.3%)
  - Elapsed: 2.4s, Estimated remaining: 0.8s
Validation: 115/150 batches (76.8%)
  - Batch Acc: 100.00%, Running Acc: 59.65%
Validation progress: 115/150 batches (76.7%)
  - Elapsed: 2.4s, Estimated remaining: 0.7s
Validation: 120/150 batches (80.2%)
  - Batch Acc: 12.50%, Running Acc: 59.92%
Validation progress: 120/150 batches (80.0%)
  - Elapsed: 2.4s, Estimated remaining: 0.6s
Validation: 125/150 batches (83.5%)
  - Batch Acc: 79.69%, Running Acc: 59.71%
Validation progress: 125/150 batches (83.3%)
  - Elapsed: 2.5s, Estimated remaining: 0.5s
Validation: 130/150 batches (86.9%)
  - Batch Acc: 98.44%, Running Acc: 59.68%
Validation progress: 130/150 batches (86.7%)
  - Elapsed: 2.5s, Estimated remaining: 0.4s
Validation: 135/150 batches (90.2%)
  - Batch Acc: 18.75%, Running Acc: 59.58%
Validation progress: 135/150 batches (90.0%)
  - Elapsed: 2.6s, Estimated remaining: 0.3s
Validation: 140/150 batches (93.5%)
  - Batch Acc: 60.94%, Running Acc: 59.49%
Validation progress: 140/150 batches (93.3%)
  - Elapsed: 2.6s, Estimated remaining: 0.2s
Validation: 145/150 batches (96.9%)
  - Batch Acc: 92.97%, Running Acc: 59.18%
Validation progress: 145/150 batches (96.7%)
  - Elapsed: 2.6s, Estimated remaining: 0.1s
Validation: 150/150 batches (100.2%)
  - Batch Acc: 97.70%, Running Acc: 59.68%
Validation complete in 3.09s - Loss: 2.7913, Accuracy: 0.5968

==== Epoch 30/100 ====
Starting training phase...
Training on 76620 samples...
Training: 100/599 batches (16.7%)
  - Batch Acc: 100.00%, Running Acc: 100.00%
  - Loss: 0.0001, Grad Norm: 0.0010
  - Learning Rate: 0.000040
Training: 200/599 batches (33.4%)
  - Batch Acc: 100.00%, Running Acc: 99.99%
  - Loss: 0.0000, Grad Norm: 0.0000
  - Learning Rate: 0.000040
Training: 300/599 batches (50.1%)
  - Batch Acc: 100.00%, Running Acc: 99.99%
  - Loss: 0.0000, Grad Norm: 0.0005
  - Learning Rate: 0.000040
Training: 400/599 batches (66.8%)
  - Batch Acc: 100.00%, Running Acc: 99.99%
  - Loss: 0.0001, Grad Norm: 0.0004
  - Learning Rate: 0.000040
Training: 500/599 batches (83.5%)
  - Batch Acc: 100.00%, Running Acc: 99.99%
  - Loss: 0.0001, Grad Norm: 0.0010
  - Learning Rate: 0.000040
Training: 599/599 batches (100.0%)
  - Batch Acc: 100.00%, Running Acc: 99.99%
  - Loss: 0.0003, Grad Norm: 0.0077
  - Learning Rate: 0.000040

Training phase complete
Epoch Summary:
  - Average Loss: 0.0003
  - Average Accuracy: 99.99%
  - Average Grad Norm: 0.0058
  - Final Learning Rate: 0.000040
Starting validation phase...
Starting validation on 19159 samples...
Entering no_grad block for validation
Validation progress: 0/150 batches (0.0%)
  - Elapsed: 1.5s, Estimated remaining: 0.0s
Validation: 5/150 batches (3.3%)
  - Batch Acc: 80.47%, Running Acc: 76.88%
Validation progress: 5/150 batches (3.3%)
  - Elapsed: 1.5s, Estimated remaining: 36.9s
Validation: 10/150 batches (6.7%)
  - Batch Acc: 33.59%, Running Acc: 64.22%
Validation progress: 10/150 batches (6.7%)
  - Elapsed: 1.6s, Estimated remaining: 20.0s
Validation: 15/150 batches (10.0%)
  - Batch Acc: 64.06%, Running Acc: 59.48%
Validation progress: 15/150 batches (10.0%)
  - Elapsed: 1.6s, Estimated remaining: 13.4s
Validation: 20/150 batches (13.4%)
  - Batch Acc: 82.81%, Running Acc: 63.95%
Validation progress: 20/150 batches (13.3%)
  - Elapsed: 1.6s, Estimated remaining: 10.0s
Validation: 25/150 batches (16.7%)
  - Batch Acc: 35.94%, Running Acc: 63.56%
Validation progress: 25/150 batches (16.7%)
  - Elapsed: 1.7s, Estimated remaining: 8.0s
Validation: 30/150 batches (20.0%)
  - Batch Acc: 55.47%, Running Acc: 62.99%
Validation progress: 30/150 batches (20.0%)
  - Elapsed: 1.7s, Estimated remaining: 6.6s
Validation: 35/150 batches (23.4%)
  - Batch Acc: 75.78%, Running Acc: 61.79%
Validation progress: 35/150 batches (23.3%)
  - Elapsed: 1.8s, Estimated remaining: 5.6s
Validation: 40/150 batches (26.7%)
  - Batch Acc: 100.00%, Running Acc: 62.71%
Validation progress: 40/150 batches (26.7%)
  - Elapsed: 1.8s, Estimated remaining: 4.8s
Validation: 45/150 batches (30.1%)
  - Batch Acc: 59.38%, Running Acc: 63.37%
Validation progress: 45/150 batches (30.0%)
  - Elapsed: 1.8s, Estimated remaining: 4.2s
Validation: 50/150 batches (33.4%)
  - Batch Acc: 100.00%, Running Acc: 62.81%
Validation progress: 50/150 batches (33.3%)
  - Elapsed: 1.9s, Estimated remaining: 3.7s
Validation: 55/150 batches (36.7%)
  - Batch Acc: 51.56%, Running Acc: 63.82%
Validation progress: 55/150 batches (36.7%)
  - Elapsed: 1.9s, Estimated remaining: 3.2s
Validation: 60/150 batches (40.1%)
  - Batch Acc: 34.38%, Running Acc: 64.96%
Validation progress: 60/150 batches (40.0%)
  - Elapsed: 2.0s, Estimated remaining: 2.9s
Validation: 65/150 batches (43.4%)
  - Batch Acc: 37.50%, Running Acc: 64.10%
Validation progress: 65/150 batches (43.3%)
  - Elapsed: 2.0s, Estimated remaining: 2.6s
Validation: 70/150 batches (46.8%)
  - Batch Acc: 66.41%, Running Acc: 63.04%
Validation progress: 70/150 batches (46.7%)
  - Elapsed: 2.1s, Estimated remaining: 2.3s
Validation: 75/150 batches (50.1%)
  - Batch Acc: 49.22%, Running Acc: 61.52%
Validation progress: 75/150 batches (50.0%)
  - Elapsed: 2.1s, Estimated remaining: 2.0s
Validation: 80/150 batches (53.4%)
  - Batch Acc: 39.84%, Running Acc: 61.28%
Validation progress: 80/150 batches (53.3%)
  - Elapsed: 2.2s, Estimated remaining: 1.8s
Validation: 85/150 batches (56.8%)
  - Batch Acc: 7.03%, Running Acc: 60.50%
Validation progress: 85/150 batches (56.7%)
  - Elapsed: 2.2s, Estimated remaining: 1.6s
Validation: 90/150 batches (60.1%)
  - Batch Acc: 39.06%, Running Acc: 59.24%
Validation progress: 90/150 batches (60.0%)
  - Elapsed: 2.2s, Estimated remaining: 1.5s
Validation: 95/150 batches (63.5%)
  - Batch Acc: 38.28%, Running Acc: 58.41%
Validation progress: 95/150 batches (63.3%)
  - Elapsed: 2.3s, Estimated remaining: 1.3s
Validation: 100/150 batches (66.8%)
  - Batch Acc: 13.28%, Running Acc: 57.83%
Validation progress: 100/150 batches (66.7%)
  - Elapsed: 2.3s, Estimated remaining: 1.1s
Validation: 105/150 batches (70.1%)
  - Batch Acc: 96.88%, Running Acc: 59.05%
Validation progress: 105/150 batches (70.0%)
  - Elapsed: 2.4s, Estimated remaining: 1.0s
Validation: 110/150 batches (73.5%)
  - Batch Acc: 67.97%, Running Acc: 59.94%
Validation progress: 110/150 batches (73.3%)
  - Elapsed: 2.4s, Estimated remaining: 0.8s
Validation: 115/150 batches (76.8%)
  - Batch Acc: 100.00%, Running Acc: 60.34%
Validation progress: 115/150 batches (76.7%)
  - Elapsed: 2.5s, Estimated remaining: 0.7s
Validation: 120/150 batches (80.2%)
  - Batch Acc: 12.50%, Running Acc: 60.60%
Validation progress: 120/150 batches (80.0%)
  - Elapsed: 2.5s, Estimated remaining: 0.6s
Validation: 125/150 batches (83.5%)
  - Batch Acc: 76.56%, Running Acc: 60.27%
Validation progress: 125/150 batches (83.3%)
  - Elapsed: 2.5s, Estimated remaining: 0.5s
Validation: 130/150 batches (86.9%)
  - Batch Acc: 98.44%, Running Acc: 60.20%
Validation progress: 130/150 batches (86.7%)
  - Elapsed: 2.6s, Estimated remaining: 0.4s
Validation: 135/150 batches (90.2%)
  - Batch Acc: 20.31%, Running Acc: 60.14%
Validation progress: 135/150 batches (90.0%)
  - Elapsed: 2.6s, Estimated remaining: 0.3s
Validation: 140/150 batches (93.5%)
  - Batch Acc: 62.50%, Running Acc: 60.05%
Validation progress: 140/150 batches (93.3%)
  - Elapsed: 2.7s, Estimated remaining: 0.2s
Validation: 145/150 batches (96.9%)
  - Batch Acc: 90.62%, Running Acc: 59.70%
Validation progress: 145/150 batches (96.7%)
  - Elapsed: 2.7s, Estimated remaining: 0.1s
Validation: 150/150 batches (100.2%)
  - Batch Acc: 98.85%, Running Acc: 60.23%
Validation complete in 3.14s - Loss: 2.8062, Accuracy: 0.6023

==== Epoch 31/100 ====
Starting training phase...
Training on 76620 samples...
Training: 100/599 batches (16.7%)
  - Batch Acc: 100.00%, Running Acc: 100.00%
  - Loss: 0.0001, Grad Norm: 0.0009
  - Learning Rate: 0.000040
Training: 200/599 batches (33.4%)
  - Batch Acc: 100.00%, Running Acc: 99.99%
  - Loss: 0.0000, Grad Norm: 0.0005
  - Learning Rate: 0.000040
Training: 300/599 batches (50.1%)
  - Batch Acc: 100.00%, Running Acc: 99.99%
  - Loss: 0.0000, Grad Norm: 0.0003
  - Learning Rate: 0.000040
Training: 400/599 batches (66.8%)
  - Batch Acc: 100.00%, Running Acc: 99.99%
  - Loss: 0.0000, Grad Norm: 0.0001
  - Learning Rate: 0.000040
Training: 500/599 batches (83.5%)
  - Batch Acc: 100.00%, Running Acc: 99.99%
  - Loss: 0.0001, Grad Norm: 0.0020
  - Learning Rate: 0.000040
Training: 599/599 batches (100.0%)
  - Batch Acc: 100.00%, Running Acc: 99.99%
  - Loss: 0.0003, Grad Norm: 0.0066
  - Learning Rate: 0.000040

Training phase complete
Epoch Summary:
  - Average Loss: 0.0002
  - Average Accuracy: 99.99%
  - Average Grad Norm: 0.0030
  - Final Learning Rate: 0.000040
Starting validation phase...
Starting validation on 19159 samples...
Entering no_grad block for validation
Validation progress: 0/150 batches (0.0%)
  - Elapsed: 1.5s, Estimated remaining: 0.0s
Validation: 5/150 batches (3.3%)
  - Batch Acc: 75.78%, Running Acc: 71.41%
Validation progress: 5/150 batches (3.3%)
  - Elapsed: 1.6s, Estimated remaining: 37.3s
Validation: 10/150 batches (6.7%)
  - Batch Acc: 33.59%, Running Acc: 60.78%
Validation progress: 10/150 batches (6.7%)
  - Elapsed: 1.6s, Estimated remaining: 20.1s
Validation: 15/150 batches (10.0%)
  - Batch Acc: 57.81%, Running Acc: 55.99%
Validation progress: 15/150 batches (10.0%)
  - Elapsed: 1.6s, Estimated remaining: 13.5s
Validation: 20/150 batches (13.4%)
  - Batch Acc: 79.69%, Running Acc: 60.70%
Validation progress: 20/150 batches (13.3%)
  - Elapsed: 1.6s, Estimated remaining: 10.1s
Validation: 25/150 batches (16.7%)
  - Batch Acc: 40.62%, Running Acc: 61.41%
Validation progress: 25/150 batches (16.7%)
  - Elapsed: 1.7s, Estimated remaining: 8.0s
Validation: 30/150 batches (20.0%)
  - Batch Acc: 55.47%, Running Acc: 61.35%
Validation progress: 30/150 batches (20.0%)
  - Elapsed: 1.7s, Estimated remaining: 6.7s
Validation: 35/150 batches (23.4%)
  - Batch Acc: 77.34%, Running Acc: 60.40%
Validation progress: 35/150 batches (23.3%)
  - Elapsed: 1.8s, Estimated remaining: 5.6s
Validation: 40/150 batches (26.7%)
  - Batch Acc: 100.00%, Running Acc: 61.54%
Validation progress: 40/150 batches (26.7%)
  - Elapsed: 1.8s, Estimated remaining: 4.8s
Validation: 45/150 batches (30.1%)
  - Batch Acc: 60.16%, Running Acc: 62.38%
Validation progress: 45/150 batches (30.0%)
  - Elapsed: 1.9s, Estimated remaining: 4.2s
Validation: 50/150 batches (33.4%)
  - Batch Acc: 100.00%, Running Acc: 61.92%
Validation progress: 50/150 batches (33.3%)
  - Elapsed: 1.9s, Estimated remaining: 3.7s
Validation: 55/150 batches (36.7%)
  - Batch Acc: 51.56%, Running Acc: 62.90%
Validation progress: 55/150 batches (36.7%)
  - Elapsed: 1.9s, Estimated remaining: 3.3s
Validation: 60/150 batches (40.1%)
  - Batch Acc: 33.59%, Running Acc: 64.18%
Validation progress: 60/150 batches (40.0%)
  - Elapsed: 2.0s, Estimated remaining: 2.9s
Validation: 65/150 batches (43.4%)
  - Batch Acc: 34.38%, Running Acc: 63.35%
Validation progress: 65/150 batches (43.3%)
  - Elapsed: 2.0s, Estimated remaining: 2.6s
Validation: 70/150 batches (46.8%)
  - Batch Acc: 66.41%, Running Acc: 62.37%
Validation progress: 70/150 batches (46.7%)
  - Elapsed: 2.1s, Estimated remaining: 2.3s
Validation: 75/150 batches (50.1%)
  - Batch Acc: 50.78%, Running Acc: 60.94%
Validation progress: 75/150 batches (50.0%)
  - Elapsed: 2.1s, Estimated remaining: 2.1s
Validation: 80/150 batches (53.4%)
  - Batch Acc: 39.84%, Running Acc: 60.82%
Validation progress: 80/150 batches (53.3%)
  - Elapsed: 2.2s, Estimated remaining: 1.8s
Validation: 85/150 batches (56.8%)
  - Batch Acc: 7.81%, Running Acc: 60.12%
Validation progress: 85/150 batches (56.7%)
  - Elapsed: 2.2s, Estimated remaining: 1.6s
Validation: 90/150 batches (60.1%)
  - Batch Acc: 39.84%, Running Acc: 58.81%
Validation progress: 90/150 batches (60.0%)
  - Elapsed: 2.3s, Estimated remaining: 1.5s
Validation: 95/150 batches (63.5%)
  - Batch Acc: 35.16%, Running Acc: 57.87%
Validation progress: 95/150 batches (63.3%)
  - Elapsed: 2.3s, Estimated remaining: 1.3s
Validation: 100/150 batches (66.8%)
  - Batch Acc: 13.28%, Running Acc: 57.05%
Validation progress: 100/150 batches (66.7%)
  - Elapsed: 2.3s, Estimated remaining: 1.1s
Validation: 105/150 batches (70.1%)
  - Batch Acc: 96.88%, Running Acc: 58.30%
Validation progress: 105/150 batches (70.0%)
  - Elapsed: 2.4s, Estimated remaining: 1.0s
Validation: 110/150 batches (73.5%)
  - Batch Acc: 71.88%, Running Acc: 59.25%
Validation progress: 110/150 batches (73.3%)
  - Elapsed: 2.4s, Estimated remaining: 0.9s
Validation: 115/150 batches (76.8%)
  - Batch Acc: 99.22%, Running Acc: 59.81%
Validation progress: 115/150 batches (76.7%)
  - Elapsed: 2.5s, Estimated remaining: 0.7s
Validation: 120/150 batches (80.2%)
  - Batch Acc: 11.72%, Running Acc: 60.07%
Validation progress: 120/150 batches (80.0%)
  - Elapsed: 2.5s, Estimated remaining: 0.6s
Validation: 125/150 batches (83.5%)
  - Batch Acc: 80.47%, Running Acc: 59.85%
Validation progress: 125/150 batches (83.3%)
  - Elapsed: 2.6s, Estimated remaining: 0.5s
Validation: 130/150 batches (86.9%)
  - Batch Acc: 98.44%, Running Acc: 59.77%
Validation progress: 130/150 batches (86.7%)
  - Elapsed: 2.6s, Estimated remaining: 0.4s
Validation: 135/150 batches (90.2%)
  - Batch Acc: 21.09%, Running Acc: 59.70%
Validation progress: 135/150 batches (90.0%)
  - Elapsed: 2.6s, Estimated remaining: 0.3s
Validation: 140/150 batches (93.5%)
  - Batch Acc: 60.94%, Running Acc: 59.64%
Validation progress: 140/150 batches (93.3%)
  - Elapsed: 2.7s, Estimated remaining: 0.2s
Validation: 145/150 batches (96.9%)
  - Batch Acc: 92.19%, Running Acc: 59.36%
Validation progress: 145/150 batches (96.7%)
  - Elapsed: 2.7s, Estimated remaining: 0.1s
Validation: 150/150 batches (100.2%)
  - Batch Acc: 96.55%, Running Acc: 59.86%
Validation complete in 3.19s - Loss: 2.8311, Accuracy: 0.5986

==== Epoch 32/100 ====
Starting training phase...
Training on 76620 samples...
Training: 100/599 batches (16.7%)
  - Batch Acc: 100.00%, Running Acc: 100.00%
  - Loss: 0.0000, Grad Norm: 0.0001
  - Learning Rate: 0.000040
Training: 200/599 batches (33.4%)
  - Batch Acc: 100.00%, Running Acc: 100.00%
  - Loss: 0.0000, Grad Norm: 0.0002
  - Learning Rate: 0.000040
Training: 300/599 batches (50.1%)
  - Batch Acc: 100.00%, Running Acc: 100.00%
  - Loss: 0.0000, Grad Norm: 0.0004
  - Learning Rate: 0.000040
Training: 400/599 batches (66.8%)
  - Batch Acc: 100.00%, Running Acc: 100.00%
  - Loss: 0.0001, Grad Norm: 0.0005
  - Learning Rate: 0.000040
Training: 500/599 batches (83.5%)
  - Batch Acc: 100.00%, Running Acc: 100.00%
  - Loss: 0.0000, Grad Norm: 0.0005
  - Learning Rate: 0.000040
Training: 599/599 batches (100.0%)
  - Batch Acc: 100.00%, Running Acc: 100.00%
  - Loss: 0.0000, Grad Norm: 0.0002
  - Learning Rate: 0.000040

Training phase complete
Epoch Summary:
  - Average Loss: 0.0001
  - Average Accuracy: 100.00%
  - Average Grad Norm: 0.0031
  - Final Learning Rate: 0.000040
Starting validation phase...
Starting validation on 19159 samples...
Entering no_grad block for validation
Validation progress: 0/150 batches (0.0%)
  - Elapsed: 1.5s, Estimated remaining: 0.0s
Validation: 5/150 batches (3.3%)
  - Batch Acc: 68.75%, Running Acc: 65.62%
Validation progress: 5/150 batches (3.3%)
  - Elapsed: 1.6s, Estimated remaining: 37.9s
Validation: 10/150 batches (6.7%)
  - Batch Acc: 35.94%, Running Acc: 57.03%
Validation progress: 10/150 batches (6.7%)
  - Elapsed: 1.6s, Estimated remaining: 20.2s
Validation: 15/150 batches (10.0%)
  - Batch Acc: 54.69%, Running Acc: 53.33%
Validation progress: 15/150 batches (10.0%)
  - Elapsed: 1.6s, Estimated remaining: 13.6s
Validation: 20/150 batches (13.4%)
  - Batch Acc: 82.81%, Running Acc: 58.71%
Validation progress: 20/150 batches (13.3%)
  - Elapsed: 1.7s, Estimated remaining: 10.2s
Validation: 25/150 batches (16.7%)
  - Batch Acc: 35.16%, Running Acc: 59.69%
Validation progress: 25/150 batches (16.7%)
  - Elapsed: 1.7s, Estimated remaining: 8.1s
Validation: 30/150 batches (20.0%)
  - Batch Acc: 60.94%, Running Acc: 60.21%
Validation progress: 30/150 batches (20.0%)
  - Elapsed: 1.8s, Estimated remaining: 6.7s
Validation: 35/150 batches (23.4%)
  - Batch Acc: 71.09%, Running Acc: 59.06%
Validation progress: 35/150 batches (23.3%)
  - Elapsed: 1.8s, Estimated remaining: 5.6s
Validation: 40/150 batches (26.7%)
  - Batch Acc: 100.00%, Running Acc: 60.20%
Validation progress: 40/150 batches (26.7%)
  - Elapsed: 1.8s, Estimated remaining: 4.8s
Validation: 45/150 batches (30.1%)
  - Batch Acc: 60.16%, Running Acc: 61.09%
Validation progress: 45/150 batches (30.0%)
  - Elapsed: 1.9s, Estimated remaining: 4.2s
Validation: 50/150 batches (33.4%)
  - Batch Acc: 100.00%, Running Acc: 60.86%
Validation progress: 50/150 batches (33.3%)
  - Elapsed: 1.9s, Estimated remaining: 3.7s
Validation: 55/150 batches (36.7%)
  - Batch Acc: 53.91%, Running Acc: 62.17%
Validation progress: 55/150 batches (36.7%)
  - Elapsed: 2.0s, Estimated remaining: 3.3s
Validation: 60/150 batches (40.1%)
  - Batch Acc: 35.16%, Running Acc: 63.67%
Validation progress: 60/150 batches (40.0%)
  - Elapsed: 2.0s, Estimated remaining: 2.9s
Validation: 65/150 batches (43.4%)
  - Batch Acc: 38.28%, Running Acc: 63.15%
Validation progress: 65/150 batches (43.3%)
  - Elapsed: 2.0s, Estimated remaining: 2.6s
Validation: 70/150 batches (46.8%)
  - Batch Acc: 67.97%, Running Acc: 62.31%
Validation progress: 70/150 batches (46.7%)
  - Elapsed: 2.1s, Estimated remaining: 2.3s
Validation: 75/150 batches (50.1%)
  - Batch Acc: 37.50%, Running Acc: 60.62%
Validation progress: 75/150 batches (50.0%)
  - Elapsed: 2.1s, Estimated remaining: 2.1s
Validation: 80/150 batches (53.4%)
  - Batch Acc: 39.06%, Running Acc: 60.37%
Validation progress: 80/150 batches (53.3%)
  - Elapsed: 2.2s, Estimated remaining: 1.8s
Validation: 85/150 batches (56.8%)
  - Batch Acc: 7.03%, Running Acc: 59.67%
Validation progress: 85/150 batches (56.7%)
  - Elapsed: 2.2s, Estimated remaining: 1.6s
Validation: 90/150 batches (60.1%)
  - Batch Acc: 37.50%, Running Acc: 58.22%
Validation progress: 90/150 batches (60.0%)
  - Elapsed: 2.2s, Estimated remaining: 1.5s
Validation: 95/150 batches (63.5%)
  - Batch Acc: 35.16%, Running Acc: 57.15%
Validation progress: 95/150 batches (63.3%)
  - Elapsed: 2.3s, Estimated remaining: 1.3s
Validation: 100/150 batches (66.8%)
  - Batch Acc: 9.38%, Running Acc: 56.09%
Validation progress: 100/150 batches (66.7%)
  - Elapsed: 2.3s, Estimated remaining: 1.1s
Validation: 105/150 batches (70.1%)
  - Batch Acc: 96.88%, Running Acc: 57.43%
Validation progress: 105/150 batches (70.0%)
  - Elapsed: 2.4s, Estimated remaining: 1.0s
Validation: 110/150 batches (73.5%)
  - Batch Acc: 80.47%, Running Acc: 58.64%
Validation progress: 110/150 batches (73.3%)
  - Elapsed: 2.4s, Estimated remaining: 0.8s
Validation: 115/150 batches (76.8%)
  - Batch Acc: 100.00%, Running Acc: 59.44%
Validation progress: 115/150 batches (76.7%)
  - Elapsed: 2.5s, Estimated remaining: 0.7s
Validation: 120/150 batches (80.2%)
  - Batch Acc: 14.84%, Running Acc: 59.82%
Validation progress: 120/150 batches (80.0%)
  - Elapsed: 2.5s, Estimated remaining: 0.6s
Validation: 125/150 batches (83.5%)
  - Batch Acc: 78.12%, Running Acc: 59.69%
Validation progress: 125/150 batches (83.3%)
  - Elapsed: 2.5s, Estimated remaining: 0.5s
Validation: 130/150 batches (86.9%)
  - Batch Acc: 99.22%, Running Acc: 59.53%
Validation progress: 130/150 batches (86.7%)
  - Elapsed: 2.6s, Estimated remaining: 0.4s
Validation: 135/150 batches (90.2%)
  - Batch Acc: 32.03%, Running Acc: 59.64%
Validation progress: 135/150 batches (90.0%)
  - Elapsed: 2.6s, Estimated remaining: 0.3s
Validation: 140/150 batches (93.5%)
  - Batch Acc: 47.66%, Running Acc: 59.48%
Validation progress: 140/150 batches (93.3%)
  - Elapsed: 2.7s, Estimated remaining: 0.2s
Validation: 145/150 batches (96.9%)
  - Batch Acc: 93.75%, Running Acc: 59.23%
Validation progress: 145/150 batches (96.7%)
  - Elapsed: 2.7s, Estimated remaining: 0.1s
Validation: 150/150 batches (100.2%)
  - Batch Acc: 100.00%, Running Acc: 59.79%
Validation complete in 3.20s - Loss: 2.9117, Accuracy: 0.5979

==== Epoch 33/100 ====
Starting training phase...
Training on 76620 samples...
Training: 100/599 batches (16.7%)
  - Batch Acc: 100.00%, Running Acc: 100.00%
  - Loss: 0.0000, Grad Norm: 0.0003
  - Learning Rate: 0.000040
Training: 200/599 batches (33.4%)
  - Batch Acc: 100.00%, Running Acc: 100.00%
  - Loss: 0.0000, Grad Norm: 0.0000
  - Learning Rate: 0.000040
Training: 300/599 batches (50.1%)
  - Batch Acc: 100.00%, Running Acc: 100.00%
  - Loss: 0.0000, Grad Norm: 0.0001
  - Learning Rate: 0.000040
Training: 400/599 batches (66.8%)
  - Batch Acc: 100.00%, Running Acc: 100.00%
  - Loss: 0.0001, Grad Norm: 0.0006
  - Learning Rate: 0.000040
Training: 500/599 batches (83.5%)
  - Batch Acc: 100.00%, Running Acc: 100.00%
  - Loss: 0.0001, Grad Norm: 0.0010
  - Learning Rate: 0.000040
Training: 599/599 batches (100.0%)
  - Batch Acc: 100.00%, Running Acc: 100.00%
  - Loss: 0.0000, Grad Norm: 0.0002
  - Learning Rate: 0.000040

Training phase complete
Epoch Summary:
  - Average Loss: 0.0001
  - Average Accuracy: 100.00%
  - Average Grad Norm: 0.0021
  - Final Learning Rate: 0.000040
Starting validation phase...
Starting validation on 19159 samples...
Entering no_grad block for validation
Validation progress: 0/150 batches (0.0%)
  - Elapsed: 1.5s, Estimated remaining: 0.0s
Validation: 5/150 batches (3.3%)
  - Batch Acc: 80.47%, Running Acc: 74.53%
Validation progress: 5/150 batches (3.3%)
  - Elapsed: 1.6s, Estimated remaining: 37.9s
Validation: 10/150 batches (6.7%)
  - Batch Acc: 32.81%, Running Acc: 62.81%
Validation progress: 10/150 batches (6.7%)
  - Elapsed: 1.6s, Estimated remaining: 20.7s
Validation: 15/150 batches (10.0%)
  - Batch Acc: 67.97%, Running Acc: 58.18%
Validation progress: 15/150 batches (10.0%)
  - Elapsed: 1.7s, Estimated remaining: 13.8s
Validation: 20/150 batches (13.4%)
  - Batch Acc: 78.91%, Running Acc: 62.66%
Validation progress: 20/150 batches (13.3%)
  - Elapsed: 1.7s, Estimated remaining: 10.3s
Validation: 25/150 batches (16.7%)
  - Batch Acc: 40.62%, Running Acc: 62.88%
Validation progress: 25/150 batches (16.7%)
  - Elapsed: 1.7s, Estimated remaining: 8.2s
Validation: 30/150 batches (20.0%)
  - Batch Acc: 56.25%, Running Acc: 62.55%
Validation progress: 30/150 batches (20.0%)
  - Elapsed: 1.8s, Estimated remaining: 6.8s
Validation: 35/150 batches (23.4%)
  - Batch Acc: 75.78%, Running Acc: 61.88%
Validation progress: 35/150 batches (23.3%)
  - Elapsed: 1.8s, Estimated remaining: 5.7s
Validation: 40/150 batches (26.7%)
  - Batch Acc: 100.00%, Running Acc: 62.91%
Validation progress: 40/150 batches (26.7%)
  - Elapsed: 1.8s, Estimated remaining: 4.9s
Validation: 45/150 batches (30.1%)
  - Batch Acc: 60.16%, Running Acc: 63.63%
Validation progress: 45/150 batches (30.0%)
  - Elapsed: 1.9s, Estimated remaining: 4.3s
Validation: 50/150 batches (33.4%)
  - Batch Acc: 100.00%, Running Acc: 63.02%
Validation progress: 50/150 batches (33.3%)
  - Elapsed: 1.9s, Estimated remaining: 3.7s
Validation: 55/150 batches (36.7%)
  - Batch Acc: 52.34%, Running Acc: 63.96%
Validation progress: 55/150 batches (36.7%)
  - Elapsed: 2.0s, Estimated remaining: 3.3s
Validation: 60/150 batches (40.1%)
  - Batch Acc: 34.38%, Running Acc: 65.03%
Validation progress: 60/150 batches (40.0%)
  - Elapsed: 2.0s, Estimated remaining: 2.9s
Validation: 65/150 batches (43.4%)
  - Batch Acc: 33.59%, Running Acc: 64.07%
Validation progress: 65/150 batches (43.3%)
  - Elapsed: 2.1s, Estimated remaining: 2.6s
Validation: 70/150 batches (46.8%)
  - Batch Acc: 64.84%, Running Acc: 62.87%
Validation progress: 70/150 batches (46.7%)
  - Elapsed: 2.1s, Estimated remaining: 2.3s
Validation: 75/150 batches (50.1%)
  - Batch Acc: 48.44%, Running Acc: 61.36%
Validation progress: 75/150 batches (50.0%)
  - Elapsed: 2.1s, Estimated remaining: 2.1s
Validation: 80/150 batches (53.4%)
  - Batch Acc: 39.84%, Running Acc: 61.30%
Validation progress: 80/150 batches (53.3%)
  - Elapsed: 2.2s, Estimated remaining: 1.9s
Validation: 85/150 batches (56.8%)
  - Batch Acc: 7.81%, Running Acc: 60.56%
Validation progress: 85/150 batches (56.7%)
  - Elapsed: 2.2s, Estimated remaining: 1.7s
Validation: 90/150 batches (60.1%)
  - Batch Acc: 39.06%, Running Acc: 59.31%
Validation progress: 90/150 batches (60.0%)
  - Elapsed: 2.3s, Estimated remaining: 1.5s
Validation: 95/150 batches (63.5%)
  - Batch Acc: 35.94%, Running Acc: 58.52%
Validation progress: 95/150 batches (63.3%)
  - Elapsed: 2.3s, Estimated remaining: 1.3s
Validation: 100/150 batches (66.8%)
  - Batch Acc: 12.50%, Running Acc: 57.77%
Validation progress: 100/150 batches (66.7%)
  - Elapsed: 2.4s, Estimated remaining: 1.1s
Validation: 105/150 batches (70.1%)
  - Batch Acc: 96.88%, Running Acc: 58.96%
Validation progress: 105/150 batches (70.0%)
  - Elapsed: 2.4s, Estimated remaining: 1.0s
Validation: 110/150 batches (73.5%)
  - Batch Acc: 68.75%, Running Acc: 59.82%
Validation progress: 110/150 batches (73.3%)
  - Elapsed: 2.4s, Estimated remaining: 0.9s
Validation: 115/150 batches (76.8%)
  - Batch Acc: 99.22%, Running Acc: 60.26%
Validation progress: 115/150 batches (76.7%)
  - Elapsed: 2.5s, Estimated remaining: 0.7s
Validation: 120/150 batches (80.2%)
  - Batch Acc: 10.94%, Running Acc: 60.50%
Validation progress: 120/150 batches (80.0%)
  - Elapsed: 2.5s, Estimated remaining: 0.6s
Validation: 125/150 batches (83.5%)
  - Batch Acc: 80.47%, Running Acc: 60.26%
Validation progress: 125/150 batches (83.3%)
  - Elapsed: 2.6s, Estimated remaining: 0.5s
Validation: 130/150 batches (86.9%)
  - Batch Acc: 99.22%, Running Acc: 60.30%
Validation progress: 130/150 batches (86.7%)
  - Elapsed: 2.6s, Estimated remaining: 0.4s
Validation: 135/150 batches (90.2%)
  - Batch Acc: 19.53%, Running Acc: 60.19%
Validation progress: 135/150 batches (90.0%)
  - Elapsed: 2.7s, Estimated remaining: 0.3s
Validation: 140/150 batches (93.5%)
  - Batch Acc: 62.50%, Running Acc: 60.07%
Validation progress: 140/150 batches (93.3%)
  - Elapsed: 2.7s, Estimated remaining: 0.2s
Validation: 145/150 batches (96.9%)
  - Batch Acc: 85.94%, Running Acc: 59.72%
Validation progress: 145/150 batches (96.7%)
  - Elapsed: 2.7s, Estimated remaining: 0.1s
Validation: 150/150 batches (100.2%)
  - Batch Acc: 95.40%, Running Acc: 60.21%
Validation complete in 3.22s - Loss: 2.8637, Accuracy: 0.6021

==== Epoch 34/100 ====
Starting training phase...
Training on 76620 samples...
Training: 100/599 batches (16.7%)
  - Batch Acc: 100.00%, Running Acc: 99.99%
  - Loss: 0.0000, Grad Norm: 0.0002
  - Learning Rate: 0.000040
Training: 200/599 batches (33.4%)
  - Batch Acc: 100.00%, Running Acc: 100.00%
  - Loss: 0.0001, Grad Norm: 0.0006
  - Learning Rate: 0.000040
Training: 300/599 batches (50.1%)
  - Batch Acc: 100.00%, Running Acc: 100.00%
  - Loss: 0.0001, Grad Norm: 0.0007
  - Learning Rate: 0.000040
Training: 400/599 batches (66.8%)
  - Batch Acc: 100.00%, Running Acc: 100.00%
  - Loss: 0.0000, Grad Norm: 0.0001
  - Learning Rate: 0.000040
Training: 500/599 batches (83.5%)
  - Batch Acc: 100.00%, Running Acc: 100.00%
  - Loss: 0.0000, Grad Norm: 0.0001
  - Learning Rate: 0.000040
Training: 599/599 batches (100.0%)
  - Batch Acc: 100.00%, Running Acc: 100.00%
  - Loss: 0.0001, Grad Norm: 0.0017
  - Learning Rate: 0.000040

Training phase complete
Epoch Summary:
  - Average Loss: 0.0002
  - Average Accuracy: 100.00%
  - Average Grad Norm: 0.0034
  - Final Learning Rate: 0.000040
Starting validation phase...
Starting validation on 19159 samples...
Entering no_grad block for validation
Validation progress: 0/150 batches (0.0%)
  - Elapsed: 1.4s, Estimated remaining: 0.0s
Validation: 5/150 batches (3.3%)
  - Batch Acc: 66.41%, Running Acc: 67.81%
Validation progress: 5/150 batches (3.3%)
  - Elapsed: 1.5s, Estimated remaining: 37.2s
Validation: 10/150 batches (6.7%)
  - Batch Acc: 33.59%, Running Acc: 57.97%
Validation progress: 10/150 batches (6.7%)
  - Elapsed: 1.6s, Estimated remaining: 19.8s
Validation: 15/150 batches (10.0%)
  - Batch Acc: 54.69%, Running Acc: 53.85%
Validation progress: 15/150 batches (10.0%)
  - Elapsed: 1.6s, Estimated remaining: 13.5s
Validation: 20/150 batches (13.4%)
  - Batch Acc: 78.91%, Running Acc: 59.06%
Validation progress: 20/150 batches (13.3%)
  - Elapsed: 1.6s, Estimated remaining: 10.1s
Validation: 25/150 batches (16.7%)
  - Batch Acc: 38.28%, Running Acc: 60.28%
Validation progress: 25/150 batches (16.7%)
  - Elapsed: 1.7s, Estimated remaining: 8.1s
Validation: 30/150 batches (20.0%)
  - Batch Acc: 46.09%, Running Acc: 59.90%
Validation progress: 30/150 batches (20.0%)
  - Elapsed: 1.7s, Estimated remaining: 6.6s
Validation: 35/150 batches (23.4%)
  - Batch Acc: 72.66%, Running Acc: 59.08%
Validation progress: 35/150 batches (23.3%)
  - Elapsed: 1.8s, Estimated remaining: 5.6s
Validation: 40/150 batches (26.7%)
  - Batch Acc: 100.00%, Running Acc: 60.37%
Validation progress: 40/150 batches (26.7%)
  - Elapsed: 1.8s, Estimated remaining: 4.8s
Validation: 45/150 batches (30.1%)
  - Batch Acc: 59.38%, Running Acc: 61.28%
Validation progress: 45/150 batches (30.0%)
  - Elapsed: 1.9s, Estimated remaining: 4.2s
Validation: 50/150 batches (33.4%)
  - Batch Acc: 100.00%, Running Acc: 60.95%
Validation progress: 50/150 batches (33.3%)
  - Elapsed: 1.9s, Estimated remaining: 3.7s
Validation: 55/150 batches (36.7%)
  - Batch Acc: 52.34%, Running Acc: 62.12%
Validation progress: 55/150 batches (36.7%)
  - Elapsed: 2.0s, Estimated remaining: 3.3s
Validation: 60/150 batches (40.1%)
  - Batch Acc: 35.94%, Running Acc: 63.62%
Validation progress: 60/150 batches (40.0%)
  - Elapsed: 2.0s, Estimated remaining: 2.9s
Validation: 65/150 batches (43.4%)
  - Batch Acc: 36.72%, Running Acc: 62.90%
Validation progress: 65/150 batches (43.3%)
  - Elapsed: 2.0s, Estimated remaining: 2.6s
Validation: 70/150 batches (46.8%)
  - Batch Acc: 65.62%, Running Acc: 61.90%
Validation progress: 70/150 batches (46.7%)
  - Elapsed: 2.1s, Estimated remaining: 2.3s
Validation: 75/150 batches (50.1%)
  - Batch Acc: 48.44%, Running Acc: 60.46%
Validation progress: 75/150 batches (50.0%)
  - Elapsed: 2.1s, Estimated remaining: 2.1s
Validation: 80/150 batches (53.4%)
  - Batch Acc: 37.50%, Running Acc: 60.32%
Validation progress: 80/150 batches (53.3%)
  - Elapsed: 2.2s, Estimated remaining: 1.8s
Validation: 85/150 batches (56.8%)
  - Batch Acc: 7.81%, Running Acc: 59.66%
Validation progress: 85/150 batches (56.7%)
  - Elapsed: 2.2s, Estimated remaining: 1.6s
Validation: 90/150 batches (60.1%)
  - Batch Acc: 37.50%, Running Acc: 58.34%
Validation progress: 90/150 batches (60.0%)
  - Elapsed: 2.3s, Estimated remaining: 1.5s
Validation: 95/150 batches (63.5%)
  - Batch Acc: 34.38%, Running Acc: 57.44%
Validation progress: 95/150 batches (63.3%)
  - Elapsed: 2.3s, Estimated remaining: 1.3s
Validation: 100/150 batches (66.8%)
  - Batch Acc: 11.72%, Running Acc: 56.35%
Validation progress: 100/150 batches (66.7%)
  - Elapsed: 2.3s, Estimated remaining: 1.1s
Validation: 105/150 batches (70.1%)
  - Batch Acc: 96.88%, Running Acc: 57.66%
Validation progress: 105/150 batches (70.0%)
  - Elapsed: 2.4s, Estimated remaining: 1.0s
Validation: 110/150 batches (73.5%)
  - Batch Acc: 77.34%, Running Acc: 58.74%
Validation progress: 110/150 batches (73.3%)
  - Elapsed: 2.4s, Estimated remaining: 0.8s
Validation: 115/150 batches (76.8%)
  - Batch Acc: 100.00%, Running Acc: 59.47%
Validation progress: 115/150 batches (76.7%)
  - Elapsed: 2.5s, Estimated remaining: 0.7s
Validation: 120/150 batches (80.2%)
  - Batch Acc: 11.72%, Running Acc: 59.77%
Validation progress: 120/150 batches (80.0%)
  - Elapsed: 2.5s, Estimated remaining: 0.6s
Validation: 125/150 batches (83.5%)
  - Batch Acc: 77.34%, Running Acc: 59.76%
Validation progress: 125/150 batches (83.3%)
  - Elapsed: 2.5s, Estimated remaining: 0.5s
Validation: 130/150 batches (86.9%)
  - Batch Acc: 99.22%, Running Acc: 59.73%
Validation progress: 130/150 batches (86.7%)
  - Elapsed: 2.6s, Estimated remaining: 0.4s
Validation: 135/150 batches (90.2%)
  - Batch Acc: 27.34%, Running Acc: 59.72%
Validation progress: 135/150 batches (90.0%)
  - Elapsed: 2.6s, Estimated remaining: 0.3s
Validation: 140/150 batches (93.5%)
  - Batch Acc: 64.06%, Running Acc: 59.70%
Validation progress: 140/150 batches (93.3%)
  - Elapsed: 2.7s, Estimated remaining: 0.2s
Validation: 145/150 batches (96.9%)
  - Batch Acc: 92.19%, Running Acc: 59.40%
Validation progress: 145/150 batches (96.7%)
  - Elapsed: 2.7s, Estimated remaining: 0.1s
Validation: 150/150 batches (100.2%)
  - Batch Acc: 95.40%, Running Acc: 59.91%
Validation complete in 3.19s - Loss: 2.9563, Accuracy: 0.5991
Early stopping triggered at epoch 34

==== Fold 2 training complete, evaluating best model ====
Starting final evaluation...
Evaluating 19159 samples across 150 batches
Evaluating batch 1/150
Evaluating batch 8/150
Evaluating batch 15/150
Evaluating batch 22/150
Evaluating batch 29/150
Evaluation: 35/150 batches, Running Acc: 68.46%, Loss: 1.3419
Evaluating batch 36/150
Evaluating batch 43/150
Evaluating batch 50/150
Evaluating batch 57/150
Evaluating batch 64/150
Evaluation: 70/150 batches, Running Acc: 66.71%, Loss: 3.5179
Evaluating batch 71/150
Evaluating batch 78/150
Evaluating batch 85/150
Evaluating batch 92/150
Evaluating batch 99/150
Evaluation: 105/150 batches, Running Acc: 61.37%, Loss: 0.2186
Evaluating batch 106/150
Evaluating batch 113/150
Evaluating batch 120/150
Evaluating batch 127/150
Evaluating batch 134/150
Evaluation: 140/150 batches, Running Acc: 61.70%, Loss: 2.5393
Evaluating batch 141/150
Evaluating batch 148/150
Evaluation: 150/150 batches, Running Acc: 61.90%, Loss: 0.1339
Computing final evaluation metrics
Evaluation complete - Test Loss: 2.5352, Accuracy: 0.6190, F1 Score: 0.6184

==== Starting fold 3/5 ====
Train: 76609 FC vectors, Validation: 19170 FC vectors
Using ReduceLROnPlateau scheduler monitoring validation val_accuracy

==== Epoch 1/100 ====
Starting training phase...
Training on 76609 samples...
Training: 100/599 batches (16.7%)
  - Batch Acc: 83.59%, Running Acc: 71.61%
  - Loss: 0.3151, Grad Norm: 0.9170
  - Learning Rate: 0.001000
Training: 200/599 batches (33.4%)
  - Batch Acc: 92.97%, Running Acc: 81.25%
  - Loss: 0.1946, Grad Norm: 0.7478
  - Learning Rate: 0.001000
Training: 300/599 batches (50.1%)
  - Batch Acc: 97.66%, Running Acc: 85.83%
  - Loss: 0.0754, Grad Norm: 0.4153
  - Learning Rate: 0.001000
Training: 400/599 batches (66.8%)
  - Batch Acc: 96.88%, Running Acc: 88.47%
  - Loss: 0.1312, Grad Norm: 0.5493
  - Learning Rate: 0.001000
Training: 500/599 batches (83.5%)
  - Batch Acc: 96.88%, Running Acc: 90.22%
  - Loss: 0.0782, Grad Norm: 0.4567
  - Learning Rate: 0.001000
Training: 599/599 batches (100.0%)
  - Batch Acc: 93.85%, Running Acc: 91.39%
  - Loss: 0.0746, Grad Norm: 0.8515
  - Learning Rate: 0.001000

Training phase complete
Epoch Summary:
  - Average Loss: 0.1921
  - Average Accuracy: 91.39%
  - Average Grad Norm: 0.6695
  - Final Learning Rate: 0.001000
Starting validation phase...
Starting validation on 19170 samples...
Entering no_grad block for validation
Validation progress: 0/150 batches (0.0%)
  - Elapsed: 1.5s, Estimated remaining: 0.0s
Validation: 5/150 batches (3.3%)
  - Batch Acc: 26.56%, Running Acc: 66.41%
Validation progress: 5/150 batches (3.3%)
  - Elapsed: 1.5s, Estimated remaining: 36.7s
Validation: 10/150 batches (6.7%)
  - Batch Acc: 78.91%, Running Acc: 67.50%
Validation progress: 10/150 batches (6.7%)
  - Elapsed: 1.5s, Estimated remaining: 19.5s
Validation: 15/150 batches (10.0%)
  - Batch Acc: 65.62%, Running Acc: 57.92%
Validation progress: 15/150 batches (10.0%)
  - Elapsed: 1.6s, Estimated remaining: 13.3s
Validation: 20/150 batches (13.4%)
  - Batch Acc: 47.66%, Running Acc: 56.21%
Validation progress: 20/150 batches (13.3%)
  - Elapsed: 1.6s, Estimated remaining: 10.0s
Validation: 25/150 batches (16.7%)
  - Batch Acc: 92.97%, Running Acc: 55.56%
Validation progress: 25/150 batches (16.7%)
  - Elapsed: 1.7s, Estimated remaining: 8.0s
Validation: 30/150 batches (20.0%)
  - Batch Acc: 2.34%, Running Acc: 51.98%
Validation progress: 30/150 batches (20.0%)
  - Elapsed: 1.7s, Estimated remaining: 6.7s
Validation: 35/150 batches (23.4%)
  - Batch Acc: 32.81%, Running Acc: 50.87%
Validation progress: 35/150 batches (23.3%)
  - Elapsed: 1.8s, Estimated remaining: 5.7s
Validation: 40/150 batches (26.7%)
  - Batch Acc: 62.50%, Running Acc: 51.80%
Validation progress: 40/150 batches (26.7%)
  - Elapsed: 1.8s, Estimated remaining: 4.9s
Validation: 45/150 batches (30.0%)
  - Batch Acc: 26.56%, Running Acc: 52.31%
Validation progress: 45/150 batches (30.0%)
  - Elapsed: 1.9s, Estimated remaining: 4.3s
Validation: 50/150 batches (33.4%)
  - Batch Acc: 52.34%, Running Acc: 53.14%
Validation progress: 50/150 batches (33.3%)
  - Elapsed: 1.9s, Estimated remaining: 3.8s
Validation: 55/150 batches (36.7%)
  - Batch Acc: 25.78%, Running Acc: 54.35%
Validation progress: 55/150 batches (36.7%)
  - Elapsed: 2.0s, Estimated remaining: 3.3s
Validation: 60/150 batches (40.1%)
  - Batch Acc: 7.81%, Running Acc: 52.14%
Validation progress: 60/150 batches (40.0%)
  - Elapsed: 2.0s, Estimated remaining: 3.0s
Validation: 65/150 batches (43.4%)
  - Batch Acc: 0.00%, Running Acc: 50.58%
Validation progress: 65/150 batches (43.3%)
  - Elapsed: 2.1s, Estimated remaining: 2.6s
Validation: 70/150 batches (46.7%)
  - Batch Acc: 82.03%, Running Acc: 52.22%
Validation progress: 70/150 batches (46.7%)
  - Elapsed: 2.1s, Estimated remaining: 2.3s
Validation: 75/150 batches (50.1%)
  - Batch Acc: 74.22%, Running Acc: 51.96%
Validation progress: 75/150 batches (50.0%)
  - Elapsed: 2.2s, Estimated remaining: 2.1s
Validation: 80/150 batches (53.4%)
  - Batch Acc: 70.31%, Running Acc: 51.53%
Validation progress: 80/150 batches (53.3%)
  - Elapsed: 2.2s, Estimated remaining: 1.9s
Validation: 85/150 batches (56.8%)
  - Batch Acc: 59.38%, Running Acc: 52.10%
Validation progress: 85/150 batches (56.7%)
  - Elapsed: 2.2s, Estimated remaining: 1.7s
Validation: 90/150 batches (60.1%)
  - Batch Acc: 57.81%, Running Acc: 53.01%
Validation progress: 90/150 batches (60.0%)
  - Elapsed: 2.3s, Estimated remaining: 1.5s
Validation: 95/150 batches (63.4%)
  - Batch Acc: 91.41%, Running Acc: 55.14%
Validation progress: 95/150 batches (63.3%)
  - Elapsed: 2.3s, Estimated remaining: 1.3s
Validation: 100/150 batches (66.8%)
  - Batch Acc: 22.66%, Running Acc: 54.35%
Validation progress: 100/150 batches (66.7%)
  - Elapsed: 2.4s, Estimated remaining: 1.1s
Validation: 105/150 batches (70.1%)
  - Batch Acc: 95.31%, Running Acc: 54.75%
Validation progress: 105/150 batches (70.0%)
  - Elapsed: 2.4s, Estimated remaining: 1.0s
Validation: 110/150 batches (73.4%)
  - Batch Acc: 75.78%, Running Acc: 54.86%
Validation progress: 110/150 batches (73.3%)
  - Elapsed: 2.5s, Estimated remaining: 0.9s
Validation: 115/150 batches (76.8%)
  - Batch Acc: 50.00%, Running Acc: 53.82%
Validation progress: 115/150 batches (76.7%)
  - Elapsed: 2.5s, Estimated remaining: 0.7s
Validation: 120/150 batches (80.1%)
  - Batch Acc: 54.69%, Running Acc: 53.73%
Validation progress: 120/150 batches (80.0%)
  - Elapsed: 2.5s, Estimated remaining: 0.6s
Validation: 125/150 batches (83.5%)
  - Batch Acc: 81.25%, Running Acc: 54.06%
Validation progress: 125/150 batches (83.3%)
  - Elapsed: 2.6s, Estimated remaining: 0.5s
Validation: 130/150 batches (86.8%)
  - Batch Acc: 59.38%, Running Acc: 53.62%
Validation progress: 130/150 batches (86.7%)
  - Elapsed: 2.6s, Estimated remaining: 0.4s
Validation: 135/150 batches (90.1%)
  - Batch Acc: 22.66%, Running Acc: 52.89%
Validation progress: 135/150 batches (90.0%)
  - Elapsed: 2.7s, Estimated remaining: 0.3s
Validation: 140/150 batches (93.5%)
  - Batch Acc: 84.38%, Running Acc: 53.10%
Validation progress: 140/150 batches (93.3%)
  - Elapsed: 2.7s, Estimated remaining: 0.2s
Validation: 145/150 batches (96.8%)
  - Batch Acc: 29.69%, Running Acc: 53.00%
Validation progress: 145/150 batches (96.7%)
  - Elapsed: 2.7s, Estimated remaining: 0.1s
Validation: 150/150 batches (100.2%)
  - Batch Acc: 0.00%, Running Acc: 52.74%
Validation complete in 3.20s - Loss: 1.8353, Accuracy: 0.5274

==== Epoch 2/100 ====
Starting training phase...
Training on 76609 samples...
Training: 100/599 batches (16.7%)
  - Batch Acc: 98.44%, Running Acc: 98.03%
  - Loss: 0.0524, Grad Norm: 0.3139
  - Learning Rate: 0.001000
Training: 200/599 batches (33.4%)
  - Batch Acc: 98.44%, Running Acc: 98.16%
  - Loss: 0.0429, Grad Norm: 0.4338
  - Learning Rate: 0.001000
Training: 300/599 batches (50.1%)
  - Batch Acc: 98.44%, Running Acc: 98.09%
  - Loss: 0.0416, Grad Norm: 0.2962
  - Learning Rate: 0.001000
Training: 400/599 batches (66.8%)
  - Batch Acc: 99.22%, Running Acc: 98.27%
  - Loss: 0.0188, Grad Norm: 0.1426
  - Learning Rate: 0.001000
Training: 500/599 batches (83.5%)
  - Batch Acc: 97.66%, Running Acc: 98.30%
  - Loss: 0.0413, Grad Norm: 0.3691
  - Learning Rate: 0.001000
Training: 599/599 batches (100.0%)
  - Batch Acc: 100.00%, Running Acc: 98.42%
  - Loss: 0.0188, Grad Norm: 0.3839
  - Learning Rate: 0.001000

Training phase complete
Epoch Summary:
  - Average Loss: 0.0437
  - Average Accuracy: 98.42%
  - Average Grad Norm: 0.3362
  - Final Learning Rate: 0.001000
Starting validation phase...
Starting validation on 19170 samples...
Entering no_grad block for validation
Validation progress: 0/150 batches (0.0%)
  - Elapsed: 1.5s, Estimated remaining: 0.0s
Validation: 5/150 batches (3.3%)
  - Batch Acc: 29.69%, Running Acc: 63.44%
Validation progress: 5/150 batches (3.3%)
  - Elapsed: 1.6s, Estimated remaining: 37.3s
Validation: 10/150 batches (6.7%)
  - Batch Acc: 94.53%, Running Acc: 68.75%
Validation progress: 10/150 batches (6.7%)
  - Elapsed: 1.6s, Estimated remaining: 20.1s
Validation: 15/150 batches (10.0%)
  - Batch Acc: 52.34%, Running Acc: 58.33%
Validation progress: 15/150 batches (10.0%)
  - Elapsed: 1.6s, Estimated remaining: 13.7s
Validation: 20/150 batches (13.4%)
  - Batch Acc: 71.88%, Running Acc: 59.65%
Validation progress: 20/150 batches (13.3%)
  - Elapsed: 1.7s, Estimated remaining: 10.3s
Validation: 25/150 batches (16.7%)
  - Batch Acc: 92.97%, Running Acc: 59.72%
Validation progress: 25/150 batches (16.7%)
  - Elapsed: 1.7s, Estimated remaining: 8.2s
Validation: 30/150 batches (20.0%)
  - Batch Acc: 0.00%, Running Acc: 56.28%
Validation progress: 30/150 batches (20.0%)
  - Elapsed: 1.8s, Estimated remaining: 6.8s
Validation: 35/150 batches (23.4%)
  - Batch Acc: 29.69%, Running Acc: 55.25%
Validation progress: 35/150 batches (23.3%)
  - Elapsed: 1.8s, Estimated remaining: 5.7s
Validation: 40/150 batches (26.7%)
  - Batch Acc: 48.44%, Running Acc: 54.51%
Validation progress: 40/150 batches (26.7%)
  - Elapsed: 1.9s, Estimated remaining: 4.9s
Validation: 45/150 batches (30.0%)
  - Batch Acc: 25.78%, Running Acc: 53.87%
Validation progress: 45/150 batches (30.0%)
  - Elapsed: 1.9s, Estimated remaining: 4.3s
Validation: 50/150 batches (33.4%)
  - Batch Acc: 57.81%, Running Acc: 55.77%
Validation progress: 50/150 batches (33.3%)
  - Elapsed: 1.9s, Estimated remaining: 3.8s
Validation: 55/150 batches (36.7%)
  - Batch Acc: 26.56%, Running Acc: 56.66%
Validation progress: 55/150 batches (36.7%)
  - Elapsed: 2.0s, Estimated remaining: 3.3s
Validation: 60/150 batches (40.1%)
  - Batch Acc: 16.41%, Running Acc: 55.77%
Validation progress: 60/150 batches (40.0%)
  - Elapsed: 2.0s, Estimated remaining: 3.0s
Validation: 65/150 batches (43.4%)
  - Batch Acc: 32.81%, Running Acc: 55.11%
Validation progress: 65/150 batches (43.3%)
  - Elapsed: 2.1s, Estimated remaining: 2.6s
Validation: 70/150 batches (46.7%)
  - Batch Acc: 79.69%, Running Acc: 56.66%
Validation progress: 70/150 batches (46.7%)
  - Elapsed: 2.1s, Estimated remaining: 2.4s
Validation: 75/150 batches (50.1%)
  - Batch Acc: 62.50%, Running Acc: 56.14%
Validation progress: 75/150 batches (50.0%)
  - Elapsed: 2.2s, Estimated remaining: 2.1s
Validation: 80/150 batches (53.4%)
  - Batch Acc: 71.88%, Running Acc: 55.60%
Validation progress: 80/150 batches (53.3%)
  - Elapsed: 2.2s, Estimated remaining: 1.9s
Validation: 85/150 batches (56.8%)
  - Batch Acc: 67.97%, Running Acc: 56.05%
Validation progress: 85/150 batches (56.7%)
  - Elapsed: 2.2s, Estimated remaining: 1.7s
Validation: 90/150 batches (60.1%)
  - Batch Acc: 37.50%, Running Acc: 56.54%
Validation progress: 90/150 batches (60.0%)
  - Elapsed: 2.3s, Estimated remaining: 1.5s
Validation: 95/150 batches (63.4%)
  - Batch Acc: 89.06%, Running Acc: 58.31%
Validation progress: 95/150 batches (63.3%)
  - Elapsed: 2.3s, Estimated remaining: 1.3s
Validation: 100/150 batches (66.8%)
  - Batch Acc: 11.72%, Running Acc: 57.01%
Validation progress: 100/150 batches (66.7%)
  - Elapsed: 2.4s, Estimated remaining: 1.1s
Validation: 105/150 batches (70.1%)
  - Batch Acc: 95.31%, Running Acc: 57.57%
Validation progress: 105/150 batches (70.0%)
  - Elapsed: 2.4s, Estimated remaining: 1.0s
Validation: 110/150 batches (73.4%)
  - Batch Acc: 91.41%, Running Acc: 58.12%
Validation progress: 110/150 batches (73.3%)
  - Elapsed: 2.5s, Estimated remaining: 0.9s
Validation: 115/150 batches (76.8%)
  - Batch Acc: 39.06%, Running Acc: 57.31%
Validation progress: 115/150 batches (76.7%)
  - Elapsed: 2.5s, Estimated remaining: 0.7s
Validation: 120/150 batches (80.1%)
  - Batch Acc: 60.94%, Running Acc: 57.11%
Validation progress: 120/150 batches (80.0%)
  - Elapsed: 2.5s, Estimated remaining: 0.6s
Validation: 125/150 batches (83.5%)
  - Batch Acc: 78.12%, Running Acc: 57.39%
Validation progress: 125/150 batches (83.3%)
  - Elapsed: 2.6s, Estimated remaining: 0.5s
Validation: 130/150 batches (86.8%)
  - Batch Acc: 46.88%, Running Acc: 57.06%
Validation progress: 130/150 batches (86.7%)
  - Elapsed: 2.6s, Estimated remaining: 0.4s
Validation: 135/150 batches (90.1%)
  - Batch Acc: 38.28%, Running Acc: 56.61%
Validation progress: 135/150 batches (90.0%)
  - Elapsed: 2.7s, Estimated remaining: 0.3s
Validation: 140/150 batches (93.5%)
  - Batch Acc: 83.59%, Running Acc: 56.77%
Validation progress: 140/150 batches (93.3%)
  - Elapsed: 2.7s, Estimated remaining: 0.2s
Validation: 145/150 batches (96.8%)
  - Batch Acc: 22.66%, Running Acc: 56.42%
Validation progress: 145/150 batches (96.7%)
  - Elapsed: 2.8s, Estimated remaining: 0.1s
Validation: 150/150 batches (100.2%)
  - Batch Acc: 15.31%, Running Acc: 56.47%
Validation complete in 3.22s - Loss: 2.1827, Accuracy: 0.5647

==== Epoch 3/100 ====
Starting training phase...
Training on 76609 samples...
Training: 100/599 batches (16.7%)
  - Batch Acc: 99.22%, Running Acc: 98.76%
  - Loss: 0.0172, Grad Norm: 0.1742
  - Learning Rate: 0.001000
Training: 200/599 batches (33.4%)
  - Batch Acc: 97.66%, Running Acc: 98.59%
  - Loss: 0.0535, Grad Norm: 0.4368
  - Learning Rate: 0.001000
Training: 300/599 batches (50.1%)
  - Batch Acc: 99.22%, Running Acc: 98.68%
  - Loss: 0.0464, Grad Norm: 0.2504
  - Learning Rate: 0.001000
Training: 400/599 batches (66.8%)
  - Batch Acc: 99.22%, Running Acc: 98.74%
  - Loss: 0.0441, Grad Norm: 0.3354
  - Learning Rate: 0.001000
Training: 500/599 batches (83.5%)
  - Batch Acc: 100.00%, Running Acc: 98.75%
  - Loss: 0.0098, Grad Norm: 0.0896
  - Learning Rate: 0.001000
Training: 599/599 batches (100.0%)
  - Batch Acc: 98.46%, Running Acc: 98.77%
  - Loss: 0.0413, Grad Norm: 0.6738
  - Learning Rate: 0.001000

Training phase complete
Epoch Summary:
  - Average Loss: 0.0339
  - Average Accuracy: 98.77%
  - Average Grad Norm: 0.2707
  - Final Learning Rate: 0.001000
Starting validation phase...
Starting validation on 19170 samples...
Entering no_grad block for validation
Validation progress: 0/150 batches (0.0%)
  - Elapsed: 1.5s, Estimated remaining: 0.0s
Validation: 5/150 batches (3.3%)
  - Batch Acc: 46.09%, Running Acc: 75.16%
Validation progress: 5/150 batches (3.3%)
  - Elapsed: 1.6s, Estimated remaining: 37.7s
Validation: 10/150 batches (6.7%)
  - Batch Acc: 54.69%, Running Acc: 68.28%
Validation progress: 10/150 batches (6.7%)
  - Elapsed: 1.6s, Estimated remaining: 20.1s
Validation: 15/150 batches (10.0%)
  - Batch Acc: 81.25%, Running Acc: 57.50%
Validation progress: 15/150 batches (10.0%)
  - Elapsed: 1.6s, Estimated remaining: 13.6s
Validation: 20/150 batches (13.4%)
  - Batch Acc: 72.66%, Running Acc: 60.82%
Validation progress: 20/150 batches (13.3%)
  - Elapsed: 1.7s, Estimated remaining: 10.2s
Validation: 25/150 batches (16.7%)
  - Batch Acc: 100.00%, Running Acc: 60.69%
Validation progress: 25/150 batches (16.7%)
  - Elapsed: 1.7s, Estimated remaining: 8.1s
Validation: 30/150 batches (20.0%)
  - Batch Acc: 1.56%, Running Acc: 58.12%
Validation progress: 30/150 batches (20.0%)
  - Elapsed: 1.7s, Estimated remaining: 6.7s
Validation: 35/150 batches (23.4%)
  - Batch Acc: 54.69%, Running Acc: 57.97%
Validation progress: 35/150 batches (23.3%)
  - Elapsed: 1.8s, Estimated remaining: 5.6s
Validation: 40/150 batches (26.7%)
  - Batch Acc: 82.03%, Running Acc: 59.45%
Validation progress: 40/150 batches (26.7%)
  - Elapsed: 1.8s, Estimated remaining: 4.8s
Validation: 45/150 batches (30.0%)
  - Batch Acc: 33.59%, Running Acc: 59.44%
Validation progress: 45/150 batches (30.0%)
  - Elapsed: 1.9s, Estimated remaining: 4.2s
Validation: 50/150 batches (33.4%)
  - Batch Acc: 46.88%, Running Acc: 61.38%
Validation progress: 50/150 batches (33.3%)
  - Elapsed: 1.9s, Estimated remaining: 3.7s
Validation: 55/150 batches (36.7%)
  - Batch Acc: 14.84%, Running Acc: 61.45%
Validation progress: 55/150 batches (36.7%)
  - Elapsed: 2.0s, Estimated remaining: 3.3s
Validation: 60/150 batches (40.1%)
  - Batch Acc: 8.59%, Running Acc: 58.50%
Validation progress: 60/150 batches (40.0%)
  - Elapsed: 2.0s, Estimated remaining: 2.9s
Validation: 65/150 batches (43.4%)
  - Batch Acc: 0.00%, Running Acc: 56.67%
Validation progress: 65/150 batches (43.3%)
  - Elapsed: 2.0s, Estimated remaining: 2.6s
Validation: 70/150 batches (46.7%)
  - Batch Acc: 69.53%, Running Acc: 57.40%
Validation progress: 70/150 batches (46.7%)
  - Elapsed: 2.1s, Estimated remaining: 2.3s
Validation: 75/150 batches (50.1%)
  - Batch Acc: 61.72%, Running Acc: 56.30%
Validation progress: 75/150 batches (50.0%)
  - Elapsed: 2.1s, Estimated remaining: 2.1s
Validation: 80/150 batches (53.4%)
  - Batch Acc: 83.59%, Running Acc: 56.39%
Validation progress: 80/150 batches (53.3%)
  - Elapsed: 2.2s, Estimated remaining: 1.8s
Validation: 85/150 batches (56.8%)
  - Batch Acc: 57.81%, Running Acc: 56.08%
Validation progress: 85/150 batches (56.7%)
  - Elapsed: 2.2s, Estimated remaining: 1.6s
Validation: 90/150 batches (60.1%)
  - Batch Acc: 46.09%, Running Acc: 56.96%
Validation progress: 90/150 batches (60.0%)
  - Elapsed: 2.2s, Estimated remaining: 1.5s
Validation: 95/150 batches (63.4%)
  - Batch Acc: 87.50%, Running Acc: 58.85%
Validation progress: 95/150 batches (63.3%)
  - Elapsed: 2.3s, Estimated remaining: 1.3s
Validation: 100/150 batches (66.8%)
  - Batch Acc: 40.62%, Running Acc: 58.23%
Validation progress: 100/150 batches (66.7%)
  - Elapsed: 2.3s, Estimated remaining: 1.1s
Validation: 105/150 batches (70.1%)
  - Batch Acc: 67.97%, Running Acc: 58.07%
Validation progress: 105/150 batches (70.0%)
  - Elapsed: 2.4s, Estimated remaining: 1.0s
Validation: 110/150 batches (73.4%)
  - Batch Acc: 57.03%, Running Acc: 57.48%
Validation progress: 110/150 batches (73.3%)
  - Elapsed: 2.4s, Estimated remaining: 0.8s
Validation: 115/150 batches (76.8%)
  - Batch Acc: 43.75%, Running Acc: 56.51%
Validation progress: 115/150 batches (76.7%)
  - Elapsed: 2.5s, Estimated remaining: 0.7s
Validation: 120/150 batches (80.1%)
  - Batch Acc: 41.41%, Running Acc: 56.18%
Validation progress: 120/150 batches (80.0%)
  - Elapsed: 2.5s, Estimated remaining: 0.6s
Validation: 125/150 batches (83.5%)
  - Batch Acc: 75.00%, Running Acc: 56.24%
Validation progress: 125/150 batches (83.3%)
  - Elapsed: 2.5s, Estimated remaining: 0.5s
Validation: 130/150 batches (86.8%)
  - Batch Acc: 67.19%, Running Acc: 55.62%
Validation progress: 130/150 batches (86.7%)
  - Elapsed: 2.6s, Estimated remaining: 0.4s
Validation: 135/150 batches (90.1%)
  - Batch Acc: 10.16%, Running Acc: 54.52%
Validation progress: 135/150 batches (90.0%)
  - Elapsed: 2.6s, Estimated remaining: 0.3s
Validation: 140/150 batches (93.5%)
  - Batch Acc: 85.94%, Running Acc: 54.59%
Validation progress: 140/150 batches (93.3%)
  - Elapsed: 2.7s, Estimated remaining: 0.2s
Validation: 145/150 batches (96.8%)
  - Batch Acc: 14.06%, Running Acc: 54.15%
Validation progress: 145/150 batches (96.7%)
  - Elapsed: 2.7s, Estimated remaining: 0.1s
Validation: 150/150 batches (100.2%)
  - Batch Acc: 11.22%, Running Acc: 54.19%
Validation complete in 3.20s - Loss: 2.6701, Accuracy: 0.5419

==== Epoch 4/100 ====
Starting training phase...
Training on 76609 samples...
Training: 100/599 batches (16.7%)
  - Batch Acc: 99.22%, Running Acc: 99.16%
  - Loss: 0.0196, Grad Norm: 0.1637
  - Learning Rate: 0.001000
Training: 200/599 batches (33.4%)
  - Batch Acc: 98.44%, Running Acc: 99.07%
  - Loss: 0.0199, Grad Norm: 0.2710
  - Learning Rate: 0.001000
Training: 300/599 batches (50.1%)
  - Batch Acc: 99.22%, Running Acc: 99.15%
  - Loss: 0.0287, Grad Norm: 0.3657
  - Learning Rate: 0.001000
Training: 400/599 batches (66.8%)
  - Batch Acc: 100.00%, Running Acc: 99.11%
  - Loss: 0.0102, Grad Norm: 0.1202
  - Learning Rate: 0.001000
Training: 500/599 batches (83.5%)
  - Batch Acc: 99.22%, Running Acc: 99.15%
  - Loss: 0.0140, Grad Norm: 0.1708
  - Learning Rate: 0.001000
Training: 599/599 batches (100.0%)
  - Batch Acc: 100.00%, Running Acc: 99.18%
  - Loss: 0.0063, Grad Norm: 0.1159
  - Learning Rate: 0.001000

Training phase complete
Epoch Summary:
  - Average Loss: 0.0224
  - Average Accuracy: 99.18%
  - Average Grad Norm: 0.2068
  - Final Learning Rate: 0.001000
Starting validation phase...
Starting validation on 19170 samples...
Entering no_grad block for validation
Validation progress: 0/150 batches (0.0%)
  - Elapsed: 1.6s, Estimated remaining: 0.0s
Validation: 5/150 batches (3.3%)
  - Batch Acc: 28.91%, Running Acc: 66.72%
Validation progress: 5/150 batches (3.3%)
  - Elapsed: 1.6s, Estimated remaining: 39.3s
Validation: 10/150 batches (6.7%)
  - Batch Acc: 67.19%, Running Acc: 62.89%
Validation progress: 10/150 batches (6.7%)
  - Elapsed: 1.7s, Estimated remaining: 21.5s
Validation: 15/150 batches (10.0%)
  - Batch Acc: 65.62%, Running Acc: 54.32%
Validation progress: 15/150 batches (10.0%)
  - Elapsed: 1.7s, Estimated remaining: 14.4s
Validation: 20/150 batches (13.4%)
  - Batch Acc: 74.22%, Running Acc: 55.66%
Validation progress: 20/150 batches (13.3%)
  - Elapsed: 1.7s, Estimated remaining: 10.7s
Validation: 25/150 batches (16.7%)
  - Batch Acc: 85.16%, Running Acc: 58.38%
Validation progress: 25/150 batches (16.7%)
  - Elapsed: 1.8s, Estimated remaining: 8.6s
Validation: 30/150 batches (20.0%)
  - Batch Acc: 7.03%, Running Acc: 55.13%
Validation progress: 30/150 batches (20.0%)
  - Elapsed: 1.8s, Estimated remaining: 7.0s
Validation: 35/150 batches (23.4%)
  - Batch Acc: 35.94%, Running Acc: 53.44%
Validation progress: 35/150 batches (23.3%)
  - Elapsed: 1.9s, Estimated remaining: 5.9s
Validation: 40/150 batches (26.7%)
  - Batch Acc: 41.41%, Running Acc: 53.30%
Validation progress: 40/150 batches (26.7%)
  - Elapsed: 1.9s, Estimated remaining: 5.1s
Validation: 45/150 batches (30.0%)
  - Batch Acc: 25.00%, Running Acc: 52.07%
Validation progress: 45/150 batches (30.0%)
  - Elapsed: 1.9s, Estimated remaining: 4.4s
Validation: 50/150 batches (33.4%)
  - Batch Acc: 53.12%, Running Acc: 53.56%
Validation progress: 50/150 batches (33.3%)
  - Elapsed: 2.0s, Estimated remaining: 3.8s
Validation: 55/150 batches (36.7%)
  - Batch Acc: 36.72%, Running Acc: 55.27%
Validation progress: 55/150 batches (36.7%)
  - Elapsed: 2.0s, Estimated remaining: 3.4s
Validation: 60/150 batches (40.1%)
  - Batch Acc: 10.94%, Running Acc: 52.71%
Validation progress: 60/150 batches (40.0%)
  - Elapsed: 2.1s, Estimated remaining: 3.0s
Validation: 65/150 batches (43.4%)
  - Batch Acc: 3.12%, Running Acc: 51.73%
Validation progress: 65/150 batches (43.3%)
  - Elapsed: 2.1s, Estimated remaining: 2.7s
Validation: 70/150 batches (46.7%)
  - Batch Acc: 74.22%, Running Acc: 53.20%
Validation progress: 70/150 batches (46.7%)
  - Elapsed: 2.1s, Estimated remaining: 2.4s
Validation: 75/150 batches (50.1%)
  - Batch Acc: 72.66%, Running Acc: 52.86%
Validation progress: 75/150 batches (50.0%)
  - Elapsed: 2.2s, Estimated remaining: 2.1s
Validation: 80/150 batches (53.4%)
  - Batch Acc: 92.19%, Running Acc: 52.93%
Validation progress: 80/150 batches (53.3%)
  - Elapsed: 2.2s, Estimated remaining: 1.9s
Validation: 85/150 batches (56.8%)
  - Batch Acc: 53.91%, Running Acc: 53.40%
Validation progress: 85/150 batches (56.7%)
  - Elapsed: 2.3s, Estimated remaining: 1.7s
Validation: 90/150 batches (60.1%)
  - Batch Acc: 32.03%, Running Acc: 53.53%
Validation progress: 90/150 batches (60.0%)
  - Elapsed: 2.3s, Estimated remaining: 1.5s
Validation: 95/150 batches (63.4%)
  - Batch Acc: 87.50%, Running Acc: 55.21%
Validation progress: 95/150 batches (63.3%)
  - Elapsed: 2.4s, Estimated remaining: 1.3s
Validation: 100/150 batches (66.8%)
  - Batch Acc: 30.47%, Running Acc: 54.23%
Validation progress: 100/150 batches (66.7%)
  - Elapsed: 2.4s, Estimated remaining: 1.2s
Validation: 105/150 batches (70.1%)
  - Batch Acc: 96.09%, Running Acc: 54.77%
Validation progress: 105/150 batches (70.0%)
  - Elapsed: 2.4s, Estimated remaining: 1.0s
Validation: 110/150 batches (73.4%)
  - Batch Acc: 74.22%, Running Acc: 55.06%
Validation progress: 110/150 batches (73.3%)
  - Elapsed: 2.5s, Estimated remaining: 0.9s
Validation: 115/150 batches (76.8%)
  - Batch Acc: 62.50%, Running Acc: 54.82%
Validation progress: 115/150 batches (76.7%)
  - Elapsed: 2.5s, Estimated remaining: 0.7s
Validation: 120/150 batches (80.1%)
  - Batch Acc: 52.34%, Running Acc: 54.87%
Validation progress: 120/150 batches (80.0%)
  - Elapsed: 2.6s, Estimated remaining: 0.6s
Validation: 125/150 batches (83.5%)
  - Batch Acc: 78.12%, Running Acc: 55.34%
Validation progress: 125/150 batches (83.3%)
  - Elapsed: 2.6s, Estimated remaining: 0.5s
Validation: 130/150 batches (86.8%)
  - Batch Acc: 50.00%, Running Acc: 54.85%
Validation progress: 130/150 batches (86.7%)
  - Elapsed: 2.6s, Estimated remaining: 0.4s
Validation: 135/150 batches (90.1%)
  - Batch Acc: 17.19%, Running Acc: 53.97%
Validation progress: 135/150 batches (90.0%)
  - Elapsed: 2.7s, Estimated remaining: 0.3s
Validation: 140/150 batches (93.5%)
  - Batch Acc: 80.47%, Running Acc: 54.10%
Validation progress: 140/150 batches (93.3%)
  - Elapsed: 2.7s, Estimated remaining: 0.2s
Validation: 145/150 batches (96.8%)
  - Batch Acc: 58.59%, Running Acc: 53.99%
Validation progress: 145/150 batches (96.7%)
  - Elapsed: 2.8s, Estimated remaining: 0.1s
Validation: 150/150 batches (100.2%)
  - Batch Acc: 10.20%, Running Acc: 54.01%
Validation complete in 3.22s - Loss: 2.6059, Accuracy: 0.5401

==== Epoch 5/100 ====
Starting training phase...
Training on 76609 samples...
Training: 100/599 batches (16.7%)
  - Batch Acc: 99.22%, Running Acc: 99.37%
  - Loss: 0.0106, Grad Norm: 0.1485
  - Learning Rate: 0.001000
Training: 200/599 batches (33.4%)
  - Batch Acc: 100.00%, Running Acc: 99.29%
  - Loss: 0.0082, Grad Norm: 0.1005
  - Learning Rate: 0.001000
Training: 300/599 batches (50.1%)
  - Batch Acc: 100.00%, Running Acc: 99.32%
  - Loss: 0.0031, Grad Norm: 0.0257
  - Learning Rate: 0.001000
Training: 400/599 batches (66.8%)
  - Batch Acc: 98.44%, Running Acc: 99.32%
  - Loss: 0.0663, Grad Norm: 0.4886
  - Learning Rate: 0.001000
Training: 500/599 batches (83.5%)
  - Batch Acc: 100.00%, Running Acc: 99.34%
  - Loss: 0.0038, Grad Norm: 0.0368
  - Learning Rate: 0.001000
Training: 599/599 batches (100.0%)
  - Batch Acc: 95.38%, Running Acc: 99.31%
  - Loss: 0.1329, Grad Norm: 0.7677
  - Learning Rate: 0.001000

Training phase complete
Epoch Summary:
  - Average Loss: 0.0199
  - Average Accuracy: 99.31%
  - Average Grad Norm: 0.1864
  - Final Learning Rate: 0.001000
Starting validation phase...
Starting validation on 19170 samples...
Entering no_grad block for validation
Validation progress: 0/150 batches (0.0%)
  - Elapsed: 1.5s, Estimated remaining: 0.0s
Validation: 5/150 batches (3.3%)
  - Batch Acc: 20.31%, Running Acc: 67.19%
Validation progress: 5/150 batches (3.3%)
  - Elapsed: 1.5s, Estimated remaining: 37.2s
Validation: 10/150 batches (6.7%)
  - Batch Acc: 45.31%, Running Acc: 65.55%
Validation progress: 10/150 batches (6.7%)
  - Elapsed: 1.6s, Estimated remaining: 20.4s
Validation: 15/150 batches (10.0%)
  - Batch Acc: 75.78%, Running Acc: 56.93%
Validation progress: 15/150 batches (10.0%)
  - Elapsed: 1.6s, Estimated remaining: 13.6s
Validation: 20/150 batches (13.4%)
  - Batch Acc: 57.03%, Running Acc: 57.27%
Validation progress: 20/150 batches (13.3%)
  - Elapsed: 1.7s, Estimated remaining: 10.2s
Validation: 25/150 batches (16.7%)
  - Batch Acc: 69.53%, Running Acc: 56.91%
Validation progress: 25/150 batches (16.7%)
  - Elapsed: 1.7s, Estimated remaining: 8.1s
Validation: 30/150 batches (20.0%)
  - Batch Acc: 0.00%, Running Acc: 54.27%
Validation progress: 30/150 batches (20.0%)
  - Elapsed: 1.7s, Estimated remaining: 6.7s
Validation: 35/150 batches (23.4%)
  - Batch Acc: 25.00%, Running Acc: 51.50%
Validation progress: 35/150 batches (23.3%)
  - Elapsed: 1.8s, Estimated remaining: 5.6s
Validation: 40/150 batches (26.7%)
  - Batch Acc: 33.59%, Running Acc: 50.37%
Validation progress: 40/150 batches (26.7%)
  - Elapsed: 1.8s, Estimated remaining: 4.8s
Validation: 45/150 batches (30.0%)
  - Batch Acc: 7.81%, Running Acc: 48.00%
Validation progress: 45/150 batches (30.0%)
  - Elapsed: 1.9s, Estimated remaining: 4.2s
Validation: 50/150 batches (33.4%)
  - Batch Acc: 53.12%, Running Acc: 48.31%
Validation progress: 50/150 batches (33.3%)
  - Elapsed: 1.9s, Estimated remaining: 3.6s
Validation: 55/150 batches (36.7%)
  - Batch Acc: 64.84%, Running Acc: 51.08%
Validation progress: 55/150 batches (36.7%)
  - Elapsed: 1.9s, Estimated remaining: 3.2s
Validation: 60/150 batches (40.1%)
  - Batch Acc: 26.56%, Running Acc: 49.87%
Validation progress: 60/150 batches (40.0%)
  - Elapsed: 2.0s, Estimated remaining: 2.9s
Validation: 65/150 batches (43.4%)
  - Batch Acc: 0.00%, Running Acc: 50.04%
Validation progress: 65/150 batches (43.3%)
  - Elapsed: 2.0s, Estimated remaining: 2.5s
Validation: 70/150 batches (46.7%)
  - Batch Acc: 70.31%, Running Acc: 51.71%
Validation progress: 70/150 batches (46.7%)
  - Elapsed: 2.0s, Estimated remaining: 2.3s
Validation: 75/150 batches (50.1%)
  - Batch Acc: 75.00%, Running Acc: 51.49%
Validation progress: 75/150 batches (50.0%)
  - Elapsed: 2.1s, Estimated remaining: 2.0s
Validation: 80/150 batches (53.4%)
  - Batch Acc: 88.28%, Running Acc: 51.83%
Validation progress: 80/150 batches (53.3%)
  - Elapsed: 2.1s, Estimated remaining: 1.8s
Validation: 85/150 batches (56.8%)
  - Batch Acc: 57.81%, Running Acc: 53.47%
Validation progress: 85/150 batches (56.7%)
  - Elapsed: 2.2s, Estimated remaining: 1.6s
Validation: 90/150 batches (60.1%)
  - Batch Acc: 30.47%, Running Acc: 53.94%
Validation progress: 90/150 batches (60.0%)
  - Elapsed: 2.2s, Estimated remaining: 1.4s
Validation: 95/150 batches (63.4%)
  - Batch Acc: 78.91%, Running Acc: 55.82%
Validation progress: 95/150 batches (63.3%)
  - Elapsed: 2.2s, Estimated remaining: 1.3s
Validation: 100/150 batches (66.8%)
  - Batch Acc: 14.84%, Running Acc: 54.84%
Validation progress: 100/150 batches (66.7%)
  - Elapsed: 2.3s, Estimated remaining: 1.1s
Validation: 105/150 batches (70.1%)
  - Batch Acc: 96.09%, Running Acc: 55.45%
Validation progress: 105/150 batches (70.0%)
  - Elapsed: 2.3s, Estimated remaining: 1.0s
Validation: 110/150 batches (73.4%)
  - Batch Acc: 79.69%, Running Acc: 55.47%
Validation progress: 110/150 batches (73.3%)
  - Elapsed: 2.4s, Estimated remaining: 0.8s
Validation: 115/150 batches (76.8%)
  - Batch Acc: 41.41%, Running Acc: 54.74%
Validation progress: 115/150 batches (76.7%)
  - Elapsed: 2.4s, Estimated remaining: 0.7s
Validation: 120/150 batches (80.1%)
  - Batch Acc: 23.44%, Running Acc: 54.21%
Validation progress: 120/150 batches (80.0%)
  - Elapsed: 2.5s, Estimated remaining: 0.6s
Validation: 125/150 batches (83.5%)
  - Batch Acc: 76.56%, Running Acc: 54.32%
Validation progress: 125/150 batches (83.3%)
  - Elapsed: 2.5s, Estimated remaining: 0.5s
Validation: 130/150 batches (86.8%)
  - Batch Acc: 48.44%, Running Acc: 53.79%
Validation progress: 130/150 batches (86.7%)
  - Elapsed: 2.6s, Estimated remaining: 0.4s
Validation: 135/150 batches (90.1%)
  - Batch Acc: 72.66%, Running Acc: 53.71%
Validation progress: 135/150 batches (90.0%)
  - Elapsed: 2.6s, Estimated remaining: 0.3s
Validation: 140/150 batches (93.5%)
  - Batch Acc: 77.34%, Running Acc: 53.95%
Validation progress: 140/150 batches (93.3%)
  - Elapsed: 2.6s, Estimated remaining: 0.2s
Validation: 145/150 batches (96.8%)
  - Batch Acc: 61.72%, Running Acc: 53.69%
Validation progress: 145/150 batches (96.7%)
  - Elapsed: 2.7s, Estimated remaining: 0.1s
Validation: 150/150 batches (100.2%)
  - Batch Acc: 1.02%, Running Acc: 53.29%
Validation complete in 3.14s - Loss: 2.8607, Accuracy: 0.5329

==== Epoch 6/100 ====
Starting training phase...
Training on 76609 samples...
Training: 100/599 batches (16.7%)
  - Batch Acc: 100.00%, Running Acc: 99.46%
  - Loss: 0.0052, Grad Norm: 0.0524
  - Learning Rate: 0.001000
Training: 200/599 batches (33.4%)
  - Batch Acc: 96.88%, Running Acc: 99.38%
  - Loss: 0.0698, Grad Norm: 0.5413
  - Learning Rate: 0.001000
Training: 300/599 batches (50.1%)
  - Batch Acc: 98.44%, Running Acc: 99.29%
  - Loss: 0.0342, Grad Norm: 0.2899
  - Learning Rate: 0.001000
Training: 400/599 batches (66.8%)
  - Batch Acc: 100.00%, Running Acc: 99.32%
  - Loss: 0.0030, Grad Norm: 0.0275
  - Learning Rate: 0.001000
Training: 500/599 batches (83.5%)
  - Batch Acc: 99.22%, Running Acc: 99.33%
  - Loss: 0.0158, Grad Norm: 0.1583
  - Learning Rate: 0.001000
Training: 599/599 batches (100.0%)
  - Batch Acc: 98.46%, Running Acc: 99.31%
  - Loss: 0.0243, Grad Norm: 0.2822
  - Learning Rate: 0.001000

Training phase complete
Epoch Summary:
  - Average Loss: 0.0201
  - Average Accuracy: 99.31%
  - Average Grad Norm: 0.1768
  - Final Learning Rate: 0.001000
Starting validation phase...
Starting validation on 19170 samples...
Entering no_grad block for validation
Validation progress: 0/150 batches (0.0%)
  - Elapsed: 1.5s, Estimated remaining: 0.0s
Validation: 5/150 batches (3.3%)
  - Batch Acc: 10.94%, Running Acc: 37.34%
Validation progress: 5/150 batches (3.3%)
  - Elapsed: 1.5s, Estimated remaining: 36.6s
Validation: 10/150 batches (6.7%)
  - Batch Acc: 100.00%, Running Acc: 57.58%
Validation progress: 10/150 batches (6.7%)
  - Elapsed: 1.6s, Estimated remaining: 19.8s
Validation: 15/150 batches (10.0%)
  - Batch Acc: 26.56%, Running Acc: 55.99%
Validation progress: 15/150 batches (10.0%)
  - Elapsed: 1.6s, Estimated remaining: 13.4s
Validation: 20/150 batches (13.4%)
  - Batch Acc: 38.28%, Running Acc: 54.06%
Validation progress: 20/150 batches (13.3%)
  - Elapsed: 1.6s, Estimated remaining: 10.0s
Validation: 25/150 batches (16.7%)
  - Batch Acc: 52.34%, Running Acc: 56.62%
Validation progress: 25/150 batches (16.7%)
  - Elapsed: 1.7s, Estimated remaining: 7.9s
Validation: 30/150 batches (20.0%)
  - Batch Acc: 84.38%, Running Acc: 55.49%
Validation progress: 30/150 batches (20.0%)
  - Elapsed: 1.7s, Estimated remaining: 6.6s
Validation: 35/150 batches (23.4%)
  - Batch Acc: 31.25%, Running Acc: 52.43%
Validation progress: 35/150 batches (23.3%)
  - Elapsed: 1.7s, Estimated remaining: 5.5s
Validation: 40/150 batches (26.7%)
  - Batch Acc: 11.72%, Running Acc: 49.22%
Validation progress: 40/150 batches (26.7%)
  - Elapsed: 1.8s, Estimated remaining: 4.7s
Validation: 45/150 batches (30.0%)
  - Batch Acc: 25.00%, Running Acc: 48.75%
Validation progress: 45/150 batches (30.0%)
  - Elapsed: 1.8s, Estimated remaining: 4.1s
Validation: 50/150 batches (33.4%)
  - Batch Acc: 51.56%, Running Acc: 48.80%
Validation progress: 50/150 batches (33.3%)
  - Elapsed: 1.9s, Estimated remaining: 3.6s
Validation: 55/150 batches (36.7%)
  - Batch Acc: 51.56%, Running Acc: 51.86%
Validation progress: 55/150 batches (36.7%)
  - Elapsed: 1.9s, Estimated remaining: 3.2s
Validation: 60/150 batches (40.1%)
  - Batch Acc: 35.94%, Running Acc: 52.76%
Validation progress: 60/150 batches (40.0%)
  - Elapsed: 1.9s, Estimated remaining: 2.8s
Validation: 65/150 batches (43.4%)
  - Batch Acc: 29.69%, Running Acc: 53.09%
Validation progress: 65/150 batches (43.3%)
  - Elapsed: 2.0s, Estimated remaining: 2.5s
Validation: 70/150 batches (46.7%)
  - Batch Acc: 90.62%, Running Acc: 55.38%
Validation progress: 70/150 batches (46.7%)
  - Elapsed: 2.0s, Estimated remaining: 2.3s
Validation: 75/150 batches (50.1%)
  - Batch Acc: 75.78%, Running Acc: 55.17%
Validation progress: 75/150 batches (50.0%)
  - Elapsed: 2.1s, Estimated remaining: 2.0s
Validation: 80/150 batches (53.4%)
  - Batch Acc: 82.03%, Running Acc: 54.92%
Validation progress: 80/150 batches (53.3%)
  - Elapsed: 2.1s, Estimated remaining: 1.8s
Validation: 85/150 batches (56.8%)
  - Batch Acc: 72.66%, Running Acc: 56.43%
Validation progress: 85/150 batches (56.7%)
  - Elapsed: 2.2s, Estimated remaining: 1.6s
Validation: 90/150 batches (60.1%)
  - Batch Acc: 10.16%, Running Acc: 55.47%
Validation progress: 90/150 batches (60.0%)
  - Elapsed: 2.2s, Estimated remaining: 1.4s
Validation: 95/150 batches (63.4%)
  - Batch Acc: 63.28%, Running Acc: 55.56%
Validation progress: 95/150 batches (63.3%)
  - Elapsed: 2.2s, Estimated remaining: 1.3s
Validation: 100/150 batches (66.8%)
  - Batch Acc: 5.47%, Running Acc: 53.98%
Validation progress: 100/150 batches (66.7%)
  - Elapsed: 2.3s, Estimated remaining: 1.1s
Validation: 105/150 batches (70.1%)
  - Batch Acc: 97.66%, Running Acc: 54.96%
Validation progress: 105/150 batches (70.0%)
  - Elapsed: 2.3s, Estimated remaining: 1.0s
Validation: 110/150 batches (73.4%)
  - Batch Acc: 100.00%, Running Acc: 56.24%
Validation progress: 110/150 batches (73.3%)
  - Elapsed: 2.4s, Estimated remaining: 0.8s
Validation: 115/150 batches (76.8%)
  - Batch Acc: 79.69%, Running Acc: 57.32%
Validation progress: 115/150 batches (76.7%)
  - Elapsed: 2.4s, Estimated remaining: 0.7s
Validation: 120/150 batches (80.1%)
  - Batch Acc: 64.06%, Running Acc: 57.71%
Validation progress: 120/150 batches (80.0%)
  - Elapsed: 2.4s, Estimated remaining: 0.6s
Validation: 125/150 batches (83.5%)
  - Batch Acc: 89.84%, Running Acc: 58.99%
Validation progress: 125/150 batches (83.3%)
  - Elapsed: 2.5s, Estimated remaining: 0.5s
Validation: 130/150 batches (86.8%)
  - Batch Acc: 3.91%, Running Acc: 58.70%
Validation progress: 130/150 batches (86.7%)
  - Elapsed: 2.5s, Estimated remaining: 0.4s
Validation: 135/150 batches (90.1%)
  - Batch Acc: 57.03%, Running Acc: 58.37%
Validation progress: 135/150 batches (90.0%)
  - Elapsed: 2.6s, Estimated remaining: 0.3s
Validation: 140/150 batches (93.5%)
  - Batch Acc: 49.22%, Running Acc: 58.18%
Validation progress: 140/150 batches (93.3%)
  - Elapsed: 2.6s, Estimated remaining: 0.2s
Validation: 145/150 batches (96.8%)
  - Batch Acc: 57.03%, Running Acc: 58.04%
Validation progress: 145/150 batches (96.7%)
  - Elapsed: 2.6s, Estimated remaining: 0.1s
Validation: 150/150 batches (100.2%)
  - Batch Acc: 86.73%, Running Acc: 58.33%
Validation complete in 3.12s - Loss: 2.3073, Accuracy: 0.5833

==== Epoch 7/100 ====
Starting training phase...
Training on 76609 samples...
Training: 100/599 batches (16.7%)
  - Batch Acc: 100.00%, Running Acc: 99.09%
  - Loss: 0.0045, Grad Norm: 0.0323
  - Learning Rate: 0.001000
Training: 200/599 batches (33.4%)
  - Batch Acc: 100.00%, Running Acc: 99.29%
  - Loss: 0.0039, Grad Norm: 0.0463
  - Learning Rate: 0.001000
Training: 300/599 batches (50.1%)
  - Batch Acc: 99.22%, Running Acc: 99.37%
  - Loss: 0.0090, Grad Norm: 0.1384
  - Learning Rate: 0.001000
Training: 400/599 batches (66.8%)
  - Batch Acc: 100.00%, Running Acc: 99.42%
  - Loss: 0.0034, Grad Norm: 0.0335
  - Learning Rate: 0.001000
Training: 500/599 batches (83.5%)
  - Batch Acc: 100.00%, Running Acc: 99.39%
  - Loss: 0.0089, Grad Norm: 0.0789
  - Learning Rate: 0.001000
Training: 599/599 batches (100.0%)
  - Batch Acc: 100.00%, Running Acc: 99.37%
  - Loss: 0.0078, Grad Norm: 0.0594
  - Learning Rate: 0.001000

Training phase complete
Epoch Summary:
  - Average Loss: 0.0178
  - Average Accuracy: 99.37%
  - Average Grad Norm: 0.1519
  - Final Learning Rate: 0.001000
Starting validation phase...
Starting validation on 19170 samples...
Entering no_grad block for validation
Validation progress: 0/150 batches (0.0%)
  - Elapsed: 2.0s, Estimated remaining: 0.0s
Validation: 5/150 batches (3.3%)
  - Batch Acc: 11.72%, Running Acc: 27.34%
Validation progress: 5/150 batches (3.3%)
  - Elapsed: 2.0s, Estimated remaining: 47.7s
Validation: 10/150 batches (6.7%)
  - Batch Acc: 100.00%, Running Acc: 51.02%
Validation progress: 10/150 batches (6.7%)
  - Elapsed: 2.0s, Estimated remaining: 25.8s
Validation: 15/150 batches (10.0%)
  - Batch Acc: 26.56%, Running Acc: 50.73%
Validation progress: 15/150 batches (10.0%)
  - Elapsed: 2.1s, Estimated remaining: 17.3s
Validation: 20/150 batches (13.4%)
  - Batch Acc: 54.69%, Running Acc: 49.30%
Validation progress: 20/150 batches (13.3%)
  - Elapsed: 2.1s, Estimated remaining: 12.9s
Validation: 25/150 batches (16.7%)
  - Batch Acc: 59.38%, Running Acc: 52.56%
Validation progress: 25/150 batches (16.7%)
  - Elapsed: 2.1s, Estimated remaining: 10.2s
Validation: 30/150 batches (20.0%)
  - Batch Acc: 82.81%, Running Acc: 51.20%
Validation progress: 30/150 batches (20.0%)
  - Elapsed: 2.2s, Estimated remaining: 8.4s
Validation: 35/150 batches (23.4%)
  - Batch Acc: 10.16%, Running Acc: 47.01%
Validation progress: 35/150 batches (23.3%)
  - Elapsed: 2.2s, Estimated remaining: 7.1s
Validation: 40/150 batches (26.7%)
  - Batch Acc: 1.56%, Running Acc: 41.70%
Validation progress: 40/150 batches (26.7%)
  - Elapsed: 2.3s, Estimated remaining: 6.0s
Validation: 45/150 batches (30.0%)
  - Batch Acc: 15.62%, Running Acc: 39.65%
Validation progress: 45/150 batches (30.0%)
  - Elapsed: 2.3s, Estimated remaining: 5.2s
Validation: 50/150 batches (33.4%)
  - Batch Acc: 70.31%, Running Acc: 40.56%
Validation progress: 50/150 batches (33.3%)
  - Elapsed: 2.4s, Estimated remaining: 4.6s
Validation: 55/150 batches (36.7%)
  - Batch Acc: 91.41%, Running Acc: 45.24%
Validation progress: 55/150 batches (36.7%)
  - Elapsed: 2.4s, Estimated remaining: 4.0s
Validation: 60/150 batches (40.1%)
  - Batch Acc: 29.69%, Running Acc: 46.95%
Validation progress: 60/150 batches (40.0%)
  - Elapsed: 2.4s, Estimated remaining: 3.6s
Validation: 65/150 batches (43.4%)
  - Batch Acc: 35.94%, Running Acc: 48.97%
Validation progress: 65/150 batches (43.3%)
  - Elapsed: 2.5s, Estimated remaining: 3.2s
Validation: 70/150 batches (46.7%)
  - Batch Acc: 99.22%, Running Acc: 51.91%
Validation progress: 70/150 batches (46.7%)
  - Elapsed: 2.5s, Estimated remaining: 2.8s
Validation: 75/150 batches (50.1%)
  - Batch Acc: 73.44%, Running Acc: 52.46%
Validation progress: 75/150 batches (50.0%)
  - Elapsed: 2.6s, Estimated remaining: 2.5s
Validation: 80/150 batches (53.4%)
  - Batch Acc: 100.00%, Running Acc: 52.13%
Validation progress: 80/150 batches (53.3%)
  - Elapsed: 2.6s, Estimated remaining: 2.2s
Validation: 85/150 batches (56.8%)
  - Batch Acc: 72.66%, Running Acc: 54.41%
Validation progress: 85/150 batches (56.7%)
  - Elapsed: 2.6s, Estimated remaining: 2.0s
Validation: 90/150 batches (60.1%)
  - Batch Acc: 7.03%, Running Acc: 52.32%
Validation progress: 90/150 batches (60.0%)
  - Elapsed: 2.7s, Estimated remaining: 1.7s
Validation: 95/150 batches (63.4%)
  - Batch Acc: 60.16%, Running Acc: 52.21%
Validation progress: 95/150 batches (63.3%)
  - Elapsed: 2.7s, Estimated remaining: 1.5s
Validation: 100/150 batches (66.8%)
  - Batch Acc: 7.81%, Running Acc: 50.62%
Validation progress: 100/150 batches (66.7%)
  - Elapsed: 2.8s, Estimated remaining: 1.3s
Validation: 105/150 batches (70.1%)
  - Batch Acc: 100.00%, Running Acc: 52.31%
Validation progress: 105/150 batches (70.0%)
  - Elapsed: 2.8s, Estimated remaining: 1.2s
Validation: 110/150 batches (73.4%)
  - Batch Acc: 100.00%, Running Acc: 53.76%
Validation progress: 110/150 batches (73.3%)
  - Elapsed: 2.9s, Estimated remaining: 1.0s
Validation: 115/150 batches (76.8%)
  - Batch Acc: 81.25%, Running Acc: 55.24%
Validation progress: 115/150 batches (76.7%)
  - Elapsed: 2.9s, Estimated remaining: 0.9s
Validation: 120/150 batches (80.1%)
  - Batch Acc: 67.97%, Running Acc: 55.92%
Validation progress: 120/150 batches (80.0%)
  - Elapsed: 2.9s, Estimated remaining: 0.7s
Validation: 125/150 batches (83.5%)
  - Batch Acc: 95.31%, Running Acc: 57.49%
Validation progress: 125/150 batches (83.3%)
  - Elapsed: 3.0s, Estimated remaining: 0.6s
Validation: 130/150 batches (86.8%)
  - Batch Acc: 21.09%, Running Acc: 57.52%
Validation progress: 130/150 batches (86.7%)
  - Elapsed: 3.0s, Estimated remaining: 0.4s
Validation: 135/150 batches (90.1%)
  - Batch Acc: 82.81%, Running Acc: 57.77%
Validation progress: 135/150 batches (90.0%)
  - Elapsed: 3.1s, Estimated remaining: 0.3s
Validation: 140/150 batches (93.5%)
  - Batch Acc: 38.28%, Running Acc: 57.52%
Validation progress: 140/150 batches (93.3%)
  - Elapsed: 3.1s, Estimated remaining: 0.2s
Validation: 145/150 batches (96.8%)
  - Batch Acc: 67.97%, Running Acc: 57.58%
Validation progress: 145/150 batches (96.7%)
  - Elapsed: 3.1s, Estimated remaining: 0.1s
Validation: 150/150 batches (100.2%)
  - Batch Acc: 78.57%, Running Acc: 57.64%
Validation complete in 3.63s - Loss: 2.5928, Accuracy: 0.5764

==== Epoch 8/100 ====
Starting training phase...
Training on 76609 samples...
Training: 100/599 batches (16.7%)
  - Batch Acc: 99.22%, Running Acc: 99.17%
  - Loss: 0.0138, Grad Norm: 0.1594
  - Learning Rate: 0.001000
Training: 200/599 batches (33.4%)
  - Batch Acc: 100.00%, Running Acc: 99.34%
  - Loss: 0.0015, Grad Norm: 0.0206
  - Learning Rate: 0.001000
Training: 300/599 batches (50.1%)
  - Batch Acc: 99.22%, Running Acc: 99.48%
  - Loss: 0.0154, Grad Norm: 0.2265
  - Learning Rate: 0.001000
Training: 400/599 batches (66.8%)
  - Batch Acc: 100.00%, Running Acc: 99.50%
  - Loss: 0.0074, Grad Norm: 0.0636
  - Learning Rate: 0.001000
Training: 500/599 batches (83.5%)
  - Batch Acc: 100.00%, Running Acc: 99.51%
  - Loss: 0.0006, Grad Norm: 0.0058
  - Learning Rate: 0.001000
Training: 599/599 batches (100.0%)
  - Batch Acc: 98.46%, Running Acc: 99.50%
  - Loss: 0.0298, Grad Norm: 0.3183
  - Learning Rate: 0.001000

Training phase complete
Epoch Summary:
  - Average Loss: 0.0142
  - Average Accuracy: 99.50%
  - Average Grad Norm: 0.1249
  - Final Learning Rate: 0.001000
Starting validation phase...
Starting validation on 19170 samples...
Entering no_grad block for validation
Validation progress: 0/150 batches (0.0%)
  - Elapsed: 1.7s, Estimated remaining: 0.0s
Validation: 5/150 batches (3.3%)
  - Batch Acc: 5.47%, Running Acc: 30.94%
Validation progress: 5/150 batches (3.3%)
  - Elapsed: 1.7s, Estimated remaining: 41.7s
Validation: 10/150 batches (6.7%)
  - Batch Acc: 100.00%, Running Acc: 50.47%
Validation progress: 10/150 batches (6.7%)
  - Elapsed: 1.8s, Estimated remaining: 22.9s
Validation: 15/150 batches (10.0%)
  - Batch Acc: 30.47%, Running Acc: 52.14%
Validation progress: 15/150 batches (10.0%)
  - Elapsed: 1.8s, Estimated remaining: 15.3s
Validation: 20/150 batches (13.4%)
  - Batch Acc: 53.12%, Running Acc: 51.60%
Validation progress: 20/150 batches (13.3%)
  - Elapsed: 1.9s, Estimated remaining: 11.4s
Validation: 25/150 batches (16.7%)
  - Batch Acc: 61.72%, Running Acc: 54.41%
Validation progress: 25/150 batches (16.7%)
  - Elapsed: 1.9s, Estimated remaining: 9.1s
Validation: 30/150 batches (20.0%)
  - Batch Acc: 89.84%, Running Acc: 53.20%
Validation progress: 30/150 batches (20.0%)
  - Elapsed: 2.0s, Estimated remaining: 7.5s
Validation: 35/150 batches (23.4%)
  - Batch Acc: 22.66%, Running Acc: 50.51%
Validation progress: 35/150 batches (23.3%)
  - Elapsed: 2.0s, Estimated remaining: 6.3s
Validation: 40/150 batches (26.7%)
  - Batch Acc: 10.94%, Running Acc: 46.52%
Validation progress: 40/150 batches (26.7%)
  - Elapsed: 2.0s, Estimated remaining: 5.4s
Validation: 45/150 batches (30.0%)
  - Batch Acc: 19.53%, Running Acc: 45.83%
Validation progress: 45/150 batches (30.0%)
  - Elapsed: 2.1s, Estimated remaining: 4.7s
Validation: 50/150 batches (33.4%)
  - Batch Acc: 66.41%, Running Acc: 46.86%
Validation progress: 50/150 batches (33.3%)
  - Elapsed: 2.1s, Estimated remaining: 4.1s
Validation: 55/150 batches (36.7%)
  - Batch Acc: 78.91%, Running Acc: 50.41%
Validation progress: 55/150 batches (36.7%)
  - Elapsed: 2.2s, Estimated remaining: 3.6s
Validation: 60/150 batches (40.1%)
  - Batch Acc: 35.94%, Running Acc: 51.76%
Validation progress: 60/150 batches (40.0%)
  - Elapsed: 2.2s, Estimated remaining: 3.2s
Validation: 65/150 batches (43.4%)
  - Batch Acc: 30.47%, Running Acc: 52.82%
Validation progress: 65/150 batches (43.3%)
  - Elapsed: 2.2s, Estimated remaining: 2.9s
Validation: 70/150 batches (46.7%)
  - Batch Acc: 89.06%, Running Acc: 55.15%
Validation progress: 70/150 batches (46.7%)
  - Elapsed: 2.3s, Estimated remaining: 2.6s
Validation: 75/150 batches (50.1%)
  - Batch Acc: 79.69%, Running Acc: 54.80%
Validation progress: 75/150 batches (50.0%)
  - Elapsed: 2.3s, Estimated remaining: 2.3s
Validation: 80/150 batches (53.4%)
  - Batch Acc: 97.66%, Running Acc: 54.57%
Validation progress: 80/150 batches (53.3%)
  - Elapsed: 2.4s, Estimated remaining: 2.0s
Validation: 85/150 batches (56.8%)
  - Batch Acc: 81.25%, Running Acc: 56.33%
Validation progress: 85/150 batches (56.7%)
  - Elapsed: 2.4s, Estimated remaining: 1.8s
Validation: 90/150 batches (60.1%)
  - Batch Acc: 15.62%, Running Acc: 54.86%
Validation progress: 90/150 batches (60.0%)
  - Elapsed: 2.5s, Estimated remaining: 1.6s
Validation: 95/150 batches (63.4%)
  - Batch Acc: 71.88%, Running Acc: 55.11%
Validation progress: 95/150 batches (63.3%)
  - Elapsed: 2.5s, Estimated remaining: 1.4s
Validation: 100/150 batches (66.8%)
  - Batch Acc: 12.50%, Running Acc: 53.47%
Validation progress: 100/150 batches (66.7%)
  - Elapsed: 2.6s, Estimated remaining: 1.2s
Validation: 105/150 batches (70.1%)
  - Batch Acc: 100.00%, Running Acc: 54.64%
Validation progress: 105/150 batches (70.0%)
  - Elapsed: 2.6s, Estimated remaining: 1.1s
Validation: 110/150 batches (73.4%)
  - Batch Acc: 100.00%, Running Acc: 56.06%
Validation progress: 110/150 batches (73.3%)
  - Elapsed: 2.6s, Estimated remaining: 0.9s
Validation: 115/150 batches (76.8%)
  - Batch Acc: 71.09%, Running Acc: 57.13%
Validation progress: 115/150 batches (76.7%)
  - Elapsed: 2.7s, Estimated remaining: 0.8s
Validation: 120/150 batches (80.1%)
  - Batch Acc: 67.19%, Running Acc: 57.83%
Validation progress: 120/150 batches (80.0%)
  - Elapsed: 2.7s, Estimated remaining: 0.7s
Validation: 125/150 batches (83.5%)
  - Batch Acc: 100.00%, Running Acc: 59.17%
Validation progress: 125/150 batches (83.3%)
  - Elapsed: 2.8s, Estimated remaining: 0.5s
Validation: 130/150 batches (86.8%)
  - Batch Acc: 23.44%, Running Acc: 59.16%
Validation progress: 130/150 batches (86.7%)
  - Elapsed: 2.8s, Estimated remaining: 0.4s
Validation: 135/150 batches (90.1%)
  - Batch Acc: 32.03%, Running Acc: 59.00%
Validation progress: 135/150 batches (90.0%)
  - Elapsed: 2.9s, Estimated remaining: 0.3s
Validation: 140/150 batches (93.5%)
  - Batch Acc: 54.69%, Running Acc: 58.74%
Validation progress: 140/150 batches (93.3%)
  - Elapsed: 2.9s, Estimated remaining: 0.2s
Validation: 145/150 batches (96.8%)
  - Batch Acc: 60.94%, Running Acc: 58.44%
Validation progress: 145/150 batches (96.7%)
  - Elapsed: 2.9s, Estimated remaining: 0.1s
Validation: 150/150 batches (100.2%)
  - Batch Acc: 98.98%, Running Acc: 58.56%
Validation complete in 3.40s - Loss: 2.6036, Accuracy: 0.5856

==== Epoch 9/100 ====
Starting training phase...
Training on 76609 samples...
Training: 100/599 batches (16.7%)
  - Batch Acc: 99.22%, Running Acc: 99.29%
  - Loss: 0.0132, Grad Norm: 0.1806
  - Learning Rate: 0.001000
Training: 200/599 batches (33.4%)
  - Batch Acc: 99.22%, Running Acc: 99.38%
  - Loss: 0.0074, Grad Norm: 0.1616
  - Learning Rate: 0.001000
Training: 300/599 batches (50.1%)
  - Batch Acc: 99.22%, Running Acc: 99.41%
  - Loss: 0.0291, Grad Norm: 0.1883
  - Learning Rate: 0.001000
Training: 400/599 batches (66.8%)
  - Batch Acc: 99.22%, Running Acc: 99.46%
  - Loss: 0.0126, Grad Norm: 0.1161
  - Learning Rate: 0.001000
Training: 500/599 batches (83.5%)
  - Batch Acc: 99.22%, Running Acc: 99.50%
  - Loss: 0.0199, Grad Norm: 0.2757
  - Learning Rate: 0.001000
Training: 599/599 batches (100.0%)
  - Batch Acc: 100.00%, Running Acc: 99.51%
  - Loss: 0.0082, Grad Norm: 0.1328
  - Learning Rate: 0.001000

Training phase complete
Epoch Summary:
  - Average Loss: 0.0136
  - Average Accuracy: 99.51%
  - Average Grad Norm: 0.1163
  - Final Learning Rate: 0.001000
Starting validation phase...
Starting validation on 19170 samples...
Entering no_grad block for validation
Validation progress: 0/150 batches (0.0%)
  - Elapsed: 2.0s, Estimated remaining: 0.0s
Validation: 5/150 batches (3.3%)
  - Batch Acc: 12.50%, Running Acc: 46.72%
Validation progress: 5/150 batches (3.3%)
  - Elapsed: 2.1s, Estimated remaining: 49.8s
Validation: 10/150 batches (6.7%)
  - Batch Acc: 100.00%, Running Acc: 61.95%
Validation progress: 10/150 batches (6.7%)
  - Elapsed: 2.1s, Estimated remaining: 26.9s
Validation: 15/150 batches (10.0%)
  - Batch Acc: 49.22%, Running Acc: 56.51%
Validation progress: 15/150 batches (10.0%)
  - Elapsed: 2.1s, Estimated remaining: 18.0s
Validation: 20/150 batches (13.4%)
  - Batch Acc: 63.28%, Running Acc: 56.88%
Validation progress: 20/150 batches (13.3%)
  - Elapsed: 2.2s, Estimated remaining: 13.4s
Validation: 25/150 batches (16.7%)
  - Batch Acc: 48.44%, Running Acc: 56.69%
Validation progress: 25/150 batches (16.7%)
  - Elapsed: 2.2s, Estimated remaining: 10.6s
Validation: 30/150 batches (20.0%)
  - Batch Acc: 35.16%, Running Acc: 54.04%
Validation progress: 30/150 batches (20.0%)
  - Elapsed: 2.3s, Estimated remaining: 8.7s
Validation: 35/150 batches (23.4%)
  - Batch Acc: 39.84%, Running Acc: 52.75%
Validation progress: 35/150 batches (23.3%)
  - Elapsed: 2.3s, Estimated remaining: 7.3s
Validation: 40/150 batches (26.7%)
  - Batch Acc: 29.69%, Running Acc: 50.86%
Validation progress: 40/150 batches (26.7%)
  - Elapsed: 2.3s, Estimated remaining: 6.2s
Validation: 45/150 batches (30.0%)
  - Batch Acc: 14.06%, Running Acc: 49.29%
Validation progress: 45/150 batches (30.0%)
  - Elapsed: 2.4s, Estimated remaining: 5.4s
Validation: 50/150 batches (33.4%)
  - Batch Acc: 78.91%, Running Acc: 51.09%
Validation progress: 50/150 batches (33.3%)
  - Elapsed: 2.4s, Estimated remaining: 4.7s
Validation: 55/150 batches (36.7%)
  - Batch Acc: 46.88%, Running Acc: 53.71%
Validation progress: 55/150 batches (36.7%)
  - Elapsed: 2.5s, Estimated remaining: 4.2s
Validation: 60/150 batches (40.1%)
  - Batch Acc: 17.19%, Running Acc: 52.51%
Validation progress: 60/150 batches (40.0%)
  - Elapsed: 2.5s, Estimated remaining: 3.7s
Validation: 65/150 batches (43.4%)
  - Batch Acc: 0.00%, Running Acc: 52.69%
Validation progress: 65/150 batches (43.3%)
  - Elapsed: 2.6s, Estimated remaining: 3.3s
Validation: 70/150 batches (46.7%)
  - Batch Acc: 92.19%, Running Acc: 54.63%
Validation progress: 70/150 batches (46.7%)
  - Elapsed: 2.6s, Estimated remaining: 2.9s
Validation: 75/150 batches (50.1%)
  - Batch Acc: 71.88%, Running Acc: 54.49%
Validation progress: 75/150 batches (50.0%)
  - Elapsed: 2.7s, Estimated remaining: 2.6s
Validation: 80/150 batches (53.4%)
  - Batch Acc: 75.78%, Running Acc: 53.82%
Validation progress: 80/150 batches (53.3%)
  - Elapsed: 2.7s, Estimated remaining: 2.3s
Validation: 85/150 batches (56.8%)
  - Batch Acc: 81.25%, Running Acc: 55.29%
Validation progress: 85/150 batches (56.7%)
  - Elapsed: 2.7s, Estimated remaining: 2.0s
Validation: 90/150 batches (60.1%)
  - Batch Acc: 15.62%, Running Acc: 54.81%
Validation progress: 90/150 batches (60.0%)
  - Elapsed: 2.8s, Estimated remaining: 1.8s
Validation: 95/150 batches (63.4%)
  - Batch Acc: 78.91%, Running Acc: 55.91%
Validation progress: 95/150 batches (63.3%)
  - Elapsed: 2.8s, Estimated remaining: 1.6s
Validation: 100/150 batches (66.8%)
  - Batch Acc: 19.53%, Running Acc: 54.72%
Validation progress: 100/150 batches (66.7%)
  - Elapsed: 2.9s, Estimated remaining: 1.4s
Validation: 105/150 batches (70.1%)
  - Batch Acc: 84.38%, Running Acc: 55.33%
Validation progress: 105/150 batches (70.0%)
  - Elapsed: 2.9s, Estimated remaining: 1.2s
Validation: 110/150 batches (73.4%)
  - Batch Acc: 100.00%, Running Acc: 56.43%
Validation progress: 110/150 batches (73.3%)
  - Elapsed: 3.0s, Estimated remaining: 1.0s
Validation: 115/150 batches (76.8%)
  - Batch Acc: 46.09%, Running Acc: 56.89%
Validation progress: 115/150 batches (76.7%)
  - Elapsed: 3.0s, Estimated remaining: 0.9s
Validation: 120/150 batches (80.1%)
  - Batch Acc: 60.16%, Running Acc: 57.14%
Validation progress: 120/150 batches (80.0%)
  - Elapsed: 3.0s, Estimated remaining: 0.7s
Validation: 125/150 batches (83.5%)
  - Batch Acc: 94.53%, Running Acc: 58.06%
Validation progress: 125/150 batches (83.3%)
  - Elapsed: 3.1s, Estimated remaining: 0.6s
Validation: 130/150 batches (86.8%)
  - Batch Acc: 28.91%, Running Acc: 57.52%
Validation progress: 130/150 batches (86.7%)
  - Elapsed: 3.1s, Estimated remaining: 0.5s
Validation: 135/150 batches (90.1%)
  - Batch Acc: 25.00%, Running Acc: 57.07%
Validation progress: 135/150 batches (90.0%)
  - Elapsed: 3.2s, Estimated remaining: 0.3s
Validation: 140/150 batches (93.5%)
  - Batch Acc: 70.31%, Running Acc: 56.86%
Validation progress: 140/150 batches (93.3%)
  - Elapsed: 3.2s, Estimated remaining: 0.2s
Validation: 145/150 batches (96.8%)
  - Batch Acc: 43.75%, Running Acc: 56.73%
Validation progress: 145/150 batches (96.7%)
  - Elapsed: 3.3s, Estimated remaining: 0.1s
Validation: 150/150 batches (100.2%)
  - Batch Acc: 33.67%, Running Acc: 56.54%
Validation complete in 3.75s - Loss: 2.6969, Accuracy: 0.5654

==== Epoch 10/100 ====
Starting training phase...
Training on 76609 samples...
Training: 100/599 batches (16.7%)
  - Batch Acc: 98.44%, Running Acc: 99.65%
  - Loss: 0.0433, Grad Norm: 0.3881
  - Learning Rate: 0.001000
Training: 200/599 batches (33.4%)
  - Batch Acc: 100.00%, Running Acc: 99.66%
  - Loss: 0.0060, Grad Norm: 0.0472
  - Learning Rate: 0.001000
Training: 300/599 batches (50.1%)
  - Batch Acc: 100.00%, Running Acc: 99.72%
  - Loss: 0.0043, Grad Norm: 0.1064
  - Learning Rate: 0.001000
Training: 400/599 batches (66.8%)
  - Batch Acc: 98.44%, Running Acc: 99.72%
  - Loss: 0.0648, Grad Norm: 0.4601
  - Learning Rate: 0.001000
Training: 500/599 batches (83.5%)
  - Batch Acc: 100.00%, Running Acc: 99.68%
  - Loss: 0.0017, Grad Norm: 0.0149
  - Learning Rate: 0.001000
Training: 599/599 batches (100.0%)
  - Batch Acc: 100.00%, Running Acc: 99.67%
  - Loss: 0.0011, Grad Norm: 0.0122
  - Learning Rate: 0.001000

Training phase complete
Epoch Summary:
  - Average Loss: 0.0101
  - Average Accuracy: 99.67%
  - Average Grad Norm: 0.0980
  - Final Learning Rate: 0.001000
Starting validation phase...
Starting validation on 19170 samples...
Entering no_grad block for validation
Validation progress: 0/150 batches (0.0%)
  - Elapsed: 2.0s, Estimated remaining: 0.0s
Validation: 5/150 batches (3.3%)
  - Batch Acc: 17.97%, Running Acc: 60.47%
Validation progress: 5/150 batches (3.3%)
  - Elapsed: 2.1s, Estimated remaining: 49.3s
Validation: 10/150 batches (6.7%)
  - Batch Acc: 96.09%, Running Acc: 65.39%
Validation progress: 10/150 batches (6.7%)
  - Elapsed: 2.1s, Estimated remaining: 26.2s
Validation: 15/150 batches (10.0%)
  - Batch Acc: 69.53%, Running Acc: 57.76%
Validation progress: 15/150 batches (10.0%)
  - Elapsed: 2.1s, Estimated remaining: 17.6s
Validation: 20/150 batches (13.4%)
  - Batch Acc: 62.50%, Running Acc: 57.77%
Validation progress: 20/150 batches (13.3%)
  - Elapsed: 2.1s, Estimated remaining: 13.1s
Validation: 25/150 batches (16.7%)
  - Batch Acc: 85.94%, Running Acc: 59.28%
Validation progress: 25/150 batches (16.7%)
  - Elapsed: 2.2s, Estimated remaining: 10.4s
Validation: 30/150 batches (20.0%)
  - Batch Acc: 24.22%, Running Acc: 56.67%
Validation progress: 30/150 batches (20.0%)
  - Elapsed: 2.2s, Estimated remaining: 8.5s
Validation: 35/150 batches (23.4%)
  - Batch Acc: 40.62%, Running Acc: 55.49%
Validation progress: 35/150 batches (23.3%)
  - Elapsed: 2.3s, Estimated remaining: 7.2s
Validation: 40/150 batches (26.7%)
  - Batch Acc: 39.84%, Running Acc: 54.79%
Validation progress: 40/150 batches (26.7%)
  - Elapsed: 2.3s, Estimated remaining: 6.1s
Validation: 45/150 batches (30.0%)
  - Batch Acc: 25.00%, Running Acc: 53.30%
Validation progress: 45/150 batches (30.0%)
  - Elapsed: 2.3s, Estimated remaining: 5.3s
Validation: 50/150 batches (33.4%)
  - Batch Acc: 60.16%, Running Acc: 54.50%
Validation progress: 50/150 batches (33.3%)
  - Elapsed: 2.4s, Estimated remaining: 4.6s
Validation: 55/150 batches (36.7%)
  - Batch Acc: 39.84%, Running Acc: 55.99%
Validation progress: 55/150 batches (36.7%)
  - Elapsed: 2.4s, Estimated remaining: 4.1s
Validation: 60/150 batches (40.1%)
  - Batch Acc: 27.34%, Running Acc: 54.04%
Validation progress: 60/150 batches (40.0%)
  - Elapsed: 2.5s, Estimated remaining: 3.6s
Validation: 65/150 batches (43.4%)
  - Batch Acc: 8.59%, Running Acc: 54.16%
Validation progress: 65/150 batches (43.3%)
  - Elapsed: 2.5s, Estimated remaining: 3.2s
Validation: 70/150 batches (46.7%)
  - Batch Acc: 76.56%, Running Acc: 55.76%
Validation progress: 70/150 batches (46.7%)
  - Elapsed: 2.6s, Estimated remaining: 2.9s
Validation: 75/150 batches (50.1%)
  - Batch Acc: 43.75%, Running Acc: 54.55%
Validation progress: 75/150 batches (50.0%)
  - Elapsed: 2.6s, Estimated remaining: 2.5s
Validation: 80/150 batches (53.4%)
  - Batch Acc: 70.31%, Running Acc: 54.04%
Validation progress: 80/150 batches (53.3%)
  - Elapsed: 2.7s, Estimated remaining: 2.3s
Validation: 85/150 batches (56.8%)
  - Batch Acc: 67.19%, Running Acc: 55.17%
Validation progress: 85/150 batches (56.7%)
  - Elapsed: 2.7s, Estimated remaining: 2.0s
Validation: 90/150 batches (60.1%)
  - Batch Acc: 23.44%, Running Acc: 54.59%
Validation progress: 90/150 batches (60.0%)
  - Elapsed: 2.7s, Estimated remaining: 1.8s
Validation: 95/150 batches (63.4%)
  - Batch Acc: 77.34%, Running Acc: 56.14%
Validation progress: 95/150 batches (63.3%)
  - Elapsed: 2.8s, Estimated remaining: 1.6s
Validation: 100/150 batches (66.8%)
  - Batch Acc: 13.28%, Running Acc: 54.89%
Validation progress: 100/150 batches (66.7%)
  - Elapsed: 2.8s, Estimated remaining: 1.4s
Validation: 105/150 batches (70.1%)
  - Batch Acc: 92.97%, Running Acc: 55.89%
Validation progress: 105/150 batches (70.0%)
  - Elapsed: 2.9s, Estimated remaining: 1.2s
Validation: 110/150 batches (73.4%)
  - Batch Acc: 95.31%, Running Acc: 56.80%
Validation progress: 110/150 batches (73.3%)
  - Elapsed: 2.9s, Estimated remaining: 1.0s
Validation: 115/150 batches (76.8%)
  - Batch Acc: 53.12%, Running Acc: 57.17%
Validation progress: 115/150 batches (76.7%)
  - Elapsed: 3.0s, Estimated remaining: 0.9s
Validation: 120/150 batches (80.1%)
  - Batch Acc: 53.91%, Running Acc: 56.97%
Validation progress: 120/150 batches (80.0%)
  - Elapsed: 3.0s, Estimated remaining: 0.7s
Validation: 125/150 batches (83.5%)
  - Batch Acc: 77.34%, Running Acc: 57.48%
Validation progress: 125/150 batches (83.3%)
  - Elapsed: 3.1s, Estimated remaining: 0.6s
Validation: 130/150 batches (86.8%)
  - Batch Acc: 33.59%, Running Acc: 57.04%
Validation progress: 130/150 batches (86.7%)
  - Elapsed: 3.1s, Estimated remaining: 0.5s
Validation: 135/150 batches (90.1%)
  - Batch Acc: 21.88%, Running Acc: 56.20%
Validation progress: 135/150 batches (90.0%)
  - Elapsed: 3.1s, Estimated remaining: 0.3s
Validation: 140/150 batches (93.5%)
  - Batch Acc: 67.97%, Running Acc: 56.13%
Validation progress: 140/150 batches (93.3%)
  - Elapsed: 3.2s, Estimated remaining: 0.2s
Validation: 145/150 batches (96.8%)
  - Batch Acc: 22.66%, Running Acc: 55.64%
Validation progress: 145/150 batches (96.7%)
  - Elapsed: 3.2s, Estimated remaining: 0.1s
Validation: 150/150 batches (100.2%)
  - Batch Acc: 28.57%, Running Acc: 55.55%
Validation complete in 3.70s - Loss: 2.8528, Accuracy: 0.5555

==== Epoch 11/100 ====
Starting training phase...
Training on 76609 samples...
Training: 100/599 batches (16.7%)
  - Batch Acc: 100.00%, Running Acc: 99.55%
  - Loss: 0.0048, Grad Norm: 0.0533
  - Learning Rate: 0.001000
Training: 200/599 batches (33.4%)
  - Batch Acc: 99.22%, Running Acc: 99.53%
  - Loss: 0.0099, Grad Norm: 0.1427
  - Learning Rate: 0.001000
Training: 300/599 batches (50.1%)
  - Batch Acc: 100.00%, Running Acc: 99.57%
  - Loss: 0.0036, Grad Norm: 0.0288
  - Learning Rate: 0.001000
Training: 400/599 batches (66.8%)
  - Batch Acc: 99.22%, Running Acc: 99.60%
  - Loss: 0.0165, Grad Norm: 0.1036
  - Learning Rate: 0.001000
Training: 500/599 batches (83.5%)
  - Batch Acc: 100.00%, Running Acc: 99.60%
  - Loss: 0.0023, Grad Norm: 0.0392
  - Learning Rate: 0.001000
Training: 599/599 batches (100.0%)
  - Batch Acc: 98.46%, Running Acc: 99.62%
  - Loss: 0.0179, Grad Norm: 0.1237
  - Learning Rate: 0.001000

Training phase complete
Epoch Summary:
  - Average Loss: 0.0109
  - Average Accuracy: 99.62%
  - Average Grad Norm: 0.0972
  - Final Learning Rate: 0.001000
Starting validation phase...
Starting validation on 19170 samples...
Entering no_grad block for validation
Validation progress: 0/150 batches (0.0%)
  - Elapsed: 1.9s, Estimated remaining: 0.0s
Validation: 5/150 batches (3.3%)
  - Batch Acc: 17.97%, Running Acc: 44.22%
Validation progress: 5/150 batches (3.3%)
  - Elapsed: 2.0s, Estimated remaining: 48.1s
Validation: 10/150 batches (6.7%)
  - Batch Acc: 100.00%, Running Acc: 61.25%
Validation progress: 10/150 batches (6.7%)
  - Elapsed: 2.0s, Estimated remaining: 25.8s
Validation: 15/150 batches (10.0%)
  - Batch Acc: 50.78%, Running Acc: 57.55%
Validation progress: 15/150 batches (10.0%)
  - Elapsed: 2.1s, Estimated remaining: 17.3s
Validation: 20/150 batches (13.4%)
  - Batch Acc: 53.91%, Running Acc: 56.99%
Validation progress: 20/150 batches (13.3%)
  - Elapsed: 2.1s, Estimated remaining: 12.9s
Validation: 25/150 batches (16.7%)
  - Batch Acc: 63.28%, Running Acc: 57.06%
Validation progress: 25/150 batches (16.7%)
  - Elapsed: 2.1s, Estimated remaining: 10.2s
Validation: 30/150 batches (20.0%)
  - Batch Acc: 71.09%, Running Acc: 57.71%
Validation progress: 30/150 batches (20.0%)
  - Elapsed: 2.2s, Estimated remaining: 8.4s
Validation: 35/150 batches (23.4%)
  - Batch Acc: 29.69%, Running Acc: 54.89%
Validation progress: 35/150 batches (23.3%)
  - Elapsed: 2.2s, Estimated remaining: 7.0s
Validation: 40/150 batches (26.7%)
  - Batch Acc: 12.50%, Running Acc: 50.51%
Validation progress: 40/150 batches (26.7%)
  - Elapsed: 2.2s, Estimated remaining: 6.0s
Validation: 45/150 batches (30.0%)
  - Batch Acc: 17.97%, Running Acc: 49.57%
Validation progress: 45/150 batches (30.0%)
  - Elapsed: 2.3s, Estimated remaining: 5.2s
Validation: 50/150 batches (33.4%)
  - Batch Acc: 67.19%, Running Acc: 49.50%
Validation progress: 50/150 batches (33.3%)
  - Elapsed: 2.3s, Estimated remaining: 4.5s
Validation: 55/150 batches (36.7%)
  - Batch Acc: 78.91%, Running Acc: 52.91%
Validation progress: 55/150 batches (36.7%)
  - Elapsed: 2.4s, Estimated remaining: 4.0s
Validation: 60/150 batches (40.1%)
  - Batch Acc: 28.91%, Running Acc: 54.11%
Validation progress: 60/150 batches (40.0%)
  - Elapsed: 2.4s, Estimated remaining: 3.5s
Validation: 65/150 batches (43.4%)
  - Batch Acc: 28.12%, Running Acc: 54.77%
Validation progress: 65/150 batches (43.3%)
  - Elapsed: 2.5s, Estimated remaining: 3.1s
Validation: 70/150 batches (46.7%)
  - Batch Acc: 94.53%, Running Acc: 56.99%
Validation progress: 70/150 batches (46.7%)
  - Elapsed: 2.5s, Estimated remaining: 2.8s
Validation: 75/150 batches (50.1%)
  - Batch Acc: 67.19%, Running Acc: 56.43%
Validation progress: 75/150 batches (50.0%)
  - Elapsed: 2.5s, Estimated remaining: 2.5s
Validation: 80/150 batches (53.4%)
  - Batch Acc: 96.88%, Running Acc: 55.84%
Validation progress: 80/150 batches (53.3%)
  - Elapsed: 2.6s, Estimated remaining: 2.2s
Validation: 85/150 batches (56.8%)
  - Batch Acc: 81.25%, Running Acc: 57.00%
Validation progress: 85/150 batches (56.7%)
  - Elapsed: 2.6s, Estimated remaining: 1.9s
Validation: 90/150 batches (60.1%)
  - Batch Acc: 17.19%, Running Acc: 56.49%
Validation progress: 90/150 batches (60.0%)
  - Elapsed: 2.6s, Estimated remaining: 1.7s
Validation: 95/150 batches (63.4%)
  - Batch Acc: 67.19%, Running Acc: 56.87%
Validation progress: 95/150 batches (63.3%)
  - Elapsed: 2.7s, Estimated remaining: 1.5s
Validation: 100/150 batches (66.8%)
  - Batch Acc: 6.25%, Running Acc: 55.16%
Validation progress: 100/150 batches (66.7%)
  - Elapsed: 2.7s, Estimated remaining: 1.3s
Validation: 105/150 batches (70.1%)
  - Batch Acc: 99.22%, Running Acc: 56.21%
Validation progress: 105/150 batches (70.0%)
  - Elapsed: 2.8s, Estimated remaining: 1.1s
Validation: 110/150 batches (73.4%)
  - Batch Acc: 100.00%, Running Acc: 57.54%
Validation progress: 110/150 batches (73.3%)
  - Elapsed: 2.8s, Estimated remaining: 1.0s
Validation: 115/150 batches (76.8%)
  - Batch Acc: 64.06%, Running Acc: 58.25%
Validation progress: 115/150 batches (76.7%)
  - Elapsed: 2.8s, Estimated remaining: 0.8s
Validation: 120/150 batches (80.1%)
  - Batch Acc: 72.66%, Running Acc: 58.70%
Validation progress: 120/150 batches (80.0%)
  - Elapsed: 2.9s, Estimated remaining: 0.7s
Validation: 125/150 batches (83.5%)
  - Batch Acc: 87.50%, Running Acc: 59.74%
Validation progress: 125/150 batches (83.3%)
  - Elapsed: 2.9s, Estimated remaining: 0.6s
Validation: 130/150 batches (86.8%)
  - Batch Acc: 17.97%, Running Acc: 59.28%
Validation progress: 130/150 batches (86.7%)
  - Elapsed: 2.9s, Estimated remaining: 0.4s
Validation: 135/150 batches (90.1%)
  - Batch Acc: 38.28%, Running Acc: 59.07%
Validation progress: 135/150 batches (90.0%)
  - Elapsed: 3.0s, Estimated remaining: 0.3s
Validation: 140/150 batches (93.5%)
  - Batch Acc: 66.41%, Running Acc: 58.86%
Validation progress: 140/150 batches (93.3%)
  - Elapsed: 3.0s, Estimated remaining: 0.2s
Validation: 145/150 batches (96.8%)
  - Batch Acc: 34.38%, Running Acc: 58.37%
Validation progress: 145/150 batches (96.7%)
  - Elapsed: 3.1s, Estimated remaining: 0.1s
Validation: 150/150 batches (100.2%)
  - Batch Acc: 51.02%, Running Acc: 58.33%
Validation complete in 3.52s - Loss: 2.6448, Accuracy: 0.5833

==== Epoch 12/100 ====
Starting training phase...
Training on 76609 samples...
Training: 100/599 batches (16.7%)
  - Batch Acc: 100.00%, Running Acc: 99.70%
  - Loss: 0.0041, Grad Norm: 0.0559
  - Learning Rate: 0.001000
Training: 200/599 batches (33.4%)
  - Batch Acc: 100.00%, Running Acc: 99.69%
  - Loss: 0.0009, Grad Norm: 0.0102
  - Learning Rate: 0.001000
Training: 300/599 batches (50.1%)
  - Batch Acc: 99.22%, Running Acc: 99.70%
  - Loss: 0.0304, Grad Norm: 0.1911
  - Learning Rate: 0.001000
Training: 400/599 batches (66.8%)
  - Batch Acc: 99.22%, Running Acc: 99.68%
  - Loss: 0.0230, Grad Norm: 0.1643
  - Learning Rate: 0.001000
Training: 500/599 batches (83.5%)
  - Batch Acc: 100.00%, Running Acc: 99.66%
  - Loss: 0.0061, Grad Norm: 0.1032
  - Learning Rate: 0.001000
Training: 599/599 batches (100.0%)
  - Batch Acc: 100.00%, Running Acc: 99.66%
  - Loss: 0.0006, Grad Norm: 0.0051
  - Learning Rate: 0.001000

Training phase complete
Epoch Summary:
  - Average Loss: 0.0099
  - Average Accuracy: 99.66%
  - Average Grad Norm: 0.0938
  - Final Learning Rate: 0.001000
Starting validation phase...
Starting validation on 19170 samples...
Entering no_grad block for validation
Validation progress: 0/150 batches (0.0%)
  - Elapsed: 1.9s, Estimated remaining: 0.0s
Validation: 5/150 batches (3.3%)
  - Batch Acc: 10.16%, Running Acc: 21.72%
Validation progress: 5/150 batches (3.3%)
  - Elapsed: 2.1s, Estimated remaining: 49.5s
Validation: 10/150 batches (6.7%)
  - Batch Acc: 100.00%, Running Acc: 47.58%
Validation progress: 10/150 batches (6.7%)
  - Elapsed: 2.1s, Estimated remaining: 26.7s
Validation: 15/150 batches (10.0%)
  - Batch Acc: 31.25%, Running Acc: 52.24%
Validation progress: 15/150 batches (10.0%)
  - Elapsed: 2.1s, Estimated remaining: 17.8s
Validation: 20/150 batches (13.4%)
  - Batch Acc: 38.28%, Running Acc: 48.71%
Validation progress: 20/150 batches (13.3%)
  - Elapsed: 2.2s, Estimated remaining: 13.2s
Validation: 25/150 batches (16.7%)
  - Batch Acc: 41.41%, Running Acc: 52.25%
Validation progress: 25/150 batches (16.7%)
  - Elapsed: 2.2s, Estimated remaining: 10.5s
Validation: 30/150 batches (20.0%)
  - Batch Acc: 86.72%, Running Acc: 51.41%
Validation progress: 30/150 batches (20.0%)
  - Elapsed: 2.3s, Estimated remaining: 8.7s
Validation: 35/150 batches (23.4%)
  - Batch Acc: 9.38%, Running Acc: 46.90%
Validation progress: 35/150 batches (23.3%)
  - Elapsed: 2.3s, Estimated remaining: 7.2s
Validation: 40/150 batches (26.7%)
  - Batch Acc: 0.00%, Running Acc: 41.43%
Validation progress: 40/150 batches (26.7%)
  - Elapsed: 2.3s, Estimated remaining: 6.2s
Validation: 45/150 batches (30.0%)
  - Batch Acc: 0.78%, Running Acc: 39.88%
Validation progress: 45/150 batches (30.0%)
  - Elapsed: 2.4s, Estimated remaining: 5.4s
Validation: 50/150 batches (33.4%)
  - Batch Acc: 82.81%, Running Acc: 39.86%
Validation progress: 50/150 batches (33.3%)
  - Elapsed: 2.4s, Estimated remaining: 4.7s
Validation: 55/150 batches (36.7%)
  - Batch Acc: 92.97%, Running Acc: 44.72%
Validation progress: 55/150 batches (36.7%)
  - Elapsed: 2.4s, Estimated remaining: 4.1s
Validation: 60/150 batches (40.1%)
  - Batch Acc: 33.59%, Running Acc: 47.07%
Validation progress: 60/150 batches (40.0%)
  - Elapsed: 2.5s, Estimated remaining: 3.6s
Validation: 65/150 batches (43.4%)
  - Batch Acc: 76.56%, Running Acc: 49.64%
Validation progress: 65/150 batches (43.3%)
  - Elapsed: 2.5s, Estimated remaining: 3.2s
Validation: 70/150 batches (46.7%)
  - Batch Acc: 100.00%, Running Acc: 52.83%
Validation progress: 70/150 batches (46.7%)
  - Elapsed: 2.6s, Estimated remaining: 2.9s
Validation: 75/150 batches (50.1%)
  - Batch Acc: 83.59%, Running Acc: 53.80%
Validation progress: 75/150 batches (50.0%)
  - Elapsed: 2.6s, Estimated remaining: 2.5s
Validation: 80/150 batches (53.4%)
  - Batch Acc: 100.00%, Running Acc: 53.55%
Validation progress: 80/150 batches (53.3%)
  - Elapsed: 2.6s, Estimated remaining: 2.3s
Validation: 85/150 batches (56.8%)
  - Batch Acc: 69.53%, Running Acc: 55.77%
Validation progress: 85/150 batches (56.7%)
  - Elapsed: 2.7s, Estimated remaining: 2.0s
Validation: 90/150 batches (60.1%)
  - Batch Acc: 5.47%, Running Acc: 54.07%
Validation progress: 90/150 batches (60.0%)
  - Elapsed: 2.7s, Estimated remaining: 1.8s
Validation: 95/150 batches (63.4%)
  - Batch Acc: 36.72%, Running Acc: 53.53%
Validation progress: 95/150 batches (63.3%)
  - Elapsed: 2.8s, Estimated remaining: 1.6s
Validation: 100/150 batches (66.8%)
  - Batch Acc: 0.78%, Running Acc: 51.45%
Validation progress: 100/150 batches (66.7%)
  - Elapsed: 2.8s, Estimated remaining: 1.4s
Validation: 105/150 batches (70.1%)
  - Batch Acc: 100.00%, Running Acc: 53.01%
Validation progress: 105/150 batches (70.0%)
  - Elapsed: 2.9s, Estimated remaining: 1.2s
Validation: 110/150 batches (73.4%)
  - Batch Acc: 100.00%, Running Acc: 54.82%
Validation progress: 110/150 batches (73.3%)
  - Elapsed: 2.9s, Estimated remaining: 1.0s
Validation: 115/150 batches (76.8%)
  - Batch Acc: 90.62%, Running Acc: 56.38%
Validation progress: 115/150 batches (76.7%)
  - Elapsed: 3.0s, Estimated remaining: 0.9s
Validation: 120/150 batches (80.1%)
  - Batch Acc: 78.12%, Running Acc: 57.47%
Validation progress: 120/150 batches (80.0%)
  - Elapsed: 3.0s, Estimated remaining: 0.7s
Validation: 125/150 batches (83.5%)
  - Batch Acc: 96.09%, Running Acc: 58.94%
Validation progress: 125/150 batches (83.3%)
  - Elapsed: 3.1s, Estimated remaining: 0.6s
Validation: 130/150 batches (86.8%)
  - Batch Acc: 7.03%, Running Acc: 59.01%
Validation progress: 130/150 batches (86.7%)
  - Elapsed: 3.1s, Estimated remaining: 0.4s
Validation: 135/150 batches (90.1%)
  - Batch Acc: 73.44%, Running Acc: 59.47%
Validation progress: 135/150 batches (90.0%)
  - Elapsed: 3.1s, Estimated remaining: 0.3s
Validation: 140/150 batches (93.5%)
  - Batch Acc: 34.38%, Running Acc: 58.87%
Validation progress: 140/150 batches (93.3%)
  - Elapsed: 3.2s, Estimated remaining: 0.2s
Validation: 145/150 batches (96.8%)
  - Batch Acc: 84.38%, Running Acc: 58.87%
Validation progress: 145/150 batches (96.7%)
  - Elapsed: 3.2s, Estimated remaining: 0.1s
Validation: 150/150 batches (100.2%)
  - Batch Acc: 89.80%, Running Acc: 58.72%
Validation complete in 3.71s - Loss: 3.2725, Accuracy: 0.5872

==== Epoch 13/100 ====
Starting training phase...
Training on 76609 samples...
Training: 100/599 batches (16.7%)
  - Batch Acc: 100.00%, Running Acc: 99.67%
  - Loss: 0.0022, Grad Norm: 0.0365
  - Learning Rate: 0.001000
Training: 200/599 batches (33.4%)
  - Batch Acc: 100.00%, Running Acc: 99.70%
  - Loss: 0.0020, Grad Norm: 0.0197
  - Learning Rate: 0.001000
Training: 300/599 batches (50.1%)
  - Batch Acc: 99.22%, Running Acc: 99.65%
  - Loss: 0.0142, Grad Norm: 0.1143
  - Learning Rate: 0.001000
Training: 400/599 batches (66.8%)
  - Batch Acc: 100.00%, Running Acc: 99.69%
  - Loss: 0.0075, Grad Norm: 0.1031
  - Learning Rate: 0.001000
Training: 500/599 batches (83.5%)
  - Batch Acc: 100.00%, Running Acc: 99.69%
  - Loss: 0.0030, Grad Norm: 0.0296
  - Learning Rate: 0.001000
Training: 599/599 batches (100.0%)
  - Batch Acc: 98.46%, Running Acc: 99.71%
  - Loss: 0.0145, Grad Norm: 0.2526
  - Learning Rate: 0.001000

Training phase complete
Epoch Summary:
  - Average Loss: 0.0083
  - Average Accuracy: 99.71%
  - Average Grad Norm: 0.0812
  - Final Learning Rate: 0.001000
Starting validation phase...
Starting validation on 19170 samples...
Entering no_grad block for validation
Validation progress: 0/150 batches (0.0%)
  - Elapsed: 2.0s, Estimated remaining: 0.0s
Validation: 5/150 batches (3.3%)
  - Batch Acc: 12.50%, Running Acc: 44.84%
Validation progress: 5/150 batches (3.3%)
  - Elapsed: 2.0s, Estimated remaining: 48.5s
Validation: 10/150 batches (6.7%)
  - Batch Acc: 100.00%, Running Acc: 58.83%
Validation progress: 10/150 batches (6.7%)
  - Elapsed: 2.1s, Estimated remaining: 26.1s
Validation: 15/150 batches (10.0%)
  - Batch Acc: 46.09%, Running Acc: 56.61%
Validation progress: 15/150 batches (10.0%)
  - Elapsed: 2.1s, Estimated remaining: 17.5s
Validation: 20/150 batches (13.4%)
  - Batch Acc: 43.75%, Running Acc: 54.92%
Validation progress: 20/150 batches (13.3%)
  - Elapsed: 2.1s, Estimated remaining: 13.0s
Validation: 25/150 batches (16.7%)
  - Batch Acc: 44.53%, Running Acc: 55.25%
Validation progress: 25/150 batches (16.7%)
  - Elapsed: 2.2s, Estimated remaining: 10.3s
Validation: 30/150 batches (20.0%)
  - Batch Acc: 81.25%, Running Acc: 54.09%
Validation progress: 30/150 batches (20.0%)
  - Elapsed: 2.2s, Estimated remaining: 8.5s
Validation: 35/150 batches (23.4%)
  - Batch Acc: 15.62%, Running Acc: 51.54%
Validation progress: 35/150 batches (23.3%)
  - Elapsed: 2.2s, Estimated remaining: 7.1s
Validation: 40/150 batches (26.7%)
  - Batch Acc: 11.72%, Running Acc: 46.84%
Validation progress: 40/150 batches (26.7%)
  - Elapsed: 2.3s, Estimated remaining: 6.1s
Validation: 45/150 batches (30.0%)
  - Batch Acc: 17.97%, Running Acc: 46.11%
Validation progress: 45/150 batches (30.0%)
  - Elapsed: 2.3s, Estimated remaining: 5.2s
Validation: 50/150 batches (33.4%)
  - Batch Acc: 60.94%, Running Acc: 47.64%
Validation progress: 50/150 batches (33.3%)
  - Elapsed: 2.4s, Estimated remaining: 4.6s
Validation: 55/150 batches (36.7%)
  - Batch Acc: 79.69%, Running Acc: 51.01%
Validation progress: 55/150 batches (36.7%)
  - Elapsed: 2.4s, Estimated remaining: 4.0s
Validation: 60/150 batches (40.1%)
  - Batch Acc: 25.00%, Running Acc: 52.02%
Validation progress: 60/150 batches (40.0%)
  - Elapsed: 2.5s, Estimated remaining: 3.6s
Validation: 65/150 batches (43.4%)
  - Batch Acc: 37.50%, Running Acc: 53.15%
Validation progress: 65/150 batches (43.3%)
  - Elapsed: 2.5s, Estimated remaining: 3.2s
Validation: 70/150 batches (46.7%)
  - Batch Acc: 92.97%, Running Acc: 55.58%
Validation progress: 70/150 batches (46.7%)
  - Elapsed: 2.5s, Estimated remaining: 2.8s
Validation: 75/150 batches (50.1%)
  - Batch Acc: 73.44%, Running Acc: 55.44%
Validation progress: 75/150 batches (50.0%)
  - Elapsed: 2.6s, Estimated remaining: 2.5s
Validation: 80/150 batches (53.4%)
  - Batch Acc: 99.22%, Running Acc: 54.75%
Validation progress: 80/150 batches (53.3%)
  - Elapsed: 2.6s, Estimated remaining: 2.2s
Validation: 85/150 batches (56.8%)
  - Batch Acc: 85.94%, Running Acc: 56.50%
Validation progress: 85/150 batches (56.7%)
  - Elapsed: 2.7s, Estimated remaining: 2.0s
Validation: 90/150 batches (60.1%)
  - Batch Acc: 17.97%, Running Acc: 55.24%
Validation progress: 90/150 batches (60.0%)
  - Elapsed: 2.7s, Estimated remaining: 1.7s
Validation: 95/150 batches (63.4%)
  - Batch Acc: 63.28%, Running Acc: 55.43%
Validation progress: 95/150 batches (63.3%)
  - Elapsed: 2.7s, Estimated remaining: 1.5s
Validation: 100/150 batches (66.8%)
  - Batch Acc: 10.16%, Running Acc: 53.93%
Validation progress: 100/150 batches (66.7%)
  - Elapsed: 2.8s, Estimated remaining: 1.3s
Validation: 105/150 batches (70.1%)
  - Batch Acc: 100.00%, Running Acc: 55.12%
Validation progress: 105/150 batches (70.0%)
  - Elapsed: 2.8s, Estimated remaining: 1.2s
Validation: 110/150 batches (73.4%)
  - Batch Acc: 100.00%, Running Acc: 56.30%
Validation progress: 110/150 batches (73.3%)
  - Elapsed: 2.8s, Estimated remaining: 1.0s
Validation: 115/150 batches (76.8%)
  - Batch Acc: 68.75%, Running Acc: 57.28%
Validation progress: 115/150 batches (76.7%)
  - Elapsed: 2.9s, Estimated remaining: 0.8s
Validation: 120/150 batches (80.1%)
  - Batch Acc: 67.97%, Running Acc: 57.81%
Validation progress: 120/150 batches (80.0%)
  - Elapsed: 2.9s, Estimated remaining: 0.7s
Validation: 125/150 batches (83.5%)
  - Batch Acc: 89.84%, Running Acc: 59.14%
Validation progress: 125/150 batches (83.3%)
  - Elapsed: 3.0s, Estimated remaining: 0.6s
Validation: 130/150 batches (86.8%)
  - Batch Acc: 13.28%, Running Acc: 58.89%
Validation progress: 130/150 batches (86.7%)
  - Elapsed: 3.0s, Estimated remaining: 0.4s
Validation: 135/150 batches (90.1%)
  - Batch Acc: 37.50%, Running Acc: 58.65%
Validation progress: 135/150 batches (90.0%)
  - Elapsed: 3.0s, Estimated remaining: 0.3s
Validation: 140/150 batches (93.5%)
  - Batch Acc: 59.38%, Running Acc: 58.30%
Validation progress: 140/150 batches (93.3%)
  - Elapsed: 3.1s, Estimated remaining: 0.2s
Validation: 145/150 batches (96.8%)
  - Batch Acc: 47.66%, Running Acc: 57.83%
Validation progress: 145/150 batches (96.7%)
  - Elapsed: 3.1s, Estimated remaining: 0.1s
Validation: 150/150 batches (100.2%)
  - Batch Acc: 50.00%, Running Acc: 57.91%
Validation complete in 3.55s - Loss: 2.9715, Accuracy: 0.5791

==== Epoch 14/100 ====
Starting training phase...
Training on 76609 samples...
Training: 100/599 batches (16.7%)
  - Batch Acc: 99.22%, Running Acc: 99.59%
  - Loss: 0.0108, Grad Norm: 0.1999
  - Learning Rate: 0.001000
Training: 200/599 batches (33.4%)
  - Batch Acc: 99.22%, Running Acc: 99.59%
  - Loss: 0.0131, Grad Norm: 0.1774
  - Learning Rate: 0.001000
Training: 300/599 batches (50.1%)
  - Batch Acc: 100.00%, Running Acc: 99.61%
  - Loss: 0.0032, Grad Norm: 0.0336
  - Learning Rate: 0.001000
Training: 400/599 batches (66.8%)
  - Batch Acc: 100.00%, Running Acc: 99.63%
  - Loss: 0.0001, Grad Norm: 0.0010
  - Learning Rate: 0.001000
Training: 500/599 batches (83.5%)
  - Batch Acc: 100.00%, Running Acc: 99.66%
  - Loss: 0.0010, Grad Norm: 0.0141
  - Learning Rate: 0.001000
Training: 599/599 batches (100.0%)
  - Batch Acc: 96.92%, Running Acc: 99.68%
  - Loss: 0.0526, Grad Norm: 0.4798
  - Learning Rate: 0.001000

Training phase complete
Epoch Summary:
  - Average Loss: 0.0089
  - Average Accuracy: 99.68%
  - Average Grad Norm: 0.0793
  - Final Learning Rate: 0.001000
Starting validation phase...
Starting validation on 19170 samples...
Entering no_grad block for validation
Validation progress: 0/150 batches (0.0%)
  - Elapsed: 1.9s, Estimated remaining: 0.0s
Validation: 5/150 batches (3.3%)
  - Batch Acc: 8.59%, Running Acc: 32.66%
Validation progress: 5/150 batches (3.3%)
  - Elapsed: 2.0s, Estimated remaining: 48.6s
Validation: 10/150 batches (6.7%)
  - Batch Acc: 100.00%, Running Acc: 50.39%
Validation progress: 10/150 batches (6.7%)
  - Elapsed: 2.1s, Estimated remaining: 26.2s
Validation: 15/150 batches (10.0%)
  - Batch Acc: 44.53%, Running Acc: 52.71%
Validation progress: 15/150 batches (10.0%)
  - Elapsed: 2.1s, Estimated remaining: 17.5s
Validation: 20/150 batches (13.4%)
  - Batch Acc: 48.44%, Running Acc: 51.17%
Validation progress: 20/150 batches (13.3%)
  - Elapsed: 2.2s, Estimated remaining: 13.3s
Validation: 25/150 batches (16.7%)
  - Batch Acc: 71.09%, Running Acc: 54.25%
Validation progress: 25/150 batches (16.7%)
  - Elapsed: 2.2s, Estimated remaining: 10.4s
Validation: 30/150 batches (20.0%)
  - Batch Acc: 95.31%, Running Acc: 54.27%
Validation progress: 30/150 batches (20.0%)
  - Elapsed: 2.2s, Estimated remaining: 8.6s
Validation: 35/150 batches (23.4%)
  - Batch Acc: 11.72%, Running Acc: 50.36%
Validation progress: 35/150 batches (23.3%)
  - Elapsed: 2.3s, Estimated remaining: 7.2s
Validation: 40/150 batches (26.7%)
  - Batch Acc: 3.12%, Running Acc: 45.02%
Validation progress: 40/150 batches (26.7%)
  - Elapsed: 2.3s, Estimated remaining: 6.2s
Validation: 45/150 batches (30.0%)
  - Batch Acc: 23.44%, Running Acc: 43.21%
Validation progress: 45/150 batches (30.0%)
  - Elapsed: 2.4s, Estimated remaining: 5.3s
Validation: 50/150 batches (33.4%)
  - Batch Acc: 61.72%, Running Acc: 42.84%
Validation progress: 50/150 batches (33.3%)
  - Elapsed: 2.4s, Estimated remaining: 4.6s
Validation: 55/150 batches (36.7%)
  - Batch Acc: 96.09%, Running Acc: 47.43%
Validation progress: 55/150 batches (36.7%)
  - Elapsed: 2.4s, Estimated remaining: 4.1s
Validation: 60/150 batches (40.1%)
  - Batch Acc: 53.91%, Running Acc: 49.71%
Validation progress: 60/150 batches (40.0%)
  - Elapsed: 2.5s, Estimated remaining: 3.6s
Validation: 65/150 batches (43.4%)
  - Batch Acc: 65.62%, Running Acc: 52.08%
Validation progress: 65/150 batches (43.3%)
  - Elapsed: 2.5s, Estimated remaining: 3.2s
Validation: 70/150 batches (46.7%)
  - Batch Acc: 100.00%, Running Acc: 54.87%
Validation progress: 70/150 batches (46.7%)
  - Elapsed: 2.5s, Estimated remaining: 2.8s
Validation: 75/150 batches (50.1%)
  - Batch Acc: 85.94%, Running Acc: 55.55%
Validation progress: 75/150 batches (50.0%)
  - Elapsed: 2.6s, Estimated remaining: 2.5s
Validation: 80/150 batches (53.4%)
  - Batch Acc: 100.00%, Running Acc: 55.48%
Validation progress: 80/150 batches (53.3%)
  - Elapsed: 2.6s, Estimated remaining: 2.2s
Validation: 85/150 batches (56.8%)
  - Batch Acc: 64.84%, Running Acc: 57.25%
Validation progress: 85/150 batches (56.7%)
  - Elapsed: 2.7s, Estimated remaining: 2.0s
Validation: 90/150 batches (60.1%)
  - Batch Acc: 22.66%, Running Acc: 55.59%
Validation progress: 90/150 batches (60.0%)
  - Elapsed: 2.7s, Estimated remaining: 1.8s
Validation: 95/150 batches (63.4%)
  - Batch Acc: 38.28%, Running Acc: 54.85%
Validation progress: 95/150 batches (63.3%)
  - Elapsed: 2.7s, Estimated remaining: 1.5s
Validation: 100/150 batches (66.8%)
  - Batch Acc: 0.00%, Running Acc: 52.83%
Validation progress: 100/150 batches (66.7%)
  - Elapsed: 2.8s, Estimated remaining: 1.3s
Validation: 105/150 batches (70.1%)
  - Batch Acc: 100.00%, Running Acc: 54.11%
Validation progress: 105/150 batches (70.0%)
  - Elapsed: 2.8s, Estimated remaining: 1.2s
Validation: 110/150 batches (73.4%)
  - Batch Acc: 100.00%, Running Acc: 55.80%
Validation progress: 110/150 batches (73.3%)
  - Elapsed: 2.9s, Estimated remaining: 1.0s
Validation: 115/150 batches (76.8%)
  - Batch Acc: 100.00%, Running Acc: 57.40%
Validation progress: 115/150 batches (76.7%)
  - Elapsed: 2.9s, Estimated remaining: 0.8s
Validation: 120/150 batches (80.1%)
  - Batch Acc: 81.25%, Running Acc: 58.42%
Validation progress: 120/150 batches (80.0%)
  - Elapsed: 2.9s, Estimated remaining: 0.7s
Validation: 125/150 batches (83.5%)
  - Batch Acc: 96.88%, Running Acc: 59.84%
Validation progress: 125/150 batches (83.3%)
  - Elapsed: 3.0s, Estimated remaining: 0.6s
Validation: 130/150 batches (86.8%)
  - Batch Acc: 6.25%, Running Acc: 59.79%
Validation progress: 130/150 batches (86.7%)
  - Elapsed: 3.0s, Estimated remaining: 0.4s
Validation: 135/150 batches (90.1%)
  - Batch Acc: 56.25%, Running Acc: 59.83%
Validation progress: 135/150 batches (90.0%)
  - Elapsed: 3.0s, Estimated remaining: 0.3s
Validation: 140/150 batches (93.5%)
  - Batch Acc: 31.25%, Running Acc: 59.40%
Validation progress: 140/150 batches (93.3%)
  - Elapsed: 3.1s, Estimated remaining: 0.2s
Validation: 145/150 batches (96.8%)
  - Batch Acc: 24.22%, Running Acc: 58.62%
Validation progress: 145/150 batches (96.7%)
  - Elapsed: 3.1s, Estimated remaining: 0.1s
Validation: 150/150 batches (100.2%)
  - Batch Acc: 94.90%, Running Acc: 59.09%
Validation complete in 3.59s - Loss: 2.9600, Accuracy: 0.5909

==== Epoch 15/100 ====
Starting training phase...
Training on 76609 samples...
Training: 100/599 batches (16.7%)
  - Batch Acc: 100.00%, Running Acc: 99.48%
  - Loss: 0.0052, Grad Norm: 0.1173
  - Learning Rate: 0.001000
Training: 200/599 batches (33.4%)
  - Batch Acc: 100.00%, Running Acc: 99.57%
  - Loss: 0.0024, Grad Norm: 0.0518
  - Learning Rate: 0.001000
Training: 300/599 batches (50.1%)
  - Batch Acc: 100.00%, Running Acc: 99.59%
  - Loss: 0.0021, Grad Norm: 0.0172
  - Learning Rate: 0.001000
Training: 400/599 batches (66.8%)
  - Batch Acc: 100.00%, Running Acc: 99.64%
  - Loss: 0.0007, Grad Norm: 0.0058
  - Learning Rate: 0.001000
Training: 500/599 batches (83.5%)
  - Batch Acc: 98.44%, Running Acc: 99.66%
  - Loss: 0.0506, Grad Norm: 0.3379
  - Learning Rate: 0.001000
Training: 599/599 batches (100.0%)
  - Batch Acc: 100.00%, Running Acc: 99.65%
  - Loss: 0.0105, Grad Norm: 0.1985
  - Learning Rate: 0.001000

Training phase complete
Epoch Summary:
  - Average Loss: 0.0098
  - Average Accuracy: 99.65%
  - Average Grad Norm: 0.0839
  - Final Learning Rate: 0.001000
Starting validation phase...
Starting validation on 19170 samples...
Entering no_grad block for validation
Validation progress: 0/150 batches (0.0%)
  - Elapsed: 2.0s, Estimated remaining: 0.0s
Validation: 5/150 batches (3.3%)
  - Batch Acc: 12.50%, Running Acc: 50.16%
Validation progress: 5/150 batches (3.3%)
  - Elapsed: 2.1s, Estimated remaining: 49.7s
Validation: 10/150 batches (6.7%)
  - Batch Acc: 89.06%, Running Acc: 60.70%
Validation progress: 10/150 batches (6.7%)
  - Elapsed: 2.1s, Estimated remaining: 26.4s
Validation: 15/150 batches (10.0%)
  - Batch Acc: 52.34%, Running Acc: 57.03%
Validation progress: 15/150 batches (10.0%)
  - Elapsed: 2.1s, Estimated remaining: 17.8s
Validation: 20/150 batches (13.4%)
  - Batch Acc: 64.84%, Running Acc: 58.01%
Validation progress: 20/150 batches (13.3%)
  - Elapsed: 2.2s, Estimated remaining: 13.3s
Validation: 25/150 batches (16.7%)
  - Batch Acc: 56.25%, Running Acc: 57.75%
Validation progress: 25/150 batches (16.7%)
  - Elapsed: 2.2s, Estimated remaining: 10.5s
Validation: 30/150 batches (20.0%)
  - Batch Acc: 20.31%, Running Acc: 53.72%
Validation progress: 30/150 batches (20.0%)
  - Elapsed: 2.2s, Estimated remaining: 8.6s
Validation: 35/150 batches (23.4%)
  - Batch Acc: 37.50%, Running Acc: 51.70%
Validation progress: 35/150 batches (23.3%)
  - Elapsed: 2.3s, Estimated remaining: 7.2s
Validation: 40/150 batches (26.7%)
  - Batch Acc: 6.25%, Running Acc: 47.44%
Validation progress: 40/150 batches (26.7%)
  - Elapsed: 2.3s, Estimated remaining: 6.2s
Validation: 45/150 batches (30.0%)
  - Batch Acc: 25.78%, Running Acc: 46.67%
Validation progress: 45/150 batches (30.0%)
  - Elapsed: 2.4s, Estimated remaining: 5.3s
Validation: 50/150 batches (33.4%)
  - Batch Acc: 57.03%, Running Acc: 47.94%
Validation progress: 50/150 batches (33.3%)
  - Elapsed: 2.4s, Estimated remaining: 4.7s
Validation: 55/150 batches (36.7%)
  - Batch Acc: 75.00%, Running Acc: 51.11%
Validation progress: 55/150 batches (36.7%)
  - Elapsed: 2.4s, Estimated remaining: 4.1s
Validation: 60/150 batches (40.1%)
  - Batch Acc: 27.34%, Running Acc: 51.28%
Validation progress: 60/150 batches (40.0%)
  - Elapsed: 2.5s, Estimated remaining: 3.6s
Validation: 65/150 batches (43.4%)
  - Batch Acc: 24.22%, Running Acc: 52.14%
Validation progress: 65/150 batches (43.3%)
  - Elapsed: 2.5s, Estimated remaining: 3.2s
Validation: 70/150 batches (46.7%)
  - Batch Acc: 89.06%, Running Acc: 54.62%
Validation progress: 70/150 batches (46.7%)
  - Elapsed: 2.6s, Estimated remaining: 2.9s
Validation: 75/150 batches (50.1%)
  - Batch Acc: 73.44%, Running Acc: 54.30%
Validation progress: 75/150 batches (50.0%)
  - Elapsed: 2.6s, Estimated remaining: 2.6s
Validation: 80/150 batches (53.4%)
  - Batch Acc: 76.56%, Running Acc: 53.76%
Validation progress: 80/150 batches (53.3%)
  - Elapsed: 2.7s, Estimated remaining: 2.3s
Validation: 85/150 batches (56.8%)
  - Batch Acc: 70.31%, Running Acc: 55.27%
Validation progress: 85/150 batches (56.7%)
  - Elapsed: 2.7s, Estimated remaining: 2.0s
Validation: 90/150 batches (60.1%)
  - Batch Acc: 17.97%, Running Acc: 54.71%
Validation progress: 90/150 batches (60.0%)
  - Elapsed: 2.8s, Estimated remaining: 1.8s
Validation: 95/150 batches (63.4%)
  - Batch Acc: 68.75%, Running Acc: 55.56%
Validation progress: 95/150 batches (63.3%)
  - Elapsed: 2.8s, Estimated remaining: 1.6s
Validation: 100/150 batches (66.8%)
  - Batch Acc: 15.62%, Running Acc: 54.44%
Validation progress: 100/150 batches (66.7%)
  - Elapsed: 2.8s, Estimated remaining: 1.4s
Validation: 105/150 batches (70.1%)
  - Batch Acc: 97.66%, Running Acc: 55.23%
Validation progress: 105/150 batches (70.0%)
  - Elapsed: 2.9s, Estimated remaining: 1.2s
Validation: 110/150 batches (73.4%)
  - Batch Acc: 100.00%, Running Acc: 56.38%
Validation progress: 110/150 batches (73.3%)
  - Elapsed: 2.9s, Estimated remaining: 1.0s
Validation: 115/150 batches (76.8%)
  - Batch Acc: 72.66%, Running Acc: 57.07%
Validation progress: 115/150 batches (76.7%)
  - Elapsed: 3.0s, Estimated remaining: 0.9s
Validation: 120/150 batches (80.1%)
  - Batch Acc: 55.47%, Running Acc: 57.40%
Validation progress: 120/150 batches (80.0%)
  - Elapsed: 3.0s, Estimated remaining: 0.7s
Validation: 125/150 batches (83.5%)
  - Batch Acc: 87.50%, Running Acc: 58.46%
Validation progress: 125/150 batches (83.3%)
  - Elapsed: 3.1s, Estimated remaining: 0.6s
Validation: 130/150 batches (86.8%)
  - Batch Acc: 21.88%, Running Acc: 57.91%
Validation progress: 130/150 batches (86.7%)
  - Elapsed: 3.1s, Estimated remaining: 0.5s
Validation: 135/150 batches (90.1%)
  - Batch Acc: 48.44%, Running Acc: 57.76%
Validation progress: 135/150 batches (90.0%)
  - Elapsed: 3.2s, Estimated remaining: 0.3s
Validation: 140/150 batches (93.5%)
  - Batch Acc: 55.47%, Running Acc: 57.42%
Validation progress: 140/150 batches (93.3%)
  - Elapsed: 3.2s, Estimated remaining: 0.2s
Validation: 145/150 batches (96.8%)
  - Batch Acc: 36.72%, Running Acc: 57.06%
Validation progress: 145/150 batches (96.7%)
  - Elapsed: 3.2s, Estimated remaining: 0.1s
Validation: 150/150 batches (100.2%)
  - Batch Acc: 16.33%, Running Acc: 57.17%
Validation complete in 3.70s - Loss: 2.6967, Accuracy: 0.5717

==== Epoch 16/100 ====
Starting training phase...
Training on 76609 samples...
Training: 100/599 batches (16.7%)
  - Batch Acc: 100.00%, Running Acc: 99.77%
  - Loss: 0.0021, Grad Norm: 0.0196
  - Learning Rate: 0.001000
Training: 200/599 batches (33.4%)
  - Batch Acc: 100.00%, Running Acc: 99.79%
  - Loss: 0.0006, Grad Norm: 0.0058
  - Learning Rate: 0.001000
Training: 300/599 batches (50.1%)
  - Batch Acc: 98.44%, Running Acc: 99.79%
  - Loss: 0.0221, Grad Norm: 0.2051
  - Learning Rate: 0.001000
Training: 400/599 batches (66.8%)
  - Batch Acc: 99.22%, Running Acc: 99.76%
  - Loss: 0.0086, Grad Norm: 0.1145
  - Learning Rate: 0.001000
Training: 500/599 batches (83.5%)
  - Batch Acc: 100.00%, Running Acc: 99.73%
  - Loss: 0.0017, Grad Norm: 0.0327
  - Learning Rate: 0.001000
Training: 599/599 batches (100.0%)
  - Batch Acc: 100.00%, Running Acc: 99.74%
  - Loss: 0.0016, Grad Norm: 0.0511
  - Learning Rate: 0.001000

Training phase complete
Epoch Summary:
  - Average Loss: 0.0082
  - Average Accuracy: 99.74%
  - Average Grad Norm: 0.0744
  - Final Learning Rate: 0.001000
Starting validation phase...
Starting validation on 19170 samples...
Entering no_grad block for validation
Validation progress: 0/150 batches (0.0%)
  - Elapsed: 1.9s, Estimated remaining: 0.0s
Validation: 5/150 batches (3.3%)
  - Batch Acc: 14.84%, Running Acc: 49.06%
Validation progress: 5/150 batches (3.3%)
  - Elapsed: 2.0s, Estimated remaining: 47.3s
Validation: 10/150 batches (6.7%)
  - Batch Acc: 100.00%, Running Acc: 61.56%
Validation progress: 10/150 batches (6.7%)
  - Elapsed: 2.0s, Estimated remaining: 25.3s
Validation: 15/150 batches (10.0%)
  - Batch Acc: 56.25%, Running Acc: 58.18%
Validation progress: 15/150 batches (10.0%)
  - Elapsed: 2.0s, Estimated remaining: 17.0s
Validation: 20/150 batches (13.4%)
  - Batch Acc: 63.28%, Running Acc: 58.16%
Validation progress: 20/150 batches (13.3%)
  - Elapsed: 2.1s, Estimated remaining: 12.8s
Validation: 25/150 batches (16.7%)
  - Batch Acc: 53.12%, Running Acc: 57.41%
Validation progress: 25/150 batches (16.7%)
  - Elapsed: 2.1s, Estimated remaining: 10.0s
Validation: 30/150 batches (20.0%)
  - Batch Acc: 52.34%, Running Acc: 55.70%
Validation progress: 30/150 batches (20.0%)
  - Elapsed: 2.1s, Estimated remaining: 8.3s
Validation: 35/150 batches (23.4%)
  - Batch Acc: 39.84%, Running Acc: 53.48%
Validation progress: 35/150 batches (23.3%)
  - Elapsed: 2.2s, Estimated remaining: 6.9s
Validation: 40/150 batches (26.7%)
  - Batch Acc: 25.78%, Running Acc: 49.80%
Validation progress: 40/150 batches (26.7%)
  - Elapsed: 2.2s, Estimated remaining: 5.9s
Validation: 45/150 batches (30.0%)
  - Batch Acc: 24.22%, Running Acc: 49.53%
Validation progress: 45/150 batches (30.0%)
  - Elapsed: 2.3s, Estimated remaining: 5.1s
Validation: 50/150 batches (33.4%)
  - Batch Acc: 61.72%, Running Acc: 50.38%
Validation progress: 50/150 batches (33.3%)
  - Elapsed: 2.3s, Estimated remaining: 4.4s
Validation: 55/150 batches (36.7%)
  - Batch Acc: 60.16%, Running Acc: 53.18%
Validation progress: 55/150 batches (36.7%)
  - Elapsed: 2.3s, Estimated remaining: 3.9s
Validation: 60/150 batches (40.1%)
  - Batch Acc: 38.28%, Running Acc: 53.68%
Validation progress: 60/150 batches (40.0%)
  - Elapsed: 2.4s, Estimated remaining: 3.5s
Validation: 65/150 batches (43.4%)
  - Batch Acc: 21.88%, Running Acc: 53.86%
Validation progress: 65/150 batches (43.3%)
  - Elapsed: 2.4s, Estimated remaining: 3.0s
Validation: 70/150 batches (46.7%)
  - Batch Acc: 89.06%, Running Acc: 56.21%
Validation progress: 70/150 batches (46.7%)
  - Elapsed: 2.4s, Estimated remaining: 2.7s
Validation: 75/150 batches (50.1%)
  - Batch Acc: 73.44%, Running Acc: 55.62%
Validation progress: 75/150 batches (50.0%)
  - Elapsed: 2.5s, Estimated remaining: 2.4s
Validation: 80/150 batches (53.4%)
  - Batch Acc: 73.44%, Running Acc: 54.93%
Validation progress: 80/150 batches (53.3%)
  - Elapsed: 2.5s, Estimated remaining: 2.1s
Validation: 85/150 batches (56.8%)
  - Batch Acc: 64.84%, Running Acc: 55.87%
Validation progress: 85/150 batches (56.7%)
  - Elapsed: 2.5s, Estimated remaining: 1.9s
Validation: 90/150 batches (60.1%)
  - Batch Acc: 28.12%, Running Acc: 55.41%
Validation progress: 90/150 batches (60.0%)
  - Elapsed: 2.6s, Estimated remaining: 1.7s
Validation: 95/150 batches (63.4%)
  - Batch Acc: 69.53%, Running Acc: 56.55%
Validation progress: 95/150 batches (63.3%)
  - Elapsed: 2.6s, Estimated remaining: 1.5s
Validation: 100/150 batches (66.8%)
  - Batch Acc: 3.91%, Running Acc: 54.94%
Validation progress: 100/150 batches (66.7%)
  - Elapsed: 2.7s, Estimated remaining: 1.3s
Validation: 105/150 batches (70.1%)
  - Batch Acc: 95.31%, Running Acc: 55.61%
Validation progress: 105/150 batches (70.0%)
  - Elapsed: 2.7s, Estimated remaining: 1.1s
Validation: 110/150 batches (73.4%)
  - Batch Acc: 100.00%, Running Acc: 56.64%
Validation progress: 110/150 batches (73.3%)
  - Elapsed: 2.7s, Estimated remaining: 1.0s
Validation: 115/150 batches (76.8%)
  - Batch Acc: 69.53%, Running Acc: 57.41%
Validation progress: 115/150 batches (76.7%)
  - Elapsed: 2.8s, Estimated remaining: 0.8s
Validation: 120/150 batches (80.1%)
  - Batch Acc: 68.75%, Running Acc: 57.84%
Validation progress: 120/150 batches (80.0%)
  - Elapsed: 2.8s, Estimated remaining: 0.7s
Validation: 125/150 batches (83.5%)
  - Batch Acc: 83.59%, Running Acc: 58.96%
Validation progress: 125/150 batches (83.3%)
  - Elapsed: 2.8s, Estimated remaining: 0.5s
Validation: 130/150 batches (86.8%)
  - Batch Acc: 20.31%, Running Acc: 58.29%
Validation progress: 130/150 batches (86.7%)
  - Elapsed: 2.9s, Estimated remaining: 0.4s
Validation: 135/150 batches (90.1%)
  - Batch Acc: 42.19%, Running Acc: 58.06%
Validation progress: 135/150 batches (90.0%)
  - Elapsed: 2.9s, Estimated remaining: 0.3s
Validation: 140/150 batches (93.5%)
  - Batch Acc: 69.53%, Running Acc: 58.03%
Validation progress: 140/150 batches (93.3%)
  - Elapsed: 2.9s, Estimated remaining: 0.2s
Validation: 145/150 batches (96.8%)
  - Batch Acc: 6.25%, Running Acc: 57.47%
Validation progress: 145/150 batches (96.7%)
  - Elapsed: 3.0s, Estimated remaining: 0.1s
Validation: 150/150 batches (100.2%)
  - Batch Acc: 29.59%, Running Acc: 57.57%
Validation complete in 3.45s - Loss: 2.7057, Accuracy: 0.5757

==== Epoch 17/100 ====
Starting training phase...
Training on 76609 samples...
Training: 100/599 batches (16.7%)
  - Batch Acc: 99.22%, Running Acc: 99.85%
  - Loss: 0.0124, Grad Norm: 0.1602
  - Learning Rate: 0.001000
Training: 200/599 batches (33.4%)
  - Batch Acc: 100.00%, Running Acc: 99.84%
  - Loss: 0.0004, Grad Norm: 0.0070
  - Learning Rate: 0.001000
Training: 300/599 batches (50.1%)
  - Batch Acc: 100.00%, Running Acc: 99.78%
  - Loss: 0.0012, Grad Norm: 0.0072
  - Learning Rate: 0.001000
Training: 400/599 batches (66.8%)
  - Batch Acc: 99.22%, Running Acc: 99.77%
  - Loss: 0.0256, Grad Norm: 0.1181
  - Learning Rate: 0.001000
Training: 500/599 batches (83.5%)
  - Batch Acc: 100.00%, Running Acc: 99.78%
  - Loss: 0.0040, Grad Norm: 0.0547
  - Learning Rate: 0.001000
Training: 599/599 batches (100.0%)
  - Batch Acc: 100.00%, Running Acc: 99.78%
  - Loss: 0.0025, Grad Norm: 0.0355
  - Learning Rate: 0.001000

Training phase complete
Epoch Summary:
  - Average Loss: 0.0073
  - Average Accuracy: 99.78%
  - Average Grad Norm: 0.0679
  - Final Learning Rate: 0.001000
Starting validation phase...
Starting validation on 19170 samples...
Entering no_grad block for validation
Validation progress: 0/150 batches (0.0%)
  - Elapsed: 1.9s, Estimated remaining: 0.0s
Validation: 5/150 batches (3.3%)
  - Batch Acc: 24.22%, Running Acc: 64.06%
Validation progress: 5/150 batches (3.3%)
  - Elapsed: 2.0s, Estimated remaining: 47.2s
Validation: 10/150 batches (6.7%)
  - Batch Acc: 91.41%, Running Acc: 68.28%
Validation progress: 10/150 batches (6.7%)
  - Elapsed: 2.0s, Estimated remaining: 25.4s
Validation: 15/150 batches (10.0%)
  - Batch Acc: 57.03%, Running Acc: 60.99%
Validation progress: 15/150 batches (10.0%)
  - Elapsed: 2.1s, Estimated remaining: 17.2s
Validation: 20/150 batches (13.4%)
  - Batch Acc: 56.25%, Running Acc: 59.57%
Validation progress: 20/150 batches (13.3%)
  - Elapsed: 2.1s, Estimated remaining: 12.9s
Validation: 25/150 batches (16.7%)
  - Batch Acc: 69.53%, Running Acc: 59.38%
Validation progress: 25/150 batches (16.7%)
  - Elapsed: 2.1s, Estimated remaining: 10.2s
Validation: 30/150 batches (20.0%)
  - Batch Acc: 3.91%, Running Acc: 55.70%
Validation progress: 30/150 batches (20.0%)
  - Elapsed: 2.2s, Estimated remaining: 8.4s
Validation: 35/150 batches (23.4%)
  - Batch Acc: 32.03%, Running Acc: 53.55%
Validation progress: 35/150 batches (23.3%)
  - Elapsed: 2.2s, Estimated remaining: 7.1s
Validation: 40/150 batches (26.7%)
  - Batch Acc: 50.78%, Running Acc: 53.63%
Validation progress: 40/150 batches (26.7%)
  - Elapsed: 2.3s, Estimated remaining: 6.1s
Validation: 45/150 batches (30.0%)
  - Batch Acc: 15.62%, Running Acc: 52.59%
Validation progress: 45/150 batches (30.0%)
  - Elapsed: 2.3s, Estimated remaining: 5.3s
Validation: 50/150 batches (33.4%)
  - Batch Acc: 60.94%, Running Acc: 53.23%
Validation progress: 50/150 batches (33.3%)
  - Elapsed: 2.4s, Estimated remaining: 4.6s
Validation: 55/150 batches (36.7%)
  - Batch Acc: 61.72%, Running Acc: 55.67%
Validation progress: 55/150 batches (36.7%)
  - Elapsed: 2.4s, Estimated remaining: 4.0s
Validation: 60/150 batches (40.1%)
  - Batch Acc: 10.16%, Running Acc: 54.79%
Validation progress: 60/150 batches (40.0%)
  - Elapsed: 2.4s, Estimated remaining: 3.6s
Validation: 65/150 batches (43.4%)
  - Batch Acc: 11.72%, Running Acc: 54.69%
Validation progress: 65/150 batches (43.3%)
  - Elapsed: 2.5s, Estimated remaining: 3.2s
Validation: 70/150 batches (46.7%)
  - Batch Acc: 85.94%, Running Acc: 56.70%
Validation progress: 70/150 batches (46.7%)
  - Elapsed: 2.5s, Estimated remaining: 2.8s
Validation: 75/150 batches (50.1%)
  - Batch Acc: 74.22%, Running Acc: 56.23%
Validation progress: 75/150 batches (50.0%)
  - Elapsed: 2.6s, Estimated remaining: 2.5s
Validation: 80/150 batches (53.4%)
  - Batch Acc: 67.19%, Running Acc: 56.13%
Validation progress: 80/150 batches (53.3%)
  - Elapsed: 2.6s, Estimated remaining: 2.2s
Validation: 85/150 batches (56.8%)
  - Batch Acc: 57.81%, Running Acc: 56.65%
Validation progress: 85/150 batches (56.7%)
  - Elapsed: 2.6s, Estimated remaining: 2.0s
Validation: 90/150 batches (60.1%)
  - Batch Acc: 27.34%, Running Acc: 56.40%
Validation progress: 90/150 batches (60.0%)
  - Elapsed: 2.7s, Estimated remaining: 1.7s
Validation: 95/150 batches (63.4%)
  - Batch Acc: 87.50%, Running Acc: 57.98%
Validation progress: 95/150 batches (63.3%)
  - Elapsed: 2.7s, Estimated remaining: 1.5s
Validation: 100/150 batches (66.8%)
  - Batch Acc: 18.75%, Running Acc: 56.73%
Validation progress: 100/150 batches (66.7%)
  - Elapsed: 2.8s, Estimated remaining: 1.3s
Validation: 105/150 batches (70.1%)
  - Batch Acc: 96.09%, Running Acc: 57.50%
Validation progress: 105/150 batches (70.0%)
  - Elapsed: 2.8s, Estimated remaining: 1.2s
Validation: 110/150 batches (73.4%)
  - Batch Acc: 97.66%, Running Acc: 58.25%
Validation progress: 110/150 batches (73.3%)
  - Elapsed: 2.9s, Estimated remaining: 1.0s
Validation: 115/150 batches (76.8%)
  - Batch Acc: 54.69%, Running Acc: 58.31%
Validation progress: 115/150 batches (76.7%)
  - Elapsed: 2.9s, Estimated remaining: 0.9s
Validation: 120/150 batches (80.1%)
  - Batch Acc: 53.91%, Running Acc: 58.46%
Validation progress: 120/150 batches (80.0%)
  - Elapsed: 3.0s, Estimated remaining: 0.7s
Validation: 125/150 batches (83.5%)
  - Batch Acc: 81.25%, Running Acc: 59.01%
Validation progress: 125/150 batches (83.3%)
  - Elapsed: 3.0s, Estimated remaining: 0.6s
Validation: 130/150 batches (86.8%)
  - Batch Acc: 28.91%, Running Acc: 58.35%
Validation progress: 130/150 batches (86.7%)
  - Elapsed: 3.0s, Estimated remaining: 0.4s
Validation: 135/150 batches (90.1%)
  - Batch Acc: 28.91%, Running Acc: 57.77%
Validation progress: 135/150 batches (90.0%)
  - Elapsed: 3.1s, Estimated remaining: 0.3s
Validation: 140/150 batches (93.5%)
  - Batch Acc: 72.66%, Running Acc: 57.66%
Validation progress: 140/150 batches (93.3%)
  - Elapsed: 3.1s, Estimated remaining: 0.2s
Validation: 145/150 batches (96.8%)
  - Batch Acc: 33.59%, Running Acc: 57.18%
Validation progress: 145/150 batches (96.7%)
  - Elapsed: 3.2s, Estimated remaining: 0.1s
Validation: 150/150 batches (100.2%)
  - Batch Acc: 2.04%, Running Acc: 57.08%
Validation complete in 3.64s - Loss: 2.7455, Accuracy: 0.5708

==== Epoch 18/100 ====
Starting training phase...
Training on 76609 samples...
Training: 100/599 batches (16.7%)
  - Batch Acc: 99.22%, Running Acc: 99.78%
  - Loss: 0.0284, Grad Norm: 0.1554
  - Learning Rate: 0.001000
Training: 200/599 batches (33.4%)
  - Batch Acc: 99.22%, Running Acc: 99.81%
  - Loss: 0.0331, Grad Norm: 0.2991
  - Learning Rate: 0.001000
Training: 300/599 batches (50.1%)
  - Batch Acc: 98.44%, Running Acc: 99.83%
  - Loss: 0.0576, Grad Norm: 0.3035
  - Learning Rate: 0.001000
Training: 400/599 batches (66.8%)
  - Batch Acc: 100.00%, Running Acc: 99.80%
  - Loss: 0.0068, Grad Norm: 0.1034
  - Learning Rate: 0.001000
Training: 500/599 batches (83.5%)
  - Batch Acc: 100.00%, Running Acc: 99.79%
  - Loss: 0.0030, Grad Norm: 0.0418
  - Learning Rate: 0.001000
Training: 599/599 batches (100.0%)
  - Batch Acc: 98.46%, Running Acc: 99.75%
  - Loss: 0.0192, Grad Norm: 0.2647
  - Learning Rate: 0.001000

Training phase complete
Epoch Summary:
  - Average Loss: 0.0075
  - Average Accuracy: 99.75%
  - Average Grad Norm: 0.0665
  - Final Learning Rate: 0.001000
Starting validation phase...
Starting validation on 19170 samples...
Entering no_grad block for validation
Validation progress: 0/150 batches (0.0%)
  - Elapsed: 1.9s, Estimated remaining: 0.0s
Validation: 5/150 batches (3.3%)
  - Batch Acc: 30.47%, Running Acc: 66.09%
Validation progress: 5/150 batches (3.3%)
  - Elapsed: 2.0s, Estimated remaining: 48.7s
Validation: 10/150 batches (6.7%)
  - Batch Acc: 50.78%, Running Acc: 64.45%
Validation progress: 10/150 batches (6.7%)
  - Elapsed: 2.1s, Estimated remaining: 26.1s
Validation: 15/150 batches (10.0%)
  - Batch Acc: 77.34%, Running Acc: 56.77%
Validation progress: 15/150 batches (10.0%)
  - Elapsed: 2.1s, Estimated remaining: 17.6s
Validation: 20/150 batches (13.4%)
  - Batch Acc: 72.66%, Running Acc: 57.15%
Validation progress: 20/150 batches (13.3%)
  - Elapsed: 2.1s, Estimated remaining: 13.1s
Validation: 25/150 batches (16.7%)
  - Batch Acc: 85.94%, Running Acc: 57.69%
Validation progress: 25/150 batches (16.7%)
  - Elapsed: 2.2s, Estimated remaining: 10.3s
Validation: 30/150 batches (20.0%)
  - Batch Acc: 3.91%, Running Acc: 54.84%
Validation progress: 30/150 batches (20.0%)
  - Elapsed: 2.2s, Estimated remaining: 8.5s
Validation: 35/150 batches (23.4%)
  - Batch Acc: 34.38%, Running Acc: 53.08%
Validation progress: 35/150 batches (23.3%)
  - Elapsed: 2.2s, Estimated remaining: 7.1s
Validation: 40/150 batches (26.7%)
  - Batch Acc: 46.09%, Running Acc: 52.42%
Validation progress: 40/150 batches (26.7%)
  - Elapsed: 2.3s, Estimated remaining: 6.1s
Validation: 45/150 batches (30.0%)
  - Batch Acc: 25.78%, Running Acc: 52.29%
Validation progress: 45/150 batches (30.0%)
  - Elapsed: 2.3s, Estimated remaining: 5.3s
Validation: 50/150 batches (33.4%)
  - Batch Acc: 60.94%, Running Acc: 54.12%
Validation progress: 50/150 batches (33.3%)
  - Elapsed: 2.4s, Estimated remaining: 4.6s
Validation: 55/150 batches (36.7%)
  - Batch Acc: 50.00%, Running Acc: 56.19%
Validation progress: 55/150 batches (36.7%)
  - Elapsed: 2.4s, Estimated remaining: 4.0s
Validation: 60/150 batches (40.1%)
  - Batch Acc: 26.56%, Running Acc: 53.66%
Validation progress: 60/150 batches (40.0%)
  - Elapsed: 2.5s, Estimated remaining: 3.6s
Validation: 65/150 batches (43.4%)
  - Batch Acc: 0.00%, Running Acc: 53.15%
Validation progress: 65/150 batches (43.3%)
  - Elapsed: 2.5s, Estimated remaining: 3.2s
Validation: 70/150 batches (46.7%)
  - Batch Acc: 76.56%, Running Acc: 54.74%
Validation progress: 70/150 batches (46.7%)
  - Elapsed: 2.5s, Estimated remaining: 2.8s
Validation: 75/150 batches (50.1%)
  - Batch Acc: 73.44%, Running Acc: 54.58%
Validation progress: 75/150 batches (50.0%)
  - Elapsed: 2.6s, Estimated remaining: 2.5s
Validation: 80/150 batches (53.4%)
  - Batch Acc: 65.62%, Running Acc: 54.61%
Validation progress: 80/150 batches (53.3%)
  - Elapsed: 2.6s, Estimated remaining: 2.2s
Validation: 85/150 batches (56.8%)
  - Batch Acc: 51.56%, Running Acc: 55.13%
Validation progress: 85/150 batches (56.7%)
  - Elapsed: 2.7s, Estimated remaining: 2.0s
Validation: 90/150 batches (60.1%)
  - Batch Acc: 45.31%, Running Acc: 55.26%
Validation progress: 90/150 batches (60.0%)
  - Elapsed: 2.7s, Estimated remaining: 1.7s
Validation: 95/150 batches (63.4%)
  - Batch Acc: 78.12%, Running Acc: 56.82%
Validation progress: 95/150 batches (63.3%)
  - Elapsed: 2.7s, Estimated remaining: 1.5s
Validation: 100/150 batches (66.8%)
  - Batch Acc: 12.50%, Running Acc: 55.62%
Validation progress: 100/150 batches (66.7%)
  - Elapsed: 2.8s, Estimated remaining: 1.3s
Validation: 105/150 batches (70.1%)
  - Batch Acc: 98.44%, Running Acc: 56.10%
Validation progress: 105/150 batches (70.0%)
  - Elapsed: 2.8s, Estimated remaining: 1.2s
Validation: 110/150 batches (73.4%)
  - Batch Acc: 88.28%, Running Acc: 56.45%
Validation progress: 110/150 batches (73.3%)
  - Elapsed: 2.9s, Estimated remaining: 1.0s
Validation: 115/150 batches (76.8%)
  - Batch Acc: 36.72%, Running Acc: 55.67%
Validation progress: 115/150 batches (76.7%)
  - Elapsed: 2.9s, Estimated remaining: 0.8s
Validation: 120/150 batches (80.1%)
  - Batch Acc: 38.28%, Running Acc: 55.59%
Validation progress: 120/150 batches (80.0%)
  - Elapsed: 2.9s, Estimated remaining: 0.7s
Validation: 125/150 batches (83.5%)
  - Batch Acc: 78.91%, Running Acc: 55.97%
Validation progress: 125/150 batches (83.3%)
  - Elapsed: 3.0s, Estimated remaining: 0.6s
Validation: 130/150 batches (86.8%)
  - Batch Acc: 47.66%, Running Acc: 55.75%
Validation progress: 130/150 batches (86.7%)
  - Elapsed: 3.0s, Estimated remaining: 0.4s
Validation: 135/150 batches (90.1%)
  - Batch Acc: 28.12%, Running Acc: 55.17%
Validation progress: 135/150 batches (90.0%)
  - Elapsed: 3.1s, Estimated remaining: 0.3s
Validation: 140/150 batches (93.5%)
  - Batch Acc: 78.12%, Running Acc: 55.42%
Validation progress: 140/150 batches (93.3%)
  - Elapsed: 3.1s, Estimated remaining: 0.2s
Validation: 145/150 batches (96.8%)
  - Batch Acc: 19.53%, Running Acc: 55.08%
Validation progress: 145/150 batches (96.7%)
  - Elapsed: 3.1s, Estimated remaining: 0.1s
Validation: 150/150 batches (100.2%)
  - Batch Acc: 1.02%, Running Acc: 54.82%
Validation complete in 3.61s - Loss: 3.3756, Accuracy: 0.5482

==== Epoch 19/100 ====
Starting training phase...
Training on 76609 samples...
Training: 100/599 batches (16.7%)
  - Batch Acc: 100.00%, Running Acc: 99.75%
  - Loss: 0.0014, Grad Norm: 0.0190
  - Learning Rate: 0.001000
Training: 200/599 batches (33.4%)
  - Batch Acc: 99.22%, Running Acc: 99.71%
  - Loss: 0.0069, Grad Norm: 0.0774
  - Learning Rate: 0.001000
Training: 300/599 batches (50.1%)
  - Batch Acc: 100.00%, Running Acc: 99.70%
  - Loss: 0.0002, Grad Norm: 0.0019
  - Learning Rate: 0.001000
Training: 400/599 batches (66.8%)
  - Batch Acc: 100.00%, Running Acc: 99.69%
  - Loss: 0.0006, Grad Norm: 0.0058
  - Learning Rate: 0.001000
Training: 500/599 batches (83.5%)
  - Batch Acc: 100.00%, Running Acc: 99.67%
  - Loss: 0.0031, Grad Norm: 0.0354
  - Learning Rate: 0.001000
Training: 599/599 batches (100.0%)
  - Batch Acc: 100.00%, Running Acc: 99.69%
  - Loss: 0.0030, Grad Norm: 0.0267
  - Learning Rate: 0.001000

Training phase complete
Epoch Summary:
  - Average Loss: 0.0088
  - Average Accuracy: 99.69%
  - Average Grad Norm: 0.0736
  - Final Learning Rate: 0.001000
Starting validation phase...
Starting validation on 19170 samples...
Entering no_grad block for validation
Validation progress: 0/150 batches (0.0%)
  - Elapsed: 2.0s, Estimated remaining: 0.0s
Validation: 5/150 batches (3.3%)
  - Batch Acc: 18.75%, Running Acc: 55.47%
Validation progress: 5/150 batches (3.3%)
  - Elapsed: 2.0s, Estimated remaining: 47.8s
Validation: 10/150 batches (6.7%)
  - Batch Acc: 100.00%, Running Acc: 65.78%
Validation progress: 10/150 batches (6.7%)
  - Elapsed: 2.0s, Estimated remaining: 25.8s
Validation: 15/150 batches (10.0%)
  - Batch Acc: 53.12%, Running Acc: 61.77%
Validation progress: 15/150 batches (10.0%)
  - Elapsed: 2.1s, Estimated remaining: 17.3s
Validation: 20/150 batches (13.4%)
  - Batch Acc: 57.03%, Running Acc: 59.84%
Validation progress: 20/150 batches (13.3%)
  - Elapsed: 2.1s, Estimated remaining: 12.8s
Validation: 25/150 batches (16.7%)
  - Batch Acc: 54.69%, Running Acc: 58.81%
Validation progress: 25/150 batches (16.7%)
  - Elapsed: 2.1s, Estimated remaining: 10.1s
Validation: 30/150 batches (20.0%)
  - Batch Acc: 18.75%, Running Acc: 53.91%
Validation progress: 30/150 batches (20.0%)
  - Elapsed: 2.2s, Estimated remaining: 8.3s
Validation: 35/150 batches (23.4%)
  - Batch Acc: 35.94%, Running Acc: 50.83%
Validation progress: 35/150 batches (23.3%)
  - Elapsed: 2.2s, Estimated remaining: 7.0s
Validation: 40/150 batches (26.7%)
  - Batch Acc: 19.53%, Running Acc: 47.79%
Validation progress: 40/150 batches (26.7%)
  - Elapsed: 2.2s, Estimated remaining: 6.0s
Validation: 45/150 batches (30.0%)
  - Batch Acc: 20.31%, Running Acc: 47.01%
Validation progress: 45/150 batches (30.0%)
  - Elapsed: 2.3s, Estimated remaining: 5.2s
Validation: 50/150 batches (33.4%)
  - Batch Acc: 62.50%, Running Acc: 47.88%
Validation progress: 50/150 batches (33.3%)
  - Elapsed: 2.3s, Estimated remaining: 4.5s
Validation: 55/150 batches (36.7%)
  - Batch Acc: 78.12%, Running Acc: 51.21%
Validation progress: 55/150 batches (36.7%)
  - Elapsed: 2.4s, Estimated remaining: 4.0s
Validation: 60/150 batches (40.1%)
  - Batch Acc: 36.72%, Running Acc: 51.76%
Validation progress: 60/150 batches (40.0%)
  - Elapsed: 2.4s, Estimated remaining: 3.5s
Validation: 65/150 batches (43.4%)
  - Batch Acc: 15.62%, Running Acc: 52.31%
Validation progress: 65/150 batches (43.3%)
  - Elapsed: 2.4s, Estimated remaining: 3.1s
Validation: 70/150 batches (46.7%)
  - Batch Acc: 94.53%, Running Acc: 54.48%
Validation progress: 70/150 batches (46.7%)
  - Elapsed: 2.5s, Estimated remaining: 2.8s
Validation: 75/150 batches (50.1%)
  - Batch Acc: 74.22%, Running Acc: 54.22%
Validation progress: 75/150 batches (50.0%)
  - Elapsed: 2.5s, Estimated remaining: 2.5s
Validation: 80/150 batches (53.4%)
  - Batch Acc: 85.16%, Running Acc: 53.92%
Validation progress: 80/150 batches (53.3%)
  - Elapsed: 2.6s, Estimated remaining: 2.2s
Validation: 85/150 batches (56.8%)
  - Batch Acc: 65.62%, Running Acc: 55.09%
Validation progress: 85/150 batches (56.7%)
  - Elapsed: 2.6s, Estimated remaining: 1.9s
Validation: 90/150 batches (60.1%)
  - Batch Acc: 35.94%, Running Acc: 54.53%
Validation progress: 90/150 batches (60.0%)
  - Elapsed: 2.6s, Estimated remaining: 1.7s
Validation: 95/150 batches (63.4%)
  - Batch Acc: 59.38%, Running Acc: 55.34%
Validation progress: 95/150 batches (63.3%)
  - Elapsed: 2.7s, Estimated remaining: 1.5s
Validation: 100/150 batches (66.8%)
  - Batch Acc: 6.25%, Running Acc: 53.80%
Validation progress: 100/150 batches (66.7%)
  - Elapsed: 2.7s, Estimated remaining: 1.3s
Validation: 105/150 batches (70.1%)
  - Batch Acc: 100.00%, Running Acc: 54.80%
Validation progress: 105/150 batches (70.0%)
  - Elapsed: 2.8s, Estimated remaining: 1.1s
Validation: 110/150 batches (73.4%)
  - Batch Acc: 100.00%, Running Acc: 56.22%
Validation progress: 110/150 batches (73.3%)
  - Elapsed: 2.8s, Estimated remaining: 1.0s
Validation: 115/150 batches (76.8%)
  - Batch Acc: 60.16%, Running Acc: 56.69%
Validation progress: 115/150 batches (76.7%)
  - Elapsed: 2.8s, Estimated remaining: 0.8s
Validation: 120/150 batches (80.1%)
  - Batch Acc: 54.69%, Running Acc: 57.21%
Validation progress: 120/150 batches (80.0%)
  - Elapsed: 2.9s, Estimated remaining: 0.7s
Validation: 125/150 batches (83.5%)
  - Batch Acc: 90.62%, Running Acc: 58.26%
Validation progress: 125/150 batches (83.3%)
  - Elapsed: 2.9s, Estimated remaining: 0.6s
Validation: 130/150 batches (86.8%)
  - Batch Acc: 33.59%, Running Acc: 57.73%
Validation progress: 130/150 batches (86.7%)
  - Elapsed: 2.9s, Estimated remaining: 0.4s
Validation: 135/150 batches (90.1%)
  - Batch Acc: 39.84%, Running Acc: 57.55%
Validation progress: 135/150 batches (90.0%)
  - Elapsed: 3.0s, Estimated remaining: 0.3s
Validation: 140/150 batches (93.5%)
  - Batch Acc: 74.22%, Running Acc: 57.58%
Validation progress: 140/150 batches (93.3%)
  - Elapsed: 3.0s, Estimated remaining: 0.2s
Validation: 145/150 batches (96.8%)
  - Batch Acc: 52.34%, Running Acc: 57.38%
Validation progress: 145/150 batches (96.7%)
  - Elapsed: 3.1s, Estimated remaining: 0.1s
Validation: 150/150 batches (100.2%)
  - Batch Acc: 19.39%, Running Acc: 57.16%
Validation complete in 3.52s - Loss: 2.9336, Accuracy: 0.5716

==== Epoch 20/100 ====
Starting training phase...
Training on 76609 samples...
Training: 100/599 batches (16.7%)
  - Batch Acc: 100.00%, Running Acc: 99.88%
  - Loss: 0.0006, Grad Norm: 0.0055
  - Learning Rate: 0.001000
Training: 200/599 batches (33.4%)
  - Batch Acc: 100.00%, Running Acc: 99.86%
  - Loss: 0.0012, Grad Norm: 0.0158
  - Learning Rate: 0.001000
Training: 300/599 batches (50.1%)
  - Batch Acc: 100.00%, Running Acc: 99.84%
  - Loss: 0.0011, Grad Norm: 0.0105
  - Learning Rate: 0.001000
Training: 400/599 batches (66.8%)
  - Batch Acc: 100.00%, Running Acc: 99.81%
  - Loss: 0.0028, Grad Norm: 0.0222
  - Learning Rate: 0.001000
Training: 500/599 batches (83.5%)
  - Batch Acc: 100.00%, Running Acc: 99.80%
  - Loss: 0.0010, Grad Norm: 0.0065
  - Learning Rate: 0.001000
Training: 599/599 batches (100.0%)
  - Batch Acc: 100.00%, Running Acc: 99.80%
  - Loss: 0.0002, Grad Norm: 0.0017
  - Learning Rate: 0.001000

Training phase complete
Epoch Summary:
  - Average Loss: 0.0061
  - Average Accuracy: 99.80%
  - Average Grad Norm: 0.0559
  - Final Learning Rate: 0.001000
Starting validation phase...
Starting validation on 19170 samples...
Entering no_grad block for validation
Validation progress: 0/150 batches (0.0%)
  - Elapsed: 1.9s, Estimated remaining: 0.0s
Validation: 5/150 batches (3.3%)
  - Batch Acc: 19.53%, Running Acc: 51.41%
Validation progress: 5/150 batches (3.3%)
  - Elapsed: 2.0s, Estimated remaining: 48.9s
Validation: 10/150 batches (6.7%)
  - Batch Acc: 100.00%, Running Acc: 64.38%
Validation progress: 10/150 batches (6.7%)
  - Elapsed: 2.1s, Estimated remaining: 25.9s
Validation: 15/150 batches (10.0%)
  - Batch Acc: 54.69%, Running Acc: 60.78%
Validation progress: 15/150 batches (10.0%)
  - Elapsed: 2.1s, Estimated remaining: 17.6s
Validation: 20/150 batches (13.4%)
  - Batch Acc: 73.44%, Running Acc: 60.90%
Validation progress: 20/150 batches (13.3%)
  - Elapsed: 2.1s, Estimated remaining: 13.1s
Validation: 25/150 batches (16.7%)
  - Batch Acc: 48.44%, Running Acc: 59.62%
Validation progress: 25/150 batches (16.7%)
  - Elapsed: 2.2s, Estimated remaining: 10.3s
Validation: 30/150 batches (20.0%)
  - Batch Acc: 21.09%, Running Acc: 55.31%
Validation progress: 30/150 batches (20.0%)
  - Elapsed: 2.2s, Estimated remaining: 8.5s
Validation: 35/150 batches (23.4%)
  - Batch Acc: 30.47%, Running Acc: 52.48%
Validation progress: 35/150 batches (23.3%)
  - Elapsed: 2.3s, Estimated remaining: 7.2s
Validation: 40/150 batches (26.7%)
  - Batch Acc: 51.56%, Running Acc: 50.16%
Validation progress: 40/150 batches (26.7%)
  - Elapsed: 2.3s, Estimated remaining: 6.1s
Validation: 45/150 batches (30.0%)
  - Batch Acc: 11.72%, Running Acc: 49.17%
Validation progress: 45/150 batches (30.0%)
  - Elapsed: 2.3s, Estimated remaining: 5.3s
Validation: 50/150 batches (33.4%)
  - Batch Acc: 65.62%, Running Acc: 49.69%
Validation progress: 50/150 batches (33.3%)
  - Elapsed: 2.4s, Estimated remaining: 4.6s
Validation: 55/150 batches (36.7%)
  - Batch Acc: 70.31%, Running Acc: 52.83%
Validation progress: 55/150 batches (36.7%)
  - Elapsed: 2.4s, Estimated remaining: 4.1s
Validation: 60/150 batches (40.1%)
  - Batch Acc: 45.31%, Running Acc: 53.26%
Validation progress: 60/150 batches (40.0%)
  - Elapsed: 2.5s, Estimated remaining: 3.6s
Validation: 65/150 batches (43.4%)
  - Batch Acc: 27.34%, Running Acc: 54.01%
Validation progress: 65/150 batches (43.3%)
  - Elapsed: 2.5s, Estimated remaining: 3.2s
Validation: 70/150 batches (46.7%)
  - Batch Acc: 90.62%, Running Acc: 56.26%
Validation progress: 70/150 batches (46.7%)
  - Elapsed: 2.6s, Estimated remaining: 2.9s
Validation: 75/150 batches (50.1%)
  - Batch Acc: 75.00%, Running Acc: 56.01%
Validation progress: 75/150 batches (50.0%)
  - Elapsed: 2.6s, Estimated remaining: 2.6s
Validation: 80/150 batches (53.4%)
  - Batch Acc: 88.28%, Running Acc: 55.68%
Validation progress: 80/150 batches (53.3%)
  - Elapsed: 2.7s, Estimated remaining: 2.3s
Validation: 85/150 batches (56.8%)
  - Batch Acc: 57.81%, Running Acc: 56.92%
Validation progress: 85/150 batches (56.7%)
  - Elapsed: 2.7s, Estimated remaining: 2.0s
Validation: 90/150 batches (60.1%)
  - Batch Acc: 42.19%, Running Acc: 56.13%
Validation progress: 90/150 batches (60.0%)
  - Elapsed: 2.8s, Estimated remaining: 1.8s
Validation: 95/150 batches (63.4%)
  - Batch Acc: 50.78%, Running Acc: 56.60%
Validation progress: 95/150 batches (63.3%)
  - Elapsed: 2.8s, Estimated remaining: 1.6s
Validation: 100/150 batches (66.8%)
  - Batch Acc: 5.47%, Running Acc: 55.02%
Validation progress: 100/150 batches (66.7%)
  - Elapsed: 2.8s, Estimated remaining: 1.4s
Validation: 105/150 batches (70.1%)
  - Batch Acc: 99.22%, Running Acc: 56.18%
Validation progress: 105/150 batches (70.0%)
  - Elapsed: 2.9s, Estimated remaining: 1.2s
Validation: 110/150 batches (73.4%)
  - Batch Acc: 98.44%, Running Acc: 57.27%
Validation progress: 110/150 batches (73.3%)
  - Elapsed: 2.9s, Estimated remaining: 1.0s
Validation: 115/150 batches (76.8%)
  - Batch Acc: 73.44%, Running Acc: 57.76%
Validation progress: 115/150 batches (76.7%)
  - Elapsed: 3.0s, Estimated remaining: 0.9s
Validation: 120/150 batches (80.1%)
  - Batch Acc: 57.81%, Running Acc: 58.14%
Validation progress: 120/150 batches (80.0%)
  - Elapsed: 3.0s, Estimated remaining: 0.7s
Validation: 125/150 batches (83.5%)
  - Batch Acc: 90.62%, Running Acc: 58.83%
Validation progress: 125/150 batches (83.3%)
  - Elapsed: 3.0s, Estimated remaining: 0.6s
Validation: 130/150 batches (86.8%)
  - Batch Acc: 32.81%, Running Acc: 58.41%
Validation progress: 130/150 batches (86.7%)
  - Elapsed: 3.1s, Estimated remaining: 0.4s
Validation: 135/150 batches (90.1%)
  - Batch Acc: 28.91%, Running Acc: 58.19%
Validation progress: 135/150 batches (90.0%)
  - Elapsed: 3.1s, Estimated remaining: 0.3s
Validation: 140/150 batches (93.5%)
  - Batch Acc: 71.88%, Running Acc: 58.14%
Validation progress: 140/150 batches (93.3%)
  - Elapsed: 3.2s, Estimated remaining: 0.2s
Validation: 145/150 batches (96.8%)
  - Batch Acc: 62.50%, Running Acc: 58.19%
Validation progress: 145/150 batches (96.7%)
  - Elapsed: 3.2s, Estimated remaining: 0.1s
Validation: 150/150 batches (100.2%)
  - Batch Acc: 33.67%, Running Acc: 58.05%
Validation complete in 3.64s - Loss: 3.0209, Accuracy: 0.5805

==== Epoch 21/100 ====
Starting training phase...
Training on 76609 samples...
Training: 100/599 batches (16.7%)
  - Batch Acc: 98.44%, Running Acc: 99.83%
  - Loss: 0.0302, Grad Norm: 0.3222
  - Learning Rate: 0.001000
Training: 200/599 batches (33.4%)
  - Batch Acc: 100.00%, Running Acc: 99.75%
  - Loss: 0.0060, Grad Norm: 0.0865
  - Learning Rate: 0.001000
Training: 300/599 batches (50.1%)
  - Batch Acc: 100.00%, Running Acc: 99.78%
  - Loss: 0.0006, Grad Norm: 0.0067
  - Learning Rate: 0.001000
Training: 400/599 batches (66.8%)
  - Batch Acc: 100.00%, Running Acc: 99.80%
  - Loss: 0.0009, Grad Norm: 0.0077
  - Learning Rate: 0.001000
Training: 500/599 batches (83.5%)
  - Batch Acc: 100.00%, Running Acc: 99.80%
  - Loss: 0.0004, Grad Norm: 0.0091
  - Learning Rate: 0.001000
Training: 599/599 batches (100.0%)
  - Batch Acc: 100.00%, Running Acc: 99.80%
  - Loss: 0.0037, Grad Norm: 0.0278
  - Learning Rate: 0.001000

Training phase complete
Epoch Summary:
  - Average Loss: 0.0060
  - Average Accuracy: 99.80%
  - Average Grad Norm: 0.0578
  - Final Learning Rate: 0.001000
Starting validation phase...
Starting validation on 19170 samples...
Entering no_grad block for validation
Validation progress: 0/150 batches (0.0%)
  - Elapsed: 1.9s, Estimated remaining: 0.0s
Validation: 5/150 batches (3.3%)
  - Batch Acc: 23.44%, Running Acc: 64.38%
Validation progress: 5/150 batches (3.3%)
  - Elapsed: 2.0s, Estimated remaining: 47.5s
Validation: 10/150 batches (6.7%)
  - Batch Acc: 89.06%, Running Acc: 71.09%
Validation progress: 10/150 batches (6.7%)
  - Elapsed: 2.0s, Estimated remaining: 25.7s
Validation: 15/150 batches (10.0%)
  - Batch Acc: 78.12%, Running Acc: 60.99%
Validation progress: 15/150 batches (10.0%)
  - Elapsed: 2.1s, Estimated remaining: 17.3s
Validation: 20/150 batches (13.4%)
  - Batch Acc: 74.22%, Running Acc: 62.46%
Validation progress: 20/150 batches (13.3%)
  - Elapsed: 2.1s, Estimated remaining: 12.8s
Validation: 25/150 batches (16.7%)
  - Batch Acc: 85.16%, Running Acc: 61.34%
Validation progress: 25/150 batches (16.7%)
  - Elapsed: 2.1s, Estimated remaining: 10.2s
Validation: 30/150 batches (20.0%)
  - Batch Acc: 17.19%, Running Acc: 57.37%
Validation progress: 30/150 batches (20.0%)
  - Elapsed: 2.2s, Estimated remaining: 8.4s
Validation: 35/150 batches (23.4%)
  - Batch Acc: 28.12%, Running Acc: 54.75%
Validation progress: 35/150 batches (23.3%)
  - Elapsed: 2.2s, Estimated remaining: 7.0s
Validation: 40/150 batches (26.7%)
  - Batch Acc: 45.31%, Running Acc: 53.18%
Validation progress: 40/150 batches (26.7%)
  - Elapsed: 2.3s, Estimated remaining: 6.0s
Validation: 45/150 batches (30.0%)
  - Batch Acc: 28.12%, Running Acc: 52.66%
Validation progress: 45/150 batches (30.0%)
  - Elapsed: 2.3s, Estimated remaining: 5.2s
Validation: 50/150 batches (33.4%)
  - Batch Acc: 53.91%, Running Acc: 53.28%
Validation progress: 50/150 batches (33.3%)
  - Elapsed: 2.4s, Estimated remaining: 4.6s
Validation: 55/150 batches (36.7%)
  - Batch Acc: 50.00%, Running Acc: 54.99%
Validation progress: 55/150 batches (36.7%)
  - Elapsed: 2.4s, Estimated remaining: 4.0s
Validation: 60/150 batches (40.1%)
  - Batch Acc: 10.94%, Running Acc: 53.31%
Validation progress: 60/150 batches (40.0%)
  - Elapsed: 2.5s, Estimated remaining: 3.6s
Validation: 65/150 batches (43.4%)
  - Batch Acc: 0.00%, Running Acc: 52.39%
Validation progress: 65/150 batches (43.3%)
  - Elapsed: 2.5s, Estimated remaining: 3.2s
Validation: 70/150 batches (46.7%)
  - Batch Acc: 86.72%, Running Acc: 54.01%
Validation progress: 70/150 batches (46.7%)
  - Elapsed: 2.5s, Estimated remaining: 2.8s
Validation: 75/150 batches (50.1%)
  - Batch Acc: 73.44%, Running Acc: 53.45%
Validation progress: 75/150 batches (50.0%)
  - Elapsed: 2.6s, Estimated remaining: 2.5s
Validation: 80/150 batches (53.4%)
  - Batch Acc: 75.00%, Running Acc: 53.05%
Validation progress: 80/150 batches (53.3%)
  - Elapsed: 2.6s, Estimated remaining: 2.2s
Validation: 85/150 batches (56.8%)
  - Batch Acc: 57.03%, Running Acc: 53.63%
Validation progress: 85/150 batches (56.7%)
  - Elapsed: 2.7s, Estimated remaining: 2.0s
Validation: 90/150 batches (60.1%)
  - Batch Acc: 53.12%, Running Acc: 53.84%
Validation progress: 90/150 batches (60.0%)
  - Elapsed: 2.7s, Estimated remaining: 1.8s
Validation: 95/150 batches (63.4%)
  - Batch Acc: 81.25%, Running Acc: 55.61%
Validation progress: 95/150 batches (63.3%)
  - Elapsed: 2.8s, Estimated remaining: 1.6s
Validation: 100/150 batches (66.8%)
  - Batch Acc: 7.81%, Running Acc: 54.66%
Validation progress: 100/150 batches (66.7%)
  - Elapsed: 2.8s, Estimated remaining: 1.4s
Validation: 105/150 batches (70.1%)
  - Batch Acc: 88.28%, Running Acc: 55.18%
Validation progress: 105/150 batches (70.0%)
  - Elapsed: 2.9s, Estimated remaining: 1.2s
Validation: 110/150 batches (73.4%)
  - Batch Acc: 93.75%, Running Acc: 55.88%
Validation progress: 110/150 batches (73.3%)
  - Elapsed: 2.9s, Estimated remaining: 1.0s
Validation: 115/150 batches (76.8%)
  - Batch Acc: 51.56%, Running Acc: 55.62%
Validation progress: 115/150 batches (76.7%)
  - Elapsed: 3.0s, Estimated remaining: 0.9s
Validation: 120/150 batches (80.1%)
  - Batch Acc: 46.09%, Running Acc: 55.77%
Validation progress: 120/150 batches (80.0%)
  - Elapsed: 3.0s, Estimated remaining: 0.7s
Validation: 125/150 batches (83.5%)
  - Batch Acc: 80.47%, Running Acc: 55.77%
Validation progress: 125/150 batches (83.3%)
  - Elapsed: 3.0s, Estimated remaining: 0.6s
Validation: 130/150 batches (86.8%)
  - Batch Acc: 50.78%, Running Acc: 55.37%
Validation progress: 130/150 batches (86.7%)
  - Elapsed: 3.1s, Estimated remaining: 0.4s
Validation: 135/150 batches (90.1%)
  - Batch Acc: 10.94%, Running Acc: 54.57%
Validation progress: 135/150 batches (90.0%)
  - Elapsed: 3.1s, Estimated remaining: 0.3s
Validation: 140/150 batches (93.5%)
  - Batch Acc: 76.56%, Running Acc: 54.77%
Validation progress: 140/150 batches (93.3%)
  - Elapsed: 3.2s, Estimated remaining: 0.2s
Validation: 145/150 batches (96.8%)
  - Batch Acc: 0.00%, Running Acc: 54.09%
Validation progress: 145/150 batches (96.7%)
  - Elapsed: 3.2s, Estimated remaining: 0.1s
Validation: 150/150 batches (100.2%)
  - Batch Acc: 10.20%, Running Acc: 53.97%
Validation complete in 3.68s - Loss: 3.4109, Accuracy: 0.5397

==== Epoch 22/100 ====
Starting training phase...
Training on 76609 samples...
Training: 100/599 batches (16.7%)
  - Batch Acc: 100.00%, Running Acc: 99.79%
  - Loss: 0.0058, Grad Norm: 0.0729
  - Learning Rate: 0.001000
Training: 200/599 batches (33.4%)
  - Batch Acc: 99.22%, Running Acc: 99.71%
  - Loss: 0.0151, Grad Norm: 0.0976
  - Learning Rate: 0.001000
Training: 300/599 batches (50.1%)
  - Batch Acc: 99.22%, Running Acc: 99.70%
  - Loss: 0.0129, Grad Norm: 0.1958
  - Learning Rate: 0.001000
Training: 400/599 batches (66.8%)
  - Batch Acc: 100.00%, Running Acc: 99.75%
  - Loss: 0.0003, Grad Norm: 0.0022
  - Learning Rate: 0.001000
Training: 500/599 batches (83.5%)
  - Batch Acc: 100.00%, Running Acc: 99.74%
  - Loss: 0.0005, Grad Norm: 0.0056
  - Learning Rate: 0.001000
Training: 599/599 batches (100.0%)
  - Batch Acc: 100.00%, Running Acc: 99.76%
  - Loss: 0.0003, Grad Norm: 0.0039
  - Learning Rate: 0.001000

Training phase complete
Epoch Summary:
  - Average Loss: 0.0067
  - Average Accuracy: 99.76%
  - Average Grad Norm: 0.0584
  - Final Learning Rate: 0.001000
Starting validation phase...
Starting validation on 19170 samples...
Entering no_grad block for validation
Validation progress: 0/150 batches (0.0%)
  - Elapsed: 1.9s, Estimated remaining: 0.0s
Validation: 5/150 batches (3.3%)
  - Batch Acc: 13.28%, Running Acc: 36.56%
Validation progress: 5/150 batches (3.3%)
  - Elapsed: 2.0s, Estimated remaining: 48.0s
Validation: 10/150 batches (6.7%)
  - Batch Acc: 100.00%, Running Acc: 56.33%
Validation progress: 10/150 batches (6.7%)
  - Elapsed: 2.0s, Estimated remaining: 25.8s
Validation: 15/150 batches (10.0%)
  - Batch Acc: 38.28%, Running Acc: 55.16%
Validation progress: 15/150 batches (10.0%)
  - Elapsed: 2.1s, Estimated remaining: 17.2s
Validation: 20/150 batches (13.4%)
  - Batch Acc: 38.28%, Running Acc: 53.05%
Validation progress: 20/150 batches (13.3%)
  - Elapsed: 2.1s, Estimated remaining: 12.9s
Validation: 25/150 batches (16.7%)
  - Batch Acc: 53.12%, Running Acc: 54.16%
Validation progress: 25/150 batches (16.7%)
  - Elapsed: 2.1s, Estimated remaining: 10.2s
Validation: 30/150 batches (20.0%)
  - Batch Acc: 82.03%, Running Acc: 54.11%
Validation progress: 30/150 batches (20.0%)
  - Elapsed: 2.2s, Estimated remaining: 8.3s
Validation: 35/150 batches (23.4%)
  - Batch Acc: 19.53%, Running Acc: 51.54%
Validation progress: 35/150 batches (23.3%)
  - Elapsed: 2.2s, Estimated remaining: 7.0s
Validation: 40/150 batches (26.7%)
  - Batch Acc: 32.81%, Running Acc: 47.36%
Validation progress: 40/150 batches (26.7%)
  - Elapsed: 2.3s, Estimated remaining: 6.0s
Validation: 45/150 batches (30.0%)
  - Batch Acc: 25.00%, Running Acc: 46.77%
Validation progress: 45/150 batches (30.0%)
  - Elapsed: 2.3s, Estimated remaining: 5.2s
Validation: 50/150 batches (33.4%)
  - Batch Acc: 59.38%, Running Acc: 48.28%
Validation progress: 50/150 batches (33.3%)
  - Elapsed: 2.3s, Estimated remaining: 4.5s
Validation: 55/150 batches (36.7%)
  - Batch Acc: 75.78%, Running Acc: 51.61%
Validation progress: 55/150 batches (36.7%)
  - Elapsed: 2.4s, Estimated remaining: 4.0s
Validation: 60/150 batches (40.1%)
  - Batch Acc: 21.09%, Running Acc: 52.68%
Validation progress: 60/150 batches (40.0%)
  - Elapsed: 2.4s, Estimated remaining: 3.5s
Validation: 65/150 batches (43.4%)
  - Batch Acc: 28.91%, Running Acc: 53.06%
Validation progress: 65/150 batches (43.3%)
  - Elapsed: 2.5s, Estimated remaining: 3.1s
Validation: 70/150 batches (46.7%)
  - Batch Acc: 96.88%, Running Acc: 55.59%
Validation progress: 70/150 batches (46.7%)
  - Elapsed: 2.5s, Estimated remaining: 2.8s
Validation: 75/150 batches (50.1%)
  - Batch Acc: 73.44%, Running Acc: 55.02%
Validation progress: 75/150 batches (50.0%)
  - Elapsed: 2.5s, Estimated remaining: 2.5s
Validation: 80/150 batches (53.4%)
  - Batch Acc: 73.44%, Running Acc: 54.37%
Validation progress: 80/150 batches (53.3%)
  - Elapsed: 2.6s, Estimated remaining: 2.2s
Validation: 85/150 batches (56.8%)
  - Batch Acc: 50.00%, Running Acc: 55.20%
Validation progress: 85/150 batches (56.7%)
  - Elapsed: 2.6s, Estimated remaining: 1.9s
Validation: 90/150 batches (60.1%)
  - Batch Acc: 28.91%, Running Acc: 53.75%
Validation progress: 90/150 batches (60.0%)
  - Elapsed: 2.7s, Estimated remaining: 1.7s
Validation: 95/150 batches (63.4%)
  - Batch Acc: 78.91%, Running Acc: 53.79%
Validation progress: 95/150 batches (63.3%)
  - Elapsed: 2.7s, Estimated remaining: 1.5s
Validation: 100/150 batches (66.8%)
  - Batch Acc: 4.69%, Running Acc: 52.04%
Validation progress: 100/150 batches (66.7%)
  - Elapsed: 2.7s, Estimated remaining: 1.3s
Validation: 105/150 batches (70.1%)
  - Batch Acc: 98.44%, Running Acc: 53.30%
Validation progress: 105/150 batches (70.0%)
  - Elapsed: 2.8s, Estimated remaining: 1.2s
Validation: 110/150 batches (73.4%)
  - Batch Acc: 100.00%, Running Acc: 55.21%
Validation progress: 110/150 batches (73.3%)
  - Elapsed: 2.8s, Estimated remaining: 1.0s
Validation: 115/150 batches (76.8%)
  - Batch Acc: 78.12%, Running Acc: 56.42%
Validation progress: 115/150 batches (76.7%)
  - Elapsed: 2.9s, Estimated remaining: 0.8s
Validation: 120/150 batches (80.1%)
  - Batch Acc: 67.97%, Running Acc: 57.25%
Validation progress: 120/150 batches (80.0%)
  - Elapsed: 2.9s, Estimated remaining: 0.7s
Validation: 125/150 batches (83.5%)
  - Batch Acc: 94.53%, Running Acc: 58.54%
Validation progress: 125/150 batches (83.3%)
  - Elapsed: 3.0s, Estimated remaining: 0.6s
Validation: 130/150 batches (86.8%)
  - Batch Acc: 21.09%, Running Acc: 58.79%
Validation progress: 130/150 batches (86.7%)
  - Elapsed: 3.0s, Estimated remaining: 0.4s
Validation: 135/150 batches (90.1%)
  - Batch Acc: 26.56%, Running Acc: 58.52%
Validation progress: 135/150 batches (90.0%)
  - Elapsed: 3.0s, Estimated remaining: 0.3s
Validation: 140/150 batches (93.5%)
  - Batch Acc: 49.22%, Running Acc: 58.26%
Validation progress: 140/150 batches (93.3%)
  - Elapsed: 3.1s, Estimated remaining: 0.2s
Validation: 145/150 batches (96.8%)
  - Batch Acc: 32.03%, Running Acc: 57.77%
Validation progress: 145/150 batches (96.7%)
  - Elapsed: 3.1s, Estimated remaining: 0.1s
Validation: 150/150 batches (100.2%)
  - Batch Acc: 83.67%, Running Acc: 58.12%
Validation complete in 3.59s - Loss: 3.1499, Accuracy: 0.5812

==== Epoch 23/100 ====
Starting training phase...
Training on 76609 samples...
Training: 100/599 batches (16.7%)
  - Batch Acc: 100.00%, Running Acc: 99.86%
  - Loss: 0.0001, Grad Norm: 0.0006
  - Learning Rate: 0.000200
Training: 200/599 batches (33.4%)
  - Batch Acc: 100.00%, Running Acc: 99.88%
  - Loss: 0.0002, Grad Norm: 0.0021
  - Learning Rate: 0.000200
Training: 300/599 batches (50.1%)
  - Batch Acc: 100.00%, Running Acc: 99.89%
  - Loss: 0.0001, Grad Norm: 0.0006
  - Learning Rate: 0.000200
Training: 400/599 batches (66.8%)
  - Batch Acc: 100.00%, Running Acc: 99.90%
  - Loss: 0.0001, Grad Norm: 0.0009
  - Learning Rate: 0.000200
Training: 500/599 batches (83.5%)
  - Batch Acc: 100.00%, Running Acc: 99.91%
  - Loss: 0.0005, Grad Norm: 0.0073
  - Learning Rate: 0.000200
Training: 599/599 batches (100.0%)
  - Batch Acc: 100.00%, Running Acc: 99.92%
  - Loss: 0.0005, Grad Norm: 0.0070
  - Learning Rate: 0.000200

Training phase complete
Epoch Summary:
  - Average Loss: 0.0025
  - Average Accuracy: 99.92%
  - Average Grad Norm: 0.0282
  - Final Learning Rate: 0.000200
Starting validation phase...
Starting validation on 19170 samples...
Entering no_grad block for validation
Validation progress: 0/150 batches (0.0%)
  - Elapsed: 1.9s, Estimated remaining: 0.0s
Validation: 5/150 batches (3.3%)
  - Batch Acc: 16.41%, Running Acc: 47.81%
Validation progress: 5/150 batches (3.3%)
  - Elapsed: 2.0s, Estimated remaining: 48.6s
Validation: 10/150 batches (6.7%)
  - Batch Acc: 100.00%, Running Acc: 62.19%
Validation progress: 10/150 batches (6.7%)
  - Elapsed: 2.1s, Estimated remaining: 26.2s
Validation: 15/150 batches (10.0%)
  - Batch Acc: 60.94%, Running Acc: 59.48%
Validation progress: 15/150 batches (10.0%)
  - Elapsed: 2.1s, Estimated remaining: 17.6s
Validation: 20/150 batches (13.4%)
  - Batch Acc: 69.53%, Running Acc: 59.69%
Validation progress: 20/150 batches (13.3%)
  - Elapsed: 2.1s, Estimated remaining: 13.2s
Validation: 25/150 batches (16.7%)
  - Batch Acc: 52.34%, Running Acc: 58.78%
Validation progress: 25/150 batches (16.7%)
  - Elapsed: 2.2s, Estimated remaining: 10.5s
Validation: 30/150 batches (20.0%)
  - Batch Acc: 50.00%, Running Acc: 56.15%
Validation progress: 30/150 batches (20.0%)
  - Elapsed: 2.2s, Estimated remaining: 8.6s
Validation: 35/150 batches (23.4%)
  - Batch Acc: 23.44%, Running Acc: 52.83%
Validation progress: 35/150 batches (23.3%)
  - Elapsed: 2.3s, Estimated remaining: 7.2s
Validation: 40/150 batches (26.7%)
  - Batch Acc: 35.94%, Running Acc: 49.47%
Validation progress: 40/150 batches (26.7%)
  - Elapsed: 2.3s, Estimated remaining: 6.2s
Validation: 45/150 batches (30.0%)
  - Batch Acc: 24.22%, Running Acc: 48.12%
Validation progress: 45/150 batches (30.0%)
  - Elapsed: 2.4s, Estimated remaining: 5.4s
Validation: 50/150 batches (33.4%)
  - Batch Acc: 62.50%, Running Acc: 49.59%
Validation progress: 50/150 batches (33.3%)
  - Elapsed: 2.4s, Estimated remaining: 4.7s
Validation: 55/150 batches (36.7%)
  - Batch Acc: 72.66%, Running Acc: 52.81%
Validation progress: 55/150 batches (36.7%)
  - Elapsed: 2.5s, Estimated remaining: 4.1s
Validation: 60/150 batches (40.1%)
  - Batch Acc: 20.31%, Running Acc: 53.28%
Validation progress: 60/150 batches (40.0%)
  - Elapsed: 2.5s, Estimated remaining: 3.7s
Validation: 65/150 batches (43.4%)
  - Batch Acc: 24.22%, Running Acc: 53.56%
Validation progress: 65/150 batches (43.3%)
  - Elapsed: 2.6s, Estimated remaining: 3.3s
Validation: 70/150 batches (46.7%)
  - Batch Acc: 90.62%, Running Acc: 55.71%
Validation progress: 70/150 batches (46.7%)
  - Elapsed: 2.6s, Estimated remaining: 2.9s
Validation: 75/150 batches (50.1%)
  - Batch Acc: 74.22%, Running Acc: 55.20%
Validation progress: 75/150 batches (50.0%)
  - Elapsed: 2.7s, Estimated remaining: 2.6s
Validation: 80/150 batches (53.4%)
  - Batch Acc: 88.28%, Running Acc: 54.76%
Validation progress: 80/150 batches (53.3%)
  - Elapsed: 2.7s, Estimated remaining: 2.3s
Validation: 85/150 batches (56.8%)
  - Batch Acc: 57.03%, Running Acc: 55.79%
Validation progress: 85/150 batches (56.7%)
  - Elapsed: 2.7s, Estimated remaining: 2.0s
Validation: 90/150 batches (60.1%)
  - Batch Acc: 34.38%, Running Acc: 54.76%
Validation progress: 90/150 batches (60.0%)
  - Elapsed: 2.8s, Estimated remaining: 1.8s
Validation: 95/150 batches (63.4%)
  - Batch Acc: 74.22%, Running Acc: 55.28%
Validation progress: 95/150 batches (63.3%)
  - Elapsed: 2.8s, Estimated remaining: 1.6s
Validation: 100/150 batches (66.8%)
  - Batch Acc: 5.47%, Running Acc: 53.58%
Validation progress: 100/150 batches (66.7%)
  - Elapsed: 2.9s, Estimated remaining: 1.4s
Validation: 105/150 batches (70.1%)
  - Batch Acc: 98.44%, Running Acc: 54.67%
Validation progress: 105/150 batches (70.0%)
  - Elapsed: 2.9s, Estimated remaining: 1.2s
Validation: 110/150 batches (73.4%)
  - Batch Acc: 100.00%, Running Acc: 56.19%
Validation progress: 110/150 batches (73.3%)
  - Elapsed: 3.0s, Estimated remaining: 1.0s
Validation: 115/150 batches (76.8%)
  - Batch Acc: 75.00%, Running Acc: 57.13%
Validation progress: 115/150 batches (76.7%)
  - Elapsed: 3.0s, Estimated remaining: 0.9s
Validation: 120/150 batches (80.1%)
  - Batch Acc: 53.91%, Running Acc: 57.78%
Validation progress: 120/150 batches (80.0%)
  - Elapsed: 3.1s, Estimated remaining: 0.7s
Validation: 125/150 batches (83.5%)
  - Batch Acc: 92.97%, Running Acc: 58.92%
Validation progress: 125/150 batches (83.3%)
  - Elapsed: 3.1s, Estimated remaining: 0.6s
Validation: 130/150 batches (86.8%)
  - Batch Acc: 18.75%, Running Acc: 58.55%
Validation progress: 130/150 batches (86.7%)
  - Elapsed: 3.1s, Estimated remaining: 0.5s
Validation: 135/150 batches (90.1%)
  - Batch Acc: 22.66%, Running Acc: 58.34%
Validation progress: 135/150 batches (90.0%)
  - Elapsed: 3.2s, Estimated remaining: 0.3s
Validation: 140/150 batches (93.5%)
  - Batch Acc: 54.69%, Running Acc: 58.09%
Validation progress: 140/150 batches (93.3%)
  - Elapsed: 3.2s, Estimated remaining: 0.2s
Validation: 145/150 batches (96.8%)
  - Batch Acc: 29.69%, Running Acc: 57.59%
Validation progress: 145/150 batches (96.7%)
  - Elapsed: 3.2s, Estimated remaining: 0.1s
Validation: 150/150 batches (100.2%)
  - Batch Acc: 36.73%, Running Acc: 57.55%
Validation complete in 3.71s - Loss: 3.0704, Accuracy: 0.5755

==== Epoch 24/100 ====
Starting training phase...
Training on 76609 samples...
Training: 100/599 batches (16.7%)
  - Batch Acc: 100.00%, Running Acc: 99.95%
  - Loss: 0.0001, Grad Norm: 0.0009
  - Learning Rate: 0.000200
Training: 200/599 batches (33.4%)
  - Batch Acc: 100.00%, Running Acc: 99.97%
  - Loss: 0.0000, Grad Norm: 0.0001
  - Learning Rate: 0.000200
Training: 300/599 batches (50.1%)
  - Batch Acc: 100.00%, Running Acc: 99.98%
  - Loss: 0.0004, Grad Norm: 0.0065
  - Learning Rate: 0.000200
Training: 400/599 batches (66.8%)
  - Batch Acc: 100.00%, Running Acc: 99.97%
  - Loss: 0.0004, Grad Norm: 0.0050
  - Learning Rate: 0.000200
Training: 500/599 batches (83.5%)
  - Batch Acc: 100.00%, Running Acc: 99.97%
  - Loss: 0.0002, Grad Norm: 0.0034
  - Learning Rate: 0.000200
Training: 599/599 batches (100.0%)
  - Batch Acc: 98.46%, Running Acc: 99.97%
  - Loss: 0.0850, Grad Norm: 0.3538
  - Learning Rate: 0.000200

Training phase complete
Epoch Summary:
  - Average Loss: 0.0010
  - Average Accuracy: 99.97%
  - Average Grad Norm: 0.0135
  - Final Learning Rate: 0.000200
Starting validation phase...
Starting validation on 19170 samples...
Entering no_grad block for validation
Validation progress: 0/150 batches (0.0%)
  - Elapsed: 1.9s, Estimated remaining: 0.0s
Validation: 5/150 batches (3.3%)
  - Batch Acc: 18.75%, Running Acc: 48.59%
Validation progress: 5/150 batches (3.3%)
  - Elapsed: 2.0s, Estimated remaining: 48.5s
Validation: 10/150 batches (6.7%)
  - Batch Acc: 100.00%, Running Acc: 62.34%
Validation progress: 10/150 batches (6.7%)
  - Elapsed: 2.0s, Estimated remaining: 25.8s
Validation: 15/150 batches (10.0%)
  - Batch Acc: 62.50%, Running Acc: 58.70%
Validation progress: 15/150 batches (10.0%)
  - Elapsed: 2.1s, Estimated remaining: 17.4s
Validation: 20/150 batches (13.4%)
  - Batch Acc: 73.44%, Running Acc: 60.47%
Validation progress: 20/150 batches (13.3%)
  - Elapsed: 2.1s, Estimated remaining: 13.1s
Validation: 25/150 batches (16.7%)
  - Batch Acc: 66.41%, Running Acc: 60.03%
Validation progress: 25/150 batches (16.7%)
  - Elapsed: 2.2s, Estimated remaining: 10.3s
Validation: 30/150 batches (20.0%)
  - Batch Acc: 68.75%, Running Acc: 58.31%
Validation progress: 30/150 batches (20.0%)
  - Elapsed: 2.2s, Estimated remaining: 8.5s
Validation: 35/150 batches (23.4%)
  - Batch Acc: 26.56%, Running Acc: 55.62%
Validation progress: 35/150 batches (23.3%)
  - Elapsed: 2.3s, Estimated remaining: 7.1s
Validation: 40/150 batches (26.7%)
  - Batch Acc: 31.25%, Running Acc: 51.91%
Validation progress: 40/150 batches (26.7%)
  - Elapsed: 2.3s, Estimated remaining: 6.1s
Validation: 45/150 batches (30.0%)
  - Batch Acc: 25.78%, Running Acc: 51.04%
Validation progress: 45/150 batches (30.0%)
  - Elapsed: 2.3s, Estimated remaining: 5.3s
Validation: 50/150 batches (33.4%)
  - Batch Acc: 60.16%, Running Acc: 52.80%
Validation progress: 50/150 batches (33.3%)
  - Elapsed: 2.4s, Estimated remaining: 4.6s
Validation: 55/150 batches (36.7%)
  - Batch Acc: 66.41%, Running Acc: 55.40%
Validation progress: 55/150 batches (36.7%)
  - Elapsed: 2.4s, Estimated remaining: 4.1s
Validation: 60/150 batches (40.1%)
  - Batch Acc: 15.62%, Running Acc: 55.27%
Validation progress: 60/150 batches (40.0%)
  - Elapsed: 2.5s, Estimated remaining: 3.6s
Validation: 65/150 batches (43.4%)
  - Batch Acc: 24.22%, Running Acc: 54.98%
Validation progress: 65/150 batches (43.3%)
  - Elapsed: 2.5s, Estimated remaining: 3.2s
Validation: 70/150 batches (46.7%)
  - Batch Acc: 89.84%, Running Acc: 57.00%
Validation progress: 70/150 batches (46.7%)
  - Elapsed: 2.6s, Estimated remaining: 2.9s
Validation: 75/150 batches (50.1%)
  - Batch Acc: 73.44%, Running Acc: 56.21%
Validation progress: 75/150 batches (50.0%)
  - Elapsed: 2.6s, Estimated remaining: 2.5s
Validation: 80/150 batches (53.4%)
  - Batch Acc: 74.22%, Running Acc: 55.57%
Validation progress: 80/150 batches (53.3%)
  - Elapsed: 2.7s, Estimated remaining: 2.3s
Validation: 85/150 batches (56.8%)
  - Batch Acc: 61.72%, Running Acc: 56.42%
Validation progress: 85/150 batches (56.7%)
  - Elapsed: 2.7s, Estimated remaining: 2.0s
Validation: 90/150 batches (60.1%)
  - Batch Acc: 39.06%, Running Acc: 55.57%
Validation progress: 90/150 batches (60.0%)
  - Elapsed: 2.7s, Estimated remaining: 1.8s
Validation: 95/150 batches (63.4%)
  - Batch Acc: 78.91%, Running Acc: 56.05%
Validation progress: 95/150 batches (63.3%)
  - Elapsed: 2.8s, Estimated remaining: 1.6s
Validation: 100/150 batches (66.8%)
  - Batch Acc: 17.19%, Running Acc: 54.61%
Validation progress: 100/150 batches (66.7%)
  - Elapsed: 2.8s, Estimated remaining: 1.4s
Validation: 105/150 batches (70.1%)
  - Batch Acc: 96.88%, Running Acc: 55.56%
Validation progress: 105/150 batches (70.0%)
  - Elapsed: 2.9s, Estimated remaining: 1.2s
Validation: 110/150 batches (73.4%)
  - Batch Acc: 100.00%, Running Acc: 56.86%
Validation progress: 110/150 batches (73.3%)
  - Elapsed: 2.9s, Estimated remaining: 1.0s
Validation: 115/150 batches (76.8%)
  - Batch Acc: 44.53%, Running Acc: 57.34%
Validation progress: 115/150 batches (76.7%)
  - Elapsed: 3.0s, Estimated remaining: 0.9s
Validation: 120/150 batches (80.1%)
  - Batch Acc: 51.56%, Running Acc: 57.75%
Validation progress: 120/150 batches (80.0%)
  - Elapsed: 3.0s, Estimated remaining: 0.7s
Validation: 125/150 batches (83.5%)
  - Batch Acc: 92.97%, Running Acc: 58.91%
Validation progress: 125/150 batches (83.3%)
  - Elapsed: 3.1s, Estimated remaining: 0.6s
Validation: 130/150 batches (86.8%)
  - Batch Acc: 23.44%, Running Acc: 58.55%
Validation progress: 130/150 batches (86.7%)
  - Elapsed: 3.1s, Estimated remaining: 0.4s
Validation: 135/150 batches (90.1%)
  - Batch Acc: 17.19%, Running Acc: 58.11%
Validation progress: 135/150 batches (90.0%)
  - Elapsed: 3.1s, Estimated remaining: 0.3s
Validation: 140/150 batches (93.5%)
  - Batch Acc: 68.75%, Running Acc: 57.94%
Validation progress: 140/150 batches (93.3%)
  - Elapsed: 3.2s, Estimated remaining: 0.2s
Validation: 145/150 batches (96.8%)
  - Batch Acc: 24.22%, Running Acc: 57.44%
Validation progress: 145/150 batches (96.7%)
  - Elapsed: 3.2s, Estimated remaining: 0.1s
Validation: 150/150 batches (100.2%)
  - Batch Acc: 34.69%, Running Acc: 57.50%
Validation complete in 3.66s - Loss: 3.1783, Accuracy: 0.5750

==== Epoch 25/100 ====
Starting training phase...
Training on 76609 samples...
Training: 100/599 batches (16.7%)
  - Batch Acc: 100.00%, Running Acc: 99.99%
  - Loss: 0.0002, Grad Norm: 0.0043
  - Learning Rate: 0.000200
Training: 200/599 batches (33.4%)
  - Batch Acc: 100.00%, Running Acc: 99.99%
  - Loss: 0.0000, Grad Norm: 0.0003
  - Learning Rate: 0.000200
Training: 300/599 batches (50.1%)
  - Batch Acc: 100.00%, Running Acc: 99.98%
  - Loss: 0.0036, Grad Norm: 0.0764
  - Learning Rate: 0.000200
Training: 400/599 batches (66.8%)
  - Batch Acc: 100.00%, Running Acc: 99.98%
  - Loss: 0.0002, Grad Norm: 0.0022
  - Learning Rate: 0.000200
Training: 500/599 batches (83.5%)
  - Batch Acc: 100.00%, Running Acc: 99.98%
  - Loss: 0.0000, Grad Norm: 0.0001
  - Learning Rate: 0.000200
Training: 599/599 batches (100.0%)
  - Batch Acc: 100.00%, Running Acc: 99.99%
  - Loss: 0.0000, Grad Norm: 0.0005
  - Learning Rate: 0.000200

Training phase complete
Epoch Summary:
  - Average Loss: 0.0007
  - Average Accuracy: 99.99%
  - Average Grad Norm: 0.0102
  - Final Learning Rate: 0.000200
Starting validation phase...
Starting validation on 19170 samples...
Entering no_grad block for validation
Validation progress: 0/150 batches (0.0%)
  - Elapsed: 1.9s, Estimated remaining: 0.0s
Validation: 5/150 batches (3.3%)
  - Batch Acc: 16.41%, Running Acc: 48.44%
Validation progress: 5/150 batches (3.3%)
  - Elapsed: 1.9s, Estimated remaining: 46.2s
Validation: 10/150 batches (6.7%)
  - Batch Acc: 100.00%, Running Acc: 62.66%
Validation progress: 10/150 batches (6.7%)
  - Elapsed: 2.0s, Estimated remaining: 24.8s
Validation: 15/150 batches (10.0%)
  - Batch Acc: 62.50%, Running Acc: 60.26%
Validation progress: 15/150 batches (10.0%)
  - Elapsed: 2.0s, Estimated remaining: 16.7s
Validation: 20/150 batches (13.4%)
  - Batch Acc: 68.75%, Running Acc: 60.74%
Validation progress: 20/150 batches (13.3%)
  - Elapsed: 2.0s, Estimated remaining: 12.5s
Validation: 25/150 batches (16.7%)
  - Batch Acc: 57.03%, Running Acc: 59.78%
Validation progress: 25/150 batches (16.7%)
  - Elapsed: 2.1s, Estimated remaining: 9.8s
Validation: 30/150 batches (20.0%)
  - Batch Acc: 70.31%, Running Acc: 57.66%
Validation progress: 30/150 batches (20.0%)
  - Elapsed: 2.1s, Estimated remaining: 8.1s
Validation: 35/150 batches (23.4%)
  - Batch Acc: 25.00%, Running Acc: 54.98%
Validation progress: 35/150 batches (23.3%)
  - Elapsed: 2.1s, Estimated remaining: 6.8s
Validation: 40/150 batches (26.7%)
  - Batch Acc: 28.12%, Running Acc: 51.41%
Validation progress: 40/150 batches (26.7%)
  - Elapsed: 2.2s, Estimated remaining: 5.8s
Validation: 45/150 batches (30.0%)
  - Batch Acc: 25.78%, Running Acc: 50.30%
Validation progress: 45/150 batches (30.0%)
  - Elapsed: 2.2s, Estimated remaining: 5.0s
Validation: 50/150 batches (33.4%)
  - Batch Acc: 63.28%, Running Acc: 51.89%
Validation progress: 50/150 batches (33.3%)
  - Elapsed: 2.3s, Estimated remaining: 4.4s
Validation: 55/150 batches (36.7%)
  - Batch Acc: 67.19%, Running Acc: 54.72%
Validation progress: 55/150 batches (36.7%)
  - Elapsed: 2.3s, Estimated remaining: 3.9s
Validation: 60/150 batches (40.1%)
  - Batch Acc: 18.75%, Running Acc: 54.61%
Validation progress: 60/150 batches (40.0%)
  - Elapsed: 2.3s, Estimated remaining: 3.4s
Validation: 65/150 batches (43.4%)
  - Batch Acc: 22.66%, Running Acc: 54.38%
Validation progress: 65/150 batches (43.3%)
  - Elapsed: 2.4s, Estimated remaining: 3.0s
Validation: 70/150 batches (46.7%)
  - Batch Acc: 93.75%, Running Acc: 56.43%
Validation progress: 70/150 batches (46.7%)
  - Elapsed: 2.4s, Estimated remaining: 2.7s
Validation: 75/150 batches (50.1%)
  - Batch Acc: 73.44%, Running Acc: 55.74%
Validation progress: 75/150 batches (50.0%)
  - Elapsed: 2.4s, Estimated remaining: 2.4s
Validation: 80/150 batches (53.4%)
  - Batch Acc: 75.78%, Running Acc: 55.15%
Validation progress: 80/150 batches (53.3%)
  - Elapsed: 2.5s, Estimated remaining: 2.1s
Validation: 85/150 batches (56.8%)
  - Batch Acc: 57.81%, Running Acc: 55.97%
Validation progress: 85/150 batches (56.7%)
  - Elapsed: 2.5s, Estimated remaining: 1.9s
Validation: 90/150 batches (60.1%)
  - Batch Acc: 39.06%, Running Acc: 54.89%
Validation progress: 90/150 batches (60.0%)
  - Elapsed: 2.6s, Estimated remaining: 1.7s
Validation: 95/150 batches (63.4%)
  - Batch Acc: 77.34%, Running Acc: 55.38%
Validation progress: 95/150 batches (63.3%)
  - Elapsed: 2.6s, Estimated remaining: 1.5s
Validation: 100/150 batches (66.8%)
  - Batch Acc: 10.94%, Running Acc: 53.90%
Validation progress: 100/150 batches (66.7%)
  - Elapsed: 2.6s, Estimated remaining: 1.3s
Validation: 105/150 batches (70.1%)
  - Batch Acc: 97.66%, Running Acc: 54.92%
Validation progress: 105/150 batches (70.0%)
  - Elapsed: 2.7s, Estimated remaining: 1.1s
Validation: 110/150 batches (73.4%)
  - Batch Acc: 100.00%, Running Acc: 56.31%
Validation progress: 110/150 batches (73.3%)
  - Elapsed: 2.7s, Estimated remaining: 0.9s
Validation: 115/150 batches (76.8%)
  - Batch Acc: 55.47%, Running Acc: 57.05%
Validation progress: 115/150 batches (76.7%)
  - Elapsed: 2.7s, Estimated remaining: 0.8s
Validation: 120/150 batches (80.1%)
  - Batch Acc: 57.81%, Running Acc: 57.60%
Validation progress: 120/150 batches (80.0%)
  - Elapsed: 2.8s, Estimated remaining: 0.7s
Validation: 125/150 batches (83.5%)
  - Batch Acc: 91.41%, Running Acc: 58.73%
Validation progress: 125/150 batches (83.3%)
  - Elapsed: 2.8s, Estimated remaining: 0.5s
Validation: 130/150 batches (86.8%)
  - Batch Acc: 23.44%, Running Acc: 58.47%
Validation progress: 130/150 batches (86.7%)
  - Elapsed: 2.8s, Estimated remaining: 0.4s
Validation: 135/150 batches (90.1%)
  - Batch Acc: 17.97%, Running Acc: 58.09%
Validation progress: 135/150 batches (90.0%)
  - Elapsed: 2.9s, Estimated remaining: 0.3s
Validation: 140/150 batches (93.5%)
  - Batch Acc: 68.75%, Running Acc: 57.91%
Validation progress: 140/150 batches (93.3%)
  - Elapsed: 2.9s, Estimated remaining: 0.2s
Validation: 145/150 batches (96.8%)
  - Batch Acc: 34.38%, Running Acc: 57.51%
Validation progress: 145/150 batches (96.7%)
  - Elapsed: 3.0s, Estimated remaining: 0.1s
Validation: 150/150 batches (100.2%)
  - Batch Acc: 41.84%, Running Acc: 57.53%
Validation complete in 3.41s - Loss: 3.1795, Accuracy: 0.5753

==== Epoch 26/100 ====
Starting training phase...
Training on 76609 samples...
Training: 100/599 batches (16.7%)
  - Batch Acc: 100.00%, Running Acc: 99.95%
  - Loss: 0.0000, Grad Norm: 0.0003
  - Learning Rate: 0.000200
Training: 200/599 batches (33.4%)
  - Batch Acc: 100.00%, Running Acc: 99.97%
  - Loss: 0.0001, Grad Norm: 0.0006
  - Learning Rate: 0.000200
Training: 300/599 batches (50.1%)
  - Batch Acc: 100.00%, Running Acc: 99.97%
  - Loss: 0.0006, Grad Norm: 0.0211
  - Learning Rate: 0.000200
Training: 400/599 batches (66.8%)
  - Batch Acc: 100.00%, Running Acc: 99.97%
  - Loss: 0.0001, Grad Norm: 0.0008
  - Learning Rate: 0.000200
Training: 500/599 batches (83.5%)
  - Batch Acc: 100.00%, Running Acc: 99.97%
  - Loss: 0.0000, Grad Norm: 0.0003
  - Learning Rate: 0.000200
Training: 599/599 batches (100.0%)
  - Batch Acc: 100.00%, Running Acc: 99.98%
  - Loss: 0.0000, Grad Norm: 0.0000
  - Learning Rate: 0.000200

Training phase complete
Epoch Summary:
  - Average Loss: 0.0008
  - Average Accuracy: 99.98%
  - Average Grad Norm: 0.0115
  - Final Learning Rate: 0.000200
Starting validation phase...
Starting validation on 19170 samples...
Entering no_grad block for validation
Validation progress: 0/150 batches (0.0%)
  - Elapsed: 2.0s, Estimated remaining: 0.0s
Validation: 5/150 batches (3.3%)
  - Batch Acc: 17.97%, Running Acc: 57.66%
Validation progress: 5/150 batches (3.3%)
  - Elapsed: 2.1s, Estimated remaining: 49.6s
Validation: 10/150 batches (6.7%)
  - Batch Acc: 100.00%, Running Acc: 65.94%
Validation progress: 10/150 batches (6.7%)
  - Elapsed: 2.1s, Estimated remaining: 26.3s
Validation: 15/150 batches (10.0%)
  - Batch Acc: 68.75%, Running Acc: 61.04%
Validation progress: 15/150 batches (10.0%)
  - Elapsed: 2.1s, Estimated remaining: 18.0s
Validation: 20/150 batches (13.4%)
  - Batch Acc: 76.56%, Running Acc: 62.66%
Validation progress: 20/150 batches (13.3%)
  - Elapsed: 2.2s, Estimated remaining: 13.4s
Validation: 25/150 batches (16.7%)
  - Batch Acc: 68.75%, Running Acc: 61.62%
Validation progress: 25/150 batches (16.7%)
  - Elapsed: 2.2s, Estimated remaining: 10.6s
Validation: 30/150 batches (20.0%)
  - Batch Acc: 32.03%, Running Acc: 58.15%
Validation progress: 30/150 batches (20.0%)
  - Elapsed: 2.3s, Estimated remaining: 8.7s
Validation: 35/150 batches (23.4%)
  - Batch Acc: 32.81%, Running Acc: 55.92%
Validation progress: 35/150 batches (23.3%)
  - Elapsed: 2.3s, Estimated remaining: 7.3s
Validation: 40/150 batches (26.7%)
  - Batch Acc: 45.31%, Running Acc: 53.93%
Validation progress: 40/150 batches (26.7%)
  - Elapsed: 2.4s, Estimated remaining: 6.3s
Validation: 45/150 batches (30.0%)
  - Batch Acc: 25.78%, Running Acc: 52.83%
Validation progress: 45/150 batches (30.0%)
  - Elapsed: 2.4s, Estimated remaining: 5.4s
Validation: 50/150 batches (33.4%)
  - Batch Acc: 60.16%, Running Acc: 54.47%
Validation progress: 50/150 batches (33.3%)
  - Elapsed: 2.4s, Estimated remaining: 4.7s
Validation: 55/150 batches (36.7%)
  - Batch Acc: 65.62%, Running Acc: 56.97%
Validation progress: 55/150 batches (36.7%)
  - Elapsed: 2.5s, Estimated remaining: 4.2s
Validation: 60/150 batches (40.1%)
  - Batch Acc: 10.94%, Running Acc: 55.62%
Validation progress: 60/150 batches (40.0%)
  - Elapsed: 2.5s, Estimated remaining: 3.7s
Validation: 65/150 batches (43.4%)
  - Batch Acc: 16.41%, Running Acc: 55.26%
Validation progress: 65/150 batches (43.3%)
  - Elapsed: 2.6s, Estimated remaining: 3.3s
Validation: 70/150 batches (46.7%)
  - Batch Acc: 89.06%, Running Acc: 56.85%
Validation progress: 70/150 batches (46.7%)
  - Elapsed: 2.6s, Estimated remaining: 2.9s
Validation: 75/150 batches (50.1%)
  - Batch Acc: 73.44%, Running Acc: 56.16%
Validation progress: 75/150 batches (50.0%)
  - Elapsed: 2.7s, Estimated remaining: 2.6s
Validation: 80/150 batches (53.4%)
  - Batch Acc: 75.00%, Running Acc: 55.62%
Validation progress: 80/150 batches (53.3%)
  - Elapsed: 2.7s, Estimated remaining: 2.3s
Validation: 85/150 batches (56.8%)
  - Batch Acc: 60.94%, Running Acc: 56.36%
Validation progress: 85/150 batches (56.7%)
  - Elapsed: 2.8s, Estimated remaining: 2.1s
Validation: 90/150 batches (60.1%)
  - Batch Acc: 46.88%, Running Acc: 55.69%
Validation progress: 90/150 batches (60.0%)
  - Elapsed: 2.8s, Estimated remaining: 1.8s
Validation: 95/150 batches (63.4%)
  - Batch Acc: 79.69%, Running Acc: 56.75%
Validation progress: 95/150 batches (63.3%)
  - Elapsed: 2.9s, Estimated remaining: 1.6s
Validation: 100/150 batches (66.8%)
  - Batch Acc: 15.62%, Running Acc: 55.53%
Validation progress: 100/150 batches (66.7%)
  - Elapsed: 2.9s, Estimated remaining: 1.4s
Validation: 105/150 batches (70.1%)
  - Batch Acc: 96.09%, Running Acc: 56.47%
Validation progress: 105/150 batches (70.0%)
  - Elapsed: 3.0s, Estimated remaining: 1.2s
Validation: 110/150 batches (73.4%)
  - Batch Acc: 95.31%, Running Acc: 57.56%
Validation progress: 110/150 batches (73.3%)
  - Elapsed: 3.0s, Estimated remaining: 1.1s
Validation: 115/150 batches (76.8%)
  - Batch Acc: 53.91%, Running Acc: 58.03%
Validation progress: 115/150 batches (76.7%)
  - Elapsed: 3.0s, Estimated remaining: 0.9s
Validation: 120/150 batches (80.1%)
  - Batch Acc: 53.12%, Running Acc: 58.44%
Validation progress: 120/150 batches (80.0%)
  - Elapsed: 3.1s, Estimated remaining: 0.7s
Validation: 125/150 batches (83.5%)
  - Batch Acc: 85.16%, Running Acc: 59.08%
Validation progress: 125/150 batches (83.3%)
  - Elapsed: 3.1s, Estimated remaining: 0.6s
Validation: 130/150 batches (86.8%)
  - Batch Acc: 28.91%, Running Acc: 58.55%
Validation progress: 130/150 batches (86.7%)
  - Elapsed: 3.2s, Estimated remaining: 0.5s
Validation: 135/150 batches (90.1%)
  - Batch Acc: 17.19%, Running Acc: 57.97%
Validation progress: 135/150 batches (90.0%)
  - Elapsed: 3.2s, Estimated remaining: 0.3s
Validation: 140/150 batches (93.5%)
  - Batch Acc: 73.44%, Running Acc: 57.83%
Validation progress: 140/150 batches (93.3%)
  - Elapsed: 3.2s, Estimated remaining: 0.2s
Validation: 145/150 batches (96.8%)
  - Batch Acc: 25.00%, Running Acc: 57.38%
Validation progress: 145/150 batches (96.7%)
  - Elapsed: 3.3s, Estimated remaining: 0.1s
Validation: 150/150 batches (100.2%)
  - Batch Acc: 26.53%, Running Acc: 57.37%
Validation complete in 3.74s - Loss: 3.3480, Accuracy: 0.5737

==== Epoch 27/100 ====
Starting training phase...
Training on 76609 samples...
Training: 100/599 batches (16.7%)
  - Batch Acc: 100.00%, Running Acc: 99.98%
  - Loss: 0.0000, Grad Norm: 0.0003
  - Learning Rate: 0.000200
Training: 200/599 batches (33.4%)
  - Batch Acc: 100.00%, Running Acc: 99.96%
  - Loss: 0.0000, Grad Norm: 0.0002
  - Learning Rate: 0.000200
Training: 300/599 batches (50.1%)
  - Batch Acc: 100.00%, Running Acc: 99.97%
  - Loss: 0.0005, Grad Norm: 0.0124
  - Learning Rate: 0.000200
Training: 400/599 batches (66.8%)
  - Batch Acc: 100.00%, Running Acc: 99.97%
  - Loss: 0.0001, Grad Norm: 0.0006
  - Learning Rate: 0.000200
Training: 500/599 batches (83.5%)
  - Batch Acc: 100.00%, Running Acc: 99.98%
  - Loss: 0.0003, Grad Norm: 0.0028
  - Learning Rate: 0.000200
Training: 599/599 batches (100.0%)
  - Batch Acc: 100.00%, Running Acc: 99.98%
  - Loss: 0.0000, Grad Norm: 0.0001
  - Learning Rate: 0.000200

Training phase complete
Epoch Summary:
  - Average Loss: 0.0006
  - Average Accuracy: 99.98%
  - Average Grad Norm: 0.0097
  - Final Learning Rate: 0.000200
Starting validation phase...
Starting validation on 19170 samples...
Entering no_grad block for validation
Validation progress: 0/150 batches (0.0%)
  - Elapsed: 2.0s, Estimated remaining: 0.0s
Validation: 5/150 batches (3.3%)
  - Batch Acc: 12.50%, Running Acc: 42.97%
Validation progress: 5/150 batches (3.3%)
  - Elapsed: 2.0s, Estimated remaining: 48.4s
Validation: 10/150 batches (6.7%)
  - Batch Acc: 100.00%, Running Acc: 60.39%
Validation progress: 10/150 batches (6.7%)
  - Elapsed: 2.1s, Estimated remaining: 26.1s
Validation: 15/150 batches (10.0%)
  - Batch Acc: 59.38%, Running Acc: 58.85%
Validation progress: 15/150 batches (10.0%)
  - Elapsed: 2.1s, Estimated remaining: 17.5s
Validation: 20/150 batches (13.4%)
  - Batch Acc: 67.97%, Running Acc: 59.14%
Validation progress: 20/150 batches (13.3%)
  - Elapsed: 2.1s, Estimated remaining: 13.1s
Validation: 25/150 batches (16.7%)
  - Batch Acc: 53.91%, Running Acc: 58.56%
Validation progress: 25/150 batches (16.7%)
  - Elapsed: 2.2s, Estimated remaining: 10.3s
Validation: 30/150 batches (20.0%)
  - Batch Acc: 74.22%, Running Acc: 56.98%
Validation progress: 30/150 batches (20.0%)
  - Elapsed: 2.2s, Estimated remaining: 8.5s
Validation: 35/150 batches (23.4%)
  - Batch Acc: 26.56%, Running Acc: 54.33%
Validation progress: 35/150 batches (23.3%)
  - Elapsed: 2.3s, Estimated remaining: 7.1s
Validation: 40/150 batches (26.7%)
  - Batch Acc: 24.22%, Running Acc: 50.78%
Validation progress: 40/150 batches (26.7%)
  - Elapsed: 2.3s, Estimated remaining: 6.1s
Validation: 45/150 batches (30.0%)
  - Batch Acc: 26.56%, Running Acc: 49.98%
Validation progress: 45/150 batches (30.0%)
  - Elapsed: 2.3s, Estimated remaining: 5.3s
Validation: 50/150 batches (33.4%)
  - Batch Acc: 62.50%, Running Acc: 51.94%
Validation progress: 50/150 batches (33.3%)
  - Elapsed: 2.4s, Estimated remaining: 4.6s
Validation: 55/150 batches (36.7%)
  - Batch Acc: 67.97%, Running Acc: 54.70%
Validation progress: 55/150 batches (36.7%)
  - Elapsed: 2.4s, Estimated remaining: 4.1s
Validation: 60/150 batches (40.1%)
  - Batch Acc: 15.62%, Running Acc: 54.49%
Validation progress: 60/150 batches (40.0%)
  - Elapsed: 2.5s, Estimated remaining: 3.6s
Validation: 65/150 batches (43.4%)
  - Batch Acc: 22.66%, Running Acc: 54.23%
Validation progress: 65/150 batches (43.3%)
  - Elapsed: 2.5s, Estimated remaining: 3.2s
Validation: 70/150 batches (46.7%)
  - Batch Acc: 94.53%, Running Acc: 56.40%
Validation progress: 70/150 batches (46.7%)
  - Elapsed: 2.6s, Estimated remaining: 2.9s
Validation: 75/150 batches (50.1%)
  - Batch Acc: 73.44%, Running Acc: 55.67%
Validation progress: 75/150 batches (50.0%)
  - Elapsed: 2.6s, Estimated remaining: 2.5s
Validation: 80/150 batches (53.4%)
  - Batch Acc: 72.66%, Running Acc: 54.99%
Validation progress: 80/150 batches (53.3%)
  - Elapsed: 2.7s, Estimated remaining: 2.3s
Validation: 85/150 batches (56.8%)
  - Batch Acc: 57.81%, Running Acc: 55.90%
Validation progress: 85/150 batches (56.7%)
  - Elapsed: 2.7s, Estimated remaining: 2.0s
Validation: 90/150 batches (60.1%)
  - Batch Acc: 39.84%, Running Acc: 54.56%
Validation progress: 90/150 batches (60.0%)
  - Elapsed: 2.7s, Estimated remaining: 1.8s
Validation: 95/150 batches (63.4%)
  - Batch Acc: 78.12%, Running Acc: 55.02%
Validation progress: 95/150 batches (63.3%)
  - Elapsed: 2.8s, Estimated remaining: 1.6s
Validation: 100/150 batches (66.8%)
  - Batch Acc: 13.28%, Running Acc: 53.64%
Validation progress: 100/150 batches (66.7%)
  - Elapsed: 2.8s, Estimated remaining: 1.4s
Validation: 105/150 batches (70.1%)
  - Batch Acc: 97.66%, Running Acc: 54.71%
Validation progress: 105/150 batches (70.0%)
  - Elapsed: 2.9s, Estimated remaining: 1.2s
Validation: 110/150 batches (73.4%)
  - Batch Acc: 100.00%, Running Acc: 56.13%
Validation progress: 110/150 batches (73.3%)
  - Elapsed: 2.9s, Estimated remaining: 1.0s
Validation: 115/150 batches (76.8%)
  - Batch Acc: 57.81%, Running Acc: 56.90%
Validation progress: 115/150 batches (76.7%)
  - Elapsed: 2.9s, Estimated remaining: 0.9s
Validation: 120/150 batches (80.1%)
  - Batch Acc: 60.94%, Running Acc: 57.45%
Validation progress: 120/150 batches (80.0%)
  - Elapsed: 3.0s, Estimated remaining: 0.7s
Validation: 125/150 batches (83.5%)
  - Batch Acc: 92.19%, Running Acc: 58.73%
Validation progress: 125/150 batches (83.3%)
  - Elapsed: 3.0s, Estimated remaining: 0.6s
Validation: 130/150 batches (86.8%)
  - Batch Acc: 21.09%, Running Acc: 58.54%
Validation progress: 130/150 batches (86.7%)
  - Elapsed: 3.1s, Estimated remaining: 0.4s
Validation: 135/150 batches (90.1%)
  - Batch Acc: 18.75%, Running Acc: 58.17%
Validation progress: 135/150 batches (90.0%)
  - Elapsed: 3.1s, Estimated remaining: 0.3s
Validation: 140/150 batches (93.5%)
  - Batch Acc: 56.25%, Running Acc: 57.90%
Validation progress: 140/150 batches (93.3%)
  - Elapsed: 3.2s, Estimated remaining: 0.2s
Validation: 145/150 batches (96.8%)
  - Batch Acc: 21.09%, Running Acc: 57.40%
Validation progress: 145/150 batches (96.7%)
  - Elapsed: 3.2s, Estimated remaining: 0.1s
Validation: 150/150 batches (100.2%)
  - Batch Acc: 45.92%, Running Acc: 57.49%
Validation complete in 3.68s - Loss: 3.3784, Accuracy: 0.5749

==== Epoch 28/100 ====
Starting training phase...
Training on 76609 samples...
Training: 100/599 batches (16.7%)
  - Batch Acc: 100.00%, Running Acc: 99.99%
  - Loss: 0.0000, Grad Norm: 0.0005
  - Learning Rate: 0.000200
Training: 200/599 batches (33.4%)
  - Batch Acc: 100.00%, Running Acc: 99.99%
  - Loss: 0.0000, Grad Norm: 0.0002
  - Learning Rate: 0.000200
Training: 300/599 batches (50.1%)
  - Batch Acc: 100.00%, Running Acc: 99.99%
  - Loss: 0.0000, Grad Norm: 0.0001
  - Learning Rate: 0.000200
Training: 400/599 batches (66.8%)
  - Batch Acc: 100.00%, Running Acc: 100.00%
  - Loss: 0.0000, Grad Norm: 0.0003
  - Learning Rate: 0.000200
Training: 500/599 batches (83.5%)
  - Batch Acc: 100.00%, Running Acc: 100.00%
  - Loss: 0.0003, Grad Norm: 0.0107
  - Learning Rate: 0.000200
Training: 599/599 batches (100.0%)
  - Batch Acc: 100.00%, Running Acc: 99.99%
  - Loss: 0.0001, Grad Norm: 0.0008
  - Learning Rate: 0.000200

Training phase complete
Epoch Summary:
  - Average Loss: 0.0003
  - Average Accuracy: 99.99%
  - Average Grad Norm: 0.0059
  - Final Learning Rate: 0.000200
Starting validation phase...
Starting validation on 19170 samples...
Entering no_grad block for validation
Validation progress: 0/150 batches (0.0%)
  - Elapsed: 2.0s, Estimated remaining: 0.0s
Validation: 5/150 batches (3.3%)
  - Batch Acc: 17.97%, Running Acc: 52.50%
Validation progress: 5/150 batches (3.3%)
  - Elapsed: 2.1s, Estimated remaining: 50.2s
Validation: 10/150 batches (6.7%)
  - Batch Acc: 100.00%, Running Acc: 65.00%
Validation progress: 10/150 batches (6.7%)
  - Elapsed: 2.1s, Estimated remaining: 26.6s
Validation: 15/150 batches (10.0%)
  - Batch Acc: 61.72%, Running Acc: 61.25%
Validation progress: 15/150 batches (10.0%)
  - Elapsed: 2.1s, Estimated remaining: 18.0s
Validation: 20/150 batches (13.4%)
  - Batch Acc: 72.66%, Running Acc: 62.42%
Validation progress: 20/150 batches (13.3%)
  - Elapsed: 2.2s, Estimated remaining: 13.4s
Validation: 25/150 batches (16.7%)
  - Batch Acc: 60.94%, Running Acc: 61.47%
Validation progress: 25/150 batches (16.7%)
  - Elapsed: 2.2s, Estimated remaining: 10.6s
Validation: 30/150 batches (20.0%)
  - Batch Acc: 24.22%, Running Acc: 57.34%
Validation progress: 30/150 batches (20.0%)
  - Elapsed: 2.3s, Estimated remaining: 8.8s
Validation: 35/150 batches (23.4%)
  - Batch Acc: 29.69%, Running Acc: 54.40%
Validation progress: 35/150 batches (23.3%)
  - Elapsed: 2.3s, Estimated remaining: 7.3s
Validation: 40/150 batches (26.7%)
  - Batch Acc: 32.81%, Running Acc: 51.66%
Validation progress: 40/150 batches (26.7%)
  - Elapsed: 2.4s, Estimated remaining: 6.3s
Validation: 45/150 batches (30.0%)
  - Batch Acc: 25.00%, Running Acc: 50.52%
Validation progress: 45/150 batches (30.0%)
  - Elapsed: 2.4s, Estimated remaining: 5.4s
Validation: 50/150 batches (33.4%)
  - Batch Acc: 63.28%, Running Acc: 52.12%
Validation progress: 50/150 batches (33.3%)
  - Elapsed: 2.4s, Estimated remaining: 4.8s
Validation: 55/150 batches (36.7%)
  - Batch Acc: 71.09%, Running Acc: 54.77%
Validation progress: 55/150 batches (36.7%)
  - Elapsed: 2.5s, Estimated remaining: 4.2s
Validation: 60/150 batches (40.1%)
  - Batch Acc: 14.84%, Running Acc: 53.65%
Validation progress: 60/150 batches (40.0%)
  - Elapsed: 2.5s, Estimated remaining: 3.7s
Validation: 65/150 batches (43.4%)
  - Batch Acc: 19.53%, Running Acc: 53.63%
Validation progress: 65/150 batches (43.3%)
  - Elapsed: 2.6s, Estimated remaining: 3.3s
Validation: 70/150 batches (46.7%)
  - Batch Acc: 92.97%, Running Acc: 55.45%
Validation progress: 70/150 batches (46.7%)
  - Elapsed: 2.6s, Estimated remaining: 2.9s
Validation: 75/150 batches (50.1%)
  - Batch Acc: 73.44%, Running Acc: 54.90%
Validation progress: 75/150 batches (50.0%)
  - Elapsed: 2.7s, Estimated remaining: 2.6s
Validation: 80/150 batches (53.4%)
  - Batch Acc: 72.66%, Running Acc: 54.23%
Validation progress: 80/150 batches (53.3%)
  - Elapsed: 2.7s, Estimated remaining: 2.3s
Validation: 85/150 batches (56.8%)
  - Batch Acc: 63.28%, Running Acc: 55.25%
Validation progress: 85/150 batches (56.7%)
  - Elapsed: 2.8s, Estimated remaining: 2.1s
Validation: 90/150 batches (60.1%)
  - Batch Acc: 38.28%, Running Acc: 54.16%
Validation progress: 90/150 batches (60.0%)
  - Elapsed: 2.8s, Estimated remaining: 1.8s
Validation: 95/150 batches (63.4%)
  - Batch Acc: 81.25%, Running Acc: 55.11%
Validation progress: 95/150 batches (63.3%)
  - Elapsed: 2.8s, Estimated remaining: 1.6s
Validation: 100/150 batches (66.8%)
  - Batch Acc: 10.94%, Running Acc: 53.74%
Validation progress: 100/150 batches (66.7%)
  - Elapsed: 2.9s, Estimated remaining: 1.4s
Validation: 105/150 batches (70.1%)
  - Batch Acc: 98.44%, Running Acc: 54.80%
Validation progress: 105/150 batches (70.0%)
  - Elapsed: 2.9s, Estimated remaining: 1.2s
Validation: 110/150 batches (73.4%)
  - Batch Acc: 100.00%, Running Acc: 56.09%
Validation progress: 110/150 batches (73.3%)
  - Elapsed: 3.0s, Estimated remaining: 1.0s
Validation: 115/150 batches (76.8%)
  - Batch Acc: 38.28%, Running Acc: 56.43%
Validation progress: 115/150 batches (76.7%)
  - Elapsed: 3.0s, Estimated remaining: 0.9s
Validation: 120/150 batches (80.1%)
  - Batch Acc: 57.81%, Running Acc: 56.95%
Validation progress: 120/150 batches (80.0%)
  - Elapsed: 3.1s, Estimated remaining: 0.7s
Validation: 125/150 batches (83.5%)
  - Batch Acc: 89.84%, Running Acc: 57.76%
Validation progress: 125/150 batches (83.3%)
  - Elapsed: 3.1s, Estimated remaining: 0.6s
Validation: 130/150 batches (86.8%)
  - Batch Acc: 24.22%, Running Acc: 57.36%
Validation progress: 130/150 batches (86.7%)
  - Elapsed: 3.2s, Estimated remaining: 0.5s
Validation: 135/150 batches (90.1%)
  - Batch Acc: 19.53%, Running Acc: 57.09%
Validation progress: 135/150 batches (90.0%)
  - Elapsed: 3.2s, Estimated remaining: 0.3s
Validation: 140/150 batches (93.5%)
  - Batch Acc: 75.00%, Running Acc: 57.03%
Validation progress: 140/150 batches (93.3%)
  - Elapsed: 3.2s, Estimated remaining: 0.2s
Validation: 145/150 batches (96.8%)
  - Batch Acc: 10.16%, Running Acc: 56.41%
Validation progress: 145/150 batches (96.7%)
  - Elapsed: 3.3s, Estimated remaining: 0.1s
Validation: 150/150 batches (100.2%)
  - Batch Acc: 27.55%, Running Acc: 56.34%
Validation complete in 3.73s - Loss: 3.6431, Accuracy: 0.5634

==== Epoch 29/100 ====
Starting training phase...
Training on 76609 samples...
Training: 100/599 batches (16.7%)
  - Batch Acc: 100.00%, Running Acc: 99.98%
  - Loss: 0.0000, Grad Norm: 0.0003
  - Learning Rate: 0.000200
Training: 200/599 batches (33.4%)
  - Batch Acc: 100.00%, Running Acc: 99.98%
  - Loss: 0.0000, Grad Norm: 0.0001
  - Learning Rate: 0.000200
Training: 300/599 batches (50.1%)
  - Batch Acc: 100.00%, Running Acc: 99.97%
  - Loss: 0.0001, Grad Norm: 0.0031
  - Learning Rate: 0.000200
Training: 400/599 batches (66.8%)
  - Batch Acc: 100.00%, Running Acc: 99.96%
  - Loss: 0.0004, Grad Norm: 0.0049
  - Learning Rate: 0.000200
Training: 500/599 batches (83.5%)
  - Batch Acc: 100.00%, Running Acc: 99.96%
  - Loss: 0.0005, Grad Norm: 0.0156
  - Learning Rate: 0.000200
Training: 599/599 batches (100.0%)
  - Batch Acc: 98.46%, Running Acc: 99.96%
  - Loss: 0.0386, Grad Norm: 0.5257
  - Learning Rate: 0.000200

Training phase complete
Epoch Summary:
  - Average Loss: 0.0012
  - Average Accuracy: 99.96%
  - Average Grad Norm: 0.0162
  - Final Learning Rate: 0.000200
Starting validation phase...
Starting validation on 19170 samples...
Entering no_grad block for validation
Validation progress: 0/150 batches (0.0%)
  - Elapsed: 2.0s, Estimated remaining: 0.0s
Validation: 5/150 batches (3.3%)
  - Batch Acc: 15.62%, Running Acc: 49.84%
Validation progress: 5/150 batches (3.3%)
  - Elapsed: 2.1s, Estimated remaining: 49.4s
Validation: 10/150 batches (6.7%)
  - Batch Acc: 100.00%, Running Acc: 63.12%
Validation progress: 10/150 batches (6.7%)
  - Elapsed: 2.1s, Estimated remaining: 26.3s
Validation: 15/150 batches (10.0%)
  - Batch Acc: 70.31%, Running Acc: 59.38%
Validation progress: 15/150 batches (10.0%)
  - Elapsed: 2.1s, Estimated remaining: 17.8s
Validation: 20/150 batches (13.4%)
  - Batch Acc: 71.88%, Running Acc: 62.19%
Validation progress: 20/150 batches (13.3%)
  - Elapsed: 2.2s, Estimated remaining: 13.3s
Validation: 25/150 batches (16.7%)
  - Batch Acc: 71.88%, Running Acc: 61.66%
Validation progress: 25/150 batches (16.7%)
  - Elapsed: 2.2s, Estimated remaining: 10.5s
Validation: 30/150 batches (20.0%)
  - Batch Acc: 57.81%, Running Acc: 59.09%
Validation progress: 30/150 batches (20.0%)
  - Elapsed: 2.3s, Estimated remaining: 8.6s
Validation: 35/150 batches (23.4%)
  - Batch Acc: 32.03%, Running Acc: 56.85%
Validation progress: 35/150 batches (23.3%)
  - Elapsed: 2.3s, Estimated remaining: 7.2s
Validation: 40/150 batches (26.7%)
  - Batch Acc: 43.75%, Running Acc: 53.67%
Validation progress: 40/150 batches (26.7%)
  - Elapsed: 2.3s, Estimated remaining: 6.2s
Validation: 45/150 batches (30.0%)
  - Batch Acc: 26.56%, Running Acc: 52.73%
Validation progress: 45/150 batches (30.0%)
  - Elapsed: 2.4s, Estimated remaining: 5.3s
Validation: 50/150 batches (33.4%)
  - Batch Acc: 62.50%, Running Acc: 54.72%
Validation progress: 50/150 batches (33.3%)
  - Elapsed: 2.4s, Estimated remaining: 4.7s
Validation: 55/150 batches (36.7%)
  - Batch Acc: 69.53%, Running Acc: 57.09%
Validation progress: 55/150 batches (36.7%)
  - Elapsed: 2.4s, Estimated remaining: 4.1s
Validation: 60/150 batches (40.1%)
  - Batch Acc: 19.53%, Running Acc: 56.86%
Validation progress: 60/150 batches (40.0%)
  - Elapsed: 2.5s, Estimated remaining: 3.6s
Validation: 65/150 batches (43.4%)
  - Batch Acc: 21.09%, Running Acc: 56.33%
Validation progress: 65/150 batches (43.3%)
  - Elapsed: 2.5s, Estimated remaining: 3.2s
Validation: 70/150 batches (46.7%)
  - Batch Acc: 94.53%, Running Acc: 58.08%
Validation progress: 70/150 batches (46.7%)
  - Elapsed: 2.6s, Estimated remaining: 2.9s
Validation: 75/150 batches (50.1%)
  - Batch Acc: 63.28%, Running Acc: 56.96%
Validation progress: 75/150 batches (50.0%)
  - Elapsed: 2.6s, Estimated remaining: 2.5s
Validation: 80/150 batches (53.4%)
  - Batch Acc: 71.09%, Running Acc: 56.02%
Validation progress: 80/150 batches (53.3%)
  - Elapsed: 2.6s, Estimated remaining: 2.3s
Validation: 85/150 batches (56.8%)
  - Batch Acc: 65.62%, Running Acc: 56.82%
Validation progress: 85/150 batches (56.7%)
  - Elapsed: 2.7s, Estimated remaining: 2.0s
Validation: 90/150 batches (60.1%)
  - Batch Acc: 43.75%, Running Acc: 56.11%
Validation progress: 90/150 batches (60.0%)
  - Elapsed: 2.7s, Estimated remaining: 1.8s
Validation: 95/150 batches (63.4%)
  - Batch Acc: 82.03%, Running Acc: 56.81%
Validation progress: 95/150 batches (63.3%)
  - Elapsed: 2.8s, Estimated remaining: 1.5s
Validation: 100/150 batches (66.8%)
  - Batch Acc: 12.50%, Running Acc: 55.50%
Validation progress: 100/150 batches (66.7%)
  - Elapsed: 2.8s, Estimated remaining: 1.4s
Validation: 105/150 batches (70.1%)
  - Batch Acc: 96.09%, Running Acc: 56.41%
Validation progress: 105/150 batches (70.0%)
  - Elapsed: 2.8s, Estimated remaining: 1.2s
Validation: 110/150 batches (73.4%)
  - Batch Acc: 100.00%, Running Acc: 57.56%
Validation progress: 110/150 batches (73.3%)
  - Elapsed: 2.9s, Estimated remaining: 1.0s
Validation: 115/150 batches (76.8%)
  - Batch Acc: 42.19%, Running Acc: 57.99%
Validation progress: 115/150 batches (76.7%)
  - Elapsed: 2.9s, Estimated remaining: 0.9s
Validation: 120/150 batches (80.1%)
  - Batch Acc: 56.25%, Running Acc: 58.31%
Validation progress: 120/150 batches (80.0%)
  - Elapsed: 2.9s, Estimated remaining: 0.7s
Validation: 125/150 batches (83.5%)
  - Batch Acc: 91.41%, Running Acc: 59.29%
Validation progress: 125/150 batches (83.3%)
  - Elapsed: 3.0s, Estimated remaining: 0.6s
Validation: 130/150 batches (86.8%)
  - Batch Acc: 20.31%, Running Acc: 58.79%
Validation progress: 130/150 batches (86.7%)
  - Elapsed: 3.0s, Estimated remaining: 0.4s
Validation: 135/150 batches (90.1%)
  - Batch Acc: 17.97%, Running Acc: 58.35%
Validation progress: 135/150 batches (90.0%)
  - Elapsed: 3.1s, Estimated remaining: 0.3s
Validation: 140/150 batches (93.5%)
  - Batch Acc: 77.34%, Running Acc: 58.34%
Validation progress: 140/150 batches (93.3%)
  - Elapsed: 3.1s, Estimated remaining: 0.2s
Validation: 145/150 batches (96.8%)
  - Batch Acc: 7.03%, Running Acc: 57.73%
Validation progress: 145/150 batches (96.7%)
  - Elapsed: 3.1s, Estimated remaining: 0.1s
Validation: 150/150 batches (100.2%)
  - Batch Acc: 31.63%, Running Acc: 57.76%
Validation complete in 3.59s - Loss: 3.5030, Accuracy: 0.5776
Early stopping triggered at epoch 29

==== Fold 3 training complete, evaluating best model ====
Starting final evaluation...
Evaluating 19170 samples across 150 batches
Evaluating batch 1/150
Evaluating batch 8/150
Evaluating batch 15/150
Evaluating batch 22/150
Evaluating batch 29/150
Evaluation: 35/150 batches, Running Acc: 50.36%, Loss: 8.4080
Evaluating batch 36/150
Evaluating batch 43/150
Evaluating batch 50/150
Evaluating batch 57/150
Evaluating batch 64/150
Evaluation: 70/150 batches, Running Acc: 54.87%, Loss: 0.0021
Evaluating batch 71/150
Evaluating batch 78/150
Evaluating batch 85/150
Evaluating batch 92/150
Evaluating batch 99/150
Evaluation: 105/150 batches, Running Acc: 54.11%, Loss: 0.0004
Evaluating batch 106/150
Evaluating batch 113/150
Evaluating batch 120/150
Evaluating batch 127/150
Evaluating batch 134/150
Evaluation: 140/150 batches, Running Acc: 59.40%, Loss: 4.3603
Evaluating batch 141/150
Evaluating batch 148/150
Evaluation: 150/150 batches, Running Acc: 59.09%, Loss: 0.1065
Computing final evaluation metrics
Evaluation complete - Test Loss: 2.9600, Accuracy: 0.5909, F1 Score: 0.5613

==== Starting fold 4/5 ====
Train: 76609 FC vectors, Validation: 19170 FC vectors
Using ReduceLROnPlateau scheduler monitoring validation val_accuracy

==== Epoch 1/100 ====
Starting training phase...
Training on 76609 samples...
Training: 100/599 batches (16.7%)
  - Batch Acc: 84.38%, Running Acc: 70.24%
  - Loss: 0.3598, Grad Norm: 0.9844
  - Learning Rate: 0.001000
Training: 200/599 batches (33.4%)
  - Batch Acc: 94.53%, Running Acc: 79.98%
  - Loss: 0.1677, Grad Norm: 0.6746
  - Learning Rate: 0.001000
Training: 300/599 batches (50.1%)
  - Batch Acc: 96.09%, Running Acc: 84.99%
  - Loss: 0.0836, Grad Norm: 0.5157
  - Learning Rate: 0.001000
Training: 400/599 batches (66.8%)
  - Batch Acc: 99.22%, Running Acc: 87.76%
  - Loss: 0.0505, Grad Norm: 0.2790
  - Learning Rate: 0.001000
Training: 500/599 batches (83.5%)
  - Batch Acc: 98.44%, Running Acc: 89.64%
  - Loss: 0.0548, Grad Norm: 0.4101
  - Learning Rate: 0.001000
Training: 599/599 batches (100.0%)
  - Batch Acc: 92.31%, Running Acc: 90.88%
  - Loss: 0.1946, Grad Norm: 1.2642
  - Learning Rate: 0.001000

Training phase complete
Epoch Summary:
  - Average Loss: 0.2098
  - Average Accuracy: 90.88%
  - Average Grad Norm: 0.7524
  - Final Learning Rate: 0.001000
Starting validation phase...
Starting validation on 19170 samples...
Entering no_grad block for validation
Validation progress: 0/150 batches (0.0%)
  - Elapsed: 1.9s, Estimated remaining: 0.0s
Validation: 5/150 batches (3.3%)
  - Batch Acc: 0.00%, Running Acc: 20.94%
Validation progress: 5/150 batches (3.3%)
  - Elapsed: 2.0s, Estimated remaining: 47.2s
Validation: 10/150 batches (6.7%)
  - Batch Acc: 95.31%, Running Acc: 51.95%
Validation progress: 10/150 batches (6.7%)
  - Elapsed: 2.0s, Estimated remaining: 25.7s
Validation: 15/150 batches (10.0%)
  - Batch Acc: 23.44%, Running Acc: 59.74%
Validation progress: 15/150 batches (10.0%)
  - Elapsed: 2.1s, Estimated remaining: 17.2s
Validation: 20/150 batches (13.4%)
  - Batch Acc: 60.94%, Running Acc: 57.50%
Validation progress: 20/150 batches (13.3%)
  - Elapsed: 2.1s, Estimated remaining: 12.8s
Validation: 25/150 batches (16.7%)
  - Batch Acc: 87.50%, Running Acc: 57.00%
Validation progress: 25/150 batches (16.7%)
  - Elapsed: 2.1s, Estimated remaining: 10.2s
Validation: 30/150 batches (20.0%)
  - Batch Acc: 52.34%, Running Acc: 53.20%
Validation progress: 30/150 batches (20.0%)
  - Elapsed: 2.2s, Estimated remaining: 8.3s
Validation: 35/150 batches (23.4%)
  - Batch Acc: 85.94%, Running Acc: 57.52%
Validation progress: 35/150 batches (23.3%)
  - Elapsed: 2.2s, Estimated remaining: 7.0s
Validation: 40/150 batches (26.7%)
  - Batch Acc: 60.16%, Running Acc: 55.04%
Validation progress: 40/150 batches (26.7%)
  - Elapsed: 2.3s, Estimated remaining: 6.0s
Validation: 45/150 batches (30.0%)
  - Batch Acc: 65.62%, Running Acc: 53.84%
Validation progress: 45/150 batches (30.0%)
  - Elapsed: 2.3s, Estimated remaining: 5.2s
Validation: 50/150 batches (33.4%)
  - Batch Acc: 18.75%, Running Acc: 52.69%
Validation progress: 50/150 batches (33.3%)
  - Elapsed: 2.3s, Estimated remaining: 4.6s
Validation: 55/150 batches (36.7%)
  - Batch Acc: 92.97%, Running Acc: 53.47%
Validation progress: 55/150 batches (36.7%)
  - Elapsed: 2.4s, Estimated remaining: 4.0s
Validation: 60/150 batches (40.1%)
  - Batch Acc: 86.72%, Running Acc: 56.41%
Validation progress: 60/150 batches (40.0%)
  - Elapsed: 2.4s, Estimated remaining: 3.5s
Validation: 65/150 batches (43.4%)
  - Batch Acc: 87.50%, Running Acc: 56.91%
Validation progress: 65/150 batches (43.3%)
  - Elapsed: 2.5s, Estimated remaining: 3.2s
Validation: 70/150 batches (46.7%)
  - Batch Acc: 23.44%, Running Acc: 57.68%
Validation progress: 70/150 batches (46.7%)
  - Elapsed: 2.5s, Estimated remaining: 2.8s
Validation: 75/150 batches (50.1%)
  - Batch Acc: 25.78%, Running Acc: 59.47%
Validation progress: 75/150 batches (50.0%)
  - Elapsed: 2.6s, Estimated remaining: 2.5s
Validation: 80/150 batches (53.4%)
  - Batch Acc: 74.22%, Running Acc: 59.71%
Validation progress: 80/150 batches (53.3%)
  - Elapsed: 2.6s, Estimated remaining: 2.2s
Validation: 85/150 batches (56.8%)
  - Batch Acc: 78.12%, Running Acc: 61.64%
Validation progress: 85/150 batches (56.7%)
  - Elapsed: 2.7s, Estimated remaining: 2.0s
Validation: 90/150 batches (60.1%)
  - Batch Acc: 96.88%, Running Acc: 61.08%
Validation progress: 90/150 batches (60.0%)
  - Elapsed: 2.7s, Estimated remaining: 1.8s
Validation: 95/150 batches (63.4%)
  - Batch Acc: 37.50%, Running Acc: 59.88%
Validation progress: 95/150 batches (63.3%)
  - Elapsed: 2.7s, Estimated remaining: 1.5s
Validation: 100/150 batches (66.8%)
  - Batch Acc: 35.94%, Running Acc: 58.91%
Validation progress: 100/150 batches (66.7%)
  - Elapsed: 2.8s, Estimated remaining: 1.4s
Validation: 105/150 batches (70.1%)
  - Batch Acc: 100.00%, Running Acc: 59.00%
Validation progress: 105/150 batches (70.0%)
  - Elapsed: 2.8s, Estimated remaining: 1.2s
Validation: 110/150 batches (73.4%)
  - Batch Acc: 89.06%, Running Acc: 60.52%
Validation progress: 110/150 batches (73.3%)
  - Elapsed: 2.9s, Estimated remaining: 1.0s
Validation: 115/150 batches (76.8%)
  - Batch Acc: 85.94%, Running Acc: 61.86%
Validation progress: 115/150 batches (76.7%)
  - Elapsed: 2.9s, Estimated remaining: 0.9s
Validation: 120/150 batches (80.1%)
  - Batch Acc: 100.00%, Running Acc: 62.75%
Validation progress: 120/150 batches (80.0%)
  - Elapsed: 3.0s, Estimated remaining: 0.7s
Validation: 125/150 batches (83.5%)
  - Batch Acc: 100.00%, Running Acc: 63.56%
Validation progress: 125/150 batches (83.3%)
  - Elapsed: 3.0s, Estimated remaining: 0.6s
Validation: 130/150 batches (86.8%)
  - Batch Acc: 74.22%, Running Acc: 63.03%
Validation progress: 130/150 batches (86.7%)
  - Elapsed: 3.1s, Estimated remaining: 0.4s
Validation: 135/150 batches (90.1%)
  - Batch Acc: 82.03%, Running Acc: 63.39%
Validation progress: 135/150 batches (90.0%)
  - Elapsed: 3.1s, Estimated remaining: 0.3s
Validation: 140/150 batches (93.5%)
  - Batch Acc: 76.56%, Running Acc: 63.12%
Validation progress: 140/150 batches (93.3%)
  - Elapsed: 3.1s, Estimated remaining: 0.2s
Validation: 145/150 batches (96.8%)
  - Batch Acc: 77.34%, Running Acc: 63.01%
Validation progress: 145/150 batches (96.7%)
  - Elapsed: 3.2s, Estimated remaining: 0.1s
Validation: 150/150 batches (100.2%)
  - Batch Acc: 33.67%, Running Acc: 62.84%
Validation complete in 3.66s - Loss: 1.6206, Accuracy: 0.6284

==== Epoch 2/100 ====
Starting training phase...
Training on 76609 samples...
Training: 100/599 batches (16.7%)
  - Batch Acc: 98.44%, Running Acc: 98.08%
  - Loss: 0.0585, Grad Norm: 0.5235
  - Learning Rate: 0.001000
Training: 200/599 batches (33.4%)
  - Batch Acc: 97.66%, Running Acc: 97.98%
  - Loss: 0.0412, Grad Norm: 0.3440
  - Learning Rate: 0.001000
Training: 300/599 batches (50.1%)
  - Batch Acc: 100.00%, Running Acc: 98.11%
  - Loss: 0.0201, Grad Norm: 0.2271
  - Learning Rate: 0.001000
Training: 400/599 batches (66.8%)
  - Batch Acc: 97.66%, Running Acc: 98.17%
  - Loss: 0.0387, Grad Norm: 0.3985
  - Learning Rate: 0.001000
Training: 500/599 batches (83.5%)
  - Batch Acc: 98.44%, Running Acc: 98.19%
  - Loss: 0.0290, Grad Norm: 0.1780
  - Learning Rate: 0.001000
Training: 599/599 batches (100.0%)
  - Batch Acc: 100.00%, Running Acc: 98.23%
  - Loss: 0.0057, Grad Norm: 0.0623
  - Learning Rate: 0.001000

Training phase complete
Epoch Summary:
  - Average Loss: 0.0485
  - Average Accuracy: 98.23%
  - Average Grad Norm: 0.3630
  - Final Learning Rate: 0.001000
Starting validation phase...
Starting validation on 19170 samples...
Entering no_grad block for validation
Validation progress: 0/150 batches (0.0%)
  - Elapsed: 1.9s, Estimated remaining: 0.0s
Validation: 5/150 batches (3.3%)
  - Batch Acc: 57.03%, Running Acc: 67.03%
Validation progress: 5/150 batches (3.3%)
  - Elapsed: 2.0s, Estimated remaining: 48.2s
Validation: 10/150 batches (6.7%)
  - Batch Acc: 59.38%, Running Acc: 63.83%
Validation progress: 10/150 batches (6.7%)
  - Elapsed: 2.0s, Estimated remaining: 25.6s
Validation: 15/150 batches (10.0%)
  - Batch Acc: 32.81%, Running Acc: 51.20%
Validation progress: 15/150 batches (10.0%)
  - Elapsed: 2.1s, Estimated remaining: 17.3s
Validation: 20/150 batches (13.4%)
  - Batch Acc: 52.34%, Running Acc: 51.29%
Validation progress: 20/150 batches (13.3%)
  - Elapsed: 2.1s, Estimated remaining: 12.9s
Validation: 25/150 batches (16.7%)
  - Batch Acc: 60.16%, Running Acc: 51.16%
Validation progress: 25/150 batches (16.7%)
  - Elapsed: 2.1s, Estimated remaining: 10.3s
Validation: 30/150 batches (20.0%)
  - Batch Acc: 7.03%, Running Acc: 50.52%
Validation progress: 30/150 batches (20.0%)
  - Elapsed: 2.2s, Estimated remaining: 8.4s
Validation: 35/150 batches (23.4%)
  - Batch Acc: 97.66%, Running Acc: 52.66%
Validation progress: 35/150 batches (23.3%)
  - Elapsed: 2.2s, Estimated remaining: 7.1s
Validation: 40/150 batches (26.7%)
  - Batch Acc: 85.16%, Running Acc: 55.25%
Validation progress: 40/150 batches (26.7%)
  - Elapsed: 2.3s, Estimated remaining: 6.0s
Validation: 45/150 batches (30.0%)
  - Batch Acc: 93.75%, Running Acc: 58.39%
Validation progress: 45/150 batches (30.0%)
  - Elapsed: 2.3s, Estimated remaining: 5.2s
Validation: 50/150 batches (33.4%)
  - Batch Acc: 76.56%, Running Acc: 58.66%
Validation progress: 50/150 batches (33.3%)
  - Elapsed: 2.4s, Estimated remaining: 4.6s
Validation: 55/150 batches (36.7%)
  - Batch Acc: 69.53%, Running Acc: 57.66%
Validation progress: 55/150 batches (36.7%)
  - Elapsed: 2.4s, Estimated remaining: 4.0s
Validation: 60/150 batches (40.1%)
  - Batch Acc: 39.84%, Running Acc: 57.86%
Validation progress: 60/150 batches (40.0%)
  - Elapsed: 2.5s, Estimated remaining: 3.6s
Validation: 65/150 batches (43.4%)
  - Batch Acc: 18.75%, Running Acc: 55.48%
Validation progress: 65/150 batches (43.3%)
  - Elapsed: 2.5s, Estimated remaining: 3.2s
Validation: 70/150 batches (46.7%)
  - Batch Acc: 21.09%, Running Acc: 54.73%
Validation progress: 70/150 batches (46.7%)
  - Elapsed: 2.5s, Estimated remaining: 2.8s
Validation: 75/150 batches (50.1%)
  - Batch Acc: 56.25%, Running Acc: 54.76%
Validation progress: 75/150 batches (50.0%)
  - Elapsed: 2.6s, Estimated remaining: 2.5s
Validation: 80/150 batches (53.4%)
  - Batch Acc: 13.28%, Running Acc: 55.35%
Validation progress: 80/150 batches (53.3%)
  - Elapsed: 2.6s, Estimated remaining: 2.2s
Validation: 85/150 batches (56.8%)
  - Batch Acc: 38.28%, Running Acc: 54.92%
Validation progress: 85/150 batches (56.7%)
  - Elapsed: 2.7s, Estimated remaining: 2.0s
Validation: 90/150 batches (60.1%)
  - Batch Acc: 100.00%, Running Acc: 55.94%
Validation progress: 90/150 batches (60.0%)
  - Elapsed: 2.7s, Estimated remaining: 1.8s
Validation: 95/150 batches (63.4%)
  - Batch Acc: 83.59%, Running Acc: 56.27%
Validation progress: 95/150 batches (63.3%)
  - Elapsed: 2.8s, Estimated remaining: 1.6s
Validation: 100/150 batches (66.8%)
  - Batch Acc: 50.00%, Running Acc: 57.11%
Validation progress: 100/150 batches (66.7%)
  - Elapsed: 2.8s, Estimated remaining: 1.4s
Validation: 105/150 batches (70.1%)
  - Batch Acc: 78.12%, Running Acc: 57.47%
Validation progress: 105/150 batches (70.0%)
  - Elapsed: 2.9s, Estimated remaining: 1.2s
Validation: 110/150 batches (73.4%)
  - Batch Acc: 82.81%, Running Acc: 58.20%
Validation progress: 110/150 batches (73.3%)
  - Elapsed: 2.9s, Estimated remaining: 1.0s
Validation: 115/150 batches (76.8%)
  - Batch Acc: 46.09%, Running Acc: 58.28%
Validation progress: 115/150 batches (76.7%)
  - Elapsed: 3.0s, Estimated remaining: 0.9s
Validation: 120/150 batches (80.1%)
  - Batch Acc: 66.41%, Running Acc: 57.25%
Validation progress: 120/150 batches (80.0%)
  - Elapsed: 3.0s, Estimated remaining: 0.7s
Validation: 125/150 batches (83.5%)
  - Batch Acc: 86.72%, Running Acc: 57.53%
Validation progress: 125/150 batches (83.3%)
  - Elapsed: 3.0s, Estimated remaining: 0.6s
Validation: 130/150 batches (86.8%)
  - Batch Acc: 92.97%, Running Acc: 58.41%
Validation progress: 130/150 batches (86.7%)
  - Elapsed: 3.1s, Estimated remaining: 0.4s
Validation: 135/150 batches (90.1%)
  - Batch Acc: 66.41%, Running Acc: 58.78%
Validation progress: 135/150 batches (90.0%)
  - Elapsed: 3.1s, Estimated remaining: 0.3s
Validation: 140/150 batches (93.5%)
  - Batch Acc: 89.84%, Running Acc: 58.68%
Validation progress: 140/150 batches (93.3%)
  - Elapsed: 3.2s, Estimated remaining: 0.2s
Validation: 145/150 batches (96.8%)
  - Batch Acc: 67.97%, Running Acc: 58.32%
Validation progress: 145/150 batches (96.7%)
  - Elapsed: 3.2s, Estimated remaining: 0.1s
Validation: 150/150 batches (100.2%)
  - Batch Acc: 100.00%, Running Acc: 58.89%
Validation complete in 3.66s - Loss: 1.8546, Accuracy: 0.5889

==== Epoch 3/100 ====
Starting training phase...
Training on 76609 samples...
Training: 100/599 batches (16.7%)
  - Batch Acc: 97.66%, Running Acc: 98.79%
  - Loss: 0.0498, Grad Norm: 0.4962
  - Learning Rate: 0.001000
Training: 200/599 batches (33.4%)
  - Batch Acc: 100.00%, Running Acc: 98.92%
  - Loss: 0.0020, Grad Norm: 0.0271
  - Learning Rate: 0.001000
Training: 300/599 batches (50.1%)
  - Batch Acc: 96.09%, Running Acc: 98.95%
  - Loss: 0.1099, Grad Norm: 0.8158
  - Learning Rate: 0.001000
Training: 400/599 batches (66.8%)
  - Batch Acc: 98.44%, Running Acc: 98.98%
  - Loss: 0.0344, Grad Norm: 0.3160
  - Learning Rate: 0.001000
Training: 500/599 batches (83.5%)
  - Batch Acc: 96.88%, Running Acc: 98.93%
  - Loss: 0.0328, Grad Norm: 0.3562
  - Learning Rate: 0.001000
Training: 599/599 batches (100.0%)
  - Batch Acc: 100.00%, Running Acc: 98.93%
  - Loss: 0.0028, Grad Norm: 0.0212
  - Learning Rate: 0.001000

Training phase complete
Epoch Summary:
  - Average Loss: 0.0300
  - Average Accuracy: 98.93%
  - Average Grad Norm: 0.2767
  - Final Learning Rate: 0.001000
Starting validation phase...
Starting validation on 19170 samples...
Entering no_grad block for validation
Validation progress: 0/150 batches (0.0%)
  - Elapsed: 1.9s, Estimated remaining: 0.0s
Validation: 5/150 batches (3.3%)
  - Batch Acc: 21.09%, Running Acc: 41.72%
Validation progress: 5/150 batches (3.3%)
  - Elapsed: 2.0s, Estimated remaining: 47.5s
Validation: 10/150 batches (6.7%)
  - Batch Acc: 94.53%, Running Acc: 61.41%
Validation progress: 10/150 batches (6.7%)
  - Elapsed: 2.0s, Estimated remaining: 25.5s
Validation: 15/150 batches (10.0%)
  - Batch Acc: 10.94%, Running Acc: 55.31%
Validation progress: 15/150 batches (10.0%)
  - Elapsed: 2.0s, Estimated remaining: 17.1s
Validation: 20/150 batches (13.4%)
  - Batch Acc: 57.81%, Running Acc: 54.45%
Validation progress: 20/150 batches (13.3%)
  - Elapsed: 2.1s, Estimated remaining: 12.8s
Validation: 25/150 batches (16.7%)
  - Batch Acc: 74.22%, Running Acc: 54.91%
Validation progress: 25/150 batches (16.7%)
  - Elapsed: 2.1s, Estimated remaining: 10.1s
Validation: 30/150 batches (20.0%)
  - Batch Acc: 44.53%, Running Acc: 53.46%
Validation progress: 30/150 batches (20.0%)
  - Elapsed: 2.2s, Estimated remaining: 8.3s
Validation: 35/150 batches (23.4%)
  - Batch Acc: 84.38%, Running Acc: 56.88%
Validation progress: 35/150 batches (23.3%)
  - Elapsed: 2.2s, Estimated remaining: 7.0s
Validation: 40/150 batches (26.7%)
  - Batch Acc: 60.94%, Running Acc: 54.32%
Validation progress: 40/150 batches (26.7%)
  - Elapsed: 2.3s, Estimated remaining: 6.0s
Validation: 45/150 batches (30.0%)
  - Batch Acc: 62.50%, Running Acc: 53.78%
Validation progress: 45/150 batches (30.0%)
  - Elapsed: 2.3s, Estimated remaining: 5.2s
Validation: 50/150 batches (33.4%)
  - Batch Acc: 20.31%, Running Acc: 52.67%
Validation progress: 50/150 batches (33.3%)
  - Elapsed: 2.3s, Estimated remaining: 4.6s
Validation: 55/150 batches (36.7%)
  - Batch Acc: 86.72%, Running Acc: 52.37%
Validation progress: 55/150 batches (36.7%)
  - Elapsed: 2.4s, Estimated remaining: 4.0s
Validation: 60/150 batches (40.1%)
  - Batch Acc: 79.69%, Running Acc: 54.84%
Validation progress: 60/150 batches (40.0%)
  - Elapsed: 2.4s, Estimated remaining: 3.6s
Validation: 65/150 batches (43.4%)
  - Batch Acc: 86.72%, Running Acc: 55.38%
Validation progress: 65/150 batches (43.3%)
  - Elapsed: 2.5s, Estimated remaining: 3.2s
Validation: 70/150 batches (46.7%)
  - Batch Acc: 32.81%, Running Acc: 56.57%
Validation progress: 70/150 batches (46.7%)
  - Elapsed: 2.5s, Estimated remaining: 2.8s
Validation: 75/150 batches (50.1%)
  - Batch Acc: 31.25%, Running Acc: 57.54%
Validation progress: 75/150 batches (50.0%)
  - Elapsed: 2.6s, Estimated remaining: 2.5s
Validation: 80/150 batches (53.4%)
  - Batch Acc: 69.53%, Running Acc: 57.75%
Validation progress: 80/150 batches (53.3%)
  - Elapsed: 2.6s, Estimated remaining: 2.2s
Validation: 85/150 batches (56.8%)
  - Batch Acc: 64.84%, Running Acc: 58.35%
Validation progress: 85/150 batches (56.7%)
  - Elapsed: 2.7s, Estimated remaining: 2.0s
Validation: 90/150 batches (60.1%)
  - Batch Acc: 100.00%, Running Acc: 58.59%
Validation progress: 90/150 batches (60.0%)
  - Elapsed: 2.7s, Estimated remaining: 1.8s
Validation: 95/150 batches (63.4%)
  - Batch Acc: 45.31%, Running Acc: 58.08%
Validation progress: 95/150 batches (63.3%)
  - Elapsed: 2.8s, Estimated remaining: 1.6s
Validation: 100/150 batches (66.8%)
  - Batch Acc: 54.69%, Running Acc: 58.08%
Validation progress: 100/150 batches (66.7%)
  - Elapsed: 2.8s, Estimated remaining: 1.4s
Validation: 105/150 batches (70.1%)
  - Batch Acc: 96.09%, Running Acc: 58.34%
Validation progress: 105/150 batches (70.0%)
  - Elapsed: 2.8s, Estimated remaining: 1.2s
Validation: 110/150 batches (73.4%)
  - Batch Acc: 85.16%, Running Acc: 59.52%
Validation progress: 110/150 batches (73.3%)
  - Elapsed: 2.9s, Estimated remaining: 1.0s
Validation: 115/150 batches (76.8%)
  - Batch Acc: 73.44%, Running Acc: 60.56%
Validation progress: 115/150 batches (76.7%)
  - Elapsed: 2.9s, Estimated remaining: 0.9s
Validation: 120/150 batches (80.1%)
  - Batch Acc: 93.75%, Running Acc: 61.00%
Validation progress: 120/150 batches (80.0%)
  - Elapsed: 3.0s, Estimated remaining: 0.7s
Validation: 125/150 batches (83.5%)
  - Batch Acc: 89.84%, Running Acc: 61.54%
Validation progress: 125/150 batches (83.3%)
  - Elapsed: 3.0s, Estimated remaining: 0.6s
Validation: 130/150 batches (86.8%)
  - Batch Acc: 67.19%, Running Acc: 61.56%
Validation progress: 130/150 batches (86.7%)
  - Elapsed: 3.1s, Estimated remaining: 0.4s
Validation: 135/150 batches (90.1%)
  - Batch Acc: 60.94%, Running Acc: 61.86%
Validation progress: 135/150 batches (90.0%)
  - Elapsed: 3.1s, Estimated remaining: 0.3s
Validation: 140/150 batches (93.5%)
  - Batch Acc: 80.47%, Running Acc: 61.37%
Validation progress: 140/150 batches (93.3%)
  - Elapsed: 3.1s, Estimated remaining: 0.2s
Validation: 145/150 batches (96.8%)
  - Batch Acc: 81.25%, Running Acc: 61.40%
Validation progress: 145/150 batches (96.7%)
  - Elapsed: 3.2s, Estimated remaining: 0.1s
Validation: 150/150 batches (100.2%)
  - Batch Acc: 89.80%, Running Acc: 61.77%
Validation complete in 3.63s - Loss: 1.8228, Accuracy: 0.6177

==== Epoch 4/100 ====
Starting training phase...
Training on 76609 samples...
Training: 100/599 batches (16.7%)
  - Batch Acc: 98.44%, Running Acc: 98.99%
  - Loss: 0.0359, Grad Norm: 0.3288
  - Learning Rate: 0.001000
Training: 200/599 batches (33.4%)
  - Batch Acc: 99.22%, Running Acc: 99.09%
  - Loss: 0.0158, Grad Norm: 0.2458
  - Learning Rate: 0.001000
Training: 300/599 batches (50.1%)
  - Batch Acc: 100.00%, Running Acc: 99.07%
  - Loss: 0.0055, Grad Norm: 0.0674
  - Learning Rate: 0.001000
Training: 400/599 batches (66.8%)
  - Batch Acc: 99.22%, Running Acc: 99.05%
  - Loss: 0.0121, Grad Norm: 0.1874
  - Learning Rate: 0.001000
Training: 500/599 batches (83.5%)
  - Batch Acc: 99.22%, Running Acc: 99.09%
  - Loss: 0.0230, Grad Norm: 0.3338
  - Learning Rate: 0.001000
Training: 599/599 batches (100.0%)
  - Batch Acc: 98.46%, Running Acc: 99.14%
  - Loss: 0.0571, Grad Norm: 0.7819
  - Learning Rate: 0.001000

Training phase complete
Epoch Summary:
  - Average Loss: 0.0251
  - Average Accuracy: 99.14%
  - Average Grad Norm: 0.2244
  - Final Learning Rate: 0.001000
Starting validation phase...
Starting validation on 19170 samples...
Entering no_grad block for validation
Validation progress: 0/150 batches (0.0%)
  - Elapsed: 1.9s, Estimated remaining: 0.0s
Validation: 5/150 batches (3.3%)
  - Batch Acc: 2.34%, Running Acc: 22.03%
Validation progress: 5/150 batches (3.3%)
  - Elapsed: 2.0s, Estimated remaining: 47.8s
Validation: 10/150 batches (6.7%)
  - Batch Acc: 93.75%, Running Acc: 48.59%
Validation progress: 10/150 batches (6.7%)
  - Elapsed: 2.0s, Estimated remaining: 25.4s
Validation: 15/150 batches (10.0%)
  - Batch Acc: 27.34%, Running Acc: 58.49%
Validation progress: 15/150 batches (10.0%)
  - Elapsed: 2.1s, Estimated remaining: 17.2s
Validation: 20/150 batches (13.4%)
  - Batch Acc: 53.91%, Running Acc: 56.72%
Validation progress: 20/150 batches (13.3%)
  - Elapsed: 2.1s, Estimated remaining: 12.8s
Validation: 25/150 batches (16.7%)
  - Batch Acc: 87.50%, Running Acc: 57.53%
Validation progress: 25/150 batches (16.7%)
  - Elapsed: 2.1s, Estimated remaining: 10.2s
Validation: 30/150 batches (20.0%)
  - Batch Acc: 52.34%, Running Acc: 54.11%
Validation progress: 30/150 batches (20.0%)
  - Elapsed: 2.2s, Estimated remaining: 8.4s
Validation: 35/150 batches (23.4%)
  - Batch Acc: 84.38%, Running Acc: 57.54%
Validation progress: 35/150 batches (23.3%)
  - Elapsed: 2.2s, Estimated remaining: 7.0s
Validation: 40/150 batches (26.7%)
  - Batch Acc: 39.84%, Running Acc: 54.06%
Validation progress: 40/150 batches (26.7%)
  - Elapsed: 2.3s, Estimated remaining: 6.0s
Validation: 45/150 batches (30.0%)
  - Batch Acc: 62.50%, Running Acc: 53.12%
Validation progress: 45/150 batches (30.0%)
  - Elapsed: 2.3s, Estimated remaining: 5.2s
Validation: 50/150 batches (33.4%)
  - Batch Acc: 25.78%, Running Acc: 51.72%
Validation progress: 50/150 batches (33.3%)
  - Elapsed: 2.4s, Estimated remaining: 4.6s
Validation: 55/150 batches (36.7%)
  - Batch Acc: 80.47%, Running Acc: 52.13%
Validation progress: 55/150 batches (36.7%)
  - Elapsed: 2.4s, Estimated remaining: 4.0s
Validation: 60/150 batches (40.1%)
  - Batch Acc: 92.19%, Running Acc: 55.46%
Validation progress: 60/150 batches (40.0%)
  - Elapsed: 2.4s, Estimated remaining: 3.6s
Validation: 65/150 batches (43.4%)
  - Batch Acc: 87.50%, Running Acc: 56.44%
Validation progress: 65/150 batches (43.3%)
  - Elapsed: 2.5s, Estimated remaining: 3.2s
Validation: 70/150 batches (46.7%)
  - Batch Acc: 53.12%, Running Acc: 58.59%
Validation progress: 70/150 batches (46.7%)
  - Elapsed: 2.5s, Estimated remaining: 2.8s
Validation: 75/150 batches (50.1%)
  - Batch Acc: 32.03%, Running Acc: 60.43%
Validation progress: 75/150 batches (50.0%)
  - Elapsed: 2.6s, Estimated remaining: 2.5s
Validation: 80/150 batches (53.4%)
  - Batch Acc: 88.28%, Running Acc: 60.89%
Validation progress: 80/150 batches (53.3%)
  - Elapsed: 2.6s, Estimated remaining: 2.2s
Validation: 85/150 batches (56.8%)
  - Batch Acc: 77.34%, Running Acc: 62.81%
Validation progress: 85/150 batches (56.7%)
  - Elapsed: 2.7s, Estimated remaining: 2.0s
Validation: 90/150 batches (60.1%)
  - Batch Acc: 98.44%, Running Acc: 62.43%
Validation progress: 90/150 batches (60.0%)
  - Elapsed: 2.7s, Estimated remaining: 1.7s
Validation: 95/150 batches (63.4%)
  - Batch Acc: 35.94%, Running Acc: 61.04%
Validation progress: 95/150 batches (63.3%)
  - Elapsed: 2.7s, Estimated remaining: 1.5s
Validation: 100/150 batches (66.8%)
  - Batch Acc: 52.34%, Running Acc: 60.66%
Validation progress: 100/150 batches (66.7%)
  - Elapsed: 2.8s, Estimated remaining: 1.3s
Validation: 105/150 batches (70.1%)
  - Batch Acc: 100.00%, Running Acc: 60.26%
Validation progress: 105/150 batches (70.0%)
  - Elapsed: 2.8s, Estimated remaining: 1.2s
Validation: 110/150 batches (73.4%)
  - Batch Acc: 89.06%, Running Acc: 61.60%
Validation progress: 110/150 batches (73.3%)
  - Elapsed: 2.9s, Estimated remaining: 1.0s
Validation: 115/150 batches (76.8%)
  - Batch Acc: 89.06%, Running Acc: 63.02%
Validation progress: 115/150 batches (76.7%)
  - Elapsed: 2.9s, Estimated remaining: 0.8s
Validation: 120/150 batches (80.1%)
  - Batch Acc: 100.00%, Running Acc: 64.02%
Validation progress: 120/150 batches (80.0%)
  - Elapsed: 2.9s, Estimated remaining: 0.7s
Validation: 125/150 batches (83.5%)
  - Batch Acc: 100.00%, Running Acc: 64.42%
Validation progress: 125/150 batches (83.3%)
  - Elapsed: 3.0s, Estimated remaining: 0.6s
Validation: 130/150 batches (86.8%)
  - Batch Acc: 92.19%, Running Acc: 64.11%
Validation progress: 130/150 batches (86.7%)
  - Elapsed: 3.0s, Estimated remaining: 0.4s
Validation: 135/150 batches (90.1%)
  - Batch Acc: 78.12%, Running Acc: 64.55%
Validation progress: 135/150 batches (90.0%)
  - Elapsed: 3.0s, Estimated remaining: 0.3s
Validation: 140/150 batches (93.5%)
  - Batch Acc: 84.38%, Running Acc: 64.27%
Validation progress: 140/150 batches (93.3%)
  - Elapsed: 3.1s, Estimated remaining: 0.2s
Validation: 145/150 batches (96.8%)
  - Batch Acc: 81.25%, Running Acc: 64.13%
Validation progress: 145/150 batches (96.7%)
  - Elapsed: 3.1s, Estimated remaining: 0.1s
Validation: 150/150 batches (100.2%)
  - Batch Acc: 53.06%, Running Acc: 64.09%
Validation complete in 3.59s - Loss: 2.0821, Accuracy: 0.6409

==== Epoch 5/100 ====
Starting training phase...
Training on 76609 samples...
Training: 100/599 batches (16.7%)
  - Batch Acc: 99.22%, Running Acc: 99.07%
  - Loss: 0.0374, Grad Norm: 0.3471
  - Learning Rate: 0.001000
Training: 200/599 batches (33.4%)
  - Batch Acc: 99.22%, Running Acc: 99.15%
  - Loss: 0.0093, Grad Norm: 0.2090
  - Learning Rate: 0.001000
Training: 300/599 batches (50.1%)
  - Batch Acc: 98.44%, Running Acc: 99.17%
  - Loss: 0.0256, Grad Norm: 0.3711
  - Learning Rate: 0.001000
Training: 400/599 batches (66.8%)
  - Batch Acc: 99.22%, Running Acc: 99.23%
  - Loss: 0.0170, Grad Norm: 0.3510
  - Learning Rate: 0.001000
Training: 500/599 batches (83.5%)
  - Batch Acc: 99.22%, Running Acc: 99.27%
  - Loss: 0.0144, Grad Norm: 0.2287
  - Learning Rate: 0.001000
Training: 599/599 batches (100.0%)
  - Batch Acc: 100.00%, Running Acc: 99.25%
  - Loss: 0.0038, Grad Norm: 0.0709
  - Learning Rate: 0.001000

Training phase complete
Epoch Summary:
  - Average Loss: 0.0206
  - Average Accuracy: 99.25%
  - Average Grad Norm: 0.1995
  - Final Learning Rate: 0.001000
Starting validation phase...
Starting validation on 19170 samples...
Entering no_grad block for validation
Validation progress: 0/150 batches (0.0%)
  - Elapsed: 1.9s, Estimated remaining: 0.0s
Validation: 5/150 batches (3.3%)
  - Batch Acc: 39.06%, Running Acc: 62.97%
Validation progress: 5/150 batches (3.3%)
  - Elapsed: 2.0s, Estimated remaining: 48.7s
Validation: 10/150 batches (6.7%)
  - Batch Acc: 27.34%, Running Acc: 56.64%
Validation progress: 10/150 batches (6.7%)
  - Elapsed: 2.1s, Estimated remaining: 26.2s
Validation: 15/150 batches (10.0%)
  - Batch Acc: 24.22%, Running Acc: 48.18%
Validation progress: 15/150 batches (10.0%)
  - Elapsed: 2.1s, Estimated remaining: 17.5s
Validation: 20/150 batches (13.4%)
  - Batch Acc: 53.91%, Running Acc: 50.43%
Validation progress: 20/150 batches (13.3%)
  - Elapsed: 2.1s, Estimated remaining: 13.0s
Validation: 25/150 batches (16.7%)
  - Batch Acc: 68.75%, Running Acc: 52.53%
Validation progress: 25/150 batches (16.7%)
  - Elapsed: 2.2s, Estimated remaining: 10.3s
Validation: 30/150 batches (20.0%)
  - Batch Acc: 38.28%, Running Acc: 52.97%
Validation progress: 30/150 batches (20.0%)
  - Elapsed: 2.2s, Estimated remaining: 8.5s
Validation: 35/150 batches (23.4%)
  - Batch Acc: 100.00%, Running Acc: 55.42%
Validation progress: 35/150 batches (23.3%)
  - Elapsed: 2.2s, Estimated remaining: 7.1s
Validation: 40/150 batches (26.7%)
  - Batch Acc: 64.06%, Running Acc: 56.21%
Validation progress: 40/150 batches (26.7%)
  - Elapsed: 2.3s, Estimated remaining: 6.1s
Validation: 45/150 batches (30.0%)
  - Batch Acc: 77.34%, Running Acc: 58.51%
Validation progress: 45/150 batches (30.0%)
  - Elapsed: 2.3s, Estimated remaining: 5.3s
Validation: 50/150 batches (33.4%)
  - Batch Acc: 35.94%, Running Acc: 58.17%
Validation progress: 50/150 batches (33.3%)
  - Elapsed: 2.4s, Estimated remaining: 4.6s
Validation: 55/150 batches (36.7%)
  - Batch Acc: 73.44%, Running Acc: 57.14%
Validation progress: 55/150 batches (36.7%)
  - Elapsed: 2.4s, Estimated remaining: 4.1s
Validation: 60/150 batches (40.1%)
  - Batch Acc: 22.66%, Running Acc: 57.68%
Validation progress: 60/150 batches (40.0%)
  - Elapsed: 2.5s, Estimated remaining: 3.6s
Validation: 65/150 batches (43.4%)
  - Batch Acc: 67.19%, Running Acc: 56.25%
Validation progress: 65/150 batches (43.3%)
  - Elapsed: 2.5s, Estimated remaining: 3.2s
Validation: 70/150 batches (46.7%)
  - Batch Acc: 25.00%, Running Acc: 56.38%
Validation progress: 70/150 batches (46.7%)
  - Elapsed: 2.6s, Estimated remaining: 2.8s
Validation: 75/150 batches (50.1%)
  - Batch Acc: 46.09%, Running Acc: 56.31%
Validation progress: 75/150 batches (50.0%)
  - Elapsed: 2.6s, Estimated remaining: 2.5s
Validation: 80/150 batches (53.4%)
  - Batch Acc: 45.31%, Running Acc: 56.93%
Validation progress: 80/150 batches (53.3%)
  - Elapsed: 2.6s, Estimated remaining: 2.3s
Validation: 85/150 batches (56.8%)
  - Batch Acc: 46.88%, Running Acc: 56.78%
Validation progress: 85/150 batches (56.7%)
  - Elapsed: 2.7s, Estimated remaining: 2.0s
Validation: 90/150 batches (60.1%)
  - Batch Acc: 100.00%, Running Acc: 57.65%
Validation progress: 90/150 batches (60.0%)
  - Elapsed: 2.7s, Estimated remaining: 1.8s
Validation: 95/150 batches (63.4%)
  - Batch Acc: 70.31%, Running Acc: 58.00%
Validation progress: 95/150 batches (63.3%)
  - Elapsed: 2.8s, Estimated remaining: 1.6s
Validation: 100/150 batches (66.8%)
  - Batch Acc: 71.09%, Running Acc: 58.91%
Validation progress: 100/150 batches (66.7%)
  - Elapsed: 2.8s, Estimated remaining: 1.4s
Validation: 105/150 batches (70.1%)
  - Batch Acc: 67.97%, Running Acc: 59.17%
Validation progress: 105/150 batches (70.0%)
  - Elapsed: 2.9s, Estimated remaining: 1.2s
Validation: 110/150 batches (73.4%)
  - Batch Acc: 70.31%, Running Acc: 59.80%
Validation progress: 110/150 batches (73.3%)
  - Elapsed: 2.9s, Estimated remaining: 1.0s
Validation: 115/150 batches (76.8%)
  - Batch Acc: 32.81%, Running Acc: 59.71%
Validation progress: 115/150 batches (76.7%)
  - Elapsed: 3.0s, Estimated remaining: 0.9s
Validation: 120/150 batches (80.1%)
  - Batch Acc: 80.47%, Running Acc: 59.25%
Validation progress: 120/150 batches (80.0%)
  - Elapsed: 3.0s, Estimated remaining: 0.7s
Validation: 125/150 batches (83.5%)
  - Batch Acc: 86.72%, Running Acc: 59.05%
Validation progress: 125/150 batches (83.3%)
  - Elapsed: 3.0s, Estimated remaining: 0.6s
Validation: 130/150 batches (86.8%)
  - Batch Acc: 89.84%, Running Acc: 59.69%
Validation progress: 130/150 batches (86.7%)
  - Elapsed: 3.1s, Estimated remaining: 0.4s
Validation: 135/150 batches (90.1%)
  - Batch Acc: 60.94%, Running Acc: 59.80%
Validation progress: 135/150 batches (90.0%)
  - Elapsed: 3.1s, Estimated remaining: 0.3s
Validation: 140/150 batches (93.5%)
  - Batch Acc: 89.06%, Running Acc: 59.56%
Validation progress: 140/150 batches (93.3%)
  - Elapsed: 3.2s, Estimated remaining: 0.2s
Validation: 145/150 batches (96.8%)
  - Batch Acc: 81.25%, Running Acc: 59.25%
Validation progress: 145/150 batches (96.7%)
  - Elapsed: 3.2s, Estimated remaining: 0.1s
Validation: 150/150 batches (100.2%)
  - Batch Acc: 91.84%, Running Acc: 59.46%
Validation complete in 3.67s - Loss: 2.1442, Accuracy: 0.5946

==== Epoch 6/100 ====
Starting training phase...
Training on 76609 samples...
Training: 100/599 batches (16.7%)
  - Batch Acc: 100.00%, Running Acc: 99.53%
  - Loss: 0.0041, Grad Norm: 0.0713
  - Learning Rate: 0.001000
Training: 200/599 batches (33.4%)
  - Batch Acc: 98.44%, Running Acc: 99.49%
  - Loss: 0.0137, Grad Norm: 0.1969
  - Learning Rate: 0.001000
Training: 300/599 batches (50.1%)
  - Batch Acc: 98.44%, Running Acc: 99.47%
  - Loss: 0.0315, Grad Norm: 0.3147
  - Learning Rate: 0.001000
Training: 400/599 batches (66.8%)
  - Batch Acc: 100.00%, Running Acc: 99.46%
  - Loss: 0.0124, Grad Norm: 0.1580
  - Learning Rate: 0.001000
Training: 500/599 batches (83.5%)
  - Batch Acc: 100.00%, Running Acc: 99.44%
  - Loss: 0.0085, Grad Norm: 0.0923
  - Learning Rate: 0.001000
Training: 599/599 batches (100.0%)
  - Batch Acc: 100.00%, Running Acc: 99.44%
  - Loss: 0.0047, Grad Norm: 0.1076
  - Learning Rate: 0.001000

Training phase complete
Epoch Summary:
  - Average Loss: 0.0152
  - Average Accuracy: 99.44%
  - Average Grad Norm: 0.1621
  - Final Learning Rate: 0.001000
Starting validation phase...
Starting validation on 19170 samples...
Entering no_grad block for validation
Validation progress: 0/150 batches (0.0%)
  - Elapsed: 2.0s, Estimated remaining: 0.0s
Validation: 5/150 batches (3.3%)
  - Batch Acc: 3.12%, Running Acc: 33.91%
Validation progress: 5/150 batches (3.3%)
  - Elapsed: 2.1s, Estimated remaining: 50.3s
Validation: 10/150 batches (6.7%)
  - Batch Acc: 79.69%, Running Acc: 56.56%
Validation progress: 10/150 batches (6.7%)
  - Elapsed: 2.1s, Estimated remaining: 26.8s
Validation: 15/150 batches (10.0%)
  - Batch Acc: 24.22%, Running Acc: 56.98%
Validation progress: 15/150 batches (10.0%)
  - Elapsed: 2.2s, Estimated remaining: 18.1s
Validation: 20/150 batches (13.4%)
  - Batch Acc: 70.31%, Running Acc: 56.09%
Validation progress: 20/150 batches (13.3%)
  - Elapsed: 2.2s, Estimated remaining: 13.5s
Validation: 25/150 batches (16.7%)
  - Batch Acc: 82.81%, Running Acc: 57.44%
Validation progress: 25/150 batches (16.7%)
  - Elapsed: 2.2s, Estimated remaining: 10.7s
Validation: 30/150 batches (20.0%)
  - Batch Acc: 46.09%, Running Acc: 55.57%
Validation progress: 30/150 batches (20.0%)
  - Elapsed: 2.3s, Estimated remaining: 8.8s
Validation: 35/150 batches (23.4%)
  - Batch Acc: 86.72%, Running Acc: 59.33%
Validation progress: 35/150 batches (23.3%)
  - Elapsed: 2.3s, Estimated remaining: 7.4s
Validation: 40/150 batches (26.7%)
  - Batch Acc: 42.97%, Running Acc: 57.68%
Validation progress: 40/150 batches (26.7%)
  - Elapsed: 2.4s, Estimated remaining: 6.3s
Validation: 45/150 batches (30.0%)
  - Batch Acc: 67.19%, Running Acc: 56.42%
Validation progress: 45/150 batches (30.0%)
  - Elapsed: 2.4s, Estimated remaining: 5.5s
Validation: 50/150 batches (33.4%)
  - Batch Acc: 29.69%, Running Acc: 55.47%
Validation progress: 50/150 batches (33.3%)
  - Elapsed: 2.5s, Estimated remaining: 4.8s
Validation: 55/150 batches (36.7%)
  - Batch Acc: 89.84%, Running Acc: 55.04%
Validation progress: 55/150 batches (36.7%)
  - Elapsed: 2.5s, Estimated remaining: 4.2s
Validation: 60/150 batches (40.1%)
  - Batch Acc: 83.59%, Running Acc: 57.94%
Validation progress: 60/150 batches (40.0%)
  - Elapsed: 2.6s, Estimated remaining: 3.7s
Validation: 65/150 batches (43.4%)
  - Batch Acc: 81.25%, Running Acc: 58.16%
Validation progress: 65/150 batches (43.3%)
  - Elapsed: 2.6s, Estimated remaining: 3.3s
Validation: 70/150 batches (46.7%)
  - Batch Acc: 42.97%, Running Acc: 59.65%
Validation progress: 70/150 batches (46.7%)
  - Elapsed: 2.7s, Estimated remaining: 3.0s
Validation: 75/150 batches (50.1%)
  - Batch Acc: 30.47%, Running Acc: 60.61%
Validation progress: 75/150 batches (50.0%)
  - Elapsed: 2.7s, Estimated remaining: 2.6s
Validation: 80/150 batches (53.4%)
  - Batch Acc: 71.88%, Running Acc: 61.15%
Validation progress: 80/150 batches (53.3%)
  - Elapsed: 2.8s, Estimated remaining: 2.4s
Validation: 85/150 batches (56.8%)
  - Batch Acc: 77.34%, Running Acc: 62.60%
Validation progress: 85/150 batches (56.7%)
  - Elapsed: 2.8s, Estimated remaining: 2.1s
Validation: 90/150 batches (60.1%)
  - Batch Acc: 100.00%, Running Acc: 62.20%
Validation progress: 90/150 batches (60.0%)
  - Elapsed: 2.9s, Estimated remaining: 1.8s
Validation: 95/150 batches (63.4%)
  - Batch Acc: 44.53%, Running Acc: 61.51%
Validation progress: 95/150 batches (63.3%)
  - Elapsed: 2.9s, Estimated remaining: 1.6s
Validation: 100/150 batches (66.8%)
  - Batch Acc: 64.06%, Running Acc: 61.50%
Validation progress: 100/150 batches (66.7%)
  - Elapsed: 2.9s, Estimated remaining: 1.4s
Validation: 105/150 batches (70.1%)
  - Batch Acc: 93.75%, Running Acc: 61.53%
Validation progress: 105/150 batches (70.0%)
  - Elapsed: 3.0s, Estimated remaining: 1.2s
Validation: 110/150 batches (73.4%)
  - Batch Acc: 75.00%, Running Acc: 62.66%
Validation progress: 110/150 batches (73.3%)
  - Elapsed: 3.0s, Estimated remaining: 1.1s
Validation: 115/150 batches (76.8%)
  - Batch Acc: 58.59%, Running Acc: 63.51%
Validation progress: 115/150 batches (76.7%)
  - Elapsed: 3.1s, Estimated remaining: 0.9s
Validation: 120/150 batches (80.1%)
  - Batch Acc: 98.44%, Running Acc: 64.24%
Validation progress: 120/150 batches (80.0%)
  - Elapsed: 3.1s, Estimated remaining: 0.7s
Validation: 125/150 batches (83.5%)
  - Batch Acc: 100.00%, Running Acc: 64.64%
Validation progress: 125/150 batches (83.3%)
  - Elapsed: 3.2s, Estimated remaining: 0.6s
Validation: 130/150 batches (86.8%)
  - Batch Acc: 60.16%, Running Acc: 64.28%
Validation progress: 130/150 batches (86.7%)
  - Elapsed: 3.2s, Estimated remaining: 0.5s
Validation: 135/150 batches (90.1%)
  - Batch Acc: 64.84%, Running Acc: 64.42%
Validation progress: 135/150 batches (90.0%)
  - Elapsed: 3.3s, Estimated remaining: 0.3s
Validation: 140/150 batches (93.5%)
  - Batch Acc: 82.81%, Running Acc: 64.09%
Validation progress: 140/150 batches (93.3%)
  - Elapsed: 3.3s, Estimated remaining: 0.2s
Validation: 145/150 batches (96.8%)
  - Batch Acc: 79.69%, Running Acc: 63.66%
Validation progress: 145/150 batches (96.7%)
  - Elapsed: 3.3s, Estimated remaining: 0.1s
Validation: 150/150 batches (100.2%)
  - Batch Acc: 86.73%, Running Acc: 63.95%
Validation complete in 3.79s - Loss: 2.1579, Accuracy: 0.6395

==== Epoch 7/100 ====
Starting training phase...
Training on 76609 samples...
Training: 100/599 batches (16.7%)
  - Batch Acc: 100.00%, Running Acc: 99.20%
  - Loss: 0.0074, Grad Norm: 0.0960
  - Learning Rate: 0.001000
Training: 200/599 batches (33.4%)
  - Batch Acc: 100.00%, Running Acc: 99.31%
  - Loss: 0.0013, Grad Norm: 0.0245
  - Learning Rate: 0.001000
Training: 300/599 batches (50.1%)
  - Batch Acc: 100.00%, Running Acc: 99.35%
  - Loss: 0.0025, Grad Norm: 0.0302
  - Learning Rate: 0.001000
Training: 400/599 batches (66.8%)
  - Batch Acc: 98.44%, Running Acc: 99.38%
  - Loss: 0.0135, Grad Norm: 0.1099
  - Learning Rate: 0.001000
Training: 500/599 batches (83.5%)
  - Batch Acc: 99.22%, Running Acc: 99.34%
  - Loss: 0.0146, Grad Norm: 0.1341
  - Learning Rate: 0.001000
Training: 599/599 batches (100.0%)
  - Batch Acc: 100.00%, Running Acc: 99.37%
  - Loss: 0.0016, Grad Norm: 0.0181
  - Learning Rate: 0.001000

Training phase complete
Epoch Summary:
  - Average Loss: 0.0171
  - Average Accuracy: 99.37%
  - Average Grad Norm: 0.1574
  - Final Learning Rate: 0.001000
Starting validation phase...
Starting validation on 19170 samples...
Entering no_grad block for validation
Validation progress: 0/150 batches (0.0%)
  - Elapsed: 2.1s, Estimated remaining: 0.0s
Validation: 5/150 batches (3.3%)
  - Batch Acc: 23.44%, Running Acc: 52.19%
Validation progress: 5/150 batches (3.3%)
  - Elapsed: 2.1s, Estimated remaining: 50.3s
Validation: 10/150 batches (6.7%)
  - Batch Acc: 56.25%, Running Acc: 59.69%
Validation progress: 10/150 batches (6.7%)
  - Elapsed: 2.2s, Estimated remaining: 27.4s
Validation: 15/150 batches (10.0%)
  - Batch Acc: 24.22%, Running Acc: 52.60%
Validation progress: 15/150 batches (10.0%)
  - Elapsed: 2.2s, Estimated remaining: 18.3s
Validation: 20/150 batches (13.4%)
  - Batch Acc: 68.75%, Running Acc: 53.63%
Validation progress: 20/150 batches (13.3%)
  - Elapsed: 2.2s, Estimated remaining: 13.7s
Validation: 25/150 batches (16.7%)
  - Batch Acc: 79.69%, Running Acc: 54.56%
Validation progress: 25/150 batches (16.7%)
  - Elapsed: 2.3s, Estimated remaining: 10.8s
Validation: 30/150 batches (20.0%)
  - Batch Acc: 27.34%, Running Acc: 53.91%
Validation progress: 30/150 batches (20.0%)
  - Elapsed: 2.3s, Estimated remaining: 8.9s
Validation: 35/150 batches (23.4%)
  - Batch Acc: 98.44%, Running Acc: 56.61%
Validation progress: 35/150 batches (23.3%)
  - Elapsed: 2.3s, Estimated remaining: 7.4s
Validation: 40/150 batches (26.7%)
  - Batch Acc: 27.34%, Running Acc: 55.25%
Validation progress: 40/150 batches (26.7%)
  - Elapsed: 2.4s, Estimated remaining: 6.4s
Validation: 45/150 batches (30.0%)
  - Batch Acc: 79.69%, Running Acc: 55.47%
Validation progress: 45/150 batches (30.0%)
  - Elapsed: 2.4s, Estimated remaining: 5.5s
Validation: 50/150 batches (33.4%)
  - Batch Acc: 54.69%, Running Acc: 55.55%
Validation progress: 50/150 batches (33.3%)
  - Elapsed: 2.5s, Estimated remaining: 4.8s
Validation: 55/150 batches (36.7%)
  - Batch Acc: 78.12%, Running Acc: 54.62%
Validation progress: 55/150 batches (36.7%)
  - Elapsed: 2.5s, Estimated remaining: 4.2s
Validation: 60/150 batches (40.1%)
  - Batch Acc: 67.97%, Running Acc: 56.35%
Validation progress: 60/150 batches (40.0%)
  - Elapsed: 2.6s, Estimated remaining: 3.8s
Validation: 65/150 batches (43.4%)
  - Batch Acc: 75.00%, Running Acc: 56.44%
Validation progress: 65/150 batches (43.3%)
  - Elapsed: 2.6s, Estimated remaining: 3.3s
Validation: 70/150 batches (46.7%)
  - Batch Acc: 34.38%, Running Acc: 56.99%
Validation progress: 70/150 batches (46.7%)
  - Elapsed: 2.7s, Estimated remaining: 3.0s
Validation: 75/150 batches (50.1%)
  - Batch Acc: 56.25%, Running Acc: 57.27%
Validation progress: 75/150 batches (50.0%)
  - Elapsed: 2.7s, Estimated remaining: 2.6s
Validation: 80/150 batches (53.4%)
  - Batch Acc: 39.84%, Running Acc: 58.11%
Validation progress: 80/150 batches (53.3%)
  - Elapsed: 2.8s, Estimated remaining: 2.3s
Validation: 85/150 batches (56.8%)
  - Batch Acc: 61.72%, Running Acc: 58.46%
Validation progress: 85/150 batches (56.7%)
  - Elapsed: 2.8s, Estimated remaining: 2.1s
Validation: 90/150 batches (60.1%)
  - Batch Acc: 100.00%, Running Acc: 59.01%
Validation progress: 90/150 batches (60.0%)
  - Elapsed: 2.8s, Estimated remaining: 1.8s
Validation: 95/150 batches (63.4%)
  - Batch Acc: 53.91%, Running Acc: 59.10%
Validation progress: 95/150 batches (63.3%)
  - Elapsed: 2.9s, Estimated remaining: 1.6s
Validation: 100/150 batches (66.8%)
  - Batch Acc: 80.47%, Running Acc: 60.26%
Validation progress: 100/150 batches (66.7%)
  - Elapsed: 2.9s, Estimated remaining: 1.4s
Validation: 105/150 batches (70.1%)
  - Batch Acc: 76.56%, Running Acc: 60.13%
Validation progress: 105/150 batches (70.0%)
  - Elapsed: 3.0s, Estimated remaining: 1.2s
Validation: 110/150 batches (73.4%)
  - Batch Acc: 72.66%, Running Acc: 61.07%
Validation progress: 110/150 batches (73.3%)
  - Elapsed: 3.0s, Estimated remaining: 1.0s
Validation: 115/150 batches (76.8%)
  - Batch Acc: 53.91%, Running Acc: 61.40%
Validation progress: 115/150 batches (76.7%)
  - Elapsed: 3.0s, Estimated remaining: 0.9s
Validation: 120/150 batches (80.1%)
  - Batch Acc: 85.94%, Running Acc: 61.33%
Validation progress: 120/150 batches (80.0%)
  - Elapsed: 3.1s, Estimated remaining: 0.7s
Validation: 125/150 batches (83.5%)
  - Batch Acc: 95.31%, Running Acc: 61.31%
Validation progress: 125/150 batches (83.3%)
  - Elapsed: 3.1s, Estimated remaining: 0.6s
Validation: 130/150 batches (86.8%)
  - Batch Acc: 66.41%, Running Acc: 61.33%
Validation progress: 130/150 batches (86.7%)
  - Elapsed: 3.2s, Estimated remaining: 0.5s
Validation: 135/150 batches (90.1%)
  - Batch Acc: 44.53%, Running Acc: 61.46%
Validation progress: 135/150 batches (90.0%)
  - Elapsed: 3.2s, Estimated remaining: 0.3s
Validation: 140/150 batches (93.5%)
  - Batch Acc: 72.66%, Running Acc: 60.88%
Validation progress: 140/150 batches (93.3%)
  - Elapsed: 3.2s, Estimated remaining: 0.2s
Validation: 145/150 batches (96.8%)
  - Batch Acc: 76.56%, Running Acc: 60.51%
Validation progress: 145/150 batches (96.7%)
  - Elapsed: 3.3s, Estimated remaining: 0.1s
Validation: 150/150 batches (100.2%)
  - Batch Acc: 89.80%, Running Acc: 60.94%
Validation complete in 3.71s - Loss: 2.3201, Accuracy: 0.6094

==== Epoch 8/100 ====
Starting training phase...
Training on 76609 samples...
Training: 100/599 batches (16.7%)
  - Batch Acc: 99.22%, Running Acc: 99.63%
  - Loss: 0.0203, Grad Norm: 0.1249
  - Learning Rate: 0.001000
Training: 200/599 batches (33.4%)
  - Batch Acc: 99.22%, Running Acc: 99.51%
  - Loss: 0.0297, Grad Norm: 0.2474
  - Learning Rate: 0.001000
Training: 300/599 batches (50.1%)
  - Batch Acc: 99.22%, Running Acc: 99.53%
  - Loss: 0.0142, Grad Norm: 0.2376
  - Learning Rate: 0.001000
Training: 400/599 batches (66.8%)
  - Batch Acc: 99.22%, Running Acc: 99.56%
  - Loss: 0.0331, Grad Norm: 0.2384
  - Learning Rate: 0.001000
Training: 500/599 batches (83.5%)
  - Batch Acc: 100.00%, Running Acc: 99.55%
  - Loss: 0.0066, Grad Norm: 0.0763
  - Learning Rate: 0.001000
Training: 599/599 batches (100.0%)
  - Batch Acc: 100.00%, Running Acc: 99.54%
  - Loss: 0.0005, Grad Norm: 0.0041
  - Learning Rate: 0.001000

Training phase complete
Epoch Summary:
  - Average Loss: 0.0136
  - Average Accuracy: 99.54%
  - Average Grad Norm: 0.1370
  - Final Learning Rate: 0.001000
Starting validation phase...
Starting validation on 19170 samples...
Entering no_grad block for validation
Validation progress: 0/150 batches (0.0%)
  - Elapsed: 2.2s, Estimated remaining: 0.0s
Validation: 5/150 batches (3.3%)
  - Batch Acc: 28.12%, Running Acc: 58.91%
Validation progress: 5/150 batches (3.3%)
  - Elapsed: 2.3s, Estimated remaining: 54.7s
Validation: 10/150 batches (6.7%)
  - Batch Acc: 53.91%, Running Acc: 60.39%
Validation progress: 10/150 batches (6.7%)
  - Elapsed: 2.3s, Estimated remaining: 28.9s
Validation: 15/150 batches (10.0%)
  - Batch Acc: 23.44%, Running Acc: 52.34%
Validation progress: 15/150 batches (10.0%)
  - Elapsed: 2.3s, Estimated remaining: 19.5s
Validation: 20/150 batches (13.4%)
  - Batch Acc: 58.59%, Running Acc: 51.60%
Validation progress: 20/150 batches (13.3%)
  - Elapsed: 2.4s, Estimated remaining: 14.5s
Validation: 25/150 batches (16.7%)
  - Batch Acc: 78.12%, Running Acc: 52.59%
Validation progress: 25/150 batches (16.7%)
  - Elapsed: 2.4s, Estimated remaining: 11.5s
Validation: 30/150 batches (20.0%)
  - Batch Acc: 28.91%, Running Acc: 51.48%
Validation progress: 30/150 batches (20.0%)
  - Elapsed: 2.4s, Estimated remaining: 9.4s
Validation: 35/150 batches (23.4%)
  - Batch Acc: 100.00%, Running Acc: 55.16%
Validation progress: 35/150 batches (23.3%)
  - Elapsed: 2.5s, Estimated remaining: 7.9s
Validation: 40/150 batches (26.7%)
  - Batch Acc: 33.59%, Running Acc: 55.57%
Validation progress: 40/150 batches (26.7%)
  - Elapsed: 2.5s, Estimated remaining: 6.7s
Validation: 45/150 batches (30.0%)
  - Batch Acc: 87.50%, Running Acc: 58.30%
Validation progress: 45/150 batches (30.0%)
  - Elapsed: 2.6s, Estimated remaining: 5.8s
Validation: 50/150 batches (33.4%)
  - Batch Acc: 58.59%, Running Acc: 58.02%
Validation progress: 50/150 batches (33.3%)
  - Elapsed: 2.6s, Estimated remaining: 5.0s
Validation: 55/150 batches (36.7%)
  - Batch Acc: 69.53%, Running Acc: 57.17%
Validation progress: 55/150 batches (36.7%)
  - Elapsed: 2.6s, Estimated remaining: 4.4s
Validation: 60/150 batches (40.1%)
  - Batch Acc: 69.53%, Running Acc: 58.68%
Validation progress: 60/150 batches (40.0%)
  - Elapsed: 2.7s, Estimated remaining: 3.9s
Validation: 65/150 batches (43.4%)
  - Batch Acc: 41.41%, Running Acc: 56.94%
Validation progress: 65/150 batches (43.3%)
  - Elapsed: 2.7s, Estimated remaining: 3.5s
Validation: 70/150 batches (46.7%)
  - Batch Acc: 17.97%, Running Acc: 56.51%
Validation progress: 70/150 batches (46.7%)
  - Elapsed: 2.8s, Estimated remaining: 3.1s
Validation: 75/150 batches (50.1%)
  - Batch Acc: 54.69%, Running Acc: 56.44%
Validation progress: 75/150 batches (50.0%)
  - Elapsed: 2.8s, Estimated remaining: 2.7s
Validation: 80/150 batches (53.4%)
  - Batch Acc: 39.84%, Running Acc: 57.80%
Validation progress: 80/150 batches (53.3%)
  - Elapsed: 2.8s, Estimated remaining: 2.4s
Validation: 85/150 batches (56.8%)
  - Batch Acc: 51.56%, Running Acc: 57.67%
Validation progress: 85/150 batches (56.7%)
  - Elapsed: 2.9s, Estimated remaining: 2.1s
Validation: 90/150 batches (60.1%)
  - Batch Acc: 100.00%, Running Acc: 58.52%
Validation progress: 90/150 batches (60.0%)
  - Elapsed: 2.9s, Estimated remaining: 1.9s
Validation: 95/150 batches (63.4%)
  - Batch Acc: 65.62%, Running Acc: 59.03%
Validation progress: 95/150 batches (63.3%)
  - Elapsed: 2.9s, Estimated remaining: 1.7s
Validation: 100/150 batches (66.8%)
  - Batch Acc: 78.12%, Running Acc: 59.85%
Validation progress: 100/150 batches (66.7%)
  - Elapsed: 3.0s, Estimated remaining: 1.4s
Validation: 105/150 batches (70.1%)
  - Batch Acc: 69.53%, Running Acc: 59.81%
Validation progress: 105/150 batches (70.0%)
  - Elapsed: 3.0s, Estimated remaining: 1.3s
Validation: 110/150 batches (73.4%)
  - Batch Acc: 73.44%, Running Acc: 60.48%
Validation progress: 110/150 batches (73.3%)
  - Elapsed: 3.1s, Estimated remaining: 1.1s
Validation: 115/150 batches (76.8%)
  - Batch Acc: 46.88%, Running Acc: 60.56%
Validation progress: 115/150 batches (76.7%)
  - Elapsed: 3.1s, Estimated remaining: 0.9s
Validation: 120/150 batches (80.1%)
  - Batch Acc: 97.66%, Running Acc: 60.42%
Validation progress: 120/150 batches (80.0%)
  - Elapsed: 3.1s, Estimated remaining: 0.7s
Validation: 125/150 batches (83.5%)
  - Batch Acc: 83.59%, Running Acc: 60.29%
Validation progress: 125/150 batches (83.3%)
  - Elapsed: 3.2s, Estimated remaining: 0.6s
Validation: 130/150 batches (86.8%)
  - Batch Acc: 96.88%, Running Acc: 61.18%
Validation progress: 130/150 batches (86.7%)
  - Elapsed: 3.2s, Estimated remaining: 0.5s
Validation: 135/150 batches (90.1%)
  - Batch Acc: 48.44%, Running Acc: 61.19%
Validation progress: 135/150 batches (90.0%)
  - Elapsed: 3.2s, Estimated remaining: 0.3s
Validation: 140/150 batches (93.5%)
  - Batch Acc: 86.72%, Running Acc: 60.92%
Validation progress: 140/150 batches (93.3%)
  - Elapsed: 3.3s, Estimated remaining: 0.2s
Validation: 145/150 batches (96.8%)
  - Batch Acc: 60.16%, Running Acc: 60.15%
Validation progress: 145/150 batches (96.7%)
  - Elapsed: 3.3s, Estimated remaining: 0.1s
Validation: 150/150 batches (100.2%)
  - Batch Acc: 94.90%, Running Acc: 60.31%
Validation complete in 3.76s - Loss: 2.0993, Accuracy: 0.6031

==== Epoch 9/100 ====
Starting training phase...
Training on 76609 samples...
Training: 100/599 batches (16.7%)
  - Batch Acc: 100.00%, Running Acc: 99.65%
  - Loss: 0.0017, Grad Norm: 0.0165
  - Learning Rate: 0.001000
Training: 200/599 batches (33.4%)
  - Batch Acc: 99.22%, Running Acc: 99.67%
  - Loss: 0.0167, Grad Norm: 0.2076
  - Learning Rate: 0.001000
Training: 300/599 batches (50.1%)
  - Batch Acc: 100.00%, Running Acc: 99.65%
  - Loss: 0.0015, Grad Norm: 0.0247
  - Learning Rate: 0.001000
Training: 400/599 batches (66.8%)
  - Batch Acc: 100.00%, Running Acc: 99.63%
  - Loss: 0.0043, Grad Norm: 0.0587
  - Learning Rate: 0.001000
Training: 500/599 batches (83.5%)
  - Batch Acc: 100.00%, Running Acc: 99.63%
  - Loss: 0.0011, Grad Norm: 0.0076
  - Learning Rate: 0.001000
Training: 599/599 batches (100.0%)
  - Batch Acc: 98.46%, Running Acc: 99.60%
  - Loss: 0.0295, Grad Norm: 0.4702
  - Learning Rate: 0.001000

Training phase complete
Epoch Summary:
  - Average Loss: 0.0115
  - Average Accuracy: 99.60%
  - Average Grad Norm: 0.1172
  - Final Learning Rate: 0.001000
Starting validation phase...
Starting validation on 19170 samples...
Entering no_grad block for validation
Validation progress: 0/150 batches (0.0%)
  - Elapsed: 1.9s, Estimated remaining: 0.0s
Validation: 5/150 batches (3.3%)
  - Batch Acc: 0.00%, Running Acc: 27.03%
Validation progress: 5/150 batches (3.3%)
  - Elapsed: 1.9s, Estimated remaining: 46.6s
Validation: 10/150 batches (6.7%)
  - Batch Acc: 80.47%, Running Acc: 53.98%
Validation progress: 10/150 batches (6.7%)
  - Elapsed: 2.0s, Estimated remaining: 25.2s
Validation: 15/150 batches (10.0%)
  - Batch Acc: 17.97%, Running Acc: 59.74%
Validation progress: 15/150 batches (10.0%)
  - Elapsed: 2.0s, Estimated remaining: 17.0s
Validation: 20/150 batches (13.4%)
  - Batch Acc: 67.97%, Running Acc: 59.65%
Validation progress: 20/150 batches (13.3%)
  - Elapsed: 2.1s, Estimated remaining: 12.8s
Validation: 25/150 batches (16.7%)
  - Batch Acc: 99.22%, Running Acc: 61.38%
Validation progress: 25/150 batches (16.7%)
  - Elapsed: 2.1s, Estimated remaining: 10.1s
Validation: 30/150 batches (20.0%)
  - Batch Acc: 46.09%, Running Acc: 59.09%
Validation progress: 30/150 batches (20.0%)
  - Elapsed: 2.2s, Estimated remaining: 8.3s
Validation: 35/150 batches (23.4%)
  - Batch Acc: 100.00%, Running Acc: 63.62%
Validation progress: 35/150 batches (23.3%)
  - Elapsed: 2.2s, Estimated remaining: 7.0s
Validation: 40/150 batches (26.7%)
  - Batch Acc: 85.94%, Running Acc: 61.95%
Validation progress: 40/150 batches (26.7%)
  - Elapsed: 2.3s, Estimated remaining: 6.0s
Validation: 45/150 batches (30.0%)
  - Batch Acc: 64.84%, Running Acc: 59.60%
Validation progress: 45/150 batches (30.0%)
  - Elapsed: 2.3s, Estimated remaining: 5.2s
Validation: 50/150 batches (33.4%)
  - Batch Acc: 28.91%, Running Acc: 58.19%
Validation progress: 50/150 batches (33.3%)
  - Elapsed: 2.3s, Estimated remaining: 4.6s
Validation: 55/150 batches (36.7%)
  - Batch Acc: 94.53%, Running Acc: 58.11%
Validation progress: 55/150 batches (36.7%)
  - Elapsed: 2.4s, Estimated remaining: 4.0s
Validation: 60/150 batches (40.1%)
  - Batch Acc: 78.91%, Running Acc: 60.12%
Validation progress: 60/150 batches (40.0%)
  - Elapsed: 2.4s, Estimated remaining: 3.5s
Validation: 65/150 batches (43.4%)
  - Batch Acc: 78.91%, Running Acc: 59.60%
Validation progress: 65/150 batches (43.3%)
  - Elapsed: 2.5s, Estimated remaining: 3.1s
Validation: 70/150 batches (46.7%)
  - Batch Acc: 30.47%, Running Acc: 60.38%
Validation progress: 70/150 batches (46.7%)
  - Elapsed: 2.5s, Estimated remaining: 2.8s
Validation: 75/150 batches (50.1%)
  - Batch Acc: 29.69%, Running Acc: 61.52%
Validation progress: 75/150 batches (50.0%)
  - Elapsed: 2.6s, Estimated remaining: 2.5s
Validation: 80/150 batches (53.4%)
  - Batch Acc: 66.41%, Running Acc: 62.40%
Validation progress: 80/150 batches (53.3%)
  - Elapsed: 2.6s, Estimated remaining: 2.2s
Validation: 85/150 batches (56.8%)
  - Batch Acc: 84.38%, Running Acc: 64.38%
Validation progress: 85/150 batches (56.7%)
  - Elapsed: 2.7s, Estimated remaining: 2.0s
Validation: 90/150 batches (60.1%)
  - Batch Acc: 100.00%, Running Acc: 63.98%
Validation progress: 90/150 batches (60.0%)
  - Elapsed: 2.7s, Estimated remaining: 1.7s
Validation: 95/150 batches (63.4%)
  - Batch Acc: 54.69%, Running Acc: 63.62%
Validation progress: 95/150 batches (63.3%)
  - Elapsed: 2.7s, Estimated remaining: 1.5s
Validation: 100/150 batches (66.8%)
  - Batch Acc: 67.97%, Running Acc: 63.47%
Validation progress: 100/150 batches (66.7%)
  - Elapsed: 2.8s, Estimated remaining: 1.4s
Validation: 105/150 batches (70.1%)
  - Batch Acc: 90.62%, Running Acc: 62.95%
Validation progress: 105/150 batches (70.0%)
  - Elapsed: 2.8s, Estimated remaining: 1.2s
Validation: 110/150 batches (73.4%)
  - Batch Acc: 80.47%, Running Acc: 63.98%
Validation progress: 110/150 batches (73.3%)
  - Elapsed: 2.9s, Estimated remaining: 1.0s
Validation: 115/150 batches (76.8%)
  - Batch Acc: 68.75%, Running Acc: 64.90%
Validation progress: 115/150 batches (76.7%)
  - Elapsed: 2.9s, Estimated remaining: 0.9s
Validation: 120/150 batches (80.1%)
  - Batch Acc: 100.00%, Running Acc: 65.57%
Validation progress: 120/150 batches (80.0%)
  - Elapsed: 3.0s, Estimated remaining: 0.7s
Validation: 125/150 batches (83.5%)
  - Batch Acc: 100.00%, Running Acc: 65.83%
Validation progress: 125/150 batches (83.3%)
  - Elapsed: 3.0s, Estimated remaining: 0.6s
Validation: 130/150 batches (86.8%)
  - Batch Acc: 66.41%, Running Acc: 65.08%
Validation progress: 130/150 batches (86.7%)
  - Elapsed: 3.1s, Estimated remaining: 0.4s
Validation: 135/150 batches (90.1%)
  - Batch Acc: 55.47%, Running Acc: 65.41%
Validation progress: 135/150 batches (90.0%)
  - Elapsed: 3.1s, Estimated remaining: 0.3s
Validation: 140/150 batches (93.5%)
  - Batch Acc: 84.38%, Running Acc: 64.81%
Validation progress: 140/150 batches (93.3%)
  - Elapsed: 3.1s, Estimated remaining: 0.2s
Validation: 145/150 batches (96.8%)
  - Batch Acc: 68.75%, Running Acc: 64.23%
Validation progress: 145/150 batches (96.7%)
  - Elapsed: 3.2s, Estimated remaining: 0.1s
Validation: 150/150 batches (100.2%)
  - Batch Acc: 60.20%, Running Acc: 64.40%
Validation complete in 3.65s - Loss: 2.3810, Accuracy: 0.6440

==== Epoch 10/100 ====
Starting training phase...
Training on 76609 samples...
Training: 100/599 batches (16.7%)
  - Batch Acc: 100.00%, Running Acc: 99.50%
  - Loss: 0.0014, Grad Norm: 0.0143
  - Learning Rate: 0.001000
Training: 200/599 batches (33.4%)
  - Batch Acc: 100.00%, Running Acc: 99.61%
  - Loss: 0.0036, Grad Norm: 0.0447
  - Learning Rate: 0.001000
Training: 300/599 batches (50.1%)
  - Batch Acc: 98.44%, Running Acc: 99.59%
  - Loss: 0.0128, Grad Norm: 0.1455
  - Learning Rate: 0.001000
Training: 400/599 batches (66.8%)
  - Batch Acc: 100.00%, Running Acc: 99.56%
  - Loss: 0.0008, Grad Norm: 0.0098
  - Learning Rate: 0.001000
Training: 500/599 batches (83.5%)
  - Batch Acc: 99.22%, Running Acc: 99.53%
  - Loss: 0.0240, Grad Norm: 0.2277
  - Learning Rate: 0.001000
Training: 599/599 batches (100.0%)
  - Batch Acc: 100.00%, Running Acc: 99.54%
  - Loss: 0.0038, Grad Norm: 0.0536
  - Learning Rate: 0.001000

Training phase complete
Epoch Summary:
  - Average Loss: 0.0128
  - Average Accuracy: 99.54%
  - Average Grad Norm: 0.1132
  - Final Learning Rate: 0.001000
Starting validation phase...
Starting validation on 19170 samples...
Entering no_grad block for validation
Validation progress: 0/150 batches (0.0%)
  - Elapsed: 1.9s, Estimated remaining: 0.0s
Validation: 5/150 batches (3.3%)
  - Batch Acc: 12.50%, Running Acc: 48.91%
Validation progress: 5/150 batches (3.3%)
  - Elapsed: 2.0s, Estimated remaining: 48.0s
Validation: 10/150 batches (6.7%)
  - Batch Acc: 87.50%, Running Acc: 59.30%
Validation progress: 10/150 batches (6.7%)
  - Elapsed: 2.0s, Estimated remaining: 25.8s
Validation: 15/150 batches (10.0%)
  - Batch Acc: 13.28%, Running Acc: 53.65%
Validation progress: 15/150 batches (10.0%)
  - Elapsed: 2.1s, Estimated remaining: 17.4s
Validation: 20/150 batches (13.4%)
  - Batch Acc: 60.16%, Running Acc: 54.06%
Validation progress: 20/150 batches (13.3%)
  - Elapsed: 2.1s, Estimated remaining: 13.0s
Validation: 25/150 batches (16.7%)
  - Batch Acc: 93.75%, Running Acc: 55.94%
Validation progress: 25/150 batches (16.7%)
  - Elapsed: 2.2s, Estimated remaining: 10.3s
Validation: 30/150 batches (20.0%)
  - Batch Acc: 13.28%, Running Acc: 53.54%
Validation progress: 30/150 batches (20.0%)
  - Elapsed: 2.2s, Estimated remaining: 8.5s
Validation: 35/150 batches (23.4%)
  - Batch Acc: 98.44%, Running Acc: 56.63%
Validation progress: 35/150 batches (23.3%)
  - Elapsed: 2.3s, Estimated remaining: 7.1s
Validation: 40/150 batches (26.7%)
  - Batch Acc: 74.22%, Running Acc: 56.62%
Validation progress: 40/150 batches (26.7%)
  - Elapsed: 2.3s, Estimated remaining: 6.1s
Validation: 45/150 batches (30.0%)
  - Batch Acc: 94.53%, Running Acc: 58.40%
Validation progress: 45/150 batches (30.0%)
  - Elapsed: 2.3s, Estimated remaining: 5.3s
Validation: 50/150 batches (33.4%)
  - Batch Acc: 47.66%, Running Acc: 58.05%
Validation progress: 50/150 batches (33.3%)
  - Elapsed: 2.4s, Estimated remaining: 4.6s
Validation: 55/150 batches (36.7%)
  - Batch Acc: 79.69%, Running Acc: 56.79%
Validation progress: 55/150 batches (36.7%)
  - Elapsed: 2.4s, Estimated remaining: 4.1s
Validation: 60/150 batches (40.1%)
  - Batch Acc: 53.91%, Running Acc: 57.72%
Validation progress: 60/150 batches (40.0%)
  - Elapsed: 2.5s, Estimated remaining: 3.6s
Validation: 65/150 batches (43.4%)
  - Batch Acc: 67.19%, Running Acc: 56.73%
Validation progress: 65/150 batches (43.3%)
  - Elapsed: 2.5s, Estimated remaining: 3.2s
Validation: 70/150 batches (46.7%)
  - Batch Acc: 21.88%, Running Acc: 56.92%
Validation progress: 70/150 batches (46.7%)
  - Elapsed: 2.6s, Estimated remaining: 2.9s
Validation: 75/150 batches (50.1%)
  - Batch Acc: 46.88%, Running Acc: 57.69%
Validation progress: 75/150 batches (50.0%)
  - Elapsed: 2.6s, Estimated remaining: 2.6s
Validation: 80/150 batches (53.4%)
  - Batch Acc: 39.06%, Running Acc: 58.44%
Validation progress: 80/150 batches (53.3%)
  - Elapsed: 2.7s, Estimated remaining: 2.3s
Validation: 85/150 batches (56.8%)
  - Batch Acc: 60.94%, Running Acc: 58.68%
Validation progress: 85/150 batches (56.7%)
  - Elapsed: 2.7s, Estimated remaining: 2.0s
Validation: 90/150 batches (60.1%)
  - Batch Acc: 100.00%, Running Acc: 59.54%
Validation progress: 90/150 batches (60.0%)
  - Elapsed: 2.8s, Estimated remaining: 1.8s
Validation: 95/150 batches (63.4%)
  - Batch Acc: 57.81%, Running Acc: 59.62%
Validation progress: 95/150 batches (63.3%)
  - Elapsed: 2.8s, Estimated remaining: 1.6s
Validation: 100/150 batches (66.8%)
  - Batch Acc: 69.53%, Running Acc: 60.12%
Validation progress: 100/150 batches (66.7%)
  - Elapsed: 2.8s, Estimated remaining: 1.4s
Validation: 105/150 batches (70.1%)
  - Batch Acc: 71.88%, Running Acc: 59.96%
Validation progress: 105/150 batches (70.0%)
  - Elapsed: 2.9s, Estimated remaining: 1.2s
Validation: 110/150 batches (73.4%)
  - Batch Acc: 82.81%, Running Acc: 60.83%
Validation progress: 110/150 batches (73.3%)
  - Elapsed: 2.9s, Estimated remaining: 1.0s
Validation: 115/150 batches (76.8%)
  - Batch Acc: 57.81%, Running Acc: 60.99%
Validation progress: 115/150 batches (76.7%)
  - Elapsed: 3.0s, Estimated remaining: 0.9s
Validation: 120/150 batches (80.1%)
  - Batch Acc: 93.75%, Running Acc: 60.72%
Validation progress: 120/150 batches (80.0%)
  - Elapsed: 3.0s, Estimated remaining: 0.7s
Validation: 125/150 batches (83.5%)
  - Batch Acc: 92.19%, Running Acc: 60.76%
Validation progress: 125/150 batches (83.3%)
  - Elapsed: 3.1s, Estimated remaining: 0.6s
Validation: 130/150 batches (86.8%)
  - Batch Acc: 78.91%, Running Acc: 60.89%
Validation progress: 130/150 batches (86.7%)
  - Elapsed: 3.1s, Estimated remaining: 0.5s
Validation: 135/150 batches (90.1%)
  - Batch Acc: 46.09%, Running Acc: 61.15%
Validation progress: 135/150 batches (90.0%)
  - Elapsed: 3.2s, Estimated remaining: 0.3s
Validation: 140/150 batches (93.5%)
  - Batch Acc: 86.72%, Running Acc: 60.95%
Validation progress: 140/150 batches (93.3%)
  - Elapsed: 3.2s, Estimated remaining: 0.2s
Validation: 145/150 batches (96.8%)
  - Batch Acc: 60.94%, Running Acc: 60.41%
Validation progress: 145/150 batches (96.7%)
  - Elapsed: 3.3s, Estimated remaining: 0.1s
Validation: 150/150 batches (100.2%)
  - Batch Acc: 100.00%, Running Acc: 60.43%
Validation complete in 3.72s - Loss: 2.2616, Accuracy: 0.6043

==== Epoch 11/100 ====
Starting training phase...
Training on 76609 samples...
Training: 100/599 batches (16.7%)
  - Batch Acc: 100.00%, Running Acc: 99.48%
  - Loss: 0.0035, Grad Norm: 0.0256
  - Learning Rate: 0.001000
Training: 200/599 batches (33.4%)
  - Batch Acc: 100.00%, Running Acc: 99.59%
  - Loss: 0.0106, Grad Norm: 0.0923
  - Learning Rate: 0.001000
Training: 300/599 batches (50.1%)
  - Batch Acc: 100.00%, Running Acc: 99.62%
  - Loss: 0.0013, Grad Norm: 0.0152
  - Learning Rate: 0.001000
Training: 400/599 batches (66.8%)
  - Batch Acc: 100.00%, Running Acc: 99.62%
  - Loss: 0.0017, Grad Norm: 0.0150
  - Learning Rate: 0.001000
Training: 500/599 batches (83.5%)
  - Batch Acc: 100.00%, Running Acc: 99.65%
  - Loss: 0.0016, Grad Norm: 0.0277
  - Learning Rate: 0.001000
Training: 599/599 batches (100.0%)
  - Batch Acc: 100.00%, Running Acc: 99.65%
  - Loss: 0.0043, Grad Norm: 0.1067
  - Learning Rate: 0.001000

Training phase complete
Epoch Summary:
  - Average Loss: 0.0104
  - Average Accuracy: 99.65%
  - Average Grad Norm: 0.1006
  - Final Learning Rate: 0.001000
Starting validation phase...
Starting validation on 19170 samples...
Entering no_grad block for validation
Validation progress: 0/150 batches (0.0%)
  - Elapsed: 1.9s, Estimated remaining: 0.0s
Validation: 5/150 batches (3.3%)
  - Batch Acc: 34.38%, Running Acc: 63.44%
Validation progress: 5/150 batches (3.3%)
  - Elapsed: 2.0s, Estimated remaining: 47.9s
Validation: 10/150 batches (6.7%)
  - Batch Acc: 67.19%, Running Acc: 66.56%
Validation progress: 10/150 batches (6.7%)
  - Elapsed: 2.0s, Estimated remaining: 25.8s
Validation: 15/150 batches (10.0%)
  - Batch Acc: 41.41%, Running Acc: 55.47%
Validation progress: 15/150 batches (10.0%)
  - Elapsed: 2.1s, Estimated remaining: 17.3s
Validation: 20/150 batches (13.4%)
  - Batch Acc: 43.75%, Running Acc: 54.30%
Validation progress: 20/150 batches (13.3%)
  - Elapsed: 2.1s, Estimated remaining: 13.0s
Validation: 25/150 batches (16.7%)
  - Batch Acc: 64.84%, Running Acc: 53.97%
Validation progress: 25/150 batches (16.7%)
  - Elapsed: 2.2s, Estimated remaining: 10.3s
Validation: 30/150 batches (20.0%)
  - Batch Acc: 35.94%, Running Acc: 53.70%
Validation progress: 30/150 batches (20.0%)
  - Elapsed: 2.2s, Estimated remaining: 8.5s
Validation: 35/150 batches (23.4%)
  - Batch Acc: 85.94%, Running Acc: 54.93%
Validation progress: 35/150 batches (23.3%)
  - Elapsed: 2.3s, Estimated remaining: 7.1s
Validation: 40/150 batches (26.7%)
  - Batch Acc: 17.97%, Running Acc: 54.04%
Validation progress: 40/150 batches (26.7%)
  - Elapsed: 2.3s, Estimated remaining: 6.1s
Validation: 45/150 batches (30.0%)
  - Batch Acc: 91.41%, Running Acc: 57.07%
Validation progress: 45/150 batches (30.0%)
  - Elapsed: 2.3s, Estimated remaining: 5.3s
Validation: 50/150 batches (33.4%)
  - Batch Acc: 31.25%, Running Acc: 55.88%
Validation progress: 50/150 batches (33.3%)
  - Elapsed: 2.4s, Estimated remaining: 4.6s
Validation: 55/150 batches (36.7%)
  - Batch Acc: 83.59%, Running Acc: 55.82%
Validation progress: 55/150 batches (36.7%)
  - Elapsed: 2.4s, Estimated remaining: 4.1s
Validation: 60/150 batches (40.1%)
  - Batch Acc: 46.09%, Running Acc: 57.19%
Validation progress: 60/150 batches (40.0%)
  - Elapsed: 2.5s, Estimated remaining: 3.6s
Validation: 65/150 batches (43.4%)
  - Batch Acc: 44.53%, Running Acc: 55.69%
Validation progress: 65/150 batches (43.3%)
  - Elapsed: 2.5s, Estimated remaining: 3.2s
Validation: 70/150 batches (46.7%)
  - Batch Acc: 16.41%, Running Acc: 55.76%
Validation progress: 70/150 batches (46.7%)
  - Elapsed: 2.6s, Estimated remaining: 2.9s
Validation: 75/150 batches (50.1%)
  - Batch Acc: 35.94%, Running Acc: 55.50%
Validation progress: 75/150 batches (50.0%)
  - Elapsed: 2.6s, Estimated remaining: 2.5s
Validation: 80/150 batches (53.4%)
  - Batch Acc: 34.38%, Running Acc: 55.84%
Validation progress: 80/150 batches (53.3%)
  - Elapsed: 2.7s, Estimated remaining: 2.3s
Validation: 85/150 batches (56.8%)
  - Batch Acc: 44.53%, Running Acc: 55.43%
Validation progress: 85/150 batches (56.7%)
  - Elapsed: 2.7s, Estimated remaining: 2.0s
Validation: 90/150 batches (60.1%)
  - Batch Acc: 100.00%, Running Acc: 56.74%
Validation progress: 90/150 batches (60.0%)
  - Elapsed: 2.7s, Estimated remaining: 1.8s
Validation: 95/150 batches (63.4%)
  - Batch Acc: 61.72%, Running Acc: 56.88%
Validation progress: 95/150 batches (63.3%)
  - Elapsed: 2.8s, Estimated remaining: 1.6s
Validation: 100/150 batches (66.8%)
  - Batch Acc: 60.16%, Running Acc: 57.89%
Validation progress: 100/150 batches (66.7%)
  - Elapsed: 2.8s, Estimated remaining: 1.4s
Validation: 105/150 batches (70.1%)
  - Batch Acc: 82.03%, Running Acc: 58.00%
Validation progress: 105/150 batches (70.0%)
  - Elapsed: 2.9s, Estimated remaining: 1.2s
Validation: 110/150 batches (73.4%)
  - Batch Acc: 84.38%, Running Acc: 58.98%
Validation progress: 110/150 batches (73.3%)
  - Elapsed: 2.9s, Estimated remaining: 1.0s
Validation: 115/150 batches (76.8%)
  - Batch Acc: 49.22%, Running Acc: 59.08%
Validation progress: 115/150 batches (76.7%)
  - Elapsed: 3.0s, Estimated remaining: 0.9s
Validation: 120/150 batches (80.1%)
  - Batch Acc: 66.41%, Running Acc: 58.18%
Validation progress: 120/150 batches (80.0%)
  - Elapsed: 3.0s, Estimated remaining: 0.7s
Validation: 125/150 batches (83.5%)
  - Batch Acc: 84.38%, Running Acc: 58.24%
Validation progress: 125/150 batches (83.3%)
  - Elapsed: 3.1s, Estimated remaining: 0.6s
Validation: 130/150 batches (86.8%)
  - Batch Acc: 89.06%, Running Acc: 59.01%
Validation progress: 130/150 batches (86.7%)
  - Elapsed: 3.1s, Estimated remaining: 0.5s
Validation: 135/150 batches (90.1%)
  - Batch Acc: 75.00%, Running Acc: 59.16%
Validation progress: 135/150 batches (90.0%)
  - Elapsed: 3.2s, Estimated remaining: 0.3s
Validation: 140/150 batches (93.5%)
  - Batch Acc: 85.16%, Running Acc: 58.84%
Validation progress: 140/150 batches (93.3%)
  - Elapsed: 3.2s, Estimated remaining: 0.2s
Validation: 145/150 batches (96.8%)
  - Batch Acc: 60.94%, Running Acc: 58.38%
Validation progress: 145/150 batches (96.7%)
  - Elapsed: 3.2s, Estimated remaining: 0.1s
Validation: 150/150 batches (100.2%)
  - Batch Acc: 98.98%, Running Acc: 59.06%
Validation complete in 3.72s - Loss: 2.5416, Accuracy: 0.5906

==== Epoch 12/100 ====
Starting training phase...
Training on 76609 samples...
Training: 100/599 batches (16.7%)
  - Batch Acc: 100.00%, Running Acc: 99.38%
  - Loss: 0.0060, Grad Norm: 0.0684
  - Learning Rate: 0.001000
Training: 200/599 batches (33.4%)
  - Batch Acc: 100.00%, Running Acc: 99.51%
  - Loss: 0.0020, Grad Norm: 0.0272
  - Learning Rate: 0.001000
Training: 300/599 batches (50.1%)
  - Batch Acc: 100.00%, Running Acc: 99.61%
  - Loss: 0.0012, Grad Norm: 0.0110
  - Learning Rate: 0.001000
Training: 400/599 batches (66.8%)
  - Batch Acc: 100.00%, Running Acc: 99.60%
  - Loss: 0.0007, Grad Norm: 0.0050
  - Learning Rate: 0.001000
Training: 500/599 batches (83.5%)
  - Batch Acc: 100.00%, Running Acc: 99.62%
  - Loss: 0.0027, Grad Norm: 0.0591
  - Learning Rate: 0.001000
Training: 599/599 batches (100.0%)
  - Batch Acc: 100.00%, Running Acc: 99.62%
  - Loss: 0.0021, Grad Norm: 0.0294
  - Learning Rate: 0.001000

Training phase complete
Epoch Summary:
  - Average Loss: 0.0108
  - Average Accuracy: 99.62%
  - Average Grad Norm: 0.1012
  - Final Learning Rate: 0.001000
Starting validation phase...
Starting validation on 19170 samples...
Entering no_grad block for validation
Validation progress: 0/150 batches (0.0%)
  - Elapsed: 1.9s, Estimated remaining: 0.0s
Validation: 5/150 batches (3.3%)
  - Batch Acc: 38.28%, Running Acc: 64.38%
Validation progress: 5/150 batches (3.3%)
  - Elapsed: 2.0s, Estimated remaining: 47.9s
Validation: 10/150 batches (6.7%)
  - Batch Acc: 32.81%, Running Acc: 59.06%
Validation progress: 10/150 batches (6.7%)
  - Elapsed: 2.1s, Estimated remaining: 25.9s
Validation: 15/150 batches (10.0%)
  - Batch Acc: 46.88%, Running Acc: 50.21%
Validation progress: 15/150 batches (10.0%)
  - Elapsed: 2.1s, Estimated remaining: 17.5s
Validation: 20/150 batches (13.4%)
  - Batch Acc: 54.69%, Running Acc: 51.25%
Validation progress: 20/150 batches (13.3%)
  - Elapsed: 2.1s, Estimated remaining: 13.0s
Validation: 25/150 batches (16.7%)
  - Batch Acc: 68.75%, Running Acc: 52.59%
Validation progress: 25/150 batches (16.7%)
  - Elapsed: 2.2s, Estimated remaining: 10.4s
Validation: 30/150 batches (20.0%)
  - Batch Acc: 17.97%, Running Acc: 51.85%
Validation progress: 30/150 batches (20.0%)
  - Elapsed: 2.2s, Estimated remaining: 8.5s
Validation: 35/150 batches (23.4%)
  - Batch Acc: 100.00%, Running Acc: 55.25%
Validation progress: 35/150 batches (23.3%)
  - Elapsed: 2.2s, Estimated remaining: 7.1s
Validation: 40/150 batches (26.7%)
  - Batch Acc: 76.56%, Running Acc: 56.80%
Validation progress: 40/150 batches (26.7%)
  - Elapsed: 2.3s, Estimated remaining: 6.1s
Validation: 45/150 batches (30.0%)
  - Batch Acc: 91.41%, Running Acc: 60.47%
Validation progress: 45/150 batches (30.0%)
  - Elapsed: 2.3s, Estimated remaining: 5.3s
Validation: 50/150 batches (33.4%)
  - Batch Acc: 42.19%, Running Acc: 59.47%
Validation progress: 50/150 batches (33.3%)
  - Elapsed: 2.4s, Estimated remaining: 4.6s
Validation: 55/150 batches (36.7%)
  - Batch Acc: 80.47%, Running Acc: 58.79%
Validation progress: 55/150 batches (36.7%)
  - Elapsed: 2.4s, Estimated remaining: 4.1s
Validation: 60/150 batches (40.1%)
  - Batch Acc: 39.84%, Running Acc: 59.45%
Validation progress: 60/150 batches (40.0%)
  - Elapsed: 2.5s, Estimated remaining: 3.6s
Validation: 65/150 batches (43.4%)
  - Batch Acc: 36.72%, Running Acc: 57.16%
Validation progress: 65/150 batches (43.3%)
  - Elapsed: 2.5s, Estimated remaining: 3.2s
Validation: 70/150 batches (46.7%)
  - Batch Acc: 17.97%, Running Acc: 56.34%
Validation progress: 70/150 batches (46.7%)
  - Elapsed: 2.6s, Estimated remaining: 2.8s
Validation: 75/150 batches (50.1%)
  - Batch Acc: 65.62%, Running Acc: 55.99%
Validation progress: 75/150 batches (50.0%)
  - Elapsed: 2.6s, Estimated remaining: 2.5s
Validation: 80/150 batches (53.4%)
  - Batch Acc: 20.31%, Running Acc: 56.99%
Validation progress: 80/150 batches (53.3%)
  - Elapsed: 2.6s, Estimated remaining: 2.2s
Validation: 85/150 batches (56.8%)
  - Batch Acc: 42.19%, Running Acc: 56.58%
Validation progress: 85/150 batches (56.7%)
  - Elapsed: 2.7s, Estimated remaining: 2.0s
Validation: 90/150 batches (60.1%)
  - Batch Acc: 100.00%, Running Acc: 57.59%
Validation progress: 90/150 batches (60.0%)
  - Elapsed: 2.7s, Estimated remaining: 1.8s
Validation: 95/150 batches (63.4%)
  - Batch Acc: 65.62%, Running Acc: 57.92%
Validation progress: 95/150 batches (63.3%)
  - Elapsed: 2.8s, Estimated remaining: 1.6s
Validation: 100/150 batches (66.8%)
  - Batch Acc: 88.28%, Running Acc: 58.93%
Validation progress: 100/150 batches (66.7%)
  - Elapsed: 2.8s, Estimated remaining: 1.4s
Validation: 105/150 batches (70.1%)
  - Batch Acc: 78.91%, Running Acc: 59.24%
Validation progress: 105/150 batches (70.0%)
  - Elapsed: 2.9s, Estimated remaining: 1.2s
Validation: 110/150 batches (73.4%)
  - Batch Acc: 78.12%, Running Acc: 60.11%
Validation progress: 110/150 batches (73.3%)
  - Elapsed: 2.9s, Estimated remaining: 1.0s
Validation: 115/150 batches (76.8%)
  - Batch Acc: 42.97%, Running Acc: 60.26%
Validation progress: 115/150 batches (76.7%)
  - Elapsed: 2.9s, Estimated remaining: 0.9s
Validation: 120/150 batches (80.1%)
  - Batch Acc: 76.56%, Running Acc: 59.69%
Validation progress: 120/150 batches (80.0%)
  - Elapsed: 3.0s, Estimated remaining: 0.7s
Validation: 125/150 batches (83.5%)
  - Batch Acc: 75.78%, Running Acc: 59.67%
Validation progress: 125/150 batches (83.3%)
  - Elapsed: 3.0s, Estimated remaining: 0.6s
Validation: 130/150 batches (86.8%)
  - Batch Acc: 92.97%, Running Acc: 60.32%
Validation progress: 130/150 batches (86.7%)
  - Elapsed: 3.1s, Estimated remaining: 0.4s
Validation: 135/150 batches (90.1%)
  - Batch Acc: 46.09%, Running Acc: 60.27%
Validation progress: 135/150 batches (90.0%)
  - Elapsed: 3.1s, Estimated remaining: 0.3s
Validation: 140/150 batches (93.5%)
  - Batch Acc: 86.72%, Running Acc: 59.99%
Validation progress: 140/150 batches (93.3%)
  - Elapsed: 3.2s, Estimated remaining: 0.2s
Validation: 145/150 batches (96.8%)
  - Batch Acc: 63.28%, Running Acc: 59.50%
Validation progress: 145/150 batches (96.7%)
  - Elapsed: 3.2s, Estimated remaining: 0.1s
Validation: 150/150 batches (100.2%)
  - Batch Acc: 97.96%, Running Acc: 60.09%
Validation complete in 3.63s - Loss: 2.5278, Accuracy: 0.6009

==== Epoch 13/100 ====
Starting training phase...
Training on 76609 samples...
Training: 100/599 batches (16.7%)
  - Batch Acc: 100.00%, Running Acc: 99.66%
  - Loss: 0.0098, Grad Norm: 0.0918
  - Learning Rate: 0.001000
Training: 200/599 batches (33.4%)
  - Batch Acc: 100.00%, Running Acc: 99.70%
  - Loss: 0.0005, Grad Norm: 0.0037
  - Learning Rate: 0.001000
Training: 300/599 batches (50.1%)
  - Batch Acc: 100.00%, Running Acc: 99.68%
  - Loss: 0.0010, Grad Norm: 0.0132
  - Learning Rate: 0.001000
Training: 400/599 batches (66.8%)
  - Batch Acc: 99.22%, Running Acc: 99.69%
  - Loss: 0.0349, Grad Norm: 0.2129
  - Learning Rate: 0.001000
Training: 500/599 batches (83.5%)
  - Batch Acc: 100.00%, Running Acc: 99.66%
  - Loss: 0.0083, Grad Norm: 0.1044
  - Learning Rate: 0.001000
Training: 599/599 batches (100.0%)
  - Batch Acc: 100.00%, Running Acc: 99.68%
  - Loss: 0.0002, Grad Norm: 0.0018
  - Learning Rate: 0.001000

Training phase complete
Epoch Summary:
  - Average Loss: 0.0097
  - Average Accuracy: 99.68%
  - Average Grad Norm: 0.0839
  - Final Learning Rate: 0.001000
Starting validation phase...
Starting validation on 19170 samples...
Entering no_grad block for validation
Validation progress: 0/150 batches (0.0%)
  - Elapsed: 2.0s, Estimated remaining: 0.0s
Validation: 5/150 batches (3.3%)
  - Batch Acc: 34.38%, Running Acc: 57.03%
Validation progress: 5/150 batches (3.3%)
  - Elapsed: 2.1s, Estimated remaining: 49.5s
Validation: 10/150 batches (6.7%)
  - Batch Acc: 63.28%, Running Acc: 60.94%
Validation progress: 10/150 batches (6.7%)
  - Elapsed: 2.1s, Estimated remaining: 26.6s
Validation: 15/150 batches (10.0%)
  - Batch Acc: 17.19%, Running Acc: 51.72%
Validation progress: 15/150 batches (10.0%)
  - Elapsed: 2.1s, Estimated remaining: 17.8s
Validation: 20/150 batches (13.4%)
  - Batch Acc: 49.22%, Running Acc: 52.97%
Validation progress: 20/150 batches (13.3%)
  - Elapsed: 2.2s, Estimated remaining: 13.3s
Validation: 25/150 batches (16.7%)
  - Batch Acc: 72.66%, Running Acc: 54.34%
Validation progress: 25/150 batches (16.7%)
  - Elapsed: 2.2s, Estimated remaining: 10.6s
Validation: 30/150 batches (20.0%)
  - Batch Acc: 28.91%, Running Acc: 53.78%
Validation progress: 30/150 batches (20.0%)
  - Elapsed: 2.3s, Estimated remaining: 8.7s
Validation: 35/150 batches (23.4%)
  - Batch Acc: 95.31%, Running Acc: 57.25%
Validation progress: 35/150 batches (23.3%)
  - Elapsed: 2.3s, Estimated remaining: 7.3s
Validation: 40/150 batches (26.7%)
  - Batch Acc: 57.03%, Running Acc: 56.99%
Validation progress: 40/150 batches (26.7%)
  - Elapsed: 2.3s, Estimated remaining: 6.2s
Validation: 45/150 batches (30.0%)
  - Batch Acc: 78.12%, Running Acc: 59.31%
Validation progress: 45/150 batches (30.0%)
  - Elapsed: 2.4s, Estimated remaining: 5.4s
Validation: 50/150 batches (33.4%)
  - Batch Acc: 48.44%, Running Acc: 58.86%
Validation progress: 50/150 batches (33.3%)
  - Elapsed: 2.4s, Estimated remaining: 4.7s
Validation: 55/150 batches (36.7%)
  - Batch Acc: 82.81%, Running Acc: 57.84%
Validation progress: 55/150 batches (36.7%)
  - Elapsed: 2.5s, Estimated remaining: 4.2s
Validation: 60/150 batches (40.1%)
  - Batch Acc: 50.78%, Running Acc: 59.17%
Validation progress: 60/150 batches (40.0%)
  - Elapsed: 2.5s, Estimated remaining: 3.7s
Validation: 65/150 batches (43.4%)
  - Batch Acc: 59.38%, Running Acc: 57.66%
Validation progress: 65/150 batches (43.3%)
  - Elapsed: 2.6s, Estimated remaining: 3.3s
Validation: 70/150 batches (46.7%)
  - Batch Acc: 24.22%, Running Acc: 57.80%
Validation progress: 70/150 batches (46.7%)
  - Elapsed: 2.6s, Estimated remaining: 2.9s
Validation: 75/150 batches (50.1%)
  - Batch Acc: 57.03%, Running Acc: 58.32%
Validation progress: 75/150 batches (50.0%)
  - Elapsed: 2.7s, Estimated remaining: 2.6s
Validation: 80/150 batches (53.4%)
  - Batch Acc: 24.22%, Running Acc: 59.21%
Validation progress: 80/150 batches (53.3%)
  - Elapsed: 2.7s, Estimated remaining: 2.3s
Validation: 85/150 batches (56.8%)
  - Batch Acc: 42.19%, Running Acc: 58.81%
Validation progress: 85/150 batches (56.7%)
  - Elapsed: 2.7s, Estimated remaining: 2.0s
Validation: 90/150 batches (60.1%)
  - Batch Acc: 100.00%, Running Acc: 59.53%
Validation progress: 90/150 batches (60.0%)
  - Elapsed: 2.8s, Estimated remaining: 1.8s
Validation: 95/150 batches (63.4%)
  - Batch Acc: 61.72%, Running Acc: 59.45%
Validation progress: 95/150 batches (63.3%)
  - Elapsed: 2.8s, Estimated remaining: 1.6s
Validation: 100/150 batches (66.8%)
  - Batch Acc: 75.00%, Running Acc: 60.16%
Validation progress: 100/150 batches (66.7%)
  - Elapsed: 2.9s, Estimated remaining: 1.4s
Validation: 105/150 batches (70.1%)
  - Batch Acc: 92.97%, Running Acc: 60.50%
Validation progress: 105/150 batches (70.0%)
  - Elapsed: 2.9s, Estimated remaining: 1.2s
Validation: 110/150 batches (73.4%)
  - Batch Acc: 88.28%, Running Acc: 61.51%
Validation progress: 110/150 batches (73.3%)
  - Elapsed: 2.9s, Estimated remaining: 1.0s
Validation: 115/150 batches (76.8%)
  - Batch Acc: 51.56%, Running Acc: 61.65%
Validation progress: 115/150 batches (76.7%)
  - Elapsed: 3.0s, Estimated remaining: 0.9s
Validation: 120/150 batches (80.1%)
  - Batch Acc: 96.88%, Running Acc: 61.47%
Validation progress: 120/150 batches (80.0%)
  - Elapsed: 3.0s, Estimated remaining: 0.7s
Validation: 125/150 batches (83.5%)
  - Batch Acc: 89.84%, Running Acc: 61.30%
Validation progress: 125/150 batches (83.3%)
  - Elapsed: 3.1s, Estimated remaining: 0.6s
Validation: 130/150 batches (86.8%)
  - Batch Acc: 71.09%, Running Acc: 61.77%
Validation progress: 130/150 batches (86.7%)
  - Elapsed: 3.1s, Estimated remaining: 0.4s
Validation: 135/150 batches (90.1%)
  - Batch Acc: 36.72%, Running Acc: 61.81%
Validation progress: 135/150 batches (90.0%)
  - Elapsed: 3.1s, Estimated remaining: 0.3s
Validation: 140/150 batches (93.5%)
  - Batch Acc: 82.81%, Running Acc: 61.52%
Validation progress: 140/150 batches (93.3%)
  - Elapsed: 3.2s, Estimated remaining: 0.2s
Validation: 145/150 batches (96.8%)
  - Batch Acc: 48.44%, Running Acc: 60.91%
Validation progress: 145/150 batches (96.7%)
  - Elapsed: 3.2s, Estimated remaining: 0.1s
Validation: 150/150 batches (100.2%)
  - Batch Acc: 96.94%, Running Acc: 61.18%
Validation complete in 3.68s - Loss: 2.4450, Accuracy: 0.6118

==== Epoch 14/100 ====
Starting training phase...
Training on 76609 samples...
Training: 100/599 batches (16.7%)
  - Batch Acc: 99.22%, Running Acc: 99.74%
  - Loss: 0.0158, Grad Norm: 0.1674
  - Learning Rate: 0.001000
Training: 200/599 batches (33.4%)
  - Batch Acc: 100.00%, Running Acc: 99.71%
  - Loss: 0.0005, Grad Norm: 0.0038
  - Learning Rate: 0.001000
Training: 300/599 batches (50.1%)
  - Batch Acc: 100.00%, Running Acc: 99.71%
  - Loss: 0.0022, Grad Norm: 0.0291
  - Learning Rate: 0.001000
Training: 400/599 batches (66.8%)
  - Batch Acc: 100.00%, Running Acc: 99.70%
  - Loss: 0.0015, Grad Norm: 0.0138
  - Learning Rate: 0.001000
Training: 500/599 batches (83.5%)
  - Batch Acc: 100.00%, Running Acc: 99.71%
  - Loss: 0.0010, Grad Norm: 0.0092
  - Learning Rate: 0.001000
Training: 599/599 batches (100.0%)
  - Batch Acc: 98.46%, Running Acc: 99.71%
  - Loss: 0.0885, Grad Norm: 0.9060
  - Learning Rate: 0.001000

Training phase complete
Epoch Summary:
  - Average Loss: 0.0088
  - Average Accuracy: 99.71%
  - Average Grad Norm: 0.0877
  - Final Learning Rate: 0.001000
Starting validation phase...
Starting validation on 19170 samples...
Entering no_grad block for validation
Validation progress: 0/150 batches (0.0%)
  - Elapsed: 2.1s, Estimated remaining: 0.0s
Validation: 5/150 batches (3.3%)
  - Batch Acc: 32.81%, Running Acc: 64.22%
Validation progress: 5/150 batches (3.3%)
  - Elapsed: 2.2s, Estimated remaining: 52.3s
Validation: 10/150 batches (6.7%)
  - Batch Acc: 53.12%, Running Acc: 61.95%
Validation progress: 10/150 batches (6.7%)
  - Elapsed: 2.2s, Estimated remaining: 28.0s
Validation: 15/150 batches (10.0%)
  - Batch Acc: 25.00%, Running Acc: 52.24%
Validation progress: 15/150 batches (10.0%)
  - Elapsed: 2.2s, Estimated remaining: 18.8s
Validation: 20/150 batches (13.4%)
  - Batch Acc: 61.72%, Running Acc: 54.10%
Validation progress: 20/150 batches (13.3%)
  - Elapsed: 2.3s, Estimated remaining: 14.0s
Validation: 25/150 batches (16.7%)
  - Batch Acc: 88.28%, Running Acc: 55.69%
Validation progress: 25/150 batches (16.7%)
  - Elapsed: 2.3s, Estimated remaining: 11.1s
Validation: 30/150 batches (20.0%)
  - Batch Acc: 28.12%, Running Acc: 54.22%
Validation progress: 30/150 batches (20.0%)
  - Elapsed: 2.4s, Estimated remaining: 9.1s
Validation: 35/150 batches (23.4%)
  - Batch Acc: 95.31%, Running Acc: 57.48%
Validation progress: 35/150 batches (23.3%)
  - Elapsed: 2.4s, Estimated remaining: 7.6s
Validation: 40/150 batches (26.7%)
  - Batch Acc: 70.31%, Running Acc: 57.93%
Validation progress: 40/150 batches (26.7%)
  - Elapsed: 2.5s, Estimated remaining: 6.5s
Validation: 45/150 batches (30.0%)
  - Batch Acc: 89.06%, Running Acc: 59.50%
Validation progress: 45/150 batches (30.0%)
  - Elapsed: 2.5s, Estimated remaining: 5.7s
Validation: 50/150 batches (33.4%)
  - Batch Acc: 58.59%, Running Acc: 59.70%
Validation progress: 50/150 batches (33.3%)
  - Elapsed: 2.5s, Estimated remaining: 4.9s
Validation: 55/150 batches (36.7%)
  - Batch Acc: 67.97%, Running Acc: 58.31%
Validation progress: 55/150 batches (36.7%)
  - Elapsed: 2.6s, Estimated remaining: 4.4s
Validation: 60/150 batches (40.1%)
  - Batch Acc: 54.69%, Running Acc: 59.35%
Validation progress: 60/150 batches (40.0%)
  - Elapsed: 2.7s, Estimated remaining: 3.9s
Validation: 65/150 batches (43.4%)
  - Batch Acc: 69.53%, Running Acc: 58.65%
Validation progress: 65/150 batches (43.3%)
  - Elapsed: 2.7s, Estimated remaining: 3.4s
Validation: 70/150 batches (46.7%)
  - Batch Acc: 32.81%, Running Acc: 58.54%
Validation progress: 70/150 batches (46.7%)
  - Elapsed: 2.7s, Estimated remaining: 3.0s
Validation: 75/150 batches (50.1%)
  - Batch Acc: 62.50%, Running Acc: 59.00%
Validation progress: 75/150 batches (50.0%)
  - Elapsed: 2.8s, Estimated remaining: 2.7s
Validation: 80/150 batches (53.4%)
  - Batch Acc: 32.03%, Running Acc: 60.00%
Validation progress: 80/150 batches (53.3%)
  - Elapsed: 2.8s, Estimated remaining: 2.4s
Validation: 85/150 batches (56.8%)
  - Batch Acc: 58.59%, Running Acc: 59.72%
Validation progress: 85/150 batches (56.7%)
  - Elapsed: 2.9s, Estimated remaining: 2.1s
Validation: 90/150 batches (60.1%)
  - Batch Acc: 100.00%, Running Acc: 60.17%
Validation progress: 90/150 batches (60.0%)
  - Elapsed: 2.9s, Estimated remaining: 1.9s
Validation: 95/150 batches (63.4%)
  - Batch Acc: 63.28%, Running Acc: 60.39%
Validation progress: 95/150 batches (63.3%)
  - Elapsed: 2.9s, Estimated remaining: 1.7s
Validation: 100/150 batches (66.8%)
  - Batch Acc: 78.91%, Running Acc: 61.06%
Validation progress: 100/150 batches (66.7%)
  - Elapsed: 3.0s, Estimated remaining: 1.5s
Validation: 105/150 batches (70.1%)
  - Batch Acc: 77.34%, Running Acc: 61.22%
Validation progress: 105/150 batches (70.0%)
  - Elapsed: 3.0s, Estimated remaining: 1.3s
Validation: 110/150 batches (73.4%)
  - Batch Acc: 75.00%, Running Acc: 62.01%
Validation progress: 110/150 batches (73.3%)
  - Elapsed: 3.1s, Estimated remaining: 1.1s
Validation: 115/150 batches (76.8%)
  - Batch Acc: 57.03%, Running Acc: 62.37%
Validation progress: 115/150 batches (76.7%)
  - Elapsed: 3.1s, Estimated remaining: 0.9s
Validation: 120/150 batches (80.1%)
  - Batch Acc: 96.09%, Running Acc: 62.05%
Validation progress: 120/150 batches (80.0%)
  - Elapsed: 3.2s, Estimated remaining: 0.8s
Validation: 125/150 batches (83.5%)
  - Batch Acc: 92.19%, Running Acc: 61.76%
Validation progress: 125/150 batches (83.3%)
  - Elapsed: 3.2s, Estimated remaining: 0.6s
Validation: 130/150 batches (86.8%)
  - Batch Acc: 87.50%, Running Acc: 62.16%
Validation progress: 130/150 batches (86.7%)
  - Elapsed: 3.3s, Estimated remaining: 0.5s
Validation: 135/150 batches (90.1%)
  - Batch Acc: 33.59%, Running Acc: 62.11%
Validation progress: 135/150 batches (90.0%)
  - Elapsed: 3.3s, Estimated remaining: 0.3s
Validation: 140/150 batches (93.5%)
  - Batch Acc: 91.41%, Running Acc: 61.91%
Validation progress: 140/150 batches (93.3%)
  - Elapsed: 3.4s, Estimated remaining: 0.2s
Validation: 145/150 batches (96.8%)
  - Batch Acc: 65.62%, Running Acc: 61.29%
Validation progress: 145/150 batches (96.7%)
  - Elapsed: 3.4s, Estimated remaining: 0.1s
Validation: 150/150 batches (100.2%)
  - Batch Acc: 98.98%, Running Acc: 61.62%
Validation complete in 3.88s - Loss: 2.2148, Accuracy: 0.6162

==== Epoch 15/100 ====
Starting training phase...
Training on 76609 samples...
Training: 100/599 batches (16.7%)
  - Batch Acc: 99.22%, Running Acc: 99.51%
  - Loss: 0.0091, Grad Norm: 0.1142
  - Learning Rate: 0.001000
Training: 200/599 batches (33.4%)
  - Batch Acc: 100.00%, Running Acc: 99.66%
  - Loss: 0.0009, Grad Norm: 0.0087
  - Learning Rate: 0.001000
Training: 300/599 batches (50.1%)
  - Batch Acc: 99.22%, Running Acc: 99.65%
  - Loss: 0.0181, Grad Norm: 0.2982
  - Learning Rate: 0.001000
Training: 400/599 batches (66.8%)
  - Batch Acc: 100.00%, Running Acc: 99.63%
  - Loss: 0.0012, Grad Norm: 0.0158
  - Learning Rate: 0.001000
Training: 500/599 batches (83.5%)
  - Batch Acc: 100.00%, Running Acc: 99.65%
  - Loss: 0.0020, Grad Norm: 0.0206
  - Learning Rate: 0.001000
Training: 599/599 batches (100.0%)
  - Batch Acc: 100.00%, Running Acc: 99.65%
  - Loss: 0.0058, Grad Norm: 0.1155
  - Learning Rate: 0.001000

Training phase complete
Epoch Summary:
  - Average Loss: 0.0102
  - Average Accuracy: 99.65%
  - Average Grad Norm: 0.0885
  - Final Learning Rate: 0.001000
Starting validation phase...
Starting validation on 19170 samples...
Entering no_grad block for validation
Validation progress: 0/150 batches (0.0%)
  - Elapsed: 2.0s, Estimated remaining: 0.0s
Validation: 5/150 batches (3.3%)
  - Batch Acc: 8.59%, Running Acc: 43.28%
Validation progress: 5/150 batches (3.3%)
  - Elapsed: 2.0s, Estimated remaining: 49.1s
Validation: 10/150 batches (6.7%)
  - Batch Acc: 85.94%, Running Acc: 61.64%
Validation progress: 10/150 batches (6.7%)
  - Elapsed: 2.1s, Estimated remaining: 26.3s
Validation: 15/150 batches (10.0%)
  - Batch Acc: 20.31%, Running Acc: 58.23%
Validation progress: 15/150 batches (10.0%)
  - Elapsed: 2.1s, Estimated remaining: 17.8s
Validation: 20/150 batches (13.4%)
  - Batch Acc: 62.50%, Running Acc: 59.22%
Validation progress: 20/150 batches (13.3%)
  - Elapsed: 2.2s, Estimated remaining: 13.3s
Validation: 25/150 batches (16.7%)
  - Batch Acc: 87.50%, Running Acc: 58.47%
Validation progress: 25/150 batches (16.7%)
  - Elapsed: 2.2s, Estimated remaining: 10.6s
Validation: 30/150 batches (20.0%)
  - Batch Acc: 37.50%, Running Acc: 56.72%
Validation progress: 30/150 batches (20.0%)
  - Elapsed: 2.3s, Estimated remaining: 8.7s
Validation: 35/150 batches (23.4%)
  - Batch Acc: 85.16%, Running Acc: 58.82%
Validation progress: 35/150 batches (23.3%)
  - Elapsed: 2.3s, Estimated remaining: 7.3s
Validation: 40/150 batches (26.7%)
  - Batch Acc: 59.38%, Running Acc: 56.97%
Validation progress: 40/150 batches (26.7%)
  - Elapsed: 2.4s, Estimated remaining: 6.3s
Validation: 45/150 batches (30.0%)
  - Batch Acc: 86.72%, Running Acc: 57.22%
Validation progress: 45/150 batches (30.0%)
  - Elapsed: 2.4s, Estimated remaining: 5.4s
Validation: 50/150 batches (33.4%)
  - Batch Acc: 45.31%, Running Acc: 56.67%
Validation progress: 50/150 batches (33.3%)
  - Elapsed: 2.4s, Estimated remaining: 4.7s
Validation: 55/150 batches (36.7%)
  - Batch Acc: 89.06%, Running Acc: 56.52%
Validation progress: 55/150 batches (36.7%)
  - Elapsed: 2.5s, Estimated remaining: 4.2s
Validation: 60/150 batches (40.1%)
  - Batch Acc: 74.22%, Running Acc: 58.49%
Validation progress: 60/150 batches (40.0%)
  - Elapsed: 2.5s, Estimated remaining: 3.7s
Validation: 65/150 batches (43.4%)
  - Batch Acc: 79.69%, Running Acc: 58.08%
Validation progress: 65/150 batches (43.3%)
  - Elapsed: 2.6s, Estimated remaining: 3.3s
Validation: 70/150 batches (46.7%)
  - Batch Acc: 28.91%, Running Acc: 58.57%
Validation progress: 70/150 batches (46.7%)
  - Elapsed: 2.6s, Estimated remaining: 2.9s
Validation: 75/150 batches (50.1%)
  - Batch Acc: 45.31%, Running Acc: 58.77%
Validation progress: 75/150 batches (50.0%)
  - Elapsed: 2.7s, Estimated remaining: 2.6s
Validation: 80/150 batches (53.4%)
  - Batch Acc: 39.06%, Running Acc: 59.41%
Validation progress: 80/150 batches (53.3%)
  - Elapsed: 2.7s, Estimated remaining: 2.3s
Validation: 85/150 batches (56.8%)
  - Batch Acc: 71.09%, Running Acc: 60.39%
Validation progress: 85/150 batches (56.7%)
  - Elapsed: 2.7s, Estimated remaining: 2.0s
Validation: 90/150 batches (60.1%)
  - Batch Acc: 100.00%, Running Acc: 60.34%
Validation progress: 90/150 batches (60.0%)
  - Elapsed: 2.8s, Estimated remaining: 1.8s
Validation: 95/150 batches (63.4%)
  - Batch Acc: 74.22%, Running Acc: 60.62%
Validation progress: 95/150 batches (63.3%)
  - Elapsed: 2.8s, Estimated remaining: 1.6s
Validation: 100/150 batches (66.8%)
  - Batch Acc: 48.44%, Running Acc: 60.84%
Validation progress: 100/150 batches (66.7%)
  - Elapsed: 2.9s, Estimated remaining: 1.4s
Validation: 105/150 batches (70.1%)
  - Batch Acc: 83.59%, Running Acc: 60.94%
Validation progress: 105/150 batches (70.0%)
  - Elapsed: 2.9s, Estimated remaining: 1.2s
Validation: 110/150 batches (73.4%)
  - Batch Acc: 86.72%, Running Acc: 62.05%
Validation progress: 110/150 batches (73.3%)
  - Elapsed: 3.0s, Estimated remaining: 1.0s
Validation: 115/150 batches (76.8%)
  - Batch Acc: 57.81%, Running Acc: 62.75%
Validation progress: 115/150 batches (76.7%)
  - Elapsed: 3.0s, Estimated remaining: 0.9s
Validation: 120/150 batches (80.1%)
  - Batch Acc: 100.00%, Running Acc: 62.75%
Validation progress: 120/150 batches (80.0%)
  - Elapsed: 3.1s, Estimated remaining: 0.7s
Validation: 125/150 batches (83.5%)
  - Batch Acc: 100.00%, Running Acc: 62.84%
Validation progress: 125/150 batches (83.3%)
  - Elapsed: 3.1s, Estimated remaining: 0.6s
Validation: 130/150 batches (86.8%)
  - Batch Acc: 61.72%, Running Acc: 62.60%
Validation progress: 130/150 batches (86.7%)
  - Elapsed: 3.1s, Estimated remaining: 0.5s
Validation: 135/150 batches (90.1%)
  - Batch Acc: 82.81%, Running Acc: 63.04%
Validation progress: 135/150 batches (90.0%)
  - Elapsed: 3.2s, Estimated remaining: 0.3s
Validation: 140/150 batches (93.5%)
  - Batch Acc: 75.78%, Running Acc: 62.52%
Validation progress: 140/150 batches (93.3%)
  - Elapsed: 3.2s, Estimated remaining: 0.2s
Validation: 145/150 batches (96.8%)
  - Batch Acc: 72.66%, Running Acc: 62.21%
Validation progress: 145/150 batches (96.7%)
  - Elapsed: 3.3s, Estimated remaining: 0.1s
Validation: 150/150 batches (100.2%)
  - Batch Acc: 91.84%, Running Acc: 62.44%
Validation complete in 3.76s - Loss: 2.3274, Accuracy: 0.6244

==== Epoch 16/100 ====
Starting training phase...
Training on 76609 samples...
Training: 100/599 batches (16.7%)
  - Batch Acc: 99.22%, Running Acc: 99.66%
  - Loss: 0.0523, Grad Norm: 0.2150
  - Learning Rate: 0.001000
Training: 200/599 batches (33.4%)
  - Batch Acc: 100.00%, Running Acc: 99.59%
  - Loss: 0.0020, Grad Norm: 0.0161
  - Learning Rate: 0.001000
Training: 300/599 batches (50.1%)
  - Batch Acc: 100.00%, Running Acc: 99.61%
  - Loss: 0.0006, Grad Norm: 0.0054
  - Learning Rate: 0.001000
Training: 400/599 batches (66.8%)
  - Batch Acc: 100.00%, Running Acc: 99.64%
  - Loss: 0.0014, Grad Norm: 0.0161
  - Learning Rate: 0.001000
Training: 500/599 batches (83.5%)
  - Batch Acc: 99.22%, Running Acc: 99.67%
  - Loss: 0.0282, Grad Norm: 0.2004
  - Learning Rate: 0.001000
Training: 599/599 batches (100.0%)
  - Batch Acc: 98.46%, Running Acc: 99.67%
  - Loss: 0.0150, Grad Norm: 0.1827
  - Learning Rate: 0.001000

Training phase complete
Epoch Summary:
  - Average Loss: 0.0088
  - Average Accuracy: 99.67%
  - Average Grad Norm: 0.0852
  - Final Learning Rate: 0.001000
Starting validation phase...
Starting validation on 19170 samples...
Entering no_grad block for validation
Validation progress: 0/150 batches (0.0%)
  - Elapsed: 2.0s, Estimated remaining: 0.0s
Validation: 5/150 batches (3.3%)
  - Batch Acc: 24.22%, Running Acc: 50.62%
Validation progress: 5/150 batches (3.3%)
  - Elapsed: 2.1s, Estimated remaining: 49.6s
Validation: 10/150 batches (6.7%)
  - Batch Acc: 92.97%, Running Acc: 61.72%
Validation progress: 10/150 batches (6.7%)
  - Elapsed: 2.1s, Estimated remaining: 26.8s
Validation: 15/150 batches (10.0%)
  - Batch Acc: 20.31%, Running Acc: 56.72%
Validation progress: 15/150 batches (10.0%)
  - Elapsed: 2.1s, Estimated remaining: 18.0s
Validation: 20/150 batches (13.4%)
  - Batch Acc: 59.38%, Running Acc: 58.09%
Validation progress: 20/150 batches (13.3%)
  - Elapsed: 2.2s, Estimated remaining: 13.4s
Validation: 25/150 batches (16.7%)
  - Batch Acc: 87.50%, Running Acc: 58.62%
Validation progress: 25/150 batches (16.7%)
  - Elapsed: 2.2s, Estimated remaining: 10.6s
Validation: 30/150 batches (20.0%)
  - Batch Acc: 25.00%, Running Acc: 56.48%
Validation progress: 30/150 batches (20.0%)
  - Elapsed: 2.3s, Estimated remaining: 8.7s
Validation: 35/150 batches (23.4%)
  - Batch Acc: 95.31%, Running Acc: 59.62%
Validation progress: 35/150 batches (23.3%)
  - Elapsed: 2.3s, Estimated remaining: 7.3s
Validation: 40/150 batches (26.7%)
  - Batch Acc: 80.47%, Running Acc: 59.20%
Validation progress: 40/150 batches (26.7%)
  - Elapsed: 2.4s, Estimated remaining: 6.3s
Validation: 45/150 batches (30.0%)
  - Batch Acc: 72.66%, Running Acc: 59.31%
Validation progress: 45/150 batches (30.0%)
  - Elapsed: 2.4s, Estimated remaining: 5.5s
Validation: 50/150 batches (33.4%)
  - Batch Acc: 44.53%, Running Acc: 58.70%
Validation progress: 50/150 batches (33.3%)
  - Elapsed: 2.5s, Estimated remaining: 4.8s
Validation: 55/150 batches (36.7%)
  - Batch Acc: 64.84%, Running Acc: 57.34%
Validation progress: 55/150 batches (36.7%)
  - Elapsed: 2.5s, Estimated remaining: 4.2s
Validation: 60/150 batches (40.1%)
  - Batch Acc: 51.56%, Running Acc: 58.55%
Validation progress: 60/150 batches (40.0%)
  - Elapsed: 2.6s, Estimated remaining: 3.7s
Validation: 65/150 batches (43.4%)
  - Batch Acc: 62.50%, Running Acc: 57.58%
Validation progress: 65/150 batches (43.3%)
  - Elapsed: 2.6s, Estimated remaining: 3.3s
Validation: 70/150 batches (46.7%)
  - Batch Acc: 22.66%, Running Acc: 57.89%
Validation progress: 70/150 batches (46.7%)
  - Elapsed: 2.6s, Estimated remaining: 2.9s
Validation: 75/150 batches (50.1%)
  - Batch Acc: 50.78%, Running Acc: 58.61%
Validation progress: 75/150 batches (50.0%)
  - Elapsed: 2.7s, Estimated remaining: 2.6s
Validation: 80/150 batches (53.4%)
  - Batch Acc: 31.25%, Running Acc: 59.19%
Validation progress: 80/150 batches (53.3%)
  - Elapsed: 2.7s, Estimated remaining: 2.3s
Validation: 85/150 batches (56.8%)
  - Batch Acc: 64.06%, Running Acc: 60.41%
Validation progress: 85/150 batches (56.7%)
  - Elapsed: 2.8s, Estimated remaining: 2.1s
Validation: 90/150 batches (60.1%)
  - Batch Acc: 100.00%, Running Acc: 60.27%
Validation progress: 90/150 batches (60.0%)
  - Elapsed: 2.8s, Estimated remaining: 1.8s
Validation: 95/150 batches (63.4%)
  - Batch Acc: 69.53%, Running Acc: 60.61%
Validation progress: 95/150 batches (63.3%)
  - Elapsed: 2.9s, Estimated remaining: 1.6s
Validation: 100/150 batches (66.8%)
  - Batch Acc: 86.72%, Running Acc: 61.38%
Validation progress: 100/150 batches (66.7%)
  - Elapsed: 2.9s, Estimated remaining: 1.4s
Validation: 105/150 batches (70.1%)
  - Batch Acc: 73.44%, Running Acc: 61.08%
Validation progress: 105/150 batches (70.0%)
  - Elapsed: 3.0s, Estimated remaining: 1.2s
Validation: 110/150 batches (73.4%)
  - Batch Acc: 89.06%, Running Acc: 62.14%
Validation progress: 110/150 batches (73.3%)
  - Elapsed: 3.0s, Estimated remaining: 1.1s
Validation: 115/150 batches (76.8%)
  - Batch Acc: 66.41%, Running Acc: 62.99%
Validation progress: 115/150 batches (76.7%)
  - Elapsed: 3.1s, Estimated remaining: 0.9s
Validation: 120/150 batches (80.1%)
  - Batch Acc: 100.00%, Running Acc: 62.74%
Validation progress: 120/150 batches (80.0%)
  - Elapsed: 3.1s, Estimated remaining: 0.7s
Validation: 125/150 batches (83.5%)
  - Batch Acc: 92.97%, Running Acc: 62.69%
Validation progress: 125/150 batches (83.3%)
  - Elapsed: 3.1s, Estimated remaining: 0.6s
Validation: 130/150 batches (86.8%)
  - Batch Acc: 71.88%, Running Acc: 62.26%
Validation progress: 130/150 batches (86.7%)
  - Elapsed: 3.2s, Estimated remaining: 0.5s
Validation: 135/150 batches (90.1%)
  - Batch Acc: 43.75%, Running Acc: 62.38%
Validation progress: 135/150 batches (90.0%)
  - Elapsed: 3.2s, Estimated remaining: 0.3s
Validation: 140/150 batches (93.5%)
  - Batch Acc: 84.38%, Running Acc: 61.88%
Validation progress: 140/150 batches (93.3%)
  - Elapsed: 3.3s, Estimated remaining: 0.2s
Validation: 145/150 batches (96.8%)
  - Batch Acc: 72.66%, Running Acc: 61.36%
Validation progress: 145/150 batches (96.7%)
  - Elapsed: 3.3s, Estimated remaining: 0.1s
Validation: 150/150 batches (100.2%)
  - Batch Acc: 100.00%, Running Acc: 61.34%
Validation complete in 3.79s - Loss: 2.2957, Accuracy: 0.6134

==== Epoch 17/100 ====
Starting training phase...
Training on 76609 samples...
Training: 100/599 batches (16.7%)
  - Batch Acc: 99.22%, Running Acc: 99.70%
  - Loss: 0.0170, Grad Norm: 0.1669
  - Learning Rate: 0.001000
Training: 200/599 batches (33.4%)
  - Batch Acc: 100.00%, Running Acc: 99.74%
  - Loss: 0.0067, Grad Norm: 0.1286
  - Learning Rate: 0.001000
Training: 300/599 batches (50.1%)
  - Batch Acc: 99.22%, Running Acc: 99.79%
  - Loss: 0.0095, Grad Norm: 0.1658
  - Learning Rate: 0.001000
Training: 400/599 batches (66.8%)
  - Batch Acc: 100.00%, Running Acc: 99.81%
  - Loss: 0.0002, Grad Norm: 0.0019
  - Learning Rate: 0.001000
Training: 500/599 batches (83.5%)
  - Batch Acc: 100.00%, Running Acc: 99.80%
  - Loss: 0.0023, Grad Norm: 0.0357
  - Learning Rate: 0.001000
Training: 599/599 batches (100.0%)
  - Batch Acc: 93.85%, Running Acc: 99.75%
  - Loss: 0.1042, Grad Norm: 0.3819
  - Learning Rate: 0.001000

Training phase complete
Epoch Summary:
  - Average Loss: 0.0077
  - Average Accuracy: 99.75%
  - Average Grad Norm: 0.0652
  - Final Learning Rate: 0.001000
Starting validation phase...
Starting validation on 19170 samples...
Entering no_grad block for validation
Validation progress: 0/150 batches (0.0%)
  - Elapsed: 2.0s, Estimated remaining: 0.0s
Validation: 5/150 batches (3.3%)
  - Batch Acc: 39.06%, Running Acc: 57.50%
Validation progress: 5/150 batches (3.3%)
  - Elapsed: 2.0s, Estimated remaining: 48.6s
Validation: 10/150 batches (6.7%)
  - Batch Acc: 80.47%, Running Acc: 62.34%
Validation progress: 10/150 batches (6.7%)
  - Elapsed: 2.0s, Estimated remaining: 25.8s
Validation: 15/150 batches (10.0%)
  - Batch Acc: 15.62%, Running Acc: 52.81%
Validation progress: 15/150 batches (10.0%)
  - Elapsed: 2.1s, Estimated remaining: 17.6s
Validation: 20/150 batches (13.4%)
  - Batch Acc: 56.25%, Running Acc: 53.91%
Validation progress: 20/150 batches (13.3%)
  - Elapsed: 2.1s, Estimated remaining: 13.1s
Validation: 25/150 batches (16.7%)
  - Batch Acc: 62.50%, Running Acc: 54.06%
Validation progress: 25/150 batches (16.7%)
  - Elapsed: 2.2s, Estimated remaining: 10.3s
Validation: 30/150 batches (20.0%)
  - Batch Acc: 39.84%, Running Acc: 53.83%
Validation progress: 30/150 batches (20.0%)
  - Elapsed: 2.2s, Estimated remaining: 8.5s
Validation: 35/150 batches (23.4%)
  - Batch Acc: 93.75%, Running Acc: 56.63%
Validation progress: 35/150 batches (23.3%)
  - Elapsed: 2.3s, Estimated remaining: 7.1s
Validation: 40/150 batches (26.7%)
  - Batch Acc: 59.38%, Running Acc: 55.82%
Validation progress: 40/150 batches (26.7%)
  - Elapsed: 2.3s, Estimated remaining: 6.1s
Validation: 45/150 batches (30.0%)
  - Batch Acc: 77.34%, Running Acc: 56.08%
Validation progress: 45/150 batches (30.0%)
  - Elapsed: 2.4s, Estimated remaining: 5.3s
Validation: 50/150 batches (33.4%)
  - Batch Acc: 27.34%, Running Acc: 55.06%
Validation progress: 50/150 batches (33.3%)
  - Elapsed: 2.4s, Estimated remaining: 4.6s
Validation: 55/150 batches (36.7%)
  - Batch Acc: 82.81%, Running Acc: 54.64%
Validation progress: 55/150 batches (36.7%)
  - Elapsed: 2.4s, Estimated remaining: 4.1s
Validation: 60/150 batches (40.1%)
  - Batch Acc: 57.03%, Running Acc: 56.77%
Validation progress: 60/150 batches (40.0%)
  - Elapsed: 2.5s, Estimated remaining: 3.6s
Validation: 65/150 batches (43.4%)
  - Batch Acc: 57.81%, Running Acc: 56.30%
Validation progress: 65/150 batches (43.3%)
  - Elapsed: 2.5s, Estimated remaining: 3.2s
Validation: 70/150 batches (46.7%)
  - Batch Acc: 28.91%, Running Acc: 56.79%
Validation progress: 70/150 batches (46.7%)
  - Elapsed: 2.5s, Estimated remaining: 2.8s
Validation: 75/150 batches (50.1%)
  - Batch Acc: 34.38%, Running Acc: 56.58%
Validation progress: 75/150 batches (50.0%)
  - Elapsed: 2.6s, Estimated remaining: 2.5s
Validation: 80/150 batches (53.4%)
  - Batch Acc: 55.47%, Running Acc: 56.84%
Validation progress: 80/150 batches (53.3%)
  - Elapsed: 2.6s, Estimated remaining: 2.2s
Validation: 85/150 batches (56.8%)
  - Batch Acc: 42.19%, Running Acc: 56.98%
Validation progress: 85/150 batches (56.7%)
  - Elapsed: 2.7s, Estimated remaining: 2.0s
Validation: 90/150 batches (60.1%)
  - Batch Acc: 100.00%, Running Acc: 57.67%
Validation progress: 90/150 batches (60.0%)
  - Elapsed: 2.7s, Estimated remaining: 1.8s
Validation: 95/150 batches (63.4%)
  - Batch Acc: 28.91%, Running Acc: 57.16%
Validation progress: 95/150 batches (63.3%)
  - Elapsed: 2.8s, Estimated remaining: 1.6s
Validation: 100/150 batches (66.8%)
  - Batch Acc: 64.06%, Running Acc: 57.54%
Validation progress: 100/150 batches (66.7%)
  - Elapsed: 2.8s, Estimated remaining: 1.4s
Validation: 105/150 batches (70.1%)
  - Batch Acc: 95.31%, Running Acc: 57.95%
Validation progress: 105/150 batches (70.0%)
  - Elapsed: 2.8s, Estimated remaining: 1.2s
Validation: 110/150 batches (73.4%)
  - Batch Acc: 92.97%, Running Acc: 59.05%
Validation progress: 110/150 batches (73.3%)
  - Elapsed: 2.9s, Estimated remaining: 1.0s
Validation: 115/150 batches (76.8%)
  - Batch Acc: 84.38%, Running Acc: 59.88%
Validation progress: 115/150 batches (76.7%)
  - Elapsed: 2.9s, Estimated remaining: 0.9s
Validation: 120/150 batches (80.1%)
  - Batch Acc: 71.09%, Running Acc: 59.12%
Validation progress: 120/150 batches (80.0%)
  - Elapsed: 3.0s, Estimated remaining: 0.7s
Validation: 125/150 batches (83.5%)
  - Batch Acc: 74.22%, Running Acc: 59.44%
Validation progress: 125/150 batches (83.3%)
  - Elapsed: 3.0s, Estimated remaining: 0.6s
Validation: 130/150 batches (86.8%)
  - Batch Acc: 72.66%, Running Acc: 59.66%
Validation progress: 130/150 batches (86.7%)
  - Elapsed: 3.1s, Estimated remaining: 0.4s
Validation: 135/150 batches (90.1%)
  - Batch Acc: 68.75%, Running Acc: 60.14%
Validation progress: 135/150 batches (90.0%)
  - Elapsed: 3.1s, Estimated remaining: 0.3s
Validation: 140/150 batches (93.5%)
  - Batch Acc: 71.09%, Running Acc: 59.76%
Validation progress: 140/150 batches (93.3%)
  - Elapsed: 3.1s, Estimated remaining: 0.2s
Validation: 145/150 batches (96.8%)
  - Batch Acc: 73.44%, Running Acc: 59.75%
Validation progress: 145/150 batches (96.7%)
  - Elapsed: 3.2s, Estimated remaining: 0.1s
Validation: 150/150 batches (100.2%)
  - Batch Acc: 100.00%, Running Acc: 60.33%
Validation complete in 3.66s - Loss: 2.2280, Accuracy: 0.6033

==== Epoch 18/100 ====
Starting training phase...
Training on 76609 samples...
Training: 100/599 batches (16.7%)
  - Batch Acc: 100.00%, Running Acc: 99.79%
  - Loss: 0.0010, Grad Norm: 0.0075
  - Learning Rate: 0.000200
Training: 200/599 batches (33.4%)
  - Batch Acc: 100.00%, Running Acc: 99.86%
  - Loss: 0.0006, Grad Norm: 0.0051
  - Learning Rate: 0.000200
Training: 300/599 batches (50.1%)
  - Batch Acc: 100.00%, Running Acc: 99.89%
  - Loss: 0.0004, Grad Norm: 0.0030
  - Learning Rate: 0.000200
Training: 400/599 batches (66.8%)
  - Batch Acc: 100.00%, Running Acc: 99.90%
  - Loss: 0.0005, Grad Norm: 0.0044
  - Learning Rate: 0.000200
Training: 500/599 batches (83.5%)
  - Batch Acc: 100.00%, Running Acc: 99.91%
  - Loss: 0.0016, Grad Norm: 0.0335
  - Learning Rate: 0.000200
Training: 599/599 batches (100.0%)
  - Batch Acc: 100.00%, Running Acc: 99.92%
  - Loss: 0.0001, Grad Norm: 0.0007
  - Learning Rate: 0.000200

Training phase complete
Epoch Summary:
  - Average Loss: 0.0029
  - Average Accuracy: 99.92%
  - Average Grad Norm: 0.0273
  - Final Learning Rate: 0.000200
Starting validation phase...
Starting validation on 19170 samples...
Entering no_grad block for validation
Validation progress: 0/150 batches (0.0%)
  - Elapsed: 1.5s, Estimated remaining: 0.0s
Validation: 5/150 batches (3.3%)
  - Batch Acc: 34.38%, Running Acc: 56.88%
Validation progress: 5/150 batches (3.3%)
  - Elapsed: 1.6s, Estimated remaining: 37.4s
Validation: 10/150 batches (6.7%)
  - Batch Acc: 78.91%, Running Acc: 62.58%
Validation progress: 10/150 batches (6.7%)
  - Elapsed: 1.6s, Estimated remaining: 20.3s
Validation: 15/150 batches (10.0%)
  - Batch Acc: 19.53%, Running Acc: 54.79%
Validation progress: 15/150 batches (10.0%)
  - Elapsed: 1.6s, Estimated remaining: 13.6s
Validation: 20/150 batches (13.4%)
  - Batch Acc: 53.91%, Running Acc: 55.08%
Validation progress: 20/150 batches (13.3%)
  - Elapsed: 1.7s, Estimated remaining: 10.2s
Validation: 25/150 batches (16.7%)
  - Batch Acc: 80.47%, Running Acc: 55.78%
Validation progress: 25/150 batches (16.7%)
  - Elapsed: 1.7s, Estimated remaining: 8.1s
Validation: 30/150 batches (20.0%)
  - Batch Acc: 43.75%, Running Acc: 54.82%
Validation progress: 30/150 batches (20.0%)
  - Elapsed: 1.8s, Estimated remaining: 6.7s
Validation: 35/150 batches (23.4%)
  - Batch Acc: 93.75%, Running Acc: 57.88%
Validation progress: 35/150 batches (23.3%)
  - Elapsed: 1.8s, Estimated remaining: 5.6s
Validation: 40/150 batches (26.7%)
  - Batch Acc: 56.25%, Running Acc: 56.74%
Validation progress: 40/150 batches (26.7%)
  - Elapsed: 1.8s, Estimated remaining: 4.8s
Validation: 45/150 batches (30.0%)
  - Batch Acc: 78.91%, Running Acc: 57.40%
Validation progress: 45/150 batches (30.0%)
  - Elapsed: 1.9s, Estimated remaining: 4.2s
Validation: 50/150 batches (33.4%)
  - Batch Acc: 30.47%, Running Acc: 56.39%
Validation progress: 50/150 batches (33.3%)
  - Elapsed: 1.9s, Estimated remaining: 3.7s
Validation: 55/150 batches (36.7%)
  - Batch Acc: 83.59%, Running Acc: 55.70%
Validation progress: 55/150 batches (36.7%)
  - Elapsed: 1.9s, Estimated remaining: 3.2s
Validation: 60/150 batches (40.1%)
  - Batch Acc: 61.72%, Running Acc: 57.84%
Validation progress: 60/150 batches (40.0%)
  - Elapsed: 2.0s, Estimated remaining: 2.9s
Validation: 65/150 batches (43.4%)
  - Batch Acc: 71.09%, Running Acc: 57.54%
Validation progress: 65/150 batches (43.3%)
  - Elapsed: 2.0s, Estimated remaining: 2.5s
Validation: 70/150 batches (46.7%)
  - Batch Acc: 28.12%, Running Acc: 57.85%
Validation progress: 70/150 batches (46.7%)
  - Elapsed: 2.0s, Estimated remaining: 2.3s
Validation: 75/150 batches (50.1%)
  - Batch Acc: 38.28%, Running Acc: 57.78%
Validation progress: 75/150 batches (50.0%)
  - Elapsed: 2.1s, Estimated remaining: 2.0s
Validation: 80/150 batches (53.4%)
  - Batch Acc: 46.88%, Running Acc: 58.24%
Validation progress: 80/150 batches (53.3%)
  - Elapsed: 2.1s, Estimated remaining: 1.8s
Validation: 85/150 batches (56.8%)
  - Batch Acc: 59.38%, Running Acc: 58.49%
Validation progress: 85/150 batches (56.7%)
  - Elapsed: 2.2s, Estimated remaining: 1.6s
Validation: 90/150 batches (60.1%)
  - Batch Acc: 100.00%, Running Acc: 59.10%
Validation progress: 90/150 batches (60.0%)
  - Elapsed: 2.2s, Estimated remaining: 1.4s
Validation: 95/150 batches (63.4%)
  - Batch Acc: 45.31%, Running Acc: 58.97%
Validation progress: 95/150 batches (63.3%)
  - Elapsed: 2.2s, Estimated remaining: 1.3s
Validation: 100/150 batches (66.8%)
  - Batch Acc: 64.84%, Running Acc: 59.45%
Validation progress: 100/150 batches (66.7%)
  - Elapsed: 2.3s, Estimated remaining: 1.1s
Validation: 105/150 batches (70.1%)
  - Batch Acc: 94.53%, Running Acc: 59.81%
Validation progress: 105/150 batches (70.0%)
  - Elapsed: 2.3s, Estimated remaining: 1.0s
Validation: 110/150 batches (73.4%)
  - Batch Acc: 90.62%, Running Acc: 60.94%
Validation progress: 110/150 batches (73.3%)
  - Elapsed: 2.4s, Estimated remaining: 0.8s
Validation: 115/150 batches (76.8%)
  - Batch Acc: 67.97%, Running Acc: 61.73%
Validation progress: 115/150 batches (76.7%)
  - Elapsed: 2.4s, Estimated remaining: 0.7s
Validation: 120/150 batches (80.1%)
  - Batch Acc: 98.44%, Running Acc: 61.50%
Validation progress: 120/150 batches (80.0%)
  - Elapsed: 2.4s, Estimated remaining: 0.6s
Validation: 125/150 batches (83.5%)
  - Batch Acc: 88.28%, Running Acc: 61.75%
Validation progress: 125/150 batches (83.3%)
  - Elapsed: 2.5s, Estimated remaining: 0.5s
Validation: 130/150 batches (86.8%)
  - Batch Acc: 75.00%, Running Acc: 61.79%
Validation progress: 130/150 batches (86.7%)
  - Elapsed: 2.5s, Estimated remaining: 0.4s
Validation: 135/150 batches (90.1%)
  - Batch Acc: 60.16%, Running Acc: 62.12%
Validation progress: 135/150 batches (90.0%)
  - Elapsed: 2.6s, Estimated remaining: 0.3s
Validation: 140/150 batches (93.5%)
  - Batch Acc: 74.22%, Running Acc: 61.81%
Validation progress: 140/150 batches (93.3%)
  - Elapsed: 2.6s, Estimated remaining: 0.2s
Validation: 145/150 batches (96.8%)
  - Batch Acc: 72.66%, Running Acc: 61.52%
Validation progress: 145/150 batches (96.7%)
  - Elapsed: 2.6s, Estimated remaining: 0.1s
Validation: 150/150 batches (100.2%)
  - Batch Acc: 100.00%, Running Acc: 61.90%
Validation complete in 3.05s - Loss: 2.3551, Accuracy: 0.6190

==== Epoch 19/100 ====
Starting training phase...
Training on 76609 samples...
Training: 100/599 batches (16.7%)
  - Batch Acc: 100.00%, Running Acc: 99.99%
  - Loss: 0.0002, Grad Norm: 0.0015
  - Learning Rate: 0.000200
Training: 200/599 batches (33.4%)
  - Batch Acc: 100.00%, Running Acc: 99.98%
  - Loss: 0.0004, Grad Norm: 0.0073
  - Learning Rate: 0.000200
Training: 300/599 batches (50.1%)
  - Batch Acc: 100.00%, Running Acc: 99.98%
  - Loss: 0.0008, Grad Norm: 0.0123
  - Learning Rate: 0.000200
Training: 400/599 batches (66.8%)
  - Batch Acc: 100.00%, Running Acc: 99.98%
  - Loss: 0.0001, Grad Norm: 0.0006
  - Learning Rate: 0.000200
Training: 500/599 batches (83.5%)
  - Batch Acc: 100.00%, Running Acc: 99.97%
  - Loss: 0.0001, Grad Norm: 0.0005
  - Learning Rate: 0.000200
Training: 599/599 batches (100.0%)
  - Batch Acc: 100.00%, Running Acc: 99.97%
  - Loss: 0.0028, Grad Norm: 0.0511
  - Learning Rate: 0.000200

Training phase complete
Epoch Summary:
  - Average Loss: 0.0011
  - Average Accuracy: 99.97%
  - Average Grad Norm: 0.0158
  - Final Learning Rate: 0.000200
Starting validation phase...
Starting validation on 19170 samples...
Entering no_grad block for validation
Validation progress: 0/150 batches (0.0%)
  - Elapsed: 1.9s, Estimated remaining: 0.0s
Validation: 5/150 batches (3.3%)
  - Batch Acc: 25.78%, Running Acc: 51.88%
Validation progress: 5/150 batches (3.3%)
  - Elapsed: 2.0s, Estimated remaining: 48.0s
Validation: 10/150 batches (6.7%)
  - Batch Acc: 78.12%, Running Acc: 59.77%
Validation progress: 10/150 batches (6.7%)
  - Elapsed: 2.1s, Estimated remaining: 26.1s
Validation: 15/150 batches (10.0%)
  - Batch Acc: 17.97%, Running Acc: 53.18%
Validation progress: 15/150 batches (10.0%)
  - Elapsed: 2.1s, Estimated remaining: 17.4s
Validation: 20/150 batches (13.4%)
  - Batch Acc: 52.34%, Running Acc: 53.87%
Validation progress: 20/150 batches (13.3%)
  - Elapsed: 2.1s, Estimated remaining: 13.0s
Validation: 25/150 batches (16.7%)
  - Batch Acc: 85.94%, Running Acc: 55.16%
Validation progress: 25/150 batches (16.7%)
  - Elapsed: 2.1s, Estimated remaining: 10.2s
Validation: 30/150 batches (20.0%)
  - Batch Acc: 37.50%, Running Acc: 54.11%
Validation progress: 30/150 batches (20.0%)
  - Elapsed: 2.2s, Estimated remaining: 8.4s
Validation: 35/150 batches (23.4%)
  - Batch Acc: 93.75%, Running Acc: 57.39%
Validation progress: 35/150 batches (23.3%)
  - Elapsed: 2.2s, Estimated remaining: 7.0s
Validation: 40/150 batches (26.7%)
  - Batch Acc: 74.22%, Running Acc: 57.21%
Validation progress: 40/150 batches (26.7%)
  - Elapsed: 2.3s, Estimated remaining: 6.0s
Validation: 45/150 batches (30.0%)
  - Batch Acc: 78.12%, Running Acc: 57.33%
Validation progress: 45/150 batches (30.0%)
  - Elapsed: 2.3s, Estimated remaining: 5.2s
Validation: 50/150 batches (33.4%)
  - Batch Acc: 30.47%, Running Acc: 56.33%
Validation progress: 50/150 batches (33.3%)
  - Elapsed: 2.3s, Estimated remaining: 4.5s
Validation: 55/150 batches (36.7%)
  - Batch Acc: 82.81%, Running Acc: 55.75%
Validation progress: 55/150 batches (36.7%)
  - Elapsed: 2.4s, Estimated remaining: 4.0s
Validation: 60/150 batches (40.1%)
  - Batch Acc: 67.19%, Running Acc: 57.80%
Validation progress: 60/150 batches (40.0%)
  - Elapsed: 2.4s, Estimated remaining: 3.5s
Validation: 65/150 batches (43.4%)
  - Batch Acc: 76.56%, Running Acc: 57.61%
Validation progress: 65/150 batches (43.3%)
  - Elapsed: 2.4s, Estimated remaining: 3.1s
Validation: 70/150 batches (46.7%)
  - Batch Acc: 28.91%, Running Acc: 57.88%
Validation progress: 70/150 batches (46.7%)
  - Elapsed: 2.5s, Estimated remaining: 2.8s
Validation: 75/150 batches (50.1%)
  - Batch Acc: 40.62%, Running Acc: 57.99%
Validation progress: 75/150 batches (50.0%)
  - Elapsed: 2.5s, Estimated remaining: 2.5s
Validation: 80/150 batches (53.4%)
  - Batch Acc: 42.97%, Running Acc: 58.51%
Validation progress: 80/150 batches (53.3%)
  - Elapsed: 2.6s, Estimated remaining: 2.2s
Validation: 85/150 batches (56.8%)
  - Batch Acc: 64.06%, Running Acc: 59.40%
Validation progress: 85/150 batches (56.7%)
  - Elapsed: 2.6s, Estimated remaining: 1.9s
Validation: 90/150 batches (60.1%)
  - Batch Acc: 100.00%, Running Acc: 59.72%
Validation progress: 90/150 batches (60.0%)
  - Elapsed: 2.6s, Estimated remaining: 1.7s
Validation: 95/150 batches (63.4%)
  - Batch Acc: 42.97%, Running Acc: 59.64%
Validation progress: 95/150 batches (63.3%)
  - Elapsed: 2.7s, Estimated remaining: 1.5s
Validation: 100/150 batches (66.8%)
  - Batch Acc: 74.22%, Running Acc: 60.09%
Validation progress: 100/150 batches (66.7%)
  - Elapsed: 2.7s, Estimated remaining: 1.3s
Validation: 105/150 batches (70.1%)
  - Batch Acc: 87.50%, Running Acc: 60.25%
Validation progress: 105/150 batches (70.0%)
  - Elapsed: 2.7s, Estimated remaining: 1.1s
Validation: 110/150 batches (73.4%)
  - Batch Acc: 88.28%, Running Acc: 61.40%
Validation progress: 110/150 batches (73.3%)
  - Elapsed: 2.8s, Estimated remaining: 1.0s
Validation: 115/150 batches (76.8%)
  - Batch Acc: 68.75%, Running Acc: 62.19%
Validation progress: 115/150 batches (76.7%)
  - Elapsed: 2.8s, Estimated remaining: 0.8s
Validation: 120/150 batches (80.1%)
  - Batch Acc: 100.00%, Running Acc: 62.12%
Validation progress: 120/150 batches (80.0%)
  - Elapsed: 2.9s, Estimated remaining: 0.7s
Validation: 125/150 batches (83.5%)
  - Batch Acc: 91.41%, Running Acc: 62.38%
Validation progress: 125/150 batches (83.3%)
  - Elapsed: 2.9s, Estimated remaining: 0.6s
Validation: 130/150 batches (86.8%)
  - Batch Acc: 75.00%, Running Acc: 62.26%
Validation progress: 130/150 batches (86.7%)
  - Elapsed: 2.9s, Estimated remaining: 0.4s
Validation: 135/150 batches (90.1%)
  - Batch Acc: 58.59%, Running Acc: 62.55%
Validation progress: 135/150 batches (90.0%)
  - Elapsed: 3.0s, Estimated remaining: 0.3s
Validation: 140/150 batches (93.5%)
  - Batch Acc: 75.00%, Running Acc: 62.18%
Validation progress: 140/150 batches (93.3%)
  - Elapsed: 3.0s, Estimated remaining: 0.2s
Validation: 145/150 batches (96.8%)
  - Batch Acc: 65.62%, Running Acc: 61.76%
Validation progress: 145/150 batches (96.7%)
  - Elapsed: 3.0s, Estimated remaining: 0.1s
Validation: 150/150 batches (100.2%)
  - Batch Acc: 100.00%, Running Acc: 62.02%
Validation complete in 3.51s - Loss: 2.4412, Accuracy: 0.6202

==== Epoch 20/100 ====
Starting training phase...
Training on 76609 samples...
Training: 100/599 batches (16.7%)
  - Batch Acc: 100.00%, Running Acc: 99.96%
  - Loss: 0.0002, Grad Norm: 0.0024
  - Learning Rate: 0.000200
Training: 200/599 batches (33.4%)
  - Batch Acc: 100.00%, Running Acc: 99.98%
  - Loss: 0.0002, Grad Norm: 0.0017
  - Learning Rate: 0.000200
Training: 300/599 batches (50.1%)
  - Batch Acc: 100.00%, Running Acc: 99.98%
  - Loss: 0.0001, Grad Norm: 0.0010
  - Learning Rate: 0.000200
Training: 400/599 batches (66.8%)
  - Batch Acc: 100.00%, Running Acc: 99.98%
  - Loss: 0.0030, Grad Norm: 0.0805
  - Learning Rate: 0.000200
Training: 500/599 batches (83.5%)
  - Batch Acc: 100.00%, Running Acc: 99.98%
  - Loss: 0.0001, Grad Norm: 0.0007
  - Learning Rate: 0.000200
Training: 599/599 batches (100.0%)
  - Batch Acc: 100.00%, Running Acc: 99.98%
  - Loss: 0.0001, Grad Norm: 0.0009
  - Learning Rate: 0.000200

Training phase complete
Epoch Summary:
  - Average Loss: 0.0007
  - Average Accuracy: 99.98%
  - Average Grad Norm: 0.0116
  - Final Learning Rate: 0.000200
Starting validation phase...
Starting validation on 19170 samples...
Entering no_grad block for validation
Validation progress: 0/150 batches (0.0%)
  - Elapsed: 1.9s, Estimated remaining: 0.0s
Validation: 5/150 batches (3.3%)
  - Batch Acc: 15.62%, Running Acc: 46.72%
Validation progress: 5/150 batches (3.3%)
  - Elapsed: 2.0s, Estimated remaining: 48.1s
Validation: 10/150 batches (6.7%)
  - Batch Acc: 84.38%, Running Acc: 57.89%
Validation progress: 10/150 batches (6.7%)
  - Elapsed: 2.1s, Estimated remaining: 26.2s
Validation: 15/150 batches (10.0%)
  - Batch Acc: 10.94%, Running Acc: 53.18%
Validation progress: 15/150 batches (10.0%)
  - Elapsed: 2.1s, Estimated remaining: 17.6s
Validation: 20/150 batches (13.4%)
  - Batch Acc: 50.00%, Running Acc: 53.40%
Validation progress: 20/150 batches (13.3%)
  - Elapsed: 2.1s, Estimated remaining: 13.1s
Validation: 25/150 batches (16.7%)
  - Batch Acc: 87.50%, Running Acc: 54.78%
Validation progress: 25/150 batches (16.7%)
  - Elapsed: 2.2s, Estimated remaining: 10.4s
Validation: 30/150 batches (20.0%)
  - Batch Acc: 40.62%, Running Acc: 54.01%
Validation progress: 30/150 batches (20.0%)
  - Elapsed: 2.2s, Estimated remaining: 8.5s
Validation: 35/150 batches (23.4%)
  - Batch Acc: 91.41%, Running Acc: 57.30%
Validation progress: 35/150 batches (23.3%)
  - Elapsed: 2.3s, Estimated remaining: 7.2s
Validation: 40/150 batches (26.7%)
  - Batch Acc: 70.31%, Running Acc: 56.68%
Validation progress: 40/150 batches (26.7%)
  - Elapsed: 2.3s, Estimated remaining: 6.1s
Validation: 45/150 batches (30.0%)
  - Batch Acc: 70.31%, Running Acc: 56.81%
Validation progress: 45/150 batches (30.0%)
  - Elapsed: 2.4s, Estimated remaining: 5.3s
Validation: 50/150 batches (33.4%)
  - Batch Acc: 26.56%, Running Acc: 55.72%
Validation progress: 50/150 batches (33.3%)
  - Elapsed: 2.4s, Estimated remaining: 4.7s
Validation: 55/150 batches (36.7%)
  - Batch Acc: 87.50%, Running Acc: 55.44%
Validation progress: 55/150 batches (36.7%)
  - Elapsed: 2.4s, Estimated remaining: 4.1s
Validation: 60/150 batches (40.1%)
  - Batch Acc: 71.88%, Running Acc: 57.84%
Validation progress: 60/150 batches (40.0%)
  - Elapsed: 2.5s, Estimated remaining: 3.6s
Validation: 65/150 batches (43.4%)
  - Batch Acc: 76.56%, Running Acc: 57.73%
Validation progress: 65/150 batches (43.3%)
  - Elapsed: 2.5s, Estimated remaining: 3.2s
Validation: 70/150 batches (46.7%)
  - Batch Acc: 29.69%, Running Acc: 58.34%
Validation progress: 70/150 batches (46.7%)
  - Elapsed: 2.6s, Estimated remaining: 2.9s
Validation: 75/150 batches (50.1%)
  - Batch Acc: 41.41%, Running Acc: 59.01%
Validation progress: 75/150 batches (50.0%)
  - Elapsed: 2.6s, Estimated remaining: 2.5s
Validation: 80/150 batches (53.4%)
  - Batch Acc: 46.88%, Running Acc: 59.36%
Validation progress: 80/150 batches (53.3%)
  - Elapsed: 2.7s, Estimated remaining: 2.3s
Validation: 85/150 batches (56.8%)
  - Batch Acc: 65.62%, Running Acc: 60.40%
Validation progress: 85/150 batches (56.7%)
  - Elapsed: 2.7s, Estimated remaining: 2.0s
Validation: 90/150 batches (60.1%)
  - Batch Acc: 100.00%, Running Acc: 60.77%
Validation progress: 90/150 batches (60.0%)
  - Elapsed: 2.7s, Estimated remaining: 1.8s
Validation: 95/150 batches (63.4%)
  - Batch Acc: 41.41%, Running Acc: 60.49%
Validation progress: 95/150 batches (63.3%)
  - Elapsed: 2.8s, Estimated remaining: 1.6s
Validation: 100/150 batches (66.8%)
  - Batch Acc: 67.97%, Running Acc: 60.77%
Validation progress: 100/150 batches (66.7%)
  - Elapsed: 2.8s, Estimated remaining: 1.4s
Validation: 105/150 batches (70.1%)
  - Batch Acc: 95.31%, Running Acc: 60.99%
Validation progress: 105/150 batches (70.0%)
  - Elapsed: 2.9s, Estimated remaining: 1.2s
Validation: 110/150 batches (73.4%)
  - Batch Acc: 91.41%, Running Acc: 62.20%
Validation progress: 110/150 batches (73.3%)
  - Elapsed: 2.9s, Estimated remaining: 1.0s
Validation: 115/150 batches (76.8%)
  - Batch Acc: 74.22%, Running Acc: 63.04%
Validation progress: 115/150 batches (76.7%)
  - Elapsed: 2.9s, Estimated remaining: 0.9s
Validation: 120/150 batches (80.1%)
  - Batch Acc: 100.00%, Running Acc: 62.96%
Validation progress: 120/150 batches (80.0%)
  - Elapsed: 3.0s, Estimated remaining: 0.7s
Validation: 125/150 batches (83.5%)
  - Batch Acc: 91.41%, Running Acc: 63.14%
Validation progress: 125/150 batches (83.3%)
  - Elapsed: 3.1s, Estimated remaining: 0.6s
Validation: 130/150 batches (86.8%)
  - Batch Acc: 74.22%, Running Acc: 62.97%
Validation progress: 130/150 batches (86.7%)
  - Elapsed: 3.1s, Estimated remaining: 0.4s
Validation: 135/150 batches (90.1%)
  - Batch Acc: 69.53%, Running Acc: 63.40%
Validation progress: 135/150 batches (90.0%)
  - Elapsed: 3.1s, Estimated remaining: 0.3s
Validation: 140/150 batches (93.5%)
  - Batch Acc: 76.56%, Running Acc: 63.09%
Validation progress: 140/150 batches (93.3%)
  - Elapsed: 3.2s, Estimated remaining: 0.2s
Validation: 145/150 batches (96.8%)
  - Batch Acc: 71.09%, Running Acc: 62.62%
Validation progress: 145/150 batches (96.7%)
  - Elapsed: 3.2s, Estimated remaining: 0.1s
Validation: 150/150 batches (100.2%)
  - Batch Acc: 93.88%, Running Acc: 62.82%
Validation complete in 3.72s - Loss: 2.5087, Accuracy: 0.6282

==== Epoch 21/100 ====
Starting training phase...
Training on 76609 samples...
Training: 100/599 batches (16.7%)
  - Batch Acc: 100.00%, Running Acc: 100.00%
  - Loss: 0.0003, Grad Norm: 0.0040
  - Learning Rate: 0.000200
Training: 200/599 batches (33.4%)
  - Batch Acc: 100.00%, Running Acc: 99.98%
  - Loss: 0.0001, Grad Norm: 0.0004
  - Learning Rate: 0.000200
Training: 300/599 batches (50.1%)
  - Batch Acc: 100.00%, Running Acc: 99.99%
  - Loss: 0.0000, Grad Norm: 0.0001
  - Learning Rate: 0.000200
Training: 400/599 batches (66.8%)
  - Batch Acc: 100.00%, Running Acc: 99.99%
  - Loss: 0.0001, Grad Norm: 0.0007
  - Learning Rate: 0.000200
Training: 500/599 batches (83.5%)
  - Batch Acc: 100.00%, Running Acc: 99.99%
  - Loss: 0.0002, Grad Norm: 0.0024
  - Learning Rate: 0.000200
Training: 599/599 batches (100.0%)
  - Batch Acc: 100.00%, Running Acc: 99.98%
  - Loss: 0.0002, Grad Norm: 0.0061
  - Learning Rate: 0.000200

Training phase complete
Epoch Summary:
  - Average Loss: 0.0007
  - Average Accuracy: 99.98%
  - Average Grad Norm: 0.0109
  - Final Learning Rate: 0.000200
Starting validation phase...
Starting validation on 19170 samples...
Entering no_grad block for validation
Validation progress: 0/150 batches (0.0%)
  - Elapsed: 2.0s, Estimated remaining: 0.0s
Validation: 5/150 batches (3.3%)
  - Batch Acc: 17.97%, Running Acc: 50.31%
Validation progress: 5/150 batches (3.3%)
  - Elapsed: 2.0s, Estimated remaining: 48.7s
Validation: 10/150 batches (6.7%)
  - Batch Acc: 85.94%, Running Acc: 59.06%
Validation progress: 10/150 batches (6.7%)
  - Elapsed: 2.1s, Estimated remaining: 26.0s
Validation: 15/150 batches (10.0%)
  - Batch Acc: 13.28%, Running Acc: 53.33%
Validation progress: 15/150 batches (10.0%)
  - Elapsed: 2.1s, Estimated remaining: 17.4s
Validation: 20/150 batches (13.4%)
  - Batch Acc: 52.34%, Running Acc: 53.95%
Validation progress: 20/150 batches (13.3%)
  - Elapsed: 2.1s, Estimated remaining: 13.1s
Validation: 25/150 batches (16.7%)
  - Batch Acc: 87.50%, Running Acc: 55.88%
Validation progress: 25/150 batches (16.7%)
  - Elapsed: 2.2s, Estimated remaining: 10.4s
Validation: 30/150 batches (20.0%)
  - Batch Acc: 41.41%, Running Acc: 55.10%
Validation progress: 30/150 batches (20.0%)
  - Elapsed: 2.2s, Estimated remaining: 8.5s
Validation: 35/150 batches (23.4%)
  - Batch Acc: 93.75%, Running Acc: 58.71%
Validation progress: 35/150 batches (23.3%)
  - Elapsed: 2.3s, Estimated remaining: 7.2s
Validation: 40/150 batches (26.7%)
  - Batch Acc: 79.69%, Running Acc: 58.34%
Validation progress: 40/150 batches (26.7%)
  - Elapsed: 2.3s, Estimated remaining: 6.1s
Validation: 45/150 batches (30.0%)
  - Batch Acc: 70.31%, Running Acc: 58.26%
Validation progress: 45/150 batches (30.0%)
  - Elapsed: 2.4s, Estimated remaining: 5.3s
Validation: 50/150 batches (33.4%)
  - Batch Acc: 28.12%, Running Acc: 57.09%
Validation progress: 50/150 batches (33.3%)
  - Elapsed: 2.4s, Estimated remaining: 4.7s
Validation: 55/150 batches (36.7%)
  - Batch Acc: 76.56%, Running Acc: 56.18%
Validation progress: 55/150 batches (36.7%)
  - Elapsed: 2.4s, Estimated remaining: 4.1s
Validation: 60/150 batches (40.1%)
  - Batch Acc: 71.09%, Running Acc: 58.46%
Validation progress: 60/150 batches (40.0%)
  - Elapsed: 2.5s, Estimated remaining: 3.6s
Validation: 65/150 batches (43.4%)
  - Batch Acc: 78.12%, Running Acc: 58.17%
Validation progress: 65/150 batches (43.3%)
  - Elapsed: 2.5s, Estimated remaining: 3.2s
Validation: 70/150 batches (46.7%)
  - Batch Acc: 27.34%, Running Acc: 58.76%
Validation progress: 70/150 batches (46.7%)
  - Elapsed: 2.6s, Estimated remaining: 2.9s
Validation: 75/150 batches (50.1%)
  - Batch Acc: 35.94%, Running Acc: 59.30%
Validation progress: 75/150 batches (50.0%)
  - Elapsed: 2.6s, Estimated remaining: 2.6s
Validation: 80/150 batches (53.4%)
  - Batch Acc: 47.66%, Running Acc: 59.85%
Validation progress: 80/150 batches (53.3%)
  - Elapsed: 2.7s, Estimated remaining: 2.3s
Validation: 85/150 batches (56.8%)
  - Batch Acc: 65.62%, Running Acc: 61.12%
Validation progress: 85/150 batches (56.7%)
  - Elapsed: 2.7s, Estimated remaining: 2.0s
Validation: 90/150 batches (60.1%)
  - Batch Acc: 100.00%, Running Acc: 61.33%
Validation progress: 90/150 batches (60.0%)
  - Elapsed: 2.8s, Estimated remaining: 1.8s
Validation: 95/150 batches (63.4%)
  - Batch Acc: 46.09%, Running Acc: 61.19%
Validation progress: 95/150 batches (63.3%)
  - Elapsed: 2.8s, Estimated remaining: 1.6s
Validation: 100/150 batches (66.8%)
  - Batch Acc: 67.97%, Running Acc: 61.35%
Validation progress: 100/150 batches (66.7%)
  - Elapsed: 2.9s, Estimated remaining: 1.4s
Validation: 105/150 batches (70.1%)
  - Batch Acc: 94.53%, Running Acc: 61.31%
Validation progress: 105/150 batches (70.0%)
  - Elapsed: 2.9s, Estimated remaining: 1.2s
Validation: 110/150 batches (73.4%)
  - Batch Acc: 89.84%, Running Acc: 62.45%
Validation progress: 110/150 batches (73.3%)
  - Elapsed: 2.9s, Estimated remaining: 1.0s
Validation: 115/150 batches (76.8%)
  - Batch Acc: 72.66%, Running Acc: 63.30%
Validation progress: 115/150 batches (76.7%)
  - Elapsed: 3.0s, Estimated remaining: 0.9s
Validation: 120/150 batches (80.1%)
  - Batch Acc: 100.00%, Running Acc: 63.37%
Validation progress: 120/150 batches (80.0%)
  - Elapsed: 3.0s, Estimated remaining: 0.7s
Validation: 125/150 batches (83.5%)
  - Batch Acc: 91.41%, Running Acc: 63.70%
Validation progress: 125/150 batches (83.3%)
  - Elapsed: 3.1s, Estimated remaining: 0.6s
Validation: 130/150 batches (86.8%)
  - Batch Acc: 71.88%, Running Acc: 63.44%
Validation progress: 130/150 batches (86.7%)
  - Elapsed: 3.1s, Estimated remaining: 0.5s
Validation: 135/150 batches (90.1%)
  - Batch Acc: 60.16%, Running Acc: 63.69%
Validation progress: 135/150 batches (90.0%)
  - Elapsed: 3.2s, Estimated remaining: 0.3s
Validation: 140/150 batches (93.5%)
  - Batch Acc: 77.34%, Running Acc: 63.21%
Validation progress: 140/150 batches (93.3%)
  - Elapsed: 3.2s, Estimated remaining: 0.2s
Validation: 145/150 batches (96.8%)
  - Batch Acc: 64.84%, Running Acc: 62.81%
Validation progress: 145/150 batches (96.7%)
  - Elapsed: 3.3s, Estimated remaining: 0.1s
Validation: 150/150 batches (100.2%)
  - Batch Acc: 94.90%, Running Acc: 62.93%
Validation complete in 3.73s - Loss: 2.6169, Accuracy: 0.6293

==== Epoch 22/100 ====
Starting training phase...
Training on 76609 samples...
Training: 100/599 batches (16.7%)
  - Batch Acc: 100.00%, Running Acc: 99.99%
  - Loss: 0.0002, Grad Norm: 0.0020
  - Learning Rate: 0.000200
Training: 200/599 batches (33.4%)
  - Batch Acc: 99.22%, Running Acc: 99.96%
  - Loss: 0.0126, Grad Norm: 0.0978
  - Learning Rate: 0.000200
Training: 300/599 batches (50.1%)
  - Batch Acc: 100.00%, Running Acc: 99.96%
  - Loss: 0.0001, Grad Norm: 0.0012
  - Learning Rate: 0.000200
Training: 400/599 batches (66.8%)
  - Batch Acc: 100.00%, Running Acc: 99.96%
  - Loss: 0.0004, Grad Norm: 0.0041
  - Learning Rate: 0.000200
Training: 500/599 batches (83.5%)
  - Batch Acc: 100.00%, Running Acc: 99.97%
  - Loss: 0.0000, Grad Norm: 0.0004
  - Learning Rate: 0.000200
Training: 599/599 batches (100.0%)
  - Batch Acc: 100.00%, Running Acc: 99.97%
  - Loss: 0.0000, Grad Norm: 0.0002
  - Learning Rate: 0.000200

Training phase complete
Epoch Summary:
  - Average Loss: 0.0011
  - Average Accuracy: 99.97%
  - Average Grad Norm: 0.0144
  - Final Learning Rate: 0.000200
Starting validation phase...
Starting validation on 19170 samples...
Entering no_grad block for validation
Validation progress: 0/150 batches (0.0%)
  - Elapsed: 2.0s, Estimated remaining: 0.0s
Validation: 5/150 batches (3.3%)
  - Batch Acc: 17.97%, Running Acc: 48.12%
Validation progress: 5/150 batches (3.3%)
  - Elapsed: 2.0s, Estimated remaining: 47.9s
Validation: 10/150 batches (6.7%)
  - Batch Acc: 86.72%, Running Acc: 59.30%
Validation progress: 10/150 batches (6.7%)
  - Elapsed: 2.0s, Estimated remaining: 25.7s
Validation: 15/150 batches (10.0%)
  - Batch Acc: 17.97%, Running Acc: 54.90%
Validation progress: 15/150 batches (10.0%)
  - Elapsed: 2.0s, Estimated remaining: 17.1s
Validation: 20/150 batches (13.4%)
  - Batch Acc: 45.31%, Running Acc: 54.49%
Validation progress: 20/150 batches (13.3%)
  - Elapsed: 2.1s, Estimated remaining: 12.8s
Validation: 25/150 batches (16.7%)
  - Batch Acc: 87.50%, Running Acc: 55.97%
Validation progress: 25/150 batches (16.7%)
  - Elapsed: 2.1s, Estimated remaining: 10.1s
Validation: 30/150 batches (20.0%)
  - Batch Acc: 46.88%, Running Acc: 55.47%
Validation progress: 30/150 batches (20.0%)
  - Elapsed: 2.2s, Estimated remaining: 8.3s
Validation: 35/150 batches (23.4%)
  - Batch Acc: 93.75%, Running Acc: 58.57%
Validation progress: 35/150 batches (23.3%)
  - Elapsed: 2.2s, Estimated remaining: 7.0s
Validation: 40/150 batches (26.7%)
  - Batch Acc: 63.28%, Running Acc: 57.81%
Validation progress: 40/150 batches (26.7%)
  - Elapsed: 2.2s, Estimated remaining: 5.9s
Validation: 45/150 batches (30.0%)
  - Batch Acc: 70.31%, Running Acc: 57.71%
Validation progress: 45/150 batches (30.0%)
  - Elapsed: 2.3s, Estimated remaining: 5.1s
Validation: 50/150 batches (33.4%)
  - Batch Acc: 25.78%, Running Acc: 56.42%
Validation progress: 50/150 batches (33.3%)
  - Elapsed: 2.3s, Estimated remaining: 4.4s
Validation: 55/150 batches (36.7%)
  - Batch Acc: 78.91%, Running Acc: 55.85%
Validation progress: 55/150 batches (36.7%)
  - Elapsed: 2.3s, Estimated remaining: 3.9s
Validation: 60/150 batches (40.1%)
  - Batch Acc: 67.19%, Running Acc: 57.86%
Validation progress: 60/150 batches (40.0%)
  - Elapsed: 2.4s, Estimated remaining: 3.5s
Validation: 65/150 batches (43.4%)
  - Batch Acc: 74.22%, Running Acc: 57.68%
Validation progress: 65/150 batches (43.3%)
  - Elapsed: 2.4s, Estimated remaining: 3.1s
Validation: 70/150 batches (46.7%)
  - Batch Acc: 29.69%, Running Acc: 58.23%
Validation progress: 70/150 batches (46.7%)
  - Elapsed: 2.4s, Estimated remaining: 2.7s
Validation: 75/150 batches (50.1%)
  - Batch Acc: 35.16%, Running Acc: 58.57%
Validation progress: 75/150 batches (50.0%)
  - Elapsed: 2.5s, Estimated remaining: 2.4s
Validation: 80/150 batches (53.4%)
  - Batch Acc: 44.53%, Running Acc: 58.96%
Validation progress: 80/150 batches (53.3%)
  - Elapsed: 2.5s, Estimated remaining: 2.1s
Validation: 85/150 batches (56.8%)
  - Batch Acc: 66.41%, Running Acc: 60.29%
Validation progress: 85/150 batches (56.7%)
  - Elapsed: 2.5s, Estimated remaining: 1.9s
Validation: 90/150 batches (60.1%)
  - Batch Acc: 100.00%, Running Acc: 60.77%
Validation progress: 90/150 batches (60.0%)
  - Elapsed: 2.6s, Estimated remaining: 1.7s
Validation: 95/150 batches (63.4%)
  - Batch Acc: 46.88%, Running Acc: 60.58%
Validation progress: 95/150 batches (63.3%)
  - Elapsed: 2.6s, Estimated remaining: 1.5s
Validation: 100/150 batches (66.8%)
  - Batch Acc: 53.12%, Running Acc: 60.66%
Validation progress: 100/150 batches (66.7%)
  - Elapsed: 2.7s, Estimated remaining: 1.3s
Validation: 105/150 batches (70.1%)
  - Batch Acc: 95.31%, Running Acc: 60.91%
Validation progress: 105/150 batches (70.0%)
  - Elapsed: 2.7s, Estimated remaining: 1.1s
Validation: 110/150 batches (73.4%)
  - Batch Acc: 89.84%, Running Acc: 62.06%
Validation progress: 110/150 batches (73.3%)
  - Elapsed: 2.7s, Estimated remaining: 1.0s
Validation: 115/150 batches (76.8%)
  - Batch Acc: 75.00%, Running Acc: 62.89%
Validation progress: 115/150 batches (76.7%)
  - Elapsed: 2.8s, Estimated remaining: 0.8s
Validation: 120/150 batches (80.1%)
  - Batch Acc: 100.00%, Running Acc: 62.94%
Validation progress: 120/150 batches (80.0%)
  - Elapsed: 2.8s, Estimated remaining: 0.7s
Validation: 125/150 batches (83.5%)
  - Batch Acc: 91.41%, Running Acc: 63.23%
Validation progress: 125/150 batches (83.3%)
  - Elapsed: 2.8s, Estimated remaining: 0.5s
Validation: 130/150 batches (86.8%)
  - Batch Acc: 68.75%, Running Acc: 62.90%
Validation progress: 130/150 batches (86.7%)
  - Elapsed: 2.9s, Estimated remaining: 0.4s
Validation: 135/150 batches (90.1%)
  - Batch Acc: 69.53%, Running Acc: 63.26%
Validation progress: 135/150 batches (90.0%)
  - Elapsed: 2.9s, Estimated remaining: 0.3s
Validation: 140/150 batches (93.5%)
  - Batch Acc: 74.22%, Running Acc: 62.80%
Validation progress: 140/150 batches (93.3%)
  - Elapsed: 2.9s, Estimated remaining: 0.2s
Validation: 145/150 batches (96.8%)
  - Batch Acc: 67.19%, Running Acc: 62.35%
Validation progress: 145/150 batches (96.7%)
  - Elapsed: 3.0s, Estimated remaining: 0.1s
Validation: 150/150 batches (100.2%)
  - Batch Acc: 98.98%, Running Acc: 62.60%
Validation complete in 3.44s - Loss: 2.6812, Accuracy: 0.6260

==== Epoch 23/100 ====
Starting training phase...
Training on 76609 samples...
Training: 100/599 batches (16.7%)
  - Batch Acc: 100.00%, Running Acc: 99.98%
  - Loss: 0.0000, Grad Norm: 0.0006
  - Learning Rate: 0.000200
Training: 200/599 batches (33.4%)
  - Batch Acc: 100.00%, Running Acc: 99.98%
  - Loss: 0.0001, Grad Norm: 0.0016
  - Learning Rate: 0.000200
Training: 300/599 batches (50.1%)
  - Batch Acc: 100.00%, Running Acc: 99.98%
  - Loss: 0.0005, Grad Norm: 0.0147
  - Learning Rate: 0.000200
Training: 400/599 batches (66.8%)
  - Batch Acc: 100.00%, Running Acc: 99.99%
  - Loss: 0.0001, Grad Norm: 0.0024
  - Learning Rate: 0.000200
Training: 500/599 batches (83.5%)
  - Batch Acc: 100.00%, Running Acc: 99.99%
  - Loss: 0.0000, Grad Norm: 0.0001
  - Learning Rate: 0.000200
Training: 599/599 batches (100.0%)
  - Batch Acc: 100.00%, Running Acc: 99.99%
  - Loss: 0.0002, Grad Norm: 0.0026
  - Learning Rate: 0.000200

Training phase complete
Epoch Summary:
  - Average Loss: 0.0004
  - Average Accuracy: 99.99%
  - Average Grad Norm: 0.0072
  - Final Learning Rate: 0.000200
Starting validation phase...
Starting validation on 19170 samples...
Entering no_grad block for validation
Validation progress: 0/150 batches (0.0%)
  - Elapsed: 2.0s, Estimated remaining: 0.0s
Validation: 5/150 batches (3.3%)
  - Batch Acc: 17.19%, Running Acc: 45.47%
Validation progress: 5/150 batches (3.3%)
  - Elapsed: 2.0s, Estimated remaining: 49.1s
Validation: 10/150 batches (6.7%)
  - Batch Acc: 85.16%, Running Acc: 57.27%
Validation progress: 10/150 batches (6.7%)
  - Elapsed: 2.1s, Estimated remaining: 26.4s
Validation: 15/150 batches (10.0%)
  - Batch Acc: 8.59%, Running Acc: 52.60%
Validation progress: 15/150 batches (10.0%)
  - Elapsed: 2.1s, Estimated remaining: 17.6s
Validation: 20/150 batches (13.4%)
  - Batch Acc: 48.44%, Running Acc: 52.93%
Validation progress: 20/150 batches (13.3%)
  - Elapsed: 2.2s, Estimated remaining: 13.3s
Validation: 25/150 batches (16.7%)
  - Batch Acc: 87.50%, Running Acc: 54.78%
Validation progress: 25/150 batches (16.7%)
  - Elapsed: 2.2s, Estimated remaining: 10.4s
Validation: 30/150 batches (20.0%)
  - Batch Acc: 45.31%, Running Acc: 54.27%
Validation progress: 30/150 batches (20.0%)
  - Elapsed: 2.2s, Estimated remaining: 8.5s
Validation: 35/150 batches (23.4%)
  - Batch Acc: 96.09%, Running Acc: 58.06%
Validation progress: 35/150 batches (23.3%)
  - Elapsed: 2.3s, Estimated remaining: 7.1s
Validation: 40/150 batches (26.7%)
  - Batch Acc: 80.47%, Running Acc: 58.11%
Validation progress: 40/150 batches (26.7%)
  - Elapsed: 2.3s, Estimated remaining: 6.1s
Validation: 45/150 batches (30.0%)
  - Batch Acc: 75.00%, Running Acc: 58.80%
Validation progress: 45/150 batches (30.0%)
  - Elapsed: 2.3s, Estimated remaining: 5.3s
Validation: 50/150 batches (33.4%)
  - Batch Acc: 26.56%, Running Acc: 57.75%
Validation progress: 50/150 batches (33.3%)
  - Elapsed: 2.4s, Estimated remaining: 4.6s
Validation: 55/150 batches (36.7%)
  - Batch Acc: 72.66%, Running Acc: 56.59%
Validation progress: 55/150 batches (36.7%)
  - Elapsed: 2.4s, Estimated remaining: 4.0s
Validation: 60/150 batches (40.1%)
  - Batch Acc: 53.91%, Running Acc: 58.39%
Validation progress: 60/150 batches (40.0%)
  - Elapsed: 2.5s, Estimated remaining: 3.6s
Validation: 65/150 batches (43.4%)
  - Batch Acc: 71.09%, Running Acc: 57.87%
Validation progress: 65/150 batches (43.3%)
  - Elapsed: 2.5s, Estimated remaining: 3.2s
Validation: 70/150 batches (46.7%)
  - Batch Acc: 25.00%, Running Acc: 58.02%
Validation progress: 70/150 batches (46.7%)
  - Elapsed: 2.5s, Estimated remaining: 2.8s
Validation: 75/150 batches (50.1%)
  - Batch Acc: 41.41%, Running Acc: 58.57%
Validation progress: 75/150 batches (50.0%)
  - Elapsed: 2.6s, Estimated remaining: 2.5s
Validation: 80/150 batches (53.4%)
  - Batch Acc: 43.75%, Running Acc: 59.33%
Validation progress: 80/150 batches (53.3%)
  - Elapsed: 2.6s, Estimated remaining: 2.2s
Validation: 85/150 batches (56.8%)
  - Batch Acc: 69.53%, Running Acc: 60.63%
Validation progress: 85/150 batches (56.7%)
  - Elapsed: 2.6s, Estimated remaining: 2.0s
Validation: 90/150 batches (60.1%)
  - Batch Acc: 100.00%, Running Acc: 61.04%
Validation progress: 90/150 batches (60.0%)
  - Elapsed: 2.7s, Estimated remaining: 1.7s
Validation: 95/150 batches (63.4%)
  - Batch Acc: 46.09%, Running Acc: 60.87%
Validation progress: 95/150 batches (63.3%)
  - Elapsed: 2.7s, Estimated remaining: 1.5s
Validation: 100/150 batches (66.8%)
  - Batch Acc: 72.66%, Running Acc: 61.37%
Validation progress: 100/150 batches (66.7%)
  - Elapsed: 2.8s, Estimated remaining: 1.3s
Validation: 105/150 batches (70.1%)
  - Batch Acc: 93.75%, Running Acc: 61.68%
Validation progress: 105/150 batches (70.0%)
  - Elapsed: 2.8s, Estimated remaining: 1.2s
Validation: 110/150 batches (73.4%)
  - Batch Acc: 88.28%, Running Acc: 62.76%
Validation progress: 110/150 batches (73.3%)
  - Elapsed: 2.8s, Estimated remaining: 1.0s
Validation: 115/150 batches (76.8%)
  - Batch Acc: 67.19%, Running Acc: 63.42%
Validation progress: 115/150 batches (76.7%)
  - Elapsed: 2.9s, Estimated remaining: 0.8s
Validation: 120/150 batches (80.1%)
  - Batch Acc: 100.00%, Running Acc: 63.40%
Validation progress: 120/150 batches (80.0%)
  - Elapsed: 2.9s, Estimated remaining: 0.7s
Validation: 125/150 batches (83.5%)
  - Batch Acc: 97.66%, Running Acc: 63.52%
Validation progress: 125/150 batches (83.3%)
  - Elapsed: 3.0s, Estimated remaining: 0.6s
Validation: 130/150 batches (86.8%)
  - Batch Acc: 75.00%, Running Acc: 63.34%
Validation progress: 130/150 batches (86.7%)
  - Elapsed: 3.0s, Estimated remaining: 0.4s
Validation: 135/150 batches (90.1%)
  - Batch Acc: 58.59%, Running Acc: 63.64%
Validation progress: 135/150 batches (90.0%)
  - Elapsed: 3.0s, Estimated remaining: 0.3s
Validation: 140/150 batches (93.5%)
  - Batch Acc: 80.47%, Running Acc: 63.24%
Validation progress: 140/150 batches (93.3%)
  - Elapsed: 3.1s, Estimated remaining: 0.2s
Validation: 145/150 batches (96.8%)
  - Batch Acc: 63.28%, Running Acc: 62.75%
Validation progress: 145/150 batches (96.7%)
  - Elapsed: 3.1s, Estimated remaining: 0.1s
Validation: 150/150 batches (100.2%)
  - Batch Acc: 98.98%, Running Acc: 62.86%
Validation complete in 3.57s - Loss: 2.7529, Accuracy: 0.6286

==== Epoch 24/100 ====
Starting training phase...
Training on 76609 samples...
Training: 100/599 batches (16.7%)
  - Batch Acc: 100.00%, Running Acc: 99.99%
  - Loss: 0.0001, Grad Norm: 0.0016
  - Learning Rate: 0.000200
Training: 200/599 batches (33.4%)
  - Batch Acc: 100.00%, Running Acc: 99.93%
  - Loss: 0.0001, Grad Norm: 0.0011
  - Learning Rate: 0.000200
Training: 300/599 batches (50.1%)
  - Batch Acc: 100.00%, Running Acc: 99.94%
  - Loss: 0.0002, Grad Norm: 0.0031
  - Learning Rate: 0.000200
Training: 400/599 batches (66.8%)
  - Batch Acc: 99.22%, Running Acc: 99.94%
  - Loss: 0.0340, Grad Norm: 0.2577
  - Learning Rate: 0.000200
Training: 500/599 batches (83.5%)
  - Batch Acc: 100.00%, Running Acc: 99.95%
  - Loss: 0.0002, Grad Norm: 0.0045
  - Learning Rate: 0.000200
Training: 599/599 batches (100.0%)
  - Batch Acc: 98.46%, Running Acc: 99.95%
  - Loss: 0.0149, Grad Norm: 0.2299
  - Learning Rate: 0.000200

Training phase complete
Epoch Summary:
  - Average Loss: 0.0017
  - Average Accuracy: 99.95%
  - Average Grad Norm: 0.0192
  - Final Learning Rate: 0.000200
Starting validation phase...
Starting validation on 19170 samples...
Entering no_grad block for validation
Validation progress: 0/150 batches (0.0%)
  - Elapsed: 1.9s, Estimated remaining: 0.0s
Validation: 5/150 batches (3.3%)
  - Batch Acc: 24.22%, Running Acc: 58.28%
Validation progress: 5/150 batches (3.3%)
  - Elapsed: 2.0s, Estimated remaining: 47.8s
Validation: 10/150 batches (6.7%)
  - Batch Acc: 79.69%, Running Acc: 62.19%
Validation progress: 10/150 batches (6.7%)
  - Elapsed: 2.1s, Estimated remaining: 26.0s
Validation: 15/150 batches (10.0%)
  - Batch Acc: 19.53%, Running Acc: 54.01%
Validation progress: 15/150 batches (10.0%)
  - Elapsed: 2.1s, Estimated remaining: 17.4s
Validation: 20/150 batches (13.4%)
  - Batch Acc: 45.31%, Running Acc: 53.98%
Validation progress: 20/150 batches (13.3%)
  - Elapsed: 2.1s, Estimated remaining: 13.0s
Validation: 25/150 batches (16.7%)
  - Batch Acc: 82.03%, Running Acc: 55.50%
Validation progress: 25/150 batches (16.7%)
  - Elapsed: 2.2s, Estimated remaining: 10.3s
Validation: 30/150 batches (20.0%)
  - Batch Acc: 30.47%, Running Acc: 54.48%
Validation progress: 30/150 batches (20.0%)
  - Elapsed: 2.2s, Estimated remaining: 8.4s
Validation: 35/150 batches (23.4%)
  - Batch Acc: 98.44%, Running Acc: 58.35%
Validation progress: 35/150 batches (23.3%)
  - Elapsed: 2.2s, Estimated remaining: 7.1s
Validation: 40/150 batches (26.7%)
  - Batch Acc: 81.25%, Running Acc: 58.30%
Validation progress: 40/150 batches (26.7%)
  - Elapsed: 2.3s, Estimated remaining: 6.1s
Validation: 45/150 batches (30.0%)
  - Batch Acc: 80.47%, Running Acc: 59.43%
Validation progress: 45/150 batches (30.0%)
  - Elapsed: 2.3s, Estimated remaining: 5.3s
Validation: 50/150 batches (33.4%)
  - Batch Acc: 31.25%, Running Acc: 58.56%
Validation progress: 50/150 batches (33.3%)
  - Elapsed: 2.4s, Estimated remaining: 4.6s
Validation: 55/150 batches (36.7%)
  - Batch Acc: 67.19%, Running Acc: 57.22%
Validation progress: 55/150 batches (36.7%)
  - Elapsed: 2.4s, Estimated remaining: 4.1s
Validation: 60/150 batches (40.1%)
  - Batch Acc: 57.03%, Running Acc: 58.93%
Validation progress: 60/150 batches (40.0%)
  - Elapsed: 2.5s, Estimated remaining: 3.6s
Validation: 65/150 batches (43.4%)
  - Batch Acc: 65.62%, Running Acc: 58.11%
Validation progress: 65/150 batches (43.3%)
  - Elapsed: 2.5s, Estimated remaining: 3.2s
Validation: 70/150 batches (46.7%)
  - Batch Acc: 23.44%, Running Acc: 57.83%
Validation progress: 70/150 batches (46.7%)
  - Elapsed: 2.6s, Estimated remaining: 2.8s
Validation: 75/150 batches (50.1%)
  - Batch Acc: 44.53%, Running Acc: 57.93%
Validation progress: 75/150 batches (50.0%)
  - Elapsed: 2.6s, Estimated remaining: 2.5s
Validation: 80/150 batches (53.4%)
  - Batch Acc: 29.69%, Running Acc: 58.73%
Validation progress: 80/150 batches (53.3%)
  - Elapsed: 2.6s, Estimated remaining: 2.2s
Validation: 85/150 batches (56.8%)
  - Batch Acc: 56.25%, Running Acc: 58.94%
Validation progress: 85/150 batches (56.7%)
  - Elapsed: 2.7s, Estimated remaining: 2.0s
Validation: 90/150 batches (60.1%)
  - Batch Acc: 100.00%, Running Acc: 59.62%
Validation progress: 90/150 batches (60.0%)
  - Elapsed: 2.7s, Estimated remaining: 1.8s
Validation: 95/150 batches (63.4%)
  - Batch Acc: 67.19%, Running Acc: 59.98%
Validation progress: 95/150 batches (63.3%)
  - Elapsed: 2.8s, Estimated remaining: 1.6s
Validation: 100/150 batches (66.8%)
  - Batch Acc: 85.16%, Running Acc: 60.91%
Validation progress: 100/150 batches (66.7%)
  - Elapsed: 2.8s, Estimated remaining: 1.4s
Validation: 105/150 batches (70.1%)
  - Batch Acc: 82.03%, Running Acc: 61.25%
Validation progress: 105/150 batches (70.0%)
  - Elapsed: 2.8s, Estimated remaining: 1.2s
Validation: 110/150 batches (73.4%)
  - Batch Acc: 85.16%, Running Acc: 62.27%
Validation progress: 110/150 batches (73.3%)
  - Elapsed: 2.9s, Estimated remaining: 1.0s
Validation: 115/150 batches (76.8%)
  - Batch Acc: 53.12%, Running Acc: 62.76%
Validation progress: 115/150 batches (76.7%)
  - Elapsed: 2.9s, Estimated remaining: 0.9s
Validation: 120/150 batches (80.1%)
  - Batch Acc: 92.97%, Running Acc: 62.48%
Validation progress: 120/150 batches (80.0%)
  - Elapsed: 3.0s, Estimated remaining: 0.7s
Validation: 125/150 batches (83.5%)
  - Batch Acc: 89.84%, Running Acc: 62.41%
Validation progress: 125/150 batches (83.3%)
  - Elapsed: 3.0s, Estimated remaining: 0.6s
Validation: 130/150 batches (86.8%)
  - Batch Acc: 76.56%, Running Acc: 62.45%
Validation progress: 130/150 batches (86.7%)
  - Elapsed: 3.0s, Estimated remaining: 0.4s
Validation: 135/150 batches (90.1%)
  - Batch Acc: 50.00%, Running Acc: 62.58%
Validation progress: 135/150 batches (90.0%)
  - Elapsed: 3.1s, Estimated remaining: 0.3s
Validation: 140/150 batches (93.5%)
  - Batch Acc: 84.38%, Running Acc: 62.30%
Validation progress: 140/150 batches (93.3%)
  - Elapsed: 3.1s, Estimated remaining: 0.2s
Validation: 145/150 batches (96.8%)
  - Batch Acc: 58.59%, Running Acc: 61.92%
Validation progress: 145/150 batches (96.7%)
  - Elapsed: 3.2s, Estimated remaining: 0.1s
Validation: 150/150 batches (100.2%)
  - Batch Acc: 100.00%, Running Acc: 62.16%
Validation complete in 3.62s - Loss: 2.6840, Accuracy: 0.6216
Early stopping triggered at epoch 24

==== Fold 4 training complete, evaluating best model ====
Starting final evaluation...
Evaluating 19170 samples across 150 batches
Evaluating batch 1/150
Evaluating batch 8/150
Evaluating batch 15/150
Evaluating batch 22/150
Evaluating batch 29/150
Evaluation: 35/150 batches, Running Acc: 63.62%, Loss: 0.0013
Evaluating batch 36/150
Evaluating batch 43/150
Evaluating batch 50/150
Evaluating batch 57/150
Evaluating batch 64/150
Evaluation: 70/150 batches, Running Acc: 60.38%, Loss: 4.6652
Evaluating batch 71/150
Evaluating batch 78/150
Evaluating batch 85/150
Evaluating batch 92/150
Evaluating batch 99/150
Evaluation: 105/150 batches, Running Acc: 62.95%, Loss: 0.1623
Evaluating batch 106/150
Evaluating batch 113/150
Evaluating batch 120/150
Evaluating batch 127/150
Evaluating batch 134/150
Evaluation: 140/150 batches, Running Acc: 64.81%, Loss: 0.6620
Evaluating batch 141/150
Evaluating batch 148/150
Evaluation: 150/150 batches, Running Acc: 64.40%, Loss: 0.8717
Computing final evaluation metrics
Evaluation complete - Test Loss: 2.3810, Accuracy: 0.6440, F1 Score: 0.6356

==== Starting fold 5/5 ====
Train: 76639 FC vectors, Validation: 19140 FC vectors
Using ReduceLROnPlateau scheduler monitoring validation val_accuracy

==== Epoch 1/100 ====
Starting training phase...
Training on 76639 samples...
Training: 100/599 batches (16.7%)
  - Batch Acc: 84.38%, Running Acc: 69.38%
  - Loss: 0.3887, Grad Norm: 0.9460
  - Learning Rate: 0.001000
Training: 200/599 batches (33.4%)
  - Batch Acc: 91.41%, Running Acc: 79.17%
  - Loss: 0.1983, Grad Norm: 0.7231
  - Learning Rate: 0.001000
Training: 300/599 batches (50.1%)
  - Batch Acc: 96.09%, Running Acc: 84.34%
  - Loss: 0.0986, Grad Norm: 0.5584
  - Learning Rate: 0.001000
Training: 400/599 batches (66.8%)
  - Batch Acc: 97.66%, Running Acc: 87.32%
  - Loss: 0.0907, Grad Norm: 0.5741
  - Learning Rate: 0.001000
Training: 500/599 batches (83.5%)
  - Batch Acc: 96.09%, Running Acc: 89.23%
  - Loss: 0.1005, Grad Norm: 0.6774
  - Learning Rate: 0.001000
Training: 599/599 batches (100.0%)
  - Batch Acc: 100.00%, Running Acc: 90.59%
  - Loss: 0.0126, Grad Norm: 0.1646
  - Learning Rate: 0.001000

Training phase complete
Epoch Summary:
  - Average Loss: 0.2093
  - Average Accuracy: 90.59%
  - Average Grad Norm: 0.7390
  - Final Learning Rate: 0.001000
Starting validation phase...
Starting validation on 19140 samples...
Entering no_grad block for validation
Validation progress: 0/150 batches (0.0%)
  - Elapsed: 1.9s, Estimated remaining: 0.0s
Validation: 5/150 batches (3.3%)
  - Batch Acc: 69.53%, Running Acc: 70.78%
Validation progress: 5/150 batches (3.3%)
  - Elapsed: 2.0s, Estimated remaining: 48.6s
Validation: 10/150 batches (6.7%)
  - Batch Acc: 69.53%, Running Acc: 78.36%
Validation progress: 10/150 batches (6.7%)
  - Elapsed: 2.0s, Estimated remaining: 25.8s
Validation: 15/150 batches (10.0%)
  - Batch Acc: 47.66%, Running Acc: 69.22%
Validation progress: 15/150 batches (10.0%)
  - Elapsed: 2.1s, Estimated remaining: 17.5s
Validation: 20/150 batches (13.4%)
  - Batch Acc: 96.09%, Running Acc: 75.59%
Validation progress: 20/150 batches (13.3%)
  - Elapsed: 2.1s, Estimated remaining: 13.0s
Validation: 25/150 batches (16.7%)
  - Batch Acc: 12.50%, Running Acc: 76.75%
Validation progress: 25/150 batches (16.7%)
  - Elapsed: 2.2s, Estimated remaining: 10.3s
Validation: 30/150 batches (20.1%)
  - Batch Acc: 57.81%, Running Acc: 71.25%
Validation progress: 30/150 batches (20.0%)
  - Elapsed: 2.2s, Estimated remaining: 8.5s
Validation: 35/150 batches (23.4%)
  - Batch Acc: 33.59%, Running Acc: 68.57%
Validation progress: 35/150 batches (23.3%)
  - Elapsed: 2.2s, Estimated remaining: 7.1s
Validation: 40/150 batches (26.8%)
  - Batch Acc: 64.84%, Running Acc: 66.29%
Validation progress: 40/150 batches (26.7%)
  - Elapsed: 2.3s, Estimated remaining: 6.1s
Validation: 45/150 batches (30.1%)
  - Batch Acc: 60.16%, Running Acc: 66.37%
Validation progress: 45/150 batches (30.0%)
  - Elapsed: 2.3s, Estimated remaining: 5.2s
Validation: 50/150 batches (33.4%)
  - Batch Acc: 64.84%, Running Acc: 64.84%
Validation progress: 50/150 batches (33.3%)
  - Elapsed: 2.4s, Estimated remaining: 4.6s
Validation: 55/150 batches (36.8%)
  - Batch Acc: 64.06%, Running Acc: 64.97%
Validation progress: 55/150 batches (36.7%)
  - Elapsed: 2.4s, Estimated remaining: 4.0s
Validation: 60/150 batches (40.1%)
  - Batch Acc: 85.16%, Running Acc: 65.53%
Validation progress: 60/150 batches (40.0%)
  - Elapsed: 2.4s, Estimated remaining: 3.6s
Validation: 65/150 batches (43.5%)
  - Batch Acc: 69.53%, Running Acc: 67.54%
Validation progress: 65/150 batches (43.3%)
  - Elapsed: 2.5s, Estimated remaining: 3.2s
Validation: 70/150 batches (46.8%)
  - Batch Acc: 28.12%, Running Acc: 67.41%
Validation progress: 70/150 batches (46.7%)
  - Elapsed: 2.5s, Estimated remaining: 2.8s
Validation: 75/150 batches (50.2%)
  - Batch Acc: 36.72%, Running Acc: 66.20%
Validation progress: 75/150 batches (50.0%)
  - Elapsed: 2.6s, Estimated remaining: 2.5s
Validation: 80/150 batches (53.5%)
  - Batch Acc: 98.44%, Running Acc: 65.99%
Validation progress: 80/150 batches (53.3%)
  - Elapsed: 2.6s, Estimated remaining: 2.2s
Validation: 85/150 batches (56.8%)
  - Batch Acc: 57.03%, Running Acc: 66.76%
Validation progress: 85/150 batches (56.7%)
  - Elapsed: 2.6s, Estimated remaining: 2.0s
Validation: 90/150 batches (60.2%)
  - Batch Acc: 75.78%, Running Acc: 64.82%
Validation progress: 90/150 batches (60.0%)
  - Elapsed: 2.7s, Estimated remaining: 1.7s
Validation: 95/150 batches (63.5%)
  - Batch Acc: 7.03%, Running Acc: 63.30%
Validation progress: 95/150 batches (63.3%)
  - Elapsed: 2.7s, Estimated remaining: 1.5s
Validation: 100/150 batches (66.9%)
  - Batch Acc: 25.78%, Running Acc: 61.58%
Validation progress: 100/150 batches (66.7%)
  - Elapsed: 2.8s, Estimated remaining: 1.3s
Validation: 105/150 batches (70.2%)
  - Batch Acc: 100.00%, Running Acc: 61.29%
Validation progress: 105/150 batches (70.0%)
  - Elapsed: 2.8s, Estimated remaining: 1.2s
Validation: 110/150 batches (73.6%)
  - Batch Acc: 86.72%, Running Acc: 62.76%
Validation progress: 110/150 batches (73.3%)
  - Elapsed: 2.8s, Estimated remaining: 1.0s
Validation: 115/150 batches (76.9%)
  - Batch Acc: 84.38%, Running Acc: 63.61%
Validation progress: 115/150 batches (76.7%)
  - Elapsed: 2.9s, Estimated remaining: 0.8s
Validation: 120/150 batches (80.3%)
  - Batch Acc: 100.00%, Running Acc: 64.56%
Validation progress: 120/150 batches (80.0%)
  - Elapsed: 2.9s, Estimated remaining: 0.7s
Validation: 125/150 batches (83.6%)
  - Batch Acc: 92.97%, Running Acc: 64.65%
Validation progress: 125/150 batches (83.3%)
  - Elapsed: 2.9s, Estimated remaining: 0.6s
Validation: 130/150 batches (86.9%)
  - Batch Acc: 24.22%, Running Acc: 64.84%
Validation progress: 130/150 batches (86.7%)
  - Elapsed: 3.0s, Estimated remaining: 0.4s
Validation: 135/150 batches (90.3%)
  - Batch Acc: 85.16%, Running Acc: 64.94%
Validation progress: 135/150 batches (90.0%)
  - Elapsed: 3.0s, Estimated remaining: 0.3s
Validation: 140/150 batches (93.6%)
  - Batch Acc: 54.69%, Running Acc: 64.94%
Validation progress: 140/150 batches (93.3%)
  - Elapsed: 3.1s, Estimated remaining: 0.2s
Validation: 145/150 batches (97.0%)
  - Batch Acc: 19.53%, Running Acc: 64.95%
Validation progress: 145/150 batches (96.7%)
  - Elapsed: 3.1s, Estimated remaining: 0.1s
Validation: 150/150 batches (100.3%)
  - Batch Acc: 88.24%, Running Acc: 64.98%
Validation complete in 3.57s - Loss: 1.4212, Accuracy: 0.6498

==== Epoch 2/100 ====
Starting training phase...
Training on 76639 samples...
Training: 100/599 batches (16.7%)
  - Batch Acc: 99.22%, Running Acc: 97.89%
  - Loss: 0.0327, Grad Norm: 0.3168
  - Learning Rate: 0.001000
Training: 200/599 batches (33.4%)
  - Batch Acc: 96.09%, Running Acc: 97.86%
  - Loss: 0.0818, Grad Norm: 0.7039
  - Learning Rate: 0.001000
Training: 300/599 batches (50.1%)
  - Batch Acc: 98.44%, Running Acc: 98.01%
  - Loss: 0.0280, Grad Norm: 0.3216
  - Learning Rate: 0.001000
Training: 400/599 batches (66.8%)
  - Batch Acc: 98.44%, Running Acc: 98.21%
  - Loss: 0.0314, Grad Norm: 0.4795
  - Learning Rate: 0.001000
Training: 500/599 batches (83.5%)
  - Batch Acc: 98.44%, Running Acc: 98.21%
  - Loss: 0.0409, Grad Norm: 0.3448
  - Learning Rate: 0.001000
Training: 599/599 batches (100.0%)
  - Batch Acc: 96.84%, Running Acc: 98.31%
  - Loss: 0.0973, Grad Norm: 0.7022
  - Learning Rate: 0.001000

Training phase complete
Epoch Summary:
  - Average Loss: 0.0459
  - Average Accuracy: 98.31%
  - Average Grad Norm: 0.3556
  - Final Learning Rate: 0.001000
Starting validation phase...
Starting validation on 19140 samples...
Entering no_grad block for validation
Validation progress: 0/150 batches (0.0%)
  - Elapsed: 1.9s, Estimated remaining: 0.0s
Validation: 5/150 batches (3.3%)
  - Batch Acc: 69.53%, Running Acc: 70.94%
Validation progress: 5/150 batches (3.3%)
  - Elapsed: 2.0s, Estimated remaining: 47.7s
Validation: 10/150 batches (6.7%)
  - Batch Acc: 48.44%, Running Acc: 76.33%
Validation progress: 10/150 batches (6.7%)
  - Elapsed: 2.0s, Estimated remaining: 25.9s
Validation: 15/150 batches (10.0%)
  - Batch Acc: 57.81%, Running Acc: 66.72%
Validation progress: 15/150 batches (10.0%)
  - Elapsed: 2.1s, Estimated remaining: 17.4s
Validation: 20/150 batches (13.4%)
  - Batch Acc: 92.97%, Running Acc: 72.11%
Validation progress: 20/150 batches (13.3%)
  - Elapsed: 2.1s, Estimated remaining: 13.1s
Validation: 25/150 batches (16.7%)
  - Batch Acc: 14.84%, Running Acc: 71.09%
Validation progress: 25/150 batches (16.7%)
  - Elapsed: 2.2s, Estimated remaining: 10.4s
Validation: 30/150 batches (20.1%)
  - Batch Acc: 36.72%, Running Acc: 67.94%
Validation progress: 30/150 batches (20.0%)
  - Elapsed: 2.2s, Estimated remaining: 8.5s
Validation: 35/150 batches (23.4%)
  - Batch Acc: 66.41%, Running Acc: 68.86%
Validation progress: 35/150 batches (23.3%)
  - Elapsed: 2.3s, Estimated remaining: 7.1s
Validation: 40/150 batches (26.8%)
  - Batch Acc: 78.91%, Running Acc: 69.26%
Validation progress: 40/150 batches (26.7%)
  - Elapsed: 2.3s, Estimated remaining: 6.1s
Validation: 45/150 batches (30.1%)
  - Batch Acc: 62.50%, Running Acc: 69.44%
Validation progress: 45/150 batches (30.0%)
  - Elapsed: 2.3s, Estimated remaining: 5.3s
Validation: 50/150 batches (33.4%)
  - Batch Acc: 51.56%, Running Acc: 67.48%
Validation progress: 50/150 batches (33.3%)
  - Elapsed: 2.4s, Estimated remaining: 4.6s
Validation: 55/150 batches (36.8%)
  - Batch Acc: 38.28%, Running Acc: 66.14%
Validation progress: 55/150 batches (36.7%)
  - Elapsed: 2.4s, Estimated remaining: 4.0s
Validation: 60/150 batches (40.1%)
  - Batch Acc: 79.69%, Running Acc: 65.83%
Validation progress: 60/150 batches (40.0%)
  - Elapsed: 2.4s, Estimated remaining: 3.6s
Validation: 65/150 batches (43.5%)
  - Batch Acc: 64.84%, Running Acc: 67.69%
Validation progress: 65/150 batches (43.3%)
  - Elapsed: 2.5s, Estimated remaining: 3.2s
Validation: 70/150 batches (46.8%)
  - Batch Acc: 38.28%, Running Acc: 67.04%
Validation progress: 70/150 batches (46.7%)
  - Elapsed: 2.5s, Estimated remaining: 2.8s
Validation: 75/150 batches (50.2%)
  - Batch Acc: 59.38%, Running Acc: 65.10%
Validation progress: 75/150 batches (50.0%)
  - Elapsed: 2.6s, Estimated remaining: 2.5s
Validation: 80/150 batches (53.5%)
  - Batch Acc: 94.53%, Running Acc: 65.56%
Validation progress: 80/150 batches (53.3%)
  - Elapsed: 2.6s, Estimated remaining: 2.2s
Validation: 85/150 batches (56.8%)
  - Batch Acc: 35.16%, Running Acc: 65.49%
Validation progress: 85/150 batches (56.7%)
  - Elapsed: 2.6s, Estimated remaining: 2.0s
Validation: 90/150 batches (60.2%)
  - Batch Acc: 46.88%, Running Acc: 63.64%
Validation progress: 90/150 batches (60.0%)
  - Elapsed: 2.7s, Estimated remaining: 1.7s
Validation: 95/150 batches (63.5%)
  - Batch Acc: 28.91%, Running Acc: 63.45%
Validation progress: 95/150 batches (63.3%)
  - Elapsed: 2.7s, Estimated remaining: 1.5s
Validation: 100/150 batches (66.9%)
  - Batch Acc: 21.88%, Running Acc: 61.77%
Validation progress: 100/150 batches (66.7%)
  - Elapsed: 2.8s, Estimated remaining: 1.3s
Validation: 105/150 batches (70.2%)
  - Batch Acc: 100.00%, Running Acc: 61.37%
Validation progress: 105/150 batches (70.0%)
  - Elapsed: 2.8s, Estimated remaining: 1.2s
Validation: 110/150 batches (73.6%)
  - Batch Acc: 82.03%, Running Acc: 62.12%
Validation progress: 110/150 batches (73.3%)
  - Elapsed: 2.8s, Estimated remaining: 1.0s
Validation: 115/150 batches (76.9%)
  - Batch Acc: 84.38%, Running Acc: 62.22%
Validation progress: 115/150 batches (76.7%)
  - Elapsed: 2.9s, Estimated remaining: 0.8s
Validation: 120/150 batches (80.3%)
  - Batch Acc: 100.00%, Running Acc: 63.07%
Validation progress: 120/150 batches (80.0%)
  - Elapsed: 2.9s, Estimated remaining: 0.7s
Validation: 125/150 batches (83.6%)
  - Batch Acc: 100.00%, Running Acc: 63.10%
Validation progress: 125/150 batches (83.3%)
  - Elapsed: 3.0s, Estimated remaining: 0.6s
Validation: 130/150 batches (86.9%)
  - Batch Acc: 24.22%, Running Acc: 63.23%
Validation progress: 130/150 batches (86.7%)
  - Elapsed: 3.0s, Estimated remaining: 0.4s
Validation: 135/150 batches (90.3%)
  - Batch Acc: 64.84%, Running Acc: 63.37%
Validation progress: 135/150 batches (90.0%)
  - Elapsed: 3.0s, Estimated remaining: 0.3s
Validation: 140/150 batches (93.6%)
  - Batch Acc: 54.69%, Running Acc: 63.43%
Validation progress: 140/150 batches (93.3%)
  - Elapsed: 3.1s, Estimated remaining: 0.2s
Validation: 145/150 batches (97.0%)
  - Batch Acc: 15.62%, Running Acc: 63.44%
Validation progress: 145/150 batches (96.7%)
  - Elapsed: 3.1s, Estimated remaining: 0.1s
Validation: 150/150 batches (100.3%)
  - Batch Acc: 97.06%, Running Acc: 63.44%
Validation complete in 3.57s - Loss: 1.6793, Accuracy: 0.6344

==== Epoch 3/100 ====
Starting training phase...
Training on 76639 samples...
Training: 100/599 batches (16.7%)
  - Batch Acc: 99.22%, Running Acc: 98.34%
  - Loss: 0.0252, Grad Norm: 0.2367
  - Learning Rate: 0.001000
Training: 200/599 batches (33.4%)
  - Batch Acc: 100.00%, Running Acc: 98.70%
  - Loss: 0.0104, Grad Norm: 0.1214
  - Learning Rate: 0.001000
Training: 300/599 batches (50.1%)
  - Batch Acc: 100.00%, Running Acc: 98.75%
  - Loss: 0.0115, Grad Norm: 0.1803
  - Learning Rate: 0.001000
Training: 400/599 batches (66.8%)
  - Batch Acc: 98.44%, Running Acc: 98.79%
  - Loss: 0.0298, Grad Norm: 0.3107
  - Learning Rate: 0.001000
Training: 500/599 batches (83.5%)
  - Batch Acc: 100.00%, Running Acc: 98.86%
  - Loss: 0.0094, Grad Norm: 0.0881
  - Learning Rate: 0.001000
Training: 599/599 batches (100.0%)
  - Batch Acc: 96.84%, Running Acc: 98.89%
  - Loss: 0.0484, Grad Norm: 0.5601
  - Learning Rate: 0.001000

Training phase complete
Epoch Summary:
  - Average Loss: 0.0305
  - Average Accuracy: 98.89%
  - Average Grad Norm: 0.2652
  - Final Learning Rate: 0.001000
Starting validation phase...
Starting validation on 19140 samples...
Entering no_grad block for validation
Validation progress: 0/150 batches (0.0%)
  - Elapsed: 1.9s, Estimated remaining: 0.0s
Validation: 5/150 batches (3.3%)
  - Batch Acc: 82.03%, Running Acc: 65.31%
Validation progress: 5/150 batches (3.3%)
  - Elapsed: 2.0s, Estimated remaining: 48.7s
Validation: 10/150 batches (6.7%)
  - Batch Acc: 65.62%, Running Acc: 76.80%
Validation progress: 10/150 batches (6.7%)
  - Elapsed: 2.0s, Estimated remaining: 25.9s
Validation: 15/150 batches (10.0%)
  - Batch Acc: 46.88%, Running Acc: 68.02%
Validation progress: 15/150 batches (10.0%)
  - Elapsed: 2.1s, Estimated remaining: 17.5s
Validation: 20/150 batches (13.4%)
  - Batch Acc: 93.75%, Running Acc: 74.22%
Validation progress: 20/150 batches (13.3%)
  - Elapsed: 2.1s, Estimated remaining: 13.2s
Validation: 25/150 batches (16.7%)
  - Batch Acc: 12.50%, Running Acc: 74.94%
Validation progress: 25/150 batches (16.7%)
  - Elapsed: 2.2s, Estimated remaining: 10.4s
Validation: 30/150 batches (20.1%)
  - Batch Acc: 74.22%, Running Acc: 70.70%
Validation progress: 30/150 batches (20.0%)
  - Elapsed: 2.2s, Estimated remaining: 8.5s
Validation: 35/150 batches (23.4%)
  - Batch Acc: 32.81%, Running Acc: 68.33%
Validation progress: 35/150 batches (23.3%)
  - Elapsed: 2.3s, Estimated remaining: 7.1s
Validation: 40/150 batches (26.8%)
  - Batch Acc: 71.88%, Running Acc: 66.45%
Validation progress: 40/150 batches (26.7%)
  - Elapsed: 2.3s, Estimated remaining: 6.1s
Validation: 45/150 batches (30.1%)
  - Batch Acc: 67.97%, Running Acc: 66.86%
Validation progress: 45/150 batches (30.0%)
  - Elapsed: 2.3s, Estimated remaining: 5.3s
Validation: 50/150 batches (33.4%)
  - Batch Acc: 49.22%, Running Acc: 64.80%
Validation progress: 50/150 batches (33.3%)
  - Elapsed: 2.4s, Estimated remaining: 4.6s
Validation: 55/150 batches (36.8%)
  - Batch Acc: 57.03%, Running Acc: 64.70%
Validation progress: 55/150 batches (36.7%)
  - Elapsed: 2.4s, Estimated remaining: 4.0s
Validation: 60/150 batches (40.1%)
  - Batch Acc: 95.31%, Running Acc: 65.69%
Validation progress: 60/150 batches (40.0%)
  - Elapsed: 2.4s, Estimated remaining: 3.6s
Validation: 65/150 batches (43.5%)
  - Batch Acc: 64.06%, Running Acc: 67.62%
Validation progress: 65/150 batches (43.3%)
  - Elapsed: 2.5s, Estimated remaining: 3.2s
Validation: 70/150 batches (46.8%)
  - Batch Acc: 46.88%, Running Acc: 67.81%
Validation progress: 70/150 batches (46.7%)
  - Elapsed: 2.5s, Estimated remaining: 2.8s
Validation: 75/150 batches (50.2%)
  - Batch Acc: 44.53%, Running Acc: 66.33%
Validation progress: 75/150 batches (50.0%)
  - Elapsed: 2.6s, Estimated remaining: 2.5s
Validation: 80/150 batches (53.5%)
  - Batch Acc: 100.00%, Running Acc: 66.47%
Validation progress: 80/150 batches (53.3%)
  - Elapsed: 2.6s, Estimated remaining: 2.2s
Validation: 85/150 batches (56.8%)
  - Batch Acc: 58.59%, Running Acc: 66.96%
Validation progress: 85/150 batches (56.7%)
  - Elapsed: 2.6s, Estimated remaining: 2.0s
Validation: 90/150 batches (60.2%)
  - Batch Acc: 29.69%, Running Acc: 64.30%
Validation progress: 90/150 batches (60.0%)
  - Elapsed: 2.7s, Estimated remaining: 1.7s
Validation: 95/150 batches (63.5%)
  - Batch Acc: 3.91%, Running Acc: 63.07%
Validation progress: 95/150 batches (63.3%)
  - Elapsed: 2.7s, Estimated remaining: 1.5s
Validation: 100/150 batches (66.9%)
  - Batch Acc: 9.38%, Running Acc: 61.05%
Validation progress: 100/150 batches (66.7%)
  - Elapsed: 2.7s, Estimated remaining: 1.3s
Validation: 105/150 batches (70.2%)
  - Batch Acc: 100.00%, Running Acc: 60.51%
Validation progress: 105/150 batches (70.0%)
  - Elapsed: 2.8s, Estimated remaining: 1.2s
Validation: 110/150 batches (73.6%)
  - Batch Acc: 89.06%, Running Acc: 62.14%
Validation progress: 110/150 batches (73.3%)
  - Elapsed: 2.8s, Estimated remaining: 1.0s
Validation: 115/150 batches (76.9%)
  - Batch Acc: 84.38%, Running Acc: 62.95%
Validation progress: 115/150 batches (76.7%)
  - Elapsed: 2.9s, Estimated remaining: 0.8s
Validation: 120/150 batches (80.3%)
  - Batch Acc: 100.00%, Running Acc: 64.00%
Validation progress: 120/150 batches (80.0%)
  - Elapsed: 2.9s, Estimated remaining: 0.7s
Validation: 125/150 batches (83.6%)
  - Batch Acc: 100.00%, Running Acc: 64.69%
Validation progress: 125/150 batches (83.3%)
  - Elapsed: 2.9s, Estimated remaining: 0.6s
Validation: 130/150 batches (86.9%)
  - Batch Acc: 40.62%, Running Acc: 64.87%
Validation progress: 130/150 batches (86.7%)
  - Elapsed: 3.0s, Estimated remaining: 0.4s
Validation: 135/150 batches (90.3%)
  - Batch Acc: 79.69%, Running Acc: 64.82%
Validation progress: 135/150 batches (90.0%)
  - Elapsed: 3.0s, Estimated remaining: 0.3s
Validation: 140/150 batches (93.6%)
  - Batch Acc: 60.94%, Running Acc: 64.85%
Validation progress: 140/150 batches (93.3%)
  - Elapsed: 3.1s, Estimated remaining: 0.2s
Validation: 145/150 batches (97.0%)
  - Batch Acc: 15.62%, Running Acc: 64.80%
Validation progress: 145/150 batches (96.7%)
  - Elapsed: 3.1s, Estimated remaining: 0.1s
Validation: 150/150 batches (100.3%)
  - Batch Acc: 100.00%, Running Acc: 64.78%
Validation complete in 3.56s - Loss: 1.9740, Accuracy: 0.6478

==== Epoch 4/100 ====
Starting training phase...
Training on 76639 samples...
Training: 100/599 batches (16.7%)
  - Batch Acc: 99.22%, Running Acc: 99.35%
  - Loss: 0.0100, Grad Norm: 0.1694
  - Learning Rate: 0.001000
Training: 200/599 batches (33.4%)
  - Batch Acc: 100.00%, Running Acc: 99.28%
  - Loss: 0.0108, Grad Norm: 0.1351
  - Learning Rate: 0.001000
Training: 300/599 batches (50.1%)
  - Batch Acc: 99.22%, Running Acc: 99.21%
  - Loss: 0.0126, Grad Norm: 0.1348
  - Learning Rate: 0.001000
Training: 400/599 batches (66.8%)
  - Batch Acc: 100.00%, Running Acc: 99.16%
  - Loss: 0.0038, Grad Norm: 0.0345
  - Learning Rate: 0.001000
Training: 500/599 batches (83.5%)
  - Batch Acc: 100.00%, Running Acc: 99.21%
  - Loss: 0.0037, Grad Norm: 0.0357
  - Learning Rate: 0.001000
Training: 599/599 batches (100.0%)
  - Batch Acc: 98.95%, Running Acc: 99.23%
  - Loss: 0.0120, Grad Norm: 0.2095
  - Learning Rate: 0.001000

Training phase complete
Epoch Summary:
  - Average Loss: 0.0218
  - Average Accuracy: 99.23%
  - Average Grad Norm: 0.2162
  - Final Learning Rate: 0.001000
Starting validation phase...
Starting validation on 19140 samples...
Entering no_grad block for validation
Validation progress: 0/150 batches (0.0%)
  - Elapsed: 1.9s, Estimated remaining: 0.0s
Validation: 5/150 batches (3.3%)
  - Batch Acc: 61.72%, Running Acc: 80.62%
Validation progress: 5/150 batches (3.3%)
  - Elapsed: 2.0s, Estimated remaining: 48.0s
Validation: 10/150 batches (6.7%)
  - Batch Acc: 15.62%, Running Acc: 65.55%
Validation progress: 10/150 batches (6.7%)
  - Elapsed: 2.0s, Estimated remaining: 25.8s
Validation: 15/150 batches (10.0%)
  - Batch Acc: 45.31%, Running Acc: 58.65%
Validation progress: 15/150 batches (10.0%)
  - Elapsed: 2.1s, Estimated remaining: 17.3s
Validation: 20/150 batches (13.4%)
  - Batch Acc: 59.38%, Running Acc: 63.87%
Validation progress: 20/150 batches (13.3%)
  - Elapsed: 2.1s, Estimated remaining: 12.9s
Validation: 25/150 batches (16.7%)
  - Batch Acc: 22.66%, Running Acc: 57.53%
Validation progress: 25/150 batches (16.7%)
  - Elapsed: 2.2s, Estimated remaining: 10.3s
Validation: 30/150 batches (20.1%)
  - Batch Acc: 10.16%, Running Acc: 57.71%
Validation progress: 30/150 batches (20.0%)
  - Elapsed: 2.2s, Estimated remaining: 8.4s
Validation: 35/150 batches (23.4%)
  - Batch Acc: 75.00%, Running Acc: 62.32%
Validation progress: 35/150 batches (23.3%)
  - Elapsed: 2.2s, Estimated remaining: 7.1s
Validation: 40/150 batches (26.8%)
  - Batch Acc: 97.66%, Running Acc: 66.43%
Validation progress: 40/150 batches (26.7%)
  - Elapsed: 2.3s, Estimated remaining: 6.0s
Validation: 45/150 batches (30.1%)
  - Batch Acc: 96.88%, Running Acc: 69.43%
Validation progress: 45/150 batches (30.0%)
  - Elapsed: 2.3s, Estimated remaining: 5.2s
Validation: 50/150 batches (33.4%)
  - Batch Acc: 13.28%, Running Acc: 68.17%
Validation progress: 50/150 batches (33.3%)
  - Elapsed: 2.4s, Estimated remaining: 4.6s
Validation: 55/150 batches (36.8%)
  - Batch Acc: 3.12%, Running Acc: 63.57%
Validation progress: 55/150 batches (36.7%)
  - Elapsed: 2.4s, Estimated remaining: 4.0s
Validation: 60/150 batches (40.1%)
  - Batch Acc: 39.06%, Running Acc: 61.54%
Validation progress: 60/150 batches (40.0%)
  - Elapsed: 2.4s, Estimated remaining: 3.6s
Validation: 65/150 batches (43.5%)
  - Batch Acc: 63.28%, Running Acc: 62.64%
Validation progress: 65/150 batches (43.3%)
  - Elapsed: 2.5s, Estimated remaining: 3.2s
Validation: 70/150 batches (46.8%)
  - Batch Acc: 9.38%, Running Acc: 59.45%
Validation progress: 70/150 batches (46.7%)
  - Elapsed: 2.5s, Estimated remaining: 2.8s
Validation: 75/150 batches (50.2%)
  - Batch Acc: 97.66%, Running Acc: 58.98%
Validation progress: 75/150 batches (50.0%)
  - Elapsed: 2.6s, Estimated remaining: 2.5s
Validation: 80/150 batches (53.5%)
  - Batch Acc: 67.97%, Running Acc: 59.86%
Validation progress: 80/150 batches (53.3%)
  - Elapsed: 2.6s, Estimated remaining: 2.2s
Validation: 85/150 batches (56.8%)
  - Batch Acc: 40.62%, Running Acc: 57.98%
Validation progress: 85/150 batches (56.7%)
  - Elapsed: 2.6s, Estimated remaining: 2.0s
Validation: 90/150 batches (60.2%)
  - Batch Acc: 82.03%, Running Acc: 58.49%
Validation progress: 90/150 batches (60.0%)
  - Elapsed: 2.7s, Estimated remaining: 1.7s
Validation: 95/150 batches (63.5%)
  - Batch Acc: 100.00%, Running Acc: 60.15%
Validation progress: 95/150 batches (63.3%)
  - Elapsed: 2.7s, Estimated remaining: 1.5s
Validation: 100/150 batches (66.9%)
  - Batch Acc: 61.72%, Running Acc: 59.97%
Validation progress: 100/150 batches (66.7%)
  - Elapsed: 2.7s, Estimated remaining: 1.3s
Validation: 105/150 batches (70.2%)
  - Batch Acc: 98.44%, Running Acc: 60.28%
Validation progress: 105/150 batches (70.0%)
  - Elapsed: 2.8s, Estimated remaining: 1.2s
Validation: 110/150 batches (73.6%)
  - Batch Acc: 69.53%, Running Acc: 60.21%
Validation progress: 110/150 batches (73.3%)
  - Elapsed: 2.8s, Estimated remaining: 1.0s
Validation: 115/150 batches (76.9%)
  - Batch Acc: 21.09%, Running Acc: 58.99%
Validation progress: 115/150 batches (76.7%)
  - Elapsed: 2.9s, Estimated remaining: 0.8s
Validation: 120/150 batches (80.3%)
  - Batch Acc: 77.34%, Running Acc: 58.82%
Validation progress: 120/150 batches (80.0%)
  - Elapsed: 2.9s, Estimated remaining: 0.7s
Validation: 125/150 batches (83.6%)
  - Batch Acc: 50.00%, Running Acc: 57.64%
Validation progress: 125/150 batches (83.3%)
  - Elapsed: 2.9s, Estimated remaining: 0.6s
Validation: 130/150 batches (86.9%)
  - Batch Acc: 79.69%, Running Acc: 58.75%
Validation progress: 130/150 batches (86.7%)
  - Elapsed: 3.0s, Estimated remaining: 0.4s
Validation: 135/150 batches (90.3%)
  - Batch Acc: 30.47%, Running Acc: 58.15%
Validation progress: 135/150 batches (90.0%)
  - Elapsed: 3.0s, Estimated remaining: 0.3s
Validation: 140/150 batches (93.6%)
  - Batch Acc: 85.94%, Running Acc: 58.86%
Validation progress: 140/150 batches (93.3%)
  - Elapsed: 3.0s, Estimated remaining: 0.2s
Validation: 145/150 batches (97.0%)
  - Batch Acc: 15.62%, Running Acc: 58.49%
Validation progress: 145/150 batches (96.7%)
  - Elapsed: 3.1s, Estimated remaining: 0.1s
Validation: 150/150 batches (100.3%)
  - Batch Acc: 86.76%, Running Acc: 58.49%
Validation complete in 3.54s - Loss: 2.4320, Accuracy: 0.5849

==== Epoch 5/100 ====
Starting training phase...
Training on 76639 samples...
Training: 100/599 batches (16.7%)
  - Batch Acc: 98.44%, Running Acc: 99.27%
  - Loss: 0.0386, Grad Norm: 0.3810
  - Learning Rate: 0.001000
Training: 200/599 batches (33.4%)
  - Batch Acc: 98.44%, Running Acc: 99.14%
  - Loss: 0.0250, Grad Norm: 0.2745
  - Learning Rate: 0.001000
Training: 300/599 batches (50.1%)
  - Batch Acc: 99.22%, Running Acc: 99.17%
  - Loss: 0.0216, Grad Norm: 0.1108
  - Learning Rate: 0.001000
Training: 400/599 batches (66.8%)
  - Batch Acc: 100.00%, Running Acc: 99.26%
  - Loss: 0.0051, Grad Norm: 0.0771
  - Learning Rate: 0.001000
Training: 500/599 batches (83.5%)
  - Batch Acc: 99.22%, Running Acc: 99.30%
  - Loss: 0.0171, Grad Norm: 0.1609
  - Learning Rate: 0.001000
Training: 599/599 batches (100.0%)
  - Batch Acc: 98.95%, Running Acc: 99.31%
  - Loss: 0.0118, Grad Norm: 0.2576
  - Learning Rate: 0.001000

Training phase complete
Epoch Summary:
  - Average Loss: 0.0193
  - Average Accuracy: 99.31%
  - Average Grad Norm: 0.1854
  - Final Learning Rate: 0.001000
Starting validation phase...
Starting validation on 19140 samples...
Entering no_grad block for validation
Validation progress: 0/150 batches (0.0%)
  - Elapsed: 2.0s, Estimated remaining: 0.0s
Validation: 5/150 batches (3.3%)
  - Batch Acc: 85.94%, Running Acc: 70.94%
Validation progress: 5/150 batches (3.3%)
  - Elapsed: 2.0s, Estimated remaining: 48.2s
Validation: 10/150 batches (6.7%)
  - Batch Acc: 63.28%, Running Acc: 77.27%
Validation progress: 10/150 batches (6.7%)
  - Elapsed: 2.1s, Estimated remaining: 26.1s
Validation: 15/150 batches (10.0%)
  - Batch Acc: 46.88%, Running Acc: 68.02%
Validation progress: 15/150 batches (10.0%)
  - Elapsed: 2.1s, Estimated remaining: 17.4s
Validation: 20/150 batches (13.4%)
  - Batch Acc: 82.81%, Running Acc: 72.77%
Validation progress: 20/150 batches (13.3%)
  - Elapsed: 2.1s, Estimated remaining: 13.0s
Validation: 25/150 batches (16.7%)
  - Batch Acc: 7.81%, Running Acc: 69.03%
Validation progress: 25/150 batches (16.7%)
  - Elapsed: 2.2s, Estimated remaining: 10.3s
Validation: 30/150 batches (20.1%)
  - Batch Acc: 45.31%, Running Acc: 66.12%
Validation progress: 30/150 batches (20.0%)
  - Elapsed: 2.2s, Estimated remaining: 8.4s
Validation: 35/150 batches (23.4%)
  - Batch Acc: 53.91%, Running Acc: 66.70%
Validation progress: 35/150 batches (23.3%)
  - Elapsed: 2.2s, Estimated remaining: 7.0s
Validation: 40/150 batches (26.8%)
  - Batch Acc: 79.69%, Running Acc: 68.52%
Validation progress: 40/150 batches (26.7%)
  - Elapsed: 2.3s, Estimated remaining: 6.0s
Validation: 45/150 batches (30.1%)
  - Batch Acc: 75.00%, Running Acc: 69.32%
Validation progress: 45/150 batches (30.0%)
  - Elapsed: 2.3s, Estimated remaining: 5.2s
Validation: 50/150 batches (33.4%)
  - Batch Acc: 42.19%, Running Acc: 67.03%
Validation progress: 50/150 batches (33.3%)
  - Elapsed: 2.3s, Estimated remaining: 4.5s
Validation: 55/150 batches (36.8%)
  - Batch Acc: 50.00%, Running Acc: 65.37%
Validation progress: 55/150 batches (36.7%)
  - Elapsed: 2.4s, Estimated remaining: 4.0s
Validation: 60/150 batches (40.1%)
  - Batch Acc: 68.75%, Running Acc: 64.51%
Validation progress: 60/150 batches (40.0%)
  - Elapsed: 2.4s, Estimated remaining: 3.5s
Validation: 65/150 batches (43.5%)
  - Batch Acc: 65.62%, Running Acc: 65.96%
Validation progress: 65/150 batches (43.3%)
  - Elapsed: 2.5s, Estimated remaining: 3.1s
Validation: 70/150 batches (46.8%)
  - Batch Acc: 36.72%, Running Acc: 65.02%
Validation progress: 70/150 batches (46.7%)
  - Elapsed: 2.5s, Estimated remaining: 2.8s
Validation: 75/150 batches (50.2%)
  - Batch Acc: 60.94%, Running Acc: 63.49%
Validation progress: 75/150 batches (50.0%)
  - Elapsed: 2.5s, Estimated remaining: 2.5s
Validation: 80/150 batches (53.5%)
  - Batch Acc: 91.41%, Running Acc: 64.30%
Validation progress: 80/150 batches (53.3%)
  - Elapsed: 2.6s, Estimated remaining: 2.2s
Validation: 85/150 batches (56.8%)
  - Batch Acc: 32.81%, Running Acc: 63.52%
Validation progress: 85/150 batches (56.7%)
  - Elapsed: 2.6s, Estimated remaining: 2.0s
Validation: 90/150 batches (60.2%)
  - Batch Acc: 25.78%, Running Acc: 61.35%
Validation progress: 90/150 batches (60.0%)
  - Elapsed: 2.7s, Estimated remaining: 1.7s
Validation: 95/150 batches (63.5%)
  - Batch Acc: 82.81%, Running Acc: 62.34%
Validation progress: 95/150 batches (63.3%)
  - Elapsed: 2.7s, Estimated remaining: 1.5s
Validation: 100/150 batches (66.9%)
  - Batch Acc: 19.53%, Running Acc: 60.66%
Validation progress: 100/150 batches (66.7%)
  - Elapsed: 2.8s, Estimated remaining: 1.3s
Validation: 105/150 batches (70.2%)
  - Batch Acc: 100.00%, Running Acc: 60.10%
Validation progress: 105/150 batches (70.0%)
  - Elapsed: 2.8s, Estimated remaining: 1.2s
Validation: 110/150 batches (73.6%)
  - Batch Acc: 81.25%, Running Acc: 61.29%
Validation progress: 110/150 batches (73.3%)
  - Elapsed: 2.9s, Estimated remaining: 1.0s
Validation: 115/150 batches (76.9%)
  - Batch Acc: 84.38%, Running Acc: 61.48%
Validation progress: 115/150 batches (76.7%)
  - Elapsed: 2.9s, Estimated remaining: 0.9s
Validation: 120/150 batches (80.3%)
  - Batch Acc: 93.75%, Running Acc: 62.15%
Validation progress: 120/150 batches (80.0%)
  - Elapsed: 3.0s, Estimated remaining: 0.7s
Validation: 125/150 batches (83.6%)
  - Batch Acc: 100.00%, Running Acc: 62.29%
Validation progress: 125/150 batches (83.3%)
  - Elapsed: 3.0s, Estimated remaining: 0.6s
Validation: 130/150 batches (86.9%)
  - Batch Acc: 43.75%, Running Acc: 62.89%
Validation progress: 130/150 batches (86.7%)
  - Elapsed: 3.0s, Estimated remaining: 0.4s
Validation: 135/150 batches (90.3%)
  - Batch Acc: 56.25%, Running Acc: 62.59%
Validation progress: 135/150 batches (90.0%)
  - Elapsed: 3.1s, Estimated remaining: 0.3s
Validation: 140/150 batches (93.6%)
  - Batch Acc: 67.19%, Running Acc: 63.00%
Validation progress: 140/150 batches (93.3%)
  - Elapsed: 3.1s, Estimated remaining: 0.2s
Validation: 145/150 batches (97.0%)
  - Batch Acc: 15.62%, Running Acc: 63.02%
Validation progress: 145/150 batches (96.7%)
  - Elapsed: 3.2s, Estimated remaining: 0.1s
Validation: 150/150 batches (100.3%)
  - Batch Acc: 92.65%, Running Acc: 62.89%
Validation complete in 3.65s - Loss: 2.0918, Accuracy: 0.6289

==== Epoch 6/100 ====
Starting training phase...
Training on 76639 samples...
Training: 100/599 batches (16.7%)
  - Batch Acc: 99.22%, Running Acc: 99.30%
  - Loss: 0.0408, Grad Norm: 0.3209
  - Learning Rate: 0.001000
Training: 200/599 batches (33.4%)
  - Batch Acc: 98.44%, Running Acc: 99.26%
  - Loss: 0.0693, Grad Norm: 0.2476
  - Learning Rate: 0.001000
Training: 300/599 batches (50.1%)
  - Batch Acc: 100.00%, Running Acc: 99.27%
  - Loss: 0.0093, Grad Norm: 0.1219
  - Learning Rate: 0.001000
Training: 400/599 batches (66.8%)
  - Batch Acc: 99.22%, Running Acc: 99.32%
  - Loss: 0.0097, Grad Norm: 0.0811
  - Learning Rate: 0.001000
Training: 500/599 batches (83.5%)
  - Batch Acc: 99.22%, Running Acc: 99.34%
  - Loss: 0.0257, Grad Norm: 0.3339
  - Learning Rate: 0.001000
Training: 599/599 batches (100.0%)
  - Batch Acc: 97.89%, Running Acc: 99.36%
  - Loss: 0.0533, Grad Norm: 0.4481
  - Learning Rate: 0.001000

Training phase complete
Epoch Summary:
  - Average Loss: 0.0180
  - Average Accuracy: 99.36%
  - Average Grad Norm: 0.1744
  - Final Learning Rate: 0.001000
Starting validation phase...
Starting validation on 19140 samples...
Entering no_grad block for validation
Validation progress: 0/150 batches (0.0%)
  - Elapsed: 1.9s, Estimated remaining: 0.0s
Validation: 5/150 batches (3.3%)
  - Batch Acc: 78.91%, Running Acc: 72.34%
Validation progress: 5/150 batches (3.3%)
  - Elapsed: 2.0s, Estimated remaining: 48.3s
Validation: 10/150 batches (6.7%)
  - Batch Acc: 55.47%, Running Acc: 74.61%
Validation progress: 10/150 batches (6.7%)
  - Elapsed: 2.1s, Estimated remaining: 26.1s
Validation: 15/150 batches (10.0%)
  - Batch Acc: 55.47%, Running Acc: 64.22%
Validation progress: 15/150 batches (10.0%)
  - Elapsed: 2.1s, Estimated remaining: 17.4s
Validation: 20/150 batches (13.4%)
  - Batch Acc: 82.81%, Running Acc: 70.35%
Validation progress: 20/150 batches (13.3%)
  - Elapsed: 2.1s, Estimated remaining: 13.0s
Validation: 25/150 batches (16.7%)
  - Batch Acc: 10.16%, Running Acc: 68.62%
Validation progress: 25/150 batches (16.7%)
  - Elapsed: 2.2s, Estimated remaining: 10.3s
Validation: 30/150 batches (20.1%)
  - Batch Acc: 34.38%, Running Acc: 65.60%
Validation progress: 30/150 batches (20.0%)
  - Elapsed: 2.2s, Estimated remaining: 8.5s
Validation: 35/150 batches (23.4%)
  - Batch Acc: 34.38%, Running Acc: 65.69%
Validation progress: 35/150 batches (23.3%)
  - Elapsed: 2.2s, Estimated remaining: 7.1s
Validation: 40/150 batches (26.8%)
  - Batch Acc: 81.25%, Running Acc: 66.39%
Validation progress: 40/150 batches (26.7%)
  - Elapsed: 2.3s, Estimated remaining: 6.1s
Validation: 45/150 batches (30.1%)
  - Batch Acc: 68.75%, Running Acc: 66.88%
Validation progress: 45/150 batches (30.0%)
  - Elapsed: 2.3s, Estimated remaining: 5.3s
Validation: 50/150 batches (33.4%)
  - Batch Acc: 50.00%, Running Acc: 65.50%
Validation progress: 50/150 batches (33.3%)
  - Elapsed: 2.4s, Estimated remaining: 4.6s
Validation: 55/150 batches (36.8%)
  - Batch Acc: 30.47%, Running Acc: 64.29%
Validation progress: 55/150 batches (36.7%)
  - Elapsed: 2.4s, Estimated remaining: 4.1s
Validation: 60/150 batches (40.1%)
  - Batch Acc: 55.47%, Running Acc: 63.78%
Validation progress: 60/150 batches (40.0%)
  - Elapsed: 2.5s, Estimated remaining: 3.6s
Validation: 65/150 batches (43.5%)
  - Batch Acc: 75.78%, Running Acc: 66.05%
Validation progress: 65/150 batches (43.3%)
  - Elapsed: 2.5s, Estimated remaining: 3.2s
Validation: 70/150 batches (46.8%)
  - Batch Acc: 29.69%, Running Acc: 64.94%
Validation progress: 70/150 batches (46.7%)
  - Elapsed: 2.5s, Estimated remaining: 2.8s
Validation: 75/150 batches (50.2%)
  - Batch Acc: 60.94%, Running Acc: 63.14%
Validation progress: 75/150 batches (50.0%)
  - Elapsed: 2.6s, Estimated remaining: 2.5s
Validation: 80/150 batches (53.5%)
  - Batch Acc: 96.88%, Running Acc: 63.92%
Validation progress: 80/150 batches (53.3%)
  - Elapsed: 2.6s, Estimated remaining: 2.2s
Validation: 85/150 batches (56.8%)
  - Batch Acc: 42.19%, Running Acc: 63.24%
Validation progress: 85/150 batches (56.7%)
  - Elapsed: 2.7s, Estimated remaining: 2.0s
Validation: 90/150 batches (60.2%)
  - Batch Acc: 53.91%, Running Acc: 61.43%
Validation progress: 90/150 batches (60.0%)
  - Elapsed: 2.7s, Estimated remaining: 1.8s
Validation: 95/150 batches (63.5%)
  - Batch Acc: 75.78%, Running Acc: 61.95%
Validation progress: 95/150 batches (63.3%)
  - Elapsed: 2.8s, Estimated remaining: 1.6s
Validation: 100/150 batches (66.9%)
  - Batch Acc: 20.31%, Running Acc: 60.53%
Validation progress: 100/150 batches (66.7%)
  - Elapsed: 2.8s, Estimated remaining: 1.4s
Validation: 105/150 batches (70.2%)
  - Batch Acc: 100.00%, Running Acc: 60.07%
Validation progress: 105/150 batches (70.0%)
  - Elapsed: 2.8s, Estimated remaining: 1.2s
Validation: 110/150 batches (73.6%)
  - Batch Acc: 82.03%, Running Acc: 61.16%
Validation progress: 110/150 batches (73.3%)
  - Elapsed: 2.9s, Estimated remaining: 1.0s
Validation: 115/150 batches (76.9%)
  - Batch Acc: 84.38%, Running Acc: 61.45%
Validation progress: 115/150 batches (76.7%)
  - Elapsed: 2.9s, Estimated remaining: 0.9s
Validation: 120/150 batches (80.3%)
  - Batch Acc: 96.88%, Running Acc: 62.24%
Validation progress: 120/150 batches (80.0%)
  - Elapsed: 3.0s, Estimated remaining: 0.7s
Validation: 125/150 batches (83.6%)
  - Batch Acc: 97.66%, Running Acc: 62.45%
Validation progress: 125/150 batches (83.3%)
  - Elapsed: 3.0s, Estimated remaining: 0.6s
Validation: 130/150 batches (86.9%)
  - Batch Acc: 50.00%, Running Acc: 63.03%
Validation progress: 130/150 batches (86.7%)
  - Elapsed: 3.1s, Estimated remaining: 0.4s
Validation: 135/150 batches (90.3%)
  - Batch Acc: 60.94%, Running Acc: 62.57%
Validation progress: 135/150 batches (90.0%)
  - Elapsed: 3.1s, Estimated remaining: 0.3s
Validation: 140/150 batches (93.6%)
  - Batch Acc: 67.19%, Running Acc: 62.81%
Validation progress: 140/150 batches (93.3%)
  - Elapsed: 3.2s, Estimated remaining: 0.2s
Validation: 145/150 batches (97.0%)
  - Batch Acc: 15.62%, Running Acc: 62.73%
Validation progress: 145/150 batches (96.7%)
  - Elapsed: 3.2s, Estimated remaining: 0.1s
Validation: 150/150 batches (100.3%)
  - Batch Acc: 100.00%, Running Acc: 62.75%
Validation complete in 3.70s - Loss: 2.0553, Accuracy: 0.6275

==== Epoch 7/100 ====
Starting training phase...
Training on 76639 samples...
Training: 100/599 batches (16.7%)
  - Batch Acc: 99.22%, Running Acc: 99.50%
  - Loss: 0.0168, Grad Norm: 0.1792
  - Learning Rate: 0.001000
Training: 200/599 batches (33.4%)
  - Batch Acc: 100.00%, Running Acc: 99.64%
  - Loss: 0.0006, Grad Norm: 0.0058
  - Learning Rate: 0.001000
Training: 300/599 batches (50.1%)
  - Batch Acc: 99.22%, Running Acc: 99.55%
  - Loss: 0.0236, Grad Norm: 0.3411
  - Learning Rate: 0.001000
Training: 400/599 batches (66.8%)
  - Batch Acc: 98.44%, Running Acc: 99.53%
  - Loss: 0.0316, Grad Norm: 0.3076
  - Learning Rate: 0.001000
Training: 500/599 batches (83.5%)
  - Batch Acc: 100.00%, Running Acc: 99.52%
  - Loss: 0.0058, Grad Norm: 0.1274
  - Learning Rate: 0.001000
Training: 599/599 batches (100.0%)
  - Batch Acc: 100.00%, Running Acc: 99.52%
  - Loss: 0.0096, Grad Norm: 0.1288
  - Learning Rate: 0.001000

Training phase complete
Epoch Summary:
  - Average Loss: 0.0137
  - Average Accuracy: 99.52%
  - Average Grad Norm: 0.1341
  - Final Learning Rate: 0.001000
Starting validation phase...
Starting validation on 19140 samples...
Entering no_grad block for validation
Validation progress: 0/150 batches (0.0%)
  - Elapsed: 1.9s, Estimated remaining: 0.0s
Validation: 5/150 batches (3.3%)
  - Batch Acc: 82.81%, Running Acc: 71.72%
Validation progress: 5/150 batches (3.3%)
  - Elapsed: 2.0s, Estimated remaining: 48.4s
Validation: 10/150 batches (6.7%)
  - Batch Acc: 68.75%, Running Acc: 78.59%
Validation progress: 10/150 batches (6.7%)
  - Elapsed: 2.1s, Estimated remaining: 26.2s
Validation: 15/150 batches (10.0%)
  - Batch Acc: 46.09%, Running Acc: 67.81%
Validation progress: 15/150 batches (10.0%)
  - Elapsed: 2.1s, Estimated remaining: 17.6s
Validation: 20/150 batches (13.4%)
  - Batch Acc: 91.41%, Running Acc: 73.09%
Validation progress: 20/150 batches (13.3%)
  - Elapsed: 2.1s, Estimated remaining: 13.2s
Validation: 25/150 batches (16.7%)
  - Batch Acc: 12.50%, Running Acc: 73.44%
Validation progress: 25/150 batches (16.7%)
  - Elapsed: 2.2s, Estimated remaining: 10.5s
Validation: 30/150 batches (20.1%)
  - Batch Acc: 38.28%, Running Acc: 68.59%
Validation progress: 30/150 batches (20.0%)
  - Elapsed: 2.2s, Estimated remaining: 8.6s
Validation: 35/150 batches (23.4%)
  - Batch Acc: 49.22%, Running Acc: 68.46%
Validation progress: 35/150 batches (23.3%)
  - Elapsed: 2.3s, Estimated remaining: 7.2s
Validation: 40/150 batches (26.8%)
  - Batch Acc: 77.34%, Running Acc: 68.07%
Validation progress: 40/150 batches (26.7%)
  - Elapsed: 2.3s, Estimated remaining: 6.2s
Validation: 45/150 batches (30.1%)
  - Batch Acc: 80.47%, Running Acc: 69.15%
Validation progress: 45/150 batches (30.0%)
  - Elapsed: 2.4s, Estimated remaining: 5.3s
Validation: 50/150 batches (33.4%)
  - Batch Acc: 46.09%, Running Acc: 67.28%
Validation progress: 50/150 batches (33.3%)
  - Elapsed: 2.4s, Estimated remaining: 4.7s
Validation: 55/150 batches (36.8%)
  - Batch Acc: 22.66%, Running Acc: 66.42%
Validation progress: 55/150 batches (36.7%)
  - Elapsed: 2.4s, Estimated remaining: 4.1s
Validation: 60/150 batches (40.1%)
  - Batch Acc: 85.16%, Running Acc: 66.45%
Validation progress: 60/150 batches (40.0%)
  - Elapsed: 2.5s, Estimated remaining: 3.6s
Validation: 65/150 batches (43.5%)
  - Batch Acc: 63.28%, Running Acc: 68.14%
Validation progress: 65/150 batches (43.3%)
  - Elapsed: 2.5s, Estimated remaining: 3.2s
Validation: 70/150 batches (46.8%)
  - Batch Acc: 32.03%, Running Acc: 67.19%
Validation progress: 70/150 batches (46.7%)
  - Elapsed: 2.6s, Estimated remaining: 2.8s
Validation: 75/150 batches (50.2%)
  - Batch Acc: 60.16%, Running Acc: 65.85%
Validation progress: 75/150 batches (50.0%)
  - Elapsed: 2.6s, Estimated remaining: 2.5s
Validation: 80/150 batches (53.5%)
  - Batch Acc: 89.84%, Running Acc: 66.39%
Validation progress: 80/150 batches (53.3%)
  - Elapsed: 2.6s, Estimated remaining: 2.2s
Validation: 85/150 batches (56.8%)
  - Batch Acc: 38.28%, Running Acc: 66.13%
Validation progress: 85/150 batches (56.7%)
  - Elapsed: 2.7s, Estimated remaining: 2.0s
Validation: 90/150 batches (60.2%)
  - Batch Acc: 51.56%, Running Acc: 63.85%
Validation progress: 90/150 batches (60.0%)
  - Elapsed: 2.7s, Estimated remaining: 1.8s
Validation: 95/150 batches (63.5%)
  - Batch Acc: 53.91%, Running Acc: 63.76%
Validation progress: 95/150 batches (63.3%)
  - Elapsed: 2.8s, Estimated remaining: 1.6s
Validation: 100/150 batches (66.9%)
  - Batch Acc: 5.47%, Running Acc: 61.96%
Validation progress: 100/150 batches (66.7%)
  - Elapsed: 2.8s, Estimated remaining: 1.4s
Validation: 105/150 batches (70.2%)
  - Batch Acc: 100.00%, Running Acc: 61.20%
Validation progress: 105/150 batches (70.0%)
  - Elapsed: 2.8s, Estimated remaining: 1.2s
Validation: 110/150 batches (73.6%)
  - Batch Acc: 83.59%, Running Acc: 62.61%
Validation progress: 110/150 batches (73.3%)
  - Elapsed: 2.9s, Estimated remaining: 1.0s
Validation: 115/150 batches (76.9%)
  - Batch Acc: 84.38%, Running Acc: 63.34%
Validation progress: 115/150 batches (76.7%)
  - Elapsed: 2.9s, Estimated remaining: 0.9s
Validation: 120/150 batches (80.3%)
  - Batch Acc: 100.00%, Running Acc: 64.28%
Validation progress: 120/150 batches (80.0%)
  - Elapsed: 2.9s, Estimated remaining: 0.7s
Validation: 125/150 batches (83.6%)
  - Batch Acc: 100.00%, Running Acc: 64.59%
Validation progress: 125/150 batches (83.3%)
  - Elapsed: 3.0s, Estimated remaining: 0.6s
Validation: 130/150 batches (86.9%)
  - Batch Acc: 48.44%, Running Acc: 64.81%
Validation progress: 130/150 batches (86.7%)
  - Elapsed: 3.0s, Estimated remaining: 0.4s
Validation: 135/150 batches (90.3%)
  - Batch Acc: 60.94%, Running Acc: 64.45%
Validation progress: 135/150 batches (90.0%)
  - Elapsed: 3.1s, Estimated remaining: 0.3s
Validation: 140/150 batches (93.6%)
  - Batch Acc: 60.94%, Running Acc: 64.41%
Validation progress: 140/150 batches (93.3%)
  - Elapsed: 3.1s, Estimated remaining: 0.2s
Validation: 145/150 batches (97.0%)
  - Batch Acc: 15.62%, Running Acc: 64.42%
Validation progress: 145/150 batches (96.7%)
  - Elapsed: 3.1s, Estimated remaining: 0.1s
Validation: 150/150 batches (100.3%)
  - Batch Acc: 97.06%, Running Acc: 64.58%
Validation complete in 3.60s - Loss: 2.1530, Accuracy: 0.6458

==== Epoch 8/100 ====
Starting training phase...
Training on 76639 samples...
Training: 100/599 batches (16.7%)
  - Batch Acc: 100.00%, Running Acc: 99.34%
  - Loss: 0.0018, Grad Norm: 0.0166
  - Learning Rate: 0.001000
Training: 200/599 batches (33.4%)
  - Batch Acc: 100.00%, Running Acc: 99.39%
  - Loss: 0.0020, Grad Norm: 0.0196
  - Learning Rate: 0.001000
Training: 300/599 batches (50.1%)
  - Batch Acc: 100.00%, Running Acc: 99.42%
  - Loss: 0.0023, Grad Norm: 0.0250
  - Learning Rate: 0.001000
Training: 400/599 batches (66.8%)
  - Batch Acc: 100.00%, Running Acc: 99.46%
  - Loss: 0.0019, Grad Norm: 0.0568
  - Learning Rate: 0.001000
Training: 500/599 batches (83.5%)
  - Batch Acc: 99.22%, Running Acc: 99.49%
  - Loss: 0.0117, Grad Norm: 0.2615
  - Learning Rate: 0.001000
Training: 599/599 batches (100.0%)
  - Batch Acc: 100.00%, Running Acc: 99.43%
  - Loss: 0.0046, Grad Norm: 0.1138
  - Learning Rate: 0.001000

Training phase complete
Epoch Summary:
  - Average Loss: 0.0158
  - Average Accuracy: 99.43%
  - Average Grad Norm: 0.1382
  - Final Learning Rate: 0.001000
Starting validation phase...
Starting validation on 19140 samples...
Entering no_grad block for validation
Validation progress: 0/150 batches (0.0%)
  - Elapsed: 1.9s, Estimated remaining: 0.0s
Validation: 5/150 batches (3.3%)
  - Batch Acc: 68.75%, Running Acc: 72.19%
Validation progress: 5/150 batches (3.3%)
  - Elapsed: 2.0s, Estimated remaining: 48.5s
Validation: 10/150 batches (6.7%)
  - Batch Acc: 75.00%, Running Acc: 78.20%
Validation progress: 10/150 batches (6.7%)
  - Elapsed: 2.1s, Estimated remaining: 26.0s
Validation: 15/150 batches (10.0%)
  - Batch Acc: 84.38%, Running Acc: 71.35%
Validation progress: 15/150 batches (10.0%)
  - Elapsed: 2.1s, Estimated remaining: 17.4s
Validation: 20/150 batches (13.4%)
  - Batch Acc: 93.75%, Running Acc: 76.29%
Validation progress: 20/150 batches (13.3%)
  - Elapsed: 2.1s, Estimated remaining: 13.0s
Validation: 25/150 batches (16.7%)
  - Batch Acc: 12.50%, Running Acc: 75.59%
Validation progress: 25/150 batches (16.7%)
  - Elapsed: 2.2s, Estimated remaining: 10.3s
Validation: 30/150 batches (20.1%)
  - Batch Acc: 50.00%, Running Acc: 71.30%
Validation progress: 30/150 batches (20.0%)
  - Elapsed: 2.2s, Estimated remaining: 8.5s
Validation: 35/150 batches (23.4%)
  - Batch Acc: 43.75%, Running Acc: 70.65%
Validation progress: 35/150 batches (23.3%)
  - Elapsed: 2.2s, Estimated remaining: 7.1s
Validation: 40/150 batches (26.8%)
  - Batch Acc: 76.56%, Running Acc: 69.14%
Validation progress: 40/150 batches (26.7%)
  - Elapsed: 2.3s, Estimated remaining: 6.1s
Validation: 45/150 batches (30.1%)
  - Batch Acc: 56.25%, Running Acc: 69.13%
Validation progress: 45/150 batches (30.0%)
  - Elapsed: 2.3s, Estimated remaining: 5.3s
Validation: 50/150 batches (33.4%)
  - Batch Acc: 48.44%, Running Acc: 67.28%
Validation progress: 50/150 batches (33.3%)
  - Elapsed: 2.4s, Estimated remaining: 4.6s
Validation: 55/150 batches (36.8%)
  - Batch Acc: 26.56%, Running Acc: 66.04%
Validation progress: 55/150 batches (36.7%)
  - Elapsed: 2.4s, Estimated remaining: 4.1s
Validation: 60/150 batches (40.1%)
  - Batch Acc: 86.72%, Running Acc: 66.11%
Validation progress: 60/150 batches (40.0%)
  - Elapsed: 2.5s, Estimated remaining: 3.6s
Validation: 65/150 batches (43.5%)
  - Batch Acc: 64.84%, Running Acc: 67.87%
Validation progress: 65/150 batches (43.3%)
  - Elapsed: 2.5s, Estimated remaining: 3.2s
Validation: 70/150 batches (46.8%)
  - Batch Acc: 32.81%, Running Acc: 67.52%
Validation progress: 70/150 batches (46.7%)
  - Elapsed: 2.6s, Estimated remaining: 2.8s
Validation: 75/150 batches (50.2%)
  - Batch Acc: 60.94%, Running Acc: 66.59%
Validation progress: 75/150 batches (50.0%)
  - Elapsed: 2.6s, Estimated remaining: 2.5s
Validation: 80/150 batches (53.5%)
  - Batch Acc: 84.38%, Running Acc: 67.50%
Validation progress: 80/150 batches (53.3%)
  - Elapsed: 2.6s, Estimated remaining: 2.3s
Validation: 85/150 batches (56.8%)
  - Batch Acc: 71.09%, Running Acc: 67.53%
Validation progress: 85/150 batches (56.7%)
  - Elapsed: 2.7s, Estimated remaining: 2.0s
Validation: 90/150 batches (60.2%)
  - Batch Acc: 35.16%, Running Acc: 65.16%
Validation progress: 90/150 batches (60.0%)
  - Elapsed: 2.7s, Estimated remaining: 1.8s
Validation: 95/150 batches (63.5%)
  - Batch Acc: 13.28%, Running Acc: 63.87%
Validation progress: 95/150 batches (63.3%)
  - Elapsed: 2.8s, Estimated remaining: 1.6s
Validation: 100/150 batches (66.9%)
  - Batch Acc: 21.09%, Running Acc: 62.37%
Validation progress: 100/150 batches (66.7%)
  - Elapsed: 2.8s, Estimated remaining: 1.4s
Validation: 105/150 batches (70.2%)
  - Batch Acc: 100.00%, Running Acc: 61.91%
Validation progress: 105/150 batches (70.0%)
  - Elapsed: 2.9s, Estimated remaining: 1.2s
Validation: 110/150 batches (73.6%)
  - Batch Acc: 73.44%, Running Acc: 63.01%
Validation progress: 110/150 batches (73.3%)
  - Elapsed: 2.9s, Estimated remaining: 1.0s
Validation: 115/150 batches (76.9%)
  - Batch Acc: 84.38%, Running Acc: 63.43%
Validation progress: 115/150 batches (76.7%)
  - Elapsed: 2.9s, Estimated remaining: 0.9s
Validation: 120/150 batches (80.3%)
  - Batch Acc: 99.22%, Running Acc: 64.26%
Validation progress: 120/150 batches (80.0%)
  - Elapsed: 3.0s, Estimated remaining: 0.7s
Validation: 125/150 batches (83.6%)
  - Batch Acc: 92.97%, Running Acc: 64.12%
Validation progress: 125/150 batches (83.3%)
  - Elapsed: 3.0s, Estimated remaining: 0.6s
Validation: 130/150 batches (86.9%)
  - Batch Acc: 47.66%, Running Acc: 64.54%
Validation progress: 130/150 batches (86.7%)
  - Elapsed: 3.1s, Estimated remaining: 0.4s
Validation: 135/150 batches (90.3%)
  - Batch Acc: 64.84%, Running Acc: 63.73%
Validation progress: 135/150 batches (90.0%)
  - Elapsed: 3.1s, Estimated remaining: 0.3s
Validation: 140/150 batches (93.6%)
  - Batch Acc: 66.41%, Running Acc: 63.92%
Validation progress: 140/150 batches (93.3%)
  - Elapsed: 3.2s, Estimated remaining: 0.2s
Validation: 145/150 batches (97.0%)
  - Batch Acc: 15.62%, Running Acc: 64.09%
Validation progress: 145/150 batches (96.7%)
  - Elapsed: 3.2s, Estimated remaining: 0.1s
Validation: 150/150 batches (100.3%)
  - Batch Acc: 95.59%, Running Acc: 64.11%
Validation complete in 3.68s - Loss: 2.0712, Accuracy: 0.6411

==== Epoch 9/100 ====
Starting training phase...
Training on 76639 samples...
Training: 100/599 batches (16.7%)
  - Batch Acc: 99.22%, Running Acc: 99.46%
  - Loss: 0.0102, Grad Norm: 0.1704
  - Learning Rate: 0.001000
Training: 200/599 batches (33.4%)
  - Batch Acc: 99.22%, Running Acc: 99.48%
  - Loss: 0.0198, Grad Norm: 0.1611
  - Learning Rate: 0.001000
Training: 300/599 batches (50.1%)
  - Batch Acc: 100.00%, Running Acc: 99.48%
  - Loss: 0.0022, Grad Norm: 0.0307
  - Learning Rate: 0.001000
Training: 400/599 batches (66.8%)
  - Batch Acc: 100.00%, Running Acc: 99.49%
  - Loss: 0.0053, Grad Norm: 0.0509
  - Learning Rate: 0.001000
Training: 500/599 batches (83.5%)
  - Batch Acc: 100.00%, Running Acc: 99.50%
  - Loss: 0.0021, Grad Norm: 0.0304
  - Learning Rate: 0.001000
Training: 599/599 batches (100.0%)
  - Batch Acc: 100.00%, Running Acc: 99.48%
  - Loss: 0.0070, Grad Norm: 0.1278
  - Learning Rate: 0.001000

Training phase complete
Epoch Summary:
  - Average Loss: 0.0147
  - Average Accuracy: 99.48%
  - Average Grad Norm: 0.1309
  - Final Learning Rate: 0.001000
Starting validation phase...
Starting validation on 19140 samples...
Entering no_grad block for validation
Validation progress: 0/150 batches (0.0%)
  - Elapsed: 2.0s, Estimated remaining: 0.0s
Validation: 5/150 batches (3.3%)
  - Batch Acc: 75.78%, Running Acc: 67.66%
Validation progress: 5/150 batches (3.3%)
  - Elapsed: 2.0s, Estimated remaining: 48.6s
Validation: 10/150 batches (6.7%)
  - Batch Acc: 71.88%, Running Acc: 80.55%
Validation progress: 10/150 batches (6.7%)
  - Elapsed: 2.1s, Estimated remaining: 26.3s
Validation: 15/150 batches (10.0%)
  - Batch Acc: 53.91%, Running Acc: 69.79%
Validation progress: 15/150 batches (10.0%)
  - Elapsed: 2.1s, Estimated remaining: 17.7s
Validation: 20/150 batches (13.4%)
  - Batch Acc: 89.06%, Running Acc: 74.96%
Validation progress: 20/150 batches (13.3%)
  - Elapsed: 2.2s, Estimated remaining: 13.2s
Validation: 25/150 batches (16.7%)
  - Batch Acc: 12.50%, Running Acc: 76.19%
Validation progress: 25/150 batches (16.7%)
  - Elapsed: 2.2s, Estimated remaining: 10.5s
Validation: 30/150 batches (20.1%)
  - Batch Acc: 66.41%, Running Acc: 72.53%
Validation progress: 30/150 batches (20.0%)
  - Elapsed: 2.2s, Estimated remaining: 8.6s
Validation: 35/150 batches (23.4%)
  - Batch Acc: 34.38%, Running Acc: 71.47%
Validation progress: 35/150 batches (23.3%)
  - Elapsed: 2.3s, Estimated remaining: 7.2s
Validation: 40/150 batches (26.8%)
  - Batch Acc: 73.44%, Running Acc: 69.06%
Validation progress: 40/150 batches (26.7%)
  - Elapsed: 2.3s, Estimated remaining: 6.2s
Validation: 45/150 batches (30.1%)
  - Batch Acc: 67.19%, Running Acc: 69.25%
Validation progress: 45/150 batches (30.0%)
  - Elapsed: 2.4s, Estimated remaining: 5.4s
Validation: 50/150 batches (33.4%)
  - Batch Acc: 35.16%, Running Acc: 67.39%
Validation progress: 50/150 batches (33.3%)
  - Elapsed: 2.4s, Estimated remaining: 4.7s
Validation: 55/150 batches (36.8%)
  - Batch Acc: 36.72%, Running Acc: 66.32%
Validation progress: 55/150 batches (36.7%)
  - Elapsed: 2.5s, Estimated remaining: 4.1s
Validation: 60/150 batches (40.1%)
  - Batch Acc: 91.41%, Running Acc: 66.59%
Validation progress: 60/150 batches (40.0%)
  - Elapsed: 2.5s, Estimated remaining: 3.7s
Validation: 65/150 batches (43.5%)
  - Batch Acc: 76.56%, Running Acc: 68.65%
Validation progress: 65/150 batches (43.3%)
  - Elapsed: 2.5s, Estimated remaining: 3.2s
Validation: 70/150 batches (46.8%)
  - Batch Acc: 27.34%, Running Acc: 67.88%
Validation progress: 70/150 batches (46.7%)
  - Elapsed: 2.6s, Estimated remaining: 2.9s
Validation: 75/150 batches (50.2%)
  - Batch Acc: 56.25%, Running Acc: 66.38%
Validation progress: 75/150 batches (50.0%)
  - Elapsed: 2.6s, Estimated remaining: 2.6s
Validation: 80/150 batches (53.5%)
  - Batch Acc: 95.31%, Running Acc: 66.88%
Validation progress: 80/150 batches (53.3%)
  - Elapsed: 2.7s, Estimated remaining: 2.3s
Validation: 85/150 batches (56.8%)
  - Batch Acc: 47.66%, Running Acc: 66.83%
Validation progress: 85/150 batches (56.7%)
  - Elapsed: 2.7s, Estimated remaining: 2.0s
Validation: 90/150 batches (60.2%)
  - Batch Acc: 60.94%, Running Acc: 64.57%
Validation progress: 90/150 batches (60.0%)
  - Elapsed: 2.7s, Estimated remaining: 1.8s
Validation: 95/150 batches (63.5%)
  - Batch Acc: 17.19%, Running Acc: 63.73%
Validation progress: 95/150 batches (63.3%)
  - Elapsed: 2.8s, Estimated remaining: 1.6s
Validation: 100/150 batches (66.9%)
  - Batch Acc: 15.62%, Running Acc: 61.80%
Validation progress: 100/150 batches (66.7%)
  - Elapsed: 2.8s, Estimated remaining: 1.4s
Validation: 105/150 batches (70.2%)
  - Batch Acc: 100.00%, Running Acc: 60.94%
Validation progress: 105/150 batches (70.0%)
  - Elapsed: 2.8s, Estimated remaining: 1.2s
Validation: 110/150 batches (73.6%)
  - Batch Acc: 75.78%, Running Acc: 62.15%
Validation progress: 110/150 batches (73.3%)
  - Elapsed: 2.9s, Estimated remaining: 1.0s
Validation: 115/150 batches (76.9%)
  - Batch Acc: 84.38%, Running Acc: 62.60%
Validation progress: 115/150 batches (76.7%)
  - Elapsed: 2.9s, Estimated remaining: 0.9s
Validation: 120/150 batches (80.3%)
  - Batch Acc: 96.09%, Running Acc: 63.33%
Validation progress: 120/150 batches (80.0%)
  - Elapsed: 3.0s, Estimated remaining: 0.7s
Validation: 125/150 batches (83.6%)
  - Batch Acc: 100.00%, Running Acc: 63.76%
Validation progress: 125/150 batches (83.3%)
  - Elapsed: 3.0s, Estimated remaining: 0.6s
Validation: 130/150 batches (86.9%)
  - Batch Acc: 43.75%, Running Acc: 64.13%
Validation progress: 130/150 batches (86.7%)
  - Elapsed: 3.0s, Estimated remaining: 0.4s
Validation: 135/150 batches (90.3%)
  - Batch Acc: 69.53%, Running Acc: 63.79%
Validation progress: 135/150 batches (90.0%)
  - Elapsed: 3.1s, Estimated remaining: 0.3s
Validation: 140/150 batches (93.6%)
  - Batch Acc: 68.75%, Running Acc: 63.96%
Validation progress: 140/150 batches (93.3%)
  - Elapsed: 3.1s, Estimated remaining: 0.2s
Validation: 145/150 batches (97.0%)
  - Batch Acc: 21.88%, Running Acc: 64.02%
Validation progress: 145/150 batches (96.7%)
  - Elapsed: 3.1s, Estimated remaining: 0.1s
Validation: 150/150 batches (100.3%)
  - Batch Acc: 100.00%, Running Acc: 64.14%
Validation complete in 3.58s - Loss: 2.1875, Accuracy: 0.6414

==== Epoch 10/100 ====
Starting training phase...
Training on 76639 samples...
Training: 100/599 batches (16.7%)
  - Batch Acc: 100.00%, Running Acc: 99.73%
  - Loss: 0.0011, Grad Norm: 0.0096
  - Learning Rate: 0.000200
Training: 200/599 batches (33.4%)
  - Batch Acc: 100.00%, Running Acc: 99.79%
  - Loss: 0.0012, Grad Norm: 0.0142
  - Learning Rate: 0.000200
Training: 300/599 batches (50.1%)
  - Batch Acc: 100.00%, Running Acc: 99.84%
  - Loss: 0.0011, Grad Norm: 0.0188
  - Learning Rate: 0.000200
Training: 400/599 batches (66.8%)
  - Batch Acc: 100.00%, Running Acc: 99.86%
  - Loss: 0.0005, Grad Norm: 0.0038
  - Learning Rate: 0.000200
Training: 500/599 batches (83.5%)
  - Batch Acc: 100.00%, Running Acc: 99.88%
  - Loss: 0.0017, Grad Norm: 0.0215
  - Learning Rate: 0.000200
Training: 599/599 batches (100.0%)
  - Batch Acc: 100.00%, Running Acc: 99.89%
  - Loss: 0.0003, Grad Norm: 0.0037
  - Learning Rate: 0.000200

Training phase complete
Epoch Summary:
  - Average Loss: 0.0033
  - Average Accuracy: 99.89%
  - Average Grad Norm: 0.0464
  - Final Learning Rate: 0.000200
Starting validation phase...
Starting validation on 19140 samples...
Entering no_grad block for validation
Validation progress: 0/150 batches (0.0%)
  - Elapsed: 2.0s, Estimated remaining: 0.0s
Validation: 5/150 batches (3.3%)
  - Batch Acc: 72.66%, Running Acc: 66.41%
Validation progress: 5/150 batches (3.3%)
  - Elapsed: 2.0s, Estimated remaining: 48.4s
Validation: 10/150 batches (6.7%)
  - Batch Acc: 60.16%, Running Acc: 76.25%
Validation progress: 10/150 batches (6.7%)
  - Elapsed: 2.0s, Estimated remaining: 25.9s
Validation: 15/150 batches (10.0%)
  - Batch Acc: 53.12%, Running Acc: 65.47%
Validation progress: 15/150 batches (10.0%)
  - Elapsed: 2.1s, Estimated remaining: 17.5s
Validation: 20/150 batches (13.4%)
  - Batch Acc: 85.16%, Running Acc: 71.41%
Validation progress: 20/150 batches (13.3%)
  - Elapsed: 2.1s, Estimated remaining: 13.1s
Validation: 25/150 batches (16.7%)
  - Batch Acc: 14.84%, Running Acc: 72.34%
Validation progress: 25/150 batches (16.7%)
  - Elapsed: 2.2s, Estimated remaining: 10.4s
Validation: 30/150 batches (20.1%)
  - Batch Acc: 63.28%, Running Acc: 69.58%
Validation progress: 30/150 batches (20.0%)
  - Elapsed: 2.2s, Estimated remaining: 8.5s
Validation: 35/150 batches (23.4%)
  - Batch Acc: 26.56%, Running Acc: 68.64%
Validation progress: 35/150 batches (23.3%)
  - Elapsed: 2.3s, Estimated remaining: 7.1s
Validation: 40/150 batches (26.8%)
  - Batch Acc: 72.66%, Running Acc: 67.38%
Validation progress: 40/150 batches (26.7%)
  - Elapsed: 2.3s, Estimated remaining: 6.1s
Validation: 45/150 batches (30.1%)
  - Batch Acc: 67.97%, Running Acc: 67.69%
Validation progress: 45/150 batches (30.0%)
  - Elapsed: 2.3s, Estimated remaining: 5.3s
Validation: 50/150 batches (33.4%)
  - Batch Acc: 36.72%, Running Acc: 65.97%
Validation progress: 50/150 batches (33.3%)
  - Elapsed: 2.4s, Estimated remaining: 4.6s
Validation: 55/150 batches (36.8%)
  - Batch Acc: 45.31%, Running Acc: 65.20%
Validation progress: 55/150 batches (36.7%)
  - Elapsed: 2.4s, Estimated remaining: 4.1s
Validation: 60/150 batches (40.1%)
  - Batch Acc: 78.91%, Running Acc: 65.74%
Validation progress: 60/150 batches (40.0%)
  - Elapsed: 2.5s, Estimated remaining: 3.6s
Validation: 65/150 batches (43.5%)
  - Batch Acc: 78.12%, Running Acc: 67.92%
Validation progress: 65/150 batches (43.3%)
  - Elapsed: 2.5s, Estimated remaining: 3.2s
Validation: 70/150 batches (46.8%)
  - Batch Acc: 40.62%, Running Acc: 67.54%
Validation progress: 70/150 batches (46.7%)
  - Elapsed: 2.6s, Estimated remaining: 2.9s
Validation: 75/150 batches (50.2%)
  - Batch Acc: 59.38%, Running Acc: 65.95%
Validation progress: 75/150 batches (50.0%)
  - Elapsed: 2.6s, Estimated remaining: 2.5s
Validation: 80/150 batches (53.5%)
  - Batch Acc: 99.22%, Running Acc: 66.73%
Validation progress: 80/150 batches (53.3%)
  - Elapsed: 2.6s, Estimated remaining: 2.3s
Validation: 85/150 batches (56.8%)
  - Batch Acc: 29.69%, Running Acc: 66.18%
Validation progress: 85/150 batches (56.7%)
  - Elapsed: 2.7s, Estimated remaining: 2.0s
Validation: 90/150 batches (60.2%)
  - Batch Acc: 48.44%, Running Acc: 63.99%
Validation progress: 90/150 batches (60.0%)
  - Elapsed: 2.7s, Estimated remaining: 1.8s
Validation: 95/150 batches (63.5%)
  - Batch Acc: 53.12%, Running Acc: 63.70%
Validation progress: 95/150 batches (63.3%)
  - Elapsed: 2.8s, Estimated remaining: 1.6s
Validation: 100/150 batches (66.9%)
  - Batch Acc: 15.62%, Running Acc: 61.91%
Validation progress: 100/150 batches (66.7%)
  - Elapsed: 2.8s, Estimated remaining: 1.4s
Validation: 105/150 batches (70.2%)
  - Batch Acc: 100.00%, Running Acc: 61.15%
Validation progress: 105/150 batches (70.0%)
  - Elapsed: 2.9s, Estimated remaining: 1.2s
Validation: 110/150 batches (73.6%)
  - Batch Acc: 82.81%, Running Acc: 62.24%
Validation progress: 110/150 batches (73.3%)
  - Elapsed: 2.9s, Estimated remaining: 1.0s
Validation: 115/150 batches (76.9%)
  - Batch Acc: 84.38%, Running Acc: 62.45%
Validation progress: 115/150 batches (76.7%)
  - Elapsed: 2.9s, Estimated remaining: 0.9s
Validation: 120/150 batches (80.3%)
  - Batch Acc: 92.97%, Running Acc: 63.03%
Validation progress: 120/150 batches (80.0%)
  - Elapsed: 3.0s, Estimated remaining: 0.7s
Validation: 125/150 batches (83.6%)
  - Batch Acc: 100.00%, Running Acc: 63.41%
Validation progress: 125/150 batches (83.3%)
  - Elapsed: 3.0s, Estimated remaining: 0.6s
Validation: 130/150 batches (86.9%)
  - Batch Acc: 50.78%, Running Acc: 63.87%
Validation progress: 130/150 batches (86.7%)
  - Elapsed: 3.0s, Estimated remaining: 0.4s
Validation: 135/150 batches (90.3%)
  - Batch Acc: 65.62%, Running Acc: 63.40%
Validation progress: 135/150 batches (90.0%)
  - Elapsed: 3.1s, Estimated remaining: 0.3s
Validation: 140/150 batches (93.6%)
  - Batch Acc: 68.75%, Running Acc: 63.67%
Validation progress: 140/150 batches (93.3%)
  - Elapsed: 3.1s, Estimated remaining: 0.2s
Validation: 145/150 batches (97.0%)
  - Batch Acc: 15.62%, Running Acc: 63.70%
Validation progress: 145/150 batches (96.7%)
  - Elapsed: 3.2s, Estimated remaining: 0.1s
Validation: 150/150 batches (100.3%)
  - Batch Acc: 100.00%, Running Acc: 63.86%
Validation complete in 3.66s - Loss: 2.2731, Accuracy: 0.6386

==== Epoch 11/100 ====
Starting training phase...
Training on 76639 samples...
Training: 100/599 batches (16.7%)
  - Batch Acc: 100.00%, Running Acc: 99.96%
  - Loss: 0.0005, Grad Norm: 0.0062
  - Learning Rate: 0.000200
Training: 200/599 batches (33.4%)
  - Batch Acc: 100.00%, Running Acc: 99.98%
  - Loss: 0.0007, Grad Norm: 0.0067
  - Learning Rate: 0.000200
Training: 300/599 batches (50.1%)
  - Batch Acc: 100.00%, Running Acc: 99.96%
  - Loss: 0.0003, Grad Norm: 0.0061
  - Learning Rate: 0.000200
Training: 400/599 batches (66.8%)
  - Batch Acc: 100.00%, Running Acc: 99.96%
  - Loss: 0.0005, Grad Norm: 0.0037
  - Learning Rate: 0.000200
Training: 500/599 batches (83.5%)
  - Batch Acc: 100.00%, Running Acc: 99.96%
  - Loss: 0.0009, Grad Norm: 0.0223
  - Learning Rate: 0.000200
Training: 599/599 batches (100.0%)
  - Batch Acc: 100.00%, Running Acc: 99.96%
  - Loss: 0.0002, Grad Norm: 0.0020
  - Learning Rate: 0.000200

Training phase complete
Epoch Summary:
  - Average Loss: 0.0015
  - Average Accuracy: 99.96%
  - Average Grad Norm: 0.0250
  - Final Learning Rate: 0.000200
Starting validation phase...
Starting validation on 19140 samples...
Entering no_grad block for validation
Validation progress: 0/150 batches (0.0%)
  - Elapsed: 1.9s, Estimated remaining: 0.0s
Validation: 5/150 batches (3.3%)
  - Batch Acc: 72.66%, Running Acc: 68.59%
Validation progress: 5/150 batches (3.3%)
  - Elapsed: 2.8s, Estimated remaining: 66.4s
Validation: 10/150 batches (6.7%)
  - Batch Acc: 64.06%, Running Acc: 79.06%
Validation progress: 10/150 batches (6.7%)
  - Elapsed: 2.8s, Estimated remaining: 35.2s
Validation: 15/150 batches (10.0%)
  - Batch Acc: 54.69%, Running Acc: 68.59%
Validation progress: 15/150 batches (10.0%)
  - Elapsed: 2.8s, Estimated remaining: 23.4s
Validation: 20/150 batches (13.4%)
  - Batch Acc: 85.16%, Running Acc: 74.02%
Validation progress: 20/150 batches (13.3%)
  - Elapsed: 2.8s, Estimated remaining: 17.4s
Validation: 25/150 batches (16.7%)
  - Batch Acc: 12.50%, Running Acc: 74.81%
Validation progress: 25/150 batches (16.7%)
  - Elapsed: 2.9s, Estimated remaining: 13.9s
Validation: 30/150 batches (20.1%)
  - Batch Acc: 62.50%, Running Acc: 71.25%
Validation progress: 30/150 batches (20.0%)
  - Elapsed: 2.9s, Estimated remaining: 11.3s
Validation: 35/150 batches (23.4%)
  - Batch Acc: 32.81%, Running Acc: 70.38%
Validation progress: 35/150 batches (23.3%)
  - Elapsed: 3.0s, Estimated remaining: 9.4s
Validation: 40/150 batches (26.8%)
  - Batch Acc: 68.75%, Running Acc: 68.67%
Validation progress: 40/150 batches (26.7%)
  - Elapsed: 3.0s, Estimated remaining: 8.0s
Validation: 45/150 batches (30.1%)
  - Batch Acc: 64.84%, Running Acc: 68.92%
Validation progress: 45/150 batches (30.0%)
  - Elapsed: 3.1s, Estimated remaining: 6.9s
Validation: 50/150 batches (33.4%)
  - Batch Acc: 37.50%, Running Acc: 67.11%
Validation progress: 50/150 batches (33.3%)
  - Elapsed: 3.1s, Estimated remaining: 6.0s
Validation: 55/150 batches (36.8%)
  - Batch Acc: 42.97%, Running Acc: 66.14%
Validation progress: 55/150 batches (36.7%)
  - Elapsed: 3.1s, Estimated remaining: 5.2s
Validation: 60/150 batches (40.1%)
  - Batch Acc: 77.34%, Running Acc: 66.46%
Validation progress: 60/150 batches (40.0%)
  - Elapsed: 3.2s, Estimated remaining: 4.6s
Validation: 65/150 batches (43.5%)
  - Batch Acc: 79.69%, Running Acc: 68.59%
Validation progress: 65/150 batches (43.3%)
  - Elapsed: 3.2s, Estimated remaining: 4.1s
Validation: 70/150 batches (46.8%)
  - Batch Acc: 38.28%, Running Acc: 67.94%
Validation progress: 70/150 batches (46.7%)
  - Elapsed: 3.2s, Estimated remaining: 3.6s
Validation: 75/150 batches (50.2%)
  - Batch Acc: 57.03%, Running Acc: 66.18%
Validation progress: 75/150 batches (50.0%)
  - Elapsed: 3.3s, Estimated remaining: 3.2s
Validation: 80/150 batches (53.5%)
  - Batch Acc: 99.22%, Running Acc: 66.95%
Validation progress: 80/150 batches (53.3%)
  - Elapsed: 3.3s, Estimated remaining: 2.8s
Validation: 85/150 batches (56.8%)
  - Batch Acc: 32.03%, Running Acc: 66.26%
Validation progress: 85/150 batches (56.7%)
  - Elapsed: 3.4s, Estimated remaining: 2.5s
Validation: 90/150 batches (60.2%)
  - Batch Acc: 49.22%, Running Acc: 63.93%
Validation progress: 90/150 batches (60.0%)
  - Elapsed: 3.4s, Estimated remaining: 2.2s
Validation: 95/150 batches (63.5%)
  - Batch Acc: 57.03%, Running Acc: 63.72%
Validation progress: 95/150 batches (63.3%)
  - Elapsed: 3.4s, Estimated remaining: 1.9s
Validation: 100/150 batches (66.9%)
  - Batch Acc: 17.97%, Running Acc: 61.96%
Validation progress: 100/150 batches (66.7%)
  - Elapsed: 3.5s, Estimated remaining: 1.7s
Validation: 105/150 batches (70.2%)
  - Batch Acc: 100.00%, Running Acc: 61.29%
Validation progress: 105/150 batches (70.0%)
  - Elapsed: 3.5s, Estimated remaining: 1.5s
Validation: 110/150 batches (73.6%)
  - Batch Acc: 80.47%, Running Acc: 62.33%
Validation progress: 110/150 batches (73.3%)
  - Elapsed: 3.6s, Estimated remaining: 1.3s
Validation: 115/150 batches (76.9%)
  - Batch Acc: 84.38%, Running Acc: 62.55%
Validation progress: 115/150 batches (76.7%)
  - Elapsed: 3.6s, Estimated remaining: 1.1s
Validation: 120/150 batches (80.3%)
  - Batch Acc: 94.53%, Running Acc: 63.16%
Validation progress: 120/150 batches (80.0%)
  - Elapsed: 3.7s, Estimated remaining: 0.9s
Validation: 125/150 batches (83.6%)
  - Batch Acc: 100.00%, Running Acc: 63.25%
Validation progress: 125/150 batches (83.3%)
  - Elapsed: 3.7s, Estimated remaining: 0.7s
Validation: 130/150 batches (86.9%)
  - Batch Acc: 46.88%, Running Acc: 63.66%
Validation progress: 130/150 batches (86.7%)
  - Elapsed: 3.8s, Estimated remaining: 0.5s
Validation: 135/150 batches (90.3%)
  - Batch Acc: 74.22%, Running Acc: 63.26%
Validation progress: 135/150 batches (90.0%)
  - Elapsed: 3.8s, Estimated remaining: 0.4s
Validation: 140/150 batches (93.6%)
  - Batch Acc: 75.00%, Running Acc: 63.55%
Validation progress: 140/150 batches (93.3%)
  - Elapsed: 3.9s, Estimated remaining: 0.2s
Validation: 145/150 batches (97.0%)
  - Batch Acc: 15.62%, Running Acc: 63.58%
Validation progress: 145/150 batches (96.7%)
  - Elapsed: 3.9s, Estimated remaining: 0.1s
Validation: 150/150 batches (100.3%)
  - Batch Acc: 100.00%, Running Acc: 63.72%
Validation complete in 4.37s - Loss: 2.4309, Accuracy: 0.6372

==== Epoch 12/100 ====
Starting training phase...
Training on 76639 samples...
Training: 100/599 batches (16.7%)
  - Batch Acc: 100.00%, Running Acc: 99.96%
  - Loss: 0.0002, Grad Norm: 0.0014
  - Learning Rate: 0.000200
Training: 200/599 batches (33.4%)
  - Batch Acc: 98.44%, Running Acc: 99.96%
  - Loss: 0.0395, Grad Norm: 0.3300
  - Learning Rate: 0.000200
Training: 300/599 batches (50.1%)
  - Batch Acc: 100.00%, Running Acc: 99.93%
  - Loss: 0.0035, Grad Norm: 0.0528
  - Learning Rate: 0.000200
Training: 400/599 batches (66.8%)
  - Batch Acc: 100.00%, Running Acc: 99.94%
  - Loss: 0.0003, Grad Norm: 0.0097
  - Learning Rate: 0.000200
Training: 500/599 batches (83.5%)
  - Batch Acc: 100.00%, Running Acc: 99.95%
  - Loss: 0.0005, Grad Norm: 0.0069
  - Learning Rate: 0.000200
Training: 599/599 batches (100.0%)
  - Batch Acc: 100.00%, Running Acc: 99.95%
  - Loss: 0.0001, Grad Norm: 0.0009
  - Learning Rate: 0.000200

Training phase complete
Epoch Summary:
  - Average Loss: 0.0019
  - Average Accuracy: 99.95%
  - Average Grad Norm: 0.0289
  - Final Learning Rate: 0.000200
Starting validation phase...
Starting validation on 19140 samples...
Entering no_grad block for validation
Validation progress: 0/150 batches (0.0%)
  - Elapsed: 1.9s, Estimated remaining: 0.0s
Validation: 5/150 batches (3.3%)
  - Batch Acc: 71.88%, Running Acc: 72.50%
Validation progress: 5/150 batches (3.3%)
  - Elapsed: 2.0s, Estimated remaining: 48.4s
Validation: 10/150 batches (6.7%)
  - Batch Acc: 62.50%, Running Acc: 79.14%
Validation progress: 10/150 batches (6.7%)
  - Elapsed: 2.1s, Estimated remaining: 26.1s
Validation: 15/150 batches (10.0%)
  - Batch Acc: 56.25%, Running Acc: 68.75%
Validation progress: 15/150 batches (10.0%)
  - Elapsed: 2.1s, Estimated remaining: 17.6s
Validation: 20/150 batches (13.4%)
  - Batch Acc: 85.16%, Running Acc: 73.91%
Validation progress: 20/150 batches (13.3%)
  - Elapsed: 2.1s, Estimated remaining: 13.2s
Validation: 25/150 batches (16.7%)
  - Batch Acc: 15.62%, Running Acc: 74.59%
Validation progress: 25/150 batches (16.7%)
  - Elapsed: 2.2s, Estimated remaining: 10.4s
Validation: 30/150 batches (20.1%)
  - Batch Acc: 57.81%, Running Acc: 71.59%
Validation progress: 30/150 batches (20.0%)
  - Elapsed: 2.2s, Estimated remaining: 8.6s
Validation: 35/150 batches (23.4%)
  - Batch Acc: 49.22%, Running Acc: 71.50%
Validation progress: 35/150 batches (23.3%)
  - Elapsed: 2.3s, Estimated remaining: 7.2s
Validation: 40/150 batches (26.8%)
  - Batch Acc: 76.56%, Running Acc: 70.49%
Validation progress: 40/150 batches (26.7%)
  - Elapsed: 2.3s, Estimated remaining: 6.2s
Validation: 45/150 batches (30.1%)
  - Batch Acc: 68.75%, Running Acc: 70.78%
Validation progress: 45/150 batches (30.0%)
  - Elapsed: 2.4s, Estimated remaining: 5.3s
Validation: 50/150 batches (33.4%)
  - Batch Acc: 30.47%, Running Acc: 69.12%
Validation progress: 50/150 batches (33.3%)
  - Elapsed: 2.4s, Estimated remaining: 4.7s
Validation: 55/150 batches (36.8%)
  - Batch Acc: 32.81%, Running Acc: 67.63%
Validation progress: 55/150 batches (36.7%)
  - Elapsed: 2.4s, Estimated remaining: 4.1s
Validation: 60/150 batches (40.1%)
  - Batch Acc: 69.53%, Running Acc: 67.36%
Validation progress: 60/150 batches (40.0%)
  - Elapsed: 2.5s, Estimated remaining: 3.6s
Validation: 65/150 batches (43.5%)
  - Batch Acc: 71.09%, Running Acc: 69.10%
Validation progress: 65/150 batches (43.3%)
  - Elapsed: 2.5s, Estimated remaining: 3.2s
Validation: 70/150 batches (46.8%)
  - Batch Acc: 21.88%, Running Acc: 67.82%
Validation progress: 70/150 batches (46.7%)
  - Elapsed: 2.6s, Estimated remaining: 2.9s
Validation: 75/150 batches (50.2%)
  - Batch Acc: 61.72%, Running Acc: 66.12%
Validation progress: 75/150 batches (50.0%)
  - Elapsed: 2.6s, Estimated remaining: 2.6s
Validation: 80/150 batches (53.5%)
  - Batch Acc: 92.97%, Running Acc: 66.96%
Validation progress: 80/150 batches (53.3%)
  - Elapsed: 2.7s, Estimated remaining: 2.3s
Validation: 85/150 batches (56.8%)
  - Batch Acc: 30.47%, Running Acc: 65.93%
Validation progress: 85/150 batches (56.7%)
  - Elapsed: 2.7s, Estimated remaining: 2.0s
Validation: 90/150 batches (60.2%)
  - Batch Acc: 53.12%, Running Acc: 63.80%
Validation progress: 90/150 batches (60.0%)
  - Elapsed: 2.8s, Estimated remaining: 1.8s
Validation: 95/150 batches (63.5%)
  - Batch Acc: 53.12%, Running Acc: 63.63%
Validation progress: 95/150 batches (63.3%)
  - Elapsed: 2.8s, Estimated remaining: 1.6s
Validation: 100/150 batches (66.9%)
  - Batch Acc: 21.09%, Running Acc: 61.97%
Validation progress: 100/150 batches (66.7%)
  - Elapsed: 2.8s, Estimated remaining: 1.4s
Validation: 105/150 batches (70.2%)
  - Batch Acc: 100.00%, Running Acc: 61.25%
Validation progress: 105/150 batches (70.0%)
  - Elapsed: 2.9s, Estimated remaining: 1.2s
Validation: 110/150 batches (73.6%)
  - Batch Acc: 78.12%, Running Acc: 62.24%
Validation progress: 110/150 batches (73.3%)
  - Elapsed: 2.9s, Estimated remaining: 1.0s
Validation: 115/150 batches (76.9%)
  - Batch Acc: 84.38%, Running Acc: 62.40%
Validation progress: 115/150 batches (76.7%)
  - Elapsed: 3.0s, Estimated remaining: 0.9s
Validation: 120/150 batches (80.3%)
  - Batch Acc: 92.97%, Running Acc: 62.99%
Validation progress: 120/150 batches (80.0%)
  - Elapsed: 3.0s, Estimated remaining: 0.7s
Validation: 125/150 batches (83.6%)
  - Batch Acc: 100.00%, Running Acc: 63.01%
Validation progress: 125/150 batches (83.3%)
  - Elapsed: 3.1s, Estimated remaining: 0.6s
Validation: 130/150 batches (86.9%)
  - Batch Acc: 50.78%, Running Acc: 63.50%
Validation progress: 130/150 batches (86.7%)
  - Elapsed: 3.1s, Estimated remaining: 0.5s
Validation: 135/150 batches (90.3%)
  - Batch Acc: 68.75%, Running Acc: 63.11%
Validation progress: 135/150 batches (90.0%)
  - Elapsed: 3.2s, Estimated remaining: 0.3s
Validation: 140/150 batches (93.6%)
  - Batch Acc: 77.34%, Running Acc: 63.41%
Validation progress: 140/150 batches (93.3%)
  - Elapsed: 3.2s, Estimated remaining: 0.2s
Validation: 145/150 batches (97.0%)
  - Batch Acc: 15.62%, Running Acc: 63.45%
Validation progress: 145/150 batches (96.7%)
  - Elapsed: 3.2s, Estimated remaining: 0.1s
Validation: 150/150 batches (100.3%)
  - Batch Acc: 100.00%, Running Acc: 63.59%
Validation complete in 3.70s - Loss: 2.4677, Accuracy: 0.6359

==== Epoch 13/100 ====
Starting training phase...
Training on 76639 samples...
Training: 100/599 batches (16.7%)
  - Batch Acc: 100.00%, Running Acc: 99.98%
  - Loss: 0.0002, Grad Norm: 0.0014
  - Learning Rate: 0.000200
Training: 200/599 batches (33.4%)
  - Batch Acc: 100.00%, Running Acc: 99.98%
  - Loss: 0.0004, Grad Norm: 0.0047
  - Learning Rate: 0.000200
Training: 300/599 batches (50.1%)
  - Batch Acc: 100.00%, Running Acc: 99.98%
  - Loss: 0.0001, Grad Norm: 0.0027
  - Learning Rate: 0.000200
Training: 400/599 batches (66.8%)
  - Batch Acc: 100.00%, Running Acc: 99.98%
  - Loss: 0.0001, Grad Norm: 0.0005
  - Learning Rate: 0.000200
Training: 500/599 batches (83.5%)
  - Batch Acc: 100.00%, Running Acc: 99.98%
  - Loss: 0.0008, Grad Norm: 0.0153
  - Learning Rate: 0.000200
Training: 599/599 batches (100.0%)
  - Batch Acc: 100.00%, Running Acc: 99.98%
  - Loss: 0.0000, Grad Norm: 0.0002
  - Learning Rate: 0.000200

Training phase complete
Epoch Summary:
  - Average Loss: 0.0010
  - Average Accuracy: 99.98%
  - Average Grad Norm: 0.0174
  - Final Learning Rate: 0.000200
Starting validation phase...
Starting validation on 19140 samples...
Entering no_grad block for validation
Validation progress: 0/150 batches (0.0%)
  - Elapsed: 2.0s, Estimated remaining: 0.0s
Validation: 5/150 batches (3.3%)
  - Batch Acc: 72.66%, Running Acc: 69.69%
Validation progress: 5/150 batches (3.3%)
  - Elapsed: 2.1s, Estimated remaining: 49.2s
Validation: 10/150 batches (6.7%)
  - Batch Acc: 63.28%, Running Acc: 76.17%
Validation progress: 10/150 batches (6.7%)
  - Elapsed: 2.1s, Estimated remaining: 26.3s
Validation: 15/150 batches (10.0%)
  - Batch Acc: 47.66%, Running Acc: 66.30%
Validation progress: 15/150 batches (10.0%)
  - Elapsed: 2.1s, Estimated remaining: 17.8s
Validation: 20/150 batches (13.4%)
  - Batch Acc: 85.94%, Running Acc: 72.50%
Validation progress: 20/150 batches (13.3%)
  - Elapsed: 2.2s, Estimated remaining: 13.3s
Validation: 25/150 batches (16.7%)
  - Batch Acc: 17.19%, Running Acc: 73.78%
Validation progress: 25/150 batches (16.7%)
  - Elapsed: 2.2s, Estimated remaining: 10.5s
Validation: 30/150 batches (20.1%)
  - Batch Acc: 60.94%, Running Acc: 70.60%
Validation progress: 30/150 batches (20.0%)
  - Elapsed: 2.3s, Estimated remaining: 8.7s
Validation: 35/150 batches (23.4%)
  - Batch Acc: 44.53%, Running Acc: 70.22%
Validation progress: 35/150 batches (23.3%)
  - Elapsed: 2.3s, Estimated remaining: 7.3s
Validation: 40/150 batches (26.8%)
  - Batch Acc: 76.56%, Running Acc: 69.10%
Validation progress: 40/150 batches (26.7%)
  - Elapsed: 2.3s, Estimated remaining: 6.2s
Validation: 45/150 batches (30.1%)
  - Batch Acc: 68.75%, Running Acc: 69.43%
Validation progress: 45/150 batches (30.0%)
  - Elapsed: 2.4s, Estimated remaining: 5.4s
Validation: 50/150 batches (33.4%)
  - Batch Acc: 36.72%, Running Acc: 67.67%
Validation progress: 50/150 batches (33.3%)
  - Elapsed: 2.4s, Estimated remaining: 4.7s
Validation: 55/150 batches (36.8%)
  - Batch Acc: 34.38%, Running Acc: 66.49%
Validation progress: 55/150 batches (36.7%)
  - Elapsed: 2.5s, Estimated remaining: 4.2s
Validation: 60/150 batches (40.1%)
  - Batch Acc: 75.00%, Running Acc: 66.26%
Validation progress: 60/150 batches (40.0%)
  - Elapsed: 2.5s, Estimated remaining: 3.7s
Validation: 65/150 batches (43.5%)
  - Batch Acc: 74.22%, Running Acc: 68.32%
Validation progress: 65/150 batches (43.3%)
  - Elapsed: 2.6s, Estimated remaining: 3.3s
Validation: 70/150 batches (46.8%)
  - Batch Acc: 26.56%, Running Acc: 67.43%
Validation progress: 70/150 batches (46.7%)
  - Elapsed: 2.6s, Estimated remaining: 2.9s
Validation: 75/150 batches (50.2%)
  - Batch Acc: 57.03%, Running Acc: 65.88%
Validation progress: 75/150 batches (50.0%)
  - Elapsed: 2.7s, Estimated remaining: 2.6s
Validation: 80/150 batches (53.5%)
  - Batch Acc: 96.09%, Running Acc: 66.66%
Validation progress: 80/150 batches (53.3%)
  - Elapsed: 2.7s, Estimated remaining: 2.3s
Validation: 85/150 batches (56.8%)
  - Batch Acc: 29.69%, Running Acc: 66.01%
Validation progress: 85/150 batches (56.7%)
  - Elapsed: 2.8s, Estimated remaining: 2.1s
Validation: 90/150 batches (60.2%)
  - Batch Acc: 56.25%, Running Acc: 63.85%
Validation progress: 90/150 batches (60.0%)
  - Elapsed: 2.8s, Estimated remaining: 1.8s
Validation: 95/150 batches (63.5%)
  - Batch Acc: 42.97%, Running Acc: 63.22%
Validation progress: 95/150 batches (63.3%)
  - Elapsed: 2.9s, Estimated remaining: 1.6s
Validation: 100/150 batches (66.9%)
  - Batch Acc: 16.41%, Running Acc: 61.41%
Validation progress: 100/150 batches (66.7%)
  - Elapsed: 2.9s, Estimated remaining: 1.4s
Validation: 105/150 batches (70.2%)
  - Batch Acc: 100.00%, Running Acc: 60.67%
Validation progress: 105/150 batches (70.0%)
  - Elapsed: 2.9s, Estimated remaining: 1.2s
Validation: 110/150 batches (73.6%)
  - Batch Acc: 82.81%, Running Acc: 61.90%
Validation progress: 110/150 batches (73.3%)
  - Elapsed: 3.0s, Estimated remaining: 1.0s
Validation: 115/150 batches (76.9%)
  - Batch Acc: 84.38%, Running Acc: 62.16%
Validation progress: 115/150 batches (76.7%)
  - Elapsed: 3.0s, Estimated remaining: 0.9s
Validation: 120/150 batches (80.3%)
  - Batch Acc: 97.66%, Running Acc: 62.92%
Validation progress: 120/150 batches (80.0%)
  - Elapsed: 3.1s, Estimated remaining: 0.7s
Validation: 125/150 batches (83.6%)
  - Batch Acc: 100.00%, Running Acc: 63.22%
Validation progress: 125/150 batches (83.3%)
  - Elapsed: 3.1s, Estimated remaining: 0.6s
Validation: 130/150 batches (86.9%)
  - Batch Acc: 49.22%, Running Acc: 63.55%
Validation progress: 130/150 batches (86.7%)
  - Elapsed: 3.2s, Estimated remaining: 0.5s
Validation: 135/150 batches (90.3%)
  - Batch Acc: 70.31%, Running Acc: 63.24%
Validation progress: 135/150 batches (90.0%)
  - Elapsed: 3.2s, Estimated remaining: 0.3s
Validation: 140/150 batches (93.6%)
  - Batch Acc: 67.97%, Running Acc: 63.49%
Validation progress: 140/150 batches (93.3%)
  - Elapsed: 3.3s, Estimated remaining: 0.2s
Validation: 145/150 batches (97.0%)
  - Batch Acc: 15.62%, Running Acc: 63.52%
Validation progress: 145/150 batches (96.7%)
  - Elapsed: 3.3s, Estimated remaining: 0.1s
Validation: 150/150 batches (100.3%)
  - Batch Acc: 100.00%, Running Acc: 63.59%
Validation complete in 3.76s - Loss: 2.5614, Accuracy: 0.6359

==== Epoch 14/100 ====
Starting training phase...
Training on 76639 samples...
Training: 100/599 batches (16.7%)
  - Batch Acc: 100.00%, Running Acc: 99.95%
  - Loss: 0.0006, Grad Norm: 0.0258
  - Learning Rate: 0.000200
Training: 200/599 batches (33.4%)
  - Batch Acc: 100.00%, Running Acc: 99.94%
  - Loss: 0.0001, Grad Norm: 0.0009
  - Learning Rate: 0.000200
Training: 300/599 batches (50.1%)
  - Batch Acc: 100.00%, Running Acc: 99.93%
  - Loss: 0.0000, Grad Norm: 0.0003
  - Learning Rate: 0.000200
Training: 400/599 batches (66.8%)
  - Batch Acc: 100.00%, Running Acc: 99.92%
  - Loss: 0.0001, Grad Norm: 0.0009
  - Learning Rate: 0.000200
Training: 500/599 batches (83.5%)
  - Batch Acc: 100.00%, Running Acc: 99.91%
  - Loss: 0.0008, Grad Norm: 0.0216
  - Learning Rate: 0.000200
Training: 599/599 batches (100.0%)
  - Batch Acc: 100.00%, Running Acc: 99.92%
  - Loss: 0.0002, Grad Norm: 0.0013
  - Learning Rate: 0.000200

Training phase complete
Epoch Summary:
  - Average Loss: 0.0023
  - Average Accuracy: 99.92%
  - Average Grad Norm: 0.0402
  - Final Learning Rate: 0.000200
Starting validation phase...
Starting validation on 19140 samples...
Entering no_grad block for validation
Validation progress: 0/150 batches (0.0%)
  - Elapsed: 2.0s, Estimated remaining: 0.0s
Validation: 5/150 batches (3.3%)
  - Batch Acc: 71.09%, Running Acc: 72.97%
Validation progress: 5/150 batches (3.3%)
  - Elapsed: 2.0s, Estimated remaining: 48.8s
Validation: 10/150 batches (6.7%)
  - Batch Acc: 39.84%, Running Acc: 72.73%
Validation progress: 10/150 batches (6.7%)
  - Elapsed: 2.1s, Estimated remaining: 26.4s
Validation: 15/150 batches (10.0%)
  - Batch Acc: 60.16%, Running Acc: 63.18%
Validation progress: 15/150 batches (10.0%)
  - Elapsed: 2.1s, Estimated remaining: 17.6s
Validation: 20/150 batches (13.4%)
  - Batch Acc: 82.03%, Running Acc: 69.22%
Validation progress: 20/150 batches (13.3%)
  - Elapsed: 2.1s, Estimated remaining: 13.1s
Validation: 25/150 batches (16.7%)
  - Batch Acc: 21.88%, Running Acc: 68.03%
Validation progress: 25/150 batches (16.7%)
  - Elapsed: 2.2s, Estimated remaining: 10.4s
Validation: 30/150 batches (20.1%)
  - Batch Acc: 21.88%, Running Acc: 65.13%
Validation progress: 30/150 batches (20.0%)
  - Elapsed: 2.2s, Estimated remaining: 8.6s
Validation: 35/150 batches (23.4%)
  - Batch Acc: 52.34%, Running Acc: 66.32%
Validation progress: 35/150 batches (23.3%)
  - Elapsed: 2.3s, Estimated remaining: 7.2s
Validation: 40/150 batches (26.8%)
  - Batch Acc: 74.22%, Running Acc: 67.66%
Validation progress: 40/150 batches (26.7%)
  - Elapsed: 2.3s, Estimated remaining: 6.2s
Validation: 45/150 batches (30.1%)
  - Batch Acc: 82.03%, Running Acc: 68.72%
Validation progress: 45/150 batches (30.0%)
  - Elapsed: 2.4s, Estimated remaining: 5.3s
Validation: 50/150 batches (33.4%)
  - Batch Acc: 20.31%, Running Acc: 67.20%
Validation progress: 50/150 batches (33.3%)
  - Elapsed: 2.4s, Estimated remaining: 4.7s
Validation: 55/150 batches (36.8%)
  - Batch Acc: 28.91%, Running Acc: 65.40%
Validation progress: 55/150 batches (36.7%)
  - Elapsed: 2.5s, Estimated remaining: 4.1s
Validation: 60/150 batches (40.1%)
  - Batch Acc: 46.09%, Running Acc: 64.26%
Validation progress: 60/150 batches (40.0%)
  - Elapsed: 2.5s, Estimated remaining: 3.6s
Validation: 65/150 batches (43.5%)
  - Batch Acc: 69.53%, Running Acc: 66.25%
Validation progress: 65/150 batches (43.3%)
  - Elapsed: 2.5s, Estimated remaining: 3.2s
Validation: 70/150 batches (46.8%)
  - Batch Acc: 25.78%, Running Acc: 64.21%
Validation progress: 70/150 batches (46.7%)
  - Elapsed: 2.6s, Estimated remaining: 2.9s
Validation: 75/150 batches (50.2%)
  - Batch Acc: 63.28%, Running Acc: 62.91%
Validation progress: 75/150 batches (50.0%)
  - Elapsed: 2.6s, Estimated remaining: 2.6s
Validation: 80/150 batches (53.5%)
  - Batch Acc: 88.28%, Running Acc: 63.82%
Validation progress: 80/150 batches (53.3%)
  - Elapsed: 2.7s, Estimated remaining: 2.3s
Validation: 85/150 batches (56.8%)
  - Batch Acc: 32.81%, Running Acc: 62.88%
Validation progress: 85/150 batches (56.7%)
  - Elapsed: 2.7s, Estimated remaining: 2.0s
Validation: 90/150 batches (60.2%)
  - Batch Acc: 53.91%, Running Acc: 61.15%
Validation progress: 90/150 batches (60.0%)
  - Elapsed: 2.8s, Estimated remaining: 1.8s
Validation: 95/150 batches (63.5%)
  - Batch Acc: 84.38%, Running Acc: 62.01%
Validation progress: 95/150 batches (63.3%)
  - Elapsed: 2.8s, Estimated remaining: 1.6s
Validation: 100/150 batches (66.9%)
  - Batch Acc: 19.53%, Running Acc: 60.56%
Validation progress: 100/150 batches (66.7%)
  - Elapsed: 2.8s, Estimated remaining: 1.4s
Validation: 105/150 batches (70.2%)
  - Batch Acc: 100.00%, Running Acc: 60.48%
Validation progress: 105/150 batches (70.0%)
  - Elapsed: 2.9s, Estimated remaining: 1.2s
Validation: 110/150 batches (73.6%)
  - Batch Acc: 82.03%, Running Acc: 61.39%
Validation progress: 110/150 batches (73.3%)
  - Elapsed: 2.9s, Estimated remaining: 1.0s
Validation: 115/150 batches (76.9%)
  - Batch Acc: 82.03%, Running Acc: 61.36%
Validation progress: 115/150 batches (76.7%)
  - Elapsed: 3.0s, Estimated remaining: 0.9s
Validation: 120/150 batches (80.3%)
  - Batch Acc: 89.84%, Running Acc: 61.68%
Validation progress: 120/150 batches (80.0%)
  - Elapsed: 3.0s, Estimated remaining: 0.7s
Validation: 125/150 batches (83.6%)
  - Batch Acc: 87.50%, Running Acc: 61.34%
Validation progress: 125/150 batches (83.3%)
  - Elapsed: 3.0s, Estimated remaining: 0.6s
Validation: 130/150 batches (86.9%)
  - Batch Acc: 57.03%, Running Acc: 62.30%
Validation progress: 130/150 batches (86.7%)
  - Elapsed: 3.1s, Estimated remaining: 0.4s
Validation: 135/150 batches (90.3%)
  - Batch Acc: 54.69%, Running Acc: 61.76%
Validation progress: 135/150 batches (90.0%)
  - Elapsed: 3.1s, Estimated remaining: 0.3s
Validation: 140/150 batches (93.6%)
  - Batch Acc: 73.44%, Running Acc: 62.11%
Validation progress: 140/150 batches (93.3%)
  - Elapsed: 3.2s, Estimated remaining: 0.2s
Validation: 145/150 batches (97.0%)
  - Batch Acc: 15.62%, Running Acc: 62.03%
Validation progress: 145/150 batches (96.7%)
  - Elapsed: 3.2s, Estimated remaining: 0.1s
Validation: 150/150 batches (100.3%)
  - Batch Acc: 100.00%, Running Acc: 62.14%
Validation complete in 3.69s - Loss: 2.6660, Accuracy: 0.6214

==== Epoch 15/100 ====
Starting training phase...
Training on 76639 samples...
Training: 100/599 batches (16.7%)
  - Batch Acc: 100.00%, Running Acc: 99.97%
  - Loss: 0.0001, Grad Norm: 0.0006
  - Learning Rate: 0.000200
Training: 200/599 batches (33.4%)
  - Batch Acc: 100.00%, Running Acc: 99.93%
  - Loss: 0.0013, Grad Norm: 0.0217
  - Learning Rate: 0.000200
Training: 300/599 batches (50.1%)
  - Batch Acc: 100.00%, Running Acc: 99.91%
  - Loss: 0.0002, Grad Norm: 0.0023
  - Learning Rate: 0.000200
Training: 400/599 batches (66.8%)
  - Batch Acc: 100.00%, Running Acc: 99.92%
  - Loss: 0.0001, Grad Norm: 0.0005
  - Learning Rate: 0.000200
Training: 500/599 batches (83.5%)
  - Batch Acc: 100.00%, Running Acc: 99.93%
  - Loss: 0.0001, Grad Norm: 0.0011
  - Learning Rate: 0.000200
Training: 599/599 batches (100.0%)
  - Batch Acc: 100.00%, Running Acc: 99.93%
  - Loss: 0.0001, Grad Norm: 0.0008
  - Learning Rate: 0.000200

Training phase complete
Epoch Summary:
  - Average Loss: 0.0023
  - Average Accuracy: 99.93%
  - Average Grad Norm: 0.0321
  - Final Learning Rate: 0.000200
Starting validation phase...
Starting validation on 19140 samples...
Entering no_grad block for validation
Validation progress: 0/150 batches (0.0%)
  - Elapsed: 2.0s, Estimated remaining: 0.0s
Validation: 5/150 batches (3.3%)
  - Batch Acc: 73.44%, Running Acc: 70.94%
Validation progress: 5/150 batches (3.3%)
  - Elapsed: 2.0s, Estimated remaining: 49.0s
Validation: 10/150 batches (6.7%)
  - Batch Acc: 64.06%, Running Acc: 79.30%
Validation progress: 10/150 batches (6.7%)
  - Elapsed: 2.1s, Estimated remaining: 27.0s
Validation: 15/150 batches (10.0%)
  - Batch Acc: 42.97%, Running Acc: 68.12%
Validation progress: 15/150 batches (10.0%)
  - Elapsed: 2.1s, Estimated remaining: 18.0s
Validation: 20/150 batches (13.4%)
  - Batch Acc: 85.16%, Running Acc: 74.34%
Validation progress: 20/150 batches (13.3%)
  - Elapsed: 2.2s, Estimated remaining: 13.4s
Validation: 25/150 batches (16.7%)
  - Batch Acc: 8.59%, Running Acc: 74.62%
Validation progress: 25/150 batches (16.7%)
  - Elapsed: 2.2s, Estimated remaining: 10.6s
Validation: 30/150 batches (20.1%)
  - Batch Acc: 57.03%, Running Acc: 71.22%
Validation progress: 30/150 batches (20.0%)
  - Elapsed: 2.3s, Estimated remaining: 8.8s
Validation: 35/150 batches (23.4%)
  - Batch Acc: 35.16%, Running Acc: 70.56%
Validation progress: 35/150 batches (23.3%)
  - Elapsed: 2.3s, Estimated remaining: 7.3s
Validation: 40/150 batches (26.8%)
  - Batch Acc: 69.53%, Running Acc: 69.63%
Validation progress: 40/150 batches (26.7%)
  - Elapsed: 2.4s, Estimated remaining: 6.3s
Validation: 45/150 batches (30.1%)
  - Batch Acc: 64.06%, Running Acc: 69.39%
Validation progress: 45/150 batches (30.0%)
  - Elapsed: 2.4s, Estimated remaining: 5.5s
Validation: 50/150 batches (33.4%)
  - Batch Acc: 39.84%, Running Acc: 67.39%
Validation progress: 50/150 batches (33.3%)
  - Elapsed: 2.5s, Estimated remaining: 4.8s
Validation: 55/150 batches (36.8%)
  - Batch Acc: 43.75%, Running Acc: 66.39%
Validation progress: 55/150 batches (36.7%)
  - Elapsed: 2.5s, Estimated remaining: 4.2s
Validation: 60/150 batches (40.1%)
  - Batch Acc: 77.34%, Running Acc: 66.63%
Validation progress: 60/150 batches (40.0%)
  - Elapsed: 2.5s, Estimated remaining: 3.7s
Validation: 65/150 batches (43.5%)
  - Batch Acc: 80.47%, Running Acc: 68.76%
Validation progress: 65/150 batches (43.3%)
  - Elapsed: 2.6s, Estimated remaining: 3.3s
Validation: 70/150 batches (46.8%)
  - Batch Acc: 40.62%, Running Acc: 68.42%
Validation progress: 70/150 batches (46.7%)
  - Elapsed: 2.6s, Estimated remaining: 2.9s
Validation: 75/150 batches (50.2%)
  - Batch Acc: 50.78%, Running Acc: 66.81%
Validation progress: 75/150 batches (50.0%)
  - Elapsed: 2.7s, Estimated remaining: 2.6s
Validation: 80/150 batches (53.5%)
  - Batch Acc: 92.97%, Running Acc: 67.33%
Validation progress: 80/150 batches (53.3%)
  - Elapsed: 2.7s, Estimated remaining: 2.3s
Validation: 85/150 batches (56.8%)
  - Batch Acc: 31.25%, Running Acc: 66.56%
Validation progress: 85/150 batches (56.7%)
  - Elapsed: 2.8s, Estimated remaining: 2.1s
Validation: 90/150 batches (60.2%)
  - Batch Acc: 46.09%, Running Acc: 64.25%
Validation progress: 90/150 batches (60.0%)
  - Elapsed: 2.8s, Estimated remaining: 1.8s
Validation: 95/150 batches (63.5%)
  - Batch Acc: 50.00%, Running Acc: 63.69%
Validation progress: 95/150 batches (63.3%)
  - Elapsed: 2.8s, Estimated remaining: 1.6s
Validation: 100/150 batches (66.9%)
  - Batch Acc: 18.75%, Running Acc: 61.89%
Validation progress: 100/150 batches (66.7%)
  - Elapsed: 2.9s, Estimated remaining: 1.4s
Validation: 105/150 batches (70.2%)
  - Batch Acc: 100.00%, Running Acc: 61.18%
Validation progress: 105/150 batches (70.0%)
  - Elapsed: 2.9s, Estimated remaining: 1.2s
Validation: 110/150 batches (73.6%)
  - Batch Acc: 82.81%, Running Acc: 62.30%
Validation progress: 110/150 batches (73.3%)
  - Elapsed: 3.0s, Estimated remaining: 1.0s
Validation: 115/150 batches (76.9%)
  - Batch Acc: 84.38%, Running Acc: 62.53%
Validation progress: 115/150 batches (76.7%)
  - Elapsed: 3.0s, Estimated remaining: 0.9s
Validation: 120/150 batches (80.3%)
  - Batch Acc: 94.53%, Running Acc: 63.21%
Validation progress: 120/150 batches (80.0%)
  - Elapsed: 3.0s, Estimated remaining: 0.7s
Validation: 125/150 batches (83.6%)
  - Batch Acc: 100.00%, Running Acc: 63.21%
Validation progress: 125/150 batches (83.3%)
  - Elapsed: 3.1s, Estimated remaining: 0.6s
Validation: 130/150 batches (86.9%)
  - Batch Acc: 42.97%, Running Acc: 63.63%
Validation progress: 130/150 batches (86.7%)
  - Elapsed: 3.1s, Estimated remaining: 0.5s
Validation: 135/150 batches (90.3%)
  - Batch Acc: 72.66%, Running Acc: 63.21%
Validation progress: 135/150 batches (90.0%)
  - Elapsed: 3.2s, Estimated remaining: 0.3s
Validation: 140/150 batches (93.6%)
  - Batch Acc: 71.09%, Running Acc: 63.51%
Validation progress: 140/150 batches (93.3%)
  - Elapsed: 3.2s, Estimated remaining: 0.2s
Validation: 145/150 batches (97.0%)
  - Batch Acc: 15.62%, Running Acc: 63.55%
Validation progress: 145/150 batches (96.7%)
  - Elapsed: 3.2s, Estimated remaining: 0.1s
Validation: 150/150 batches (100.3%)
  - Batch Acc: 100.00%, Running Acc: 63.63%
Validation complete in 3.71s - Loss: 2.6219, Accuracy: 0.6363

==== Epoch 16/100 ====
Starting training phase...
Training on 76639 samples...
Training: 100/599 batches (16.7%)
  - Batch Acc: 100.00%, Running Acc: 99.97%
  - Loss: 0.0002, Grad Norm: 0.0016
  - Learning Rate: 0.000200
Training: 200/599 batches (33.4%)
  - Batch Acc: 100.00%, Running Acc: 99.98%
  - Loss: 0.0001, Grad Norm: 0.0004
  - Learning Rate: 0.000200
Training: 300/599 batches (50.1%)
  - Batch Acc: 100.00%, Running Acc: 99.98%
  - Loss: 0.0001, Grad Norm: 0.0006
  - Learning Rate: 0.000200
Training: 400/599 batches (66.8%)
  - Batch Acc: 100.00%, Running Acc: 99.99%
  - Loss: 0.0002, Grad Norm: 0.0023
  - Learning Rate: 0.000200
Training: 500/599 batches (83.5%)
  - Batch Acc: 100.00%, Running Acc: 99.98%
  - Loss: 0.0001, Grad Norm: 0.0007
  - Learning Rate: 0.000200
Training: 599/599 batches (100.0%)
  - Batch Acc: 100.00%, Running Acc: 99.98%
  - Loss: 0.0001, Grad Norm: 0.0006
  - Learning Rate: 0.000200

Training phase complete
Epoch Summary:
  - Average Loss: 0.0007
  - Average Accuracy: 99.98%
  - Average Grad Norm: 0.0142
  - Final Learning Rate: 0.000200
Starting validation phase...
Starting validation on 19140 samples...
Entering no_grad block for validation
Validation progress: 0/150 batches (0.0%)
  - Elapsed: 1.9s, Estimated remaining: 0.0s
Validation: 5/150 batches (3.3%)
  - Batch Acc: 75.00%, Running Acc: 65.62%
Validation progress: 5/150 batches (3.3%)
  - Elapsed: 2.0s, Estimated remaining: 46.9s
Validation: 10/150 batches (6.7%)
  - Batch Acc: 72.66%, Running Acc: 77.97%
Validation progress: 10/150 batches (6.7%)
  - Elapsed: 2.0s, Estimated remaining: 25.4s
Validation: 15/150 batches (10.0%)
  - Batch Acc: 38.28%, Running Acc: 65.89%
Validation progress: 15/150 batches (10.0%)
  - Elapsed: 2.0s, Estimated remaining: 17.0s
Validation: 20/150 batches (13.4%)
  - Batch Acc: 87.50%, Running Acc: 72.77%
Validation progress: 20/150 batches (13.3%)
  - Elapsed: 2.1s, Estimated remaining: 12.7s
Validation: 25/150 batches (16.7%)
  - Batch Acc: 9.38%, Running Acc: 73.94%
Validation progress: 25/150 batches (16.7%)
  - Elapsed: 2.1s, Estimated remaining: 10.1s
Validation: 30/150 batches (20.1%)
  - Batch Acc: 60.16%, Running Acc: 70.39%
Validation progress: 30/150 batches (20.0%)
  - Elapsed: 2.2s, Estimated remaining: 8.3s
Validation: 35/150 batches (23.4%)
  - Batch Acc: 34.38%, Running Acc: 69.60%
Validation progress: 35/150 batches (23.3%)
  - Elapsed: 2.2s, Estimated remaining: 7.0s
Validation: 40/150 batches (26.8%)
  - Batch Acc: 67.97%, Running Acc: 68.44%
Validation progress: 40/150 batches (26.7%)
  - Elapsed: 2.2s, Estimated remaining: 6.0s
Validation: 45/150 batches (30.1%)
  - Batch Acc: 56.25%, Running Acc: 68.04%
Validation progress: 45/150 batches (30.0%)
  - Elapsed: 2.3s, Estimated remaining: 5.2s
Validation: 50/150 batches (33.4%)
  - Batch Acc: 40.62%, Running Acc: 65.64%
Validation progress: 50/150 batches (33.3%)
  - Elapsed: 2.3s, Estimated remaining: 4.5s
Validation: 55/150 batches (36.8%)
  - Batch Acc: 51.56%, Running Acc: 65.18%
Validation progress: 55/150 batches (36.7%)
  - Elapsed: 2.4s, Estimated remaining: 4.0s
Validation: 60/150 batches (40.1%)
  - Batch Acc: 82.03%, Running Acc: 65.73%
Validation progress: 60/150 batches (40.0%)
  - Elapsed: 2.4s, Estimated remaining: 3.5s
Validation: 65/150 batches (43.5%)
  - Batch Acc: 82.81%, Running Acc: 68.03%
Validation progress: 65/150 batches (43.3%)
  - Elapsed: 2.5s, Estimated remaining: 3.1s
Validation: 70/150 batches (46.8%)
  - Batch Acc: 50.00%, Running Acc: 68.16%
Validation progress: 70/150 batches (46.7%)
  - Elapsed: 2.5s, Estimated remaining: 2.8s
Validation: 75/150 batches (50.2%)
  - Batch Acc: 46.88%, Running Acc: 66.41%
Validation progress: 75/150 batches (50.0%)
  - Elapsed: 2.6s, Estimated remaining: 2.5s
Validation: 80/150 batches (53.5%)
  - Batch Acc: 97.66%, Running Acc: 66.60%
Validation progress: 80/150 batches (53.3%)
  - Elapsed: 2.6s, Estimated remaining: 2.2s
Validation: 85/150 batches (56.8%)
  - Batch Acc: 35.16%, Running Acc: 66.12%
Validation progress: 85/150 batches (56.7%)
  - Elapsed: 2.7s, Estimated remaining: 2.0s
Validation: 90/150 batches (60.2%)
  - Batch Acc: 32.03%, Running Acc: 63.43%
Validation progress: 90/150 batches (60.0%)
  - Elapsed: 2.7s, Estimated remaining: 1.7s
Validation: 95/150 batches (63.5%)
  - Batch Acc: 33.59%, Running Acc: 62.43%
Validation progress: 95/150 batches (63.3%)
  - Elapsed: 2.7s, Estimated remaining: 1.5s
Validation: 100/150 batches (66.9%)
  - Batch Acc: 17.97%, Running Acc: 60.36%
Validation progress: 100/150 batches (66.7%)
  - Elapsed: 2.8s, Estimated remaining: 1.3s
Validation: 105/150 batches (70.2%)
  - Batch Acc: 100.00%, Running Acc: 59.88%
Validation progress: 105/150 batches (70.0%)
  - Elapsed: 2.8s, Estimated remaining: 1.2s
Validation: 110/150 batches (73.6%)
  - Batch Acc: 85.16%, Running Acc: 61.36%
Validation progress: 110/150 batches (73.3%)
  - Elapsed: 2.9s, Estimated remaining: 1.0s
Validation: 115/150 batches (76.9%)
  - Batch Acc: 84.38%, Running Acc: 62.04%
Validation progress: 115/150 batches (76.7%)
  - Elapsed: 2.9s, Estimated remaining: 0.8s
Validation: 120/150 batches (80.3%)
  - Batch Acc: 93.75%, Running Acc: 62.90%
Validation progress: 120/150 batches (80.0%)
  - Elapsed: 2.9s, Estimated remaining: 0.7s
Validation: 125/150 batches (83.6%)
  - Batch Acc: 100.00%, Running Acc: 63.21%
Validation progress: 125/150 batches (83.3%)
  - Elapsed: 3.0s, Estimated remaining: 0.6s
Validation: 130/150 batches (86.9%)
  - Batch Acc: 25.78%, Running Acc: 63.28%
Validation progress: 130/150 batches (86.7%)
  - Elapsed: 3.0s, Estimated remaining: 0.4s
Validation: 135/150 batches (90.3%)
  - Batch Acc: 76.56%, Running Acc: 63.04%
Validation progress: 135/150 batches (90.0%)
  - Elapsed: 3.1s, Estimated remaining: 0.3s
Validation: 140/150 batches (93.6%)
  - Batch Acc: 61.72%, Running Acc: 63.24%
Validation progress: 140/150 batches (93.3%)
  - Elapsed: 3.1s, Estimated remaining: 0.2s
Validation: 145/150 batches (97.0%)
  - Batch Acc: 15.62%, Running Acc: 63.21%
Validation progress: 145/150 batches (96.7%)
  - Elapsed: 3.1s, Estimated remaining: 0.1s
Validation: 150/150 batches (100.3%)
  - Batch Acc: 100.00%, Running Acc: 63.26%
Validation complete in 3.60s - Loss: 2.8005, Accuracy: 0.6326
Early stopping triggered at epoch 16

==== Fold 5 training complete, evaluating best model ====
Starting final evaluation...
Evaluating 19140 samples across 150 batches
Evaluating batch 1/150
Evaluating batch 8/150
Evaluating batch 15/150
Evaluating batch 22/150
Evaluating batch 29/150
Evaluation: 35/150 batches, Running Acc: 68.57%, Loss: 2.9610
Evaluating batch 36/150
Evaluating batch 43/150
Evaluating batch 50/150
Evaluating batch 57/150
Evaluating batch 64/150
Evaluation: 70/150 batches, Running Acc: 67.41%, Loss: 3.1493
Evaluating batch 71/150
Evaluating batch 78/150
Evaluating batch 85/150
Evaluating batch 92/150
Evaluating batch 99/150
Evaluation: 105/150 batches, Running Acc: 61.29%, Loss: 0.0015
Evaluating batch 106/150
Evaluating batch 113/150
Evaluating batch 120/150
Evaluating batch 127/150
Evaluating batch 134/150
Evaluation: 140/150 batches, Running Acc: 64.94%, Loss: 2.3445
Evaluating batch 141/150
Evaluating batch 148/150
Evaluation: 150/150 batches, Running Acc: 64.98%, Loss: 0.1974
Computing final evaluation metrics
Evaluation complete - Test Loss: 1.4212, Accuracy: 0.6498, F1 Score: 0.6384
FC-MLP Training completed at Tue Apr 15 12:11:08 AM EDT 2025
