Starting FC-MLP training with 16 CPUs and 1 GPU at Mon Apr 14 11:30:02 PM EDT 2025

==== Starting fold 1/5 ====
Train: 79586 FC vectors, Validation: 19895 FC vectors
Using ReduceLROnPlateau scheduler monitoring validation val_accuracy

==== Epoch 1/100 ====
Starting training phase...
Training on 79586 samples...
Training: 100/622 batches (16.1%)
  - Batch Acc: 79.69%, Running Acc: 68.21%
  - Loss: 0.4249, Grad Norm: 1.0307
  - Learning Rate: 0.001000
Training: 200/622 batches (32.2%)
  - Batch Acc: 94.53%, Running Acc: 77.89%
  - Loss: 0.1536, Grad Norm: 0.5607
  - Learning Rate: 0.001000
Training: 300/622 batches (48.2%)
  - Batch Acc: 94.53%, Running Acc: 82.92%
  - Loss: 0.1257, Grad Norm: 0.4939
  - Learning Rate: 0.001000
Training: 400/622 batches (64.3%)
  - Batch Acc: 94.53%, Running Acc: 85.87%
  - Loss: 0.1234, Grad Norm: 0.5748
  - Learning Rate: 0.001000
Training: 500/622 batches (80.4%)
  - Batch Acc: 98.44%, Running Acc: 87.83%
  - Loss: 0.0776, Grad Norm: 0.3612
  - Learning Rate: 0.001000
Training: 600/622 batches (96.5%)
  - Batch Acc: 95.31%, Running Acc: 89.21%
  - Loss: 0.1048, Grad Norm: 0.4251
  - Learning Rate: 0.001000
Training: 622/622 batches (100.0%)
  - Batch Acc: 94.90%, Running Acc: 89.46%
  - Loss: 0.1387, Grad Norm: 0.9296
  - Learning Rate: 0.001000

Training phase complete
Epoch Summary:
  - Average Loss: 0.2359
  - Average Accuracy: 89.46%
  - Average Grad Norm: 0.7720
  - Final Learning Rate: 0.001000
Starting validation phase...
Starting validation on 19895 samples...
Entering no_grad block for validation
Validation progress: 0/156 batches (0.0%)
  - Elapsed: 1.5s, Estimated remaining: 0.0s
Validation: 5/156 batches (3.2%)
  - Batch Acc: 57.03%, Running Acc: 47.19%
Validation progress: 5/156 batches (3.2%)
  - Elapsed: 1.5s, Estimated remaining: 38.5s
Validation: 10/156 batches (6.4%)
  - Batch Acc: 63.28%, Running Acc: 55.94%
Validation progress: 10/156 batches (6.4%)
  - Elapsed: 1.6s, Estimated remaining: 20.7s
Validation: 15/156 batches (9.7%)
  - Batch Acc: 66.41%, Running Acc: 53.91%
Validation progress: 15/156 batches (9.6%)
  - Elapsed: 1.6s, Estimated remaining: 13.9s
Validation: 20/156 batches (12.9%)
  - Batch Acc: 70.31%, Running Acc: 55.59%
Validation progress: 20/156 batches (12.8%)
  - Elapsed: 1.6s, Estimated remaining: 10.4s
Validation: 25/156 batches (16.1%)
  - Batch Acc: 58.59%, Running Acc: 57.53%
Validation progress: 25/156 batches (16.0%)
  - Elapsed: 1.6s, Estimated remaining: 8.2s
Validation: 30/156 batches (19.3%)
  - Batch Acc: 100.00%, Running Acc: 57.21%
Validation progress: 30/156 batches (19.2%)
  - Elapsed: 1.7s, Estimated remaining: 6.8s
Validation: 35/156 batches (22.5%)
  - Batch Acc: 0.78%, Running Acc: 58.50%
Validation progress: 35/156 batches (22.4%)
  - Elapsed: 1.7s, Estimated remaining: 5.8s
Validation: 40/156 batches (25.7%)
  - Batch Acc: 12.50%, Running Acc: 58.18%
Validation progress: 40/156 batches (25.6%)
  - Elapsed: 1.8s, Estimated remaining: 5.0s
Validation: 45/156 batches (29.0%)
  - Batch Acc: 95.31%, Running Acc: 57.34%
Validation progress: 45/156 batches (28.8%)
  - Elapsed: 1.8s, Estimated remaining: 4.4s
Validation: 50/156 batches (32.2%)
  - Batch Acc: 28.12%, Running Acc: 55.95%
Validation progress: 50/156 batches (32.1%)
  - Elapsed: 1.9s, Estimated remaining: 3.8s
Validation: 55/156 batches (35.4%)
  - Batch Acc: 55.47%, Running Acc: 56.34%
Validation progress: 55/156 batches (35.3%)
  - Elapsed: 1.9s, Estimated remaining: 3.4s
Validation: 60/156 batches (38.6%)
  - Batch Acc: 86.72%, Running Acc: 57.42%
Validation progress: 60/156 batches (38.5%)
  - Elapsed: 1.9s, Estimated remaining: 3.0s
Validation: 65/156 batches (41.8%)
  - Batch Acc: 96.09%, Running Acc: 59.71%
Validation progress: 65/156 batches (41.7%)
  - Elapsed: 2.0s, Estimated remaining: 2.7s
Validation: 70/156 batches (45.0%)
  - Batch Acc: 100.00%, Running Acc: 62.37%
Validation progress: 70/156 batches (44.9%)
  - Elapsed: 2.0s, Estimated remaining: 2.4s
Validation: 75/156 batches (48.3%)
  - Batch Acc: 59.38%, Running Acc: 61.88%
Validation progress: 75/156 batches (48.1%)
  - Elapsed: 2.0s, Estimated remaining: 2.1s
Validation: 80/156 batches (51.5%)
  - Batch Acc: 28.12%, Running Acc: 62.82%
Validation progress: 80/156 batches (51.3%)
  - Elapsed: 2.1s, Estimated remaining: 1.9s
Validation: 85/156 batches (54.7%)
  - Batch Acc: 82.03%, Running Acc: 63.38%
Validation progress: 85/156 batches (54.5%)
  - Elapsed: 2.1s, Estimated remaining: 1.7s
Validation: 90/156 batches (57.9%)
  - Batch Acc: 39.06%, Running Acc: 64.14%
Validation progress: 90/156 batches (57.7%)
  - Elapsed: 2.1s, Estimated remaining: 1.5s
Validation: 95/156 batches (61.1%)
  - Batch Acc: 5.47%, Running Acc: 63.56%
Validation progress: 95/156 batches (60.9%)
  - Elapsed: 2.2s, Estimated remaining: 1.4s
Validation: 100/156 batches (64.3%)
  - Batch Acc: 14.84%, Running Acc: 62.69%
Validation progress: 100/156 batches (64.1%)
  - Elapsed: 2.2s, Estimated remaining: 1.2s
Validation: 105/156 batches (67.6%)
  - Batch Acc: 18.75%, Running Acc: 62.07%
Validation progress: 105/156 batches (67.3%)
  - Elapsed: 2.3s, Estimated remaining: 1.1s
Validation: 110/156 batches (70.8%)
  - Batch Acc: 96.09%, Running Acc: 63.73%
Validation progress: 110/156 batches (70.5%)
  - Elapsed: 2.3s, Estimated remaining: 0.9s
Validation: 115/156 batches (74.0%)
  - Batch Acc: 37.50%, Running Acc: 63.89%
Validation progress: 115/156 batches (73.7%)
  - Elapsed: 2.3s, Estimated remaining: 0.8s
Validation: 120/156 batches (77.2%)
  - Batch Acc: 11.72%, Running Acc: 63.37%
Validation progress: 120/156 batches (76.9%)
  - Elapsed: 2.4s, Estimated remaining: 0.7s
Validation: 125/156 batches (80.4%)
  - Batch Acc: 39.84%, Running Acc: 62.96%
Validation progress: 125/156 batches (80.1%)
  - Elapsed: 2.4s, Estimated remaining: 0.6s
Validation: 130/156 batches (83.6%)
  - Batch Acc: 67.97%, Running Acc: 63.46%
Validation progress: 130/156 batches (83.3%)
  - Elapsed: 2.4s, Estimated remaining: 0.5s
Validation: 135/156 batches (86.9%)
  - Batch Acc: 95.31%, Running Acc: 63.34%
Validation progress: 135/156 batches (86.5%)
  - Elapsed: 2.5s, Estimated remaining: 0.4s
Validation: 140/156 batches (90.1%)
  - Batch Acc: 18.75%, Running Acc: 63.01%
Validation progress: 140/156 batches (89.7%)
  - Elapsed: 2.5s, Estimated remaining: 0.3s
Validation: 145/156 batches (93.3%)
  - Batch Acc: 16.41%, Running Acc: 63.07%
Validation progress: 145/156 batches (92.9%)
  - Elapsed: 2.6s, Estimated remaining: 0.2s
Validation: 150/156 batches (96.5%)
  - Batch Acc: 74.22%, Running Acc: 63.10%
Validation progress: 150/156 batches (96.2%)
  - Elapsed: 2.6s, Estimated remaining: 0.1s
Validation: 155/156 batches (99.7%)
  - Batch Acc: 91.41%, Running Acc: 63.76%
Validation progress: 155/156 batches (99.4%)
  - Elapsed: 2.6s, Estimated remaining: 0.0s
Validation: 156/156 batches (100.4%)
  - Batch Acc: 100.00%, Running Acc: 63.86%
Validation complete in 2.98s - Loss: 1.4077, Accuracy: 0.6386

==== Epoch 2/100 ====
Starting training phase...
Training on 79586 samples...
Training: 100/622 batches (16.1%)
  - Batch Acc: 96.09%, Running Acc: 96.77%
  - Loss: 0.0940, Grad Norm: 0.7728
  - Learning Rate: 0.001000
Training: 200/622 batches (32.2%)
  - Batch Acc: 96.88%, Running Acc: 97.11%
  - Loss: 0.0543, Grad Norm: 0.2454
  - Learning Rate: 0.001000
Training: 300/622 batches (48.2%)
  - Batch Acc: 96.88%, Running Acc: 97.12%
  - Loss: 0.0884, Grad Norm: 0.3773
  - Learning Rate: 0.001000
Training: 400/622 batches (64.3%)
  - Batch Acc: 98.44%, Running Acc: 97.13%
  - Loss: 0.0296, Grad Norm: 0.1689
  - Learning Rate: 0.001000
Training: 500/622 batches (80.4%)
  - Batch Acc: 95.31%, Running Acc: 97.18%
  - Loss: 0.0962, Grad Norm: 0.4439
  - Learning Rate: 0.001000
Training: 600/622 batches (96.5%)
  - Batch Acc: 98.44%, Running Acc: 97.29%
  - Loss: 0.0470, Grad Norm: 0.1982
  - Learning Rate: 0.001000
Training: 622/622 batches (100.0%)
  - Batch Acc: 96.94%, Running Acc: 97.30%
  - Loss: 0.0810, Grad Norm: 0.6657
  - Learning Rate: 0.001000

Training phase complete
Epoch Summary:
  - Average Loss: 0.0668
  - Average Accuracy: 97.30%
  - Average Grad Norm: 0.3516
  - Final Learning Rate: 0.001000
Starting validation phase...
Starting validation on 19895 samples...
Entering no_grad block for validation
Validation progress: 0/156 batches (0.0%)
  - Elapsed: 2.0s, Estimated remaining: 0.0s
Validation: 5/156 batches (3.2%)
  - Batch Acc: 95.31%, Running Acc: 82.19%
Validation progress: 5/156 batches (3.2%)
  - Elapsed: 2.0s, Estimated remaining: 51.0s
Validation: 10/156 batches (6.4%)
  - Batch Acc: 53.12%, Running Acc: 70.47%
Validation progress: 10/156 batches (6.4%)
  - Elapsed: 2.1s, Estimated remaining: 27.6s
Validation: 15/156 batches (9.7%)
  - Batch Acc: 53.91%, Running Acc: 60.47%
Validation progress: 15/156 batches (9.6%)
  - Elapsed: 2.1s, Estimated remaining: 18.5s
Validation: 20/156 batches (12.9%)
  - Batch Acc: 44.53%, Running Acc: 60.00%
Validation progress: 20/156 batches (12.8%)
  - Elapsed: 2.2s, Estimated remaining: 13.8s
Validation: 25/156 batches (16.1%)
  - Batch Acc: 71.09%, Running Acc: 60.94%
Validation progress: 25/156 batches (16.0%)
  - Elapsed: 2.2s, Estimated remaining: 11.0s
Validation: 30/156 batches (19.3%)
  - Batch Acc: 100.00%, Running Acc: 59.35%
Validation progress: 30/156 batches (19.2%)
  - Elapsed: 2.2s, Estimated remaining: 9.0s
Validation: 35/156 batches (22.5%)
  - Batch Acc: 26.56%, Running Acc: 62.63%
Validation progress: 35/156 batches (22.4%)
  - Elapsed: 2.3s, Estimated remaining: 7.6s
Validation: 40/156 batches (25.7%)
  - Batch Acc: 100.00%, Running Acc: 66.68%
Validation progress: 40/156 batches (25.6%)
  - Elapsed: 2.3s, Estimated remaining: 6.5s
Validation: 45/156 batches (29.0%)
  - Batch Acc: 100.00%, Running Acc: 66.58%
Validation progress: 45/156 batches (28.8%)
  - Elapsed: 2.3s, Estimated remaining: 5.6s
Validation: 50/156 batches (32.2%)
  - Batch Acc: 63.28%, Running Acc: 66.00%
Validation progress: 50/156 batches (32.1%)
  - Elapsed: 2.4s, Estimated remaining: 4.9s
Validation: 55/156 batches (35.4%)
  - Batch Acc: 72.66%, Running Acc: 66.63%
Validation progress: 55/156 batches (35.3%)
  - Elapsed: 2.4s, Estimated remaining: 4.3s
Validation: 60/156 batches (38.6%)
  - Batch Acc: 71.09%, Running Acc: 66.29%
Validation progress: 60/156 batches (38.5%)
  - Elapsed: 2.5s, Estimated remaining: 3.9s
Validation: 65/156 batches (41.8%)
  - Batch Acc: 87.50%, Running Acc: 67.09%
Validation progress: 65/156 batches (41.7%)
  - Elapsed: 2.5s, Estimated remaining: 3.4s
Validation: 70/156 batches (45.0%)
  - Batch Acc: 50.00%, Running Acc: 67.51%
Validation progress: 70/156 batches (44.9%)
  - Elapsed: 2.5s, Estimated remaining: 3.0s
Validation: 75/156 batches (48.3%)
  - Batch Acc: 35.16%, Running Acc: 65.40%
Validation progress: 75/156 batches (48.1%)
  - Elapsed: 2.6s, Estimated remaining: 2.7s
Validation: 80/156 batches (51.5%)
  - Batch Acc: 77.34%, Running Acc: 65.50%
Validation progress: 80/156 batches (51.3%)
  - Elapsed: 2.6s, Estimated remaining: 2.4s
Validation: 85/156 batches (54.7%)
  - Batch Acc: 10.16%, Running Acc: 65.39%
Validation progress: 85/156 batches (54.5%)
  - Elapsed: 2.7s, Estimated remaining: 2.2s
Validation: 90/156 batches (57.9%)
  - Batch Acc: 72.66%, Running Acc: 65.33%
Validation progress: 90/156 batches (57.7%)
  - Elapsed: 2.7s, Estimated remaining: 1.9s
Validation: 95/156 batches (61.1%)
  - Batch Acc: 32.81%, Running Acc: 65.98%
Validation progress: 95/156 batches (60.9%)
  - Elapsed: 2.7s, Estimated remaining: 1.7s
Validation: 100/156 batches (64.3%)
  - Batch Acc: 75.00%, Running Acc: 66.56%
Validation progress: 100/156 batches (64.1%)
  - Elapsed: 2.8s, Estimated remaining: 1.5s
Validation: 105/156 batches (67.6%)
  - Batch Acc: 10.94%, Running Acc: 66.96%
Validation progress: 105/156 batches (67.3%)
  - Elapsed: 2.8s, Estimated remaining: 1.3s
Validation: 110/156 batches (70.8%)
  - Batch Acc: 68.75%, Running Acc: 67.85%
Validation progress: 110/156 batches (70.5%)
  - Elapsed: 2.9s, Estimated remaining: 1.2s
Validation: 115/156 batches (74.0%)
  - Batch Acc: 4.69%, Running Acc: 66.75%
Validation progress: 115/156 batches (73.7%)
  - Elapsed: 2.9s, Estimated remaining: 1.0s
Validation: 120/156 batches (77.2%)
  - Batch Acc: 0.00%, Running Acc: 65.22%
Validation progress: 120/156 batches (76.9%)
  - Elapsed: 3.0s, Estimated remaining: 0.9s
Validation: 125/156 batches (80.4%)
  - Batch Acc: 31.25%, Running Acc: 64.10%
Validation progress: 125/156 batches (80.1%)
  - Elapsed: 3.0s, Estimated remaining: 0.7s
Validation: 130/156 batches (83.6%)
  - Batch Acc: 75.00%, Running Acc: 63.67%
Validation progress: 130/156 batches (83.3%)
  - Elapsed: 3.0s, Estimated remaining: 0.6s
Validation: 135/156 batches (86.9%)
  - Batch Acc: 27.34%, Running Acc: 63.74%
Validation progress: 135/156 batches (86.5%)
  - Elapsed: 3.1s, Estimated remaining: 0.5s
Validation: 140/156 batches (90.1%)
  - Batch Acc: 0.00%, Running Acc: 62.34%
Validation progress: 140/156 batches (89.7%)
  - Elapsed: 3.1s, Estimated remaining: 0.3s
Validation: 145/156 batches (93.3%)
  - Batch Acc: 57.03%, Running Acc: 62.58%
Validation progress: 145/156 batches (92.9%)
  - Elapsed: 3.2s, Estimated remaining: 0.2s
Validation: 150/156 batches (96.5%)
  - Batch Acc: 80.47%, Running Acc: 62.49%
Validation progress: 150/156 batches (96.2%)
  - Elapsed: 3.2s, Estimated remaining: 0.1s
Validation: 155/156 batches (99.7%)
  - Batch Acc: 73.44%, Running Acc: 62.72%
Validation progress: 155/156 batches (99.4%)
  - Elapsed: 3.2s, Estimated remaining: 0.0s
Validation: 156/156 batches (100.4%)
  - Batch Acc: 83.64%, Running Acc: 62.78%
Validation complete in 3.70s - Loss: 1.7357, Accuracy: 0.6278

==== Epoch 3/100 ====
Starting training phase...
Training on 79586 samples...
Training: 100/622 batches (16.1%)
  - Batch Acc: 96.88%, Running Acc: 97.25%
  - Loss: 0.0978, Grad Norm: 0.5677
  - Learning Rate: 0.001000
Training: 200/622 batches (32.2%)
  - Batch Acc: 97.66%, Running Acc: 97.62%
  - Loss: 0.0671, Grad Norm: 0.2866
  - Learning Rate: 0.001000
Training: 300/622 batches (48.2%)
  - Batch Acc: 97.66%, Running Acc: 97.53%
  - Loss: 0.0331, Grad Norm: 0.1692
  - Learning Rate: 0.001000
Training: 400/622 batches (64.3%)
  - Batch Acc: 97.66%, Running Acc: 97.59%
  - Loss: 0.0639, Grad Norm: 0.5238
  - Learning Rate: 0.001000
Training: 500/622 batches (80.4%)
  - Batch Acc: 100.00%, Running Acc: 97.67%
  - Loss: 0.0120, Grad Norm: 0.1002
  - Learning Rate: 0.001000
Training: 600/622 batches (96.5%)
  - Batch Acc: 98.44%, Running Acc: 97.77%
  - Loss: 0.0498, Grad Norm: 0.3391
  - Learning Rate: 0.001000
Training: 622/622 batches (100.0%)
  - Batch Acc: 98.98%, Running Acc: 97.79%
  - Loss: 0.0464, Grad Norm: 0.5869
  - Learning Rate: 0.001000

Training phase complete
Epoch Summary:
  - Average Loss: 0.0532
  - Average Accuracy: 97.79%
  - Average Grad Norm: 0.2888
  - Final Learning Rate: 0.001000
Starting validation phase...
Starting validation on 19895 samples...
Entering no_grad block for validation
Validation progress: 0/156 batches (0.0%)
  - Elapsed: 2.1s, Estimated remaining: 0.0s
Validation: 5/156 batches (3.2%)
  - Batch Acc: 44.53%, Running Acc: 50.31%
Validation progress: 5/156 batches (3.2%)
  - Elapsed: 2.1s, Estimated remaining: 52.2s
Validation: 10/156 batches (6.4%)
  - Batch Acc: 65.62%, Running Acc: 58.05%
Validation progress: 10/156 batches (6.4%)
  - Elapsed: 2.1s, Estimated remaining: 28.2s
Validation: 15/156 batches (9.7%)
  - Batch Acc: 55.47%, Running Acc: 54.64%
Validation progress: 15/156 batches (9.6%)
  - Elapsed: 2.2s, Estimated remaining: 18.9s
Validation: 20/156 batches (12.9%)
  - Batch Acc: 74.22%, Running Acc: 57.07%
Validation progress: 20/156 batches (12.8%)
  - Elapsed: 2.2s, Estimated remaining: 14.2s
Validation: 25/156 batches (16.1%)
  - Batch Acc: 32.81%, Running Acc: 58.47%
Validation progress: 25/156 batches (16.0%)
  - Elapsed: 2.3s, Estimated remaining: 11.3s
Validation: 30/156 batches (19.3%)
  - Batch Acc: 100.00%, Running Acc: 57.76%
Validation progress: 30/156 batches (19.2%)
  - Elapsed: 2.3s, Estimated remaining: 9.2s
Validation: 35/156 batches (22.5%)
  - Batch Acc: 2.34%, Running Acc: 58.01%
Validation progress: 35/156 batches (22.4%)
  - Elapsed: 2.3s, Estimated remaining: 7.8s
Validation: 40/156 batches (25.7%)
  - Batch Acc: 16.41%, Running Acc: 58.57%
Validation progress: 40/156 batches (25.6%)
  - Elapsed: 2.4s, Estimated remaining: 6.7s
Validation: 45/156 batches (29.0%)
  - Batch Acc: 99.22%, Running Acc: 57.45%
Validation progress: 45/156 batches (28.8%)
  - Elapsed: 2.4s, Estimated remaining: 5.8s
Validation: 50/156 batches (32.2%)
  - Batch Acc: 16.41%, Running Acc: 55.95%
Validation progress: 50/156 batches (32.1%)
  - Elapsed: 2.4s, Estimated remaining: 5.0s
Validation: 55/156 batches (35.4%)
  - Batch Acc: 62.50%, Running Acc: 55.64%
Validation progress: 55/156 batches (35.3%)
  - Elapsed: 2.5s, Estimated remaining: 4.4s
Validation: 60/156 batches (38.6%)
  - Batch Acc: 85.94%, Running Acc: 57.02%
Validation progress: 60/156 batches (38.5%)
  - Elapsed: 2.5s, Estimated remaining: 3.9s
Validation: 65/156 batches (41.8%)
  - Batch Acc: 91.41%, Running Acc: 59.77%
Validation progress: 65/156 batches (41.7%)
  - Elapsed: 2.6s, Estimated remaining: 3.5s
Validation: 70/156 batches (45.0%)
  - Batch Acc: 92.97%, Running Acc: 62.54%
Validation progress: 70/156 batches (44.9%)
  - Elapsed: 2.6s, Estimated remaining: 3.1s
Validation: 75/156 batches (48.3%)
  - Batch Acc: 50.78%, Running Acc: 62.11%
Validation progress: 75/156 batches (48.1%)
  - Elapsed: 2.6s, Estimated remaining: 2.8s
Validation: 80/156 batches (51.5%)
  - Batch Acc: 7.81%, Running Acc: 62.79%
Validation progress: 80/156 batches (51.3%)
  - Elapsed: 2.7s, Estimated remaining: 2.5s
Validation: 85/156 batches (54.7%)
  - Batch Acc: 83.59%, Running Acc: 63.48%
Validation progress: 85/156 batches (54.5%)
  - Elapsed: 2.7s, Estimated remaining: 2.2s
Validation: 90/156 batches (57.9%)
  - Batch Acc: 20.31%, Running Acc: 63.45%
Validation progress: 90/156 batches (57.7%)
  - Elapsed: 2.8s, Estimated remaining: 2.0s
Validation: 95/156 batches (61.1%)
  - Batch Acc: 13.28%, Running Acc: 62.97%
Validation progress: 95/156 batches (60.9%)
  - Elapsed: 2.8s, Estimated remaining: 1.7s
Validation: 100/156 batches (64.3%)
  - Batch Acc: 3.91%, Running Acc: 61.88%
Validation progress: 100/156 batches (64.1%)
  - Elapsed: 2.8s, Estimated remaining: 1.5s
Validation: 105/156 batches (67.6%)
  - Batch Acc: 40.62%, Running Acc: 61.33%
Validation progress: 105/156 batches (67.3%)
  - Elapsed: 2.9s, Estimated remaining: 1.4s
Validation: 110/156 batches (70.8%)
  - Batch Acc: 92.19%, Running Acc: 62.99%
Validation progress: 110/156 batches (70.5%)
  - Elapsed: 2.9s, Estimated remaining: 1.2s
Validation: 115/156 batches (74.0%)
  - Batch Acc: 67.19%, Running Acc: 63.66%
Validation progress: 115/156 batches (73.7%)
  - Elapsed: 2.9s, Estimated remaining: 1.0s
Validation: 120/156 batches (77.2%)
  - Batch Acc: 37.50%, Running Acc: 63.54%
Validation progress: 120/156 batches (76.9%)
  - Elapsed: 3.0s, Estimated remaining: 0.9s
Validation: 125/156 batches (80.4%)
  - Batch Acc: 50.00%, Running Acc: 63.44%
Validation progress: 125/156 batches (80.1%)
  - Elapsed: 3.0s, Estimated remaining: 0.7s
Validation: 130/156 batches (83.6%)
  - Batch Acc: 71.09%, Running Acc: 63.96%
Validation progress: 130/156 batches (83.3%)
  - Elapsed: 3.1s, Estimated remaining: 0.6s
Validation: 135/156 batches (86.9%)
  - Batch Acc: 96.88%, Running Acc: 63.50%
Validation progress: 135/156 batches (86.5%)
  - Elapsed: 3.1s, Estimated remaining: 0.5s
Validation: 140/156 batches (90.1%)
  - Batch Acc: 15.62%, Running Acc: 63.33%
Validation progress: 140/156 batches (89.7%)
  - Elapsed: 3.1s, Estimated remaining: 0.3s
Validation: 145/156 batches (93.3%)
  - Batch Acc: 44.53%, Running Acc: 63.50%
Validation progress: 145/156 batches (92.9%)
  - Elapsed: 3.2s, Estimated remaining: 0.2s
Validation: 150/156 batches (96.5%)
  - Batch Acc: 89.84%, Running Acc: 63.67%
Validation progress: 150/156 batches (96.2%)
  - Elapsed: 3.2s, Estimated remaining: 0.1s
Validation: 155/156 batches (99.7%)
  - Batch Acc: 92.19%, Running Acc: 64.30%
Validation progress: 155/156 batches (99.4%)
  - Elapsed: 3.2s, Estimated remaining: 0.0s
Validation: 156/156 batches (100.4%)
  - Batch Acc: 83.64%, Running Acc: 64.35%
Validation complete in 3.69s - Loss: 1.7744, Accuracy: 0.6435

==== Epoch 4/100 ====
Starting training phase...
Training on 79586 samples...
Training: 100/622 batches (16.1%)
  - Batch Acc: 96.09%, Running Acc: 98.17%
  - Loss: 0.0974, Grad Norm: 0.2748
  - Learning Rate: 0.001000
Training: 200/622 batches (32.2%)
  - Batch Acc: 98.44%, Running Acc: 98.14%
  - Loss: 0.0364, Grad Norm: 0.1412
  - Learning Rate: 0.001000
Training: 300/622 batches (48.2%)
  - Batch Acc: 98.44%, Running Acc: 98.30%
  - Loss: 0.0300, Grad Norm: 0.1293
  - Learning Rate: 0.001000
Training: 400/622 batches (64.3%)
  - Batch Acc: 97.66%, Running Acc: 98.23%
  - Loss: 0.0524, Grad Norm: 0.4092
  - Learning Rate: 0.001000
Training: 500/622 batches (80.4%)
  - Batch Acc: 98.44%, Running Acc: 98.22%
  - Loss: 0.0359, Grad Norm: 0.1263
  - Learning Rate: 0.001000
Training: 600/622 batches (96.5%)
  - Batch Acc: 96.88%, Running Acc: 98.23%
  - Loss: 0.0465, Grad Norm: 0.1746
  - Learning Rate: 0.001000
Training: 622/622 batches (100.0%)
  - Batch Acc: 100.00%, Running Acc: 98.23%
  - Loss: 0.0117, Grad Norm: 0.0581
  - Learning Rate: 0.001000

Training phase complete
Epoch Summary:
  - Average Loss: 0.0420
  - Average Accuracy: 98.23%
  - Average Grad Norm: 0.2275
  - Final Learning Rate: 0.001000
Starting validation phase...
Starting validation on 19895 samples...
Entering no_grad block for validation
Validation progress: 0/156 batches (0.0%)
  - Elapsed: 2.0s, Estimated remaining: 0.0s
Validation: 5/156 batches (3.2%)
  - Batch Acc: 97.66%, Running Acc: 76.72%
Validation progress: 5/156 batches (3.2%)
  - Elapsed: 2.1s, Estimated remaining: 51.6s
Validation: 10/156 batches (6.4%)
  - Batch Acc: 52.34%, Running Acc: 69.14%
Validation progress: 10/156 batches (6.4%)
  - Elapsed: 2.1s, Estimated remaining: 28.2s
Validation: 15/156 batches (9.7%)
  - Batch Acc: 48.44%, Running Acc: 58.70%
Validation progress: 15/156 batches (9.6%)
  - Elapsed: 2.2s, Estimated remaining: 18.8s
Validation: 20/156 batches (12.9%)
  - Batch Acc: 48.44%, Running Acc: 60.74%
Validation progress: 20/156 batches (12.8%)
  - Elapsed: 2.2s, Estimated remaining: 14.0s
Validation: 25/156 batches (16.1%)
  - Batch Acc: 35.94%, Running Acc: 59.81%
Validation progress: 25/156 batches (16.0%)
  - Elapsed: 2.2s, Estimated remaining: 11.2s
Validation: 30/156 batches (19.3%)
  - Batch Acc: 100.00%, Running Acc: 58.62%
Validation progress: 30/156 batches (19.2%)
  - Elapsed: 2.3s, Estimated remaining: 9.2s
Validation: 35/156 batches (22.5%)
  - Batch Acc: 2.34%, Running Acc: 60.13%
Validation progress: 35/156 batches (22.4%)
  - Elapsed: 2.3s, Estimated remaining: 7.7s
Validation: 40/156 batches (25.7%)
  - Batch Acc: 94.53%, Running Acc: 63.24%
Validation progress: 40/156 batches (25.6%)
  - Elapsed: 2.4s, Estimated remaining: 6.6s
Validation: 45/156 batches (29.0%)
  - Batch Acc: 98.44%, Running Acc: 63.78%
Validation progress: 45/156 batches (28.8%)
  - Elapsed: 2.4s, Estimated remaining: 5.7s
Validation: 50/156 batches (32.2%)
  - Batch Acc: 29.69%, Running Acc: 62.14%
Validation progress: 50/156 batches (32.1%)
  - Elapsed: 2.4s, Estimated remaining: 5.0s
Validation: 55/156 batches (35.4%)
  - Batch Acc: 62.50%, Running Acc: 61.92%
Validation progress: 55/156 batches (35.3%)
  - Elapsed: 2.5s, Estimated remaining: 4.4s
Validation: 60/156 batches (38.6%)
  - Batch Acc: 78.91%, Running Acc: 62.51%
Validation progress: 60/156 batches (38.5%)
  - Elapsed: 2.5s, Estimated remaining: 3.9s
Validation: 65/156 batches (41.8%)
  - Batch Acc: 79.69%, Running Acc: 64.00%
Validation progress: 65/156 batches (41.7%)
  - Elapsed: 2.6s, Estimated remaining: 3.5s
Validation: 70/156 batches (45.0%)
  - Batch Acc: 53.91%, Running Acc: 64.44%
Validation progress: 70/156 batches (44.9%)
  - Elapsed: 2.6s, Estimated remaining: 3.1s
Validation: 75/156 batches (48.3%)
  - Batch Acc: 28.91%, Running Acc: 62.56%
Validation progress: 75/156 batches (48.1%)
  - Elapsed: 2.7s, Estimated remaining: 2.8s
Validation: 80/156 batches (51.5%)
  - Batch Acc: 50.00%, Running Acc: 63.12%
Validation progress: 80/156 batches (51.3%)
  - Elapsed: 2.7s, Estimated remaining: 2.5s
Validation: 85/156 batches (54.7%)
  - Batch Acc: 25.78%, Running Acc: 63.17%
Validation progress: 85/156 batches (54.5%)
  - Elapsed: 2.7s, Estimated remaining: 2.2s
Validation: 90/156 batches (57.9%)
  - Batch Acc: 53.91%, Running Acc: 63.50%
Validation progress: 90/156 batches (57.7%)
  - Elapsed: 2.8s, Estimated remaining: 2.0s
Validation: 95/156 batches (61.1%)
  - Batch Acc: 42.97%, Running Acc: 64.34%
Validation progress: 95/156 batches (60.9%)
  - Elapsed: 2.8s, Estimated remaining: 1.8s
Validation: 100/156 batches (64.3%)
  - Batch Acc: 78.91%, Running Acc: 65.07%
Validation progress: 100/156 batches (64.1%)
  - Elapsed: 2.8s, Estimated remaining: 1.6s
Validation: 105/156 batches (67.6%)
  - Batch Acc: 22.66%, Running Acc: 65.57%
Validation progress: 105/156 batches (67.3%)
  - Elapsed: 2.9s, Estimated remaining: 1.4s
Validation: 110/156 batches (70.8%)
  - Batch Acc: 87.50%, Running Acc: 66.65%
Validation progress: 110/156 batches (70.5%)
  - Elapsed: 2.9s, Estimated remaining: 1.2s
Validation: 115/156 batches (74.0%)
  - Batch Acc: 22.66%, Running Acc: 66.06%
Validation progress: 115/156 batches (73.7%)
  - Elapsed: 3.0s, Estimated remaining: 1.0s
Validation: 120/156 batches (77.2%)
  - Batch Acc: 14.06%, Running Acc: 64.81%
Validation progress: 120/156 batches (76.9%)
  - Elapsed: 3.0s, Estimated remaining: 0.9s
Validation: 125/156 batches (80.4%)
  - Batch Acc: 19.53%, Running Acc: 63.36%
Validation progress: 125/156 batches (80.1%)
  - Elapsed: 3.0s, Estimated remaining: 0.7s
Validation: 130/156 batches (83.6%)
  - Batch Acc: 71.88%, Running Acc: 63.02%
Validation progress: 130/156 batches (83.3%)
  - Elapsed: 3.1s, Estimated remaining: 0.6s
Validation: 135/156 batches (86.9%)
  - Batch Acc: 35.94%, Running Acc: 63.07%
Validation progress: 135/156 batches (86.5%)
  - Elapsed: 3.1s, Estimated remaining: 0.5s
Validation: 140/156 batches (90.1%)
  - Batch Acc: 0.00%, Running Acc: 61.85%
Validation progress: 140/156 batches (89.7%)
  - Elapsed: 3.2s, Estimated remaining: 0.3s
Validation: 145/156 batches (93.3%)
  - Batch Acc: 56.25%, Running Acc: 62.04%
Validation progress: 145/156 batches (92.9%)
  - Elapsed: 3.2s, Estimated remaining: 0.2s
Validation: 150/156 batches (96.5%)
  - Batch Acc: 79.69%, Running Acc: 61.79%
Validation progress: 150/156 batches (96.2%)
  - Elapsed: 3.2s, Estimated remaining: 0.1s
Validation: 155/156 batches (99.7%)
  - Batch Acc: 75.00%, Running Acc: 62.14%
Validation progress: 155/156 batches (99.4%)
  - Elapsed: 3.3s, Estimated remaining: 0.0s
Validation: 156/156 batches (100.4%)
  - Batch Acc: 12.73%, Running Acc: 62.01%
Validation complete in 3.70s - Loss: 2.0240, Accuracy: 0.6201

==== Epoch 5/100 ====
Starting training phase...
Training on 79586 samples...
Training: 100/622 batches (16.1%)
  - Batch Acc: 98.44%, Running Acc: 98.38%
  - Loss: 0.0328, Grad Norm: 0.1269
  - Learning Rate: 0.001000
Training: 200/622 batches (32.2%)
  - Batch Acc: 98.44%, Running Acc: 98.30%
  - Loss: 0.0365, Grad Norm: 0.2436
  - Learning Rate: 0.001000
Training: 300/622 batches (48.2%)
  - Batch Acc: 96.88%, Running Acc: 98.27%
  - Loss: 0.0791, Grad Norm: 0.3498
  - Learning Rate: 0.001000
Training: 400/622 batches (64.3%)
  - Batch Acc: 100.00%, Running Acc: 98.27%
  - Loss: 0.0141, Grad Norm: 0.1124
  - Learning Rate: 0.001000
Training: 500/622 batches (80.4%)
  - Batch Acc: 98.44%, Running Acc: 98.30%
  - Loss: 0.0353, Grad Norm: 0.1273
  - Learning Rate: 0.001000
Training: 600/622 batches (96.5%)
  - Batch Acc: 98.44%, Running Acc: 98.33%
  - Loss: 0.0428, Grad Norm: 0.1974
  - Learning Rate: 0.001000
Training: 622/622 batches (100.0%)
  - Batch Acc: 96.94%, Running Acc: 98.32%
  - Loss: 0.0536, Grad Norm: 0.1862
  - Learning Rate: 0.001000

Training phase complete
Epoch Summary:
  - Average Loss: 0.0396
  - Average Accuracy: 98.32%
  - Average Grad Norm: 0.2005
  - Final Learning Rate: 0.001000
Starting validation phase...
Starting validation on 19895 samples...
Entering no_grad block for validation
Validation progress: 0/156 batches (0.0%)
  - Elapsed: 2.0s, Estimated remaining: 0.0s
Validation: 5/156 batches (3.2%)
  - Batch Acc: 49.22%, Running Acc: 42.50%
Validation progress: 5/156 batches (3.2%)
  - Elapsed: 2.1s, Estimated remaining: 53.2s
Validation: 10/156 batches (6.4%)
  - Batch Acc: 65.62%, Running Acc: 55.23%
Validation progress: 10/156 batches (6.4%)
  - Elapsed: 2.1s, Estimated remaining: 28.3s
Validation: 15/156 batches (9.7%)
  - Batch Acc: 38.28%, Running Acc: 51.67%
Validation progress: 15/156 batches (9.6%)
  - Elapsed: 2.2s, Estimated remaining: 19.0s
Validation: 20/156 batches (12.9%)
  - Batch Acc: 80.47%, Running Acc: 55.12%
Validation progress: 20/156 batches (12.8%)
  - Elapsed: 2.2s, Estimated remaining: 14.2s
Validation: 25/156 batches (16.1%)
  - Batch Acc: 24.22%, Running Acc: 56.81%
Validation progress: 25/156 batches (16.0%)
  - Elapsed: 2.2s, Estimated remaining: 11.2s
Validation: 30/156 batches (19.3%)
  - Batch Acc: 100.00%, Running Acc: 56.77%
Validation progress: 30/156 batches (19.2%)
  - Elapsed: 2.3s, Estimated remaining: 9.2s
Validation: 35/156 batches (22.5%)
  - Batch Acc: 0.78%, Running Acc: 57.41%
Validation progress: 35/156 batches (22.4%)
  - Elapsed: 2.3s, Estimated remaining: 7.7s
Validation: 40/156 batches (25.7%)
  - Batch Acc: 2.34%, Running Acc: 56.93%
Validation progress: 40/156 batches (25.6%)
  - Elapsed: 2.4s, Estimated remaining: 6.6s
Validation: 45/156 batches (29.0%)
  - Batch Acc: 90.62%, Running Acc: 55.82%
Validation progress: 45/156 batches (28.8%)
  - Elapsed: 2.4s, Estimated remaining: 5.7s
Validation: 50/156 batches (32.2%)
  - Batch Acc: 19.53%, Running Acc: 54.38%
Validation progress: 50/156 batches (32.1%)
  - Elapsed: 2.4s, Estimated remaining: 5.0s
Validation: 55/156 batches (35.4%)
  - Batch Acc: 52.34%, Running Acc: 54.86%
Validation progress: 55/156 batches (35.3%)
  - Elapsed: 2.5s, Estimated remaining: 4.4s
Validation: 60/156 batches (38.6%)
  - Batch Acc: 82.03%, Running Acc: 56.21%
Validation progress: 60/156 batches (38.5%)
  - Elapsed: 2.5s, Estimated remaining: 3.9s
Validation: 65/156 batches (41.8%)
  - Batch Acc: 89.84%, Running Acc: 58.43%
Validation progress: 65/156 batches (41.7%)
  - Elapsed: 2.5s, Estimated remaining: 3.5s
Validation: 70/156 batches (45.0%)
  - Batch Acc: 100.00%, Running Acc: 61.23%
Validation progress: 70/156 batches (44.9%)
  - Elapsed: 2.6s, Estimated remaining: 3.1s
Validation: 75/156 batches (48.3%)
  - Batch Acc: 59.38%, Running Acc: 61.31%
Validation progress: 75/156 batches (48.1%)
  - Elapsed: 2.6s, Estimated remaining: 2.8s
Validation: 80/156 batches (51.5%)
  - Batch Acc: 17.97%, Running Acc: 62.13%
Validation progress: 80/156 batches (51.3%)
  - Elapsed: 2.7s, Estimated remaining: 2.5s
Validation: 85/156 batches (54.7%)
  - Batch Acc: 94.53%, Running Acc: 63.02%
Validation progress: 85/156 batches (54.5%)
  - Elapsed: 2.7s, Estimated remaining: 2.2s
Validation: 90/156 batches (57.9%)
  - Batch Acc: 17.19%, Running Acc: 63.07%
Validation progress: 90/156 batches (57.7%)
  - Elapsed: 2.7s, Estimated remaining: 1.9s
Validation: 95/156 batches (61.1%)
  - Batch Acc: 14.06%, Running Acc: 61.93%
Validation progress: 95/156 batches (60.9%)
  - Elapsed: 2.8s, Estimated remaining: 1.7s
Validation: 100/156 batches (64.3%)
  - Batch Acc: 1.56%, Running Acc: 60.58%
Validation progress: 100/156 batches (64.1%)
  - Elapsed: 2.8s, Estimated remaining: 1.5s
Validation: 105/156 batches (67.6%)
  - Batch Acc: 65.62%, Running Acc: 60.19%
Validation progress: 105/156 batches (67.3%)
  - Elapsed: 2.8s, Estimated remaining: 1.3s
Validation: 110/156 batches (70.8%)
  - Batch Acc: 96.88%, Running Acc: 61.96%
Validation progress: 110/156 batches (70.5%)
  - Elapsed: 2.9s, Estimated remaining: 1.2s
Validation: 115/156 batches (74.0%)
  - Batch Acc: 82.81%, Running Acc: 63.06%
Validation progress: 115/156 batches (73.7%)
  - Elapsed: 2.9s, Estimated remaining: 1.0s
Validation: 120/156 batches (77.2%)
  - Batch Acc: 68.75%, Running Acc: 63.58%
Validation progress: 120/156 batches (76.9%)
  - Elapsed: 3.0s, Estimated remaining: 0.9s
Validation: 125/156 batches (80.4%)
  - Batch Acc: 66.41%, Running Acc: 63.64%
Validation progress: 125/156 batches (80.1%)
  - Elapsed: 3.0s, Estimated remaining: 0.7s
Validation: 130/156 batches (83.6%)
  - Batch Acc: 64.84%, Running Acc: 64.13%
Validation progress: 130/156 batches (83.3%)
  - Elapsed: 3.0s, Estimated remaining: 0.6s
Validation: 135/156 batches (86.9%)
  - Batch Acc: 97.66%, Running Acc: 63.44%
Validation progress: 135/156 batches (86.5%)
  - Elapsed: 3.1s, Estimated remaining: 0.5s
Validation: 140/156 batches (90.1%)
  - Batch Acc: 24.22%, Running Acc: 63.41%
Validation progress: 140/156 batches (89.7%)
  - Elapsed: 3.1s, Estimated remaining: 0.3s
Validation: 145/156 batches (93.3%)
  - Batch Acc: 25.00%, Running Acc: 63.51%
Validation progress: 145/156 batches (92.9%)
  - Elapsed: 3.1s, Estimated remaining: 0.2s
Validation: 150/156 batches (96.5%)
  - Batch Acc: 85.16%, Running Acc: 63.49%
Validation progress: 150/156 batches (96.2%)
  - Elapsed: 3.2s, Estimated remaining: 0.1s
Validation: 155/156 batches (99.7%)
  - Batch Acc: 92.97%, Running Acc: 64.42%
Validation progress: 155/156 batches (99.4%)
  - Elapsed: 3.2s, Estimated remaining: 0.0s
Validation: 156/156 batches (100.4%)
  - Batch Acc: 85.45%, Running Acc: 64.47%
Validation complete in 3.65s - Loss: 2.0774, Accuracy: 0.6447

==== Epoch 6/100 ====
Starting training phase...
Training on 79586 samples...
Training: 100/622 batches (16.1%)
  - Batch Acc: 97.66%, Running Acc: 98.41%
  - Loss: 0.0427, Grad Norm: 0.1510
  - Learning Rate: 0.001000
Training: 200/622 batches (32.2%)
  - Batch Acc: 97.66%, Running Acc: 98.55%
  - Loss: 0.0343, Grad Norm: 0.2580
  - Learning Rate: 0.001000
Training: 300/622 batches (48.2%)
  - Batch Acc: 99.22%, Running Acc: 98.45%
  - Loss: 0.0219, Grad Norm: 0.1685
  - Learning Rate: 0.001000
Training: 400/622 batches (64.3%)
  - Batch Acc: 99.22%, Running Acc: 98.40%
  - Loss: 0.0321, Grad Norm: 0.1911
  - Learning Rate: 0.001000
Training: 500/622 batches (80.4%)
  - Batch Acc: 96.88%, Running Acc: 98.45%
  - Loss: 0.0816, Grad Norm: 0.3381
  - Learning Rate: 0.001000
Training: 600/622 batches (96.5%)
  - Batch Acc: 96.09%, Running Acc: 98.47%
  - Loss: 0.0528, Grad Norm: 0.1068
  - Learning Rate: 0.001000
Training: 622/622 batches (100.0%)
  - Batch Acc: 98.98%, Running Acc: 98.46%
  - Loss: 0.0255, Grad Norm: 0.1587
  - Learning Rate: 0.001000

Training phase complete
Epoch Summary:
  - Average Loss: 0.0358
  - Average Accuracy: 98.46%
  - Average Grad Norm: 0.1733
  - Final Learning Rate: 0.001000
Starting validation phase...
Starting validation on 19895 samples...
Entering no_grad block for validation
Validation progress: 0/156 batches (0.0%)
  - Elapsed: 2.0s, Estimated remaining: 0.0s
Validation: 5/156 batches (3.2%)
  - Batch Acc: 87.50%, Running Acc: 71.09%
Validation progress: 5/156 batches (3.2%)
  - Elapsed: 2.1s, Estimated remaining: 52.9s
Validation: 10/156 batches (6.4%)
  - Batch Acc: 49.22%, Running Acc: 66.48%
Validation progress: 10/156 batches (6.4%)
  - Elapsed: 2.2s, Estimated remaining: 28.7s
Validation: 15/156 batches (9.7%)
  - Batch Acc: 65.62%, Running Acc: 58.85%
Validation progress: 15/156 batches (9.6%)
  - Elapsed: 2.2s, Estimated remaining: 19.2s
Validation: 20/156 batches (12.9%)
  - Batch Acc: 67.97%, Running Acc: 60.82%
Validation progress: 20/156 batches (12.8%)
  - Elapsed: 2.2s, Estimated remaining: 14.3s
Validation: 25/156 batches (16.1%)
  - Batch Acc: 35.16%, Running Acc: 62.69%
Validation progress: 25/156 batches (16.0%)
  - Elapsed: 2.3s, Estimated remaining: 11.3s
Validation: 30/156 batches (19.3%)
  - Batch Acc: 100.00%, Running Acc: 61.93%
Validation progress: 30/156 batches (19.2%)
  - Elapsed: 2.3s, Estimated remaining: 9.3s
Validation: 35/156 batches (22.5%)
  - Batch Acc: 3.12%, Running Acc: 63.19%
Validation progress: 35/156 batches (22.4%)
  - Elapsed: 2.3s, Estimated remaining: 7.8s
Validation: 40/156 batches (25.7%)
  - Batch Acc: 70.31%, Running Acc: 65.04%
Validation progress: 40/156 batches (25.6%)
  - Elapsed: 2.4s, Estimated remaining: 6.6s
Validation: 45/156 batches (29.0%)
  - Batch Acc: 83.59%, Running Acc: 63.96%
Validation progress: 45/156 batches (28.8%)
  - Elapsed: 2.4s, Estimated remaining: 5.7s
Validation: 50/156 batches (32.2%)
  - Batch Acc: 30.47%, Running Acc: 62.03%
Validation progress: 50/156 batches (32.1%)
  - Elapsed: 2.4s, Estimated remaining: 5.0s
Validation: 55/156 batches (35.4%)
  - Batch Acc: 64.06%, Running Acc: 61.88%
Validation progress: 55/156 batches (35.3%)
  - Elapsed: 2.5s, Estimated remaining: 4.4s
Validation: 60/156 batches (38.6%)
  - Batch Acc: 80.47%, Running Acc: 62.37%
Validation progress: 60/156 batches (38.5%)
  - Elapsed: 2.5s, Estimated remaining: 3.9s
Validation: 65/156 batches (41.8%)
  - Batch Acc: 89.84%, Running Acc: 64.07%
Validation progress: 65/156 batches (41.7%)
  - Elapsed: 2.5s, Estimated remaining: 3.5s
Validation: 70/156 batches (45.0%)
  - Batch Acc: 67.97%, Running Acc: 65.69%
Validation progress: 70/156 batches (44.9%)
  - Elapsed: 2.6s, Estimated remaining: 3.1s
Validation: 75/156 batches (48.3%)
  - Batch Acc: 41.41%, Running Acc: 64.67%
Validation progress: 75/156 batches (48.1%)
  - Elapsed: 2.6s, Estimated remaining: 2.8s
Validation: 80/156 batches (51.5%)
  - Batch Acc: 23.44%, Running Acc: 65.28%
Validation progress: 80/156 batches (51.3%)
  - Elapsed: 2.7s, Estimated remaining: 2.5s
Validation: 85/156 batches (54.7%)
  - Batch Acc: 86.72%, Running Acc: 65.87%
Validation progress: 85/156 batches (54.5%)
  - Elapsed: 2.7s, Estimated remaining: 2.2s
Validation: 90/156 batches (57.9%)
  - Batch Acc: 37.50%, Running Acc: 65.61%
Validation progress: 90/156 batches (57.7%)
  - Elapsed: 2.7s, Estimated remaining: 1.9s
Validation: 95/156 batches (61.1%)
  - Batch Acc: 0.78%, Running Acc: 65.10%
Validation progress: 95/156 batches (60.9%)
  - Elapsed: 2.8s, Estimated remaining: 1.7s
Validation: 100/156 batches (64.3%)
  - Batch Acc: 51.56%, Running Acc: 64.90%
Validation progress: 100/156 batches (64.1%)
  - Elapsed: 2.8s, Estimated remaining: 1.5s
Validation: 105/156 batches (67.6%)
  - Batch Acc: 39.06%, Running Acc: 65.17%
Validation progress: 105/156 batches (67.3%)
  - Elapsed: 2.8s, Estimated remaining: 1.3s
Validation: 110/156 batches (70.8%)
  - Batch Acc: 96.88%, Running Acc: 66.55%
Validation progress: 110/156 batches (70.5%)
  - Elapsed: 2.9s, Estimated remaining: 1.2s
Validation: 115/156 batches (74.0%)
  - Batch Acc: 43.75%, Running Acc: 66.16%
Validation progress: 115/156 batches (73.7%)
  - Elapsed: 2.9s, Estimated remaining: 1.0s
Validation: 120/156 batches (77.2%)
  - Batch Acc: 33.59%, Running Acc: 65.52%
Validation progress: 120/156 batches (76.9%)
  - Elapsed: 2.9s, Estimated remaining: 0.9s
Validation: 125/156 batches (80.4%)
  - Batch Acc: 55.47%, Running Acc: 64.95%
Validation progress: 125/156 batches (80.1%)
  - Elapsed: 3.0s, Estimated remaining: 0.7s
Validation: 130/156 batches (83.6%)
  - Batch Acc: 69.53%, Running Acc: 64.71%
Validation progress: 130/156 batches (83.3%)
  - Elapsed: 3.0s, Estimated remaining: 0.6s
Validation: 135/156 batches (86.9%)
  - Batch Acc: 81.25%, Running Acc: 64.40%
Validation progress: 135/156 batches (86.5%)
  - Elapsed: 3.0s, Estimated remaining: 0.4s
Validation: 140/156 batches (90.1%)
  - Batch Acc: 0.00%, Running Acc: 63.39%
Validation progress: 140/156 batches (89.7%)
  - Elapsed: 3.1s, Estimated remaining: 0.3s
Validation: 145/156 batches (93.3%)
  - Batch Acc: 40.62%, Running Acc: 63.44%
Validation progress: 145/156 batches (92.9%)
  - Elapsed: 3.1s, Estimated remaining: 0.2s
Validation: 150/156 batches (96.5%)
  - Batch Acc: 79.69%, Running Acc: 63.52%
Validation progress: 150/156 batches (96.2%)
  - Elapsed: 3.2s, Estimated remaining: 0.1s
Validation: 155/156 batches (99.7%)
  - Batch Acc: 89.84%, Running Acc: 64.24%
Validation progress: 155/156 batches (99.4%)
  - Elapsed: 3.2s, Estimated remaining: 0.0s
Validation: 156/156 batches (100.4%)
  - Batch Acc: 100.00%, Running Acc: 64.34%
Validation complete in 3.64s - Loss: 1.8908, Accuracy: 0.6434

==== Epoch 7/100 ====
Starting training phase...
Training on 79586 samples...
Training: 100/622 batches (16.1%)
  - Batch Acc: 99.22%, Running Acc: 98.62%
  - Loss: 0.0195, Grad Norm: 0.0548
  - Learning Rate: 0.001000
Training: 200/622 batches (32.2%)
  - Batch Acc: 99.22%, Running Acc: 98.63%
  - Loss: 0.0176, Grad Norm: 0.1993
  - Learning Rate: 0.001000
Training: 300/622 batches (48.2%)
  - Batch Acc: 97.66%, Running Acc: 98.63%
  - Loss: 0.0379, Grad Norm: 0.1102
  - Learning Rate: 0.001000
Training: 400/622 batches (64.3%)
  - Batch Acc: 96.88%, Running Acc: 98.59%
  - Loss: 0.0480, Grad Norm: 0.1477
  - Learning Rate: 0.001000
Training: 500/622 batches (80.4%)
  - Batch Acc: 96.88%, Running Acc: 98.54%
  - Loss: 0.0532, Grad Norm: 0.1937
  - Learning Rate: 0.001000
Training: 600/622 batches (96.5%)
  - Batch Acc: 99.22%, Running Acc: 98.52%
  - Loss: 0.0228, Grad Norm: 0.1625
  - Learning Rate: 0.001000
Training: 622/622 batches (100.0%)
  - Batch Acc: 98.98%, Running Acc: 98.53%
  - Loss: 0.0247, Grad Norm: 0.0376
  - Learning Rate: 0.001000

Training phase complete
Epoch Summary:
  - Average Loss: 0.0337
  - Average Accuracy: 98.53%
  - Average Grad Norm: 0.1540
  - Final Learning Rate: 0.001000
Starting validation phase...
Starting validation on 19895 samples...
Entering no_grad block for validation
Validation progress: 0/156 batches (0.0%)
  - Elapsed: 2.0s, Estimated remaining: 0.0s
Validation: 5/156 batches (3.2%)
  - Batch Acc: 85.16%, Running Acc: 66.56%
Validation progress: 5/156 batches (3.2%)
  - Elapsed: 2.1s, Estimated remaining: 53.0s
Validation: 10/156 batches (6.4%)
  - Batch Acc: 67.19%, Running Acc: 69.77%
Validation progress: 10/156 batches (6.4%)
  - Elapsed: 2.2s, Estimated remaining: 28.5s
Validation: 15/156 batches (9.7%)
  - Batch Acc: 63.28%, Running Acc: 63.70%
Validation progress: 15/156 batches (9.6%)
  - Elapsed: 2.2s, Estimated remaining: 19.1s
Validation: 20/156 batches (12.9%)
  - Batch Acc: 61.72%, Running Acc: 64.22%
Validation progress: 20/156 batches (12.8%)
  - Elapsed: 2.2s, Estimated remaining: 14.3s
Validation: 25/156 batches (16.1%)
  - Batch Acc: 59.38%, Running Acc: 65.38%
Validation progress: 25/156 batches (16.0%)
  - Elapsed: 2.2s, Estimated remaining: 11.2s
Validation: 30/156 batches (19.3%)
  - Batch Acc: 100.00%, Running Acc: 63.54%
Validation progress: 30/156 batches (19.2%)
  - Elapsed: 2.3s, Estimated remaining: 9.2s
Validation: 35/156 batches (22.5%)
  - Batch Acc: 4.69%, Running Acc: 64.58%
Validation progress: 35/156 batches (22.4%)
  - Elapsed: 2.3s, Estimated remaining: 7.7s
Validation: 40/156 batches (25.7%)
  - Batch Acc: 68.75%, Running Acc: 65.49%
Validation progress: 40/156 batches (25.6%)
  - Elapsed: 2.3s, Estimated remaining: 6.6s
Validation: 45/156 batches (29.0%)
  - Batch Acc: 100.00%, Running Acc: 65.23%
Validation progress: 45/156 batches (28.8%)
  - Elapsed: 2.4s, Estimated remaining: 5.7s
Validation: 50/156 batches (32.2%)
  - Batch Acc: 28.91%, Running Acc: 63.59%
Validation progress: 50/156 batches (32.1%)
  - Elapsed: 2.4s, Estimated remaining: 5.0s
Validation: 55/156 batches (35.4%)
  - Batch Acc: 65.62%, Running Acc: 63.49%
Validation progress: 55/156 batches (35.3%)
  - Elapsed: 2.5s, Estimated remaining: 4.4s
Validation: 60/156 batches (38.6%)
  - Batch Acc: 76.56%, Running Acc: 63.85%
Validation progress: 60/156 batches (38.5%)
  - Elapsed: 2.5s, Estimated remaining: 3.9s
Validation: 65/156 batches (41.8%)
  - Batch Acc: 95.31%, Running Acc: 65.19%
Validation progress: 65/156 batches (41.7%)
  - Elapsed: 2.5s, Estimated remaining: 3.4s
Validation: 70/156 batches (45.0%)
  - Batch Acc: 96.88%, Running Acc: 66.37%
Validation progress: 70/156 batches (44.9%)
  - Elapsed: 2.6s, Estimated remaining: 3.1s
Validation: 75/156 batches (48.3%)
  - Batch Acc: 35.94%, Running Acc: 65.15%
Validation progress: 75/156 batches (48.1%)
  - Elapsed: 2.6s, Estimated remaining: 2.7s
Validation: 80/156 batches (51.5%)
  - Batch Acc: 18.75%, Running Acc: 65.64%
Validation progress: 80/156 batches (51.3%)
  - Elapsed: 2.6s, Estimated remaining: 2.4s
Validation: 85/156 batches (54.7%)
  - Batch Acc: 89.06%, Running Acc: 66.31%
Validation progress: 85/156 batches (54.5%)
  - Elapsed: 2.7s, Estimated remaining: 2.2s
Validation: 90/156 batches (57.9%)
  - Batch Acc: 46.09%, Running Acc: 66.74%
Validation progress: 90/156 batches (57.7%)
  - Elapsed: 2.7s, Estimated remaining: 1.9s
Validation: 95/156 batches (61.1%)
  - Batch Acc: 14.06%, Running Acc: 66.80%
Validation progress: 95/156 batches (60.9%)
  - Elapsed: 2.7s, Estimated remaining: 1.7s
Validation: 100/156 batches (64.3%)
  - Batch Acc: 46.09%, Running Acc: 66.42%
Validation progress: 100/156 batches (64.1%)
  - Elapsed: 2.8s, Estimated remaining: 1.5s
Validation: 105/156 batches (67.6%)
  - Batch Acc: 21.09%, Running Acc: 66.32%
Validation progress: 105/156 batches (67.3%)
  - Elapsed: 2.8s, Estimated remaining: 1.3s
Validation: 110/156 batches (70.8%)
  - Batch Acc: 93.75%, Running Acc: 67.74%
Validation progress: 110/156 batches (70.5%)
  - Elapsed: 2.9s, Estimated remaining: 1.2s
Validation: 115/156 batches (74.0%)
  - Batch Acc: 39.06%, Running Acc: 67.23%
Validation progress: 115/156 batches (73.7%)
  - Elapsed: 2.9s, Estimated remaining: 1.0s
Validation: 120/156 batches (77.2%)
  - Batch Acc: 32.03%, Running Acc: 66.53%
Validation progress: 120/156 batches (76.9%)
  - Elapsed: 2.9s, Estimated remaining: 0.8s
Validation: 125/156 batches (80.4%)
  - Batch Acc: 50.00%, Running Acc: 65.94%
Validation progress: 125/156 batches (80.1%)
  - Elapsed: 3.0s, Estimated remaining: 0.7s
Validation: 130/156 batches (83.6%)
  - Batch Acc: 60.94%, Running Acc: 65.55%
Validation progress: 130/156 batches (83.3%)
  - Elapsed: 3.0s, Estimated remaining: 0.6s
Validation: 135/156 batches (86.9%)
  - Batch Acc: 89.06%, Running Acc: 65.09%
Validation progress: 135/156 batches (86.5%)
  - Elapsed: 3.0s, Estimated remaining: 0.4s
Validation: 140/156 batches (90.1%)
  - Batch Acc: 0.00%, Running Acc: 64.29%
Validation progress: 140/156 batches (89.7%)
  - Elapsed: 3.1s, Estimated remaining: 0.3s
Validation: 145/156 batches (93.3%)
  - Batch Acc: 39.06%, Running Acc: 64.36%
Validation progress: 145/156 batches (92.9%)
  - Elapsed: 3.1s, Estimated remaining: 0.2s
Validation: 150/156 batches (96.5%)
  - Batch Acc: 79.69%, Running Acc: 64.28%
Validation progress: 150/156 batches (96.2%)
  - Elapsed: 3.1s, Estimated remaining: 0.1s
Validation: 155/156 batches (99.7%)
  - Batch Acc: 78.91%, Running Acc: 64.79%
Validation progress: 155/156 batches (99.4%)
  - Elapsed: 3.2s, Estimated remaining: 0.0s
Validation: 156/156 batches (100.4%)
  - Batch Acc: 80.00%, Running Acc: 64.84%
Validation complete in 3.63s - Loss: 1.9290, Accuracy: 0.6484

==== Epoch 8/100 ====
Starting training phase...
Training on 79586 samples...
Training: 100/622 batches (16.1%)
  - Batch Acc: 99.22%, Running Acc: 98.62%
  - Loss: 0.0124, Grad Norm: 0.0834
  - Learning Rate: 0.001000
Training: 200/622 batches (32.2%)
  - Batch Acc: 99.22%, Running Acc: 98.57%
  - Loss: 0.0129, Grad Norm: 0.2120
  - Learning Rate: 0.001000
Training: 300/622 batches (48.2%)
  - Batch Acc: 96.09%, Running Acc: 98.51%
  - Loss: 0.0706, Grad Norm: 0.2716
  - Learning Rate: 0.001000
Training: 400/622 batches (64.3%)
  - Batch Acc: 100.00%, Running Acc: 98.47%
  - Loss: 0.0098, Grad Norm: 0.0507
  - Learning Rate: 0.001000
Training: 500/622 batches (80.4%)
  - Batch Acc: 97.66%, Running Acc: 98.51%
  - Loss: 0.0339, Grad Norm: 0.2504
  - Learning Rate: 0.001000
Training: 600/622 batches (96.5%)
  - Batch Acc: 98.44%, Running Acc: 98.56%
  - Loss: 0.0337, Grad Norm: 0.0819
  - Learning Rate: 0.001000
Training: 622/622 batches (100.0%)
  - Batch Acc: 97.96%, Running Acc: 98.54%
  - Loss: 0.0534, Grad Norm: 0.4114
  - Learning Rate: 0.001000

Training phase complete
Epoch Summary:
  - Average Loss: 0.0339
  - Average Accuracy: 98.54%
  - Average Grad Norm: 0.1470
  - Final Learning Rate: 0.001000
Starting validation phase...
Starting validation on 19895 samples...
Entering no_grad block for validation
Validation progress: 0/156 batches (0.0%)
  - Elapsed: 2.1s, Estimated remaining: 0.0s
Validation: 5/156 batches (3.2%)
  - Batch Acc: 90.62%, Running Acc: 78.12%
Validation progress: 5/156 batches (3.2%)
  - Elapsed: 2.1s, Estimated remaining: 52.9s
Validation: 10/156 batches (6.4%)
  - Batch Acc: 44.53%, Running Acc: 67.81%
Validation progress: 10/156 batches (6.4%)
  - Elapsed: 2.2s, Estimated remaining: 28.6s
Validation: 15/156 batches (9.7%)
  - Batch Acc: 51.56%, Running Acc: 56.20%
Validation progress: 15/156 batches (9.6%)
  - Elapsed: 2.2s, Estimated remaining: 19.3s
Validation: 20/156 batches (12.9%)
  - Batch Acc: 63.28%, Running Acc: 58.52%
Validation progress: 20/156 batches (12.8%)
  - Elapsed: 2.2s, Estimated remaining: 14.4s
Validation: 25/156 batches (16.1%)
  - Batch Acc: 33.59%, Running Acc: 58.22%
Validation progress: 25/156 batches (16.0%)
  - Elapsed: 2.3s, Estimated remaining: 11.4s
Validation: 30/156 batches (19.3%)
  - Batch Acc: 100.00%, Running Acc: 57.19%
Validation progress: 30/156 batches (19.2%)
  - Elapsed: 2.3s, Estimated remaining: 9.3s
Validation: 35/156 batches (22.5%)
  - Batch Acc: 14.06%, Running Acc: 59.08%
Validation progress: 35/156 batches (22.4%)
  - Elapsed: 2.3s, Estimated remaining: 7.8s
Validation: 40/156 batches (25.7%)
  - Batch Acc: 94.53%, Running Acc: 62.46%
Validation progress: 40/156 batches (25.6%)
  - Elapsed: 2.4s, Estimated remaining: 6.7s
Validation: 45/156 batches (29.0%)
  - Batch Acc: 100.00%, Running Acc: 62.97%
Validation progress: 45/156 batches (28.8%)
  - Elapsed: 2.4s, Estimated remaining: 5.8s
Validation: 50/156 batches (32.2%)
  - Batch Acc: 40.62%, Running Acc: 62.14%
Validation progress: 50/156 batches (32.1%)
  - Elapsed: 2.5s, Estimated remaining: 5.1s
Validation: 55/156 batches (35.4%)
  - Batch Acc: 69.53%, Running Acc: 62.81%
Validation progress: 55/156 batches (35.3%)
  - Elapsed: 2.5s, Estimated remaining: 4.4s
Validation: 60/156 batches (38.6%)
  - Batch Acc: 64.84%, Running Acc: 62.85%
Validation progress: 60/156 batches (38.5%)
  - Elapsed: 2.5s, Estimated remaining: 3.9s
Validation: 65/156 batches (41.8%)
  - Batch Acc: 78.12%, Running Acc: 63.27%
Validation progress: 65/156 batches (41.7%)
  - Elapsed: 2.6s, Estimated remaining: 3.5s
Validation: 70/156 batches (45.0%)
  - Batch Acc: 64.06%, Running Acc: 63.92%
Validation progress: 70/156 batches (44.9%)
  - Elapsed: 2.6s, Estimated remaining: 3.1s
Validation: 75/156 batches (48.3%)
  - Batch Acc: 17.19%, Running Acc: 61.67%
Validation progress: 75/156 batches (48.1%)
  - Elapsed: 2.6s, Estimated remaining: 2.8s
Validation: 80/156 batches (51.5%)
  - Batch Acc: 61.72%, Running Acc: 62.89%
Validation progress: 80/156 batches (51.3%)
  - Elapsed: 2.7s, Estimated remaining: 2.5s
Validation: 85/156 batches (54.7%)
  - Batch Acc: 50.78%, Running Acc: 63.27%
Validation progress: 85/156 batches (54.5%)
  - Elapsed: 2.7s, Estimated remaining: 2.2s
Validation: 90/156 batches (57.9%)
  - Batch Acc: 38.28%, Running Acc: 63.03%
Validation progress: 90/156 batches (57.7%)
  - Elapsed: 2.7s, Estimated remaining: 2.0s
Validation: 95/156 batches (61.1%)
  - Batch Acc: 24.22%, Running Acc: 63.52%
Validation progress: 95/156 batches (60.9%)
  - Elapsed: 2.8s, Estimated remaining: 1.7s
Validation: 100/156 batches (64.3%)
  - Batch Acc: 74.22%, Running Acc: 64.01%
Validation progress: 100/156 batches (64.1%)
  - Elapsed: 2.8s, Estimated remaining: 1.5s
Validation: 105/156 batches (67.6%)
  - Batch Acc: 16.41%, Running Acc: 64.61%
Validation progress: 105/156 batches (67.3%)
  - Elapsed: 2.9s, Estimated remaining: 1.3s
Validation: 110/156 batches (70.8%)
  - Batch Acc: 86.72%, Running Acc: 65.80%
Validation progress: 110/156 batches (70.5%)
  - Elapsed: 2.9s, Estimated remaining: 1.2s
Validation: 115/156 batches (74.0%)
  - Batch Acc: 25.78%, Running Acc: 64.91%
Validation progress: 115/156 batches (73.7%)
  - Elapsed: 2.9s, Estimated remaining: 1.0s
Validation: 120/156 batches (77.2%)
  - Batch Acc: 21.09%, Running Acc: 63.57%
Validation progress: 120/156 batches (76.9%)
  - Elapsed: 3.0s, Estimated remaining: 0.9s
Validation: 125/156 batches (80.4%)
  - Batch Acc: 35.16%, Running Acc: 62.41%
Validation progress: 125/156 batches (80.1%)
  - Elapsed: 3.0s, Estimated remaining: 0.7s
Validation: 130/156 batches (83.6%)
  - Batch Acc: 79.69%, Running Acc: 62.02%
Validation progress: 130/156 batches (83.3%)
  - Elapsed: 3.0s, Estimated remaining: 0.6s
Validation: 135/156 batches (86.9%)
  - Batch Acc: 57.03%, Running Acc: 61.97%
Validation progress: 135/156 batches (86.5%)
  - Elapsed: 3.1s, Estimated remaining: 0.5s
Validation: 140/156 batches (90.1%)
  - Batch Acc: 0.00%, Running Acc: 60.81%
Validation progress: 140/156 batches (89.7%)
  - Elapsed: 3.1s, Estimated remaining: 0.3s
Validation: 145/156 batches (93.3%)
  - Batch Acc: 44.53%, Running Acc: 60.96%
Validation progress: 145/156 batches (92.9%)
  - Elapsed: 3.2s, Estimated remaining: 0.2s
Validation: 150/156 batches (96.5%)
  - Batch Acc: 74.22%, Running Acc: 60.99%
Validation progress: 150/156 batches (96.2%)
  - Elapsed: 3.2s, Estimated remaining: 0.1s
Validation: 155/156 batches (99.7%)
  - Batch Acc: 70.31%, Running Acc: 61.28%
Validation progress: 155/156 batches (99.4%)
  - Elapsed: 3.2s, Estimated remaining: 0.0s
Validation: 156/156 batches (100.4%)
  - Batch Acc: 90.91%, Running Acc: 61.36%
Validation complete in 3.68s - Loss: 2.0991, Accuracy: 0.6136

==== Epoch 9/100 ====
Starting training phase...
Training on 79586 samples...
Training: 100/622 batches (16.1%)
  - Batch Acc: 97.66%, Running Acc: 98.34%
  - Loss: 0.0370, Grad Norm: 0.0503
  - Learning Rate: 0.001000
Training: 200/622 batches (32.2%)
  - Batch Acc: 96.88%, Running Acc: 98.50%
  - Loss: 0.0397, Grad Norm: 0.1575
  - Learning Rate: 0.001000
Training: 300/622 batches (48.2%)
  - Batch Acc: 98.44%, Running Acc: 98.56%
  - Loss: 0.0289, Grad Norm: 0.0415
  - Learning Rate: 0.001000
Training: 400/622 batches (64.3%)
  - Batch Acc: 97.66%, Running Acc: 98.57%
  - Loss: 0.0320, Grad Norm: 0.0568
  - Learning Rate: 0.001000
Training: 500/622 batches (80.4%)
  - Batch Acc: 97.66%, Running Acc: 98.60%
  - Loss: 0.0362, Grad Norm: 0.1736
  - Learning Rate: 0.001000
Training: 600/622 batches (96.5%)
  - Batch Acc: 99.22%, Running Acc: 98.60%
  - Loss: 0.0192, Grad Norm: 0.0308
  - Learning Rate: 0.001000
Training: 622/622 batches (100.0%)
  - Batch Acc: 96.94%, Running Acc: 98.60%
  - Loss: 0.0668, Grad Norm: 0.1622
  - Learning Rate: 0.001000

Training phase complete
Epoch Summary:
  - Average Loss: 0.0321
  - Average Accuracy: 98.60%
  - Average Grad Norm: 0.1358
  - Final Learning Rate: 0.001000
Starting validation phase...
Starting validation on 19895 samples...
Entering no_grad block for validation
Validation progress: 0/156 batches (0.0%)
  - Elapsed: 2.0s, Estimated remaining: 0.0s
Validation: 5/156 batches (3.2%)
  - Batch Acc: 88.28%, Running Acc: 77.81%
Validation progress: 5/156 batches (3.2%)
  - Elapsed: 2.1s, Estimated remaining: 51.5s
Validation: 10/156 batches (6.4%)
  - Batch Acc: 45.31%, Running Acc: 71.25%
Validation progress: 10/156 batches (6.4%)
  - Elapsed: 2.1s, Estimated remaining: 28.0s
Validation: 15/156 batches (9.7%)
  - Batch Acc: 57.81%, Running Acc: 60.83%
Validation progress: 15/156 batches (9.6%)
  - Elapsed: 2.1s, Estimated remaining: 18.7s
Validation: 20/156 batches (12.9%)
  - Batch Acc: 47.66%, Running Acc: 62.42%
Validation progress: 20/156 batches (12.8%)
  - Elapsed: 2.2s, Estimated remaining: 13.9s
Validation: 25/156 batches (16.1%)
  - Batch Acc: 57.03%, Running Acc: 61.88%
Validation progress: 25/156 batches (16.0%)
  - Elapsed: 2.2s, Estimated remaining: 11.0s
Validation: 30/156 batches (19.3%)
  - Batch Acc: 100.00%, Running Acc: 59.79%
Validation progress: 30/156 batches (19.2%)
  - Elapsed: 2.2s, Estimated remaining: 9.0s
Validation: 35/156 batches (22.5%)
  - Batch Acc: 25.00%, Running Acc: 60.71%
Validation progress: 35/156 batches (22.4%)
  - Elapsed: 2.3s, Estimated remaining: 7.6s
Validation: 40/156 batches (25.7%)
  - Batch Acc: 60.16%, Running Acc: 62.09%
Validation progress: 40/156 batches (25.6%)
  - Elapsed: 2.3s, Estimated remaining: 6.5s
Validation: 45/156 batches (29.0%)
  - Batch Acc: 100.00%, Running Acc: 62.12%
Validation progress: 45/156 batches (28.8%)
  - Elapsed: 2.3s, Estimated remaining: 5.6s
Validation: 50/156 batches (32.2%)
  - Batch Acc: 30.47%, Running Acc: 60.44%
Validation progress: 50/156 batches (32.1%)
  - Elapsed: 2.4s, Estimated remaining: 4.9s
Validation: 55/156 batches (35.4%)
  - Batch Acc: 69.53%, Running Acc: 60.60%
Validation progress: 55/156 batches (35.3%)
  - Elapsed: 2.4s, Estimated remaining: 4.3s
Validation: 60/156 batches (38.6%)
  - Batch Acc: 75.78%, Running Acc: 61.05%
Validation progress: 60/156 batches (38.5%)
  - Elapsed: 2.5s, Estimated remaining: 3.8s
Validation: 65/156 batches (41.8%)
  - Batch Acc: 87.50%, Running Acc: 61.62%
Validation progress: 65/156 batches (41.7%)
  - Elapsed: 2.5s, Estimated remaining: 3.4s
Validation: 70/156 batches (45.0%)
  - Batch Acc: 82.03%, Running Acc: 63.30%
Validation progress: 70/156 batches (44.9%)
  - Elapsed: 2.5s, Estimated remaining: 3.0s
Validation: 75/156 batches (48.3%)
  - Batch Acc: 10.16%, Running Acc: 61.52%
Validation progress: 75/156 batches (48.1%)
  - Elapsed: 2.6s, Estimated remaining: 2.7s
Validation: 80/156 batches (51.5%)
  - Batch Acc: 28.12%, Running Acc: 61.98%
Validation progress: 80/156 batches (51.3%)
  - Elapsed: 2.6s, Estimated remaining: 2.4s
Validation: 85/156 batches (54.7%)
  - Batch Acc: 65.62%, Running Acc: 62.83%
Validation progress: 85/156 batches (54.5%)
  - Elapsed: 2.6s, Estimated remaining: 2.1s
Validation: 90/156 batches (57.9%)
  - Batch Acc: 46.88%, Running Acc: 62.61%
Validation progress: 90/156 batches (57.7%)
  - Elapsed: 2.7s, Estimated remaining: 1.9s
Validation: 95/156 batches (61.1%)
  - Batch Acc: 17.19%, Running Acc: 62.86%
Validation progress: 95/156 batches (60.9%)
  - Elapsed: 2.7s, Estimated remaining: 1.7s
Validation: 100/156 batches (64.3%)
  - Batch Acc: 71.09%, Running Acc: 63.23%
Validation progress: 100/156 batches (64.1%)
  - Elapsed: 2.7s, Estimated remaining: 1.5s
Validation: 105/156 batches (67.6%)
  - Batch Acc: 9.38%, Running Acc: 63.63%
Validation progress: 105/156 batches (67.3%)
  - Elapsed: 2.8s, Estimated remaining: 1.3s
Validation: 110/156 batches (70.8%)
  - Batch Acc: 94.53%, Running Acc: 64.94%
Validation progress: 110/156 batches (70.5%)
  - Elapsed: 2.8s, Estimated remaining: 1.1s
Validation: 115/156 batches (74.0%)
  - Batch Acc: 31.25%, Running Acc: 64.19%
Validation progress: 115/156 batches (73.7%)
  - Elapsed: 2.8s, Estimated remaining: 1.0s
Validation: 120/156 batches (77.2%)
  - Batch Acc: 13.28%, Running Acc: 62.93%
Validation progress: 120/156 batches (76.9%)
  - Elapsed: 2.9s, Estimated remaining: 0.8s
Validation: 125/156 batches (80.4%)
  - Batch Acc: 64.06%, Running Acc: 62.21%
Validation progress: 125/156 batches (80.1%)
  - Elapsed: 2.9s, Estimated remaining: 0.7s
Validation: 130/156 batches (83.6%)
  - Batch Acc: 75.00%, Running Acc: 61.72%
Validation progress: 130/156 batches (83.3%)
  - Elapsed: 3.0s, Estimated remaining: 0.6s
Validation: 135/156 batches (86.9%)
  - Batch Acc: 61.72%, Running Acc: 61.66%
Validation progress: 135/156 batches (86.5%)
  - Elapsed: 3.0s, Estimated remaining: 0.4s
Validation: 140/156 batches (90.1%)
  - Batch Acc: 0.00%, Running Acc: 61.02%
Validation progress: 140/156 batches (89.7%)
  - Elapsed: 3.0s, Estimated remaining: 0.3s
Validation: 145/156 batches (93.3%)
  - Batch Acc: 64.06%, Running Acc: 61.33%
Validation progress: 145/156 batches (92.9%)
  - Elapsed: 3.1s, Estimated remaining: 0.2s
Validation: 150/156 batches (96.5%)
  - Batch Acc: 78.12%, Running Acc: 61.04%
Validation progress: 150/156 batches (96.2%)
  - Elapsed: 3.1s, Estimated remaining: 0.1s
Validation: 155/156 batches (99.7%)
  - Batch Acc: 72.66%, Running Acc: 61.52%
Validation progress: 155/156 batches (99.4%)
  - Elapsed: 3.1s, Estimated remaining: 0.0s
Validation: 156/156 batches (100.4%)
  - Batch Acc: 83.64%, Running Acc: 61.58%
Validation complete in 3.59s - Loss: 2.1995, Accuracy: 0.6158

==== Epoch 10/100 ====
Starting training phase...
Training on 79586 samples...
Training: 100/622 batches (16.1%)
  - Batch Acc: 98.44%, Running Acc: 98.60%
  - Loss: 0.0357, Grad Norm: 0.1996
  - Learning Rate: 0.001000
Training: 200/622 batches (32.2%)
  - Batch Acc: 99.22%, Running Acc: 98.64%
  - Loss: 0.0191, Grad Norm: 0.0693
  - Learning Rate: 0.001000
Training: 300/622 batches (48.2%)
  - Batch Acc: 98.44%, Running Acc: 98.65%
  - Loss: 0.0366, Grad Norm: 0.1493
  - Learning Rate: 0.001000
Training: 400/622 batches (64.3%)
  - Batch Acc: 98.44%, Running Acc: 98.72%
  - Loss: 0.0279, Grad Norm: 0.0467
  - Learning Rate: 0.001000
Training: 500/622 batches (80.4%)
  - Batch Acc: 98.44%, Running Acc: 98.67%
  - Loss: 0.0340, Grad Norm: 0.0697
  - Learning Rate: 0.001000
Training: 600/622 batches (96.5%)
  - Batch Acc: 98.44%, Running Acc: 98.69%
  - Loss: 0.0162, Grad Norm: 0.1652
  - Learning Rate: 0.001000
Training: 622/622 batches (100.0%)
  - Batch Acc: 100.00%, Running Acc: 98.68%
  - Loss: 0.0160, Grad Norm: 0.2337
  - Learning Rate: 0.001000

Training phase complete
Epoch Summary:
  - Average Loss: 0.0292
  - Average Accuracy: 98.68%
  - Average Grad Norm: 0.1181
  - Final Learning Rate: 0.001000
Starting validation phase...
Starting validation on 19895 samples...
Entering no_grad block for validation
Validation progress: 0/156 batches (0.0%)
  - Elapsed: 2.1s, Estimated remaining: 0.0s
Validation: 5/156 batches (3.2%)
  - Batch Acc: 85.94%, Running Acc: 64.69%
Validation progress: 5/156 batches (3.2%)
  - Elapsed: 2.1s, Estimated remaining: 53.4s
Validation: 10/156 batches (6.4%)
  - Batch Acc: 67.19%, Running Acc: 67.42%
Validation progress: 10/156 batches (6.4%)
  - Elapsed: 2.2s, Estimated remaining: 28.9s
Validation: 15/156 batches (9.7%)
  - Batch Acc: 52.34%, Running Acc: 59.84%
Validation progress: 15/156 batches (9.6%)
  - Elapsed: 2.2s, Estimated remaining: 19.3s
Validation: 20/156 batches (12.9%)
  - Batch Acc: 83.59%, Running Acc: 62.66%
Validation progress: 20/156 batches (12.8%)
  - Elapsed: 2.2s, Estimated remaining: 14.4s
Validation: 25/156 batches (16.1%)
  - Batch Acc: 35.94%, Running Acc: 62.88%
Validation progress: 25/156 batches (16.0%)
  - Elapsed: 2.3s, Estimated remaining: 11.4s
Validation: 30/156 batches (19.3%)
  - Batch Acc: 100.00%, Running Acc: 61.28%
Validation progress: 30/156 batches (19.2%)
  - Elapsed: 2.3s, Estimated remaining: 9.4s
Validation: 35/156 batches (22.5%)
  - Batch Acc: 5.47%, Running Acc: 61.65%
Validation progress: 35/156 batches (22.4%)
  - Elapsed: 2.4s, Estimated remaining: 7.9s
Validation: 40/156 batches (25.7%)
  - Batch Acc: 71.09%, Running Acc: 62.58%
Validation progress: 40/156 batches (25.6%)
  - Elapsed: 2.4s, Estimated remaining: 6.7s
Validation: 45/156 batches (29.0%)
  - Batch Acc: 100.00%, Running Acc: 61.63%
Validation progress: 45/156 batches (28.8%)
  - Elapsed: 2.5s, Estimated remaining: 5.9s
Validation: 50/156 batches (32.2%)
  - Batch Acc: 14.84%, Running Acc: 59.48%
Validation progress: 50/156 batches (32.1%)
  - Elapsed: 2.5s, Estimated remaining: 5.1s
Validation: 55/156 batches (35.4%)
  - Batch Acc: 82.03%, Running Acc: 59.80%
Validation progress: 55/156 batches (35.3%)
  - Elapsed: 2.5s, Estimated remaining: 4.5s
Validation: 60/156 batches (38.6%)
  - Batch Acc: 78.12%, Running Acc: 60.61%
Validation progress: 60/156 batches (38.5%)
  - Elapsed: 2.6s, Estimated remaining: 4.0s
Validation: 65/156 batches (41.8%)
  - Batch Acc: 92.97%, Running Acc: 62.46%
Validation progress: 65/156 batches (41.7%)
  - Elapsed: 2.6s, Estimated remaining: 3.5s
Validation: 70/156 batches (45.0%)
  - Batch Acc: 71.09%, Running Acc: 64.17%
Validation progress: 70/156 batches (44.9%)
  - Elapsed: 2.6s, Estimated remaining: 3.1s
Validation: 75/156 batches (48.3%)
  - Batch Acc: 45.31%, Running Acc: 63.73%
Validation progress: 75/156 batches (48.1%)
  - Elapsed: 2.7s, Estimated remaining: 2.8s
Validation: 80/156 batches (51.5%)
  - Batch Acc: 21.09%, Running Acc: 64.54%
Validation progress: 80/156 batches (51.3%)
  - Elapsed: 2.7s, Estimated remaining: 2.5s
Validation: 85/156 batches (54.7%)
  - Batch Acc: 60.94%, Running Acc: 64.72%
Validation progress: 85/156 batches (54.5%)
  - Elapsed: 2.7s, Estimated remaining: 2.2s
Validation: 90/156 batches (57.9%)
  - Batch Acc: 19.53%, Running Acc: 64.52%
Validation progress: 90/156 batches (57.7%)
  - Elapsed: 2.8s, Estimated remaining: 2.0s
Validation: 95/156 batches (61.1%)
  - Batch Acc: 11.72%, Running Acc: 63.79%
Validation progress: 95/156 batches (60.9%)
  - Elapsed: 2.8s, Estimated remaining: 1.8s
Validation: 100/156 batches (64.3%)
  - Batch Acc: 47.66%, Running Acc: 63.09%
Validation progress: 100/156 batches (64.1%)
  - Elapsed: 2.8s, Estimated remaining: 1.6s
Validation: 105/156 batches (67.6%)
  - Batch Acc: 55.47%, Running Acc: 63.38%
Validation progress: 105/156 batches (67.3%)
  - Elapsed: 2.9s, Estimated remaining: 1.4s
Validation: 110/156 batches (70.8%)
  - Batch Acc: 100.00%, Running Acc: 64.94%
Validation progress: 110/156 batches (70.5%)
  - Elapsed: 2.9s, Estimated remaining: 1.2s
Validation: 115/156 batches (74.0%)
  - Batch Acc: 59.38%, Running Acc: 65.50%
Validation progress: 115/156 batches (73.7%)
  - Elapsed: 3.0s, Estimated remaining: 1.0s
Validation: 120/156 batches (77.2%)
  - Batch Acc: 21.88%, Running Acc: 65.33%
Validation progress: 120/156 batches (76.9%)
  - Elapsed: 3.0s, Estimated remaining: 0.9s
Validation: 125/156 batches (80.4%)
  - Batch Acc: 68.75%, Running Acc: 65.01%
Validation progress: 125/156 batches (80.1%)
  - Elapsed: 3.0s, Estimated remaining: 0.7s
Validation: 130/156 batches (83.6%)
  - Batch Acc: 60.16%, Running Acc: 64.95%
Validation progress: 130/156 batches (83.3%)
  - Elapsed: 3.1s, Estimated remaining: 0.6s
Validation: 135/156 batches (86.9%)
  - Batch Acc: 95.31%, Running Acc: 64.46%
Validation progress: 135/156 batches (86.5%)
  - Elapsed: 3.1s, Estimated remaining: 0.5s
Validation: 140/156 batches (90.1%)
  - Batch Acc: 4.69%, Running Acc: 64.36%
Validation progress: 140/156 batches (89.7%)
  - Elapsed: 3.2s, Estimated remaining: 0.3s
Validation: 145/156 batches (93.3%)
  - Batch Acc: 47.66%, Running Acc: 64.56%
Validation progress: 145/156 batches (92.9%)
  - Elapsed: 3.2s, Estimated remaining: 0.2s
Validation: 150/156 batches (96.5%)
  - Batch Acc: 80.47%, Running Acc: 64.75%
Validation progress: 150/156 batches (96.2%)
  - Elapsed: 3.2s, Estimated remaining: 0.1s
Validation: 155/156 batches (99.7%)
  - Batch Acc: 89.84%, Running Acc: 65.50%
Validation progress: 155/156 batches (99.4%)
  - Elapsed: 3.2s, Estimated remaining: 0.0s
Validation: 156/156 batches (100.4%)
  - Batch Acc: 90.91%, Running Acc: 65.57%
Validation complete in 3.68s - Loss: 2.1318, Accuracy: 0.6557

==== Epoch 11/100 ====
Starting training phase...
Training on 79586 samples...
Training: 100/622 batches (16.1%)
  - Batch Acc: 100.00%, Running Acc: 98.69%
  - Loss: 0.0111, Grad Norm: 0.0926
  - Learning Rate: 0.001000
Training: 200/622 batches (32.2%)
  - Batch Acc: 98.44%, Running Acc: 98.73%
  - Loss: 0.0171, Grad Norm: 0.1038
  - Learning Rate: 0.001000
Training: 300/622 batches (48.2%)
  - Batch Acc: 100.00%, Running Acc: 98.70%
  - Loss: 0.0091, Grad Norm: 0.0347
  - Learning Rate: 0.001000
Training: 400/622 batches (64.3%)
  - Batch Acc: 99.22%, Running Acc: 98.73%
  - Loss: 0.0179, Grad Norm: 0.0339
  - Learning Rate: 0.001000
Training: 500/622 batches (80.4%)
  - Batch Acc: 100.00%, Running Acc: 98.74%
  - Loss: 0.0074, Grad Norm: 0.0336
  - Learning Rate: 0.001000
Training: 600/622 batches (96.5%)
  - Batch Acc: 98.44%, Running Acc: 98.75%
  - Loss: 0.0271, Grad Norm: 0.0358
  - Learning Rate: 0.001000
Training: 622/622 batches (100.0%)
  - Batch Acc: 97.96%, Running Acc: 98.74%
  - Loss: 0.0510, Grad Norm: 0.3961
  - Learning Rate: 0.001000

Training phase complete
Epoch Summary:
  - Average Loss: 0.0279
  - Average Accuracy: 98.74%
  - Average Grad Norm: 0.1047
  - Final Learning Rate: 0.001000
Starting validation phase...
Starting validation on 19895 samples...
Entering no_grad block for validation
Validation progress: 0/156 batches (0.0%)
  - Elapsed: 2.0s, Estimated remaining: 0.0s
Validation: 5/156 batches (3.2%)
  - Batch Acc: 84.38%, Running Acc: 55.31%
Validation progress: 5/156 batches (3.2%)
  - Elapsed: 2.1s, Estimated remaining: 51.3s
Validation: 10/156 batches (6.4%)
  - Batch Acc: 62.50%, Running Acc: 60.86%
Validation progress: 10/156 batches (6.4%)
  - Elapsed: 2.1s, Estimated remaining: 27.7s
Validation: 15/156 batches (9.7%)
  - Batch Acc: 50.00%, Running Acc: 56.56%
Validation progress: 15/156 batches (9.6%)
  - Elapsed: 2.1s, Estimated remaining: 18.5s
Validation: 20/156 batches (12.9%)
  - Batch Acc: 71.88%, Running Acc: 58.79%
Validation progress: 20/156 batches (12.8%)
  - Elapsed: 2.2s, Estimated remaining: 13.9s
Validation: 25/156 batches (16.1%)
  - Batch Acc: 38.28%, Running Acc: 59.62%
Validation progress: 25/156 batches (16.0%)
  - Elapsed: 2.2s, Estimated remaining: 10.9s
Validation: 30/156 batches (19.3%)
  - Batch Acc: 100.00%, Running Acc: 59.79%
Validation progress: 30/156 batches (19.2%)
  - Elapsed: 2.2s, Estimated remaining: 8.9s
Validation: 35/156 batches (22.5%)
  - Batch Acc: 15.62%, Running Acc: 60.80%
Validation progress: 35/156 batches (22.4%)
  - Elapsed: 2.3s, Estimated remaining: 7.5s
Validation: 40/156 batches (25.7%)
  - Batch Acc: 1.56%, Running Acc: 59.80%
Validation progress: 40/156 batches (25.6%)
  - Elapsed: 2.3s, Estimated remaining: 6.4s
Validation: 45/156 batches (29.0%)
  - Batch Acc: 97.66%, Running Acc: 58.06%
Validation progress: 45/156 batches (28.8%)
  - Elapsed: 2.3s, Estimated remaining: 5.6s
Validation: 50/156 batches (32.2%)
  - Batch Acc: 16.41%, Running Acc: 56.91%
Validation progress: 50/156 batches (32.1%)
  - Elapsed: 2.4s, Estimated remaining: 4.9s
Validation: 55/156 batches (35.4%)
  - Batch Acc: 60.16%, Running Acc: 56.61%
Validation progress: 55/156 batches (35.3%)
  - Elapsed: 2.4s, Estimated remaining: 4.3s
Validation: 60/156 batches (38.6%)
  - Batch Acc: 57.81%, Running Acc: 56.85%
Validation progress: 60/156 batches (38.5%)
  - Elapsed: 2.4s, Estimated remaining: 3.8s
Validation: 65/156 batches (41.8%)
  - Batch Acc: 85.94%, Running Acc: 57.79%
Validation progress: 65/156 batches (41.7%)
  - Elapsed: 2.5s, Estimated remaining: 3.4s
Validation: 70/156 batches (45.0%)
  - Batch Acc: 98.44%, Running Acc: 60.51%
Validation progress: 70/156 batches (44.9%)
  - Elapsed: 2.5s, Estimated remaining: 3.0s
Validation: 75/156 batches (48.3%)
  - Batch Acc: 51.56%, Running Acc: 60.51%
Validation progress: 75/156 batches (48.1%)
  - Elapsed: 2.5s, Estimated remaining: 2.7s
Validation: 80/156 batches (51.5%)
  - Batch Acc: 34.38%, Running Acc: 61.68%
Validation progress: 80/156 batches (51.3%)
  - Elapsed: 2.6s, Estimated remaining: 2.4s
Validation: 85/156 batches (54.7%)
  - Batch Acc: 62.50%, Running Acc: 62.04%
Validation progress: 85/156 batches (54.5%)
  - Elapsed: 2.6s, Estimated remaining: 2.1s
Validation: 90/156 batches (57.9%)
  - Batch Acc: 32.81%, Running Acc: 62.47%
Validation progress: 90/156 batches (57.7%)
  - Elapsed: 2.7s, Estimated remaining: 1.9s
Validation: 95/156 batches (61.1%)
  - Batch Acc: 40.62%, Running Acc: 62.06%
Validation progress: 95/156 batches (60.9%)
  - Elapsed: 2.7s, Estimated remaining: 1.7s
Validation: 100/156 batches (64.3%)
  - Batch Acc: 28.91%, Running Acc: 61.35%
Validation progress: 100/156 batches (64.1%)
  - Elapsed: 2.7s, Estimated remaining: 1.5s
Validation: 105/156 batches (67.6%)
  - Batch Acc: 60.16%, Running Acc: 60.95%
Validation progress: 105/156 batches (67.3%)
  - Elapsed: 2.8s, Estimated remaining: 1.3s
Validation: 110/156 batches (70.8%)
  - Batch Acc: 90.62%, Running Acc: 62.63%
Validation progress: 110/156 batches (70.5%)
  - Elapsed: 2.8s, Estimated remaining: 1.1s
Validation: 115/156 batches (74.0%)
  - Batch Acc: 64.06%, Running Acc: 63.61%
Validation progress: 115/156 batches (73.7%)
  - Elapsed: 2.9s, Estimated remaining: 1.0s
Validation: 120/156 batches (77.2%)
  - Batch Acc: 22.66%, Running Acc: 63.02%
Validation progress: 120/156 batches (76.9%)
  - Elapsed: 2.9s, Estimated remaining: 0.8s
Validation: 125/156 batches (80.4%)
  - Batch Acc: 64.06%, Running Acc: 62.76%
Validation progress: 125/156 batches (80.1%)
  - Elapsed: 2.9s, Estimated remaining: 0.7s
Validation: 130/156 batches (83.6%)
  - Batch Acc: 52.34%, Running Acc: 62.93%
Validation progress: 130/156 batches (83.3%)
  - Elapsed: 3.0s, Estimated remaining: 0.6s
Validation: 135/156 batches (86.9%)
  - Batch Acc: 90.62%, Running Acc: 62.81%
Validation progress: 135/156 batches (86.5%)
  - Elapsed: 3.0s, Estimated remaining: 0.4s
Validation: 140/156 batches (90.1%)
  - Batch Acc: 32.03%, Running Acc: 62.83%
Validation progress: 140/156 batches (89.7%)
  - Elapsed: 3.0s, Estimated remaining: 0.3s
Validation: 145/156 batches (93.3%)
  - Batch Acc: 48.44%, Running Acc: 62.96%
Validation progress: 145/156 batches (92.9%)
  - Elapsed: 3.1s, Estimated remaining: 0.2s
Validation: 150/156 batches (96.5%)
  - Batch Acc: 87.50%, Running Acc: 63.30%
Validation progress: 150/156 batches (96.2%)
  - Elapsed: 3.1s, Estimated remaining: 0.1s
Validation: 155/156 batches (99.7%)
  - Batch Acc: 92.97%, Running Acc: 63.99%
Validation progress: 155/156 batches (99.4%)
  - Elapsed: 3.1s, Estimated remaining: 0.0s
Validation: 156/156 batches (100.4%)
  - Batch Acc: 67.27%, Running Acc: 64.00%
Validation complete in 3.60s - Loss: 2.1524, Accuracy: 0.6400

==== Epoch 12/100 ====
Starting training phase...
Training on 79586 samples...
Training: 100/622 batches (16.1%)
  - Batch Acc: 100.00%, Running Acc: 98.67%
  - Loss: 0.0118, Grad Norm: 0.0630
  - Learning Rate: 0.001000
Training: 200/622 batches (32.2%)
  - Batch Acc: 99.22%, Running Acc: 98.71%
  - Loss: 0.0193, Grad Norm: 0.0423
  - Learning Rate: 0.001000
Training: 300/622 batches (48.2%)
  - Batch Acc: 97.66%, Running Acc: 98.72%
  - Loss: 0.0394, Grad Norm: 0.0436
  - Learning Rate: 0.001000
Training: 400/622 batches (64.3%)
  - Batch Acc: 99.22%, Running Acc: 98.70%
  - Loss: 0.0159, Grad Norm: 0.0217
  - Learning Rate: 0.001000
Training: 500/622 batches (80.4%)
  - Batch Acc: 99.22%, Running Acc: 98.68%
  - Loss: 0.0191, Grad Norm: 0.1419
  - Learning Rate: 0.001000
Training: 600/622 batches (96.5%)
  - Batch Acc: 100.00%, Running Acc: 98.73%
  - Loss: 0.0151, Grad Norm: 0.0400
  - Learning Rate: 0.001000
Training: 622/622 batches (100.0%)
  - Batch Acc: 100.00%, Running Acc: 98.73%
  - Loss: 0.0007, Grad Norm: 0.0051
  - Learning Rate: 0.001000

Training phase complete
Epoch Summary:
  - Average Loss: 0.0283
  - Average Accuracy: 98.73%
  - Average Grad Norm: 0.1003
  - Final Learning Rate: 0.001000
Starting validation phase...
Starting validation on 19895 samples...
Entering no_grad block for validation
Validation progress: 0/156 batches (0.0%)
  - Elapsed: 2.0s, Estimated remaining: 0.0s
Validation: 5/156 batches (3.2%)
  - Batch Acc: 90.62%, Running Acc: 78.12%
Validation progress: 5/156 batches (3.2%)
  - Elapsed: 2.1s, Estimated remaining: 51.9s
Validation: 10/156 batches (6.4%)
  - Batch Acc: 29.69%, Running Acc: 70.62%
Validation progress: 10/156 batches (6.4%)
  - Elapsed: 2.1s, Estimated remaining: 27.8s
Validation: 15/156 batches (9.7%)
  - Batch Acc: 47.66%, Running Acc: 58.44%
Validation progress: 15/156 batches (9.6%)
  - Elapsed: 2.1s, Estimated remaining: 18.7s
Validation: 20/156 batches (12.9%)
  - Batch Acc: 63.28%, Running Acc: 61.02%
Validation progress: 20/156 batches (12.8%)
  - Elapsed: 2.2s, Estimated remaining: 14.0s
Validation: 25/156 batches (16.1%)
  - Batch Acc: 51.56%, Running Acc: 62.22%
Validation progress: 25/156 batches (16.0%)
  - Elapsed: 2.2s, Estimated remaining: 11.0s
Validation: 30/156 batches (19.3%)
  - Batch Acc: 100.00%, Running Acc: 62.11%
Validation progress: 30/156 batches (19.2%)
  - Elapsed: 2.3s, Estimated remaining: 9.1s
Validation: 35/156 batches (22.5%)
  - Batch Acc: 22.66%, Running Acc: 64.40%
Validation progress: 35/156 batches (22.4%)
  - Elapsed: 2.3s, Estimated remaining: 7.6s
Validation: 40/156 batches (25.7%)
  - Batch Acc: 92.97%, Running Acc: 67.03%
Validation progress: 40/156 batches (25.6%)
  - Elapsed: 2.3s, Estimated remaining: 6.5s
Validation: 45/156 batches (29.0%)
  - Batch Acc: 100.00%, Running Acc: 67.43%
Validation progress: 45/156 batches (28.8%)
  - Elapsed: 2.3s, Estimated remaining: 5.6s
Validation: 50/156 batches (32.2%)
  - Batch Acc: 34.38%, Running Acc: 66.47%
Validation progress: 50/156 batches (32.1%)
  - Elapsed: 2.4s, Estimated remaining: 4.9s
Validation: 55/156 batches (35.4%)
  - Batch Acc: 75.00%, Running Acc: 66.36%
Validation progress: 55/156 batches (35.3%)
  - Elapsed: 2.4s, Estimated remaining: 4.3s
Validation: 60/156 batches (38.6%)
  - Batch Acc: 47.66%, Running Acc: 65.76%
Validation progress: 60/156 batches (38.5%)
  - Elapsed: 2.5s, Estimated remaining: 3.8s
Validation: 65/156 batches (41.8%)
  - Batch Acc: 78.91%, Running Acc: 65.65%
Validation progress: 65/156 batches (41.7%)
  - Elapsed: 2.5s, Estimated remaining: 3.4s
Validation: 70/156 batches (45.0%)
  - Batch Acc: 60.16%, Running Acc: 66.41%
Validation progress: 70/156 batches (44.9%)
  - Elapsed: 2.5s, Estimated remaining: 3.0s
Validation: 75/156 batches (48.3%)
  - Batch Acc: 17.19%, Running Acc: 64.02%
Validation progress: 75/156 batches (48.1%)
  - Elapsed: 2.6s, Estimated remaining: 2.7s
Validation: 80/156 batches (51.5%)
  - Batch Acc: 67.19%, Running Acc: 64.48%
Validation progress: 80/156 batches (51.3%)
  - Elapsed: 2.6s, Estimated remaining: 2.4s
Validation: 85/156 batches (54.7%)
  - Batch Acc: 42.97%, Running Acc: 64.95%
Validation progress: 85/156 batches (54.5%)
  - Elapsed: 2.6s, Estimated remaining: 2.1s
Validation: 90/156 batches (57.9%)
  - Batch Acc: 59.38%, Running Acc: 65.04%
Validation progress: 90/156 batches (57.7%)
  - Elapsed: 2.7s, Estimated remaining: 1.9s
Validation: 95/156 batches (61.1%)
  - Batch Acc: 41.41%, Running Acc: 65.74%
Validation progress: 95/156 batches (60.9%)
  - Elapsed: 2.7s, Estimated remaining: 1.7s
Validation: 100/156 batches (64.3%)
  - Batch Acc: 69.53%, Running Acc: 66.19%
Validation progress: 100/156 batches (64.1%)
  - Elapsed: 2.8s, Estimated remaining: 1.5s
Validation: 105/156 batches (67.6%)
  - Batch Acc: 14.06%, Running Acc: 66.70%
Validation progress: 105/156 batches (67.3%)
  - Elapsed: 2.8s, Estimated remaining: 1.3s
Validation: 110/156 batches (70.8%)
  - Batch Acc: 78.12%, Running Acc: 67.63%
Validation progress: 110/156 batches (70.5%)
  - Elapsed: 2.8s, Estimated remaining: 1.1s
Validation: 115/156 batches (74.0%)
  - Batch Acc: 20.31%, Running Acc: 66.74%
Validation progress: 115/156 batches (73.7%)
  - Elapsed: 2.9s, Estimated remaining: 1.0s
Validation: 120/156 batches (77.2%)
  - Batch Acc: 4.69%, Running Acc: 65.23%
Validation progress: 120/156 batches (76.9%)
  - Elapsed: 2.9s, Estimated remaining: 0.8s
Validation: 125/156 batches (80.4%)
  - Batch Acc: 32.81%, Running Acc: 63.73%
Validation progress: 125/156 batches (80.1%)
  - Elapsed: 2.9s, Estimated remaining: 0.7s
Validation: 130/156 batches (83.6%)
  - Batch Acc: 75.78%, Running Acc: 63.40%
Validation progress: 130/156 batches (83.3%)
  - Elapsed: 3.0s, Estimated remaining: 0.6s
Validation: 135/156 batches (86.9%)
  - Batch Acc: 37.50%, Running Acc: 63.14%
Validation progress: 135/156 batches (86.5%)
  - Elapsed: 3.0s, Estimated remaining: 0.4s
Validation: 140/156 batches (90.1%)
  - Batch Acc: 0.00%, Running Acc: 61.98%
Validation progress: 140/156 batches (89.7%)
  - Elapsed: 3.0s, Estimated remaining: 0.3s
Validation: 145/156 batches (93.3%)
  - Batch Acc: 56.25%, Running Acc: 62.12%
Validation progress: 145/156 batches (92.9%)
  - Elapsed: 3.1s, Estimated remaining: 0.2s
Validation: 150/156 batches (96.5%)
  - Batch Acc: 74.22%, Running Acc: 62.04%
Validation progress: 150/156 batches (96.2%)
  - Elapsed: 3.1s, Estimated remaining: 0.1s
Validation: 155/156 batches (99.7%)
  - Batch Acc: 72.66%, Running Acc: 62.35%
Validation progress: 155/156 batches (99.4%)
  - Elapsed: 3.1s, Estimated remaining: 0.0s
Validation: 156/156 batches (100.4%)
  - Batch Acc: 29.09%, Running Acc: 62.26%
Validation complete in 3.60s - Loss: 2.2001, Accuracy: 0.6226

==== Epoch 13/100 ====
Starting training phase...
Training on 79586 samples...
Training: 100/622 batches (16.1%)
  - Batch Acc: 99.22%, Running Acc: 98.73%
  - Loss: 0.0214, Grad Norm: 0.0449
  - Learning Rate: 0.001000
Training: 200/622 batches (32.2%)
  - Batch Acc: 100.00%, Running Acc: 98.76%
  - Loss: 0.0075, Grad Norm: 0.0167
  - Learning Rate: 0.001000
Training: 300/622 batches (48.2%)
  - Batch Acc: 99.22%, Running Acc: 98.77%
  - Loss: 0.0535, Grad Norm: 0.2216
  - Learning Rate: 0.001000
Training: 400/622 batches (64.3%)
  - Batch Acc: 100.00%, Running Acc: 98.79%
  - Loss: 0.0093, Grad Norm: 0.0344
  - Learning Rate: 0.001000
Training: 500/622 batches (80.4%)
  - Batch Acc: 96.09%, Running Acc: 98.79%
  - Loss: 0.0566, Grad Norm: 0.0649
  - Learning Rate: 0.001000
Training: 600/622 batches (96.5%)
  - Batch Acc: 99.22%, Running Acc: 98.80%
  - Loss: 0.0219, Grad Norm: 0.1531
  - Learning Rate: 0.001000
Training: 622/622 batches (100.0%)
  - Batch Acc: 100.00%, Running Acc: 98.80%
  - Loss: 0.0172, Grad Norm: 0.0446
  - Learning Rate: 0.001000

Training phase complete
Epoch Summary:
  - Average Loss: 0.0263
  - Average Accuracy: 98.80%
  - Average Grad Norm: 0.0904
  - Final Learning Rate: 0.001000
Starting validation phase...
Starting validation on 19895 samples...
Entering no_grad block for validation
Validation progress: 0/156 batches (0.0%)
  - Elapsed: 2.0s, Estimated remaining: 0.0s
Validation: 5/156 batches (3.2%)
  - Batch Acc: 83.59%, Running Acc: 62.81%
Validation progress: 5/156 batches (3.2%)
  - Elapsed: 2.1s, Estimated remaining: 52.2s
Validation: 10/156 batches (6.4%)
  - Batch Acc: 48.44%, Running Acc: 62.19%
Validation progress: 10/156 batches (6.4%)
  - Elapsed: 2.2s, Estimated remaining: 28.6s
Validation: 15/156 batches (9.7%)
  - Batch Acc: 65.62%, Running Acc: 53.96%
Validation progress: 15/156 batches (9.6%)
  - Elapsed: 2.2s, Estimated remaining: 19.1s
Validation: 20/156 batches (12.9%)
  - Batch Acc: 83.59%, Running Acc: 57.85%
Validation progress: 20/156 batches (12.8%)
  - Elapsed: 2.2s, Estimated remaining: 14.2s
Validation: 25/156 batches (16.1%)
  - Batch Acc: 27.34%, Running Acc: 58.78%
Validation progress: 25/156 batches (16.0%)
  - Elapsed: 2.3s, Estimated remaining: 11.3s
Validation: 30/156 batches (19.3%)
  - Batch Acc: 100.00%, Running Acc: 58.96%
Validation progress: 30/156 batches (19.2%)
  - Elapsed: 2.3s, Estimated remaining: 9.3s
Validation: 35/156 batches (22.5%)
  - Batch Acc: 0.00%, Running Acc: 59.69%
Validation progress: 35/156 batches (22.4%)
  - Elapsed: 2.3s, Estimated remaining: 7.8s
Validation: 40/156 batches (25.7%)
  - Batch Acc: 31.25%, Running Acc: 59.79%
Validation progress: 40/156 batches (25.6%)
  - Elapsed: 2.4s, Estimated remaining: 6.7s
Validation: 45/156 batches (29.0%)
  - Batch Acc: 93.75%, Running Acc: 58.89%
Validation progress: 45/156 batches (28.8%)
  - Elapsed: 2.4s, Estimated remaining: 5.8s
Validation: 50/156 batches (32.2%)
  - Batch Acc: 7.81%, Running Acc: 56.36%
Validation progress: 50/156 batches (32.1%)
  - Elapsed: 2.5s, Estimated remaining: 5.0s
Validation: 55/156 batches (35.4%)
  - Batch Acc: 37.50%, Running Acc: 55.07%
Validation progress: 55/156 batches (35.3%)
  - Elapsed: 2.5s, Estimated remaining: 4.5s
Validation: 60/156 batches (38.6%)
  - Batch Acc: 80.47%, Running Acc: 56.29%
Validation progress: 60/156 batches (38.5%)
  - Elapsed: 2.5s, Estimated remaining: 4.0s
Validation: 65/156 batches (41.8%)
  - Batch Acc: 92.19%, Running Acc: 58.92%
Validation progress: 65/156 batches (41.7%)
  - Elapsed: 2.6s, Estimated remaining: 3.5s
Validation: 70/156 batches (45.0%)
  - Batch Acc: 89.06%, Running Acc: 61.41%
Validation progress: 70/156 batches (44.9%)
  - Elapsed: 2.6s, Estimated remaining: 3.1s
Validation: 75/156 batches (48.3%)
  - Batch Acc: 42.19%, Running Acc: 60.81%
Validation progress: 75/156 batches (48.1%)
  - Elapsed: 2.7s, Estimated remaining: 2.8s
Validation: 80/156 batches (51.5%)
  - Batch Acc: 25.00%, Running Acc: 61.82%
Validation progress: 80/156 batches (51.3%)
  - Elapsed: 2.7s, Estimated remaining: 2.5s
Validation: 85/156 batches (54.7%)
  - Batch Acc: 63.28%, Running Acc: 62.18%
Validation progress: 85/156 batches (54.5%)
  - Elapsed: 2.7s, Estimated remaining: 2.2s
Validation: 90/156 batches (57.9%)
  - Batch Acc: 44.53%, Running Acc: 62.97%
Validation progress: 90/156 batches (57.7%)
  - Elapsed: 2.8s, Estimated remaining: 2.0s
Validation: 95/156 batches (61.1%)
  - Batch Acc: 23.44%, Running Acc: 62.68%
Validation progress: 95/156 batches (60.9%)
  - Elapsed: 2.8s, Estimated remaining: 1.8s
Validation: 100/156 batches (64.3%)
  - Batch Acc: 39.06%, Running Acc: 62.59%
Validation progress: 100/156 batches (64.1%)
  - Elapsed: 2.9s, Estimated remaining: 1.6s
Validation: 105/156 batches (67.6%)
  - Batch Acc: 8.59%, Running Acc: 62.21%
Validation progress: 105/156 batches (67.3%)
  - Elapsed: 2.9s, Estimated remaining: 1.4s
Validation: 110/156 batches (70.8%)
  - Batch Acc: 93.75%, Running Acc: 63.74%
Validation progress: 110/156 batches (70.5%)
  - Elapsed: 3.0s, Estimated remaining: 1.2s
Validation: 115/156 batches (74.0%)
  - Batch Acc: 42.97%, Running Acc: 63.77%
Validation progress: 115/156 batches (73.7%)
  - Elapsed: 3.0s, Estimated remaining: 1.0s
Validation: 120/156 batches (77.2%)
  - Batch Acc: 28.91%, Running Acc: 63.05%
Validation progress: 120/156 batches (76.9%)
  - Elapsed: 3.0s, Estimated remaining: 0.9s
Validation: 125/156 batches (80.4%)
  - Batch Acc: 63.28%, Running Acc: 62.51%
Validation progress: 125/156 batches (80.1%)
  - Elapsed: 3.1s, Estimated remaining: 0.7s
Validation: 130/156 batches (83.6%)
  - Batch Acc: 77.34%, Running Acc: 62.68%
Validation progress: 130/156 batches (83.3%)
  - Elapsed: 3.1s, Estimated remaining: 0.6s
Validation: 135/156 batches (86.9%)
  - Batch Acc: 89.84%, Running Acc: 62.66%
Validation progress: 135/156 batches (86.5%)
  - Elapsed: 3.2s, Estimated remaining: 0.5s
Validation: 140/156 batches (90.1%)
  - Batch Acc: 15.62%, Running Acc: 62.51%
Validation progress: 140/156 batches (89.7%)
  - Elapsed: 3.2s, Estimated remaining: 0.3s
Validation: 145/156 batches (93.3%)
  - Batch Acc: 59.38%, Running Acc: 62.76%
Validation progress: 145/156 batches (92.9%)
  - Elapsed: 3.2s, Estimated remaining: 0.2s
Validation: 150/156 batches (96.5%)
  - Batch Acc: 75.00%, Running Acc: 62.60%
Validation progress: 150/156 batches (96.2%)
  - Elapsed: 3.3s, Estimated remaining: 0.1s
Validation: 155/156 batches (99.7%)
  - Batch Acc: 92.19%, Running Acc: 63.22%
Validation progress: 155/156 batches (99.4%)
  - Elapsed: 3.3s, Estimated remaining: 0.0s
Validation: 156/156 batches (100.4%)
  - Batch Acc: 78.18%, Running Acc: 63.26%
Validation complete in 3.74s - Loss: 2.1937, Accuracy: 0.6326

==== Epoch 14/100 ====
Starting training phase...
Training on 79586 samples...
Training: 100/622 batches (16.1%)
  - Batch Acc: 98.44%, Running Acc: 98.72%
  - Loss: 0.0302, Grad Norm: 0.0555
  - Learning Rate: 0.001000
Training: 200/622 batches (32.2%)
  - Batch Acc: 98.44%, Running Acc: 98.68%
  - Loss: 0.0239, Grad Norm: 0.0332
  - Learning Rate: 0.001000
Training: 300/622 batches (48.2%)
  - Batch Acc: 98.44%, Running Acc: 98.63%
  - Loss: 0.0326, Grad Norm: 0.0938
  - Learning Rate: 0.001000
Training: 400/622 batches (64.3%)
  - Batch Acc: 98.44%, Running Acc: 98.63%
  - Loss: 0.0290, Grad Norm: 0.0765
  - Learning Rate: 0.001000
Training: 500/622 batches (80.4%)
  - Batch Acc: 98.44%, Running Acc: 98.67%
  - Loss: 0.0381, Grad Norm: 0.2518
  - Learning Rate: 0.001000
Training: 600/622 batches (96.5%)
  - Batch Acc: 98.44%, Running Acc: 98.67%
  - Loss: 0.0242, Grad Norm: 0.1116
  - Learning Rate: 0.001000
Training: 622/622 batches (100.0%)
  - Batch Acc: 94.90%, Running Acc: 98.67%
  - Loss: 0.0682, Grad Norm: 0.2446
  - Learning Rate: 0.001000

Training phase complete
Epoch Summary:
  - Average Loss: 0.0300
  - Average Accuracy: 98.67%
  - Average Grad Norm: 0.0995
  - Final Learning Rate: 0.001000
Starting validation phase...
Starting validation on 19895 samples...
Entering no_grad block for validation
Validation progress: 0/156 batches (0.0%)
  - Elapsed: 2.1s, Estimated remaining: 0.0s
Validation: 5/156 batches (3.2%)
  - Batch Acc: 85.16%, Running Acc: 55.78%
Validation progress: 5/156 batches (3.2%)
  - Elapsed: 2.1s, Estimated remaining: 53.4s
Validation: 10/156 batches (6.4%)
  - Batch Acc: 57.03%, Running Acc: 57.11%
Validation progress: 10/156 batches (6.4%)
  - Elapsed: 2.2s, Estimated remaining: 29.0s
Validation: 15/156 batches (9.7%)
  - Batch Acc: 66.41%, Running Acc: 53.39%
Validation progress: 15/156 batches (9.6%)
  - Elapsed: 2.2s, Estimated remaining: 19.4s
Validation: 20/156 batches (12.9%)
  - Batch Acc: 65.62%, Running Acc: 55.55%
Validation progress: 20/156 batches (12.8%)
  - Elapsed: 2.2s, Estimated remaining: 14.5s
Validation: 25/156 batches (16.1%)
  - Batch Acc: 35.16%, Running Acc: 58.00%
Validation progress: 25/156 batches (16.0%)
  - Elapsed: 2.3s, Estimated remaining: 11.4s
Validation: 30/156 batches (19.3%)
  - Batch Acc: 100.00%, Running Acc: 57.40%
Validation progress: 30/156 batches (19.2%)
  - Elapsed: 2.3s, Estimated remaining: 9.4s
Validation: 35/156 batches (22.5%)
  - Batch Acc: 11.72%, Running Acc: 59.00%
Validation progress: 35/156 batches (22.4%)
  - Elapsed: 2.4s, Estimated remaining: 7.9s
Validation: 40/156 batches (25.7%)
  - Batch Acc: 12.50%, Running Acc: 58.69%
Validation progress: 40/156 batches (25.6%)
  - Elapsed: 2.4s, Estimated remaining: 6.8s
Validation: 45/156 batches (29.0%)
  - Batch Acc: 90.62%, Running Acc: 57.59%
Validation progress: 45/156 batches (28.8%)
  - Elapsed: 2.5s, Estimated remaining: 5.9s
Validation: 50/156 batches (32.2%)
  - Batch Acc: 23.44%, Running Acc: 55.94%
Validation progress: 50/156 batches (32.1%)
  - Elapsed: 2.5s, Estimated remaining: 5.1s
Validation: 55/156 batches (35.4%)
  - Batch Acc: 54.69%, Running Acc: 55.18%
Validation progress: 55/156 batches (35.3%)
  - Elapsed: 2.5s, Estimated remaining: 4.5s
Validation: 60/156 batches (38.6%)
  - Batch Acc: 77.34%, Running Acc: 56.32%
Validation progress: 60/156 batches (38.5%)
  - Elapsed: 2.6s, Estimated remaining: 4.0s
Validation: 65/156 batches (41.8%)
  - Batch Acc: 90.62%, Running Acc: 57.66%
Validation progress: 65/156 batches (41.7%)
  - Elapsed: 2.6s, Estimated remaining: 3.6s
Validation: 70/156 batches (45.0%)
  - Batch Acc: 85.16%, Running Acc: 60.19%
Validation progress: 70/156 batches (44.9%)
  - Elapsed: 2.7s, Estimated remaining: 3.2s
Validation: 75/156 batches (48.3%)
  - Batch Acc: 37.50%, Running Acc: 60.30%
Validation progress: 75/156 batches (48.1%)
  - Elapsed: 2.7s, Estimated remaining: 2.9s
Validation: 80/156 batches (51.5%)
  - Batch Acc: 10.94%, Running Acc: 61.16%
Validation progress: 80/156 batches (51.3%)
  - Elapsed: 2.8s, Estimated remaining: 2.5s
Validation: 85/156 batches (54.7%)
  - Batch Acc: 67.19%, Running Acc: 61.78%
Validation progress: 85/156 batches (54.5%)
  - Elapsed: 2.8s, Estimated remaining: 2.3s
Validation: 90/156 batches (57.9%)
  - Batch Acc: 28.12%, Running Acc: 62.22%
Validation progress: 90/156 batches (57.7%)
  - Elapsed: 2.8s, Estimated remaining: 2.0s
Validation: 95/156 batches (61.1%)
  - Batch Acc: 20.31%, Running Acc: 61.78%
Validation progress: 95/156 batches (60.9%)
  - Elapsed: 2.9s, Estimated remaining: 1.8s
Validation: 100/156 batches (64.3%)
  - Batch Acc: 7.03%, Running Acc: 60.95%
Validation progress: 100/156 batches (64.1%)
  - Elapsed: 2.9s, Estimated remaining: 1.6s
Validation: 105/156 batches (67.6%)
  - Batch Acc: 32.03%, Running Acc: 60.83%
Validation progress: 105/156 batches (67.3%)
  - Elapsed: 3.0s, Estimated remaining: 1.4s
Validation: 110/156 batches (70.8%)
  - Batch Acc: 90.62%, Running Acc: 62.51%
Validation progress: 110/156 batches (70.5%)
  - Elapsed: 3.0s, Estimated remaining: 1.2s
Validation: 115/156 batches (74.0%)
  - Batch Acc: 33.59%, Running Acc: 63.09%
Validation progress: 115/156 batches (73.7%)
  - Elapsed: 3.1s, Estimated remaining: 1.1s
Validation: 120/156 batches (77.2%)
  - Batch Acc: 22.66%, Running Acc: 62.36%
Validation progress: 120/156 batches (76.9%)
  - Elapsed: 3.1s, Estimated remaining: 0.9s
Validation: 125/156 batches (80.4%)
  - Batch Acc: 52.34%, Running Acc: 62.03%
Validation progress: 125/156 batches (80.1%)
  - Elapsed: 3.1s, Estimated remaining: 0.7s
Validation: 130/156 batches (83.6%)
  - Batch Acc: 59.38%, Running Acc: 62.16%
Validation progress: 130/156 batches (83.3%)
  - Elapsed: 3.2s, Estimated remaining: 0.6s
Validation: 135/156 batches (86.9%)
  - Batch Acc: 90.62%, Running Acc: 61.93%
Validation progress: 135/156 batches (86.5%)
  - Elapsed: 3.2s, Estimated remaining: 0.5s
Validation: 140/156 batches (90.1%)
  - Batch Acc: 26.56%, Running Acc: 61.67%
Validation progress: 140/156 batches (89.7%)
  - Elapsed: 3.3s, Estimated remaining: 0.3s
Validation: 145/156 batches (93.3%)
  - Batch Acc: 41.41%, Running Acc: 61.84%
Validation progress: 145/156 batches (92.9%)
  - Elapsed: 3.3s, Estimated remaining: 0.2s
Validation: 150/156 batches (96.5%)
  - Batch Acc: 97.66%, Running Acc: 62.09%
Validation progress: 150/156 batches (96.2%)
  - Elapsed: 3.4s, Estimated remaining: 0.1s
Validation: 155/156 batches (99.7%)
  - Batch Acc: 92.19%, Running Acc: 62.89%
Validation progress: 155/156 batches (99.4%)
  - Elapsed: 3.4s, Estimated remaining: 0.0s
Validation: 156/156 batches (100.4%)
  - Batch Acc: 83.64%, Running Acc: 62.95%
Validation complete in 3.85s - Loss: 2.1773, Accuracy: 0.6295

==== Epoch 15/100 ====
Starting training phase...
Training on 79586 samples...
Training: 100/622 batches (16.1%)
  - Batch Acc: 100.00%, Running Acc: 98.84%
  - Loss: 0.0038, Grad Norm: 0.0219
  - Learning Rate: 0.001000
Training: 200/622 batches (32.2%)
  - Batch Acc: 97.66%, Running Acc: 98.82%
  - Loss: 0.0297, Grad Norm: 0.1374
  - Learning Rate: 0.001000
Training: 300/622 batches (48.2%)
  - Batch Acc: 97.66%, Running Acc: 98.78%
  - Loss: 0.0330, Grad Norm: 0.0522
  - Learning Rate: 0.001000
Training: 400/622 batches (64.3%)
  - Batch Acc: 98.44%, Running Acc: 98.75%
  - Loss: 0.0192, Grad Norm: 0.0327
  - Learning Rate: 0.001000
Training: 500/622 batches (80.4%)
  - Batch Acc: 99.22%, Running Acc: 98.77%
  - Loss: 0.0230, Grad Norm: 0.0581
  - Learning Rate: 0.001000
Training: 600/622 batches (96.5%)
  - Batch Acc: 97.66%, Running Acc: 98.77%
  - Loss: 0.0989, Grad Norm: 0.3211
  - Learning Rate: 0.001000
Training: 622/622 batches (100.0%)
  - Batch Acc: 96.94%, Running Acc: 98.77%
  - Loss: 0.0473, Grad Norm: 0.2563
  - Learning Rate: 0.001000

Training phase complete
Epoch Summary:
  - Average Loss: 0.0274
  - Average Accuracy: 98.77%
  - Average Grad Norm: 0.0864
  - Final Learning Rate: 0.001000
Starting validation phase...
Starting validation on 19895 samples...
Entering no_grad block for validation
Validation progress: 0/156 batches (0.0%)
  - Elapsed: 2.0s, Estimated remaining: 0.0s
Validation: 5/156 batches (3.2%)
  - Batch Acc: 85.16%, Running Acc: 79.69%
Validation progress: 5/156 batches (3.2%)
  - Elapsed: 2.1s, Estimated remaining: 52.2s
Validation: 10/156 batches (6.4%)
  - Batch Acc: 45.31%, Running Acc: 73.20%
Validation progress: 10/156 batches (6.4%)
  - Elapsed: 2.1s, Estimated remaining: 28.2s
Validation: 15/156 batches (9.7%)
  - Batch Acc: 46.88%, Running Acc: 60.94%
Validation progress: 15/156 batches (9.6%)
  - Elapsed: 2.2s, Estimated remaining: 18.8s
Validation: 20/156 batches (12.9%)
  - Batch Acc: 62.50%, Running Acc: 62.89%
Validation progress: 20/156 batches (12.8%)
  - Elapsed: 2.2s, Estimated remaining: 14.1s
Validation: 25/156 batches (16.1%)
  - Batch Acc: 35.94%, Running Acc: 63.12%
Validation progress: 25/156 batches (16.0%)
  - Elapsed: 2.3s, Estimated remaining: 11.3s
Validation: 30/156 batches (19.3%)
  - Batch Acc: 100.00%, Running Acc: 61.77%
Validation progress: 30/156 batches (19.2%)
  - Elapsed: 2.3s, Estimated remaining: 9.2s
Validation: 35/156 batches (22.5%)
  - Batch Acc: 0.00%, Running Acc: 62.28%
Validation progress: 35/156 batches (22.4%)
  - Elapsed: 2.3s, Estimated remaining: 7.7s
Validation: 40/156 batches (25.7%)
  - Batch Acc: 90.62%, Running Acc: 64.94%
Validation progress: 40/156 batches (25.6%)
  - Elapsed: 2.4s, Estimated remaining: 6.6s
Validation: 45/156 batches (29.0%)
  - Batch Acc: 85.94%, Running Acc: 64.81%
Validation progress: 45/156 batches (28.8%)
  - Elapsed: 2.4s, Estimated remaining: 5.7s
Validation: 50/156 batches (32.2%)
  - Batch Acc: 32.81%, Running Acc: 62.80%
Validation progress: 50/156 batches (32.1%)
  - Elapsed: 2.4s, Estimated remaining: 5.0s
Validation: 55/156 batches (35.4%)
  - Batch Acc: 71.09%, Running Acc: 63.07%
Validation progress: 55/156 batches (35.3%)
  - Elapsed: 2.5s, Estimated remaining: 4.4s
Validation: 60/156 batches (38.6%)
  - Batch Acc: 92.19%, Running Acc: 64.00%
Validation progress: 60/156 batches (38.5%)
  - Elapsed: 2.5s, Estimated remaining: 3.9s
Validation: 65/156 batches (41.8%)
  - Batch Acc: 91.41%, Running Acc: 65.08%
Validation progress: 65/156 batches (41.7%)
  - Elapsed: 2.6s, Estimated remaining: 3.5s
Validation: 70/156 batches (45.0%)
  - Batch Acc: 52.34%, Running Acc: 65.89%
Validation progress: 70/156 batches (44.9%)
  - Elapsed: 2.6s, Estimated remaining: 3.1s
Validation: 75/156 batches (48.3%)
  - Batch Acc: 25.78%, Running Acc: 64.16%
Validation progress: 75/156 batches (48.1%)
  - Elapsed: 2.7s, Estimated remaining: 2.8s
Validation: 80/156 batches (51.5%)
  - Batch Acc: 41.41%, Running Acc: 64.30%
Validation progress: 80/156 batches (51.3%)
  - Elapsed: 2.7s, Estimated remaining: 2.5s
Validation: 85/156 batches (54.7%)
  - Batch Acc: 32.81%, Running Acc: 64.28%
Validation progress: 85/156 batches (54.5%)
  - Elapsed: 2.7s, Estimated remaining: 2.2s
Validation: 90/156 batches (57.9%)
  - Batch Acc: 53.91%, Running Acc: 64.21%
Validation progress: 90/156 batches (57.7%)
  - Elapsed: 2.8s, Estimated remaining: 2.0s
Validation: 95/156 batches (61.1%)
  - Batch Acc: 21.09%, Running Acc: 64.56%
Validation progress: 95/156 batches (60.9%)
  - Elapsed: 2.8s, Estimated remaining: 1.8s
Validation: 100/156 batches (64.3%)
  - Batch Acc: 73.44%, Running Acc: 65.05%
Validation progress: 100/156 batches (64.1%)
  - Elapsed: 2.9s, Estimated remaining: 1.6s
Validation: 105/156 batches (67.6%)
  - Batch Acc: 9.38%, Running Acc: 65.53%
Validation progress: 105/156 batches (67.3%)
  - Elapsed: 2.9s, Estimated remaining: 1.4s
Validation: 110/156 batches (70.8%)
  - Batch Acc: 87.50%, Running Acc: 66.68%
Validation progress: 110/156 batches (70.5%)
  - Elapsed: 2.9s, Estimated remaining: 1.2s
Validation: 115/156 batches (74.0%)
  - Batch Acc: 11.72%, Running Acc: 65.69%
Validation progress: 115/156 batches (73.7%)
  - Elapsed: 3.0s, Estimated remaining: 1.0s
Validation: 120/156 batches (77.2%)
  - Batch Acc: 12.50%, Running Acc: 64.48%
Validation progress: 120/156 batches (76.9%)
  - Elapsed: 3.0s, Estimated remaining: 0.9s
Validation: 125/156 batches (80.4%)
  - Batch Acc: 35.16%, Running Acc: 63.26%
Validation progress: 125/156 batches (80.1%)
  - Elapsed: 3.1s, Estimated remaining: 0.7s
Validation: 130/156 batches (83.6%)
  - Batch Acc: 75.00%, Running Acc: 62.87%
Validation progress: 130/156 batches (83.3%)
  - Elapsed: 3.1s, Estimated remaining: 0.6s
Validation: 135/156 batches (86.9%)
  - Batch Acc: 45.31%, Running Acc: 62.89%
Validation progress: 135/156 batches (86.5%)
  - Elapsed: 3.1s, Estimated remaining: 0.5s
Validation: 140/156 batches (90.1%)
  - Batch Acc: 0.00%, Running Acc: 62.12%
Validation progress: 140/156 batches (89.7%)
  - Elapsed: 3.2s, Estimated remaining: 0.3s
Validation: 145/156 batches (93.3%)
  - Batch Acc: 60.16%, Running Acc: 62.36%
Validation progress: 145/156 batches (92.9%)
  - Elapsed: 3.2s, Estimated remaining: 0.2s
Validation: 150/156 batches (96.5%)
  - Batch Acc: 79.69%, Running Acc: 62.05%
Validation progress: 150/156 batches (96.2%)
  - Elapsed: 3.3s, Estimated remaining: 0.1s
Validation: 155/156 batches (99.7%)
  - Batch Acc: 73.44%, Running Acc: 62.52%
Validation progress: 155/156 batches (99.4%)
  - Elapsed: 3.3s, Estimated remaining: 0.0s
Validation: 156/156 batches (100.4%)
  - Batch Acc: 70.91%, Running Acc: 62.54%
Validation complete in 3.73s - Loss: 2.3186, Accuracy: 0.6254

==== Epoch 16/100 ====
Starting training phase...
Training on 79586 samples...
Training: 100/622 batches (16.1%)
  - Batch Acc: 97.66%, Running Acc: 98.91%
  - Loss: 0.0446, Grad Norm: 0.0540
  - Learning Rate: 0.001000
Training: 200/622 batches (32.2%)
  - Batch Acc: 97.66%, Running Acc: 98.91%
  - Loss: 0.0387, Grad Norm: 0.0576
  - Learning Rate: 0.001000
Training: 300/622 batches (48.2%)
  - Batch Acc: 100.00%, Running Acc: 98.85%
  - Loss: 0.0208, Grad Norm: 0.0534
  - Learning Rate: 0.001000
Training: 400/622 batches (64.3%)
  - Batch Acc: 98.44%, Running Acc: 98.87%
  - Loss: 0.0177, Grad Norm: 0.0319
  - Learning Rate: 0.001000
Training: 500/622 batches (80.4%)
  - Batch Acc: 97.66%, Running Acc: 98.85%
  - Loss: 0.0413, Grad Norm: 0.0565
  - Learning Rate: 0.001000
Training: 600/622 batches (96.5%)
  - Batch Acc: 100.00%, Running Acc: 98.84%
  - Loss: 0.0158, Grad Norm: 0.0411
  - Learning Rate: 0.001000
Training: 622/622 batches (100.0%)
  - Batch Acc: 95.92%, Running Acc: 98.83%
  - Loss: 0.0644, Grad Norm: 0.0727
  - Learning Rate: 0.001000

Training phase complete
Epoch Summary:
  - Average Loss: 0.0250
  - Average Accuracy: 98.83%
  - Average Grad Norm: 0.0766
  - Final Learning Rate: 0.001000
Starting validation phase...
Starting validation on 19895 samples...
Entering no_grad block for validation
Validation progress: 0/156 batches (0.0%)
  - Elapsed: 2.1s, Estimated remaining: 0.0s
Validation: 5/156 batches (3.2%)
  - Batch Acc: 78.91%, Running Acc: 76.72%
Validation progress: 5/156 batches (3.2%)
  - Elapsed: 2.1s, Estimated remaining: 53.1s
Validation: 10/156 batches (6.4%)
  - Batch Acc: 47.66%, Running Acc: 68.91%
Validation progress: 10/156 batches (6.4%)
  - Elapsed: 2.2s, Estimated remaining: 28.4s
Validation: 15/156 batches (9.7%)
  - Batch Acc: 40.62%, Running Acc: 58.02%
Validation progress: 15/156 batches (9.6%)
  - Elapsed: 2.2s, Estimated remaining: 19.1s
Validation: 20/156 batches (12.9%)
  - Batch Acc: 71.09%, Running Acc: 60.98%
Validation progress: 20/156 batches (12.8%)
  - Elapsed: 2.2s, Estimated remaining: 14.3s
Validation: 25/156 batches (16.1%)
  - Batch Acc: 33.59%, Running Acc: 60.81%
Validation progress: 25/156 batches (16.0%)
  - Elapsed: 2.3s, Estimated remaining: 11.3s
Validation: 30/156 batches (19.3%)
  - Batch Acc: 100.00%, Running Acc: 59.84%
Validation progress: 30/156 batches (19.2%)
  - Elapsed: 2.3s, Estimated remaining: 9.3s
Validation: 35/156 batches (22.5%)
  - Batch Acc: 10.94%, Running Acc: 60.69%
Validation progress: 35/156 batches (22.4%)
  - Elapsed: 2.3s, Estimated remaining: 7.8s
Validation: 40/156 batches (25.7%)
  - Batch Acc: 45.31%, Running Acc: 61.72%
Validation progress: 40/156 batches (25.6%)
  - Elapsed: 2.4s, Estimated remaining: 6.6s
Validation: 45/156 batches (29.0%)
  - Batch Acc: 78.91%, Running Acc: 60.87%
Validation progress: 45/156 batches (28.8%)
  - Elapsed: 2.4s, Estimated remaining: 5.8s
Validation: 50/156 batches (32.2%)
  - Batch Acc: 33.59%, Running Acc: 58.94%
Validation progress: 50/156 batches (32.1%)
  - Elapsed: 2.4s, Estimated remaining: 5.0s
Validation: 55/156 batches (35.4%)
  - Batch Acc: 39.06%, Running Acc: 58.72%
Validation progress: 55/156 batches (35.3%)
  - Elapsed: 2.5s, Estimated remaining: 4.4s
Validation: 60/156 batches (38.6%)
  - Batch Acc: 84.38%, Running Acc: 59.66%
Validation progress: 60/156 batches (38.5%)
  - Elapsed: 2.5s, Estimated remaining: 3.9s
Validation: 65/156 batches (41.8%)
  - Batch Acc: 100.00%, Running Acc: 61.72%
Validation progress: 65/156 batches (41.7%)
  - Elapsed: 2.6s, Estimated remaining: 3.5s
Validation: 70/156 batches (45.0%)
  - Batch Acc: 53.91%, Running Acc: 63.25%
Validation progress: 70/156 batches (44.9%)
  - Elapsed: 2.6s, Estimated remaining: 3.1s
Validation: 75/156 batches (48.3%)
  - Batch Acc: 44.53%, Running Acc: 62.77%
Validation progress: 75/156 batches (48.1%)
  - Elapsed: 2.6s, Estimated remaining: 2.8s
Validation: 80/156 batches (51.5%)
  - Batch Acc: 29.69%, Running Acc: 63.27%
Validation progress: 80/156 batches (51.3%)
  - Elapsed: 2.7s, Estimated remaining: 2.5s
Validation: 85/156 batches (54.7%)
  - Batch Acc: 43.75%, Running Acc: 63.34%
Validation progress: 85/156 batches (54.5%)
  - Elapsed: 2.7s, Estimated remaining: 2.2s
Validation: 90/156 batches (57.9%)
  - Batch Acc: 35.16%, Running Acc: 63.01%
Validation progress: 90/156 batches (57.7%)
  - Elapsed: 2.7s, Estimated remaining: 2.0s
Validation: 95/156 batches (61.1%)
  - Batch Acc: 31.25%, Running Acc: 63.48%
Validation progress: 95/156 batches (60.9%)
  - Elapsed: 2.8s, Estimated remaining: 1.7s
Validation: 100/156 batches (64.3%)
  - Batch Acc: 59.38%, Running Acc: 63.83%
Validation progress: 100/156 batches (64.1%)
  - Elapsed: 2.8s, Estimated remaining: 1.5s
Validation: 105/156 batches (67.6%)
  - Batch Acc: 26.56%, Running Acc: 64.29%
Validation progress: 105/156 batches (67.3%)
  - Elapsed: 2.8s, Estimated remaining: 1.3s
Validation: 110/156 batches (70.8%)
  - Batch Acc: 96.88%, Running Acc: 65.66%
Validation progress: 110/156 batches (70.5%)
  - Elapsed: 2.9s, Estimated remaining: 1.2s
Validation: 115/156 batches (74.0%)
  - Batch Acc: 24.22%, Running Acc: 65.41%
Validation progress: 115/156 batches (73.7%)
  - Elapsed: 2.9s, Estimated remaining: 1.0s
Validation: 120/156 batches (77.2%)
  - Batch Acc: 21.09%, Running Acc: 64.56%
Validation progress: 120/156 batches (76.9%)
  - Elapsed: 3.0s, Estimated remaining: 0.9s
Validation: 125/156 batches (80.4%)
  - Batch Acc: 53.12%, Running Acc: 63.94%
Validation progress: 125/156 batches (80.1%)
  - Elapsed: 3.0s, Estimated remaining: 0.7s
Validation: 130/156 batches (83.6%)
  - Batch Acc: 76.56%, Running Acc: 63.63%
Validation progress: 130/156 batches (83.3%)
  - Elapsed: 3.0s, Estimated remaining: 0.6s
Validation: 135/156 batches (86.9%)
  - Batch Acc: 51.56%, Running Acc: 63.25%
Validation progress: 135/156 batches (86.5%)
  - Elapsed: 3.1s, Estimated remaining: 0.5s
Validation: 140/156 batches (90.1%)
  - Batch Acc: 5.47%, Running Acc: 62.50%
Validation progress: 140/156 batches (89.7%)
  - Elapsed: 3.1s, Estimated remaining: 0.3s
Validation: 145/156 batches (93.3%)
  - Batch Acc: 46.09%, Running Acc: 62.69%
Validation progress: 145/156 batches (92.9%)
  - Elapsed: 3.1s, Estimated remaining: 0.2s
Validation: 150/156 batches (96.5%)
  - Batch Acc: 77.34%, Running Acc: 62.54%
Validation progress: 150/156 batches (96.2%)
  - Elapsed: 3.2s, Estimated remaining: 0.1s
Validation: 155/156 batches (99.7%)
  - Batch Acc: 70.31%, Running Acc: 63.07%
Validation progress: 155/156 batches (99.4%)
  - Elapsed: 3.2s, Estimated remaining: 0.0s
Validation: 156/156 batches (100.4%)
  - Batch Acc: 80.00%, Running Acc: 63.12%
Validation complete in 3.67s - Loss: 2.2007, Accuracy: 0.6312

==== Epoch 17/100 ====
Starting training phase...
Training on 79586 samples...
Training: 100/622 batches (16.1%)
  - Batch Acc: 100.00%, Running Acc: 98.62%
  - Loss: 0.0202, Grad Norm: 0.0353
  - Learning Rate: 0.001000
Training: 200/622 batches (32.2%)
  - Batch Acc: 100.00%, Running Acc: 98.78%
  - Loss: 0.0012, Grad Norm: 0.0116
  - Learning Rate: 0.001000
Training: 300/622 batches (48.2%)
  - Batch Acc: 99.22%, Running Acc: 98.76%
  - Loss: 0.0134, Grad Norm: 0.0150
  - Learning Rate: 0.001000
Training: 400/622 batches (64.3%)
  - Batch Acc: 100.00%, Running Acc: 98.77%
  - Loss: 0.0072, Grad Norm: 0.0211
  - Learning Rate: 0.001000
Training: 500/622 batches (80.4%)
  - Batch Acc: 98.44%, Running Acc: 98.76%
  - Loss: 0.0415, Grad Norm: 0.0802
  - Learning Rate: 0.001000
Training: 600/622 batches (96.5%)
  - Batch Acc: 99.22%, Running Acc: 98.74%
  - Loss: 0.0149, Grad Norm: 0.1558
  - Learning Rate: 0.001000
Training: 622/622 batches (100.0%)
  - Batch Acc: 100.00%, Running Acc: 98.74%
  - Loss: 0.0097, Grad Norm: 0.0289
  - Learning Rate: 0.001000

Training phase complete
Epoch Summary:
  - Average Loss: 0.0275
  - Average Accuracy: 98.74%
  - Average Grad Norm: 0.0858
  - Final Learning Rate: 0.001000
Starting validation phase...
Starting validation on 19895 samples...
Entering no_grad block for validation
Validation progress: 0/156 batches (0.0%)
  - Elapsed: 2.1s, Estimated remaining: 0.0s
Validation: 5/156 batches (3.2%)
  - Batch Acc: 67.19%, Running Acc: 64.38%
Validation progress: 5/156 batches (3.2%)
  - Elapsed: 2.1s, Estimated remaining: 52.5s
Validation: 10/156 batches (6.4%)
  - Batch Acc: 46.88%, Running Acc: 64.53%
Validation progress: 10/156 batches (6.4%)
  - Elapsed: 2.2s, Estimated remaining: 28.5s
Validation: 15/156 batches (9.7%)
  - Batch Acc: 44.53%, Running Acc: 53.80%
Validation progress: 15/156 batches (9.6%)
  - Elapsed: 2.2s, Estimated remaining: 19.1s
Validation: 20/156 batches (12.9%)
  - Batch Acc: 73.44%, Running Acc: 58.09%
Validation progress: 20/156 batches (12.8%)
  - Elapsed: 2.2s, Estimated remaining: 14.3s
Validation: 25/156 batches (16.1%)
  - Batch Acc: 46.88%, Running Acc: 59.59%
Validation progress: 25/156 batches (16.0%)
  - Elapsed: 2.3s, Estimated remaining: 11.3s
Validation: 30/156 batches (19.3%)
  - Batch Acc: 100.00%, Running Acc: 58.70%
Validation progress: 30/156 batches (19.2%)
  - Elapsed: 2.3s, Estimated remaining: 9.3s
Validation: 35/156 batches (22.5%)
  - Batch Acc: 8.59%, Running Acc: 59.69%
Validation progress: 35/156 batches (22.4%)
  - Elapsed: 2.4s, Estimated remaining: 7.9s
Validation: 40/156 batches (25.7%)
  - Batch Acc: 77.34%, Running Acc: 62.15%
Validation progress: 40/156 batches (25.6%)
  - Elapsed: 2.4s, Estimated remaining: 6.7s
Validation: 45/156 batches (29.0%)
  - Batch Acc: 98.44%, Running Acc: 62.85%
Validation progress: 45/156 batches (28.8%)
  - Elapsed: 2.4s, Estimated remaining: 5.8s
Validation: 50/156 batches (32.2%)
  - Batch Acc: 37.50%, Running Acc: 60.94%
Validation progress: 50/156 batches (32.1%)
  - Elapsed: 2.5s, Estimated remaining: 5.1s
Validation: 55/156 batches (35.4%)
  - Batch Acc: 60.16%, Running Acc: 60.18%
Validation progress: 55/156 batches (35.3%)
  - Elapsed: 2.5s, Estimated remaining: 4.5s
Validation: 60/156 batches (38.6%)
  - Batch Acc: 96.88%, Running Acc: 61.09%
Validation progress: 60/156 batches (38.5%)
  - Elapsed: 2.6s, Estimated remaining: 4.0s
Validation: 65/156 batches (41.8%)
  - Batch Acc: 87.50%, Running Acc: 62.55%
Validation progress: 65/156 batches (41.7%)
  - Elapsed: 2.6s, Estimated remaining: 3.6s
Validation: 70/156 batches (45.0%)
  - Batch Acc: 53.91%, Running Acc: 63.36%
Validation progress: 70/156 batches (44.9%)
  - Elapsed: 2.6s, Estimated remaining: 3.2s
Validation: 75/156 batches (48.3%)
  - Batch Acc: 26.56%, Running Acc: 61.75%
Validation progress: 75/156 batches (48.1%)
  - Elapsed: 2.7s, Estimated remaining: 2.8s
Validation: 80/156 batches (51.5%)
  - Batch Acc: 39.84%, Running Acc: 62.43%
Validation progress: 80/156 batches (51.3%)
  - Elapsed: 2.7s, Estimated remaining: 2.5s
Validation: 85/156 batches (54.7%)
  - Batch Acc: 50.00%, Running Acc: 62.71%
Validation progress: 85/156 batches (54.5%)
  - Elapsed: 2.8s, Estimated remaining: 2.3s
Validation: 90/156 batches (57.9%)
  - Batch Acc: 18.75%, Running Acc: 62.69%
Validation progress: 90/156 batches (57.7%)
  - Elapsed: 2.8s, Estimated remaining: 2.0s
Validation: 95/156 batches (61.1%)
  - Batch Acc: 18.75%, Running Acc: 62.92%
Validation progress: 95/156 batches (60.9%)
  - Elapsed: 2.9s, Estimated remaining: 1.8s
Validation: 100/156 batches (64.3%)
  - Batch Acc: 68.75%, Running Acc: 63.14%
Validation progress: 100/156 batches (64.1%)
  - Elapsed: 2.9s, Estimated remaining: 1.6s
Validation: 105/156 batches (67.6%)
  - Batch Acc: 28.91%, Running Acc: 63.29%
Validation progress: 105/156 batches (67.3%)
  - Elapsed: 2.9s, Estimated remaining: 1.4s
Validation: 110/156 batches (70.8%)
  - Batch Acc: 85.94%, Running Acc: 64.63%
Validation progress: 110/156 batches (70.5%)
  - Elapsed: 3.0s, Estimated remaining: 1.2s
Validation: 115/156 batches (74.0%)
  - Batch Acc: 46.88%, Running Acc: 64.30%
Validation progress: 115/156 batches (73.7%)
  - Elapsed: 3.0s, Estimated remaining: 1.0s
Validation: 120/156 batches (77.2%)
  - Batch Acc: 14.06%, Running Acc: 63.36%
Validation progress: 120/156 batches (76.9%)
  - Elapsed: 3.1s, Estimated remaining: 0.9s
Validation: 125/156 batches (80.4%)
  - Batch Acc: 42.97%, Running Acc: 62.44%
Validation progress: 125/156 batches (80.1%)
  - Elapsed: 3.1s, Estimated remaining: 0.7s
Validation: 130/156 batches (83.6%)
  - Batch Acc: 80.47%, Running Acc: 62.09%
Validation progress: 130/156 batches (83.3%)
  - Elapsed: 3.1s, Estimated remaining: 0.6s
Validation: 135/156 batches (86.9%)
  - Batch Acc: 75.78%, Running Acc: 62.01%
Validation progress: 135/156 batches (86.5%)
  - Elapsed: 3.2s, Estimated remaining: 0.5s
Validation: 140/156 batches (90.1%)
  - Batch Acc: 3.12%, Running Acc: 61.40%
Validation progress: 140/156 batches (89.7%)
  - Elapsed: 3.2s, Estimated remaining: 0.3s
Validation: 145/156 batches (93.3%)
  - Batch Acc: 39.06%, Running Acc: 61.61%
Validation progress: 145/156 batches (92.9%)
  - Elapsed: 3.3s, Estimated remaining: 0.2s
Validation: 150/156 batches (96.5%)
  - Batch Acc: 71.09%, Running Acc: 61.28%
Validation progress: 150/156 batches (96.2%)
  - Elapsed: 3.3s, Estimated remaining: 0.1s
Validation: 155/156 batches (99.7%)
  - Batch Acc: 76.56%, Running Acc: 62.19%
Validation progress: 155/156 batches (99.4%)
  - Elapsed: 3.3s, Estimated remaining: 0.0s
Validation: 156/156 batches (100.4%)
  - Batch Acc: 80.00%, Running Acc: 62.24%
Validation complete in 3.83s - Loss: 2.1380, Accuracy: 0.6224

==== Epoch 18/100 ====
Starting training phase...
Training on 79586 samples...
Training: 100/622 batches (16.1%)
  - Batch Acc: 98.44%, Running Acc: 98.83%
  - Loss: 0.0181, Grad Norm: 0.1768
  - Learning Rate: 0.001000
Training: 200/622 batches (32.2%)
  - Batch Acc: 97.66%, Running Acc: 98.76%
  - Loss: 0.0363, Grad Norm: 0.0263
  - Learning Rate: 0.001000
Training: 300/622 batches (48.2%)
  - Batch Acc: 99.22%, Running Acc: 98.88%
  - Loss: 0.0186, Grad Norm: 0.0394
  - Learning Rate: 0.001000
Training: 400/622 batches (64.3%)
  - Batch Acc: 100.00%, Running Acc: 98.92%
  - Loss: 0.0150, Grad Norm: 0.0251
  - Learning Rate: 0.001000
Training: 500/622 batches (80.4%)
  - Batch Acc: 99.22%, Running Acc: 98.90%
  - Loss: 0.0200, Grad Norm: 0.0621
  - Learning Rate: 0.001000
Training: 600/622 batches (96.5%)
  - Batch Acc: 100.00%, Running Acc: 98.90%
  - Loss: 0.0028, Grad Norm: 0.0072
  - Learning Rate: 0.001000
Training: 622/622 batches (100.0%)
  - Batch Acc: 98.98%, Running Acc: 98.90%
  - Loss: 0.0188, Grad Norm: 0.0275
  - Learning Rate: 0.001000

Training phase complete
Epoch Summary:
  - Average Loss: 0.0236
  - Average Accuracy: 98.90%
  - Average Grad Norm: 0.0604
  - Final Learning Rate: 0.001000
Starting validation phase...
Starting validation on 19895 samples...
Entering no_grad block for validation
Validation progress: 0/156 batches (0.0%)
  - Elapsed: 2.0s, Estimated remaining: 0.0s
Validation: 5/156 batches (3.2%)
  - Batch Acc: 69.53%, Running Acc: 68.28%
Validation progress: 5/156 batches (3.2%)
  - Elapsed: 2.1s, Estimated remaining: 52.5s
Validation: 10/156 batches (6.4%)
  - Batch Acc: 52.34%, Running Acc: 66.09%
Validation progress: 10/156 batches (6.4%)
  - Elapsed: 2.1s, Estimated remaining: 28.1s
Validation: 15/156 batches (9.7%)
  - Batch Acc: 60.94%, Running Acc: 58.65%
Validation progress: 15/156 batches (9.6%)
  - Elapsed: 2.1s, Estimated remaining: 18.8s
Validation: 20/156 batches (12.9%)
  - Batch Acc: 85.16%, Running Acc: 62.30%
Validation progress: 20/156 batches (12.8%)
  - Elapsed: 2.2s, Estimated remaining: 14.0s
Validation: 25/156 batches (16.1%)
  - Batch Acc: 32.03%, Running Acc: 61.72%
Validation progress: 25/156 batches (16.0%)
  - Elapsed: 2.2s, Estimated remaining: 11.1s
Validation: 30/156 batches (19.3%)
  - Batch Acc: 100.00%, Running Acc: 60.57%
Validation progress: 30/156 batches (19.2%)
  - Elapsed: 2.3s, Estimated remaining: 9.1s
Validation: 35/156 batches (22.5%)
  - Batch Acc: 2.34%, Running Acc: 60.89%
Validation progress: 35/156 batches (22.4%)
  - Elapsed: 2.3s, Estimated remaining: 7.7s
Validation: 40/156 batches (25.7%)
  - Batch Acc: 26.56%, Running Acc: 60.78%
Validation progress: 40/156 batches (25.6%)
  - Elapsed: 2.3s, Estimated remaining: 6.6s
Validation: 45/156 batches (29.0%)
  - Batch Acc: 70.31%, Running Acc: 58.77%
Validation progress: 45/156 batches (28.8%)
  - Elapsed: 2.4s, Estimated remaining: 5.7s
Validation: 50/156 batches (32.2%)
  - Batch Acc: 13.28%, Running Acc: 56.09%
Validation progress: 50/156 batches (32.1%)
  - Elapsed: 2.4s, Estimated remaining: 5.0s
Validation: 55/156 batches (35.4%)
  - Batch Acc: 57.03%, Running Acc: 55.72%
Validation progress: 55/156 batches (35.3%)
  - Elapsed: 2.5s, Estimated remaining: 4.4s
Validation: 60/156 batches (38.6%)
  - Batch Acc: 100.00%, Running Acc: 57.50%
Validation progress: 60/156 batches (38.5%)
  - Elapsed: 2.5s, Estimated remaining: 3.9s
Validation: 65/156 batches (41.8%)
  - Batch Acc: 96.09%, Running Acc: 60.05%
Validation progress: 65/156 batches (41.7%)
  - Elapsed: 2.5s, Estimated remaining: 3.5s
Validation: 70/156 batches (45.0%)
  - Batch Acc: 98.44%, Running Acc: 62.57%
Validation progress: 70/156 batches (44.9%)
  - Elapsed: 2.6s, Estimated remaining: 3.1s
Validation: 75/156 batches (48.3%)
  - Batch Acc: 72.66%, Running Acc: 63.42%
Validation progress: 75/156 batches (48.1%)
  - Elapsed: 2.6s, Estimated remaining: 2.8s
Validation: 80/156 batches (51.5%)
  - Batch Acc: 7.81%, Running Acc: 63.94%
Validation progress: 80/156 batches (51.3%)
  - Elapsed: 2.7s, Estimated remaining: 2.5s
Validation: 85/156 batches (54.7%)
  - Batch Acc: 63.28%, Running Acc: 63.76%
Validation progress: 85/156 batches (54.5%)
  - Elapsed: 2.7s, Estimated remaining: 2.2s
Validation: 90/156 batches (57.9%)
  - Batch Acc: 21.09%, Running Acc: 63.52%
Validation progress: 90/156 batches (57.7%)
  - Elapsed: 2.8s, Estimated remaining: 2.0s
Validation: 95/156 batches (61.1%)
  - Batch Acc: 12.50%, Running Acc: 62.57%
Validation progress: 95/156 batches (60.9%)
  - Elapsed: 2.8s, Estimated remaining: 1.8s
Validation: 100/156 batches (64.3%)
  - Batch Acc: 45.31%, Running Acc: 61.91%
Validation progress: 100/156 batches (64.1%)
  - Elapsed: 2.8s, Estimated remaining: 1.6s
Validation: 105/156 batches (67.6%)
  - Batch Acc: 54.69%, Running Acc: 61.81%
Validation progress: 105/156 batches (67.3%)
  - Elapsed: 2.9s, Estimated remaining: 1.4s
Validation: 110/156 batches (70.8%)
  - Batch Acc: 97.66%, Running Acc: 63.44%
Validation progress: 110/156 batches (70.5%)
  - Elapsed: 2.9s, Estimated remaining: 1.2s
Validation: 115/156 batches (74.0%)
  - Batch Acc: 47.66%, Running Acc: 63.89%
Validation progress: 115/156 batches (73.7%)
  - Elapsed: 3.0s, Estimated remaining: 1.0s
Validation: 120/156 batches (77.2%)
  - Batch Acc: 36.72%, Running Acc: 63.54%
Validation progress: 120/156 batches (76.9%)
  - Elapsed: 3.9s, Estimated remaining: 1.1s
Validation: 125/156 batches (80.4%)
  - Batch Acc: 51.56%, Running Acc: 63.23%
Validation progress: 125/156 batches (80.1%)
  - Elapsed: 3.9s, Estimated remaining: 0.9s
Validation: 130/156 batches (83.6%)
  - Batch Acc: 53.91%, Running Acc: 62.87%
Validation progress: 130/156 batches (83.3%)
  - Elapsed: 3.9s, Estimated remaining: 0.7s
Validation: 135/156 batches (86.9%)
  - Batch Acc: 93.75%, Running Acc: 62.62%
Validation progress: 135/156 batches (86.5%)
  - Elapsed: 3.9s, Estimated remaining: 0.6s
Validation: 140/156 batches (90.1%)
  - Batch Acc: 17.97%, Running Acc: 62.54%
Validation progress: 140/156 batches (89.7%)
  - Elapsed: 4.0s, Estimated remaining: 0.4s
Validation: 145/156 batches (93.3%)
  - Batch Acc: 34.38%, Running Acc: 62.76%
Validation progress: 145/156 batches (92.9%)
  - Elapsed: 4.0s, Estimated remaining: 0.3s
Validation: 150/156 batches (96.5%)
  - Batch Acc: 85.16%, Running Acc: 62.95%
Validation progress: 150/156 batches (96.2%)
  - Elapsed: 4.1s, Estimated remaining: 0.1s
Validation: 155/156 batches (99.7%)
  - Batch Acc: 92.19%, Running Acc: 63.66%
Validation progress: 155/156 batches (99.4%)
  - Elapsed: 4.1s, Estimated remaining: 0.0s
Validation: 156/156 batches (100.4%)
  - Batch Acc: 83.64%, Running Acc: 63.71%
Validation complete in 4.56s - Loss: 2.3418, Accuracy: 0.6371

==== Epoch 19/100 ====
Starting training phase...
Training on 79586 samples...
Training: 100/622 batches (16.1%)
  - Batch Acc: 100.00%, Running Acc: 98.88%
  - Loss: 0.0004, Grad Norm: 0.0032
  - Learning Rate: 0.000200
Training: 200/622 batches (32.2%)
  - Batch Acc: 99.22%, Running Acc: 98.91%
  - Loss: 0.0199, Grad Norm: 0.0293
  - Learning Rate: 0.000200
Training: 300/622 batches (48.2%)
  - Batch Acc: 99.22%, Running Acc: 98.94%
  - Loss: 0.0145, Grad Norm: 0.0285
  - Learning Rate: 0.000200
Training: 400/622 batches (64.3%)
  - Batch Acc: 99.22%, Running Acc: 98.97%
  - Loss: 0.0212, Grad Norm: 0.0162
  - Learning Rate: 0.000200
Training: 500/622 batches (80.4%)
  - Batch Acc: 98.44%, Running Acc: 98.98%
  - Loss: 0.0177, Grad Norm: 0.0227
  - Learning Rate: 0.000200
Training: 600/622 batches (96.5%)
  - Batch Acc: 98.44%, Running Acc: 98.98%
  - Loss: 0.0307, Grad Norm: 0.0178
  - Learning Rate: 0.000200
Training: 622/622 batches (100.0%)
  - Batch Acc: 97.96%, Running Acc: 98.98%
  - Loss: 0.0440, Grad Norm: 0.0302
  - Learning Rate: 0.000200

Training phase complete
Epoch Summary:
  - Average Loss: 0.0209
  - Average Accuracy: 98.98%
  - Average Grad Norm: 0.0426
  - Final Learning Rate: 0.000200
Starting validation phase...
Starting validation on 19895 samples...
Entering no_grad block for validation
Validation progress: 0/156 batches (0.0%)
  - Elapsed: 2.1s, Estimated remaining: 0.0s
Validation: 5/156 batches (3.2%)
  - Batch Acc: 75.00%, Running Acc: 66.25%
Validation progress: 5/156 batches (3.2%)
  - Elapsed: 2.1s, Estimated remaining: 53.1s
Validation: 10/156 batches (6.4%)
  - Batch Acc: 56.25%, Running Acc: 65.31%
Validation progress: 10/156 batches (6.4%)
  - Elapsed: 2.2s, Estimated remaining: 28.4s
Validation: 15/156 batches (9.7%)
  - Batch Acc: 56.25%, Running Acc: 56.98%
Validation progress: 15/156 batches (9.6%)
  - Elapsed: 2.2s, Estimated remaining: 19.0s
Validation: 20/156 batches (12.9%)
  - Batch Acc: 77.34%, Running Acc: 60.04%
Validation progress: 20/156 batches (12.8%)
  - Elapsed: 2.2s, Estimated remaining: 14.1s
Validation: 25/156 batches (16.1%)
  - Batch Acc: 32.03%, Running Acc: 60.16%
Validation progress: 25/156 batches (16.0%)
  - Elapsed: 2.2s, Estimated remaining: 11.2s
Validation: 30/156 batches (19.3%)
  - Batch Acc: 100.00%, Running Acc: 58.59%
Validation progress: 30/156 batches (19.2%)
  - Elapsed: 2.3s, Estimated remaining: 9.2s
Validation: 35/156 batches (22.5%)
  - Batch Acc: 7.03%, Running Acc: 59.75%
Validation progress: 35/156 batches (22.4%)
  - Elapsed: 2.3s, Estimated remaining: 7.7s
Validation: 40/156 batches (25.7%)
  - Batch Acc: 32.03%, Running Acc: 60.45%
Validation progress: 40/156 batches (25.6%)
  - Elapsed: 2.4s, Estimated remaining: 6.6s
Validation: 45/156 batches (29.0%)
  - Batch Acc: 100.00%, Running Acc: 60.43%
Validation progress: 45/156 batches (28.8%)
  - Elapsed: 2.4s, Estimated remaining: 5.7s
Validation: 50/156 batches (32.2%)
  - Batch Acc: 25.78%, Running Acc: 59.11%
Validation progress: 50/156 batches (32.1%)
  - Elapsed: 2.4s, Estimated remaining: 5.0s
Validation: 55/156 batches (35.4%)
  - Batch Acc: 58.59%, Running Acc: 59.28%
Validation progress: 55/156 batches (35.3%)
  - Elapsed: 2.5s, Estimated remaining: 4.4s
Validation: 60/156 batches (38.6%)
  - Batch Acc: 93.75%, Running Acc: 60.38%
Validation progress: 60/156 batches (38.5%)
  - Elapsed: 2.5s, Estimated remaining: 3.9s
Validation: 65/156 batches (41.8%)
  - Batch Acc: 85.94%, Running Acc: 61.27%
Validation progress: 65/156 batches (41.7%)
  - Elapsed: 2.5s, Estimated remaining: 3.5s
Validation: 70/156 batches (45.0%)
  - Batch Acc: 88.28%, Running Acc: 63.42%
Validation progress: 70/156 batches (44.9%)
  - Elapsed: 2.6s, Estimated remaining: 3.1s
Validation: 75/156 batches (48.3%)
  - Batch Acc: 46.09%, Running Acc: 62.47%
Validation progress: 75/156 batches (48.1%)
  - Elapsed: 2.6s, Estimated remaining: 2.8s
Validation: 80/156 batches (51.5%)
  - Batch Acc: 33.59%, Running Acc: 63.30%
Validation progress: 80/156 batches (51.3%)
  - Elapsed: 2.7s, Estimated remaining: 2.5s
Validation: 85/156 batches (54.7%)
  - Batch Acc: 57.03%, Running Acc: 63.62%
Validation progress: 85/156 batches (54.5%)
  - Elapsed: 2.7s, Estimated remaining: 2.2s
Validation: 90/156 batches (57.9%)
  - Batch Acc: 37.50%, Running Acc: 63.94%
Validation progress: 90/156 batches (57.7%)
  - Elapsed: 2.7s, Estimated remaining: 2.0s
Validation: 95/156 batches (61.1%)
  - Batch Acc: 21.09%, Running Acc: 63.74%
Validation progress: 95/156 batches (60.9%)
  - Elapsed: 2.8s, Estimated remaining: 1.7s
Validation: 100/156 batches (64.3%)
  - Batch Acc: 35.94%, Running Acc: 63.33%
Validation progress: 100/156 batches (64.1%)
  - Elapsed: 2.8s, Estimated remaining: 1.5s
Validation: 105/156 batches (67.6%)
  - Batch Acc: 38.28%, Running Acc: 63.56%
Validation progress: 105/156 batches (67.3%)
  - Elapsed: 2.9s, Estimated remaining: 1.3s
Validation: 110/156 batches (70.8%)
  - Batch Acc: 92.97%, Running Acc: 65.06%
Validation progress: 110/156 batches (70.5%)
  - Elapsed: 2.9s, Estimated remaining: 1.2s
Validation: 115/156 batches (74.0%)
  - Batch Acc: 53.91%, Running Acc: 65.47%
Validation progress: 115/156 batches (73.7%)
  - Elapsed: 2.9s, Estimated remaining: 1.0s
Validation: 120/156 batches (77.2%)
  - Batch Acc: 25.78%, Running Acc: 64.77%
Validation progress: 120/156 batches (76.9%)
  - Elapsed: 3.0s, Estimated remaining: 0.9s
Validation: 125/156 batches (80.4%)
  - Batch Acc: 48.44%, Running Acc: 64.19%
Validation progress: 125/156 batches (80.1%)
  - Elapsed: 3.0s, Estimated remaining: 0.7s
Validation: 130/156 batches (83.6%)
  - Batch Acc: 70.31%, Running Acc: 64.02%
Validation progress: 130/156 batches (83.3%)
  - Elapsed: 3.0s, Estimated remaining: 0.6s
Validation: 135/156 batches (86.9%)
  - Batch Acc: 91.41%, Running Acc: 64.07%
Validation progress: 135/156 batches (86.5%)
  - Elapsed: 3.1s, Estimated remaining: 0.5s
Validation: 140/156 batches (90.1%)
  - Batch Acc: 8.59%, Running Acc: 63.43%
Validation progress: 140/156 batches (89.7%)
  - Elapsed: 3.1s, Estimated remaining: 0.3s
Validation: 145/156 batches (93.3%)
  - Batch Acc: 44.53%, Running Acc: 63.57%
Validation progress: 145/156 batches (92.9%)
  - Elapsed: 3.2s, Estimated remaining: 0.2s
Validation: 150/156 batches (96.5%)
  - Batch Acc: 78.91%, Running Acc: 63.65%
Validation progress: 150/156 batches (96.2%)
  - Elapsed: 3.2s, Estimated remaining: 0.1s
Validation: 155/156 batches (99.7%)
  - Batch Acc: 91.41%, Running Acc: 64.50%
Validation progress: 155/156 batches (99.4%)
  - Elapsed: 3.2s, Estimated remaining: 0.0s
Validation: 156/156 batches (100.4%)
  - Batch Acc: 81.82%, Running Acc: 64.54%
Validation complete in 3.68s - Loss: 2.1837, Accuracy: 0.6454

==== Epoch 20/100 ====
Starting training phase...
Training on 79586 samples...
Training: 100/622 batches (16.1%)
  - Batch Acc: 97.66%, Running Acc: 99.07%
  - Loss: 0.0376, Grad Norm: 0.0841
  - Learning Rate: 0.000200
Training: 200/622 batches (32.2%)
  - Batch Acc: 100.00%, Running Acc: 99.09%
  - Loss: 0.0193, Grad Norm: 0.0303
  - Learning Rate: 0.000200
Training: 300/622 batches (48.2%)
  - Batch Acc: 96.88%, Running Acc: 99.01%
  - Loss: 0.0393, Grad Norm: 0.1280
  - Learning Rate: 0.000200
Training: 400/622 batches (64.3%)
  - Batch Acc: 100.00%, Running Acc: 99.03%
  - Loss: 0.0148, Grad Norm: 0.0270
  - Learning Rate: 0.000200
Training: 500/622 batches (80.4%)
  - Batch Acc: 99.22%, Running Acc: 99.04%
  - Loss: 0.0176, Grad Norm: 0.0209
  - Learning Rate: 0.000200
Training: 600/622 batches (96.5%)
  - Batch Acc: 100.00%, Running Acc: 99.04%
  - Loss: 0.0081, Grad Norm: 0.0199
  - Learning Rate: 0.000200
Training: 622/622 batches (100.0%)
  - Batch Acc: 98.98%, Running Acc: 99.04%
  - Loss: 0.0204, Grad Norm: 0.0129
  - Learning Rate: 0.000200

Training phase complete
Epoch Summary:
  - Average Loss: 0.0191
  - Average Accuracy: 99.04%
  - Average Grad Norm: 0.0322
  - Final Learning Rate: 0.000200
Starting validation phase...
Starting validation on 19895 samples...
Entering no_grad block for validation
Validation progress: 0/156 batches (0.0%)
  - Elapsed: 2.1s, Estimated remaining: 0.0s
Validation: 5/156 batches (3.2%)
  - Batch Acc: 78.91%, Running Acc: 68.28%
Validation progress: 5/156 batches (3.2%)
  - Elapsed: 2.1s, Estimated remaining: 53.0s
Validation: 10/156 batches (6.4%)
  - Batch Acc: 54.69%, Running Acc: 65.70%
Validation progress: 10/156 batches (6.4%)
  - Elapsed: 2.2s, Estimated remaining: 28.5s
Validation: 15/156 batches (9.7%)
  - Batch Acc: 58.59%, Running Acc: 57.50%
Validation progress: 15/156 batches (9.6%)
  - Elapsed: 2.2s, Estimated remaining: 19.0s
Validation: 20/156 batches (12.9%)
  - Batch Acc: 78.91%, Running Acc: 60.47%
Validation progress: 20/156 batches (12.8%)
  - Elapsed: 2.2s, Estimated remaining: 14.2s
Validation: 25/156 batches (16.1%)
  - Batch Acc: 34.38%, Running Acc: 60.56%
Validation progress: 25/156 batches (16.0%)
  - Elapsed: 2.2s, Estimated remaining: 11.2s
Validation: 30/156 batches (19.3%)
  - Batch Acc: 100.00%, Running Acc: 58.85%
Validation progress: 30/156 batches (19.2%)
  - Elapsed: 2.3s, Estimated remaining: 9.2s
Validation: 35/156 batches (22.5%)
  - Batch Acc: 13.28%, Running Acc: 60.36%
Validation progress: 35/156 batches (22.4%)
  - Elapsed: 2.3s, Estimated remaining: 7.7s
Validation: 40/156 batches (25.7%)
  - Batch Acc: 32.81%, Running Acc: 61.09%
Validation progress: 40/156 batches (25.6%)
  - Elapsed: 2.4s, Estimated remaining: 6.6s
Validation: 45/156 batches (29.0%)
  - Batch Acc: 100.00%, Running Acc: 61.08%
Validation progress: 45/156 batches (28.8%)
  - Elapsed: 2.4s, Estimated remaining: 5.8s
Validation: 50/156 batches (32.2%)
  - Batch Acc: 28.91%, Running Acc: 59.61%
Validation progress: 50/156 batches (32.1%)
  - Elapsed: 2.5s, Estimated remaining: 5.0s
Validation: 55/156 batches (35.4%)
  - Batch Acc: 64.06%, Running Acc: 59.90%
Validation progress: 55/156 batches (35.3%)
  - Elapsed: 2.5s, Estimated remaining: 4.5s
Validation: 60/156 batches (38.6%)
  - Batch Acc: 91.41%, Running Acc: 60.87%
Validation progress: 60/156 batches (38.5%)
  - Elapsed: 2.5s, Estimated remaining: 3.9s
Validation: 65/156 batches (41.8%)
  - Batch Acc: 83.59%, Running Acc: 61.59%
Validation progress: 65/156 batches (41.7%)
  - Elapsed: 2.6s, Estimated remaining: 3.5s
Validation: 70/156 batches (45.0%)
  - Batch Acc: 89.06%, Running Acc: 63.60%
Validation progress: 70/156 batches (44.9%)
  - Elapsed: 2.6s, Estimated remaining: 3.1s
Validation: 75/156 batches (48.3%)
  - Batch Acc: 48.44%, Running Acc: 62.80%
Validation progress: 75/156 batches (48.1%)
  - Elapsed: 2.7s, Estimated remaining: 2.8s
Validation: 80/156 batches (51.5%)
  - Batch Acc: 32.81%, Running Acc: 63.62%
Validation progress: 80/156 batches (51.3%)
  - Elapsed: 2.7s, Estimated remaining: 2.5s
Validation: 85/156 batches (54.7%)
  - Batch Acc: 50.78%, Running Acc: 63.81%
Validation progress: 85/156 batches (54.5%)
  - Elapsed: 2.7s, Estimated remaining: 2.2s
Validation: 90/156 batches (57.9%)
  - Batch Acc: 35.94%, Running Acc: 64.08%
Validation progress: 90/156 batches (57.7%)
  - Elapsed: 2.8s, Estimated remaining: 2.0s
Validation: 95/156 batches (61.1%)
  - Batch Acc: 24.22%, Running Acc: 63.91%
Validation progress: 95/156 batches (60.9%)
  - Elapsed: 2.8s, Estimated remaining: 1.8s
Validation: 100/156 batches (64.3%)
  - Batch Acc: 39.84%, Running Acc: 63.62%
Validation progress: 100/156 batches (64.1%)
  - Elapsed: 2.9s, Estimated remaining: 1.6s
Validation: 105/156 batches (67.6%)
  - Batch Acc: 41.41%, Running Acc: 63.88%
Validation progress: 105/156 batches (67.3%)
  - Elapsed: 2.9s, Estimated remaining: 1.4s
Validation: 110/156 batches (70.8%)
  - Batch Acc: 93.75%, Running Acc: 65.38%
Validation progress: 110/156 batches (70.5%)
  - Elapsed: 2.9s, Estimated remaining: 1.2s
Validation: 115/156 batches (74.0%)
  - Batch Acc: 51.56%, Running Acc: 65.75%
Validation progress: 115/156 batches (73.7%)
  - Elapsed: 3.0s, Estimated remaining: 1.0s
Validation: 120/156 batches (77.2%)
  - Batch Acc: 23.44%, Running Acc: 64.94%
Validation progress: 120/156 batches (76.9%)
  - Elapsed: 3.0s, Estimated remaining: 0.9s
Validation: 125/156 batches (80.4%)
  - Batch Acc: 47.66%, Running Acc: 64.36%
Validation progress: 125/156 batches (80.1%)
  - Elapsed: 3.1s, Estimated remaining: 0.7s
Validation: 130/156 batches (83.6%)
  - Batch Acc: 66.41%, Running Acc: 64.06%
Validation progress: 130/156 batches (83.3%)
  - Elapsed: 3.1s, Estimated remaining: 0.6s
Validation: 135/156 batches (86.9%)
  - Batch Acc: 92.19%, Running Acc: 64.18%
Validation progress: 135/156 batches (86.5%)
  - Elapsed: 3.1s, Estimated remaining: 0.5s
Validation: 140/156 batches (90.1%)
  - Batch Acc: 11.72%, Running Acc: 63.53%
Validation progress: 140/156 batches (89.7%)
  - Elapsed: 3.2s, Estimated remaining: 0.3s
Validation: 145/156 batches (93.3%)
  - Batch Acc: 45.31%, Running Acc: 63.65%
Validation progress: 145/156 batches (92.9%)
  - Elapsed: 3.2s, Estimated remaining: 0.2s
Validation: 150/156 batches (96.5%)
  - Batch Acc: 71.09%, Running Acc: 63.64%
Validation progress: 150/156 batches (96.2%)
  - Elapsed: 3.3s, Estimated remaining: 0.1s
Validation: 155/156 batches (99.7%)
  - Batch Acc: 92.19%, Running Acc: 64.45%
Validation progress: 155/156 batches (99.4%)
  - Elapsed: 3.3s, Estimated remaining: 0.0s
Validation: 156/156 batches (100.4%)
  - Batch Acc: 80.00%, Running Acc: 64.49%
Validation complete in 3.75s - Loss: 2.2952, Accuracy: 0.6449

==== Epoch 21/100 ====
Starting training phase...
Training on 79586 samples...
Training: 100/622 batches (16.1%)
  - Batch Acc: 99.22%, Running Acc: 98.99%
  - Loss: 0.0190, Grad Norm: 0.0134
  - Learning Rate: 0.000200
Training: 200/622 batches (32.2%)
  - Batch Acc: 99.22%, Running Acc: 99.05%
  - Loss: 0.0108, Grad Norm: 0.0143
  - Learning Rate: 0.000200
Training: 300/622 batches (48.2%)
  - Batch Acc: 100.00%, Running Acc: 98.99%
  - Loss: 0.0094, Grad Norm: 0.0179
  - Learning Rate: 0.000200
Training: 400/622 batches (64.3%)
  - Batch Acc: 99.22%, Running Acc: 99.00%
  - Loss: 0.0131, Grad Norm: 0.0119
  - Learning Rate: 0.000200
Training: 500/622 batches (80.4%)
  - Batch Acc: 98.44%, Running Acc: 99.02%
  - Loss: 0.0236, Grad Norm: 0.0216
  - Learning Rate: 0.000200
Training: 600/622 batches (96.5%)
  - Batch Acc: 99.22%, Running Acc: 99.04%
  - Loss: 0.0147, Grad Norm: 0.0149
  - Learning Rate: 0.000200
Training: 622/622 batches (100.0%)
  - Batch Acc: 98.98%, Running Acc: 99.04%
  - Loss: 0.0117, Grad Norm: 0.0242
  - Learning Rate: 0.000200

Training phase complete
Epoch Summary:
  - Average Loss: 0.0192
  - Average Accuracy: 99.04%
  - Average Grad Norm: 0.0297
  - Final Learning Rate: 0.000200
Starting validation phase...
Starting validation on 19895 samples...
Entering no_grad block for validation
Validation progress: 0/156 batches (0.0%)
  - Elapsed: 2.1s, Estimated remaining: 0.0s
Validation: 5/156 batches (3.2%)
  - Batch Acc: 78.91%, Running Acc: 69.69%
Validation progress: 5/156 batches (3.2%)
  - Elapsed: 2.1s, Estimated remaining: 53.7s
Validation: 10/156 batches (6.4%)
  - Batch Acc: 48.44%, Running Acc: 65.86%
Validation progress: 10/156 batches (6.4%)
  - Elapsed: 2.2s, Estimated remaining: 28.9s
Validation: 15/156 batches (9.7%)
  - Batch Acc: 57.81%, Running Acc: 58.02%
Validation progress: 15/156 batches (9.6%)
  - Elapsed: 2.2s, Estimated remaining: 19.3s
Validation: 20/156 batches (12.9%)
  - Batch Acc: 77.34%, Running Acc: 61.45%
Validation progress: 20/156 batches (12.8%)
  - Elapsed: 2.2s, Estimated remaining: 14.5s
Validation: 25/156 batches (16.1%)
  - Batch Acc: 37.50%, Running Acc: 61.91%
Validation progress: 25/156 batches (16.0%)
  - Elapsed: 2.3s, Estimated remaining: 11.4s
Validation: 30/156 batches (19.3%)
  - Batch Acc: 100.00%, Running Acc: 59.84%
Validation progress: 30/156 batches (19.2%)
  - Elapsed: 2.3s, Estimated remaining: 9.4s
Validation: 35/156 batches (22.5%)
  - Batch Acc: 10.94%, Running Acc: 61.41%
Validation progress: 35/156 batches (22.4%)
  - Elapsed: 2.4s, Estimated remaining: 7.9s
Validation: 40/156 batches (25.7%)
  - Batch Acc: 49.22%, Running Acc: 62.71%
Validation progress: 40/156 batches (25.6%)
  - Elapsed: 2.4s, Estimated remaining: 6.7s
Validation: 45/156 batches (29.0%)
  - Batch Acc: 100.00%, Running Acc: 63.18%
Validation progress: 45/156 batches (28.8%)
  - Elapsed: 2.4s, Estimated remaining: 5.8s
Validation: 50/156 batches (32.2%)
  - Batch Acc: 34.38%, Running Acc: 61.73%
Validation progress: 50/156 batches (32.1%)
  - Elapsed: 2.5s, Estimated remaining: 5.1s
Validation: 55/156 batches (35.4%)
  - Batch Acc: 64.06%, Running Acc: 61.89%
Validation progress: 55/156 batches (35.3%)
  - Elapsed: 2.5s, Estimated remaining: 4.5s
Validation: 60/156 batches (38.6%)
  - Batch Acc: 82.03%, Running Acc: 62.45%
Validation progress: 60/156 batches (38.5%)
  - Elapsed: 2.6s, Estimated remaining: 4.0s
Validation: 65/156 batches (41.8%)
  - Batch Acc: 77.34%, Running Acc: 63.03%
Validation progress: 65/156 batches (41.7%)
  - Elapsed: 2.6s, Estimated remaining: 3.6s
Validation: 70/156 batches (45.0%)
  - Batch Acc: 83.59%, Running Acc: 64.62%
Validation progress: 70/156 batches (44.9%)
  - Elapsed: 2.7s, Estimated remaining: 3.2s
Validation: 75/156 batches (48.3%)
  - Batch Acc: 46.09%, Running Acc: 63.35%
Validation progress: 75/156 batches (48.1%)
  - Elapsed: 2.7s, Estimated remaining: 2.8s
Validation: 80/156 batches (51.5%)
  - Batch Acc: 32.03%, Running Acc: 64.05%
Validation progress: 80/156 batches (51.3%)
  - Elapsed: 2.7s, Estimated remaining: 2.5s
Validation: 85/156 batches (54.7%)
  - Batch Acc: 46.09%, Running Acc: 64.28%
Validation progress: 85/156 batches (54.5%)
  - Elapsed: 2.8s, Estimated remaining: 2.3s
Validation: 90/156 batches (57.9%)
  - Batch Acc: 47.66%, Running Acc: 64.75%
Validation progress: 90/156 batches (57.7%)
  - Elapsed: 2.8s, Estimated remaining: 2.0s
Validation: 95/156 batches (61.1%)
  - Batch Acc: 29.69%, Running Acc: 64.76%
Validation progress: 95/156 batches (60.9%)
  - Elapsed: 2.9s, Estimated remaining: 1.8s
Validation: 100/156 batches (64.3%)
  - Batch Acc: 45.31%, Running Acc: 64.61%
Validation progress: 100/156 batches (64.1%)
  - Elapsed: 2.9s, Estimated remaining: 1.6s
Validation: 105/156 batches (67.6%)
  - Batch Acc: 24.22%, Running Acc: 64.87%
Validation progress: 105/156 batches (67.3%)
  - Elapsed: 2.9s, Estimated remaining: 1.4s
Validation: 110/156 batches (70.8%)
  - Batch Acc: 86.72%, Running Acc: 66.28%
Validation progress: 110/156 batches (70.5%)
  - Elapsed: 3.0s, Estimated remaining: 1.2s
Validation: 115/156 batches (74.0%)
  - Batch Acc: 39.84%, Running Acc: 66.39%
Validation progress: 115/156 batches (73.7%)
  - Elapsed: 3.0s, Estimated remaining: 1.0s
Validation: 120/156 batches (77.2%)
  - Batch Acc: 19.53%, Running Acc: 65.33%
Validation progress: 120/156 batches (76.9%)
  - Elapsed: 3.1s, Estimated remaining: 0.9s
Validation: 125/156 batches (80.4%)
  - Batch Acc: 48.44%, Running Acc: 64.43%
Validation progress: 125/156 batches (80.1%)
  - Elapsed: 3.1s, Estimated remaining: 0.7s
Validation: 130/156 batches (83.6%)
  - Batch Acc: 74.22%, Running Acc: 64.07%
Validation progress: 130/156 batches (83.3%)
  - Elapsed: 3.2s, Estimated remaining: 0.6s
Validation: 135/156 batches (86.9%)
  - Batch Acc: 82.03%, Running Acc: 64.18%
Validation progress: 135/156 batches (86.5%)
  - Elapsed: 3.2s, Estimated remaining: 0.5s
Validation: 140/156 batches (90.1%)
  - Batch Acc: 0.00%, Running Acc: 63.27%
Validation progress: 140/156 batches (89.7%)
  - Elapsed: 3.2s, Estimated remaining: 0.3s
Validation: 145/156 batches (93.3%)
  - Batch Acc: 43.75%, Running Acc: 63.41%
Validation progress: 145/156 batches (92.9%)
  - Elapsed: 3.3s, Estimated remaining: 0.2s
Validation: 150/156 batches (96.5%)
  - Batch Acc: 71.88%, Running Acc: 63.36%
Validation progress: 150/156 batches (96.2%)
  - Elapsed: 3.3s, Estimated remaining: 0.1s
Validation: 155/156 batches (99.7%)
  - Batch Acc: 85.16%, Running Acc: 64.07%
Validation progress: 155/156 batches (99.4%)
  - Elapsed: 3.4s, Estimated remaining: 0.0s
Validation: 156/156 batches (100.4%)
  - Batch Acc: 80.00%, Running Acc: 64.12%
Validation complete in 3.82s - Loss: 2.3917, Accuracy: 0.6412

==== Epoch 22/100 ====
Starting training phase...
Training on 79586 samples...
Training: 100/622 batches (16.1%)
  - Batch Acc: 100.00%, Running Acc: 98.98%
  - Loss: 0.0163, Grad Norm: 0.0299
  - Learning Rate: 0.000200
Training: 200/622 batches (32.2%)
  - Batch Acc: 100.00%, Running Acc: 99.04%
  - Loss: 0.0024, Grad Norm: 0.0371
  - Learning Rate: 0.000200
Training: 300/622 batches (48.2%)
  - Batch Acc: 100.00%, Running Acc: 99.04%
  - Loss: 0.0106, Grad Norm: 0.0250
  - Learning Rate: 0.000200
Training: 400/622 batches (64.3%)
  - Batch Acc: 100.00%, Running Acc: 99.04%
  - Loss: 0.0057, Grad Norm: 0.0126
  - Learning Rate: 0.000200
Training: 500/622 batches (80.4%)
  - Batch Acc: 99.22%, Running Acc: 99.04%
  - Loss: 0.0192, Grad Norm: 0.0174
  - Learning Rate: 0.000200
Training: 600/622 batches (96.5%)
  - Batch Acc: 100.00%, Running Acc: 99.05%
  - Loss: 0.0027, Grad Norm: 0.0072
  - Learning Rate: 0.000200
Training: 622/622 batches (100.0%)
  - Batch Acc: 97.96%, Running Acc: 99.05%
  - Loss: 0.0291, Grad Norm: 0.0364
  - Learning Rate: 0.000200

Training phase complete
Epoch Summary:
  - Average Loss: 0.0188
  - Average Accuracy: 99.05%
  - Average Grad Norm: 0.0270
  - Final Learning Rate: 0.000200
Starting validation phase...
Starting validation on 19895 samples...
Entering no_grad block for validation
Validation progress: 0/156 batches (0.0%)
  - Elapsed: 2.1s, Estimated remaining: 0.0s
Validation: 5/156 batches (3.2%)
  - Batch Acc: 53.91%, Running Acc: 52.66%
Validation progress: 5/156 batches (3.2%)
  - Elapsed: 2.1s, Estimated remaining: 52.8s
Validation: 10/156 batches (6.4%)
  - Batch Acc: 63.28%, Running Acc: 58.83%
Validation progress: 10/156 batches (6.4%)
  - Elapsed: 2.1s, Estimated remaining: 28.3s
Validation: 15/156 batches (9.7%)
  - Batch Acc: 56.25%, Running Acc: 53.54%
Validation progress: 15/156 batches (9.6%)
  - Elapsed: 2.2s, Estimated remaining: 19.1s
Validation: 20/156 batches (12.9%)
  - Batch Acc: 79.69%, Running Acc: 56.37%
Validation progress: 20/156 batches (12.8%)
  - Elapsed: 2.2s, Estimated remaining: 14.3s
Validation: 25/156 batches (16.1%)
  - Batch Acc: 32.03%, Running Acc: 57.28%
Validation progress: 25/156 batches (16.0%)
  - Elapsed: 2.3s, Estimated remaining: 11.3s
Validation: 30/156 batches (19.3%)
  - Batch Acc: 100.00%, Running Acc: 56.48%
Validation progress: 30/156 batches (19.2%)
  - Elapsed: 2.3s, Estimated remaining: 9.3s
Validation: 35/156 batches (22.5%)
  - Batch Acc: 9.38%, Running Acc: 58.01%
Validation progress: 35/156 batches (22.4%)
  - Elapsed: 2.3s, Estimated remaining: 7.8s
Validation: 40/156 batches (25.7%)
  - Batch Acc: 15.62%, Running Acc: 57.83%
Validation progress: 40/156 batches (25.6%)
  - Elapsed: 2.4s, Estimated remaining: 6.7s
Validation: 45/156 batches (29.0%)
  - Batch Acc: 98.44%, Running Acc: 57.00%
Validation progress: 45/156 batches (28.8%)
  - Elapsed: 2.4s, Estimated remaining: 5.8s
Validation: 50/156 batches (32.2%)
  - Batch Acc: 21.88%, Running Acc: 55.41%
Validation progress: 50/156 batches (32.1%)
  - Elapsed: 2.5s, Estimated remaining: 5.1s
Validation: 55/156 batches (35.4%)
  - Batch Acc: 57.81%, Running Acc: 55.43%
Validation progress: 55/156 batches (35.3%)
  - Elapsed: 2.5s, Estimated remaining: 4.5s
Validation: 60/156 batches (38.6%)
  - Batch Acc: 85.94%, Running Acc: 56.78%
Validation progress: 60/156 batches (38.5%)
  - Elapsed: 2.6s, Estimated remaining: 4.0s
Validation: 65/156 batches (41.8%)
  - Batch Acc: 81.25%, Running Acc: 58.59%
Validation progress: 65/156 batches (41.7%)
  - Elapsed: 2.6s, Estimated remaining: 3.5s
Validation: 70/156 batches (45.0%)
  - Batch Acc: 92.97%, Running Acc: 61.07%
Validation progress: 70/156 batches (44.9%)
  - Elapsed: 2.6s, Estimated remaining: 3.2s
Validation: 75/156 batches (48.3%)
  - Batch Acc: 56.25%, Running Acc: 60.98%
Validation progress: 75/156 batches (48.1%)
  - Elapsed: 2.7s, Estimated remaining: 2.8s
Validation: 80/156 batches (51.5%)
  - Batch Acc: 24.22%, Running Acc: 61.88%
Validation progress: 80/156 batches (51.3%)
  - Elapsed: 2.7s, Estimated remaining: 2.5s
Validation: 85/156 batches (54.7%)
  - Batch Acc: 75.00%, Running Acc: 62.38%
Validation progress: 85/156 batches (54.5%)
  - Elapsed: 2.8s, Estimated remaining: 2.3s
Validation: 90/156 batches (57.9%)
  - Batch Acc: 25.78%, Running Acc: 62.73%
Validation progress: 90/156 batches (57.7%)
  - Elapsed: 2.8s, Estimated remaining: 2.0s
Validation: 95/156 batches (61.1%)
  - Batch Acc: 24.22%, Running Acc: 62.30%
Validation progress: 95/156 batches (60.9%)
  - Elapsed: 2.9s, Estimated remaining: 1.8s
Validation: 100/156 batches (64.3%)
  - Batch Acc: 18.75%, Running Acc: 61.38%
Validation progress: 100/156 batches (64.1%)
  - Elapsed: 2.9s, Estimated remaining: 1.6s
Validation: 105/156 batches (67.6%)
  - Batch Acc: 71.09%, Running Acc: 61.21%
Validation progress: 105/156 batches (67.3%)
  - Elapsed: 2.9s, Estimated remaining: 1.4s
Validation: 110/156 batches (70.8%)
  - Batch Acc: 93.75%, Running Acc: 62.92%
Validation progress: 110/156 batches (70.5%)
  - Elapsed: 3.0s, Estimated remaining: 1.2s
Validation: 115/156 batches (74.0%)
  - Batch Acc: 71.88%, Running Acc: 63.76%
Validation progress: 115/156 batches (73.7%)
  - Elapsed: 3.0s, Estimated remaining: 1.0s
Validation: 120/156 batches (77.2%)
  - Batch Acc: 33.59%, Running Acc: 63.48%
Validation progress: 120/156 batches (76.9%)
  - Elapsed: 3.1s, Estimated remaining: 0.9s
Validation: 125/156 batches (80.4%)
  - Batch Acc: 55.47%, Running Acc: 63.26%
Validation progress: 125/156 batches (80.1%)
  - Elapsed: 3.1s, Estimated remaining: 0.7s
Validation: 130/156 batches (83.6%)
  - Batch Acc: 60.94%, Running Acc: 63.46%
Validation progress: 130/156 batches (83.3%)
  - Elapsed: 3.2s, Estimated remaining: 0.6s
Validation: 135/156 batches (86.9%)
  - Batch Acc: 98.44%, Running Acc: 63.19%
Validation progress: 135/156 batches (86.5%)
  - Elapsed: 3.2s, Estimated remaining: 0.5s
Validation: 140/156 batches (90.1%)
  - Batch Acc: 28.12%, Running Acc: 63.05%
Validation progress: 140/156 batches (89.7%)
  - Elapsed: 3.2s, Estimated remaining: 0.3s
Validation: 145/156 batches (93.3%)
  - Batch Acc: 30.47%, Running Acc: 63.17%
Validation progress: 145/156 batches (92.9%)
  - Elapsed: 3.3s, Estimated remaining: 0.2s
Validation: 150/156 batches (96.5%)
  - Batch Acc: 85.16%, Running Acc: 63.28%
Validation progress: 150/156 batches (96.2%)
  - Elapsed: 3.3s, Estimated remaining: 0.1s
Validation: 155/156 batches (99.7%)
  - Batch Acc: 94.53%, Running Acc: 64.05%
Validation progress: 155/156 batches (99.4%)
  - Elapsed: 3.4s, Estimated remaining: 0.0s
Validation: 156/156 batches (100.4%)
  - Batch Acc: 85.45%, Running Acc: 64.11%
Validation complete in 3.82s - Loss: 2.5518, Accuracy: 0.6411

==== Epoch 23/100 ====
Starting training phase...
Training on 79586 samples...
Training: 100/622 batches (16.1%)
  - Batch Acc: 100.00%, Running Acc: 99.03%
  - Loss: 0.0066, Grad Norm: 0.0228
  - Learning Rate: 0.000200
Training: 200/622 batches (32.2%)
  - Batch Acc: 100.00%, Running Acc: 99.07%
  - Loss: 0.0064, Grad Norm: 0.0124
  - Learning Rate: 0.000200
Training: 300/622 batches (48.2%)
  - Batch Acc: 97.66%, Running Acc: 99.04%
  - Loss: 0.0344, Grad Norm: 0.0364
  - Learning Rate: 0.000200
Training: 400/622 batches (64.3%)
  - Batch Acc: 98.44%, Running Acc: 99.04%
  - Loss: 0.0256, Grad Norm: 0.0286
  - Learning Rate: 0.000200
Training: 500/622 batches (80.4%)
  - Batch Acc: 99.22%, Running Acc: 99.03%
  - Loss: 0.0232, Grad Norm: 0.0211
  - Learning Rate: 0.000200
Training: 600/622 batches (96.5%)
  - Batch Acc: 98.44%, Running Acc: 99.03%
  - Loss: 0.0305, Grad Norm: 0.0180
  - Learning Rate: 0.000200
Training: 622/622 batches (100.0%)
  - Batch Acc: 98.98%, Running Acc: 99.03%
  - Loss: 0.0109, Grad Norm: 0.0205
  - Learning Rate: 0.000200

Training phase complete
Epoch Summary:
  - Average Loss: 0.0195
  - Average Accuracy: 99.03%
  - Average Grad Norm: 0.0356
  - Final Learning Rate: 0.000200
Starting validation phase...
Starting validation on 19895 samples...
Entering no_grad block for validation
Validation progress: 0/156 batches (0.0%)
  - Elapsed: 2.0s, Estimated remaining: 0.0s
Validation: 5/156 batches (3.2%)
  - Batch Acc: 85.94%, Running Acc: 76.41%
Validation progress: 5/156 batches (3.2%)
  - Elapsed: 2.0s, Estimated remaining: 50.8s
Validation: 10/156 batches (6.4%)
  - Batch Acc: 46.09%, Running Acc: 69.38%
Validation progress: 10/156 batches (6.4%)
  - Elapsed: 2.1s, Estimated remaining: 27.4s
Validation: 15/156 batches (9.7%)
  - Batch Acc: 53.12%, Running Acc: 58.80%
Validation progress: 15/156 batches (9.6%)
  - Elapsed: 2.1s, Estimated remaining: 18.5s
Validation: 20/156 batches (12.9%)
  - Batch Acc: 64.06%, Running Acc: 61.41%
Validation progress: 20/156 batches (12.8%)
  - Elapsed: 2.2s, Estimated remaining: 13.9s
Validation: 25/156 batches (16.1%)
  - Batch Acc: 34.38%, Running Acc: 61.44%
Validation progress: 25/156 batches (16.0%)
  - Elapsed: 2.2s, Estimated remaining: 10.9s
Validation: 30/156 batches (19.3%)
  - Batch Acc: 100.00%, Running Acc: 59.48%
Validation progress: 30/156 batches (19.2%)
  - Elapsed: 2.2s, Estimated remaining: 9.0s
Validation: 35/156 batches (22.5%)
  - Batch Acc: 17.97%, Running Acc: 61.36%
Validation progress: 35/156 batches (22.4%)
  - Elapsed: 2.3s, Estimated remaining: 7.5s
Validation: 40/156 batches (25.7%)
  - Batch Acc: 75.78%, Running Acc: 63.85%
Validation progress: 40/156 batches (25.6%)
  - Elapsed: 2.3s, Estimated remaining: 6.5s
Validation: 45/156 batches (29.0%)
  - Batch Acc: 100.00%, Running Acc: 64.32%
Validation progress: 45/156 batches (28.8%)
  - Elapsed: 2.3s, Estimated remaining: 5.6s
Validation: 50/156 batches (32.2%)
  - Batch Acc: 30.47%, Running Acc: 62.52%
Validation progress: 50/156 batches (32.1%)
  - Elapsed: 2.4s, Estimated remaining: 4.9s
Validation: 55/156 batches (35.4%)
  - Batch Acc: 63.28%, Running Acc: 62.26%
Validation progress: 55/156 batches (35.3%)
  - Elapsed: 2.4s, Estimated remaining: 4.3s
Validation: 60/156 batches (38.6%)
  - Batch Acc: 92.19%, Running Acc: 62.93%
Validation progress: 60/156 batches (38.5%)
  - Elapsed: 2.5s, Estimated remaining: 3.8s
Validation: 65/156 batches (41.8%)
  - Batch Acc: 83.59%, Running Acc: 63.63%
Validation progress: 65/156 batches (41.7%)
  - Elapsed: 2.5s, Estimated remaining: 3.4s
Validation: 70/156 batches (45.0%)
  - Batch Acc: 64.06%, Running Acc: 65.07%
Validation progress: 70/156 batches (44.9%)
  - Elapsed: 2.5s, Estimated remaining: 3.0s
Validation: 75/156 batches (48.3%)
  - Batch Acc: 35.94%, Running Acc: 63.42%
Validation progress: 75/156 batches (48.1%)
  - Elapsed: 2.6s, Estimated remaining: 2.7s
Validation: 80/156 batches (51.5%)
  - Batch Acc: 28.12%, Running Acc: 63.90%
Validation progress: 80/156 batches (51.3%)
  - Elapsed: 2.6s, Estimated remaining: 2.4s
Validation: 85/156 batches (54.7%)
  - Batch Acc: 46.09%, Running Acc: 64.22%
Validation progress: 85/156 batches (54.5%)
  - Elapsed: 2.6s, Estimated remaining: 2.1s
Validation: 90/156 batches (57.9%)
  - Batch Acc: 42.97%, Running Acc: 64.02%
Validation progress: 90/156 batches (57.7%)
  - Elapsed: 2.7s, Estimated remaining: 1.9s
Validation: 95/156 batches (61.1%)
  - Batch Acc: 34.38%, Running Acc: 64.31%
Validation progress: 95/156 batches (60.9%)
  - Elapsed: 2.7s, Estimated remaining: 1.7s
Validation: 100/156 batches (64.3%)
  - Batch Acc: 65.62%, Running Acc: 64.58%
Validation progress: 100/156 batches (64.1%)
  - Elapsed: 2.8s, Estimated remaining: 1.5s
Validation: 105/156 batches (67.6%)
  - Batch Acc: 20.31%, Running Acc: 64.90%
Validation progress: 105/156 batches (67.3%)
  - Elapsed: 2.8s, Estimated remaining: 1.3s
Validation: 110/156 batches (70.8%)
  - Batch Acc: 94.53%, Running Acc: 66.21%
Validation progress: 110/156 batches (70.5%)
  - Elapsed: 2.8s, Estimated remaining: 1.1s
Validation: 115/156 batches (74.0%)
  - Batch Acc: 33.59%, Running Acc: 65.84%
Validation progress: 115/156 batches (73.7%)
  - Elapsed: 2.9s, Estimated remaining: 1.0s
Validation: 120/156 batches (77.2%)
  - Batch Acc: 23.44%, Running Acc: 64.89%
Validation progress: 120/156 batches (76.9%)
  - Elapsed: 2.9s, Estimated remaining: 0.8s
Validation: 125/156 batches (80.4%)
  - Batch Acc: 48.44%, Running Acc: 63.98%
Validation progress: 125/156 batches (80.1%)
  - Elapsed: 3.0s, Estimated remaining: 0.7s
Validation: 130/156 batches (83.6%)
  - Batch Acc: 75.78%, Running Acc: 63.62%
Validation progress: 130/156 batches (83.3%)
  - Elapsed: 3.0s, Estimated remaining: 0.6s
Validation: 135/156 batches (86.9%)
  - Batch Acc: 77.34%, Running Acc: 63.56%
Validation progress: 135/156 batches (86.5%)
  - Elapsed: 3.0s, Estimated remaining: 0.4s
Validation: 140/156 batches (90.1%)
  - Batch Acc: 0.00%, Running Acc: 62.76%
Validation progress: 140/156 batches (89.7%)
  - Elapsed: 3.1s, Estimated remaining: 0.3s
Validation: 145/156 batches (93.3%)
  - Batch Acc: 51.56%, Running Acc: 62.95%
Validation progress: 145/156 batches (92.9%)
  - Elapsed: 3.1s, Estimated remaining: 0.2s
Validation: 150/156 batches (96.5%)
  - Batch Acc: 72.66%, Running Acc: 62.73%
Validation progress: 150/156 batches (96.2%)
  - Elapsed: 3.1s, Estimated remaining: 0.1s
Validation: 155/156 batches (99.7%)
  - Batch Acc: 85.16%, Running Acc: 63.32%
Validation progress: 155/156 batches (99.4%)
  - Elapsed: 3.2s, Estimated remaining: 0.0s
Validation: 156/156 batches (100.4%)
  - Batch Acc: 76.36%, Running Acc: 63.35%
Validation complete in 3.64s - Loss: 2.4884, Accuracy: 0.6335

==== Epoch 24/100 ====
Starting training phase...
Training on 79586 samples...
Training: 100/622 batches (16.1%)
  - Batch Acc: 99.22%, Running Acc: 99.15%
  - Loss: 0.0151, Grad Norm: 0.0146
  - Learning Rate: 0.000200
Training: 200/622 batches (32.2%)
  - Batch Acc: 98.44%, Running Acc: 99.16%
  - Loss: 0.0215, Grad Norm: 0.0258
  - Learning Rate: 0.000200
Training: 300/622 batches (48.2%)
  - Batch Acc: 100.00%, Running Acc: 99.13%
  - Loss: 0.0097, Grad Norm: 0.0294
  - Learning Rate: 0.000200
Training: 400/622 batches (64.3%)
  - Batch Acc: 99.22%, Running Acc: 99.08%
  - Loss: 0.0092, Grad Norm: 0.0145
  - Learning Rate: 0.000200
Training: 500/622 batches (80.4%)
  - Batch Acc: 96.88%, Running Acc: 99.06%
  - Loss: 0.0407, Grad Norm: 0.0496
  - Learning Rate: 0.000200
Training: 600/622 batches (96.5%)
  - Batch Acc: 97.66%, Running Acc: 99.04%
  - Loss: 0.0481, Grad Norm: 0.0379
  - Learning Rate: 0.000200
Training: 622/622 batches (100.0%)
  - Batch Acc: 97.96%, Running Acc: 99.04%
  - Loss: 0.0232, Grad Norm: 0.0349
  - Learning Rate: 0.000200

Training phase complete
Epoch Summary:
  - Average Loss: 0.0189
  - Average Accuracy: 99.04%
  - Average Grad Norm: 0.0300
  - Final Learning Rate: 0.000200
Starting validation phase...
Starting validation on 19895 samples...
Entering no_grad block for validation
Validation progress: 0/156 batches (0.0%)
  - Elapsed: 2.1s, Estimated remaining: 0.0s
Validation: 5/156 batches (3.2%)
  - Batch Acc: 67.97%, Running Acc: 59.22%
Validation progress: 5/156 batches (3.2%)
  - Elapsed: 2.1s, Estimated remaining: 53.5s
Validation: 10/156 batches (6.4%)
  - Batch Acc: 58.59%, Running Acc: 62.11%
Validation progress: 10/156 batches (6.4%)
  - Elapsed: 2.2s, Estimated remaining: 28.9s
Validation: 15/156 batches (9.7%)
  - Batch Acc: 54.69%, Running Acc: 55.16%
Validation progress: 15/156 batches (9.6%)
  - Elapsed: 2.2s, Estimated remaining: 19.2s
Validation: 20/156 batches (12.9%)
  - Batch Acc: 76.56%, Running Acc: 57.07%
Validation progress: 20/156 batches (12.8%)
  - Elapsed: 2.2s, Estimated remaining: 14.4s
Validation: 25/156 batches (16.1%)
  - Batch Acc: 34.38%, Running Acc: 58.38%
Validation progress: 25/156 batches (16.0%)
  - Elapsed: 2.3s, Estimated remaining: 11.5s
Validation: 30/156 batches (19.3%)
  - Batch Acc: 100.00%, Running Acc: 57.16%
Validation progress: 30/156 batches (19.2%)
  - Elapsed: 2.3s, Estimated remaining: 9.3s
Validation: 35/156 batches (22.5%)
  - Batch Acc: 9.38%, Running Acc: 58.48%
Validation progress: 35/156 batches (22.4%)
  - Elapsed: 2.3s, Estimated remaining: 7.8s
Validation: 40/156 batches (25.7%)
  - Batch Acc: 17.19%, Running Acc: 58.55%
Validation progress: 40/156 batches (25.6%)
  - Elapsed: 2.4s, Estimated remaining: 6.7s
Validation: 45/156 batches (29.0%)
  - Batch Acc: 85.94%, Running Acc: 57.59%
Validation progress: 45/156 batches (28.8%)
  - Elapsed: 2.4s, Estimated remaining: 5.8s
Validation: 50/156 batches (32.2%)
  - Batch Acc: 20.31%, Running Acc: 55.42%
Validation progress: 50/156 batches (32.1%)
  - Elapsed: 2.5s, Estimated remaining: 5.1s
Validation: 55/156 batches (35.4%)
  - Batch Acc: 63.28%, Running Acc: 55.06%
Validation progress: 55/156 batches (35.3%)
  - Elapsed: 2.5s, Estimated remaining: 4.4s
Validation: 60/156 batches (38.6%)
  - Batch Acc: 99.22%, Running Acc: 56.74%
Validation progress: 60/156 batches (38.5%)
  - Elapsed: 2.5s, Estimated remaining: 3.9s
Validation: 65/156 batches (41.8%)
  - Batch Acc: 87.50%, Running Acc: 58.65%
Validation progress: 65/156 batches (41.7%)
  - Elapsed: 2.6s, Estimated remaining: 3.5s
Validation: 70/156 batches (45.0%)
  - Batch Acc: 100.00%, Running Acc: 61.38%
Validation progress: 70/156 batches (44.9%)
  - Elapsed: 2.6s, Estimated remaining: 3.1s
Validation: 75/156 batches (48.3%)
  - Batch Acc: 53.91%, Running Acc: 61.40%
Validation progress: 75/156 batches (48.1%)
  - Elapsed: 2.6s, Estimated remaining: 2.8s
Validation: 80/156 batches (51.5%)
  - Batch Acc: 17.97%, Running Acc: 62.14%
Validation progress: 80/156 batches (51.3%)
  - Elapsed: 2.7s, Estimated remaining: 2.5s
Validation: 85/156 batches (54.7%)
  - Batch Acc: 80.47%, Running Acc: 62.80%
Validation progress: 85/156 batches (54.5%)
  - Elapsed: 2.7s, Estimated remaining: 2.2s
Validation: 90/156 batches (57.9%)
  - Batch Acc: 25.78%, Running Acc: 63.20%
Validation progress: 90/156 batches (57.7%)
  - Elapsed: 2.8s, Estimated remaining: 2.0s
Validation: 95/156 batches (61.1%)
  - Batch Acc: 32.03%, Running Acc: 62.71%
Validation progress: 95/156 batches (60.9%)
  - Elapsed: 2.8s, Estimated remaining: 1.7s
Validation: 100/156 batches (64.3%)
  - Batch Acc: 28.12%, Running Acc: 61.81%
Validation progress: 100/156 batches (64.1%)
  - Elapsed: 2.8s, Estimated remaining: 1.5s
Validation: 105/156 batches (67.6%)
  - Batch Acc: 61.72%, Running Acc: 61.47%
Validation progress: 105/156 batches (67.3%)
  - Elapsed: 2.9s, Estimated remaining: 1.4s
Validation: 110/156 batches (70.8%)
  - Batch Acc: 92.97%, Running Acc: 63.13%
Validation progress: 110/156 batches (70.5%)
  - Elapsed: 2.9s, Estimated remaining: 1.2s
Validation: 115/156 batches (74.0%)
  - Batch Acc: 59.38%, Running Acc: 63.83%
Validation progress: 115/156 batches (73.7%)
  - Elapsed: 2.9s, Estimated remaining: 1.0s
Validation: 120/156 batches (77.2%)
  - Batch Acc: 37.50%, Running Acc: 63.64%
Validation progress: 120/156 batches (76.9%)
  - Elapsed: 3.0s, Estimated remaining: 0.9s
Validation: 125/156 batches (80.4%)
  - Batch Acc: 54.69%, Running Acc: 63.31%
Validation progress: 125/156 batches (80.1%)
  - Elapsed: 3.0s, Estimated remaining: 0.7s
Validation: 130/156 batches (83.6%)
  - Batch Acc: 57.03%, Running Acc: 63.19%
Validation progress: 130/156 batches (83.3%)
  - Elapsed: 3.0s, Estimated remaining: 0.6s
Validation: 135/156 batches (86.9%)
  - Batch Acc: 98.44%, Running Acc: 62.99%
Validation progress: 135/156 batches (86.5%)
  - Elapsed: 3.1s, Estimated remaining: 0.5s
Validation: 140/156 batches (90.1%)
  - Batch Acc: 25.00%, Running Acc: 62.83%
Validation progress: 140/156 batches (89.7%)
  - Elapsed: 3.1s, Estimated remaining: 0.3s
Validation: 145/156 batches (93.3%)
  - Batch Acc: 38.28%, Running Acc: 63.00%
Validation progress: 145/156 batches (92.9%)
  - Elapsed: 3.2s, Estimated remaining: 0.2s
Validation: 150/156 batches (96.5%)
  - Batch Acc: 81.25%, Running Acc: 63.07%
Validation progress: 150/156 batches (96.2%)
  - Elapsed: 3.2s, Estimated remaining: 0.1s
Validation: 155/156 batches (99.7%)
  - Batch Acc: 92.19%, Running Acc: 63.86%
Validation progress: 155/156 batches (99.4%)
  - Elapsed: 3.2s, Estimated remaining: 0.0s
Validation: 156/156 batches (100.4%)
  - Batch Acc: 76.36%, Running Acc: 63.89%
Validation complete in 3.69s - Loss: 2.6061, Accuracy: 0.6389

==== Epoch 25/100 ====
Starting training phase...
Training on 79586 samples...
Training: 100/622 batches (16.1%)
  - Batch Acc: 100.00%, Running Acc: 99.03%
  - Loss: 0.0088, Grad Norm: 0.0178
  - Learning Rate: 0.000200
Training: 200/622 batches (32.2%)
  - Batch Acc: 99.22%, Running Acc: 99.04%
  - Loss: 0.0143, Grad Norm: 0.0152
  - Learning Rate: 0.000200
Training: 300/622 batches (48.2%)
  - Batch Acc: 99.22%, Running Acc: 99.02%
  - Loss: 0.0207, Grad Norm: 0.0174
  - Learning Rate: 0.000200
Training: 400/622 batches (64.3%)
  - Batch Acc: 98.44%, Running Acc: 99.06%
  - Loss: 0.0293, Grad Norm: 0.0182
  - Learning Rate: 0.000200
Training: 500/622 batches (80.4%)
  - Batch Acc: 99.22%, Running Acc: 99.07%
  - Loss: 0.0171, Grad Norm: 0.0162
  - Learning Rate: 0.000200
Training: 600/622 batches (96.5%)
  - Batch Acc: 99.22%, Running Acc: 99.05%
  - Loss: 0.0128, Grad Norm: 0.0172
  - Learning Rate: 0.000200
Training: 622/622 batches (100.0%)
  - Batch Acc: 98.98%, Running Acc: 99.05%
  - Loss: 0.0190, Grad Norm: 0.0225
  - Learning Rate: 0.000200

Training phase complete
Epoch Summary:
  - Average Loss: 0.0187
  - Average Accuracy: 99.05%
  - Average Grad Norm: 0.0280
  - Final Learning Rate: 0.000200
Starting validation phase...
Starting validation on 19895 samples...
Entering no_grad block for validation
Validation progress: 0/156 batches (0.0%)
  - Elapsed: 2.1s, Estimated remaining: 0.0s
Validation: 5/156 batches (3.2%)
  - Batch Acc: 71.88%, Running Acc: 65.31%
Validation progress: 5/156 batches (3.2%)
  - Elapsed: 2.1s, Estimated remaining: 53.0s
Validation: 10/156 batches (6.4%)
  - Batch Acc: 53.91%, Running Acc: 65.00%
Validation progress: 10/156 batches (6.4%)
  - Elapsed: 2.2s, Estimated remaining: 28.6s
Validation: 15/156 batches (9.7%)
  - Batch Acc: 57.81%, Running Acc: 57.45%
Validation progress: 15/156 batches (9.6%)
  - Elapsed: 2.2s, Estimated remaining: 19.1s
Validation: 20/156 batches (12.9%)
  - Batch Acc: 76.56%, Running Acc: 59.77%
Validation progress: 20/156 batches (12.8%)
  - Elapsed: 2.2s, Estimated remaining: 14.3s
Validation: 25/156 batches (16.1%)
  - Batch Acc: 34.38%, Running Acc: 60.53%
Validation progress: 25/156 batches (16.0%)
  - Elapsed: 2.2s, Estimated remaining: 11.2s
Validation: 30/156 batches (19.3%)
  - Batch Acc: 100.00%, Running Acc: 58.59%
Validation progress: 30/156 batches (19.2%)
  - Elapsed: 2.3s, Estimated remaining: 9.2s
Validation: 35/156 batches (22.5%)
  - Batch Acc: 10.16%, Running Acc: 60.04%
Validation progress: 35/156 batches (22.4%)
  - Elapsed: 2.3s, Estimated remaining: 7.7s
Validation: 40/156 batches (25.7%)
  - Batch Acc: 40.62%, Running Acc: 60.92%
Validation progress: 40/156 batches (25.6%)
  - Elapsed: 2.4s, Estimated remaining: 6.6s
Validation: 45/156 batches (29.0%)
  - Batch Acc: 100.00%, Running Acc: 61.08%
Validation progress: 45/156 batches (28.8%)
  - Elapsed: 2.4s, Estimated remaining: 5.7s
Validation: 50/156 batches (32.2%)
  - Batch Acc: 27.34%, Running Acc: 59.45%
Validation progress: 50/156 batches (32.1%)
  - Elapsed: 2.4s, Estimated remaining: 5.0s
Validation: 55/156 batches (35.4%)
  - Batch Acc: 70.31%, Running Acc: 59.62%
Validation progress: 55/156 batches (35.3%)
  - Elapsed: 2.5s, Estimated remaining: 4.4s
Validation: 60/156 batches (38.6%)
  - Batch Acc: 89.06%, Running Acc: 60.56%
Validation progress: 60/156 batches (38.5%)
  - Elapsed: 2.5s, Estimated remaining: 3.9s
Validation: 65/156 batches (41.8%)
  - Batch Acc: 81.25%, Running Acc: 61.18%
Validation progress: 65/156 batches (41.7%)
  - Elapsed: 2.5s, Estimated remaining: 3.4s
Validation: 70/156 batches (45.0%)
  - Batch Acc: 92.19%, Running Acc: 63.31%
Validation progress: 70/156 batches (44.9%)
  - Elapsed: 2.6s, Estimated remaining: 3.1s
Validation: 75/156 batches (48.3%)
  - Batch Acc: 41.41%, Running Acc: 62.26%
Validation progress: 75/156 batches (48.1%)
  - Elapsed: 2.6s, Estimated remaining: 2.7s
Validation: 80/156 batches (51.5%)
  - Batch Acc: 21.88%, Running Acc: 62.93%
Validation progress: 80/156 batches (51.3%)
  - Elapsed: 2.6s, Estimated remaining: 2.4s
Validation: 85/156 batches (54.7%)
  - Batch Acc: 64.84%, Running Acc: 63.38%
Validation progress: 85/156 batches (54.5%)
  - Elapsed: 2.7s, Estimated remaining: 2.2s
Validation: 90/156 batches (57.9%)
  - Batch Acc: 31.25%, Running Acc: 63.66%
Validation progress: 90/156 batches (57.7%)
  - Elapsed: 2.7s, Estimated remaining: 1.9s
Validation: 95/156 batches (61.1%)
  - Batch Acc: 28.91%, Running Acc: 63.55%
Validation progress: 95/156 batches (60.9%)
  - Elapsed: 2.8s, Estimated remaining: 1.7s
Validation: 100/156 batches (64.3%)
  - Batch Acc: 42.19%, Running Acc: 63.16%
Validation progress: 100/156 batches (64.1%)
  - Elapsed: 2.8s, Estimated remaining: 1.5s
Validation: 105/156 batches (67.6%)
  - Batch Acc: 30.47%, Running Acc: 63.07%
Validation progress: 105/156 batches (67.3%)
  - Elapsed: 2.8s, Estimated remaining: 1.3s
Validation: 110/156 batches (70.8%)
  - Batch Acc: 94.53%, Running Acc: 64.63%
Validation progress: 110/156 batches (70.5%)
  - Elapsed: 2.9s, Estimated remaining: 1.2s
Validation: 115/156 batches (74.0%)
  - Batch Acc: 43.75%, Running Acc: 64.95%
Validation progress: 115/156 batches (73.7%)
  - Elapsed: 2.9s, Estimated remaining: 1.0s
Validation: 120/156 batches (77.2%)
  - Batch Acc: 25.78%, Running Acc: 64.33%
Validation progress: 120/156 batches (76.9%)
  - Elapsed: 2.9s, Estimated remaining: 0.8s
Validation: 125/156 batches (80.4%)
  - Batch Acc: 52.34%, Running Acc: 63.79%
Validation progress: 125/156 batches (80.1%)
  - Elapsed: 3.0s, Estimated remaining: 0.7s
Validation: 130/156 batches (83.6%)
  - Batch Acc: 67.19%, Running Acc: 63.62%
Validation progress: 130/156 batches (83.3%)
  - Elapsed: 3.0s, Estimated remaining: 0.6s
Validation: 135/156 batches (86.9%)
  - Batch Acc: 91.41%, Running Acc: 63.53%
Validation progress: 135/156 batches (86.5%)
  - Elapsed: 3.0s, Estimated remaining: 0.4s
Validation: 140/156 batches (90.1%)
  - Batch Acc: 15.62%, Running Acc: 63.10%
Validation progress: 140/156 batches (89.7%)
  - Elapsed: 3.1s, Estimated remaining: 0.3s
Validation: 145/156 batches (93.3%)
  - Batch Acc: 46.09%, Running Acc: 63.32%
Validation progress: 145/156 batches (92.9%)
  - Elapsed: 3.1s, Estimated remaining: 0.2s
Validation: 150/156 batches (96.5%)
  - Batch Acc: 74.22%, Running Acc: 63.35%
Validation progress: 150/156 batches (96.2%)
  - Elapsed: 3.2s, Estimated remaining: 0.1s
Validation: 155/156 batches (99.7%)
  - Batch Acc: 90.62%, Running Acc: 64.07%
Validation progress: 155/156 batches (99.4%)
  - Elapsed: 3.2s, Estimated remaining: 0.0s
Validation: 156/156 batches (100.4%)
  - Batch Acc: 78.18%, Running Acc: 64.11%
Validation complete in 3.62s - Loss: 2.5344, Accuracy: 0.6411
Early stopping triggered at epoch 25

==== Fold 1 training complete, evaluating best model ====
Starting final evaluation...
Evaluating 19895 samples across 156 batches
Evaluating batch 1/156
Evaluating batch 8/156
Evaluating batch 15/156
Evaluating batch 22/156
Evaluating batch 29/156
Evaluation: 35/156 batches, Running Acc: 61.65%, Loss: 6.7790
Evaluating batch 36/156
Evaluating batch 43/156
Evaluating batch 50/156
Evaluating batch 57/156
Evaluating batch 64/156
Evaluation: 70/156 batches, Running Acc: 64.17%, Loss: 0.4721
Evaluating batch 71/156
Evaluating batch 78/156
Evaluating batch 85/156
Evaluating batch 92/156
Evaluating batch 99/156
Evaluation: 105/156 batches, Running Acc: 63.38%, Loss: 1.8128
Evaluating batch 106/156
Evaluating batch 113/156
Evaluating batch 120/156
Evaluating batch 127/156
Evaluating batch 134/156
Evaluation: 140/156 batches, Running Acc: 64.36%, Loss: 5.6169
Evaluating batch 141/156
Evaluating batch 148/156
Evaluating batch 155/156
Evaluation: 156/156 batches, Running Acc: 65.57%, Loss: 0.2636
Computing final evaluation metrics
Evaluation complete - Test Loss: 2.1318, Accuracy: 0.6557, F1 Score: 0.6531

==== Starting fold 2/5 ====
Train: 79595 FC vectors, Validation: 19886 FC vectors
Using ReduceLROnPlateau scheduler monitoring validation val_accuracy

==== Epoch 1/100 ====
Starting training phase...
Training on 79595 samples...
Training: 100/622 batches (16.1%)
  - Batch Acc: 82.81%, Running Acc: 70.52%
  - Loss: 0.3381, Grad Norm: 0.7855
  - Learning Rate: 0.001000
Training: 200/622 batches (32.2%)
  - Batch Acc: 92.19%, Running Acc: 79.59%
  - Loss: 0.1980, Grad Norm: 0.6159
  - Learning Rate: 0.001000
Training: 300/622 batches (48.2%)
  - Batch Acc: 96.88%, Running Acc: 84.28%
  - Loss: 0.0879, Grad Norm: 0.3552
  - Learning Rate: 0.001000
Training: 400/622 batches (64.3%)
  - Batch Acc: 91.41%, Running Acc: 86.85%
  - Loss: 0.1291, Grad Norm: 0.4541
  - Learning Rate: 0.001000
Training: 500/622 batches (80.4%)
  - Batch Acc: 98.44%, Running Acc: 88.53%
  - Loss: 0.0849, Grad Norm: 0.2661
  - Learning Rate: 0.001000
Training: 600/622 batches (96.5%)
  - Batch Acc: 96.09%, Running Acc: 89.74%
  - Loss: 0.1016, Grad Norm: 0.4459
  - Learning Rate: 0.001000
Training: 622/622 batches (100.0%)
  - Batch Acc: 98.13%, Running Acc: 89.97%
  - Loss: 0.0476, Grad Norm: 0.2124
  - Learning Rate: 0.001000

Training phase complete
Epoch Summary:
  - Average Loss: 0.2190
  - Average Accuracy: 89.97%
  - Average Grad Norm: 0.6651
  - Final Learning Rate: 0.001000
Starting validation phase...
Starting validation on 19886 samples...
Entering no_grad block for validation
Validation progress: 0/156 batches (0.0%)
  - Elapsed: 2.1s, Estimated remaining: 0.0s
Validation: 5/156 batches (3.2%)
  - Batch Acc: 0.00%, Running Acc: 32.81%
Validation progress: 5/156 batches (3.2%)
  - Elapsed: 2.1s, Estimated remaining: 52.2s
Validation: 10/156 batches (6.4%)
  - Batch Acc: 97.66%, Running Acc: 61.09%
Validation progress: 10/156 batches (6.4%)
  - Elapsed: 2.2s, Estimated remaining: 28.5s
Validation: 15/156 batches (9.7%)
  - Batch Acc: 96.88%, Running Acc: 59.38%
Validation progress: 15/156 batches (9.6%)
  - Elapsed: 2.2s, Estimated remaining: 19.0s
Validation: 20/156 batches (12.9%)
  - Batch Acc: 95.31%, Running Acc: 65.86%
Validation progress: 20/156 batches (12.8%)
  - Elapsed: 2.2s, Estimated remaining: 14.2s
Validation: 25/156 batches (16.1%)
  - Batch Acc: 47.66%, Running Acc: 67.56%
Validation progress: 25/156 batches (16.0%)
  - Elapsed: 2.2s, Estimated remaining: 11.2s
Validation: 30/156 batches (19.3%)
  - Batch Acc: 64.84%, Running Acc: 63.70%
Validation progress: 30/156 batches (19.2%)
  - Elapsed: 2.3s, Estimated remaining: 9.2s
Validation: 35/156 batches (22.5%)
  - Batch Acc: 100.00%, Running Acc: 65.09%
Validation progress: 35/156 batches (22.4%)
  - Elapsed: 2.3s, Estimated remaining: 7.7s
Validation: 40/156 batches (25.7%)
  - Batch Acc: 0.78%, Running Acc: 65.45%
Validation progress: 40/156 batches (25.6%)
  - Elapsed: 2.3s, Estimated remaining: 6.6s
Validation: 45/156 batches (29.0%)
  - Batch Acc: 100.00%, Running Acc: 64.50%
Validation progress: 45/156 batches (28.8%)
  - Elapsed: 2.4s, Estimated remaining: 5.7s
Validation: 50/156 batches (32.2%)
  - Batch Acc: 97.66%, Running Acc: 63.11%
Validation progress: 50/156 batches (32.1%)
  - Elapsed: 2.4s, Estimated remaining: 5.0s
Validation: 55/156 batches (35.4%)
  - Batch Acc: 100.00%, Running Acc: 64.45%
Validation progress: 55/156 batches (35.3%)
  - Elapsed: 2.4s, Estimated remaining: 4.4s
Validation: 60/156 batches (38.6%)
  - Batch Acc: 93.75%, Running Acc: 65.48%
Validation progress: 60/156 batches (38.5%)
  - Elapsed: 2.5s, Estimated remaining: 3.9s
Validation: 65/156 batches (41.8%)
  - Batch Acc: 51.56%, Running Acc: 65.52%
Validation progress: 65/156 batches (41.7%)
  - Elapsed: 2.5s, Estimated remaining: 3.4s
Validation: 70/156 batches (45.1%)
  - Batch Acc: 100.00%, Running Acc: 66.33%
Validation progress: 70/156 batches (44.9%)
  - Elapsed: 2.6s, Estimated remaining: 3.1s
Validation: 75/156 batches (48.3%)
  - Batch Acc: 59.38%, Running Acc: 66.12%
Validation progress: 75/156 batches (48.1%)
  - Elapsed: 2.6s, Estimated remaining: 2.7s
Validation: 80/156 batches (51.5%)
  - Batch Acc: 64.06%, Running Acc: 64.39%
Validation progress: 80/156 batches (51.3%)
  - Elapsed: 2.6s, Estimated remaining: 2.4s
Validation: 85/156 batches (54.7%)
  - Batch Acc: 94.53%, Running Acc: 63.90%
Validation progress: 85/156 batches (54.5%)
  - Elapsed: 2.7s, Estimated remaining: 2.2s
Validation: 90/156 batches (57.9%)
  - Batch Acc: 16.41%, Running Acc: 62.07%
Validation progress: 90/156 batches (57.7%)
  - Elapsed: 2.7s, Estimated remaining: 1.9s
Validation: 95/156 batches (61.1%)
  - Batch Acc: 17.19%, Running Acc: 60.08%
Validation progress: 95/156 batches (60.9%)
  - Elapsed: 2.7s, Estimated remaining: 1.7s
Validation: 100/156 batches (64.4%)
  - Batch Acc: 23.44%, Running Acc: 58.32%
Validation progress: 100/156 batches (64.1%)
  - Elapsed: 2.8s, Estimated remaining: 1.5s
Validation: 105/156 batches (67.6%)
  - Batch Acc: 24.22%, Running Acc: 57.63%
Validation progress: 105/156 batches (67.3%)
  - Elapsed: 2.8s, Estimated remaining: 1.3s
Validation: 110/156 batches (70.8%)
  - Batch Acc: 83.59%, Running Acc: 58.98%
Validation progress: 110/156 batches (70.5%)
  - Elapsed: 2.8s, Estimated remaining: 1.1s
Validation: 115/156 batches (74.0%)
  - Batch Acc: 78.12%, Running Acc: 59.86%
Validation progress: 115/156 batches (73.7%)
  - Elapsed: 2.9s, Estimated remaining: 1.0s
Validation: 120/156 batches (77.2%)
  - Batch Acc: 100.00%, Running Acc: 61.00%
Validation progress: 120/156 batches (76.9%)
  - Elapsed: 2.9s, Estimated remaining: 0.8s
Validation: 125/156 batches (80.5%)
  - Batch Acc: 81.25%, Running Acc: 61.95%
Validation progress: 125/156 batches (80.1%)
  - Elapsed: 2.9s, Estimated remaining: 0.7s
Validation: 130/156 batches (83.7%)
  - Batch Acc: 91.41%, Running Acc: 63.13%
Validation progress: 130/156 batches (83.3%)
  - Elapsed: 3.0s, Estimated remaining: 0.6s
Validation: 135/156 batches (86.9%)
  - Batch Acc: 50.00%, Running Acc: 62.55%
Validation progress: 135/156 batches (86.5%)
  - Elapsed: 3.0s, Estimated remaining: 0.4s
Validation: 140/156 batches (90.1%)
  - Batch Acc: 88.28%, Running Acc: 62.78%
Validation progress: 140/156 batches (89.7%)
  - Elapsed: 3.0s, Estimated remaining: 0.3s
Validation: 145/156 batches (93.3%)
  - Batch Acc: 84.38%, Running Acc: 63.51%
Validation progress: 145/156 batches (92.9%)
  - Elapsed: 3.1s, Estimated remaining: 0.2s
Validation: 150/156 batches (96.6%)
  - Batch Acc: 56.25%, Running Acc: 63.74%
Validation progress: 150/156 batches (96.2%)
  - Elapsed: 3.1s, Estimated remaining: 0.1s
Validation: 155/156 batches (99.8%)
  - Batch Acc: 64.84%, Running Acc: 64.18%
Validation progress: 155/156 batches (99.4%)
  - Elapsed: 3.1s, Estimated remaining: 0.0s
Validation: 156/156 batches (100.4%)
  - Batch Acc: 80.43%, Running Acc: 64.22%
Validation complete in 3.59s - Loss: 1.4328, Accuracy: 0.6422

==== Epoch 2/100 ====
Starting training phase...
Training on 79595 samples...
Training: 100/622 batches (16.1%)
  - Batch Acc: 97.66%, Running Acc: 96.76%
  - Loss: 0.0688, Grad Norm: 0.4242
  - Learning Rate: 0.001000
Training: 200/622 batches (32.2%)
  - Batch Acc: 94.53%, Running Acc: 96.82%
  - Loss: 0.1559, Grad Norm: 0.5893
  - Learning Rate: 0.001000
Training: 300/622 batches (48.2%)
  - Batch Acc: 97.66%, Running Acc: 96.78%
  - Loss: 0.0525, Grad Norm: 0.2848
  - Learning Rate: 0.001000
Training: 400/622 batches (64.3%)
  - Batch Acc: 95.31%, Running Acc: 96.82%
  - Loss: 0.1002, Grad Norm: 0.5451
  - Learning Rate: 0.001000
Training: 500/622 batches (80.4%)
  - Batch Acc: 99.22%, Running Acc: 96.90%
  - Loss: 0.0457, Grad Norm: 0.3026
  - Learning Rate: 0.001000
Training: 600/622 batches (96.5%)
  - Batch Acc: 98.44%, Running Acc: 96.95%
  - Loss: 0.0653, Grad Norm: 0.2923
  - Learning Rate: 0.001000
Training: 622/622 batches (100.0%)
  - Batch Acc: 97.20%, Running Acc: 96.97%
  - Loss: 0.0700, Grad Norm: 0.3802
  - Learning Rate: 0.001000

Training phase complete
Epoch Summary:
  - Average Loss: 0.0713
  - Average Accuracy: 96.97%
  - Average Grad Norm: 0.3510
  - Final Learning Rate: 0.001000
Starting validation phase...
Starting validation on 19886 samples...
Entering no_grad block for validation
Validation progress: 0/156 batches (0.0%)
  - Elapsed: 2.1s, Estimated remaining: 0.0s
Validation: 5/156 batches (3.2%)
  - Batch Acc: 71.09%, Running Acc: 88.91%
Validation progress: 5/156 batches (3.2%)
  - Elapsed: 2.1s, Estimated remaining: 52.8s
Validation: 10/156 batches (6.4%)
  - Batch Acc: 45.31%, Running Acc: 65.70%
Validation progress: 10/156 batches (6.4%)
  - Elapsed: 2.2s, Estimated remaining: 28.6s
Validation: 15/156 batches (9.7%)
  - Batch Acc: 87.50%, Running Acc: 55.21%
Validation progress: 15/156 batches (9.6%)
  - Elapsed: 2.2s, Estimated remaining: 19.1s
Validation: 20/156 batches (12.9%)
  - Batch Acc: 87.50%, Running Acc: 59.92%
Validation progress: 20/156 batches (12.8%)
  - Elapsed: 2.2s, Estimated remaining: 14.3s
Validation: 25/156 batches (16.1%)
  - Batch Acc: 53.91%, Running Acc: 59.12%
Validation progress: 25/156 batches (16.0%)
  - Elapsed: 2.3s, Estimated remaining: 11.3s
Validation: 30/156 batches (19.3%)
  - Batch Acc: 35.16%, Running Acc: 55.89%
Validation progress: 30/156 batches (19.2%)
  - Elapsed: 2.3s, Estimated remaining: 9.2s
Validation: 35/156 batches (22.5%)
  - Batch Acc: 100.00%, Running Acc: 60.29%
Validation progress: 35/156 batches (22.4%)
  - Elapsed: 2.3s, Estimated remaining: 7.8s
Validation: 40/156 batches (25.7%)
  - Batch Acc: 45.31%, Running Acc: 62.40%
Validation progress: 40/156 batches (25.6%)
  - Elapsed: 2.4s, Estimated remaining: 6.6s
Validation: 45/156 batches (29.0%)
  - Batch Acc: 100.00%, Running Acc: 65.03%
Validation progress: 45/156 batches (28.8%)
  - Elapsed: 2.4s, Estimated remaining: 5.7s
Validation: 50/156 batches (32.2%)
  - Batch Acc: 70.31%, Running Acc: 66.34%
Validation progress: 50/156 batches (32.1%)
  - Elapsed: 2.4s, Estimated remaining: 5.0s
Validation: 55/156 batches (35.4%)
  - Batch Acc: 82.81%, Running Acc: 65.23%
Validation progress: 55/156 batches (35.3%)
  - Elapsed: 2.5s, Estimated remaining: 4.4s
Validation: 60/156 batches (38.6%)
  - Batch Acc: 87.50%, Running Acc: 65.89%
Validation progress: 60/156 batches (38.5%)
  - Elapsed: 2.5s, Estimated remaining: 3.9s
Validation: 65/156 batches (41.8%)
  - Batch Acc: 46.09%, Running Acc: 64.23%
Validation progress: 65/156 batches (41.7%)
  - Elapsed: 2.5s, Estimated remaining: 3.5s
Validation: 70/156 batches (45.1%)
  - Batch Acc: 60.94%, Running Acc: 63.20%
Validation progress: 70/156 batches (44.9%)
  - Elapsed: 2.6s, Estimated remaining: 3.1s
Validation: 75/156 batches (48.3%)
  - Batch Acc: 50.00%, Running Acc: 61.17%
Validation progress: 75/156 batches (48.1%)
  - Elapsed: 2.6s, Estimated remaining: 2.8s
Validation: 80/156 batches (51.5%)
  - Batch Acc: 92.19%, Running Acc: 61.36%
Validation progress: 80/156 batches (51.3%)
  - Elapsed: 2.6s, Estimated remaining: 2.4s
Validation: 85/156 batches (54.7%)
  - Batch Acc: 25.00%, Running Acc: 60.74%
Validation progress: 85/156 batches (54.5%)
  - Elapsed: 2.7s, Estimated remaining: 2.2s
Validation: 90/156 batches (57.9%)
  - Batch Acc: 67.97%, Running Acc: 59.38%
Validation progress: 90/156 batches (57.7%)
  - Elapsed: 2.7s, Estimated remaining: 1.9s
Validation: 95/156 batches (61.1%)
  - Batch Acc: 88.28%, Running Acc: 59.92%
Validation progress: 95/156 batches (60.9%)
  - Elapsed: 2.7s, Estimated remaining: 1.7s
Validation: 100/156 batches (64.4%)
  - Batch Acc: 79.69%, Running Acc: 60.59%
Validation progress: 100/156 batches (64.1%)
  - Elapsed: 2.8s, Estimated remaining: 1.5s
Validation: 105/156 batches (67.6%)
  - Batch Acc: 71.09%, Running Acc: 61.14%
Validation progress: 105/156 batches (67.3%)
  - Elapsed: 2.8s, Estimated remaining: 1.3s
Validation: 110/156 batches (70.8%)
  - Batch Acc: 72.66%, Running Acc: 61.43%
Validation progress: 110/156 batches (70.5%)
  - Elapsed: 2.9s, Estimated remaining: 1.2s
Validation: 115/156 batches (74.0%)
  - Batch Acc: 0.00%, Running Acc: 60.23%
Validation progress: 115/156 batches (73.7%)
  - Elapsed: 2.9s, Estimated remaining: 1.0s
Validation: 120/156 batches (77.2%)
  - Batch Acc: 29.69%, Running Acc: 59.02%
Validation progress: 120/156 batches (76.9%)
  - Elapsed: 2.9s, Estimated remaining: 0.8s
Validation: 125/156 batches (80.5%)
  - Batch Acc: 36.72%, Running Acc: 58.57%
Validation progress: 125/156 batches (80.1%)
  - Elapsed: 3.0s, Estimated remaining: 0.7s
Validation: 130/156 batches (83.7%)
  - Batch Acc: 89.06%, Running Acc: 59.26%
Validation progress: 130/156 batches (83.3%)
  - Elapsed: 3.0s, Estimated remaining: 0.6s
Validation: 135/156 batches (86.9%)
  - Batch Acc: 85.94%, Running Acc: 60.47%
Validation progress: 135/156 batches (86.5%)
  - Elapsed: 3.0s, Estimated remaining: 0.4s
Validation: 140/156 batches (90.1%)
  - Batch Acc: 64.06%, Running Acc: 59.85%
Validation progress: 140/156 batches (89.7%)
  - Elapsed: 3.1s, Estimated remaining: 0.3s
Validation: 145/156 batches (93.3%)
  - Batch Acc: 95.31%, Running Acc: 60.13%
Validation progress: 145/156 batches (92.9%)
  - Elapsed: 3.1s, Estimated remaining: 0.2s
Validation: 150/156 batches (96.6%)
  - Batch Acc: 4.69%, Running Acc: 59.65%
Validation progress: 150/156 batches (96.2%)
  - Elapsed: 3.1s, Estimated remaining: 0.1s
Validation: 155/156 batches (99.8%)
  - Batch Acc: 87.50%, Running Acc: 60.18%
Validation progress: 155/156 batches (99.4%)
  - Elapsed: 3.2s, Estimated remaining: 0.0s
Validation: 156/156 batches (100.4%)
  - Batch Acc: 23.91%, Running Acc: 60.09%
Validation complete in 3.63s - Loss: 2.0178, Accuracy: 0.6009

==== Epoch 3/100 ====
Starting training phase...
Training on 79595 samples...
Training: 100/622 batches (16.1%)
  - Batch Acc: 98.44%, Running Acc: 97.52%
  - Loss: 0.0290, Grad Norm: 0.0996
  - Learning Rate: 0.001000
Training: 200/622 batches (32.2%)
  - Batch Acc: 97.66%, Running Acc: 97.55%
  - Loss: 0.0569, Grad Norm: 0.2615
  - Learning Rate: 0.001000
Training: 300/622 batches (48.2%)
  - Batch Acc: 99.22%, Running Acc: 97.52%
  - Loss: 0.0336, Grad Norm: 0.1559
  - Learning Rate: 0.001000
Training: 400/622 batches (64.3%)
  - Batch Acc: 93.75%, Running Acc: 97.44%
  - Loss: 0.1558, Grad Norm: 0.7743
  - Learning Rate: 0.001000
Training: 500/622 batches (80.4%)
  - Batch Acc: 97.66%, Running Acc: 97.49%
  - Loss: 0.0521, Grad Norm: 0.2016
  - Learning Rate: 0.001000
Training: 600/622 batches (96.5%)
  - Batch Acc: 95.31%, Running Acc: 97.56%
  - Loss: 0.1079, Grad Norm: 0.2229
  - Learning Rate: 0.001000
Training: 622/622 batches (100.0%)
  - Batch Acc: 93.46%, Running Acc: 97.56%
  - Loss: 0.1147, Grad Norm: 0.3532
  - Learning Rate: 0.001000

Training phase complete
Epoch Summary:
  - Average Loss: 0.0561
  - Average Accuracy: 97.56%
  - Average Grad Norm: 0.2753
  - Final Learning Rate: 0.001000
Starting validation phase...
Starting validation on 19886 samples...
Entering no_grad block for validation
Validation progress: 0/156 batches (0.0%)
  - Elapsed: 2.1s, Estimated remaining: 0.0s
Validation: 5/156 batches (3.2%)
  - Batch Acc: 29.69%, Running Acc: 51.41%
Validation progress: 5/156 batches (3.2%)
  - Elapsed: 2.1s, Estimated remaining: 52.3s
Validation: 10/156 batches (6.4%)
  - Batch Acc: 97.66%, Running Acc: 68.59%
Validation progress: 10/156 batches (6.4%)
  - Elapsed: 2.1s, Estimated remaining: 28.2s
Validation: 15/156 batches (9.7%)
  - Batch Acc: 92.97%, Running Acc: 58.91%
Validation progress: 15/156 batches (9.6%)
  - Elapsed: 2.2s, Estimated remaining: 18.9s
Validation: 20/156 batches (12.9%)
  - Batch Acc: 95.31%, Running Acc: 64.65%
Validation progress: 20/156 batches (12.8%)
  - Elapsed: 2.2s, Estimated remaining: 14.2s
Validation: 25/156 batches (16.1%)
  - Batch Acc: 41.41%, Running Acc: 63.88%
Validation progress: 25/156 batches (16.0%)
  - Elapsed: 2.2s, Estimated remaining: 11.2s
Validation: 30/156 batches (19.3%)
  - Batch Acc: 69.53%, Running Acc: 60.26%
Validation progress: 30/156 batches (19.2%)
  - Elapsed: 2.3s, Estimated remaining: 9.2s
Validation: 35/156 batches (22.5%)
  - Batch Acc: 100.00%, Running Acc: 63.46%
Validation progress: 35/156 batches (22.4%)
  - Elapsed: 2.3s, Estimated remaining: 7.7s
Validation: 40/156 batches (25.7%)
  - Batch Acc: 0.00%, Running Acc: 64.00%
Validation progress: 40/156 batches (25.6%)
  - Elapsed: 2.3s, Estimated remaining: 6.6s
Validation: 45/156 batches (29.0%)
  - Batch Acc: 100.00%, Running Acc: 63.61%
Validation progress: 45/156 batches (28.8%)
  - Elapsed: 2.4s, Estimated remaining: 5.7s
Validation: 50/156 batches (32.2%)
  - Batch Acc: 96.88%, Running Acc: 62.53%
Validation progress: 50/156 batches (32.1%)
  - Elapsed: 2.4s, Estimated remaining: 5.0s
Validation: 55/156 batches (35.4%)
  - Batch Acc: 95.31%, Running Acc: 63.68%
Validation progress: 55/156 batches (35.3%)
  - Elapsed: 2.5s, Estimated remaining: 4.4s
Validation: 60/156 batches (38.6%)
  - Batch Acc: 96.88%, Running Acc: 64.66%
Validation progress: 60/156 batches (38.5%)
  - Elapsed: 2.5s, Estimated remaining: 3.9s
Validation: 65/156 batches (41.8%)
  - Batch Acc: 75.00%, Running Acc: 64.63%
Validation progress: 65/156 batches (41.7%)
  - Elapsed: 2.5s, Estimated remaining: 3.4s
Validation: 70/156 batches (45.1%)
  - Batch Acc: 100.00%, Running Acc: 65.36%
Validation progress: 70/156 batches (44.9%)
  - Elapsed: 2.6s, Estimated remaining: 3.1s
Validation: 75/156 batches (48.3%)
  - Batch Acc: 61.72%, Running Acc: 65.36%
Validation progress: 75/156 batches (48.1%)
  - Elapsed: 2.6s, Estimated remaining: 2.7s
Validation: 80/156 batches (51.5%)
  - Batch Acc: 78.91%, Running Acc: 64.12%
Validation progress: 80/156 batches (51.3%)
  - Elapsed: 2.6s, Estimated remaining: 2.4s
Validation: 85/156 batches (54.7%)
  - Batch Acc: 90.62%, Running Acc: 63.70%
Validation progress: 85/156 batches (54.5%)
  - Elapsed: 2.7s, Estimated remaining: 2.2s
Validation: 90/156 batches (57.9%)
  - Batch Acc: 32.81%, Running Acc: 61.84%
Validation progress: 90/156 batches (57.7%)
  - Elapsed: 2.7s, Estimated remaining: 1.9s
Validation: 95/156 batches (61.1%)
  - Batch Acc: 46.88%, Running Acc: 60.52%
Validation progress: 95/156 batches (60.9%)
  - Elapsed: 2.8s, Estimated remaining: 1.7s
Validation: 100/156 batches (64.4%)
  - Batch Acc: 46.09%, Running Acc: 59.91%
Validation progress: 100/156 batches (64.1%)
  - Elapsed: 2.8s, Estimated remaining: 1.5s
Validation: 105/156 batches (67.6%)
  - Batch Acc: 67.97%, Running Acc: 59.87%
Validation progress: 105/156 batches (67.3%)
  - Elapsed: 2.8s, Estimated remaining: 1.3s
Validation: 110/156 batches (70.8%)
  - Batch Acc: 98.44%, Running Acc: 61.38%
Validation progress: 110/156 batches (70.5%)
  - Elapsed: 2.9s, Estimated remaining: 1.2s
Validation: 115/156 batches (74.0%)
  - Batch Acc: 67.97%, Running Acc: 61.63%
Validation progress: 115/156 batches (73.7%)
  - Elapsed: 2.9s, Estimated remaining: 1.0s
Validation: 120/156 batches (77.2%)
  - Batch Acc: 84.38%, Running Acc: 61.97%
Validation progress: 120/156 batches (76.9%)
  - Elapsed: 2.9s, Estimated remaining: 0.8s
Validation: 125/156 batches (80.5%)
  - Batch Acc: 71.88%, Running Acc: 62.63%
Validation progress: 125/156 batches (80.1%)
  - Elapsed: 3.0s, Estimated remaining: 0.7s
Validation: 130/156 batches (83.7%)
  - Batch Acc: 89.06%, Running Acc: 63.73%
Validation progress: 130/156 batches (83.3%)
  - Elapsed: 3.0s, Estimated remaining: 0.6s
Validation: 135/156 batches (86.9%)
  - Batch Acc: 57.81%, Running Acc: 64.07%
Validation progress: 135/156 batches (86.5%)
  - Elapsed: 3.0s, Estimated remaining: 0.4s
Validation: 140/156 batches (90.1%)
  - Batch Acc: 85.94%, Running Acc: 63.60%
Validation progress: 140/156 batches (89.7%)
  - Elapsed: 3.1s, Estimated remaining: 0.3s
Validation: 145/156 batches (93.3%)
  - Batch Acc: 90.62%, Running Acc: 64.06%
Validation progress: 145/156 batches (92.9%)
  - Elapsed: 3.1s, Estimated remaining: 0.2s
Validation: 150/156 batches (96.6%)
  - Batch Acc: 39.84%, Running Acc: 64.15%
Validation progress: 150/156 batches (96.2%)
  - Elapsed: 3.2s, Estimated remaining: 0.1s
Validation: 155/156 batches (99.8%)
  - Batch Acc: 68.75%, Running Acc: 64.64%
Validation progress: 155/156 batches (99.4%)
  - Elapsed: 3.2s, Estimated remaining: 0.0s
Validation: 156/156 batches (100.4%)
  - Batch Acc: 50.00%, Running Acc: 64.60%
Validation complete in 3.63s - Loss: 1.8477, Accuracy: 0.6460

==== Epoch 4/100 ====
Starting training phase...
Training on 79595 samples...
Training: 100/622 batches (16.1%)
  - Batch Acc: 96.88%, Running Acc: 97.72%
  - Loss: 0.0805, Grad Norm: 0.2856
  - Learning Rate: 0.001000
Training: 200/622 batches (32.2%)
  - Batch Acc: 97.66%, Running Acc: 97.73%
  - Loss: 0.0526, Grad Norm: 0.2293
  - Learning Rate: 0.001000
Training: 300/622 batches (48.2%)
  - Batch Acc: 96.09%, Running Acc: 97.64%
  - Loss: 0.0612, Grad Norm: 0.3028
  - Learning Rate: 0.001000
Training: 400/622 batches (64.3%)
  - Batch Acc: 99.22%, Running Acc: 97.66%
  - Loss: 0.0499, Grad Norm: 0.3041
  - Learning Rate: 0.001000
Training: 500/622 batches (80.4%)
  - Batch Acc: 98.44%, Running Acc: 97.71%
  - Loss: 0.0338, Grad Norm: 0.0930
  - Learning Rate: 0.001000
Training: 600/622 batches (96.5%)
  - Batch Acc: 100.00%, Running Acc: 97.77%
  - Loss: 0.0072, Grad Norm: 0.0436
  - Learning Rate: 0.001000
Training: 622/622 batches (100.0%)
  - Batch Acc: 99.07%, Running Acc: 97.78%
  - Loss: 0.0347, Grad Norm: 0.1224
  - Learning Rate: 0.001000

Training phase complete
Epoch Summary:
  - Average Loss: 0.0503
  - Average Accuracy: 97.78%
  - Average Grad Norm: 0.2291
  - Final Learning Rate: 0.001000
Starting validation phase...
Starting validation on 19886 samples...
Entering no_grad block for validation
Validation progress: 0/156 batches (0.0%)
  - Elapsed: 2.0s, Estimated remaining: 0.0s
Validation: 5/156 batches (3.2%)
  - Batch Acc: 0.00%, Running Acc: 34.06%
Validation progress: 5/156 batches (3.2%)
  - Elapsed: 2.1s, Estimated remaining: 52.7s
Validation: 10/156 batches (6.4%)
  - Batch Acc: 99.22%, Running Acc: 60.55%
Validation progress: 10/156 batches (6.4%)
  - Elapsed: 2.2s, Estimated remaining: 28.7s
Validation: 15/156 batches (9.7%)
  - Batch Acc: 98.44%, Running Acc: 59.17%
Validation progress: 15/156 batches (9.6%)
  - Elapsed: 2.2s, Estimated remaining: 19.2s
Validation: 20/156 batches (12.9%)
  - Batch Acc: 100.00%, Running Acc: 65.43%
Validation progress: 20/156 batches (12.8%)
  - Elapsed: 2.2s, Estimated remaining: 14.3s
Validation: 25/156 batches (16.1%)
  - Batch Acc: 52.34%, Running Acc: 65.88%
Validation progress: 25/156 batches (16.0%)
  - Elapsed: 2.3s, Estimated remaining: 11.3s
Validation: 30/156 batches (19.3%)
  - Batch Acc: 74.22%, Running Acc: 63.02%
Validation progress: 30/156 batches (19.2%)
  - Elapsed: 2.3s, Estimated remaining: 9.3s
Validation: 35/156 batches (22.5%)
  - Batch Acc: 100.00%, Running Acc: 65.31%
Validation progress: 35/156 batches (22.4%)
  - Elapsed: 2.3s, Estimated remaining: 7.8s
Validation: 40/156 batches (25.7%)
  - Batch Acc: 3.12%, Running Acc: 65.72%
Validation progress: 40/156 batches (25.6%)
  - Elapsed: 2.4s, Estimated remaining: 6.7s
Validation: 45/156 batches (29.0%)
  - Batch Acc: 100.00%, Running Acc: 64.27%
Validation progress: 45/156 batches (28.8%)
  - Elapsed: 2.4s, Estimated remaining: 5.8s
Validation: 50/156 batches (32.2%)
  - Batch Acc: 100.00%, Running Acc: 62.73%
Validation progress: 50/156 batches (32.1%)
  - Elapsed: 2.5s, Estimated remaining: 5.1s
Validation: 55/156 batches (35.4%)
  - Batch Acc: 100.00%, Running Acc: 64.93%
Validation progress: 55/156 batches (35.3%)
  - Elapsed: 2.5s, Estimated remaining: 4.5s
Validation: 60/156 batches (38.6%)
  - Batch Acc: 82.81%, Running Acc: 65.83%
Validation progress: 60/156 batches (38.5%)
  - Elapsed: 2.5s, Estimated remaining: 3.9s
Validation: 65/156 batches (41.8%)
  - Batch Acc: 75.78%, Running Acc: 66.59%
Validation progress: 65/156 batches (41.7%)
  - Elapsed: 2.6s, Estimated remaining: 3.5s
Validation: 70/156 batches (45.1%)
  - Batch Acc: 99.22%, Running Acc: 67.59%
Validation progress: 70/156 batches (44.9%)
  - Elapsed: 2.6s, Estimated remaining: 3.1s
Validation: 75/156 batches (48.3%)
  - Batch Acc: 74.22%, Running Acc: 67.76%
Validation progress: 75/156 batches (48.1%)
  - Elapsed: 2.6s, Estimated remaining: 2.8s
Validation: 80/156 batches (51.5%)
  - Batch Acc: 69.53%, Running Acc: 66.05%
Validation progress: 80/156 batches (51.3%)
  - Elapsed: 2.7s, Estimated remaining: 2.5s
Validation: 85/156 batches (54.7%)
  - Batch Acc: 82.03%, Running Acc: 65.58%
Validation progress: 85/156 batches (54.5%)
  - Elapsed: 2.7s, Estimated remaining: 2.2s
Validation: 90/156 batches (57.9%)
  - Batch Acc: 1.56%, Running Acc: 63.23%
Validation progress: 90/156 batches (57.7%)
  - Elapsed: 2.8s, Estimated remaining: 2.0s
Validation: 95/156 batches (61.1%)
  - Batch Acc: 42.97%, Running Acc: 61.46%
Validation progress: 95/156 batches (60.9%)
  - Elapsed: 2.8s, Estimated remaining: 1.7s
Validation: 100/156 batches (64.4%)
  - Batch Acc: 25.78%, Running Acc: 60.10%
Validation progress: 100/156 batches (64.1%)
  - Elapsed: 2.8s, Estimated remaining: 1.5s
Validation: 105/156 batches (67.6%)
  - Batch Acc: 52.34%, Running Acc: 59.61%
Validation progress: 105/156 batches (67.3%)
  - Elapsed: 2.9s, Estimated remaining: 1.4s
Validation: 110/156 batches (70.8%)
  - Batch Acc: 76.56%, Running Acc: 60.92%
Validation progress: 110/156 batches (70.5%)
  - Elapsed: 2.9s, Estimated remaining: 1.2s
Validation: 115/156 batches (74.0%)
  - Batch Acc: 74.22%, Running Acc: 61.34%
Validation progress: 115/156 batches (73.7%)
  - Elapsed: 2.9s, Estimated remaining: 1.0s
Validation: 120/156 batches (77.2%)
  - Batch Acc: 98.44%, Running Acc: 62.17%
Validation progress: 120/156 batches (76.9%)
  - Elapsed: 3.0s, Estimated remaining: 0.9s
Validation: 125/156 batches (80.5%)
  - Batch Acc: 89.84%, Running Acc: 63.08%
Validation progress: 125/156 batches (80.1%)
  - Elapsed: 3.0s, Estimated remaining: 0.7s
Validation: 130/156 batches (83.7%)
  - Batch Acc: 91.41%, Running Acc: 64.16%
Validation progress: 130/156 batches (83.3%)
  - Elapsed: 3.1s, Estimated remaining: 0.6s
Validation: 135/156 batches (86.9%)
  - Batch Acc: 45.31%, Running Acc: 63.63%
Validation progress: 135/156 batches (86.5%)
  - Elapsed: 3.1s, Estimated remaining: 0.5s
Validation: 140/156 batches (90.1%)
  - Batch Acc: 88.28%, Running Acc: 63.97%
Validation progress: 140/156 batches (89.7%)
  - Elapsed: 3.1s, Estimated remaining: 0.3s
Validation: 145/156 batches (93.3%)
  - Batch Acc: 85.16%, Running Acc: 64.55%
Validation progress: 145/156 batches (92.9%)
  - Elapsed: 3.2s, Estimated remaining: 0.2s
Validation: 150/156 batches (96.6%)
  - Batch Acc: 58.59%, Running Acc: 64.70%
Validation progress: 150/156 batches (96.2%)
  - Elapsed: 3.2s, Estimated remaining: 0.1s
Validation: 155/156 batches (99.8%)
  - Batch Acc: 65.62%, Running Acc: 65.12%
Validation progress: 155/156 batches (99.4%)
  - Elapsed: 3.2s, Estimated remaining: 0.0s
Validation: 156/156 batches (100.4%)
  - Batch Acc: 82.61%, Running Acc: 65.16%
Validation complete in 3.71s - Loss: 2.0350, Accuracy: 0.6516

==== Epoch 5/100 ====
Starting training phase...
Training on 79595 samples...
Training: 100/622 batches (16.1%)
  - Batch Acc: 100.00%, Running Acc: 98.16%
  - Loss: 0.0120, Grad Norm: 0.0612
  - Learning Rate: 0.001000
Training: 200/622 batches (32.2%)
  - Batch Acc: 94.53%, Running Acc: 98.10%
  - Loss: 0.1040, Grad Norm: 0.3036
  - Learning Rate: 0.001000
Training: 300/622 batches (48.2%)
  - Batch Acc: 95.31%, Running Acc: 98.03%
  - Loss: 0.0825, Grad Norm: 0.5169
  - Learning Rate: 0.001000
Training: 400/622 batches (64.3%)
  - Batch Acc: 100.00%, Running Acc: 98.00%
  - Loss: 0.0104, Grad Norm: 0.0524
  - Learning Rate: 0.001000
Training: 500/622 batches (80.4%)
  - Batch Acc: 97.66%, Running Acc: 98.03%
  - Loss: 0.0640, Grad Norm: 0.3387
  - Learning Rate: 0.001000
Training: 600/622 batches (96.5%)
  - Batch Acc: 98.44%, Running Acc: 98.03%
  - Loss: 0.0364, Grad Norm: 0.0609
  - Learning Rate: 0.001000
Training: 622/622 batches (100.0%)
  - Batch Acc: 98.13%, Running Acc: 98.04%
  - Loss: 0.0302, Grad Norm: 0.1163
  - Learning Rate: 0.001000

Training phase complete
Epoch Summary:
  - Average Loss: 0.0432
  - Average Accuracy: 98.04%
  - Average Grad Norm: 0.1871
  - Final Learning Rate: 0.001000
Starting validation phase...
Starting validation on 19886 samples...
Entering no_grad block for validation
Validation progress: 0/156 batches (0.0%)
  - Elapsed: 2.0s, Estimated remaining: 0.0s
Validation: 5/156 batches (3.2%)
  - Batch Acc: 59.38%, Running Acc: 75.62%
Validation progress: 5/156 batches (3.2%)
  - Elapsed: 2.1s, Estimated remaining: 52.6s
Validation: 10/156 batches (6.4%)
  - Batch Acc: 56.25%, Running Acc: 68.59%
Validation progress: 10/156 batches (6.4%)
  - Elapsed: 2.1s, Estimated remaining: 28.3s
Validation: 15/156 batches (9.7%)
  - Batch Acc: 97.66%, Running Acc: 60.10%
Validation progress: 15/156 batches (9.6%)
  - Elapsed: 2.2s, Estimated remaining: 19.0s
Validation: 20/156 batches (12.9%)
  - Batch Acc: 94.53%, Running Acc: 65.43%
Validation progress: 20/156 batches (12.8%)
  - Elapsed: 2.2s, Estimated remaining: 14.2s
Validation: 25/156 batches (16.1%)
  - Batch Acc: 54.69%, Running Acc: 61.84%
Validation progress: 25/156 batches (16.0%)
  - Elapsed: 2.2s, Estimated remaining: 11.2s
Validation: 30/156 batches (19.3%)
  - Batch Acc: 36.72%, Running Acc: 57.34%
Validation progress: 30/156 batches (19.2%)
  - Elapsed: 2.3s, Estimated remaining: 9.2s
Validation: 35/156 batches (22.5%)
  - Batch Acc: 100.00%, Running Acc: 61.76%
Validation progress: 35/156 batches (22.4%)
  - Elapsed: 2.3s, Estimated remaining: 7.7s
Validation: 40/156 batches (25.7%)
  - Batch Acc: 6.25%, Running Acc: 62.71%
Validation progress: 40/156 batches (25.6%)
  - Elapsed: 2.4s, Estimated remaining: 6.6s
Validation: 45/156 batches (29.0%)
  - Batch Acc: 98.44%, Running Acc: 64.15%
Validation progress: 45/156 batches (28.8%)
  - Elapsed: 2.4s, Estimated remaining: 5.8s
Validation: 50/156 batches (32.2%)
  - Batch Acc: 92.19%, Running Acc: 63.53%
Validation progress: 50/156 batches (32.1%)
  - Elapsed: 2.4s, Estimated remaining: 5.0s
Validation: 55/156 batches (35.4%)
  - Batch Acc: 98.44%, Running Acc: 63.74%
Validation progress: 55/156 batches (35.3%)
  - Elapsed: 2.5s, Estimated remaining: 4.4s
Validation: 60/156 batches (38.6%)
  - Batch Acc: 89.06%, Running Acc: 65.16%
Validation progress: 60/156 batches (38.5%)
  - Elapsed: 2.5s, Estimated remaining: 3.9s
Validation: 65/156 batches (41.8%)
  - Batch Acc: 55.47%, Running Acc: 64.04%
Validation progress: 65/156 batches (41.7%)
  - Elapsed: 2.5s, Estimated remaining: 3.5s
Validation: 70/156 batches (45.1%)
  - Batch Acc: 95.31%, Running Acc: 63.97%
Validation progress: 70/156 batches (44.9%)
  - Elapsed: 2.6s, Estimated remaining: 3.1s
Validation: 75/156 batches (48.3%)
  - Batch Acc: 64.06%, Running Acc: 62.61%
Validation progress: 75/156 batches (48.1%)
  - Elapsed: 2.6s, Estimated remaining: 2.8s
Validation: 80/156 batches (51.5%)
  - Batch Acc: 89.06%, Running Acc: 62.23%
Validation progress: 80/156 batches (51.3%)
  - Elapsed: 2.7s, Estimated remaining: 2.5s
Validation: 85/156 batches (54.7%)
  - Batch Acc: 31.25%, Running Acc: 61.86%
Validation progress: 85/156 batches (54.5%)
  - Elapsed: 2.7s, Estimated remaining: 2.2s
Validation: 90/156 batches (57.9%)
  - Batch Acc: 40.62%, Running Acc: 60.13%
Validation progress: 90/156 batches (57.7%)
  - Elapsed: 2.7s, Estimated remaining: 2.0s
Validation: 95/156 batches (61.1%)
  - Batch Acc: 49.22%, Running Acc: 59.77%
Validation progress: 95/156 batches (60.9%)
  - Elapsed: 2.8s, Estimated remaining: 1.7s
Validation: 100/156 batches (64.4%)
  - Batch Acc: 78.91%, Running Acc: 60.04%
Validation progress: 100/156 batches (64.1%)
  - Elapsed: 2.8s, Estimated remaining: 1.5s
Validation: 105/156 batches (67.6%)
  - Batch Acc: 65.62%, Running Acc: 60.22%
Validation progress: 105/156 batches (67.3%)
  - Elapsed: 2.9s, Estimated remaining: 1.3s
Validation: 110/156 batches (70.8%)
  - Batch Acc: 82.03%, Running Acc: 61.03%
Validation progress: 110/156 batches (70.5%)
  - Elapsed: 2.9s, Estimated remaining: 1.2s
Validation: 115/156 batches (74.0%)
  - Batch Acc: 7.81%, Running Acc: 60.05%
Validation progress: 115/156 batches (73.7%)
  - Elapsed: 2.9s, Estimated remaining: 1.0s
Validation: 120/156 batches (77.2%)
  - Batch Acc: 41.41%, Running Acc: 59.23%
Validation progress: 120/156 batches (76.9%)
  - Elapsed: 3.0s, Estimated remaining: 0.9s
Validation: 125/156 batches (80.5%)
  - Batch Acc: 65.62%, Running Acc: 59.14%
Validation progress: 125/156 batches (80.1%)
  - Elapsed: 3.0s, Estimated remaining: 0.7s
Validation: 130/156 batches (83.7%)
  - Batch Acc: 89.06%, Running Acc: 59.87%
Validation progress: 130/156 batches (83.3%)
  - Elapsed: 3.0s, Estimated remaining: 0.6s
Validation: 135/156 batches (86.9%)
  - Batch Acc: 83.59%, Running Acc: 61.07%
Validation progress: 135/156 batches (86.5%)
  - Elapsed: 3.1s, Estimated remaining: 0.5s
Validation: 140/156 batches (90.1%)
  - Batch Acc: 68.75%, Running Acc: 60.45%
Validation progress: 140/156 batches (89.7%)
  - Elapsed: 3.1s, Estimated remaining: 0.3s
Validation: 145/156 batches (93.3%)
  - Batch Acc: 92.19%, Running Acc: 60.72%
Validation progress: 145/156 batches (92.9%)
  - Elapsed: 3.2s, Estimated remaining: 0.2s
Validation: 150/156 batches (96.6%)
  - Batch Acc: 28.12%, Running Acc: 60.75%
Validation progress: 150/156 batches (96.2%)
  - Elapsed: 3.2s, Estimated remaining: 0.1s
Validation: 155/156 batches (99.8%)
  - Batch Acc: 94.53%, Running Acc: 61.37%
Validation progress: 155/156 batches (99.4%)
  - Elapsed: 3.2s, Estimated remaining: 0.0s
Validation: 156/156 batches (100.4%)
  - Batch Acc: 41.30%, Running Acc: 61.32%
Validation complete in 3.68s - Loss: 2.3291, Accuracy: 0.6132

==== Epoch 6/100 ====
Starting training phase...
Training on 79595 samples...
Training: 100/622 batches (16.1%)
  - Batch Acc: 96.88%, Running Acc: 97.99%
  - Loss: 0.0873, Grad Norm: 0.4971
  - Learning Rate: 0.001000
Training: 200/622 batches (32.2%)
  - Batch Acc: 99.22%, Running Acc: 97.95%
  - Loss: 0.0179, Grad Norm: 0.2485
  - Learning Rate: 0.001000
Training: 300/622 batches (48.2%)
  - Batch Acc: 97.66%, Running Acc: 97.94%
  - Loss: 0.0475, Grad Norm: 0.1861
  - Learning Rate: 0.001000
Training: 400/622 batches (64.3%)
  - Batch Acc: 97.66%, Running Acc: 97.91%
  - Loss: 0.0410, Grad Norm: 0.1419
  - Learning Rate: 0.001000
Training: 500/622 batches (80.4%)
  - Batch Acc: 94.53%, Running Acc: 97.89%
  - Loss: 0.1066, Grad Norm: 0.4045
  - Learning Rate: 0.001000
Training: 600/622 batches (96.5%)
  - Batch Acc: 97.66%, Running Acc: 97.93%
  - Loss: 0.0414, Grad Norm: 0.2534
  - Learning Rate: 0.001000
Training: 622/622 batches (100.0%)
  - Batch Acc: 97.20%, Running Acc: 97.94%
  - Loss: 0.0335, Grad Norm: 0.0892
  - Learning Rate: 0.001000

Training phase complete
Epoch Summary:
  - Average Loss: 0.0457
  - Average Accuracy: 97.94%
  - Average Grad Norm: 0.1892
  - Final Learning Rate: 0.001000
Starting validation phase...
Starting validation on 19886 samples...
Entering no_grad block for validation
Validation progress: 0/156 batches (0.0%)
  - Elapsed: 2.1s, Estimated remaining: 0.0s
Validation: 5/156 batches (3.2%)
  - Batch Acc: 14.06%, Running Acc: 52.34%
Validation progress: 5/156 batches (3.2%)
  - Elapsed: 2.1s, Estimated remaining: 53.1s
Validation: 10/156 batches (6.4%)
  - Batch Acc: 96.09%, Running Acc: 66.02%
Validation progress: 10/156 batches (6.4%)
  - Elapsed: 2.2s, Estimated remaining: 28.5s
Validation: 15/156 batches (9.7%)
  - Batch Acc: 97.66%, Running Acc: 61.15%
Validation progress: 15/156 batches (9.6%)
  - Elapsed: 2.2s, Estimated remaining: 19.2s
Validation: 20/156 batches (12.9%)
  - Batch Acc: 94.53%, Running Acc: 67.27%
Validation progress: 20/156 batches (12.8%)
  - Elapsed: 2.2s, Estimated remaining: 14.4s
Validation: 25/156 batches (16.1%)
  - Batch Acc: 40.62%, Running Acc: 65.78%
Validation progress: 25/156 batches (16.0%)
  - Elapsed: 2.3s, Estimated remaining: 11.3s
Validation: 30/156 batches (19.3%)
  - Batch Acc: 64.84%, Running Acc: 61.67%
Validation progress: 30/156 batches (19.2%)
  - Elapsed: 2.3s, Estimated remaining: 9.3s
Validation: 35/156 batches (22.5%)
  - Batch Acc: 100.00%, Running Acc: 63.19%
Validation progress: 35/156 batches (22.4%)
  - Elapsed: 2.3s, Estimated remaining: 7.8s
Validation: 40/156 batches (25.7%)
  - Batch Acc: 0.00%, Running Acc: 63.77%
Validation progress: 40/156 batches (25.6%)
  - Elapsed: 2.4s, Estimated remaining: 6.7s
Validation: 45/156 batches (29.0%)
  - Batch Acc: 100.00%, Running Acc: 63.09%
Validation progress: 45/156 batches (28.8%)
  - Elapsed: 2.4s, Estimated remaining: 5.8s
Validation: 50/156 batches (32.2%)
  - Batch Acc: 99.22%, Running Acc: 61.30%
Validation progress: 50/156 batches (32.1%)
  - Elapsed: 2.5s, Estimated remaining: 5.1s
Validation: 55/156 batches (35.4%)
  - Batch Acc: 100.00%, Running Acc: 63.62%
Validation progress: 55/156 batches (35.3%)
  - Elapsed: 2.5s, Estimated remaining: 4.5s
Validation: 60/156 batches (38.6%)
  - Batch Acc: 97.66%, Running Acc: 65.39%
Validation progress: 60/156 batches (38.5%)
  - Elapsed: 2.5s, Estimated remaining: 4.0s
Validation: 65/156 batches (41.8%)
  - Batch Acc: 98.44%, Running Acc: 66.21%
Validation progress: 65/156 batches (41.7%)
  - Elapsed: 2.6s, Estimated remaining: 3.5s
Validation: 70/156 batches (45.1%)
  - Batch Acc: 97.66%, Running Acc: 66.46%
Validation progress: 70/156 batches (44.9%)
  - Elapsed: 2.6s, Estimated remaining: 3.1s
Validation: 75/156 batches (48.3%)
  - Batch Acc: 75.00%, Running Acc: 66.16%
Validation progress: 75/156 batches (48.1%)
  - Elapsed: 2.7s, Estimated remaining: 2.8s
Validation: 80/156 batches (51.5%)
  - Batch Acc: 67.19%, Running Acc: 64.26%
Validation progress: 80/156 batches (51.3%)
  - Elapsed: 2.7s, Estimated remaining: 2.5s
Validation: 85/156 batches (54.7%)
  - Batch Acc: 82.03%, Running Acc: 63.49%
Validation progress: 85/156 batches (54.5%)
  - Elapsed: 2.7s, Estimated remaining: 2.2s
Validation: 90/156 batches (57.9%)
  - Batch Acc: 37.50%, Running Acc: 61.70%
Validation progress: 90/156 batches (57.7%)
  - Elapsed: 2.8s, Estimated remaining: 2.0s
Validation: 95/156 batches (61.1%)
  - Batch Acc: 44.53%, Running Acc: 60.32%
Validation progress: 95/156 batches (60.9%)
  - Elapsed: 2.8s, Estimated remaining: 1.8s
Validation: 100/156 batches (64.4%)
  - Batch Acc: 39.06%, Running Acc: 59.42%
Validation progress: 100/156 batches (64.1%)
  - Elapsed: 2.9s, Estimated remaining: 1.6s
Validation: 105/156 batches (67.6%)
  - Batch Acc: 63.28%, Running Acc: 59.51%
Validation progress: 105/156 batches (67.3%)
  - Elapsed: 2.9s, Estimated remaining: 1.4s
Validation: 110/156 batches (70.8%)
  - Batch Acc: 93.75%, Running Acc: 60.93%
Validation progress: 110/156 batches (70.5%)
  - Elapsed: 2.9s, Estimated remaining: 1.2s
Validation: 115/156 batches (74.0%)
  - Batch Acc: 72.66%, Running Acc: 61.09%
Validation progress: 115/156 batches (73.7%)
  - Elapsed: 3.0s, Estimated remaining: 1.0s
Validation: 120/156 batches (77.2%)
  - Batch Acc: 90.62%, Running Acc: 61.93%
Validation progress: 120/156 batches (76.9%)
  - Elapsed: 3.0s, Estimated remaining: 0.9s
Validation: 125/156 batches (80.5%)
  - Batch Acc: 89.84%, Running Acc: 62.76%
Validation progress: 125/156 batches (80.1%)
  - Elapsed: 3.1s, Estimated remaining: 0.7s
Validation: 130/156 batches (83.7%)
  - Batch Acc: 91.41%, Running Acc: 63.98%
Validation progress: 130/156 batches (83.3%)
  - Elapsed: 3.1s, Estimated remaining: 0.6s
Validation: 135/156 batches (86.9%)
  - Batch Acc: 60.94%, Running Acc: 64.10%
Validation progress: 135/156 batches (86.5%)
  - Elapsed: 3.1s, Estimated remaining: 0.5s
Validation: 140/156 batches (90.1%)
  - Batch Acc: 85.16%, Running Acc: 64.02%
Validation progress: 140/156 batches (89.7%)
  - Elapsed: 3.2s, Estimated remaining: 0.3s
Validation: 145/156 batches (93.3%)
  - Batch Acc: 83.59%, Running Acc: 64.43%
Validation progress: 145/156 batches (92.9%)
  - Elapsed: 3.2s, Estimated remaining: 0.2s
Validation: 150/156 batches (96.6%)
  - Batch Acc: 55.47%, Running Acc: 64.67%
Validation progress: 150/156 batches (96.2%)
  - Elapsed: 3.2s, Estimated remaining: 0.1s
Validation: 155/156 batches (99.8%)
  - Batch Acc: 92.97%, Running Acc: 65.26%
Validation progress: 155/156 batches (99.4%)
  - Elapsed: 3.3s, Estimated remaining: 0.0s
Validation: 156/156 batches (100.4%)
  - Batch Acc: 41.30%, Running Acc: 65.20%
Validation complete in 3.74s - Loss: 2.1414, Accuracy: 0.6520

==== Epoch 7/100 ====
Starting training phase...
Training on 79595 samples...
Training: 100/622 batches (16.1%)
  - Batch Acc: 98.44%, Running Acc: 98.39%
  - Loss: 0.0328, Grad Norm: 0.0664
  - Learning Rate: 0.001000
Training: 200/622 batches (32.2%)
  - Batch Acc: 97.66%, Running Acc: 98.39%
  - Loss: 0.0465, Grad Norm: 0.1559
  - Learning Rate: 0.001000
Training: 300/622 batches (48.2%)
  - Batch Acc: 95.31%, Running Acc: 98.27%
  - Loss: 0.0728, Grad Norm: 0.0951
  - Learning Rate: 0.001000
Training: 400/622 batches (64.3%)
  - Batch Acc: 98.44%, Running Acc: 98.19%
  - Loss: 0.0337, Grad Norm: 0.1141
  - Learning Rate: 0.001000
Training: 500/622 batches (80.4%)
  - Batch Acc: 99.22%, Running Acc: 98.18%
  - Loss: 0.0304, Grad Norm: 0.0488
  - Learning Rate: 0.001000
Training: 600/622 batches (96.5%)
  - Batch Acc: 97.66%, Running Acc: 98.14%
  - Loss: 0.0604, Grad Norm: 0.1425
  - Learning Rate: 0.001000
Training: 622/622 batches (100.0%)
  - Batch Acc: 98.13%, Running Acc: 98.13%
  - Loss: 0.0386, Grad Norm: 0.0929
  - Learning Rate: 0.001000

Training phase complete
Epoch Summary:
  - Average Loss: 0.0412
  - Average Accuracy: 98.13%
  - Average Grad Norm: 0.1537
  - Final Learning Rate: 0.001000
Starting validation phase...
Starting validation on 19886 samples...
Entering no_grad block for validation
Validation progress: 0/156 batches (0.0%)
  - Elapsed: 2.0s, Estimated remaining: 0.0s
Validation: 5/156 batches (3.2%)
  - Batch Acc: 0.00%, Running Acc: 46.56%
Validation progress: 5/156 batches (3.2%)
  - Elapsed: 2.1s, Estimated remaining: 52.8s
Validation: 10/156 batches (6.4%)
  - Batch Acc: 98.44%, Running Acc: 63.83%
Validation progress: 10/156 batches (6.4%)
  - Elapsed: 2.2s, Estimated remaining: 28.6s
Validation: 15/156 batches (9.7%)
  - Batch Acc: 98.44%, Running Acc: 60.36%
Validation progress: 15/156 batches (9.6%)
  - Elapsed: 2.2s, Estimated remaining: 19.1s
Validation: 20/156 batches (12.9%)
  - Batch Acc: 85.94%, Running Acc: 65.66%
Validation progress: 20/156 batches (12.8%)
  - Elapsed: 2.2s, Estimated remaining: 14.3s
Validation: 25/156 batches (16.1%)
  - Batch Acc: 73.44%, Running Acc: 65.56%
Validation progress: 25/156 batches (16.0%)
  - Elapsed: 2.3s, Estimated remaining: 11.4s
Validation: 30/156 batches (19.3%)
  - Batch Acc: 46.09%, Running Acc: 61.88%
Validation progress: 30/156 batches (19.2%)
  - Elapsed: 2.3s, Estimated remaining: 9.4s
Validation: 35/156 batches (22.5%)
  - Batch Acc: 100.00%, Running Acc: 64.78%
Validation progress: 35/156 batches (22.4%)
  - Elapsed: 2.4s, Estimated remaining: 7.9s
Validation: 40/156 batches (25.7%)
  - Batch Acc: 10.94%, Running Acc: 65.43%
Validation progress: 40/156 batches (25.6%)
  - Elapsed: 2.4s, Estimated remaining: 6.8s
Validation: 45/156 batches (29.0%)
  - Batch Acc: 100.00%, Running Acc: 63.99%
Validation progress: 45/156 batches (28.8%)
  - Elapsed: 2.5s, Estimated remaining: 5.9s
Validation: 50/156 batches (32.2%)
  - Batch Acc: 98.44%, Running Acc: 62.97%
Validation progress: 50/156 batches (32.1%)
  - Elapsed: 2.5s, Estimated remaining: 5.2s
Validation: 55/156 batches (35.4%)
  - Batch Acc: 86.72%, Running Acc: 64.35%
Validation progress: 55/156 batches (35.3%)
  - Elapsed: 2.6s, Estimated remaining: 4.6s
Validation: 60/156 batches (38.6%)
  - Batch Acc: 86.72%, Running Acc: 65.46%
Validation progress: 60/156 batches (38.5%)
  - Elapsed: 2.6s, Estimated remaining: 4.0s
Validation: 65/156 batches (41.8%)
  - Batch Acc: 76.56%, Running Acc: 65.84%
Validation progress: 65/156 batches (41.7%)
  - Elapsed: 2.6s, Estimated remaining: 3.6s
Validation: 70/156 batches (45.1%)
  - Batch Acc: 100.00%, Running Acc: 66.48%
Validation progress: 70/156 batches (44.9%)
  - Elapsed: 2.7s, Estimated remaining: 3.2s
Validation: 75/156 batches (48.3%)
  - Batch Acc: 81.25%, Running Acc: 66.49%
Validation progress: 75/156 batches (48.1%)
  - Elapsed: 2.7s, Estimated remaining: 2.9s
Validation: 80/156 batches (51.5%)
  - Batch Acc: 63.28%, Running Acc: 65.07%
Validation progress: 80/156 batches (51.3%)
  - Elapsed: 2.8s, Estimated remaining: 2.6s
Validation: 85/156 batches (54.7%)
  - Batch Acc: 89.84%, Running Acc: 64.74%
Validation progress: 85/156 batches (54.5%)
  - Elapsed: 2.8s, Estimated remaining: 2.3s
Validation: 90/156 batches (57.9%)
  - Batch Acc: 20.31%, Running Acc: 62.85%
Validation progress: 90/156 batches (57.7%)
  - Elapsed: 2.9s, Estimated remaining: 2.1s
Validation: 95/156 batches (61.1%)
  - Batch Acc: 37.50%, Running Acc: 61.43%
Validation progress: 95/156 batches (60.9%)
  - Elapsed: 2.9s, Estimated remaining: 1.8s
Validation: 100/156 batches (64.4%)
  - Batch Acc: 19.53%, Running Acc: 60.11%
Validation progress: 100/156 batches (64.1%)
  - Elapsed: 3.0s, Estimated remaining: 1.6s
Validation: 105/156 batches (67.6%)
  - Batch Acc: 60.16%, Running Acc: 59.58%
Validation progress: 105/156 batches (67.3%)
  - Elapsed: 3.0s, Estimated remaining: 1.4s
Validation: 110/156 batches (70.8%)
  - Batch Acc: 76.56%, Running Acc: 60.45%
Validation progress: 110/156 batches (70.5%)
  - Elapsed: 3.1s, Estimated remaining: 1.2s
Validation: 115/156 batches (74.0%)
  - Batch Acc: 69.53%, Running Acc: 60.84%
Validation progress: 115/156 batches (73.7%)
  - Elapsed: 3.1s, Estimated remaining: 1.1s
Validation: 120/156 batches (77.2%)
  - Batch Acc: 92.97%, Running Acc: 61.73%
Validation progress: 120/156 batches (76.9%)
  - Elapsed: 3.2s, Estimated remaining: 0.9s
Validation: 125/156 batches (80.5%)
  - Batch Acc: 82.03%, Running Acc: 62.56%
Validation progress: 125/156 batches (80.1%)
  - Elapsed: 3.2s, Estimated remaining: 0.8s
Validation: 130/156 batches (83.7%)
  - Batch Acc: 92.97%, Running Acc: 63.73%
Validation progress: 130/156 batches (83.3%)
  - Elapsed: 3.2s, Estimated remaining: 0.6s
Validation: 135/156 batches (86.9%)
  - Batch Acc: 68.75%, Running Acc: 63.41%
Validation progress: 135/156 batches (86.5%)
  - Elapsed: 3.3s, Estimated remaining: 0.5s
Validation: 140/156 batches (90.1%)
  - Batch Acc: 85.16%, Running Acc: 63.33%
Validation progress: 140/156 batches (89.7%)
  - Elapsed: 3.3s, Estimated remaining: 0.4s
Validation: 145/156 batches (93.3%)
  - Batch Acc: 92.19%, Running Acc: 63.91%
Validation progress: 145/156 batches (92.9%)
  - Elapsed: 3.4s, Estimated remaining: 0.2s
Validation: 150/156 batches (96.6%)
  - Batch Acc: 64.06%, Running Acc: 64.21%
Validation progress: 150/156 batches (96.2%)
  - Elapsed: 3.4s, Estimated remaining: 0.1s
Validation: 155/156 batches (99.8%)
  - Batch Acc: 95.31%, Running Acc: 64.74%
Validation progress: 155/156 batches (99.4%)
  - Elapsed: 3.5s, Estimated remaining: 0.0s
Validation: 156/156 batches (100.4%)
  - Batch Acc: 41.30%, Running Acc: 64.68%
Validation complete in 3.94s - Loss: 2.0442, Accuracy: 0.6468

==== Epoch 8/100 ====
Starting training phase...
Training on 79595 samples...
Training: 100/622 batches (16.1%)
  - Batch Acc: 98.44%, Running Acc: 98.25%
  - Loss: 0.0810, Grad Norm: 0.2403
  - Learning Rate: 0.001000
Training: 200/622 batches (32.2%)
  - Batch Acc: 98.44%, Running Acc: 98.21%
  - Loss: 0.0388, Grad Norm: 0.2980
  - Learning Rate: 0.001000
Training: 300/622 batches (48.2%)
  - Batch Acc: 100.00%, Running Acc: 98.08%
  - Loss: 0.0174, Grad Norm: 0.1104
  - Learning Rate: 0.001000
Training: 400/622 batches (64.3%)
  - Batch Acc: 97.66%, Running Acc: 98.11%
  - Loss: 0.0456, Grad Norm: 0.2393
  - Learning Rate: 0.001000
Training: 500/622 batches (80.4%)
  - Batch Acc: 99.22%, Running Acc: 98.10%
  - Loss: 0.0255, Grad Norm: 0.1343
  - Learning Rate: 0.001000
Training: 600/622 batches (96.5%)
  - Batch Acc: 97.66%, Running Acc: 98.12%
  - Loss: 0.0415, Grad Norm: 0.1767
  - Learning Rate: 0.001000
Training: 622/622 batches (100.0%)
  - Batch Acc: 98.13%, Running Acc: 98.13%
  - Loss: 0.0279, Grad Norm: 0.0633
  - Learning Rate: 0.001000

Training phase complete
Epoch Summary:
  - Average Loss: 0.0408
  - Average Accuracy: 98.13%
  - Average Grad Norm: 0.1404
  - Final Learning Rate: 0.001000
Starting validation phase...
Starting validation on 19886 samples...
Entering no_grad block for validation
Validation progress: 0/156 batches (0.0%)
  - Elapsed: 2.1s, Estimated remaining: 0.0s
Validation: 5/156 batches (3.2%)
  - Batch Acc: 3.12%, Running Acc: 38.75%
Validation progress: 5/156 batches (3.2%)
  - Elapsed: 2.2s, Estimated remaining: 54.1s
Validation: 10/156 batches (6.4%)
  - Batch Acc: 97.66%, Running Acc: 59.45%
Validation progress: 10/156 batches (6.4%)
  - Elapsed: 2.2s, Estimated remaining: 29.0s
Validation: 15/156 batches (9.7%)
  - Batch Acc: 90.62%, Running Acc: 54.90%
Validation progress: 15/156 batches (9.6%)
  - Elapsed: 2.2s, Estimated remaining: 19.6s
Validation: 20/156 batches (12.9%)
  - Batch Acc: 88.28%, Running Acc: 61.72%
Validation progress: 20/156 batches (12.8%)
  - Elapsed: 2.3s, Estimated remaining: 14.7s
Validation: 25/156 batches (16.1%)
  - Batch Acc: 51.56%, Running Acc: 62.16%
Validation progress: 25/156 batches (16.0%)
  - Elapsed: 2.3s, Estimated remaining: 11.7s
Validation: 30/156 batches (19.3%)
  - Batch Acc: 71.09%, Running Acc: 58.41%
Validation progress: 30/156 batches (19.2%)
  - Elapsed: 2.4s, Estimated remaining: 9.6s
Validation: 35/156 batches (22.5%)
  - Batch Acc: 100.00%, Running Acc: 61.79%
Validation progress: 35/156 batches (22.4%)
  - Elapsed: 2.4s, Estimated remaining: 8.0s
Validation: 40/156 batches (25.7%)
  - Batch Acc: 7.03%, Running Acc: 62.71%
Validation progress: 40/156 batches (25.6%)
  - Elapsed: 2.4s, Estimated remaining: 6.9s
Validation: 45/156 batches (29.0%)
  - Batch Acc: 91.41%, Running Acc: 62.92%
Validation progress: 45/156 batches (28.8%)
  - Elapsed: 2.5s, Estimated remaining: 5.9s
Validation: 50/156 batches (32.2%)
  - Batch Acc: 100.00%, Running Acc: 62.56%
Validation progress: 50/156 batches (32.1%)
  - Elapsed: 2.5s, Estimated remaining: 5.2s
Validation: 55/156 batches (35.4%)
  - Batch Acc: 100.00%, Running Acc: 64.03%
Validation progress: 55/156 batches (35.3%)
  - Elapsed: 2.6s, Estimated remaining: 4.6s
Validation: 60/156 batches (38.6%)
  - Batch Acc: 86.72%, Running Acc: 64.97%
Validation progress: 60/156 batches (38.5%)
  - Elapsed: 2.6s, Estimated remaining: 4.1s
Validation: 65/156 batches (41.8%)
  - Batch Acc: 73.44%, Running Acc: 65.25%
Validation progress: 65/156 batches (41.7%)
  - Elapsed: 2.7s, Estimated remaining: 3.6s
Validation: 70/156 batches (45.1%)
  - Batch Acc: 100.00%, Running Acc: 65.70%
Validation progress: 70/156 batches (44.9%)
  - Elapsed: 2.7s, Estimated remaining: 3.2s
Validation: 75/156 batches (48.3%)
  - Batch Acc: 85.94%, Running Acc: 65.53%
Validation progress: 75/156 batches (48.1%)
  - Elapsed: 2.7s, Estimated remaining: 2.9s
Validation: 80/156 batches (51.5%)
  - Batch Acc: 82.81%, Running Acc: 63.97%
Validation progress: 80/156 batches (51.3%)
  - Elapsed: 2.8s, Estimated remaining: 2.6s
Validation: 85/156 batches (54.7%)
  - Batch Acc: 94.53%, Running Acc: 63.92%
Validation progress: 85/156 batches (54.5%)
  - Elapsed: 2.8s, Estimated remaining: 2.3s
Validation: 90/156 batches (57.9%)
  - Batch Acc: 10.16%, Running Acc: 61.89%
Validation progress: 90/156 batches (57.7%)
  - Elapsed: 2.8s, Estimated remaining: 2.0s
Validation: 95/156 batches (61.1%)
  - Batch Acc: 44.53%, Running Acc: 60.29%
Validation progress: 95/156 batches (60.9%)
  - Elapsed: 2.9s, Estimated remaining: 1.8s
Validation: 100/156 batches (64.4%)
  - Batch Acc: 43.75%, Running Acc: 59.45%
Validation progress: 100/156 batches (64.1%)
  - Elapsed: 2.9s, Estimated remaining: 1.6s
Validation: 105/156 batches (67.6%)
  - Batch Acc: 56.25%, Running Acc: 59.03%
Validation progress: 105/156 batches (67.3%)
  - Elapsed: 3.0s, Estimated remaining: 1.4s
Validation: 110/156 batches (70.8%)
  - Batch Acc: 82.03%, Running Acc: 60.16%
Validation progress: 110/156 batches (70.5%)
  - Elapsed: 3.0s, Estimated remaining: 1.2s
Validation: 115/156 batches (74.0%)
  - Batch Acc: 70.31%, Running Acc: 60.42%
Validation progress: 115/156 batches (73.7%)
  - Elapsed: 3.1s, Estimated remaining: 1.1s
Validation: 120/156 batches (77.2%)
  - Batch Acc: 92.19%, Running Acc: 61.13%
Validation progress: 120/156 batches (76.9%)
  - Elapsed: 3.1s, Estimated remaining: 0.9s
Validation: 125/156 batches (80.5%)
  - Batch Acc: 86.72%, Running Acc: 62.16%
Validation progress: 125/156 batches (80.1%)
  - Elapsed: 3.1s, Estimated remaining: 0.7s
Validation: 130/156 batches (83.7%)
  - Batch Acc: 88.28%, Running Acc: 63.44%
Validation progress: 130/156 batches (83.3%)
  - Elapsed: 3.2s, Estimated remaining: 0.6s
Validation: 135/156 batches (86.9%)
  - Batch Acc: 73.44%, Running Acc: 63.71%
Validation progress: 135/156 batches (86.5%)
  - Elapsed: 3.2s, Estimated remaining: 0.5s
Validation: 140/156 batches (90.1%)
  - Batch Acc: 84.38%, Running Acc: 63.48%
Validation progress: 140/156 batches (89.7%)
  - Elapsed: 3.2s, Estimated remaining: 0.3s
Validation: 145/156 batches (93.3%)
  - Batch Acc: 89.84%, Running Acc: 63.92%
Validation progress: 145/156 batches (92.9%)
  - Elapsed: 3.3s, Estimated remaining: 0.2s
Validation: 150/156 batches (96.6%)
  - Batch Acc: 45.31%, Running Acc: 63.80%
Validation progress: 150/156 batches (96.2%)
  - Elapsed: 3.3s, Estimated remaining: 0.1s
Validation: 155/156 batches (99.8%)
  - Batch Acc: 75.00%, Running Acc: 64.38%
Validation progress: 155/156 batches (99.4%)
  - Elapsed: 3.4s, Estimated remaining: 0.0s
Validation: 156/156 batches (100.4%)
  - Batch Acc: 41.30%, Running Acc: 64.32%
Validation complete in 3.83s - Loss: 2.1625, Accuracy: 0.6432

==== Epoch 9/100 ====
Starting training phase...
Training on 79595 samples...
Training: 100/622 batches (16.1%)
  - Batch Acc: 97.66%, Running Acc: 98.14%
  - Loss: 0.0620, Grad Norm: 0.3723
  - Learning Rate: 0.001000
Training: 200/622 batches (32.2%)
  - Batch Acc: 97.66%, Running Acc: 98.20%
  - Loss: 0.0318, Grad Norm: 0.0712
  - Learning Rate: 0.001000
Training: 300/622 batches (48.2%)
  - Batch Acc: 97.66%, Running Acc: 98.18%
  - Loss: 0.1141, Grad Norm: 0.5202
  - Learning Rate: 0.001000
Training: 400/622 batches (64.3%)
  - Batch Acc: 95.31%, Running Acc: 98.15%
  - Loss: 0.0611, Grad Norm: 0.0715
  - Learning Rate: 0.001000
Training: 500/622 batches (80.4%)
  - Batch Acc: 99.22%, Running Acc: 98.19%
  - Loss: 0.0244, Grad Norm: 0.0344
  - Learning Rate: 0.001000
Training: 600/622 batches (96.5%)
  - Batch Acc: 98.44%, Running Acc: 98.23%
  - Loss: 0.0389, Grad Norm: 0.0878
  - Learning Rate: 0.001000
Training: 622/622 batches (100.0%)
  - Batch Acc: 100.00%, Running Acc: 98.24%
  - Loss: 0.0134, Grad Norm: 0.1636
  - Learning Rate: 0.001000

Training phase complete
Epoch Summary:
  - Average Loss: 0.0385
  - Average Accuracy: 98.24%
  - Average Grad Norm: 0.1220
  - Final Learning Rate: 0.001000
Starting validation phase...
Starting validation on 19886 samples...
Entering no_grad block for validation
Validation progress: 0/156 batches (0.0%)
  - Elapsed: 2.1s, Estimated remaining: 0.0s
Validation: 5/156 batches (3.2%)
  - Batch Acc: 58.59%, Running Acc: 68.59%
Validation progress: 5/156 batches (3.2%)
  - Elapsed: 2.2s, Estimated remaining: 55.6s
Validation: 10/156 batches (6.4%)
  - Batch Acc: 67.19%, Running Acc: 67.19%
Validation progress: 10/156 batches (6.4%)
  - Elapsed: 2.3s, Estimated remaining: 30.0s
Validation: 15/156 batches (9.7%)
  - Batch Acc: 92.97%, Running Acc: 58.80%
Validation progress: 15/156 batches (9.6%)
  - Elapsed: 2.3s, Estimated remaining: 20.1s
Validation: 20/156 batches (12.9%)
  - Batch Acc: 88.28%, Running Acc: 61.41%
Validation progress: 20/156 batches (12.8%)
  - Elapsed: 2.3s, Estimated remaining: 15.0s
Validation: 25/156 batches (16.1%)
  - Batch Acc: 45.31%, Running Acc: 60.03%
Validation progress: 25/156 batches (16.0%)
  - Elapsed: 2.4s, Estimated remaining: 11.8s
Validation: 30/156 batches (19.3%)
  - Batch Acc: 53.12%, Running Acc: 56.02%
Validation progress: 30/156 batches (19.2%)
  - Elapsed: 2.4s, Estimated remaining: 9.7s
Validation: 35/156 batches (22.5%)
  - Batch Acc: 100.00%, Running Acc: 59.55%
Validation progress: 35/156 batches (22.4%)
  - Elapsed: 2.4s, Estimated remaining: 8.1s
Validation: 40/156 batches (25.7%)
  - Batch Acc: 10.94%, Running Acc: 60.86%
Validation progress: 40/156 batches (25.6%)
  - Elapsed: 2.5s, Estimated remaining: 7.0s
Validation: 45/156 batches (29.0%)
  - Batch Acc: 100.00%, Running Acc: 62.50%
Validation progress: 45/156 batches (28.8%)
  - Elapsed: 2.5s, Estimated remaining: 6.0s
Validation: 50/156 batches (32.2%)
  - Batch Acc: 100.00%, Running Acc: 62.47%
Validation progress: 50/156 batches (32.1%)
  - Elapsed: 2.6s, Estimated remaining: 5.3s
Validation: 55/156 batches (35.4%)
  - Batch Acc: 100.00%, Running Acc: 63.47%
Validation progress: 55/156 batches (35.3%)
  - Elapsed: 2.6s, Estimated remaining: 4.6s
Validation: 60/156 batches (38.6%)
  - Batch Acc: 89.06%, Running Acc: 64.48%
Validation progress: 60/156 batches (38.5%)
  - Elapsed: 2.6s, Estimated remaining: 4.1s
Validation: 65/156 batches (41.8%)
  - Batch Acc: 69.53%, Running Acc: 64.09%
Validation progress: 65/156 batches (41.7%)
  - Elapsed: 2.7s, Estimated remaining: 3.7s
Validation: 70/156 batches (45.1%)
  - Batch Acc: 93.75%, Running Acc: 64.08%
Validation progress: 70/156 batches (44.9%)
  - Elapsed: 2.7s, Estimated remaining: 3.3s
Validation: 75/156 batches (48.3%)
  - Batch Acc: 81.25%, Running Acc: 63.23%
Validation progress: 75/156 batches (48.1%)
  - Elapsed: 2.8s, Estimated remaining: 2.9s
Validation: 80/156 batches (51.5%)
  - Batch Acc: 81.25%, Running Acc: 62.04%
Validation progress: 80/156 batches (51.3%)
  - Elapsed: 2.8s, Estimated remaining: 2.6s
Validation: 85/156 batches (54.7%)
  - Batch Acc: 59.38%, Running Acc: 61.75%
Validation progress: 85/156 batches (54.5%)
  - Elapsed: 2.8s, Estimated remaining: 2.3s
Validation: 90/156 batches (57.9%)
  - Batch Acc: 36.72%, Running Acc: 60.07%
Validation progress: 90/156 batches (57.7%)
  - Elapsed: 2.9s, Estimated remaining: 2.1s
Validation: 95/156 batches (61.1%)
  - Batch Acc: 48.44%, Running Acc: 59.63%
Validation progress: 95/156 batches (60.9%)
  - Elapsed: 2.9s, Estimated remaining: 1.8s
Validation: 100/156 batches (64.4%)
  - Batch Acc: 56.25%, Running Acc: 59.84%
Validation progress: 100/156 batches (64.1%)
  - Elapsed: 3.0s, Estimated remaining: 1.6s
Validation: 105/156 batches (67.6%)
  - Batch Acc: 74.22%, Running Acc: 60.22%
Validation progress: 105/156 batches (67.3%)
  - Elapsed: 3.0s, Estimated remaining: 1.4s
Validation: 110/156 batches (70.8%)
  - Batch Acc: 82.81%, Running Acc: 61.08%
Validation progress: 110/156 batches (70.5%)
  - Elapsed: 3.0s, Estimated remaining: 1.2s
Validation: 115/156 batches (74.0%)
  - Batch Acc: 47.66%, Running Acc: 60.56%
Validation progress: 115/156 batches (73.7%)
  - Elapsed: 3.1s, Estimated remaining: 1.1s
Validation: 120/156 batches (77.2%)
  - Batch Acc: 41.41%, Running Acc: 60.12%
Validation progress: 120/156 batches (76.9%)
  - Elapsed: 3.1s, Estimated remaining: 0.9s
Validation: 125/156 batches (80.5%)
  - Batch Acc: 84.38%, Running Acc: 60.62%
Validation progress: 125/156 batches (80.1%)
  - Elapsed: 3.2s, Estimated remaining: 0.8s
Validation: 130/156 batches (83.7%)
  - Batch Acc: 88.28%, Running Acc: 61.50%
Validation progress: 130/156 batches (83.3%)
  - Elapsed: 3.2s, Estimated remaining: 0.6s
Validation: 135/156 batches (86.9%)
  - Batch Acc: 58.59%, Running Acc: 62.16%
Validation progress: 135/156 batches (86.5%)
  - Elapsed: 3.2s, Estimated remaining: 0.5s
Validation: 140/156 batches (90.1%)
  - Batch Acc: 65.62%, Running Acc: 61.77%
Validation progress: 140/156 batches (89.7%)
  - Elapsed: 3.3s, Estimated remaining: 0.3s
Validation: 145/156 batches (93.3%)
  - Batch Acc: 84.38%, Running Acc: 62.01%
Validation progress: 145/156 batches (92.9%)
  - Elapsed: 3.3s, Estimated remaining: 0.2s
Validation: 150/156 batches (96.6%)
  - Batch Acc: 25.00%, Running Acc: 61.75%
Validation progress: 150/156 batches (96.2%)
  - Elapsed: 3.4s, Estimated remaining: 0.1s
Validation: 155/156 batches (99.8%)
  - Batch Acc: 100.00%, Running Acc: 62.43%
Validation progress: 155/156 batches (99.4%)
  - Elapsed: 3.4s, Estimated remaining: 0.0s
Validation: 156/156 batches (100.4%)
  - Batch Acc: 39.13%, Running Acc: 62.38%
Validation complete in 3.88s - Loss: 2.2657, Accuracy: 0.6238

==== Epoch 10/100 ====
Starting training phase...
Training on 79595 samples...
Training: 100/622 batches (16.1%)
  - Batch Acc: 99.22%, Running Acc: 98.11%
  - Loss: 0.0313, Grad Norm: 0.0466
  - Learning Rate: 0.001000
Training: 200/622 batches (32.2%)
  - Batch Acc: 98.44%, Running Acc: 98.12%
  - Loss: 0.0386, Grad Norm: 0.3281
  - Learning Rate: 0.001000
Training: 300/622 batches (48.2%)
  - Batch Acc: 99.22%, Running Acc: 98.21%
  - Loss: 0.0414, Grad Norm: 0.1894
  - Learning Rate: 0.001000
Training: 400/622 batches (64.3%)
  - Batch Acc: 97.66%, Running Acc: 98.19%
  - Loss: 0.0411, Grad Norm: 0.1008
  - Learning Rate: 0.001000
Training: 500/622 batches (80.4%)
  - Batch Acc: 98.44%, Running Acc: 98.22%
  - Loss: 0.0213, Grad Norm: 0.0539
  - Learning Rate: 0.001000
Training: 600/622 batches (96.5%)
  - Batch Acc: 98.44%, Running Acc: 98.23%
  - Loss: 0.0932, Grad Norm: 0.3032
  - Learning Rate: 0.001000
Training: 622/622 batches (100.0%)
  - Batch Acc: 98.13%, Running Acc: 98.24%
  - Loss: 0.0486, Grad Norm: 0.1196
  - Learning Rate: 0.001000

Training phase complete
Epoch Summary:
  - Average Loss: 0.0387
  - Average Accuracy: 98.24%
  - Average Grad Norm: 0.1194
  - Final Learning Rate: 0.001000
Starting validation phase...
Starting validation on 19886 samples...
Entering no_grad block for validation
Validation progress: 0/156 batches (0.0%)
  - Elapsed: 2.1s, Estimated remaining: 0.0s
Validation: 5/156 batches (3.2%)
  - Batch Acc: 44.53%, Running Acc: 68.59%
Validation progress: 5/156 batches (3.2%)
  - Elapsed: 2.2s, Estimated remaining: 55.2s
Validation: 10/156 batches (6.4%)
  - Batch Acc: 60.94%, Running Acc: 67.81%
Validation progress: 10/156 batches (6.4%)
  - Elapsed: 2.2s, Estimated remaining: 29.4s
Validation: 15/156 batches (9.7%)
  - Batch Acc: 96.88%, Running Acc: 59.84%
Validation progress: 15/156 batches (9.6%)
  - Elapsed: 2.3s, Estimated remaining: 19.9s
Validation: 20/156 batches (12.9%)
  - Batch Acc: 93.75%, Running Acc: 65.55%
Validation progress: 20/156 batches (12.8%)
  - Elapsed: 2.3s, Estimated remaining: 14.9s
Validation: 25/156 batches (16.1%)
  - Batch Acc: 64.84%, Running Acc: 65.56%
Validation progress: 25/156 batches (16.0%)
  - Elapsed: 2.3s, Estimated remaining: 11.7s
Validation: 30/156 batches (19.3%)
  - Batch Acc: 34.38%, Running Acc: 60.94%
Validation progress: 30/156 batches (19.2%)
  - Elapsed: 2.4s, Estimated remaining: 9.6s
Validation: 35/156 batches (22.5%)
  - Batch Acc: 100.00%, Running Acc: 64.17%
Validation progress: 35/156 batches (22.4%)
  - Elapsed: 2.4s, Estimated remaining: 8.1s
Validation: 40/156 batches (25.7%)
  - Batch Acc: 0.00%, Running Acc: 64.63%
Validation progress: 40/156 batches (25.6%)
  - Elapsed: 2.5s, Estimated remaining: 6.9s
Validation: 45/156 batches (29.0%)
  - Batch Acc: 100.00%, Running Acc: 65.69%
Validation progress: 45/156 batches (28.8%)
  - Elapsed: 2.5s, Estimated remaining: 6.0s
Validation: 50/156 batches (32.2%)
  - Batch Acc: 88.28%, Running Acc: 64.39%
Validation progress: 50/156 batches (32.1%)
  - Elapsed: 2.6s, Estimated remaining: 5.3s
Validation: 55/156 batches (35.4%)
  - Batch Acc: 100.00%, Running Acc: 65.43%
Validation progress: 55/156 batches (35.3%)
  - Elapsed: 2.6s, Estimated remaining: 4.6s
Validation: 60/156 batches (38.6%)
  - Batch Acc: 88.28%, Running Acc: 66.05%
Validation progress: 60/156 batches (38.5%)
  - Elapsed: 2.6s, Estimated remaining: 4.1s
Validation: 65/156 batches (41.8%)
  - Batch Acc: 56.25%, Running Acc: 65.48%
Validation progress: 65/156 batches (41.7%)
  - Elapsed: 2.7s, Estimated remaining: 3.6s
Validation: 70/156 batches (45.1%)
  - Batch Acc: 97.66%, Running Acc: 65.57%
Validation progress: 70/156 batches (44.9%)
  - Elapsed: 2.7s, Estimated remaining: 3.2s
Validation: 75/156 batches (48.3%)
  - Batch Acc: 60.94%, Running Acc: 64.88%
Validation progress: 75/156 batches (48.1%)
  - Elapsed: 2.8s, Estimated remaining: 2.9s
Validation: 80/156 batches (51.5%)
  - Batch Acc: 100.00%, Running Acc: 64.52%
Validation progress: 80/156 batches (51.3%)
  - Elapsed: 2.8s, Estimated remaining: 2.6s
Validation: 85/156 batches (54.7%)
  - Batch Acc: 64.06%, Running Acc: 64.52%
Validation progress: 85/156 batches (54.5%)
  - Elapsed: 2.8s, Estimated remaining: 2.3s
Validation: 90/156 batches (57.9%)
  - Batch Acc: 32.81%, Running Acc: 62.73%
Validation progress: 90/156 batches (57.7%)
  - Elapsed: 2.9s, Estimated remaining: 2.1s
Validation: 95/156 batches (61.1%)
  - Batch Acc: 65.62%, Running Acc: 62.06%
Validation progress: 95/156 batches (60.9%)
  - Elapsed: 2.9s, Estimated remaining: 1.8s
Validation: 100/156 batches (64.4%)
  - Batch Acc: 48.44%, Running Acc: 61.96%
Validation progress: 100/156 batches (64.1%)
  - Elapsed: 3.0s, Estimated remaining: 1.6s
Validation: 105/156 batches (67.6%)
  - Batch Acc: 68.75%, Running Acc: 62.22%
Validation progress: 105/156 batches (67.3%)
  - Elapsed: 3.0s, Estimated remaining: 1.4s
Validation: 110/156 batches (70.8%)
  - Batch Acc: 74.22%, Running Acc: 62.72%
Validation progress: 110/156 batches (70.5%)
  - Elapsed: 3.0s, Estimated remaining: 1.2s
Validation: 115/156 batches (74.0%)
  - Batch Acc: 69.53%, Running Acc: 62.45%
Validation progress: 115/156 batches (73.7%)
  - Elapsed: 3.1s, Estimated remaining: 1.1s
Validation: 120/156 batches (77.2%)
  - Batch Acc: 67.19%, Running Acc: 62.23%
Validation progress: 120/156 batches (76.9%)
  - Elapsed: 3.1s, Estimated remaining: 0.9s
Validation: 125/156 batches (80.5%)
  - Batch Acc: 85.94%, Running Acc: 62.44%
Validation progress: 125/156 batches (80.1%)
  - Elapsed: 3.2s, Estimated remaining: 0.8s
Validation: 130/156 batches (83.7%)
  - Batch Acc: 83.59%, Running Acc: 63.14%
Validation progress: 130/156 batches (83.3%)
  - Elapsed: 3.2s, Estimated remaining: 0.6s
Validation: 135/156 batches (86.9%)
  - Batch Acc: 78.91%, Running Acc: 63.83%
Validation progress: 135/156 batches (86.5%)
  - Elapsed: 3.2s, Estimated remaining: 0.5s
Validation: 140/156 batches (90.1%)
  - Batch Acc: 80.47%, Running Acc: 63.04%
Validation progress: 140/156 batches (89.7%)
  - Elapsed: 3.3s, Estimated remaining: 0.3s
Validation: 145/156 batches (93.3%)
  - Batch Acc: 97.66%, Running Acc: 63.31%
Validation progress: 145/156 batches (92.9%)
  - Elapsed: 3.3s, Estimated remaining: 0.2s
Validation: 150/156 batches (96.6%)
  - Batch Acc: 38.28%, Running Acc: 63.41%
Validation progress: 150/156 batches (96.2%)
  - Elapsed: 3.4s, Estimated remaining: 0.1s
Validation: 155/156 batches (99.8%)
  - Batch Acc: 96.09%, Running Acc: 64.10%
Validation progress: 155/156 batches (99.4%)
  - Elapsed: 3.4s, Estimated remaining: 0.0s
Validation: 156/156 batches (100.4%)
  - Batch Acc: 34.78%, Running Acc: 64.03%
Validation complete in 3.84s - Loss: 2.2821, Accuracy: 0.6403

==== Epoch 11/100 ====
Starting training phase...
Training on 79595 samples...
Training: 100/622 batches (16.1%)
  - Batch Acc: 96.88%, Running Acc: 98.29%
  - Loss: 0.0440, Grad Norm: 0.1041
  - Learning Rate: 0.001000
Training: 200/622 batches (32.2%)
  - Batch Acc: 98.44%, Running Acc: 98.29%
  - Loss: 0.0257, Grad Norm: 0.1168
  - Learning Rate: 0.001000
Training: 300/622 batches (48.2%)
  - Batch Acc: 97.66%, Running Acc: 98.31%
  - Loss: 0.0575, Grad Norm: 0.1734
  - Learning Rate: 0.001000
Training: 400/622 batches (64.3%)
  - Batch Acc: 98.44%, Running Acc: 98.23%
  - Loss: 0.0322, Grad Norm: 0.0682
  - Learning Rate: 0.001000
Training: 500/622 batches (80.4%)
  - Batch Acc: 96.88%, Running Acc: 98.24%
  - Loss: 0.0429, Grad Norm: 0.1083
  - Learning Rate: 0.001000
Training: 600/622 batches (96.5%)
  - Batch Acc: 98.44%, Running Acc: 98.24%
  - Loss: 0.0261, Grad Norm: 0.2102
  - Learning Rate: 0.001000
Training: 622/622 batches (100.0%)
  - Batch Acc: 98.13%, Running Acc: 98.24%
  - Loss: 0.0457, Grad Norm: 0.0660
  - Learning Rate: 0.001000

Training phase complete
Epoch Summary:
  - Average Loss: 0.0373
  - Average Accuracy: 98.24%
  - Average Grad Norm: 0.1124
  - Final Learning Rate: 0.001000
Starting validation phase...
Starting validation on 19886 samples...
Entering no_grad block for validation
Validation progress: 0/156 batches (0.0%)
  - Elapsed: 2.2s, Estimated remaining: 0.0s
Validation: 5/156 batches (3.2%)
  - Batch Acc: 63.28%, Running Acc: 68.28%
Validation progress: 5/156 batches (3.2%)
  - Elapsed: 2.2s, Estimated remaining: 55.4s
Validation: 10/156 batches (6.4%)
  - Batch Acc: 72.66%, Running Acc: 73.75%
Validation progress: 10/156 batches (6.4%)
  - Elapsed: 2.3s, Estimated remaining: 29.7s
Validation: 15/156 batches (9.7%)
  - Batch Acc: 100.00%, Running Acc: 65.73%
Validation progress: 15/156 batches (9.6%)
  - Elapsed: 2.3s, Estimated remaining: 20.0s
Validation: 20/156 batches (12.9%)
  - Batch Acc: 100.00%, Running Acc: 68.67%
Validation progress: 20/156 batches (12.8%)
  - Elapsed: 2.3s, Estimated remaining: 15.0s
Validation: 25/156 batches (16.1%)
  - Batch Acc: 51.56%, Running Acc: 67.81%
Validation progress: 25/156 batches (16.0%)
  - Elapsed: 2.4s, Estimated remaining: 11.9s
Validation: 30/156 batches (19.3%)
  - Batch Acc: 52.34%, Running Acc: 63.57%
Validation progress: 30/156 batches (19.2%)
  - Elapsed: 2.4s, Estimated remaining: 9.8s
Validation: 35/156 batches (22.5%)
  - Batch Acc: 100.00%, Running Acc: 66.63%
Validation progress: 35/156 batches (22.4%)
  - Elapsed: 2.5s, Estimated remaining: 8.2s
Validation: 40/156 batches (25.7%)
  - Batch Acc: 13.28%, Running Acc: 67.11%
Validation progress: 40/156 batches (25.6%)
  - Elapsed: 2.5s, Estimated remaining: 7.0s
Validation: 45/156 batches (29.0%)
  - Batch Acc: 99.22%, Running Acc: 68.56%
Validation progress: 45/156 batches (28.8%)
  - Elapsed: 2.6s, Estimated remaining: 6.1s
Validation: 50/156 batches (32.2%)
  - Batch Acc: 94.53%, Running Acc: 67.08%
Validation progress: 50/156 batches (32.1%)
  - Elapsed: 2.6s, Estimated remaining: 5.3s
Validation: 55/156 batches (35.4%)
  - Batch Acc: 94.53%, Running Acc: 68.31%
Validation progress: 55/156 batches (35.3%)
  - Elapsed: 2.6s, Estimated remaining: 4.7s
Validation: 60/156 batches (38.6%)
  - Batch Acc: 88.28%, Running Acc: 69.06%
Validation progress: 60/156 batches (38.5%)
  - Elapsed: 2.7s, Estimated remaining: 4.2s
Validation: 65/156 batches (41.8%)
  - Batch Acc: 72.66%, Running Acc: 68.89%
Validation progress: 65/156 batches (41.7%)
  - Elapsed: 2.7s, Estimated remaining: 3.7s
Validation: 70/156 batches (45.1%)
  - Batch Acc: 83.59%, Running Acc: 68.57%
Validation progress: 70/156 batches (44.9%)
  - Elapsed: 2.8s, Estimated remaining: 3.3s
Validation: 75/156 batches (48.3%)
  - Batch Acc: 85.16%, Running Acc: 68.46%
Validation progress: 75/156 batches (48.1%)
  - Elapsed: 2.8s, Estimated remaining: 3.0s
Validation: 80/156 batches (51.5%)
  - Batch Acc: 93.75%, Running Acc: 67.07%
Validation progress: 80/156 batches (51.3%)
  - Elapsed: 2.9s, Estimated remaining: 2.7s
Validation: 85/156 batches (54.7%)
  - Batch Acc: 35.94%, Running Acc: 66.42%
Validation progress: 85/156 batches (54.5%)
  - Elapsed: 2.9s, Estimated remaining: 2.4s
Validation: 90/156 batches (57.9%)
  - Batch Acc: 29.69%, Running Acc: 64.26%
Validation progress: 90/156 batches (57.7%)
  - Elapsed: 3.0s, Estimated remaining: 2.1s
Validation: 95/156 batches (61.1%)
  - Batch Acc: 32.81%, Running Acc: 62.84%
Validation progress: 95/156 batches (60.9%)
  - Elapsed: 3.0s, Estimated remaining: 1.9s
Validation: 100/156 batches (64.4%)
  - Batch Acc: 57.03%, Running Acc: 62.48%
Validation progress: 100/156 batches (64.1%)
  - Elapsed: 3.0s, Estimated remaining: 1.7s
Validation: 105/156 batches (67.6%)
  - Batch Acc: 70.31%, Running Acc: 62.25%
Validation progress: 105/156 batches (67.3%)
  - Elapsed: 3.1s, Estimated remaining: 1.5s
Validation: 110/156 batches (70.8%)
  - Batch Acc: 83.59%, Running Acc: 62.95%
Validation progress: 110/156 batches (70.5%)
  - Elapsed: 3.1s, Estimated remaining: 1.3s
Validation: 115/156 batches (74.0%)
  - Batch Acc: 46.09%, Running Acc: 62.76%
Validation progress: 115/156 batches (73.7%)
  - Elapsed: 3.2s, Estimated remaining: 1.1s
Validation: 120/156 batches (77.2%)
  - Batch Acc: 75.78%, Running Acc: 63.35%
Validation progress: 120/156 batches (76.9%)
  - Elapsed: 3.2s, Estimated remaining: 0.9s
Validation: 125/156 batches (80.5%)
  - Batch Acc: 96.09%, Running Acc: 63.90%
Validation progress: 125/156 batches (80.1%)
  - Elapsed: 3.3s, Estimated remaining: 0.8s
Validation: 130/156 batches (83.7%)
  - Batch Acc: 92.19%, Running Acc: 64.86%
Validation progress: 130/156 batches (83.3%)
  - Elapsed: 3.3s, Estimated remaining: 0.6s
Validation: 135/156 batches (86.9%)
  - Batch Acc: 55.47%, Running Acc: 65.17%
Validation progress: 135/156 batches (86.5%)
  - Elapsed: 3.4s, Estimated remaining: 0.5s
Validation: 140/156 batches (90.1%)
  - Batch Acc: 85.16%, Running Acc: 64.57%
Validation progress: 140/156 batches (89.7%)
  - Elapsed: 3.4s, Estimated remaining: 0.4s
Validation: 145/156 batches (93.3%)
  - Batch Acc: 90.62%, Running Acc: 64.74%
Validation progress: 145/156 batches (92.9%)
  - Elapsed: 3.4s, Estimated remaining: 0.2s
Validation: 150/156 batches (96.6%)
  - Batch Acc: 35.94%, Running Acc: 64.39%
Validation progress: 150/156 batches (96.2%)
  - Elapsed: 3.5s, Estimated remaining: 0.1s
Validation: 155/156 batches (99.8%)
  - Batch Acc: 98.44%, Running Acc: 65.05%
Validation progress: 155/156 batches (99.4%)
  - Elapsed: 3.5s, Estimated remaining: 0.0s
Validation: 156/156 batches (100.4%)
  - Batch Acc: 71.74%, Running Acc: 65.07%
Validation complete in 3.96s - Loss: 2.1789, Accuracy: 0.6507

==== Epoch 12/100 ====
Starting training phase...
Training on 79595 samples...
Training: 100/622 batches (16.1%)
  - Batch Acc: 96.88%, Running Acc: 98.31%
  - Loss: 0.0394, Grad Norm: 0.0453
  - Learning Rate: 0.001000
Training: 200/622 batches (32.2%)
  - Batch Acc: 98.44%, Running Acc: 98.23%
  - Loss: 0.0355, Grad Norm: 0.1198
  - Learning Rate: 0.001000
Training: 300/622 batches (48.2%)
  - Batch Acc: 96.09%, Running Acc: 98.26%
  - Loss: 0.0482, Grad Norm: 0.0899
  - Learning Rate: 0.001000
Training: 400/622 batches (64.3%)
  - Batch Acc: 98.44%, Running Acc: 98.28%
  - Loss: 0.0269, Grad Norm: 0.0200
  - Learning Rate: 0.001000
Training: 500/622 batches (80.4%)
  - Batch Acc: 100.00%, Running Acc: 98.31%
  - Loss: 0.0107, Grad Norm: 0.0560
  - Learning Rate: 0.001000
Training: 600/622 batches (96.5%)
  - Batch Acc: 96.09%, Running Acc: 98.33%
  - Loss: 0.0582, Grad Norm: 0.1169
  - Learning Rate: 0.001000
Training: 622/622 batches (100.0%)
  - Batch Acc: 98.13%, Running Acc: 98.32%
  - Loss: 0.0331, Grad Norm: 0.1132
  - Learning Rate: 0.001000

Training phase complete
Epoch Summary:
  - Average Loss: 0.0352
  - Average Accuracy: 98.32%
  - Average Grad Norm: 0.0989
  - Final Learning Rate: 0.001000
Starting validation phase...
Starting validation on 19886 samples...
Entering no_grad block for validation
Validation progress: 0/156 batches (0.0%)
  - Elapsed: 2.1s, Estimated remaining: 0.0s
Validation: 5/156 batches (3.2%)
  - Batch Acc: 72.66%, Running Acc: 75.94%
Validation progress: 5/156 batches (3.2%)
  - Elapsed: 2.2s, Estimated remaining: 54.0s
Validation: 10/156 batches (6.4%)
  - Batch Acc: 67.97%, Running Acc: 69.30%
Validation progress: 10/156 batches (6.4%)
  - Elapsed: 2.2s, Estimated remaining: 29.2s
Validation: 15/156 batches (9.7%)
  - Batch Acc: 98.44%, Running Acc: 58.96%
Validation progress: 15/156 batches (9.6%)
  - Elapsed: 2.2s, Estimated remaining: 19.7s
Validation: 20/156 batches (12.9%)
  - Batch Acc: 80.47%, Running Acc: 61.29%
Validation progress: 20/156 batches (12.8%)
  - Elapsed: 2.3s, Estimated remaining: 14.7s
Validation: 25/156 batches (16.1%)
  - Batch Acc: 68.75%, Running Acc: 60.16%
Validation progress: 25/156 batches (16.0%)
  - Elapsed: 2.3s, Estimated remaining: 11.6s
Validation: 30/156 batches (19.3%)
  - Batch Acc: 32.81%, Running Acc: 56.17%
Validation progress: 30/156 batches (19.2%)
  - Elapsed: 2.4s, Estimated remaining: 9.6s
Validation: 35/156 batches (22.5%)
  - Batch Acc: 100.00%, Running Acc: 58.71%
Validation progress: 35/156 batches (22.4%)
  - Elapsed: 2.4s, Estimated remaining: 8.0s
Validation: 40/156 batches (25.7%)
  - Batch Acc: 32.81%, Running Acc: 60.66%
Validation progress: 40/156 batches (25.6%)
  - Elapsed: 2.4s, Estimated remaining: 6.9s
Validation: 45/156 batches (29.0%)
  - Batch Acc: 100.00%, Running Acc: 63.33%
Validation progress: 45/156 batches (28.8%)
  - Elapsed: 2.5s, Estimated remaining: 5.9s
Validation: 50/156 batches (32.2%)
  - Batch Acc: 72.66%, Running Acc: 63.20%
Validation progress: 50/156 batches (32.1%)
  - Elapsed: 2.5s, Estimated remaining: 5.2s
Validation: 55/156 batches (35.4%)
  - Batch Acc: 78.91%, Running Acc: 62.77%
Validation progress: 55/156 batches (35.3%)
  - Elapsed: 2.6s, Estimated remaining: 4.6s
Validation: 60/156 batches (38.6%)
  - Batch Acc: 94.53%, Running Acc: 64.57%
Validation progress: 60/156 batches (38.5%)
  - Elapsed: 2.6s, Estimated remaining: 4.1s
Validation: 65/156 batches (41.8%)
  - Batch Acc: 67.97%, Running Acc: 63.35%
Validation progress: 65/156 batches (41.7%)
  - Elapsed: 2.6s, Estimated remaining: 3.6s
Validation: 70/156 batches (45.1%)
  - Batch Acc: 75.78%, Running Acc: 63.08%
Validation progress: 70/156 batches (44.9%)
  - Elapsed: 2.7s, Estimated remaining: 3.2s
Validation: 75/156 batches (48.3%)
  - Batch Acc: 74.22%, Running Acc: 62.06%
Validation progress: 75/156 batches (48.1%)
  - Elapsed: 2.7s, Estimated remaining: 2.9s
Validation: 80/156 batches (51.5%)
  - Batch Acc: 89.06%, Running Acc: 61.63%
Validation progress: 80/156 batches (51.3%)
  - Elapsed: 2.8s, Estimated remaining: 2.6s
Validation: 85/156 batches (54.7%)
  - Batch Acc: 28.91%, Running Acc: 60.83%
Validation progress: 85/156 batches (54.5%)
  - Elapsed: 2.8s, Estimated remaining: 2.3s
Validation: 90/156 batches (57.9%)
  - Batch Acc: 34.38%, Running Acc: 59.11%
Validation progress: 90/156 batches (57.7%)
  - Elapsed: 2.8s, Estimated remaining: 2.0s
Validation: 95/156 batches (61.1%)
  - Batch Acc: 31.25%, Running Acc: 58.58%
Validation progress: 95/156 batches (60.9%)
  - Elapsed: 2.9s, Estimated remaining: 1.8s
Validation: 100/156 batches (64.4%)
  - Batch Acc: 82.03%, Running Acc: 58.95%
Validation progress: 100/156 batches (64.1%)
  - Elapsed: 2.9s, Estimated remaining: 1.6s
Validation: 105/156 batches (67.6%)
  - Batch Acc: 69.53%, Running Acc: 59.11%
Validation progress: 105/156 batches (67.3%)
  - Elapsed: 3.0s, Estimated remaining: 1.4s
Validation: 110/156 batches (70.8%)
  - Batch Acc: 84.38%, Running Acc: 59.80%
Validation progress: 110/156 batches (70.5%)
  - Elapsed: 3.0s, Estimated remaining: 1.2s
Validation: 115/156 batches (74.0%)
  - Batch Acc: 2.34%, Running Acc: 58.87%
Validation progress: 115/156 batches (73.7%)
  - Elapsed: 3.0s, Estimated remaining: 1.0s
Validation: 120/156 batches (77.2%)
  - Batch Acc: 16.41%, Running Acc: 58.13%
Validation progress: 120/156 batches (76.9%)
  - Elapsed: 3.1s, Estimated remaining: 0.9s
Validation: 125/156 batches (80.5%)
  - Batch Acc: 72.66%, Running Acc: 58.24%
Validation progress: 125/156 batches (80.1%)
  - Elapsed: 3.1s, Estimated remaining: 0.7s
Validation: 130/156 batches (83.7%)
  - Batch Acc: 91.41%, Running Acc: 59.04%
Validation progress: 130/156 batches (83.3%)
  - Elapsed: 3.2s, Estimated remaining: 0.6s
Validation: 135/156 batches (86.9%)
  - Batch Acc: 77.34%, Running Acc: 60.08%
Validation progress: 135/156 batches (86.5%)
  - Elapsed: 3.2s, Estimated remaining: 0.5s
Validation: 140/156 batches (90.1%)
  - Batch Acc: 67.97%, Running Acc: 59.44%
Validation progress: 140/156 batches (89.7%)
  - Elapsed: 3.2s, Estimated remaining: 0.3s
Validation: 145/156 batches (93.3%)
  - Batch Acc: 89.06%, Running Acc: 59.80%
Validation progress: 145/156 batches (92.9%)
  - Elapsed: 3.3s, Estimated remaining: 0.2s
Validation: 150/156 batches (96.6%)
  - Batch Acc: 24.22%, Running Acc: 59.66%
Validation progress: 150/156 batches (96.2%)
  - Elapsed: 3.3s, Estimated remaining: 0.1s
Validation: 155/156 batches (99.8%)
  - Batch Acc: 100.00%, Running Acc: 60.60%
Validation progress: 155/156 batches (99.4%)
  - Elapsed: 3.4s, Estimated remaining: 0.0s
Validation: 156/156 batches (100.4%)
  - Batch Acc: 78.26%, Running Acc: 60.65%
Validation complete in 3.82s - Loss: 2.4900, Accuracy: 0.6065

==== Epoch 13/100 ====
Starting training phase...
Training on 79595 samples...
Training: 100/622 batches (16.1%)
  - Batch Acc: 99.22%, Running Acc: 98.38%
  - Loss: 0.0231, Grad Norm: 0.0205
  - Learning Rate: 0.000200
Training: 200/622 batches (32.2%)
  - Batch Acc: 96.88%, Running Acc: 98.43%
  - Loss: 0.0412, Grad Norm: 0.0550
  - Learning Rate: 0.000200
Training: 300/622 batches (48.2%)
  - Batch Acc: 99.22%, Running Acc: 98.42%
  - Loss: 0.0302, Grad Norm: 0.0524
  - Learning Rate: 0.000200
Training: 400/622 batches (64.3%)
  - Batch Acc: 98.44%, Running Acc: 98.47%
  - Loss: 0.0377, Grad Norm: 0.2033
  - Learning Rate: 0.000200
Training: 500/622 batches (80.4%)
  - Batch Acc: 99.22%, Running Acc: 98.52%
  - Loss: 0.0272, Grad Norm: 0.0276
  - Learning Rate: 0.000200
Training: 600/622 batches (96.5%)
  - Batch Acc: 96.88%, Running Acc: 98.52%
  - Loss: 0.0532, Grad Norm: 0.0364
  - Learning Rate: 0.000200
Training: 622/622 batches (100.0%)
  - Batch Acc: 100.00%, Running Acc: 98.53%
  - Loss: 0.0110, Grad Norm: 0.0343
  - Learning Rate: 0.000200

Training phase complete
Epoch Summary:
  - Average Loss: 0.0299
  - Average Accuracy: 98.53%
  - Average Grad Norm: 0.0604
  - Final Learning Rate: 0.000200
Starting validation phase...
Starting validation on 19886 samples...
Entering no_grad block for validation
Validation progress: 0/156 batches (0.0%)
  - Elapsed: 2.1s, Estimated remaining: 0.0s
Validation: 5/156 batches (3.2%)
  - Batch Acc: 52.34%, Running Acc: 67.81%
Validation progress: 5/156 batches (3.2%)
  - Elapsed: 2.2s, Estimated remaining: 54.8s
Validation: 10/156 batches (6.4%)
  - Batch Acc: 84.38%, Running Acc: 73.05%
Validation progress: 10/156 batches (6.4%)
  - Elapsed: 2.2s, Estimated remaining: 29.5s
Validation: 15/156 batches (9.7%)
  - Batch Acc: 100.00%, Running Acc: 64.43%
Validation progress: 15/156 batches (9.6%)
  - Elapsed: 2.3s, Estimated remaining: 19.8s
Validation: 20/156 batches (12.9%)
  - Batch Acc: 95.31%, Running Acc: 68.55%
Validation progress: 20/156 batches (12.8%)
  - Elapsed: 2.3s, Estimated remaining: 14.7s
Validation: 25/156 batches (16.1%)
  - Batch Acc: 64.84%, Running Acc: 68.47%
Validation progress: 25/156 batches (16.0%)
  - Elapsed: 2.3s, Estimated remaining: 11.7s
Validation: 30/156 batches (19.3%)
  - Batch Acc: 47.66%, Running Acc: 64.17%
Validation progress: 30/156 batches (19.2%)
  - Elapsed: 2.4s, Estimated remaining: 9.6s
Validation: 35/156 batches (22.5%)
  - Batch Acc: 100.00%, Running Acc: 66.47%
Validation progress: 35/156 batches (22.4%)
  - Elapsed: 2.4s, Estimated remaining: 8.0s
Validation: 40/156 batches (25.7%)
  - Batch Acc: 25.00%, Running Acc: 67.27%
Validation progress: 40/156 batches (25.6%)
  - Elapsed: 2.4s, Estimated remaining: 6.9s
Validation: 45/156 batches (29.0%)
  - Batch Acc: 100.00%, Running Acc: 68.51%
Validation progress: 45/156 batches (28.8%)
  - Elapsed: 2.5s, Estimated remaining: 5.9s
Validation: 50/156 batches (32.2%)
  - Batch Acc: 92.97%, Running Acc: 67.28%
Validation progress: 50/156 batches (32.1%)
  - Elapsed: 2.5s, Estimated remaining: 5.2s
Validation: 55/156 batches (35.4%)
  - Batch Acc: 96.09%, Running Acc: 67.95%
Validation progress: 55/156 batches (35.3%)
  - Elapsed: 2.6s, Estimated remaining: 4.6s
Validation: 60/156 batches (38.6%)
  - Batch Acc: 92.19%, Running Acc: 68.72%
Validation progress: 60/156 batches (38.5%)
  - Elapsed: 2.6s, Estimated remaining: 4.0s
Validation: 65/156 batches (41.8%)
  - Batch Acc: 67.97%, Running Acc: 67.99%
Validation progress: 65/156 batches (41.7%)
  - Elapsed: 2.6s, Estimated remaining: 3.6s
Validation: 70/156 batches (45.1%)
  - Batch Acc: 95.31%, Running Acc: 68.05%
Validation progress: 70/156 batches (44.9%)
  - Elapsed: 2.7s, Estimated remaining: 3.2s
Validation: 75/156 batches (48.3%)
  - Batch Acc: 68.75%, Running Acc: 66.85%
Validation progress: 75/156 batches (48.1%)
  - Elapsed: 2.7s, Estimated remaining: 2.8s
Validation: 80/156 batches (51.5%)
  - Batch Acc: 96.09%, Running Acc: 65.87%
Validation progress: 80/156 batches (51.3%)
  - Elapsed: 2.7s, Estimated remaining: 2.5s
Validation: 85/156 batches (54.7%)
  - Batch Acc: 60.94%, Running Acc: 65.32%
Validation progress: 85/156 batches (54.5%)
  - Elapsed: 2.8s, Estimated remaining: 2.3s
Validation: 90/156 batches (57.9%)
  - Batch Acc: 32.81%, Running Acc: 63.16%
Validation progress: 90/156 batches (57.7%)
  - Elapsed: 2.8s, Estimated remaining: 2.0s
Validation: 95/156 batches (61.1%)
  - Batch Acc: 37.50%, Running Acc: 61.84%
Validation progress: 95/156 batches (60.9%)
  - Elapsed: 2.9s, Estimated remaining: 1.8s
Validation: 100/156 batches (64.4%)
  - Batch Acc: 48.44%, Running Acc: 61.50%
Validation progress: 100/156 batches (64.1%)
  - Elapsed: 2.9s, Estimated remaining: 1.6s
Validation: 105/156 batches (67.6%)
  - Batch Acc: 67.97%, Running Acc: 61.43%
Validation progress: 105/156 batches (67.3%)
  - Elapsed: 2.9s, Estimated remaining: 1.4s
Validation: 110/156 batches (70.8%)
  - Batch Acc: 80.47%, Running Acc: 61.99%
Validation progress: 110/156 batches (70.5%)
  - Elapsed: 3.0s, Estimated remaining: 1.2s
Validation: 115/156 batches (74.0%)
  - Batch Acc: 46.09%, Running Acc: 61.92%
Validation progress: 115/156 batches (73.7%)
  - Elapsed: 3.0s, Estimated remaining: 1.0s
Validation: 120/156 batches (77.2%)
  - Batch Acc: 65.62%, Running Acc: 62.23%
Validation progress: 120/156 batches (76.9%)
  - Elapsed: 3.0s, Estimated remaining: 0.9s
Validation: 125/156 batches (80.5%)
  - Batch Acc: 76.56%, Running Acc: 62.65%
Validation progress: 125/156 batches (80.1%)
  - Elapsed: 3.1s, Estimated remaining: 0.7s
Validation: 130/156 batches (83.7%)
  - Batch Acc: 90.62%, Running Acc: 63.54%
Validation progress: 130/156 batches (83.3%)
  - Elapsed: 3.1s, Estimated remaining: 0.6s
Validation: 135/156 batches (86.9%)
  - Batch Acc: 64.06%, Running Acc: 64.06%
Validation progress: 135/156 batches (86.5%)
  - Elapsed: 3.2s, Estimated remaining: 0.5s
Validation: 140/156 batches (90.1%)
  - Batch Acc: 79.69%, Running Acc: 63.58%
Validation progress: 140/156 batches (89.7%)
  - Elapsed: 3.2s, Estimated remaining: 0.3s
Validation: 145/156 batches (93.3%)
  - Batch Acc: 92.97%, Running Acc: 63.87%
Validation progress: 145/156 batches (92.9%)
  - Elapsed: 3.2s, Estimated remaining: 0.2s
Validation: 150/156 batches (96.6%)
  - Batch Acc: 39.06%, Running Acc: 63.62%
Validation progress: 150/156 batches (96.2%)
  - Elapsed: 3.3s, Estimated remaining: 0.1s
Validation: 155/156 batches (99.8%)
  - Batch Acc: 99.22%, Running Acc: 64.42%
Validation progress: 155/156 batches (99.4%)
  - Elapsed: 3.3s, Estimated remaining: 0.0s
Validation: 156/156 batches (100.4%)
  - Batch Acc: 73.91%, Running Acc: 64.44%
Validation complete in 3.75s - Loss: 2.4437, Accuracy: 0.6444

==== Epoch 14/100 ====
Starting training phase...
Training on 79595 samples...
Training: 100/622 batches (16.1%)
  - Batch Acc: 98.44%, Running Acc: 98.59%
  - Loss: 0.0391, Grad Norm: 0.0348
  - Learning Rate: 0.000200
Training: 200/622 batches (32.2%)
  - Batch Acc: 97.66%, Running Acc: 98.57%
  - Loss: 0.0498, Grad Norm: 0.0331
  - Learning Rate: 0.000200
Training: 300/622 batches (48.2%)
  - Batch Acc: 99.22%, Running Acc: 98.58%
  - Loss: 0.0146, Grad Norm: 0.0689
  - Learning Rate: 0.000200
Training: 400/622 batches (64.3%)
  - Batch Acc: 98.44%, Running Acc: 98.61%
  - Loss: 0.0343, Grad Norm: 0.0226
  - Learning Rate: 0.000200
Training: 500/622 batches (80.4%)
  - Batch Acc: 98.44%, Running Acc: 98.63%
  - Loss: 0.0303, Grad Norm: 0.0444
  - Learning Rate: 0.000200
Training: 600/622 batches (96.5%)
  - Batch Acc: 100.00%, Running Acc: 98.61%
  - Loss: 0.0091, Grad Norm: 0.0224
  - Learning Rate: 0.000200
Training: 622/622 batches (100.0%)
  - Batch Acc: 100.00%, Running Acc: 98.62%
  - Loss: 0.0119, Grad Norm: 0.0231
  - Learning Rate: 0.000200

Training phase complete
Epoch Summary:
  - Average Loss: 0.0272
  - Average Accuracy: 98.62%
  - Average Grad Norm: 0.0454
  - Final Learning Rate: 0.000200
Starting validation phase...
Starting validation on 19886 samples...
Entering no_grad block for validation
Validation progress: 0/156 batches (0.0%)
  - Elapsed: 2.1s, Estimated remaining: 0.0s
Validation: 5/156 batches (3.2%)
  - Batch Acc: 27.34%, Running Acc: 58.44%
Validation progress: 5/156 batches (3.2%)
  - Elapsed: 2.2s, Estimated remaining: 54.6s
Validation: 10/156 batches (6.4%)
  - Batch Acc: 92.19%, Running Acc: 69.84%
Validation progress: 10/156 batches (6.4%)
  - Elapsed: 2.2s, Estimated remaining: 29.6s
Validation: 15/156 batches (9.7%)
  - Batch Acc: 100.00%, Running Acc: 61.88%
Validation progress: 15/156 batches (9.6%)
  - Elapsed: 2.3s, Estimated remaining: 19.7s
Validation: 20/156 batches (12.9%)
  - Batch Acc: 96.09%, Running Acc: 67.23%
Validation progress: 20/156 batches (12.8%)
  - Elapsed: 2.3s, Estimated remaining: 14.7s
Validation: 25/156 batches (16.1%)
  - Batch Acc: 60.94%, Running Acc: 67.31%
Validation progress: 25/156 batches (16.0%)
  - Elapsed: 2.3s, Estimated remaining: 11.7s
Validation: 30/156 batches (19.3%)
  - Batch Acc: 61.72%, Running Acc: 63.59%
Validation progress: 30/156 batches (19.2%)
  - Elapsed: 2.4s, Estimated remaining: 9.6s
Validation: 35/156 batches (22.5%)
  - Batch Acc: 100.00%, Running Acc: 65.87%
Validation progress: 35/156 batches (22.4%)
  - Elapsed: 2.4s, Estimated remaining: 8.1s
Validation: 40/156 batches (25.7%)
  - Batch Acc: 17.19%, Running Acc: 66.54%
Validation progress: 40/156 batches (25.6%)
  - Elapsed: 2.5s, Estimated remaining: 6.9s
Validation: 45/156 batches (29.0%)
  - Batch Acc: 100.00%, Running Acc: 67.66%
Validation progress: 45/156 batches (28.8%)
  - Elapsed: 2.5s, Estimated remaining: 6.0s
Validation: 50/156 batches (32.2%)
  - Batch Acc: 96.88%, Running Acc: 66.39%
Validation progress: 50/156 batches (32.1%)
  - Elapsed: 2.5s, Estimated remaining: 5.2s
Validation: 55/156 batches (35.4%)
  - Batch Acc: 96.09%, Running Acc: 67.29%
Validation progress: 55/156 batches (35.3%)
  - Elapsed: 2.6s, Estimated remaining: 4.6s
Validation: 60/156 batches (38.6%)
  - Batch Acc: 94.53%, Running Acc: 68.48%
Validation progress: 60/156 batches (38.5%)
  - Elapsed: 2.6s, Estimated remaining: 4.1s
Validation: 65/156 batches (41.8%)
  - Batch Acc: 71.88%, Running Acc: 67.91%
Validation progress: 65/156 batches (41.7%)
  - Elapsed: 2.7s, Estimated remaining: 3.6s
Validation: 70/156 batches (45.1%)
  - Batch Acc: 96.09%, Running Acc: 68.04%
Validation progress: 70/156 batches (44.9%)
  - Elapsed: 2.7s, Estimated remaining: 3.2s
Validation: 75/156 batches (48.3%)
  - Batch Acc: 67.19%, Running Acc: 67.00%
Validation progress: 75/156 batches (48.1%)
  - Elapsed: 2.7s, Estimated remaining: 2.9s
Validation: 80/156 batches (51.5%)
  - Batch Acc: 96.09%, Running Acc: 65.94%
Validation progress: 80/156 batches (51.3%)
  - Elapsed: 2.8s, Estimated remaining: 2.6s
Validation: 85/156 batches (54.7%)
  - Batch Acc: 62.50%, Running Acc: 65.22%
Validation progress: 85/156 batches (54.5%)
  - Elapsed: 2.8s, Estimated remaining: 2.3s
Validation: 90/156 batches (57.9%)
  - Batch Acc: 36.72%, Running Acc: 63.21%
Validation progress: 90/156 batches (57.7%)
  - Elapsed: 2.9s, Estimated remaining: 2.0s
Validation: 95/156 batches (61.1%)
  - Batch Acc: 42.19%, Running Acc: 61.85%
Validation progress: 95/156 batches (60.9%)
  - Elapsed: 2.9s, Estimated remaining: 1.8s
Validation: 100/156 batches (64.4%)
  - Batch Acc: 43.75%, Running Acc: 61.29%
Validation progress: 100/156 batches (64.1%)
  - Elapsed: 2.9s, Estimated remaining: 1.6s
Validation: 105/156 batches (67.6%)
  - Batch Acc: 67.97%, Running Acc: 61.16%
Validation progress: 105/156 batches (67.3%)
  - Elapsed: 3.0s, Estimated remaining: 1.4s
Validation: 110/156 batches (70.8%)
  - Batch Acc: 82.81%, Running Acc: 61.73%
Validation progress: 110/156 batches (70.5%)
  - Elapsed: 3.0s, Estimated remaining: 1.2s
Validation: 115/156 batches (74.0%)
  - Batch Acc: 64.06%, Running Acc: 61.87%
Validation progress: 115/156 batches (73.7%)
  - Elapsed: 3.0s, Estimated remaining: 1.1s
Validation: 120/156 batches (77.2%)
  - Batch Acc: 80.47%, Running Acc: 62.53%
Validation progress: 120/156 batches (76.9%)
  - Elapsed: 3.1s, Estimated remaining: 0.9s
Validation: 125/156 batches (80.5%)
  - Batch Acc: 83.59%, Running Acc: 63.19%
Validation progress: 125/156 batches (80.1%)
  - Elapsed: 3.1s, Estimated remaining: 0.7s
Validation: 130/156 batches (83.7%)
  - Batch Acc: 90.62%, Running Acc: 64.22%
Validation progress: 130/156 batches (83.3%)
  - Elapsed: 3.2s, Estimated remaining: 0.6s
Validation: 135/156 batches (86.9%)
  - Batch Acc: 66.41%, Running Acc: 64.53%
Validation progress: 135/156 batches (86.5%)
  - Elapsed: 3.2s, Estimated remaining: 0.5s
Validation: 140/156 batches (90.1%)
  - Batch Acc: 75.00%, Running Acc: 64.04%
Validation progress: 140/156 batches (89.7%)
  - Elapsed: 3.2s, Estimated remaining: 0.3s
Validation: 145/156 batches (93.3%)
  - Batch Acc: 92.97%, Running Acc: 64.38%
Validation progress: 145/156 batches (92.9%)
  - Elapsed: 3.3s, Estimated remaining: 0.2s
Validation: 150/156 batches (96.6%)
  - Batch Acc: 40.62%, Running Acc: 64.11%
Validation progress: 150/156 batches (96.2%)
  - Elapsed: 3.3s, Estimated remaining: 0.1s
Validation: 155/156 batches (99.8%)
  - Batch Acc: 97.66%, Running Acc: 64.94%
Validation progress: 155/156 batches (99.4%)
  - Elapsed: 3.4s, Estimated remaining: 0.0s
Validation: 156/156 batches (100.4%)
  - Batch Acc: 80.43%, Running Acc: 64.98%
Validation complete in 3.82s - Loss: 2.4314, Accuracy: 0.6498

==== Epoch 15/100 ====
Starting training phase...
Training on 79595 samples...
Training: 100/622 batches (16.1%)
  - Batch Acc: 98.44%, Running Acc: 98.66%
  - Loss: 0.0351, Grad Norm: 0.1349
  - Learning Rate: 0.000200
Training: 200/622 batches (32.2%)
  - Batch Acc: 100.00%, Running Acc: 98.59%
  - Loss: 0.0095, Grad Norm: 0.0204
  - Learning Rate: 0.000200
Training: 300/622 batches (48.2%)
  - Batch Acc: 98.44%, Running Acc: 98.58%
  - Loss: 0.0310, Grad Norm: 0.1369
  - Learning Rate: 0.000200
Training: 400/622 batches (64.3%)
  - Batch Acc: 97.66%, Running Acc: 98.61%
  - Loss: 0.0345, Grad Norm: 0.0643
  - Learning Rate: 0.000200
Training: 500/622 batches (80.4%)
  - Batch Acc: 98.44%, Running Acc: 98.64%
  - Loss: 0.0313, Grad Norm: 0.0210
  - Learning Rate: 0.000200
Training: 600/622 batches (96.5%)
  - Batch Acc: 98.44%, Running Acc: 98.64%
  - Loss: 0.0261, Grad Norm: 0.0213
  - Learning Rate: 0.000200
Training: 622/622 batches (100.0%)
  - Batch Acc: 100.00%, Running Acc: 98.63%
  - Loss: 0.0002, Grad Norm: 0.0014
  - Learning Rate: 0.000200

Training phase complete
Epoch Summary:
  - Average Loss: 0.0266
  - Average Accuracy: 98.63%
  - Average Grad Norm: 0.0427
  - Final Learning Rate: 0.000200
Starting validation phase...
Starting validation on 19886 samples...
Entering no_grad block for validation
Validation progress: 0/156 batches (0.0%)
  - Elapsed: 2.1s, Estimated remaining: 0.0s
Validation: 5/156 batches (3.2%)
  - Batch Acc: 67.19%, Running Acc: 73.44%
Validation progress: 5/156 batches (3.2%)
  - Elapsed: 2.2s, Estimated remaining: 54.4s
Validation: 10/156 batches (6.4%)
  - Batch Acc: 60.94%, Running Acc: 65.94%
Validation progress: 10/156 batches (6.4%)
  - Elapsed: 2.2s, Estimated remaining: 29.2s
Validation: 15/156 batches (9.7%)
  - Batch Acc: 98.44%, Running Acc: 57.14%
Validation progress: 15/156 batches (9.6%)
  - Elapsed: 2.2s, Estimated remaining: 19.6s
Validation: 20/156 batches (12.9%)
  - Batch Acc: 96.09%, Running Acc: 61.45%
Validation progress: 20/156 batches (12.8%)
  - Elapsed: 2.3s, Estimated remaining: 14.6s
Validation: 25/156 batches (16.1%)
  - Batch Acc: 57.81%, Running Acc: 60.91%
Validation progress: 25/156 batches (16.0%)
  - Elapsed: 2.3s, Estimated remaining: 11.6s
Validation: 30/156 batches (19.3%)
  - Batch Acc: 53.12%, Running Acc: 57.63%
Validation progress: 30/156 batches (19.2%)
  - Elapsed: 2.4s, Estimated remaining: 9.5s
Validation: 35/156 batches (22.5%)
  - Batch Acc: 100.00%, Running Acc: 60.83%
Validation progress: 35/156 batches (22.4%)
  - Elapsed: 2.4s, Estimated remaining: 7.9s
Validation: 40/156 batches (25.7%)
  - Batch Acc: 40.62%, Running Acc: 62.71%
Validation progress: 40/156 batches (25.6%)
  - Elapsed: 2.4s, Estimated remaining: 6.8s
Validation: 45/156 batches (29.0%)
  - Batch Acc: 100.00%, Running Acc: 65.24%
Validation progress: 45/156 batches (28.8%)
  - Elapsed: 2.5s, Estimated remaining: 5.9s
Validation: 50/156 batches (32.2%)
  - Batch Acc: 82.81%, Running Acc: 65.61%
Validation progress: 50/156 batches (32.1%)
  - Elapsed: 2.5s, Estimated remaining: 5.1s
Validation: 55/156 batches (35.4%)
  - Batch Acc: 92.97%, Running Acc: 65.74%
Validation progress: 55/156 batches (35.3%)
  - Elapsed: 2.5s, Estimated remaining: 4.5s
Validation: 60/156 batches (38.6%)
  - Batch Acc: 93.75%, Running Acc: 66.98%
Validation progress: 60/156 batches (38.5%)
  - Elapsed: 2.6s, Estimated remaining: 4.0s
Validation: 65/156 batches (41.8%)
  - Batch Acc: 75.78%, Running Acc: 65.84%
Validation progress: 65/156 batches (41.7%)
  - Elapsed: 2.6s, Estimated remaining: 3.5s
Validation: 70/156 batches (45.1%)
  - Batch Acc: 74.22%, Running Acc: 65.16%
Validation progress: 70/156 batches (44.9%)
  - Elapsed: 2.6s, Estimated remaining: 3.2s
Validation: 75/156 batches (48.3%)
  - Batch Acc: 65.62%, Running Acc: 63.94%
Validation progress: 75/156 batches (48.1%)
  - Elapsed: 2.7s, Estimated remaining: 2.8s
Validation: 80/156 batches (51.5%)
  - Batch Acc: 96.88%, Running Acc: 63.48%
Validation progress: 80/156 batches (51.3%)
  - Elapsed: 2.7s, Estimated remaining: 2.5s
Validation: 85/156 batches (54.7%)
  - Batch Acc: 42.19%, Running Acc: 63.21%
Validation progress: 85/156 batches (54.5%)
  - Elapsed: 2.8s, Estimated remaining: 2.2s
Validation: 90/156 batches (57.9%)
  - Batch Acc: 39.06%, Running Acc: 61.05%
Validation progress: 90/156 batches (57.7%)
  - Elapsed: 2.8s, Estimated remaining: 2.0s
Validation: 95/156 batches (61.1%)
  - Batch Acc: 38.28%, Running Acc: 60.35%
Validation progress: 95/156 batches (60.9%)
  - Elapsed: 2.8s, Estimated remaining: 1.8s
Validation: 100/156 batches (64.4%)
  - Batch Acc: 64.06%, Running Acc: 60.41%
Validation progress: 100/156 batches (64.1%)
  - Elapsed: 2.9s, Estimated remaining: 1.6s
Validation: 105/156 batches (67.6%)
  - Batch Acc: 73.44%, Running Acc: 60.46%
Validation progress: 105/156 batches (67.3%)
  - Elapsed: 2.9s, Estimated remaining: 1.4s
Validation: 110/156 batches (70.8%)
  - Batch Acc: 82.81%, Running Acc: 60.90%
Validation progress: 110/156 batches (70.5%)
  - Elapsed: 2.9s, Estimated remaining: 1.2s
Validation: 115/156 batches (74.0%)
  - Batch Acc: 3.91%, Running Acc: 60.07%
Validation progress: 115/156 batches (73.7%)
  - Elapsed: 3.0s, Estimated remaining: 1.0s
Validation: 120/156 batches (77.2%)
  - Batch Acc: 35.94%, Running Acc: 59.91%
Validation progress: 120/156 batches (76.9%)
  - Elapsed: 3.0s, Estimated remaining: 0.9s
Validation: 125/156 batches (80.5%)
  - Batch Acc: 76.56%, Running Acc: 59.97%
Validation progress: 125/156 batches (80.1%)
  - Elapsed: 3.1s, Estimated remaining: 0.7s
Validation: 130/156 batches (83.7%)
  - Batch Acc: 89.06%, Running Acc: 60.84%
Validation progress: 130/156 batches (83.3%)
  - Elapsed: 3.1s, Estimated remaining: 0.6s
Validation: 135/156 batches (86.9%)
  - Batch Acc: 78.91%, Running Acc: 61.78%
Validation progress: 135/156 batches (86.5%)
  - Elapsed: 3.1s, Estimated remaining: 0.5s
Validation: 140/156 batches (90.1%)
  - Batch Acc: 66.41%, Running Acc: 61.07%
Validation progress: 140/156 batches (89.7%)
  - Elapsed: 3.2s, Estimated remaining: 0.3s
Validation: 145/156 batches (93.3%)
  - Batch Acc: 91.41%, Running Acc: 61.36%
Validation progress: 145/156 batches (92.9%)
  - Elapsed: 3.2s, Estimated remaining: 0.2s
Validation: 150/156 batches (96.6%)
  - Batch Acc: 36.72%, Running Acc: 61.17%
Validation progress: 150/156 batches (96.2%)
  - Elapsed: 3.2s, Estimated remaining: 0.1s
Validation: 155/156 batches (99.8%)
  - Batch Acc: 96.88%, Running Acc: 61.93%
Validation progress: 155/156 batches (99.4%)
  - Elapsed: 3.3s, Estimated remaining: 0.0s
Validation: 156/156 batches (100.4%)
  - Batch Acc: 76.09%, Running Acc: 61.96%
Validation complete in 3.73s - Loss: 2.7470, Accuracy: 0.6196

==== Epoch 16/100 ====
Starting training phase...
Training on 79595 samples...
Training: 100/622 batches (16.1%)
  - Batch Acc: 99.22%, Running Acc: 98.62%
  - Loss: 0.0269, Grad Norm: 0.0345
  - Learning Rate: 0.000200
Training: 200/622 batches (32.2%)
  - Batch Acc: 99.22%, Running Acc: 98.59%
  - Loss: 0.0263, Grad Norm: 0.0613
  - Learning Rate: 0.000200
Training: 300/622 batches (48.2%)
  - Batch Acc: 100.00%, Running Acc: 98.60%
  - Loss: 0.0097, Grad Norm: 0.0209
  - Learning Rate: 0.000200
Training: 400/622 batches (64.3%)
  - Batch Acc: 97.66%, Running Acc: 98.64%
  - Loss: 0.0390, Grad Norm: 0.0240
  - Learning Rate: 0.000200
Training: 500/622 batches (80.4%)
  - Batch Acc: 99.22%, Running Acc: 98.62%
  - Loss: 0.0105, Grad Norm: 0.0131
  - Learning Rate: 0.000200
Training: 600/622 batches (96.5%)
  - Batch Acc: 100.00%, Running Acc: 98.61%
  - Loss: 0.0160, Grad Norm: 0.0422
  - Learning Rate: 0.000200
Training: 622/622 batches (100.0%)
  - Batch Acc: 98.13%, Running Acc: 98.63%
  - Loss: 0.0218, Grad Norm: 0.0427
  - Learning Rate: 0.000200

Training phase complete
Epoch Summary:
  - Average Loss: 0.0267
  - Average Accuracy: 98.63%
  - Average Grad Norm: 0.0429
  - Final Learning Rate: 0.000200
Starting validation phase...
Starting validation on 19886 samples...
Entering no_grad block for validation
Validation progress: 0/156 batches (0.0%)
  - Elapsed: 1.8s, Estimated remaining: 0.0s
Validation: 5/156 batches (3.2%)
  - Batch Acc: 36.72%, Running Acc: 60.47%
Validation progress: 5/156 batches (3.2%)
  - Elapsed: 1.8s, Estimated remaining: 46.0s
Validation: 10/156 batches (6.4%)
  - Batch Acc: 88.28%, Running Acc: 70.62%
Validation progress: 10/156 batches (6.4%)
  - Elapsed: 1.9s, Estimated remaining: 24.8s
Validation: 15/156 batches (9.7%)
  - Batch Acc: 98.44%, Running Acc: 60.78%
Validation progress: 15/156 batches (9.6%)
  - Elapsed: 1.9s, Estimated remaining: 16.7s
Validation: 20/156 batches (12.9%)
  - Batch Acc: 99.22%, Running Acc: 66.37%
Validation progress: 20/156 batches (12.8%)
  - Elapsed: 2.0s, Estimated remaining: 12.6s
Validation: 25/156 batches (16.1%)
  - Batch Acc: 54.69%, Running Acc: 66.16%
Validation progress: 25/156 batches (16.0%)
  - Elapsed: 2.0s, Estimated remaining: 9.9s
Validation: 30/156 batches (19.3%)
  - Batch Acc: 62.50%, Running Acc: 62.19%
Validation progress: 30/156 batches (19.2%)
  - Elapsed: 2.0s, Estimated remaining: 8.1s
Validation: 35/156 batches (22.5%)
  - Batch Acc: 100.00%, Running Acc: 64.53%
Validation progress: 35/156 batches (22.4%)
  - Elapsed: 2.1s, Estimated remaining: 6.8s
Validation: 40/156 batches (25.7%)
  - Batch Acc: 0.78%, Running Acc: 64.96%
Validation progress: 40/156 batches (25.6%)
  - Elapsed: 2.1s, Estimated remaining: 5.9s
Validation: 45/156 batches (29.0%)
  - Batch Acc: 100.00%, Running Acc: 65.92%
Validation progress: 45/156 batches (28.8%)
  - Elapsed: 2.1s, Estimated remaining: 5.1s
Validation: 50/156 batches (32.2%)
  - Batch Acc: 92.97%, Running Acc: 64.52%
Validation progress: 50/156 batches (32.1%)
  - Elapsed: 2.2s, Estimated remaining: 4.4s
Validation: 55/156 batches (35.4%)
  - Batch Acc: 96.09%, Running Acc: 66.11%
Validation progress: 55/156 batches (35.3%)
  - Elapsed: 2.2s, Estimated remaining: 3.9s
Validation: 60/156 batches (38.6%)
  - Batch Acc: 94.53%, Running Acc: 67.50%
Validation progress: 60/156 batches (38.5%)
  - Elapsed: 2.2s, Estimated remaining: 3.5s
Validation: 65/156 batches (41.8%)
  - Batch Acc: 77.34%, Running Acc: 67.19%
Validation progress: 65/156 batches (41.7%)
  - Elapsed: 2.3s, Estimated remaining: 3.1s
Validation: 70/156 batches (45.1%)
  - Batch Acc: 97.66%, Running Acc: 67.42%
Validation progress: 70/156 batches (44.9%)
  - Elapsed: 2.3s, Estimated remaining: 2.8s
Validation: 75/156 batches (48.3%)
  - Batch Acc: 76.56%, Running Acc: 66.82%
Validation progress: 75/156 batches (48.1%)
  - Elapsed: 2.4s, Estimated remaining: 2.5s
Validation: 80/156 batches (51.5%)
  - Batch Acc: 91.41%, Running Acc: 65.61%
Validation progress: 80/156 batches (51.3%)
  - Elapsed: 2.4s, Estimated remaining: 2.2s
Validation: 85/156 batches (54.7%)
  - Batch Acc: 60.94%, Running Acc: 65.19%
Validation progress: 85/156 batches (54.5%)
  - Elapsed: 2.4s, Estimated remaining: 2.0s
Validation: 90/156 batches (57.9%)
  - Batch Acc: 30.47%, Running Acc: 63.12%
Validation progress: 90/156 batches (57.7%)
  - Elapsed: 2.5s, Estimated remaining: 1.8s
Validation: 95/156 batches (61.1%)
  - Batch Acc: 27.34%, Running Acc: 61.46%
Validation progress: 95/156 batches (60.9%)
  - Elapsed: 2.5s, Estimated remaining: 1.6s
Validation: 100/156 batches (64.4%)
  - Batch Acc: 43.75%, Running Acc: 60.85%
Validation progress: 100/156 batches (64.1%)
  - Elapsed: 2.6s, Estimated remaining: 1.4s
Validation: 105/156 batches (67.6%)
  - Batch Acc: 61.72%, Running Acc: 60.61%
Validation progress: 105/156 batches (67.3%)
  - Elapsed: 2.6s, Estimated remaining: 1.2s
Validation: 110/156 batches (70.8%)
  - Batch Acc: 92.97%, Running Acc: 61.46%
Validation progress: 110/156 batches (70.5%)
  - Elapsed: 2.6s, Estimated remaining: 1.1s
Validation: 115/156 batches (74.0%)
  - Batch Acc: 63.28%, Running Acc: 61.64%
Validation progress: 115/156 batches (73.7%)
  - Elapsed: 2.7s, Estimated remaining: 0.9s
Validation: 120/156 batches (77.2%)
  - Batch Acc: 75.00%, Running Acc: 62.25%
Validation progress: 120/156 batches (76.9%)
  - Elapsed: 2.7s, Estimated remaining: 0.8s
Validation: 125/156 batches (80.5%)
  - Batch Acc: 86.72%, Running Acc: 62.96%
Validation progress: 125/156 batches (80.1%)
  - Elapsed: 2.7s, Estimated remaining: 0.7s
Validation: 130/156 batches (83.7%)
  - Batch Acc: 91.41%, Running Acc: 64.07%
Validation progress: 130/156 batches (83.3%)
  - Elapsed: 2.8s, Estimated remaining: 0.5s
Validation: 135/156 batches (86.9%)
  - Batch Acc: 64.84%, Running Acc: 64.46%
Validation progress: 135/156 batches (86.5%)
  - Elapsed: 2.8s, Estimated remaining: 0.4s
Validation: 140/156 batches (90.1%)
  - Batch Acc: 79.69%, Running Acc: 64.05%
Validation progress: 140/156 batches (89.7%)
  - Elapsed: 2.9s, Estimated remaining: 0.3s
Validation: 145/156 batches (93.3%)
  - Batch Acc: 90.62%, Running Acc: 64.48%
Validation progress: 145/156 batches (92.9%)
  - Elapsed: 2.9s, Estimated remaining: 0.2s
Validation: 150/156 batches (96.6%)
  - Batch Acc: 43.75%, Running Acc: 64.14%
Validation progress: 150/156 batches (96.2%)
  - Elapsed: 2.9s, Estimated remaining: 0.1s
Validation: 155/156 batches (99.8%)
  - Batch Acc: 99.22%, Running Acc: 65.06%
Validation progress: 155/156 batches (99.4%)
  - Elapsed: 3.0s, Estimated remaining: 0.0s
Validation: 156/156 batches (100.4%)
  - Batch Acc: 67.39%, Running Acc: 65.07%
Validation complete in 3.45s - Loss: 2.6146, Accuracy: 0.6507

==== Epoch 17/100 ====
Starting training phase...
Training on 79595 samples...
Training: 100/622 batches (16.1%)
  - Batch Acc: 99.22%, Running Acc: 98.59%
  - Loss: 0.0257, Grad Norm: 0.0601
  - Learning Rate: 0.000200
Training: 200/622 batches (32.2%)
  - Batch Acc: 96.09%, Running Acc: 98.60%
  - Loss: 0.0523, Grad Norm: 0.0628
  - Learning Rate: 0.000200
Training: 300/622 batches (48.2%)
  - Batch Acc: 99.22%, Running Acc: 98.64%
  - Loss: 0.0137, Grad Norm: 0.0458
  - Learning Rate: 0.000200
Training: 400/622 batches (64.3%)
  - Batch Acc: 95.31%, Running Acc: 98.56%
  - Loss: 0.0570, Grad Norm: 0.0678
  - Learning Rate: 0.000200
Training: 500/622 batches (80.4%)
  - Batch Acc: 99.22%, Running Acc: 98.58%
  - Loss: 0.0209, Grad Norm: 0.0272
  - Learning Rate: 0.000200
Training: 600/622 batches (96.5%)
  - Batch Acc: 98.44%, Running Acc: 98.59%
  - Loss: 0.0290, Grad Norm: 0.0418
  - Learning Rate: 0.000200
Training: 622/622 batches (100.0%)
  - Batch Acc: 98.13%, Running Acc: 98.60%
  - Loss: 0.0300, Grad Norm: 0.0355
  - Learning Rate: 0.000200

Training phase complete
Epoch Summary:
  - Average Loss: 0.0272
  - Average Accuracy: 98.60%
  - Average Grad Norm: 0.0485
  - Final Learning Rate: 0.000200
Starting validation phase...
Starting validation on 19886 samples...
Entering no_grad block for validation
Validation progress: 0/156 batches (0.0%)
  - Elapsed: 2.1s, Estimated remaining: 0.0s
Validation: 5/156 batches (3.2%)
  - Batch Acc: 20.31%, Running Acc: 54.06%
Validation progress: 5/156 batches (3.2%)
  - Elapsed: 2.2s, Estimated remaining: 54.6s
Validation: 10/156 batches (6.4%)
  - Batch Acc: 94.53%, Running Acc: 69.61%
Validation progress: 10/156 batches (6.4%)
  - Elapsed: 2.2s, Estimated remaining: 29.4s
Validation: 15/156 batches (9.7%)
  - Batch Acc: 100.00%, Running Acc: 62.55%
Validation progress: 15/156 batches (9.6%)
  - Elapsed: 2.3s, Estimated remaining: 19.8s
Validation: 20/156 batches (12.9%)
  - Batch Acc: 99.22%, Running Acc: 67.11%
Validation progress: 20/156 batches (12.8%)
  - Elapsed: 2.3s, Estimated remaining: 14.8s
Validation: 25/156 batches (16.1%)
  - Batch Acc: 55.47%, Running Acc: 67.44%
Validation progress: 25/156 batches (16.0%)
  - Elapsed: 2.3s, Estimated remaining: 11.7s
Validation: 30/156 batches (19.3%)
  - Batch Acc: 69.53%, Running Acc: 63.70%
Validation progress: 30/156 batches (19.2%)
  - Elapsed: 2.4s, Estimated remaining: 9.6s
Validation: 35/156 batches (22.5%)
  - Batch Acc: 100.00%, Running Acc: 65.85%
Validation progress: 35/156 batches (22.4%)
  - Elapsed: 2.4s, Estimated remaining: 8.1s
Validation: 40/156 batches (25.7%)
  - Batch Acc: 1.56%, Running Acc: 66.13%
Validation progress: 40/156 batches (25.6%)
  - Elapsed: 2.5s, Estimated remaining: 6.9s
Validation: 45/156 batches (29.0%)
  - Batch Acc: 100.00%, Running Acc: 65.64%
Validation progress: 45/156 batches (28.8%)
  - Elapsed: 2.5s, Estimated remaining: 6.0s
Validation: 50/156 batches (32.2%)
  - Batch Acc: 99.22%, Running Acc: 63.94%
Validation progress: 50/156 batches (32.1%)
  - Elapsed: 2.5s, Estimated remaining: 5.2s
Validation: 55/156 batches (35.4%)
  - Batch Acc: 99.22%, Running Acc: 65.77%
Validation progress: 55/156 batches (35.3%)
  - Elapsed: 2.6s, Estimated remaining: 4.6s
Validation: 60/156 batches (38.6%)
  - Batch Acc: 97.66%, Running Acc: 67.37%
Validation progress: 60/156 batches (38.5%)
  - Elapsed: 2.6s, Estimated remaining: 4.1s
Validation: 65/156 batches (41.8%)
  - Batch Acc: 76.56%, Running Acc: 67.24%
Validation progress: 65/156 batches (41.7%)
  - Elapsed: 2.7s, Estimated remaining: 3.6s
Validation: 70/156 batches (45.1%)
  - Batch Acc: 99.22%, Running Acc: 67.76%
Validation progress: 70/156 batches (44.9%)
  - Elapsed: 2.7s, Estimated remaining: 3.2s
Validation: 75/156 batches (48.3%)
  - Batch Acc: 76.56%, Running Acc: 67.43%
Validation progress: 75/156 batches (48.1%)
  - Elapsed: 2.7s, Estimated remaining: 2.9s
Validation: 80/156 batches (51.5%)
  - Batch Acc: 76.56%, Running Acc: 65.74%
Validation progress: 80/156 batches (51.3%)
  - Elapsed: 2.8s, Estimated remaining: 2.6s
Validation: 85/156 batches (54.7%)
  - Batch Acc: 71.09%, Running Acc: 65.24%
Validation progress: 85/156 batches (54.5%)
  - Elapsed: 2.8s, Estimated remaining: 2.3s
Validation: 90/156 batches (57.9%)
  - Batch Acc: 28.12%, Running Acc: 63.38%
Validation progress: 90/156 batches (57.7%)
  - Elapsed: 2.9s, Estimated remaining: 2.0s
Validation: 95/156 batches (61.1%)
  - Batch Acc: 26.56%, Running Acc: 61.52%
Validation progress: 95/156 batches (60.9%)
  - Elapsed: 2.9s, Estimated remaining: 1.8s
Validation: 100/156 batches (64.4%)
  - Batch Acc: 42.19%, Running Acc: 60.73%
Validation progress: 100/156 batches (64.1%)
  - Elapsed: 2.9s, Estimated remaining: 1.6s
Validation: 105/156 batches (67.6%)
  - Batch Acc: 57.03%, Running Acc: 60.45%
Validation progress: 105/156 batches (67.3%)
  - Elapsed: 3.0s, Estimated remaining: 1.4s
Validation: 110/156 batches (70.8%)
  - Batch Acc: 93.75%, Running Acc: 61.40%
Validation progress: 110/156 batches (70.5%)
  - Elapsed: 3.0s, Estimated remaining: 1.2s
Validation: 115/156 batches (74.0%)
  - Batch Acc: 72.66%, Running Acc: 61.87%
Validation progress: 115/156 batches (73.7%)
  - Elapsed: 3.0s, Estimated remaining: 1.0s
Validation: 120/156 batches (77.2%)
  - Batch Acc: 90.62%, Running Acc: 62.71%
Validation progress: 120/156 batches (76.9%)
  - Elapsed: 3.1s, Estimated remaining: 0.9s
Validation: 125/156 batches (80.5%)
  - Batch Acc: 87.50%, Running Acc: 63.49%
Validation progress: 125/156 batches (80.1%)
  - Elapsed: 3.1s, Estimated remaining: 0.7s
Validation: 130/156 batches (83.7%)
  - Batch Acc: 91.41%, Running Acc: 64.67%
Validation progress: 130/156 batches (83.3%)
  - Elapsed: 3.2s, Estimated remaining: 0.6s
Validation: 135/156 batches (86.9%)
  - Batch Acc: 55.47%, Running Acc: 64.76%
Validation progress: 135/156 batches (86.5%)
  - Elapsed: 3.2s, Estimated remaining: 0.5s
Validation: 140/156 batches (90.1%)
  - Batch Acc: 85.94%, Running Acc: 64.69%
Validation progress: 140/156 batches (89.7%)
  - Elapsed: 3.2s, Estimated remaining: 0.3s
Validation: 145/156 batches (93.3%)
  - Batch Acc: 91.41%, Running Acc: 65.06%
Validation progress: 145/156 batches (92.9%)
  - Elapsed: 3.3s, Estimated remaining: 0.2s
Validation: 150/156 batches (96.6%)
  - Batch Acc: 47.66%, Running Acc: 64.76%
Validation progress: 150/156 batches (96.2%)
  - Elapsed: 3.3s, Estimated remaining: 0.1s
Validation: 155/156 batches (99.8%)
  - Batch Acc: 91.41%, Running Acc: 65.49%
Validation progress: 155/156 batches (99.4%)
  - Elapsed: 3.4s, Estimated remaining: 0.0s
Validation: 156/156 batches (100.4%)
  - Batch Acc: 69.57%, Running Acc: 65.50%
Validation complete in 3.82s - Loss: 2.6806, Accuracy: 0.6550

==== Epoch 18/100 ====
Starting training phase...
Training on 79595 samples...
Training: 100/622 batches (16.1%)
  - Batch Acc: 99.22%, Running Acc: 98.48%
  - Loss: 0.0283, Grad Norm: 0.0249
  - Learning Rate: 0.000200
Training: 200/622 batches (32.2%)
  - Batch Acc: 100.00%, Running Acc: 98.59%
  - Loss: 0.0150, Grad Norm: 0.0373
  - Learning Rate: 0.000200
Training: 300/622 batches (48.2%)
  - Batch Acc: 98.44%, Running Acc: 98.65%
  - Loss: 0.0225, Grad Norm: 0.0188
  - Learning Rate: 0.000200
Training: 400/622 batches (64.3%)
  - Batch Acc: 100.00%, Running Acc: 98.68%
  - Loss: 0.0186, Grad Norm: 0.0373
  - Learning Rate: 0.000200
Training: 500/622 batches (80.4%)
  - Batch Acc: 96.88%, Running Acc: 98.65%
  - Loss: 0.0474, Grad Norm: 0.0228
  - Learning Rate: 0.000200
Training: 600/622 batches (96.5%)
  - Batch Acc: 100.00%, Running Acc: 98.63%
  - Loss: 0.0314, Grad Norm: 0.0540
  - Learning Rate: 0.000200
Training: 622/622 batches (100.0%)
  - Batch Acc: 99.07%, Running Acc: 98.62%
  - Loss: 0.0172, Grad Norm: 0.0164
  - Learning Rate: 0.000200

Training phase complete
Epoch Summary:
  - Average Loss: 0.0268
  - Average Accuracy: 98.62%
  - Average Grad Norm: 0.0419
  - Final Learning Rate: 0.000200
Starting validation phase...
Starting validation on 19886 samples...
Entering no_grad block for validation
Validation progress: 0/156 batches (0.0%)
  - Elapsed: 2.2s, Estimated remaining: 0.0s
Validation: 5/156 batches (3.2%)
  - Batch Acc: 42.19%, Running Acc: 63.75%
Validation progress: 5/156 batches (3.2%)
  - Elapsed: 2.2s, Estimated remaining: 56.1s
Validation: 10/156 batches (6.4%)
  - Batch Acc: 81.25%, Running Acc: 72.42%
Validation progress: 10/156 batches (6.4%)
  - Elapsed: 2.3s, Estimated remaining: 30.2s
Validation: 15/156 batches (9.7%)
  - Batch Acc: 100.00%, Running Acc: 64.27%
Validation progress: 15/156 batches (9.6%)
  - Elapsed: 2.3s, Estimated remaining: 20.3s
Validation: 20/156 batches (12.9%)
  - Batch Acc: 96.88%, Running Acc: 68.52%
Validation progress: 20/156 batches (12.8%)
  - Elapsed: 2.4s, Estimated remaining: 15.2s
Validation: 25/156 batches (16.1%)
  - Batch Acc: 49.22%, Running Acc: 67.97%
Validation progress: 25/156 batches (16.0%)
  - Elapsed: 2.4s, Estimated remaining: 12.0s
Validation: 30/156 batches (19.3%)
  - Batch Acc: 67.19%, Running Acc: 63.67%
Validation progress: 30/156 batches (19.2%)
  - Elapsed: 2.5s, Estimated remaining: 9.9s
Validation: 35/156 batches (22.5%)
  - Batch Acc: 100.00%, Running Acc: 65.58%
Validation progress: 35/156 batches (22.4%)
  - Elapsed: 2.5s, Estimated remaining: 8.3s
Validation: 40/156 batches (25.7%)
  - Batch Acc: 0.00%, Running Acc: 65.86%
Validation progress: 40/156 batches (25.6%)
  - Elapsed: 2.5s, Estimated remaining: 7.1s
Validation: 45/156 batches (29.0%)
  - Batch Acc: 100.00%, Running Acc: 66.04%
Validation progress: 45/156 batches (28.8%)
  - Elapsed: 2.6s, Estimated remaining: 6.1s
Validation: 50/156 batches (32.2%)
  - Batch Acc: 92.19%, Running Acc: 64.47%
Validation progress: 50/156 batches (32.1%)
  - Elapsed: 2.6s, Estimated remaining: 5.4s
Validation: 55/156 batches (35.4%)
  - Batch Acc: 97.66%, Running Acc: 66.07%
Validation progress: 55/156 batches (35.3%)
  - Elapsed: 2.6s, Estimated remaining: 4.7s
Validation: 60/156 batches (38.6%)
  - Batch Acc: 95.31%, Running Acc: 67.42%
Validation progress: 60/156 batches (38.5%)
  - Elapsed: 2.7s, Estimated remaining: 4.2s
Validation: 65/156 batches (41.8%)
  - Batch Acc: 64.06%, Running Acc: 67.09%
Validation progress: 65/156 batches (41.7%)
  - Elapsed: 2.7s, Estimated remaining: 3.7s
Validation: 70/156 batches (45.1%)
  - Batch Acc: 97.66%, Running Acc: 67.33%
Validation progress: 70/156 batches (44.9%)
  - Elapsed: 2.8s, Estimated remaining: 3.3s
Validation: 75/156 batches (48.3%)
  - Batch Acc: 84.38%, Running Acc: 67.12%
Validation progress: 75/156 batches (48.1%)
  - Elapsed: 2.8s, Estimated remaining: 3.0s
Validation: 80/156 batches (51.5%)
  - Batch Acc: 91.41%, Running Acc: 65.78%
Validation progress: 80/156 batches (51.3%)
  - Elapsed: 2.8s, Estimated remaining: 2.6s
Validation: 85/156 batches (54.7%)
  - Batch Acc: 66.41%, Running Acc: 65.40%
Validation progress: 85/156 batches (54.5%)
  - Elapsed: 2.9s, Estimated remaining: 2.3s
Validation: 90/156 batches (57.9%)
  - Batch Acc: 31.25%, Running Acc: 63.37%
Validation progress: 90/156 batches (57.7%)
  - Elapsed: 2.9s, Estimated remaining: 2.1s
Validation: 95/156 batches (61.1%)
  - Batch Acc: 28.91%, Running Acc: 61.85%
Validation progress: 95/156 batches (60.9%)
  - Elapsed: 3.0s, Estimated remaining: 1.9s
Validation: 100/156 batches (64.4%)
  - Batch Acc: 48.44%, Running Acc: 61.45%
Validation progress: 100/156 batches (64.1%)
  - Elapsed: 3.0s, Estimated remaining: 1.6s
Validation: 105/156 batches (67.6%)
  - Batch Acc: 61.72%, Running Acc: 61.20%
Validation progress: 105/156 batches (67.3%)
  - Elapsed: 3.0s, Estimated remaining: 1.4s
Validation: 110/156 batches (70.8%)
  - Batch Acc: 93.75%, Running Acc: 62.00%
Validation progress: 110/156 batches (70.5%)
  - Elapsed: 3.1s, Estimated remaining: 1.3s
Validation: 115/156 batches (74.0%)
  - Batch Acc: 64.84%, Running Acc: 62.20%
Validation progress: 115/156 batches (73.7%)
  - Elapsed: 3.1s, Estimated remaining: 1.1s
Validation: 120/156 batches (77.2%)
  - Batch Acc: 75.78%, Running Acc: 62.77%
Validation progress: 120/156 batches (76.9%)
  - Elapsed: 3.2s, Estimated remaining: 0.9s
Validation: 125/156 batches (80.5%)
  - Batch Acc: 89.84%, Running Acc: 63.30%
Validation progress: 125/156 batches (80.1%)
  - Elapsed: 3.2s, Estimated remaining: 0.8s
Validation: 130/156 batches (83.7%)
  - Batch Acc: 90.62%, Running Acc: 64.27%
Validation progress: 130/156 batches (83.3%)
  - Elapsed: 3.2s, Estimated remaining: 0.6s
Validation: 135/156 batches (86.9%)
  - Batch Acc: 57.81%, Running Acc: 64.57%
Validation progress: 135/156 batches (86.5%)
  - Elapsed: 3.3s, Estimated remaining: 0.5s
Validation: 140/156 batches (90.1%)
  - Batch Acc: 78.12%, Running Acc: 64.05%
Validation progress: 140/156 batches (89.7%)
  - Elapsed: 3.3s, Estimated remaining: 0.4s
Validation: 145/156 batches (93.3%)
  - Batch Acc: 93.75%, Running Acc: 64.39%
Validation progress: 145/156 batches (92.9%)
  - Elapsed: 3.4s, Estimated remaining: 0.2s
Validation: 150/156 batches (96.6%)
  - Batch Acc: 42.97%, Running Acc: 64.00%
Validation progress: 150/156 batches (96.2%)
  - Elapsed: 3.4s, Estimated remaining: 0.1s
Validation: 155/156 batches (99.8%)
  - Batch Acc: 99.22%, Running Acc: 64.80%
Validation progress: 155/156 batches (99.4%)
  - Elapsed: 3.4s, Estimated remaining: 0.0s
Validation: 156/156 batches (100.4%)
  - Batch Acc: 67.39%, Running Acc: 64.80%
Validation complete in 3.90s - Loss: 2.7145, Accuracy: 0.6480

==== Epoch 19/100 ====
Starting training phase...
Training on 79595 samples...
Training: 100/622 batches (16.1%)
  - Batch Acc: 98.44%, Running Acc: 98.83%
  - Loss: 0.0357, Grad Norm: 0.0242
  - Learning Rate: 0.000200
Training: 200/622 batches (32.2%)
  - Batch Acc: 98.44%, Running Acc: 98.76%
  - Loss: 0.0280, Grad Norm: 0.0293
  - Learning Rate: 0.000200
Training: 300/622 batches (48.2%)
  - Batch Acc: 100.00%, Running Acc: 98.71%
  - Loss: 0.0216, Grad Norm: 0.0445
  - Learning Rate: 0.000200
Training: 400/622 batches (64.3%)
  - Batch Acc: 98.44%, Running Acc: 98.68%
  - Loss: 0.0312, Grad Norm: 0.0153
  - Learning Rate: 0.000200
Training: 500/622 batches (80.4%)
  - Batch Acc: 99.22%, Running Acc: 98.66%
  - Loss: 0.0210, Grad Norm: 0.1567
  - Learning Rate: 0.000200
Training: 600/622 batches (96.5%)
  - Batch Acc: 97.66%, Running Acc: 98.66%
  - Loss: 0.0374, Grad Norm: 0.0273
  - Learning Rate: 0.000200
Training: 622/622 batches (100.0%)
  - Batch Acc: 99.07%, Running Acc: 98.64%
  - Loss: 0.0191, Grad Norm: 0.0293
  - Learning Rate: 0.000200

Training phase complete
Epoch Summary:
  - Average Loss: 0.0261
  - Average Accuracy: 98.64%
  - Average Grad Norm: 0.0349
  - Final Learning Rate: 0.000200
Starting validation phase...
Starting validation on 19886 samples...
Entering no_grad block for validation
Validation progress: 0/156 batches (0.0%)
  - Elapsed: 2.2s, Estimated remaining: 0.0s
Validation: 5/156 batches (3.2%)
  - Batch Acc: 43.75%, Running Acc: 65.31%
Validation progress: 5/156 batches (3.2%)
  - Elapsed: 2.2s, Estimated remaining: 56.1s
Validation: 10/156 batches (6.4%)
  - Batch Acc: 80.47%, Running Acc: 71.80%
Validation progress: 10/156 batches (6.4%)
  - Elapsed: 2.3s, Estimated remaining: 30.5s
Validation: 15/156 batches (9.7%)
  - Batch Acc: 100.00%, Running Acc: 63.12%
Validation progress: 15/156 batches (9.6%)
  - Elapsed: 2.3s, Estimated remaining: 20.4s
Validation: 20/156 batches (12.9%)
  - Batch Acc: 100.00%, Running Acc: 68.16%
Validation progress: 20/156 batches (12.8%)
  - Elapsed: 2.4s, Estimated remaining: 15.4s
Validation: 25/156 batches (16.1%)
  - Batch Acc: 60.94%, Running Acc: 68.03%
Validation progress: 25/156 batches (16.0%)
  - Elapsed: 2.4s, Estimated remaining: 12.1s
Validation: 30/156 batches (19.3%)
  - Batch Acc: 62.50%, Running Acc: 63.36%
Validation progress: 30/156 batches (19.2%)
  - Elapsed: 3.3s, Estimated remaining: 13.4s
Validation: 35/156 batches (22.5%)
  - Batch Acc: 100.00%, Running Acc: 65.42%
Validation progress: 35/156 batches (22.4%)
  - Elapsed: 3.3s, Estimated remaining: 11.1s
Validation: 40/156 batches (25.7%)
  - Batch Acc: 3.12%, Running Acc: 65.80%
Validation progress: 40/156 batches (25.6%)
  - Elapsed: 3.3s, Estimated remaining: 9.4s
Validation: 45/156 batches (29.0%)
  - Batch Acc: 100.00%, Running Acc: 66.75%
Validation progress: 45/156 batches (28.8%)
  - Elapsed: 3.4s, Estimated remaining: 8.1s
Validation: 50/156 batches (32.2%)
  - Batch Acc: 91.41%, Running Acc: 65.41%
Validation progress: 50/156 batches (32.1%)
  - Elapsed: 3.4s, Estimated remaining: 7.1s
Validation: 55/156 batches (35.4%)
  - Batch Acc: 96.09%, Running Acc: 66.68%
Validation progress: 55/156 batches (35.3%)
  - Elapsed: 3.5s, Estimated remaining: 6.2s
Validation: 60/156 batches (38.6%)
  - Batch Acc: 93.75%, Running Acc: 67.88%
Validation progress: 60/156 batches (38.5%)
  - Elapsed: 3.5s, Estimated remaining: 5.5s
Validation: 65/156 batches (41.8%)
  - Batch Acc: 67.19%, Running Acc: 67.44%
Validation progress: 65/156 batches (41.7%)
  - Elapsed: 3.6s, Estimated remaining: 4.9s
Validation: 70/156 batches (45.1%)
  - Batch Acc: 98.44%, Running Acc: 67.61%
Validation progress: 70/156 batches (44.9%)
  - Elapsed: 3.6s, Estimated remaining: 4.3s
Validation: 75/156 batches (48.3%)
  - Batch Acc: 69.53%, Running Acc: 67.11%
Validation progress: 75/156 batches (48.1%)
  - Elapsed: 3.7s, Estimated remaining: 3.8s
Validation: 80/156 batches (51.5%)
  - Batch Acc: 96.09%, Running Acc: 65.94%
Validation progress: 80/156 batches (51.3%)
  - Elapsed: 3.7s, Estimated remaining: 3.4s
Validation: 85/156 batches (54.7%)
  - Batch Acc: 47.66%, Running Acc: 65.55%
Validation progress: 85/156 batches (54.5%)
  - Elapsed: 3.7s, Estimated remaining: 3.0s
Validation: 90/156 batches (57.9%)
  - Batch Acc: 28.12%, Running Acc: 63.35%
Validation progress: 90/156 batches (57.7%)
  - Elapsed: 3.8s, Estimated remaining: 2.7s
Validation: 95/156 batches (61.1%)
  - Batch Acc: 25.78%, Running Acc: 61.63%
Validation progress: 95/156 batches (60.9%)
  - Elapsed: 3.8s, Estimated remaining: 2.4s
Validation: 100/156 batches (64.4%)
  - Batch Acc: 40.62%, Running Acc: 61.08%
Validation progress: 100/156 batches (64.1%)
  - Elapsed: 3.9s, Estimated remaining: 2.1s
Validation: 105/156 batches (67.6%)
  - Batch Acc: 58.59%, Running Acc: 60.80%
Validation progress: 105/156 batches (67.3%)
  - Elapsed: 3.9s, Estimated remaining: 1.8s
Validation: 110/156 batches (70.8%)
  - Batch Acc: 95.31%, Running Acc: 61.68%
Validation progress: 110/156 batches (70.5%)
  - Elapsed: 3.9s, Estimated remaining: 1.6s
Validation: 115/156 batches (74.0%)
  - Batch Acc: 66.41%, Running Acc: 61.88%
Validation progress: 115/156 batches (73.7%)
  - Elapsed: 4.0s, Estimated remaining: 1.4s
Validation: 120/156 batches (77.2%)
  - Batch Acc: 73.44%, Running Acc: 62.50%
Validation progress: 120/156 batches (76.9%)
  - Elapsed: 4.0s, Estimated remaining: 1.2s
Validation: 125/156 batches (80.5%)
  - Batch Acc: 85.16%, Running Acc: 62.94%
Validation progress: 125/156 batches (80.1%)
  - Elapsed: 4.1s, Estimated remaining: 1.0s
Validation: 130/156 batches (83.7%)
  - Batch Acc: 89.84%, Running Acc: 63.92%
Validation progress: 130/156 batches (83.3%)
  - Elapsed: 4.1s, Estimated remaining: 0.8s
Validation: 135/156 batches (86.9%)
  - Batch Acc: 62.50%, Running Acc: 64.35%
Validation progress: 135/156 batches (86.5%)
  - Elapsed: 4.2s, Estimated remaining: 0.6s
Validation: 140/156 batches (90.1%)
  - Batch Acc: 82.03%, Running Acc: 64.09%
Validation progress: 140/156 batches (89.7%)
  - Elapsed: 4.2s, Estimated remaining: 0.4s
Validation: 145/156 batches (93.3%)
  - Batch Acc: 94.53%, Running Acc: 64.42%
Validation progress: 145/156 batches (92.9%)
  - Elapsed: 4.2s, Estimated remaining: 0.3s
Validation: 150/156 batches (96.6%)
  - Batch Acc: 42.97%, Running Acc: 64.09%
Validation progress: 150/156 batches (96.2%)
  - Elapsed: 4.3s, Estimated remaining: 0.1s
Validation: 155/156 batches (99.8%)
  - Batch Acc: 96.88%, Running Acc: 64.86%
Validation progress: 155/156 batches (99.4%)
  - Elapsed: 4.3s, Estimated remaining: 0.0s
Validation: 156/156 batches (100.4%)
  - Batch Acc: 69.57%, Running Acc: 64.87%
Validation complete in 4.75s - Loss: 2.7815, Accuracy: 0.6487

==== Epoch 20/100 ====
Starting training phase...
Training on 79595 samples...
Training: 100/622 batches (16.1%)
  - Batch Acc: 100.00%, Running Acc: 98.72%
  - Loss: 0.0129, Grad Norm: 0.0223
  - Learning Rate: 0.000200
Training: 200/622 batches (32.2%)
  - Batch Acc: 98.44%, Running Acc: 98.67%
  - Loss: 0.0289, Grad Norm: 0.0173
  - Learning Rate: 0.000200
Training: 300/622 batches (48.2%)
  - Batch Acc: 98.44%, Running Acc: 98.67%
  - Loss: 0.0196, Grad Norm: 0.0187
  - Learning Rate: 0.000200
Training: 400/622 batches (64.3%)
  - Batch Acc: 98.44%, Running Acc: 98.66%
  - Loss: 0.0322, Grad Norm: 0.0448
  - Learning Rate: 0.000200
Training: 500/622 batches (80.4%)
  - Batch Acc: 96.88%, Running Acc: 98.66%
  - Loss: 0.0500, Grad Norm: 0.0319
  - Learning Rate: 0.000200
Training: 600/622 batches (96.5%)
  - Batch Acc: 99.22%, Running Acc: 98.65%
  - Loss: 0.0193, Grad Norm: 0.0262
  - Learning Rate: 0.000200
Training: 622/622 batches (100.0%)
  - Batch Acc: 98.13%, Running Acc: 98.65%
  - Loss: 0.0295, Grad Norm: 0.0438
  - Learning Rate: 0.000200

Training phase complete
Epoch Summary:
  - Average Loss: 0.0261
  - Average Accuracy: 98.65%
  - Average Grad Norm: 0.0331
  - Final Learning Rate: 0.000200
Starting validation phase...
Starting validation on 19886 samples...
Entering no_grad block for validation
Validation progress: 0/156 batches (0.0%)
  - Elapsed: 2.2s, Estimated remaining: 0.0s
Validation: 5/156 batches (3.2%)
  - Batch Acc: 43.75%, Running Acc: 65.47%
Validation progress: 5/156 batches (3.2%)
  - Elapsed: 2.2s, Estimated remaining: 55.4s
Validation: 10/156 batches (6.4%)
  - Batch Acc: 88.28%, Running Acc: 73.36%
Validation progress: 10/156 batches (6.4%)
  - Elapsed: 2.3s, Estimated remaining: 30.0s
Validation: 15/156 batches (9.7%)
  - Batch Acc: 100.00%, Running Acc: 63.23%
Validation progress: 15/156 batches (9.6%)
  - Elapsed: 2.3s, Estimated remaining: 20.2s
Validation: 20/156 batches (12.9%)
  - Batch Acc: 97.66%, Running Acc: 67.34%
Validation progress: 20/156 batches (12.8%)
  - Elapsed: 2.4s, Estimated remaining: 15.2s
Validation: 25/156 batches (16.1%)
  - Batch Acc: 48.44%, Running Acc: 66.47%
Validation progress: 25/156 batches (16.0%)
  - Elapsed: 2.4s, Estimated remaining: 12.0s
Validation: 30/156 batches (19.3%)
  - Batch Acc: 67.97%, Running Acc: 62.29%
Validation progress: 30/156 batches (19.2%)
  - Elapsed: 2.4s, Estimated remaining: 9.8s
Validation: 35/156 batches (22.5%)
  - Batch Acc: 100.00%, Running Acc: 64.78%
Validation progress: 35/156 batches (22.4%)
  - Elapsed: 2.5s, Estimated remaining: 8.3s
Validation: 40/156 batches (25.7%)
  - Batch Acc: 0.00%, Running Acc: 65.16%
Validation progress: 40/156 batches (25.6%)
  - Elapsed: 2.5s, Estimated remaining: 7.1s
Validation: 45/156 batches (29.0%)
  - Batch Acc: 100.00%, Running Acc: 65.87%
Validation progress: 45/156 batches (28.8%)
  - Elapsed: 2.6s, Estimated remaining: 6.1s
Validation: 50/156 batches (32.2%)
  - Batch Acc: 88.28%, Running Acc: 64.45%
Validation progress: 50/156 batches (32.1%)
  - Elapsed: 2.6s, Estimated remaining: 5.4s
Validation: 55/156 batches (35.4%)
  - Batch Acc: 96.88%, Running Acc: 65.85%
Validation progress: 55/156 batches (35.3%)
  - Elapsed: 2.6s, Estimated remaining: 4.7s
Validation: 60/156 batches (38.6%)
  - Batch Acc: 93.75%, Running Acc: 66.86%
Validation progress: 60/156 batches (38.5%)
  - Elapsed: 2.7s, Estimated remaining: 4.2s
Validation: 65/156 batches (41.8%)
  - Batch Acc: 71.09%, Running Acc: 66.59%
Validation progress: 65/156 batches (41.7%)
  - Elapsed: 2.7s, Estimated remaining: 3.7s
Validation: 70/156 batches (45.1%)
  - Batch Acc: 95.31%, Running Acc: 66.93%
Validation progress: 70/156 batches (44.9%)
  - Elapsed: 2.8s, Estimated remaining: 3.3s
Validation: 75/156 batches (48.3%)
  - Batch Acc: 78.12%, Running Acc: 66.42%
Validation progress: 75/156 batches (48.1%)
  - Elapsed: 2.8s, Estimated remaining: 3.0s
Validation: 80/156 batches (51.5%)
  - Batch Acc: 92.97%, Running Acc: 65.21%
Validation progress: 80/156 batches (51.3%)
  - Elapsed: 2.8s, Estimated remaining: 2.6s
Validation: 85/156 batches (54.7%)
  - Batch Acc: 63.28%, Running Acc: 64.57%
Validation progress: 85/156 batches (54.5%)
  - Elapsed: 2.9s, Estimated remaining: 2.3s
Validation: 90/156 batches (57.9%)
  - Batch Acc: 32.03%, Running Acc: 62.69%
Validation progress: 90/156 batches (57.7%)
  - Elapsed: 2.9s, Estimated remaining: 2.1s
Validation: 95/156 batches (61.1%)
  - Batch Acc: 28.91%, Running Acc: 61.21%
Validation progress: 95/156 batches (60.9%)
  - Elapsed: 3.0s, Estimated remaining: 1.9s
Validation: 100/156 batches (64.4%)
  - Batch Acc: 52.34%, Running Acc: 60.80%
Validation progress: 100/156 batches (64.1%)
  - Elapsed: 3.0s, Estimated remaining: 1.6s
Validation: 105/156 batches (67.6%)
  - Batch Acc: 61.72%, Running Acc: 60.72%
Validation progress: 105/156 batches (67.3%)
  - Elapsed: 3.0s, Estimated remaining: 1.4s
Validation: 110/156 batches (70.8%)
  - Batch Acc: 82.03%, Running Acc: 61.39%
Validation progress: 110/156 batches (70.5%)
  - Elapsed: 3.1s, Estimated remaining: 1.2s
Validation: 115/156 batches (74.0%)
  - Batch Acc: 64.84%, Running Acc: 61.59%
Validation progress: 115/156 batches (73.7%)
  - Elapsed: 3.1s, Estimated remaining: 1.1s
Validation: 120/156 batches (77.2%)
  - Batch Acc: 82.81%, Running Acc: 62.27%
Validation progress: 120/156 batches (76.9%)
  - Elapsed: 3.2s, Estimated remaining: 0.9s
Validation: 125/156 batches (80.5%)
  - Batch Acc: 80.47%, Running Acc: 62.74%
Validation progress: 125/156 batches (80.1%)
  - Elapsed: 3.2s, Estimated remaining: 0.8s
Validation: 130/156 batches (83.7%)
  - Batch Acc: 89.84%, Running Acc: 63.80%
Validation progress: 130/156 batches (83.3%)
  - Elapsed: 3.2s, Estimated remaining: 0.6s
Validation: 135/156 batches (86.9%)
  - Batch Acc: 65.62%, Running Acc: 64.27%
Validation progress: 135/156 batches (86.5%)
  - Elapsed: 3.3s, Estimated remaining: 0.5s
Validation: 140/156 batches (90.1%)
  - Batch Acc: 78.91%, Running Acc: 63.91%
Validation progress: 140/156 batches (89.7%)
  - Elapsed: 3.3s, Estimated remaining: 0.4s
Validation: 145/156 batches (93.3%)
  - Batch Acc: 91.41%, Running Acc: 64.21%
Validation progress: 145/156 batches (92.9%)
  - Elapsed: 3.3s, Estimated remaining: 0.2s
Validation: 150/156 batches (96.6%)
  - Batch Acc: 39.06%, Running Acc: 63.89%
Validation progress: 150/156 batches (96.2%)
  - Elapsed: 3.4s, Estimated remaining: 0.1s
Validation: 155/156 batches (99.8%)
  - Batch Acc: 94.53%, Running Acc: 64.59%
Validation progress: 155/156 batches (99.4%)
  - Elapsed: 3.4s, Estimated remaining: 0.0s
Validation: 156/156 batches (100.4%)
  - Batch Acc: 45.65%, Running Acc: 64.54%
Validation complete in 3.88s - Loss: 2.8101, Accuracy: 0.6454

==== Epoch 21/100 ====
Starting training phase...
Training on 79595 samples...
Training: 100/622 batches (16.1%)
  - Batch Acc: 97.66%, Running Acc: 98.78%
  - Loss: 0.0376, Grad Norm: 0.0138
  - Learning Rate: 0.000200
Training: 200/622 batches (32.2%)
  - Batch Acc: 99.22%, Running Acc: 98.66%
  - Loss: 0.0218, Grad Norm: 0.0189
  - Learning Rate: 0.000200
Training: 300/622 batches (48.2%)
  - Batch Acc: 99.22%, Running Acc: 98.66%
  - Loss: 0.0128, Grad Norm: 0.0215
  - Learning Rate: 0.000200
Training: 400/622 batches (64.3%)
  - Batch Acc: 98.44%, Running Acc: 98.62%
  - Loss: 0.0291, Grad Norm: 0.0287
  - Learning Rate: 0.000200
Training: 500/622 batches (80.4%)
  - Batch Acc: 100.00%, Running Acc: 98.63%
  - Loss: 0.0161, Grad Norm: 0.0667
  - Learning Rate: 0.000200
Training: 600/622 batches (96.5%)
  - Batch Acc: 98.44%, Running Acc: 98.63%
  - Loss: 0.0546, Grad Norm: 0.4084
  - Learning Rate: 0.000200
Training: 622/622 batches (100.0%)
  - Batch Acc: 99.07%, Running Acc: 98.63%
  - Loss: 0.0280, Grad Norm: 0.0294
  - Learning Rate: 0.000200

Training phase complete
Epoch Summary:
  - Average Loss: 0.0268
  - Average Accuracy: 98.63%
  - Average Grad Norm: 0.0415
  - Final Learning Rate: 0.000200
Starting validation phase...
Starting validation on 19886 samples...
Entering no_grad block for validation
Validation progress: 0/156 batches (0.0%)
  - Elapsed: 2.1s, Estimated remaining: 0.0s
Validation: 5/156 batches (3.2%)
  - Batch Acc: 54.69%, Running Acc: 70.31%
Validation progress: 5/156 batches (3.2%)
  - Elapsed: 2.2s, Estimated remaining: 55.0s
Validation: 10/156 batches (6.4%)
  - Batch Acc: 75.00%, Running Acc: 74.69%
Validation progress: 10/156 batches (6.4%)
  - Elapsed: 2.3s, Estimated remaining: 29.9s
Validation: 15/156 batches (9.7%)
  - Batch Acc: 100.00%, Running Acc: 65.47%
Validation progress: 15/156 batches (9.6%)
  - Elapsed: 2.3s, Estimated remaining: 20.0s
Validation: 20/156 batches (12.9%)
  - Batch Acc: 95.31%, Running Acc: 69.02%
Validation progress: 20/156 batches (12.8%)
  - Elapsed: 2.3s, Estimated remaining: 15.0s
Validation: 25/156 batches (16.1%)
  - Batch Acc: 52.34%, Running Acc: 67.00%
Validation progress: 25/156 batches (16.0%)
  - Elapsed: 2.4s, Estimated remaining: 11.9s
Validation: 30/156 batches (19.3%)
  - Batch Acc: 63.28%, Running Acc: 63.02%
Validation progress: 30/156 batches (19.2%)
  - Elapsed: 2.4s, Estimated remaining: 9.7s
Validation: 35/156 batches (22.5%)
  - Batch Acc: 100.00%, Running Acc: 66.03%
Validation progress: 35/156 batches (22.4%)
  - Elapsed: 2.5s, Estimated remaining: 8.2s
Validation: 40/156 batches (25.7%)
  - Batch Acc: 3.91%, Running Acc: 66.35%
Validation progress: 40/156 batches (25.6%)
  - Elapsed: 2.5s, Estimated remaining: 7.0s
Validation: 45/156 batches (29.0%)
  - Batch Acc: 100.00%, Running Acc: 67.36%
Validation progress: 45/156 batches (28.8%)
  - Elapsed: 2.5s, Estimated remaining: 6.0s
Validation: 50/156 batches (32.2%)
  - Batch Acc: 85.16%, Running Acc: 66.41%
Validation progress: 50/156 batches (32.1%)
  - Elapsed: 2.6s, Estimated remaining: 5.3s
Validation: 55/156 batches (35.4%)
  - Batch Acc: 96.09%, Running Acc: 67.37%
Validation progress: 55/156 batches (35.3%)
  - Elapsed: 2.6s, Estimated remaining: 4.7s
Validation: 60/156 batches (38.6%)
  - Batch Acc: 89.06%, Running Acc: 67.89%
Validation progress: 60/156 batches (38.5%)
  - Elapsed: 2.7s, Estimated remaining: 4.1s
Validation: 65/156 batches (41.8%)
  - Batch Acc: 71.88%, Running Acc: 67.12%
Validation progress: 65/156 batches (41.7%)
  - Elapsed: 2.7s, Estimated remaining: 3.7s
Validation: 70/156 batches (45.1%)
  - Batch Acc: 96.88%, Running Acc: 67.17%
Validation progress: 70/156 batches (44.9%)
  - Elapsed: 2.7s, Estimated remaining: 3.3s
Validation: 75/156 batches (48.3%)
  - Batch Acc: 67.97%, Running Acc: 66.35%
Validation progress: 75/156 batches (48.1%)
  - Elapsed: 2.8s, Estimated remaining: 2.9s
Validation: 80/156 batches (51.5%)
  - Batch Acc: 97.66%, Running Acc: 65.34%
Validation progress: 80/156 batches (51.3%)
  - Elapsed: 2.8s, Estimated remaining: 2.6s
Validation: 85/156 batches (54.7%)
  - Batch Acc: 47.66%, Running Acc: 64.94%
Validation progress: 85/156 batches (54.5%)
  - Elapsed: 2.8s, Estimated remaining: 2.3s
Validation: 90/156 batches (57.9%)
  - Batch Acc: 34.38%, Running Acc: 63.01%
Validation progress: 90/156 batches (57.7%)
  - Elapsed: 2.9s, Estimated remaining: 2.1s
Validation: 95/156 batches (61.1%)
  - Batch Acc: 31.25%, Running Acc: 61.69%
Validation progress: 95/156 batches (60.9%)
  - Elapsed: 2.9s, Estimated remaining: 1.8s
Validation: 100/156 batches (64.4%)
  - Batch Acc: 57.81%, Running Acc: 61.55%
Validation progress: 100/156 batches (64.1%)
  - Elapsed: 3.0s, Estimated remaining: 1.6s
Validation: 105/156 batches (67.6%)
  - Batch Acc: 60.94%, Running Acc: 61.47%
Validation progress: 105/156 batches (67.3%)
  - Elapsed: 3.0s, Estimated remaining: 1.4s
Validation: 110/156 batches (70.8%)
  - Batch Acc: 72.66%, Running Acc: 62.02%
Validation progress: 110/156 batches (70.5%)
  - Elapsed: 3.0s, Estimated remaining: 1.2s
Validation: 115/156 batches (74.0%)
  - Batch Acc: 53.91%, Running Acc: 61.93%
Validation progress: 115/156 batches (73.7%)
  - Elapsed: 3.1s, Estimated remaining: 1.1s
Validation: 120/156 batches (77.2%)
  - Batch Acc: 78.12%, Running Acc: 62.37%
Validation progress: 120/156 batches (76.9%)
  - Elapsed: 3.1s, Estimated remaining: 0.9s
Validation: 125/156 batches (80.5%)
  - Batch Acc: 90.62%, Running Acc: 62.71%
Validation progress: 125/156 batches (80.1%)
  - Elapsed: 3.2s, Estimated remaining: 0.8s
Validation: 130/156 batches (83.7%)
  - Batch Acc: 89.84%, Running Acc: 63.65%
Validation progress: 130/156 batches (83.3%)
  - Elapsed: 3.2s, Estimated remaining: 0.6s
Validation: 135/156 batches (86.9%)
  - Batch Acc: 68.75%, Running Acc: 64.17%
Validation progress: 135/156 batches (86.5%)
  - Elapsed: 3.2s, Estimated remaining: 0.5s
Validation: 140/156 batches (90.1%)
  - Batch Acc: 74.22%, Running Acc: 63.51%
Validation progress: 140/156 batches (89.7%)
  - Elapsed: 3.3s, Estimated remaining: 0.3s
Validation: 145/156 batches (93.3%)
  - Batch Acc: 92.97%, Running Acc: 63.85%
Validation progress: 145/156 batches (92.9%)
  - Elapsed: 3.3s, Estimated remaining: 0.2s
Validation: 150/156 batches (96.6%)
  - Batch Acc: 36.72%, Running Acc: 63.51%
Validation progress: 150/156 batches (96.2%)
  - Elapsed: 3.4s, Estimated remaining: 0.1s
Validation: 155/156 batches (99.8%)
  - Batch Acc: 97.66%, Running Acc: 64.16%
Validation progress: 155/156 batches (99.4%)
  - Elapsed: 3.4s, Estimated remaining: 0.0s
Validation: 156/156 batches (100.4%)
  - Batch Acc: 45.65%, Running Acc: 64.12%
Validation complete in 3.85s - Loss: 2.8327, Accuracy: 0.6412

==== Epoch 22/100 ====
Starting training phase...
Training on 79595 samples...
Training: 100/622 batches (16.1%)
  - Batch Acc: 98.44%, Running Acc: 98.52%
  - Loss: 0.0268, Grad Norm: 0.0138
  - Learning Rate: 0.000200
Training: 200/622 batches (32.2%)
  - Batch Acc: 99.22%, Running Acc: 98.54%
  - Loss: 0.0340, Grad Norm: 0.0483
  - Learning Rate: 0.000200
Training: 300/622 batches (48.2%)
  - Batch Acc: 100.00%, Running Acc: 98.60%
  - Loss: 0.0067, Grad Norm: 0.0150
  - Learning Rate: 0.000200
Training: 400/622 batches (64.3%)
  - Batch Acc: 98.44%, Running Acc: 98.66%
  - Loss: 0.0360, Grad Norm: 0.0480
  - Learning Rate: 0.000200
Training: 500/622 batches (80.4%)
  - Batch Acc: 99.22%, Running Acc: 98.71%
  - Loss: 0.0247, Grad Norm: 0.0190
  - Learning Rate: 0.000200
Training: 600/622 batches (96.5%)
  - Batch Acc: 96.88%, Running Acc: 98.67%
  - Loss: 0.0517, Grad Norm: 0.0342
  - Learning Rate: 0.000200
Training: 622/622 batches (100.0%)
  - Batch Acc: 98.13%, Running Acc: 98.66%
  - Loss: 0.0219, Grad Norm: 0.0551
  - Learning Rate: 0.000200

Training phase complete
Epoch Summary:
  - Average Loss: 0.0255
  - Average Accuracy: 98.66%
  - Average Grad Norm: 0.0280
  - Final Learning Rate: 0.000200
Starting validation phase...
Starting validation on 19886 samples...
Entering no_grad block for validation
Validation progress: 0/156 batches (0.0%)
  - Elapsed: 2.1s, Estimated remaining: 0.0s
Validation: 5/156 batches (3.2%)
  - Batch Acc: 42.97%, Running Acc: 67.03%
Validation progress: 5/156 batches (3.2%)
  - Elapsed: 2.2s, Estimated remaining: 54.5s
Validation: 10/156 batches (6.4%)
  - Batch Acc: 81.25%, Running Acc: 71.95%
Validation progress: 10/156 batches (6.4%)
  - Elapsed: 2.2s, Estimated remaining: 29.3s
Validation: 15/156 batches (9.7%)
  - Batch Acc: 100.00%, Running Acc: 62.40%
Validation progress: 15/156 batches (9.6%)
  - Elapsed: 2.3s, Estimated remaining: 19.8s
Validation: 20/156 batches (12.9%)
  - Batch Acc: 97.66%, Running Acc: 67.27%
Validation progress: 20/156 batches (12.8%)
  - Elapsed: 2.3s, Estimated remaining: 14.8s
Validation: 25/156 batches (16.1%)
  - Batch Acc: 50.78%, Running Acc: 66.47%
Validation progress: 25/156 batches (16.0%)
  - Elapsed: 2.3s, Estimated remaining: 11.7s
Validation: 30/156 batches (19.3%)
  - Batch Acc: 60.16%, Running Acc: 62.47%
Validation progress: 30/156 batches (19.2%)
  - Elapsed: 2.4s, Estimated remaining: 9.6s
Validation: 35/156 batches (22.5%)
  - Batch Acc: 100.00%, Running Acc: 65.04%
Validation progress: 35/156 batches (22.4%)
  - Elapsed: 2.4s, Estimated remaining: 8.1s
Validation: 40/156 batches (25.7%)
  - Batch Acc: 25.00%, Running Acc: 66.02%
Validation progress: 40/156 batches (25.6%)
  - Elapsed: 2.5s, Estimated remaining: 6.9s
Validation: 45/156 batches (29.0%)
  - Batch Acc: 100.00%, Running Acc: 66.94%
Validation progress: 45/156 batches (28.8%)
  - Elapsed: 2.5s, Estimated remaining: 6.0s
Validation: 50/156 batches (32.2%)
  - Batch Acc: 85.94%, Running Acc: 66.03%
Validation progress: 50/156 batches (32.1%)
  - Elapsed: 2.5s, Estimated remaining: 5.2s
Validation: 55/156 batches (35.4%)
  - Batch Acc: 95.31%, Running Acc: 66.72%
Validation progress: 55/156 batches (35.3%)
  - Elapsed: 2.6s, Estimated remaining: 4.6s
Validation: 60/156 batches (38.6%)
  - Batch Acc: 89.06%, Running Acc: 67.38%
Validation progress: 60/156 batches (38.5%)
  - Elapsed: 2.6s, Estimated remaining: 4.1s
Validation: 65/156 batches (41.8%)
  - Batch Acc: 78.91%, Running Acc: 66.91%
Validation progress: 65/156 batches (41.7%)
  - Elapsed: 2.6s, Estimated remaining: 3.6s
Validation: 70/156 batches (45.1%)
  - Batch Acc: 96.88%, Running Acc: 67.03%
Validation progress: 70/156 batches (44.9%)
  - Elapsed: 2.7s, Estimated remaining: 3.2s
Validation: 75/156 batches (48.3%)
  - Batch Acc: 71.09%, Running Acc: 66.42%
Validation progress: 75/156 batches (48.1%)
  - Elapsed: 2.7s, Estimated remaining: 2.9s
Validation: 80/156 batches (51.5%)
  - Batch Acc: 94.53%, Running Acc: 65.53%
Validation progress: 80/156 batches (51.3%)
  - Elapsed: 2.8s, Estimated remaining: 2.6s
Validation: 85/156 batches (54.7%)
  - Batch Acc: 58.59%, Running Acc: 65.11%
Validation progress: 85/156 batches (54.5%)
  - Elapsed: 2.8s, Estimated remaining: 2.3s
Validation: 90/156 batches (57.9%)
  - Batch Acc: 32.03%, Running Acc: 63.00%
Validation progress: 90/156 batches (57.7%)
  - Elapsed: 2.8s, Estimated remaining: 2.0s
Validation: 95/156 batches (61.1%)
  - Batch Acc: 25.78%, Running Acc: 61.46%
Validation progress: 95/156 batches (60.9%)
  - Elapsed: 2.9s, Estimated remaining: 1.8s
Validation: 100/156 batches (64.4%)
  - Batch Acc: 51.56%, Running Acc: 61.11%
Validation progress: 100/156 batches (64.1%)
  - Elapsed: 2.9s, Estimated remaining: 1.6s
Validation: 105/156 batches (67.6%)
  - Batch Acc: 61.72%, Running Acc: 61.06%
Validation progress: 105/156 batches (67.3%)
  - Elapsed: 3.0s, Estimated remaining: 1.4s
Validation: 110/156 batches (70.8%)
  - Batch Acc: 79.69%, Running Acc: 61.72%
Validation progress: 110/156 batches (70.5%)
  - Elapsed: 3.0s, Estimated remaining: 1.2s
Validation: 115/156 batches (74.0%)
  - Batch Acc: 62.50%, Running Acc: 61.85%
Validation progress: 115/156 batches (73.7%)
  - Elapsed: 3.0s, Estimated remaining: 1.1s
Validation: 120/156 batches (77.2%)
  - Batch Acc: 75.78%, Running Acc: 62.36%
Validation progress: 120/156 batches (76.9%)
  - Elapsed: 3.1s, Estimated remaining: 0.9s
Validation: 125/156 batches (80.5%)
  - Batch Acc: 88.28%, Running Acc: 62.74%
Validation progress: 125/156 batches (80.1%)
  - Elapsed: 3.1s, Estimated remaining: 0.7s
Validation: 130/156 batches (83.7%)
  - Batch Acc: 89.84%, Running Acc: 63.75%
Validation progress: 130/156 batches (83.3%)
  - Elapsed: 3.2s, Estimated remaining: 0.6s
Validation: 135/156 batches (86.9%)
  - Batch Acc: 76.56%, Running Acc: 64.34%
Validation progress: 135/156 batches (86.5%)
  - Elapsed: 3.2s, Estimated remaining: 0.5s
Validation: 140/156 batches (90.1%)
  - Batch Acc: 76.56%, Running Acc: 63.78%
Validation progress: 140/156 batches (89.7%)
  - Elapsed: 3.2s, Estimated remaining: 0.3s
Validation: 145/156 batches (93.3%)
  - Batch Acc: 89.84%, Running Acc: 64.13%
Validation progress: 145/156 batches (92.9%)
  - Elapsed: 3.3s, Estimated remaining: 0.2s
Validation: 150/156 batches (96.6%)
  - Batch Acc: 44.53%, Running Acc: 63.84%
Validation progress: 150/156 batches (96.2%)
  - Elapsed: 3.3s, Estimated remaining: 0.1s
Validation: 155/156 batches (99.8%)
  - Batch Acc: 97.66%, Running Acc: 64.71%
Validation progress: 155/156 batches (99.4%)
  - Elapsed: 3.4s, Estimated remaining: 0.0s
Validation: 156/156 batches (100.4%)
  - Batch Acc: 50.00%, Running Acc: 64.67%
Validation complete in 3.82s - Loss: 2.8961, Accuracy: 0.6467

==== Epoch 23/100 ====
Starting training phase...
Training on 79595 samples...
Training: 100/622 batches (16.1%)
  - Batch Acc: 97.66%, Running Acc: 98.66%
  - Loss: 0.0392, Grad Norm: 0.0192
  - Learning Rate: 0.000200
Training: 200/622 batches (32.2%)
  - Batch Acc: 99.22%, Running Acc: 98.70%
  - Loss: 0.0145, Grad Norm: 0.0257
  - Learning Rate: 0.000200
Training: 300/622 batches (48.2%)
  - Batch Acc: 99.22%, Running Acc: 98.64%
  - Loss: 0.0181, Grad Norm: 0.1028
  - Learning Rate: 0.000200
Training: 400/622 batches (64.3%)
  - Batch Acc: 98.44%, Running Acc: 98.66%
  - Loss: 0.0238, Grad Norm: 0.0198
  - Learning Rate: 0.000200
Training: 500/622 batches (80.4%)
  - Batch Acc: 97.66%, Running Acc: 98.61%
  - Loss: 0.0335, Grad Norm: 0.0384
  - Learning Rate: 0.000200
Training: 600/622 batches (96.5%)
  - Batch Acc: 100.00%, Running Acc: 98.64%
  - Loss: 0.0156, Grad Norm: 0.0309
  - Learning Rate: 0.000200
Training: 622/622 batches (100.0%)
  - Batch Acc: 99.07%, Running Acc: 98.64%
  - Loss: 0.0163, Grad Norm: 0.0125
  - Learning Rate: 0.000200

Training phase complete
Epoch Summary:
  - Average Loss: 0.0264
  - Average Accuracy: 98.64%
  - Average Grad Norm: 0.0383
  - Final Learning Rate: 0.000200
Starting validation phase...
Starting validation on 19886 samples...
Entering no_grad block for validation
Validation progress: 0/156 batches (0.0%)
  - Elapsed: 2.0s, Estimated remaining: 0.0s
Validation: 5/156 batches (3.2%)
  - Batch Acc: 40.62%, Running Acc: 62.66%
Validation progress: 5/156 batches (3.2%)
  - Elapsed: 2.1s, Estimated remaining: 53.2s
Validation: 10/156 batches (6.4%)
  - Batch Acc: 80.47%, Running Acc: 70.31%
Validation progress: 10/156 batches (6.4%)
  - Elapsed: 2.2s, Estimated remaining: 28.9s
Validation: 15/156 batches (9.7%)
  - Batch Acc: 100.00%, Running Acc: 62.50%
Validation progress: 15/156 batches (9.6%)
  - Elapsed: 2.2s, Estimated remaining: 19.3s
Validation: 20/156 batches (12.9%)
  - Batch Acc: 97.66%, Running Acc: 68.01%
Validation progress: 20/156 batches (12.8%)
  - Elapsed: 2.3s, Estimated remaining: 14.5s
Validation: 25/156 batches (16.1%)
  - Batch Acc: 53.12%, Running Acc: 66.97%
Validation progress: 25/156 batches (16.0%)
  - Elapsed: 2.3s, Estimated remaining: 11.5s
Validation: 30/156 batches (19.3%)
  - Batch Acc: 62.50%, Running Acc: 62.50%
Validation progress: 30/156 batches (19.2%)
  - Elapsed: 2.3s, Estimated remaining: 9.5s
Validation: 35/156 batches (22.5%)
  - Batch Acc: 100.00%, Running Acc: 64.87%
Validation progress: 35/156 batches (22.4%)
  - Elapsed: 2.4s, Estimated remaining: 7.9s
Validation: 40/156 batches (25.7%)
  - Batch Acc: 3.12%, Running Acc: 65.31%
Validation progress: 40/156 batches (25.6%)
  - Elapsed: 2.4s, Estimated remaining: 6.8s
Validation: 45/156 batches (29.0%)
  - Batch Acc: 100.00%, Running Acc: 65.80%
Validation progress: 45/156 batches (28.8%)
  - Elapsed: 2.5s, Estimated remaining: 5.9s
Validation: 50/156 batches (32.2%)
  - Batch Acc: 98.44%, Running Acc: 64.20%
Validation progress: 50/156 batches (32.1%)
  - Elapsed: 2.5s, Estimated remaining: 5.1s
Validation: 55/156 batches (35.4%)
  - Batch Acc: 96.88%, Running Acc: 65.60%
Validation progress: 55/156 batches (35.3%)
  - Elapsed: 2.5s, Estimated remaining: 4.5s
Validation: 60/156 batches (38.6%)
  - Batch Acc: 91.41%, Running Acc: 66.48%
Validation progress: 60/156 batches (38.5%)
  - Elapsed: 2.6s, Estimated remaining: 4.0s
Validation: 65/156 batches (41.8%)
  - Batch Acc: 74.22%, Running Acc: 66.21%
Validation progress: 65/156 batches (41.7%)
  - Elapsed: 2.6s, Estimated remaining: 3.6s
Validation: 70/156 batches (45.1%)
  - Batch Acc: 99.22%, Running Acc: 66.63%
Validation progress: 70/156 batches (44.9%)
  - Elapsed: 2.7s, Estimated remaining: 3.2s
Validation: 75/156 batches (48.3%)
  - Batch Acc: 71.09%, Running Acc: 66.32%
Validation progress: 75/156 batches (48.1%)
  - Elapsed: 2.7s, Estimated remaining: 2.8s
Validation: 80/156 batches (51.5%)
  - Batch Acc: 94.53%, Running Acc: 65.17%
Validation progress: 80/156 batches (51.3%)
  - Elapsed: 2.7s, Estimated remaining: 2.5s
Validation: 85/156 batches (54.7%)
  - Batch Acc: 62.50%, Running Acc: 64.54%
Validation progress: 85/156 batches (54.5%)
  - Elapsed: 2.8s, Estimated remaining: 2.2s
Validation: 90/156 batches (57.9%)
  - Batch Acc: 27.34%, Running Acc: 62.62%
Validation progress: 90/156 batches (57.7%)
  - Elapsed: 2.8s, Estimated remaining: 2.0s
Validation: 95/156 batches (61.1%)
  - Batch Acc: 26.56%, Running Acc: 61.05%
Validation progress: 95/156 batches (60.9%)
  - Elapsed: 2.8s, Estimated remaining: 1.8s
Validation: 100/156 batches (64.4%)
  - Batch Acc: 40.62%, Running Acc: 60.51%
Validation progress: 100/156 batches (64.1%)
  - Elapsed: 2.9s, Estimated remaining: 1.6s
Validation: 105/156 batches (67.6%)
  - Batch Acc: 61.72%, Running Acc: 60.25%
Validation progress: 105/156 batches (67.3%)
  - Elapsed: 2.9s, Estimated remaining: 1.4s
Validation: 110/156 batches (70.8%)
  - Batch Acc: 79.69%, Running Acc: 60.98%
Validation progress: 110/156 batches (70.5%)
  - Elapsed: 2.9s, Estimated remaining: 1.2s
Validation: 115/156 batches (74.0%)
  - Batch Acc: 67.19%, Running Acc: 61.23%
Validation progress: 115/156 batches (73.7%)
  - Elapsed: 3.0s, Estimated remaining: 1.0s
Validation: 120/156 batches (77.2%)
  - Batch Acc: 82.03%, Running Acc: 61.91%
Validation progress: 120/156 batches (76.9%)
  - Elapsed: 3.0s, Estimated remaining: 0.9s
Validation: 125/156 batches (80.5%)
  - Batch Acc: 87.50%, Running Acc: 62.51%
Validation progress: 125/156 batches (80.1%)
  - Elapsed: 3.1s, Estimated remaining: 0.7s
Validation: 130/156 batches (83.7%)
  - Batch Acc: 89.84%, Running Acc: 63.64%
Validation progress: 130/156 batches (83.3%)
  - Elapsed: 3.1s, Estimated remaining: 0.6s
Validation: 135/156 batches (86.9%)
  - Batch Acc: 70.31%, Running Acc: 64.04%
Validation progress: 135/156 batches (86.5%)
  - Elapsed: 3.1s, Estimated remaining: 0.5s
Validation: 140/156 batches (90.1%)
  - Batch Acc: 78.91%, Running Acc: 63.62%
Validation progress: 140/156 batches (89.7%)
  - Elapsed: 3.2s, Estimated remaining: 0.3s
Validation: 145/156 batches (93.3%)
  - Batch Acc: 91.41%, Running Acc: 64.11%
Validation progress: 145/156 batches (92.9%)
  - Elapsed: 3.2s, Estimated remaining: 0.2s
Validation: 150/156 batches (96.6%)
  - Batch Acc: 43.75%, Running Acc: 63.89%
Validation progress: 150/156 batches (96.2%)
  - Elapsed: 3.2s, Estimated remaining: 0.1s
Validation: 155/156 batches (99.8%)
  - Batch Acc: 90.62%, Running Acc: 64.60%
Validation progress: 155/156 batches (99.4%)
  - Elapsed: 3.3s, Estimated remaining: 0.0s
Validation: 156/156 batches (100.4%)
  - Batch Acc: 54.35%, Running Acc: 64.57%
Validation complete in 3.74s - Loss: 2.9611, Accuracy: 0.6457

==== Epoch 24/100 ====
Starting training phase...
Training on 79595 samples...
Training: 100/622 batches (16.1%)
  - Batch Acc: 96.09%, Running Acc: 98.64%
  - Loss: 0.0507, Grad Norm: 0.0576
  - Learning Rate: 0.000200
Training: 200/622 batches (32.2%)
  - Batch Acc: 99.22%, Running Acc: 98.66%
  - Loss: 0.0171, Grad Norm: 0.0249
  - Learning Rate: 0.000200
Training: 300/622 batches (48.2%)
  - Batch Acc: 99.22%, Running Acc: 98.69%
  - Loss: 0.0171, Grad Norm: 0.0179
  - Learning Rate: 0.000200
Training: 400/622 batches (64.3%)
  - Batch Acc: 98.44%, Running Acc: 98.66%
  - Loss: 0.0264, Grad Norm: 0.0126
  - Learning Rate: 0.000200
Training: 500/622 batches (80.4%)
  - Batch Acc: 98.44%, Running Acc: 98.61%
  - Loss: 0.0230, Grad Norm: 0.0242
  - Learning Rate: 0.000200
Training: 600/622 batches (96.5%)
  - Batch Acc: 96.88%, Running Acc: 98.62%
  - Loss: 0.0441, Grad Norm: 0.0322
  - Learning Rate: 0.000200
Training: 622/622 batches (100.0%)
  - Batch Acc: 99.07%, Running Acc: 98.62%
  - Loss: 0.0268, Grad Norm: 0.0198
  - Learning Rate: 0.000200

Training phase complete
Epoch Summary:
  - Average Loss: 0.0268
  - Average Accuracy: 98.62%
  - Average Grad Norm: 0.0449
  - Final Learning Rate: 0.000200
Starting validation phase...
Starting validation on 19886 samples...
Entering no_grad block for validation
Validation progress: 0/156 batches (0.0%)
  - Elapsed: 2.2s, Estimated remaining: 0.0s
Validation: 5/156 batches (3.2%)
  - Batch Acc: 47.66%, Running Acc: 69.84%
Validation progress: 5/156 batches (3.2%)
  - Elapsed: 2.2s, Estimated remaining: 55.8s
Validation: 10/156 batches (6.4%)
  - Batch Acc: 63.28%, Running Acc: 71.64%
Validation progress: 10/156 batches (6.4%)
  - Elapsed: 2.3s, Estimated remaining: 30.3s
Validation: 15/156 batches (9.7%)
  - Batch Acc: 99.22%, Running Acc: 62.03%
Validation progress: 15/156 batches (9.6%)
  - Elapsed: 2.3s, Estimated remaining: 20.2s
Validation: 20/156 batches (12.9%)
  - Batch Acc: 95.31%, Running Acc: 67.38%
Validation progress: 20/156 batches (12.8%)
  - Elapsed: 2.3s, Estimated remaining: 15.1s
Validation: 25/156 batches (16.1%)
  - Batch Acc: 71.88%, Running Acc: 65.66%
Validation progress: 25/156 batches (16.0%)
  - Elapsed: 2.4s, Estimated remaining: 11.9s
Validation: 30/156 batches (19.3%)
  - Batch Acc: 49.22%, Running Acc: 61.22%
Validation progress: 30/156 batches (19.2%)
  - Elapsed: 2.4s, Estimated remaining: 9.8s
Validation: 35/156 batches (22.5%)
  - Batch Acc: 100.00%, Running Acc: 63.95%
Validation progress: 35/156 batches (22.4%)
  - Elapsed: 2.5s, Estimated remaining: 8.2s
Validation: 40/156 batches (25.7%)
  - Batch Acc: 21.88%, Running Acc: 64.98%
Validation progress: 40/156 batches (25.6%)
  - Elapsed: 2.5s, Estimated remaining: 7.0s
Validation: 45/156 batches (29.0%)
  - Batch Acc: 100.00%, Running Acc: 66.18%
Validation progress: 45/156 batches (28.8%)
  - Elapsed: 2.6s, Estimated remaining: 6.1s
Validation: 50/156 batches (32.2%)
  - Batch Acc: 80.47%, Running Acc: 65.28%
Validation progress: 50/156 batches (32.1%)
  - Elapsed: 2.6s, Estimated remaining: 5.3s
Validation: 55/156 batches (35.4%)
  - Batch Acc: 92.97%, Running Acc: 65.61%
Validation progress: 55/156 batches (35.3%)
  - Elapsed: 2.6s, Estimated remaining: 4.7s
Validation: 60/156 batches (38.6%)
  - Batch Acc: 89.84%, Running Acc: 66.21%
Validation progress: 60/156 batches (38.5%)
  - Elapsed: 2.7s, Estimated remaining: 4.2s
Validation: 65/156 batches (41.8%)
  - Batch Acc: 59.38%, Running Acc: 65.18%
Validation progress: 65/156 batches (41.7%)
  - Elapsed: 2.7s, Estimated remaining: 3.7s
Validation: 70/156 batches (45.1%)
  - Batch Acc: 97.66%, Running Acc: 65.32%
Validation progress: 70/156 batches (44.9%)
  - Elapsed: 2.8s, Estimated remaining: 3.3s
Validation: 75/156 batches (48.3%)
  - Batch Acc: 69.53%, Running Acc: 64.20%
Validation progress: 75/156 batches (48.1%)
  - Elapsed: 2.8s, Estimated remaining: 2.9s
Validation: 80/156 batches (51.5%)
  - Batch Acc: 92.97%, Running Acc: 63.36%
Validation progress: 80/156 batches (51.3%)
  - Elapsed: 2.8s, Estimated remaining: 2.6s
Validation: 85/156 batches (54.7%)
  - Batch Acc: 48.44%, Running Acc: 63.12%
Validation progress: 85/156 batches (54.5%)
  - Elapsed: 2.9s, Estimated remaining: 2.3s
Validation: 90/156 batches (57.9%)
  - Batch Acc: 31.25%, Running Acc: 61.28%
Validation progress: 90/156 batches (57.7%)
  - Elapsed: 2.9s, Estimated remaining: 2.1s
Validation: 95/156 batches (61.1%)
  - Batch Acc: 35.16%, Running Acc: 60.21%
Validation progress: 95/156 batches (60.9%)
  - Elapsed: 3.0s, Estimated remaining: 1.9s
Validation: 100/156 batches (64.4%)
  - Batch Acc: 53.91%, Running Acc: 60.01%
Validation progress: 100/156 batches (64.1%)
  - Elapsed: 3.0s, Estimated remaining: 1.6s
Validation: 105/156 batches (67.6%)
  - Batch Acc: 64.84%, Running Acc: 60.10%
Validation progress: 105/156 batches (67.3%)
  - Elapsed: 3.0s, Estimated remaining: 1.4s
Validation: 110/156 batches (70.8%)
  - Batch Acc: 72.66%, Running Acc: 60.67%
Validation progress: 110/156 batches (70.5%)
  - Elapsed: 3.1s, Estimated remaining: 1.2s
Validation: 115/156 batches (74.0%)
  - Batch Acc: 56.25%, Running Acc: 60.69%
Validation progress: 115/156 batches (73.7%)
  - Elapsed: 3.1s, Estimated remaining: 1.1s
Validation: 120/156 batches (77.2%)
  - Batch Acc: 71.88%, Running Acc: 61.04%
Validation progress: 120/156 batches (76.9%)
  - Elapsed: 3.2s, Estimated remaining: 0.9s
Validation: 125/156 batches (80.5%)
  - Batch Acc: 83.59%, Running Acc: 61.38%
Validation progress: 125/156 batches (80.1%)
  - Elapsed: 3.2s, Estimated remaining: 0.8s
Validation: 130/156 batches (83.7%)
  - Batch Acc: 87.50%, Running Acc: 62.39%
Validation progress: 130/156 batches (83.3%)
  - Elapsed: 3.2s, Estimated remaining: 0.6s
Validation: 135/156 batches (86.9%)
  - Batch Acc: 73.44%, Running Acc: 63.13%
Validation progress: 135/156 batches (86.5%)
  - Elapsed: 3.3s, Estimated remaining: 0.5s
Validation: 140/156 batches (90.1%)
  - Batch Acc: 75.00%, Running Acc: 62.47%
Validation progress: 140/156 batches (89.7%)
  - Elapsed: 3.3s, Estimated remaining: 0.4s
Validation: 145/156 batches (93.3%)
  - Batch Acc: 91.41%, Running Acc: 62.74%
Validation progress: 145/156 batches (92.9%)
  - Elapsed: 3.3s, Estimated remaining: 0.2s
Validation: 150/156 batches (96.6%)
  - Batch Acc: 43.75%, Running Acc: 62.41%
Validation progress: 150/156 batches (96.2%)
  - Elapsed: 3.4s, Estimated remaining: 0.1s
Validation: 155/156 batches (99.8%)
  - Batch Acc: 79.69%, Running Acc: 63.06%
Validation progress: 155/156 batches (99.4%)
  - Elapsed: 3.4s, Estimated remaining: 0.0s
Validation: 156/156 batches (100.4%)
  - Batch Acc: 30.43%, Running Acc: 62.98%
Validation complete in 3.90s - Loss: 2.9640, Accuracy: 0.6298

==== Epoch 25/100 ====
Starting training phase...
Training on 79595 samples...
Training: 100/622 batches (16.1%)
  - Batch Acc: 99.22%, Running Acc: 98.55%
  - Loss: 0.0147, Grad Norm: 0.0093
  - Learning Rate: 0.000200
Training: 200/622 batches (32.2%)
  - Batch Acc: 98.44%, Running Acc: 98.61%
  - Loss: 0.0338, Grad Norm: 0.0287
  - Learning Rate: 0.000200
Training: 300/622 batches (48.2%)
  - Batch Acc: 99.22%, Running Acc: 98.66%
  - Loss: 0.0175, Grad Norm: 0.0175
  - Learning Rate: 0.000200
Training: 400/622 batches (64.3%)
  - Batch Acc: 98.44%, Running Acc: 98.66%
  - Loss: 0.0202, Grad Norm: 0.0200
  - Learning Rate: 0.000200
Training: 500/622 batches (80.4%)
  - Batch Acc: 96.88%, Running Acc: 98.63%
  - Loss: 0.0384, Grad Norm: 0.2093
  - Learning Rate: 0.000200
Training: 600/622 batches (96.5%)
  - Batch Acc: 99.22%, Running Acc: 98.64%
  - Loss: 0.0168, Grad Norm: 0.0225
  - Learning Rate: 0.000200
Training: 622/622 batches (100.0%)
  - Batch Acc: 100.00%, Running Acc: 98.64%
  - Loss: 0.0115, Grad Norm: 0.0277
  - Learning Rate: 0.000200

Training phase complete
Epoch Summary:
  - Average Loss: 0.0262
  - Average Accuracy: 98.64%
  - Average Grad Norm: 0.0368
  - Final Learning Rate: 0.000200
Starting validation phase...
Starting validation on 19886 samples...
Entering no_grad block for validation
Validation progress: 0/156 batches (0.0%)
  - Elapsed: 2.2s, Estimated remaining: 0.0s
Validation: 5/156 batches (3.2%)
  - Batch Acc: 50.78%, Running Acc: 68.28%
Validation progress: 5/156 batches (3.2%)
  - Elapsed: 2.2s, Estimated remaining: 56.1s
Validation: 10/156 batches (6.4%)
  - Batch Acc: 76.56%, Running Acc: 71.72%
Validation progress: 10/156 batches (6.4%)
  - Elapsed: 2.3s, Estimated remaining: 30.1s
Validation: 15/156 batches (9.7%)
  - Batch Acc: 100.00%, Running Acc: 62.50%
Validation progress: 15/156 batches (9.6%)
  - Elapsed: 2.3s, Estimated remaining: 20.4s
Validation: 20/156 batches (12.9%)
  - Batch Acc: 98.44%, Running Acc: 67.58%
Validation progress: 20/156 batches (12.8%)
  - Elapsed: 2.3s, Estimated remaining: 15.1s
Validation: 25/156 batches (16.1%)
  - Batch Acc: 61.72%, Running Acc: 67.12%
Validation progress: 25/156 batches (16.0%)
  - Elapsed: 2.4s, Estimated remaining: 11.9s
Validation: 30/156 batches (19.3%)
  - Batch Acc: 57.03%, Running Acc: 63.12%
Validation progress: 30/156 batches (19.2%)
  - Elapsed: 2.4s, Estimated remaining: 9.8s
Validation: 35/156 batches (22.5%)
  - Batch Acc: 100.00%, Running Acc: 64.80%
Validation progress: 35/156 batches (22.4%)
  - Elapsed: 2.5s, Estimated remaining: 8.2s
Validation: 40/156 batches (25.7%)
  - Batch Acc: 44.53%, Running Acc: 66.29%
Validation progress: 40/156 batches (25.6%)
  - Elapsed: 2.5s, Estimated remaining: 7.0s
Validation: 45/156 batches (29.0%)
  - Batch Acc: 100.00%, Running Acc: 67.10%
Validation progress: 45/156 batches (28.8%)
  - Elapsed: 2.5s, Estimated remaining: 6.1s
Validation: 50/156 batches (32.2%)
  - Batch Acc: 85.16%, Running Acc: 65.69%
Validation progress: 50/156 batches (32.1%)
  - Elapsed: 2.6s, Estimated remaining: 5.3s
Validation: 55/156 batches (35.4%)
  - Batch Acc: 96.09%, Running Acc: 66.46%
Validation progress: 55/156 batches (35.3%)
  - Elapsed: 2.6s, Estimated remaining: 4.7s
Validation: 60/156 batches (38.6%)
  - Batch Acc: 96.09%, Running Acc: 67.45%
Validation progress: 60/156 batches (38.5%)
  - Elapsed: 2.7s, Estimated remaining: 4.1s
Validation: 65/156 batches (41.8%)
  - Batch Acc: 77.34%, Running Acc: 66.86%
Validation progress: 65/156 batches (41.7%)
  - Elapsed: 2.7s, Estimated remaining: 3.7s
Validation: 70/156 batches (45.1%)
  - Batch Acc: 95.31%, Running Acc: 66.92%
Validation progress: 70/156 batches (44.9%)
  - Elapsed: 2.7s, Estimated remaining: 3.3s
Validation: 75/156 batches (48.3%)
  - Batch Acc: 71.88%, Running Acc: 66.34%
Validation progress: 75/156 batches (48.1%)
  - Elapsed: 2.8s, Estimated remaining: 2.9s
Validation: 80/156 batches (51.5%)
  - Batch Acc: 92.19%, Running Acc: 65.19%
Validation progress: 80/156 batches (51.3%)
  - Elapsed: 2.8s, Estimated remaining: 2.6s
Validation: 85/156 batches (54.7%)
  - Batch Acc: 50.00%, Running Acc: 64.82%
Validation progress: 85/156 batches (54.5%)
  - Elapsed: 2.8s, Estimated remaining: 2.3s
Validation: 90/156 batches (57.9%)
  - Batch Acc: 28.12%, Running Acc: 62.74%
Validation progress: 90/156 batches (57.7%)
  - Elapsed: 2.9s, Estimated remaining: 2.1s
Validation: 95/156 batches (61.1%)
  - Batch Acc: 25.78%, Running Acc: 61.17%
Validation progress: 95/156 batches (60.9%)
  - Elapsed: 2.9s, Estimated remaining: 1.8s
Validation: 100/156 batches (64.4%)
  - Batch Acc: 50.78%, Running Acc: 60.73%
Validation progress: 100/156 batches (64.1%)
  - Elapsed: 3.0s, Estimated remaining: 1.6s
Validation: 105/156 batches (67.6%)
  - Batch Acc: 58.59%, Running Acc: 60.54%
Validation progress: 105/156 batches (67.3%)
  - Elapsed: 3.0s, Estimated remaining: 1.4s
Validation: 110/156 batches (70.8%)
  - Batch Acc: 89.06%, Running Acc: 61.44%
Validation progress: 110/156 batches (70.5%)
  - Elapsed: 3.0s, Estimated remaining: 1.2s
Validation: 115/156 batches (74.0%)
  - Batch Acc: 65.62%, Running Acc: 61.60%
Validation progress: 115/156 batches (73.7%)
  - Elapsed: 3.1s, Estimated remaining: 1.1s
Validation: 120/156 batches (77.2%)
  - Batch Acc: 75.78%, Running Acc: 62.19%
Validation progress: 120/156 batches (76.9%)
  - Elapsed: 3.1s, Estimated remaining: 0.9s
Validation: 125/156 batches (80.5%)
  - Batch Acc: 90.62%, Running Acc: 62.77%
Validation progress: 125/156 batches (80.1%)
  - Elapsed: 3.1s, Estimated remaining: 0.7s
Validation: 130/156 batches (83.7%)
  - Batch Acc: 87.50%, Running Acc: 63.76%
Validation progress: 130/156 batches (83.3%)
  - Elapsed: 3.2s, Estimated remaining: 0.6s
Validation: 135/156 batches (86.9%)
  - Batch Acc: 71.09%, Running Acc: 64.31%
Validation progress: 135/156 batches (86.5%)
  - Elapsed: 3.2s, Estimated remaining: 0.5s
Validation: 140/156 batches (90.1%)
  - Batch Acc: 75.00%, Running Acc: 63.80%
Validation progress: 140/156 batches (89.7%)
  - Elapsed: 3.3s, Estimated remaining: 0.3s
Validation: 145/156 batches (93.3%)
  - Batch Acc: 90.62%, Running Acc: 64.16%
Validation progress: 145/156 batches (92.9%)
  - Elapsed: 3.3s, Estimated remaining: 0.2s
Validation: 150/156 batches (96.6%)
  - Batch Acc: 45.31%, Running Acc: 63.88%
Validation progress: 150/156 batches (96.2%)
  - Elapsed: 3.3s, Estimated remaining: 0.1s
Validation: 155/156 batches (99.8%)
  - Batch Acc: 94.53%, Running Acc: 64.68%
Validation progress: 155/156 batches (99.4%)
  - Elapsed: 3.4s, Estimated remaining: 0.0s
Validation: 156/156 batches (100.4%)
  - Batch Acc: 54.35%, Running Acc: 64.66%
Validation complete in 3.81s - Loss: 2.9239, Accuracy: 0.6466

==== Epoch 26/100 ====
Starting training phase...
Training on 79595 samples...
Training: 100/622 batches (16.1%)
  - Batch Acc: 100.00%, Running Acc: 98.70%
  - Loss: 0.0186, Grad Norm: 0.0375
  - Learning Rate: 0.000040
Training: 200/622 batches (32.2%)
  - Batch Acc: 98.44%, Running Acc: 98.66%
  - Loss: 0.0267, Grad Norm: 0.0267
  - Learning Rate: 0.000040
Training: 300/622 batches (48.2%)
  - Batch Acc: 98.44%, Running Acc: 98.68%
  - Loss: 0.0278, Grad Norm: 0.2005
  - Learning Rate: 0.000040
Training: 400/622 batches (64.3%)
  - Batch Acc: 99.22%, Running Acc: 98.65%
  - Loss: 0.0187, Grad Norm: 0.0190
  - Learning Rate: 0.000040
Training: 500/622 batches (80.4%)
  - Batch Acc: 99.22%, Running Acc: 98.65%
  - Loss: 0.0171, Grad Norm: 0.0341
  - Learning Rate: 0.000040
Training: 600/622 batches (96.5%)
  - Batch Acc: 100.00%, Running Acc: 98.65%
  - Loss: 0.0066, Grad Norm: 0.0173
  - Learning Rate: 0.000040
Training: 622/622 batches (100.0%)
  - Batch Acc: 99.07%, Running Acc: 98.66%
  - Loss: 0.0115, Grad Norm: 0.0278
  - Learning Rate: 0.000040

Training phase complete
Epoch Summary:
  - Average Loss: 0.0256
  - Average Accuracy: 98.66%
  - Average Grad Norm: 0.0299
  - Final Learning Rate: 0.000040
Starting validation phase...
Starting validation on 19886 samples...
Entering no_grad block for validation
Validation progress: 0/156 batches (0.0%)
  - Elapsed: 2.1s, Estimated remaining: 0.0s
Validation: 5/156 batches (3.2%)
  - Batch Acc: 49.22%, Running Acc: 68.75%
Validation progress: 5/156 batches (3.2%)
  - Elapsed: 2.2s, Estimated remaining: 54.6s
Validation: 10/156 batches (6.4%)
  - Batch Acc: 75.78%, Running Acc: 71.72%
Validation progress: 10/156 batches (6.4%)
  - Elapsed: 2.2s, Estimated remaining: 29.4s
Validation: 15/156 batches (9.7%)
  - Batch Acc: 100.00%, Running Acc: 61.88%
Validation progress: 15/156 batches (9.6%)
  - Elapsed: 2.2s, Estimated remaining: 19.7s
Validation: 20/156 batches (12.9%)
  - Batch Acc: 97.66%, Running Acc: 67.15%
Validation progress: 20/156 batches (12.8%)
  - Elapsed: 2.3s, Estimated remaining: 14.7s
Validation: 25/156 batches (16.1%)
  - Batch Acc: 61.72%, Running Acc: 66.91%
Validation progress: 25/156 batches (16.0%)
  - Elapsed: 2.3s, Estimated remaining: 11.6s
Validation: 30/156 batches (19.3%)
  - Batch Acc: 57.03%, Running Acc: 62.76%
Validation progress: 30/156 batches (19.2%)
  - Elapsed: 2.4s, Estimated remaining: 9.5s
Validation: 35/156 batches (22.5%)
  - Batch Acc: 100.00%, Running Acc: 64.69%
Validation progress: 35/156 batches (22.4%)
  - Elapsed: 2.4s, Estimated remaining: 8.0s
Validation: 40/156 batches (25.7%)
  - Batch Acc: 38.28%, Running Acc: 66.04%
Validation progress: 40/156 batches (25.6%)
  - Elapsed: 2.4s, Estimated remaining: 6.8s
Validation: 45/156 batches (29.0%)
  - Batch Acc: 100.00%, Running Acc: 66.94%
Validation progress: 45/156 batches (28.8%)
  - Elapsed: 2.5s, Estimated remaining: 5.9s
Validation: 50/156 batches (32.2%)
  - Batch Acc: 85.16%, Running Acc: 65.55%
Validation progress: 50/156 batches (32.1%)
  - Elapsed: 2.5s, Estimated remaining: 5.2s
Validation: 55/156 batches (35.4%)
  - Batch Acc: 96.09%, Running Acc: 66.31%
Validation progress: 55/156 batches (35.3%)
  - Elapsed: 2.6s, Estimated remaining: 4.6s
Validation: 60/156 batches (38.6%)
  - Batch Acc: 95.31%, Running Acc: 67.20%
Validation progress: 60/156 batches (38.5%)
  - Elapsed: 2.6s, Estimated remaining: 4.0s
Validation: 65/156 batches (41.8%)
  - Batch Acc: 73.44%, Running Acc: 66.54%
Validation progress: 65/156 batches (41.7%)
  - Elapsed: 2.6s, Estimated remaining: 3.6s
Validation: 70/156 batches (45.1%)
  - Batch Acc: 96.09%, Running Acc: 66.63%
Validation progress: 70/156 batches (44.9%)
  - Elapsed: 2.7s, Estimated remaining: 3.2s
Validation: 75/156 batches (48.3%)
  - Batch Acc: 70.31%, Running Acc: 65.97%
Validation progress: 75/156 batches (48.1%)
  - Elapsed: 2.7s, Estimated remaining: 2.9s
Validation: 80/156 batches (51.5%)
  - Batch Acc: 92.97%, Running Acc: 64.86%
Validation progress: 80/156 batches (51.3%)
  - Elapsed: 2.8s, Estimated remaining: 2.5s
Validation: 85/156 batches (54.7%)
  - Batch Acc: 50.78%, Running Acc: 64.58%
Validation progress: 85/156 batches (54.5%)
  - Elapsed: 2.8s, Estimated remaining: 2.3s
Validation: 90/156 batches (57.9%)
  - Batch Acc: 30.47%, Running Acc: 62.54%
Validation progress: 90/156 batches (57.7%)
  - Elapsed: 2.8s, Estimated remaining: 2.0s
Validation: 95/156 batches (61.1%)
  - Batch Acc: 26.56%, Running Acc: 60.99%
Validation progress: 95/156 batches (60.9%)
  - Elapsed: 2.9s, Estimated remaining: 1.8s
Validation: 100/156 batches (64.4%)
  - Batch Acc: 51.56%, Running Acc: 60.59%
Validation progress: 100/156 batches (64.1%)
  - Elapsed: 2.9s, Estimated remaining: 1.6s
Validation: 105/156 batches (67.6%)
  - Batch Acc: 59.38%, Running Acc: 60.42%
Validation progress: 105/156 batches (67.3%)
  - Elapsed: 2.9s, Estimated remaining: 1.4s
Validation: 110/156 batches (70.8%)
  - Batch Acc: 88.28%, Running Acc: 61.27%
Validation progress: 110/156 batches (70.5%)
  - Elapsed: 3.0s, Estimated remaining: 1.2s
Validation: 115/156 batches (74.0%)
  - Batch Acc: 64.06%, Running Acc: 61.42%
Validation progress: 115/156 batches (73.7%)
  - Elapsed: 3.0s, Estimated remaining: 1.0s
Validation: 120/156 batches (77.2%)
  - Batch Acc: 75.00%, Running Acc: 61.99%
Validation progress: 120/156 batches (76.9%)
  - Elapsed: 3.1s, Estimated remaining: 0.9s
Validation: 125/156 batches (80.5%)
  - Batch Acc: 86.72%, Running Acc: 62.40%
Validation progress: 125/156 batches (80.1%)
  - Elapsed: 3.1s, Estimated remaining: 0.7s
Validation: 130/156 batches (83.7%)
  - Batch Acc: 88.28%, Running Acc: 63.41%
Validation progress: 130/156 batches (83.3%)
  - Elapsed: 3.1s, Estimated remaining: 0.6s
Validation: 135/156 batches (86.9%)
  - Batch Acc: 74.22%, Running Acc: 64.04%
Validation progress: 135/156 batches (86.5%)
  - Elapsed: 3.2s, Estimated remaining: 0.5s
Validation: 140/156 batches (90.1%)
  - Batch Acc: 73.44%, Running Acc: 63.45%
Validation progress: 140/156 batches (89.7%)
  - Elapsed: 3.2s, Estimated remaining: 0.3s
Validation: 145/156 batches (93.3%)
  - Batch Acc: 91.41%, Running Acc: 63.80%
Validation progress: 145/156 batches (92.9%)
  - Elapsed: 3.3s, Estimated remaining: 0.2s
Validation: 150/156 batches (96.6%)
  - Batch Acc: 44.53%, Running Acc: 63.54%
Validation progress: 150/156 batches (96.2%)
  - Elapsed: 3.3s, Estimated remaining: 0.1s
Validation: 155/156 batches (99.8%)
  - Batch Acc: 91.41%, Running Acc: 64.34%
Validation progress: 155/156 batches (99.4%)
  - Elapsed: 3.3s, Estimated remaining: 0.0s
Validation: 156/156 batches (100.4%)
  - Batch Acc: 52.17%, Running Acc: 64.31%
Validation complete in 3.77s - Loss: 2.9613, Accuracy: 0.6431

==== Epoch 27/100 ====
Starting training phase...
Training on 79595 samples...
Training: 100/622 batches (16.1%)
  - Batch Acc: 98.44%, Running Acc: 98.76%
  - Loss: 0.0300, Grad Norm: 0.0150
  - Learning Rate: 0.000040
Training: 200/622 batches (32.2%)
  - Batch Acc: 98.44%, Running Acc: 98.68%
  - Loss: 0.0419, Grad Norm: 0.0321
  - Learning Rate: 0.000040
Training: 300/622 batches (48.2%)
  - Batch Acc: 96.88%, Running Acc: 98.71%
  - Loss: 0.0415, Grad Norm: 0.0460
  - Learning Rate: 0.000040
Training: 400/622 batches (64.3%)
  - Batch Acc: 99.22%, Running Acc: 98.70%
  - Loss: 0.0146, Grad Norm: 0.0140
  - Learning Rate: 0.000040
Training: 500/622 batches (80.4%)
  - Batch Acc: 97.66%, Running Acc: 98.66%
  - Loss: 0.0339, Grad Norm: 0.0240
  - Learning Rate: 0.000040
Training: 600/622 batches (96.5%)
  - Batch Acc: 97.66%, Running Acc: 98.67%
  - Loss: 0.0398, Grad Norm: 0.0150
  - Learning Rate: 0.000040
Training: 622/622 batches (100.0%)
  - Batch Acc: 100.00%, Running Acc: 98.66%
  - Loss: 0.0038, Grad Norm: 0.0088
  - Learning Rate: 0.000040

Training phase complete
Epoch Summary:
  - Average Loss: 0.0254
  - Average Accuracy: 98.66%
  - Average Grad Norm: 0.0273
  - Final Learning Rate: 0.000040
Starting validation phase...
Starting validation on 19886 samples...
Entering no_grad block for validation
Validation progress: 0/156 batches (0.0%)
  - Elapsed: 2.1s, Estimated remaining: 0.0s
Validation: 5/156 batches (3.2%)
  - Batch Acc: 52.34%, Running Acc: 70.31%
Validation progress: 5/156 batches (3.2%)
  - Elapsed: 2.2s, Estimated remaining: 55.3s
Validation: 10/156 batches (6.4%)
  - Batch Acc: 76.56%, Running Acc: 72.34%
Validation progress: 10/156 batches (6.4%)
  - Elapsed: 2.3s, Estimated remaining: 29.7s
Validation: 15/156 batches (9.7%)
  - Batch Acc: 100.00%, Running Acc: 62.76%
Validation progress: 15/156 batches (9.6%)
  - Elapsed: 2.3s, Estimated remaining: 20.0s
Validation: 20/156 batches (12.9%)
  - Batch Acc: 96.88%, Running Acc: 68.01%
Validation progress: 20/156 batches (12.8%)
  - Elapsed: 2.3s, Estimated remaining: 15.0s
Validation: 25/156 batches (16.1%)
  - Batch Acc: 64.06%, Running Acc: 67.66%
Validation progress: 25/156 batches (16.0%)
  - Elapsed: 2.4s, Estimated remaining: 11.8s
Validation: 30/156 batches (19.3%)
  - Batch Acc: 57.81%, Running Acc: 63.41%
Validation progress: 30/156 batches (19.2%)
  - Elapsed: 2.4s, Estimated remaining: 9.7s
Validation: 35/156 batches (22.5%)
  - Batch Acc: 100.00%, Running Acc: 65.85%
Validation progress: 35/156 batches (22.4%)
  - Elapsed: 2.4s, Estimated remaining: 8.1s
Validation: 40/156 batches (25.7%)
  - Batch Acc: 37.50%, Running Acc: 67.05%
Validation progress: 40/156 batches (25.6%)
  - Elapsed: 2.5s, Estimated remaining: 6.9s
Validation: 45/156 batches (29.0%)
  - Batch Acc: 100.00%, Running Acc: 68.02%
Validation progress: 45/156 batches (28.8%)
  - Elapsed: 2.5s, Estimated remaining: 6.0s
Validation: 50/156 batches (32.2%)
  - Batch Acc: 85.16%, Running Acc: 66.88%
Validation progress: 50/156 batches (32.1%)
  - Elapsed: 2.5s, Estimated remaining: 5.2s
Validation: 55/156 batches (35.4%)
  - Batch Acc: 95.31%, Running Acc: 67.36%
Validation progress: 55/156 batches (35.3%)
  - Elapsed: 2.6s, Estimated remaining: 4.6s
Validation: 60/156 batches (38.6%)
  - Batch Acc: 91.41%, Running Acc: 67.83%
Validation progress: 60/156 batches (38.5%)
  - Elapsed: 2.6s, Estimated remaining: 4.1s
Validation: 65/156 batches (41.8%)
  - Batch Acc: 71.09%, Running Acc: 66.92%
Validation progress: 65/156 batches (41.7%)
  - Elapsed: 2.7s, Estimated remaining: 3.6s
Validation: 70/156 batches (45.1%)
  - Batch Acc: 95.31%, Running Acc: 66.96%
Validation progress: 70/156 batches (44.9%)
  - Elapsed: 2.7s, Estimated remaining: 3.2s
Validation: 75/156 batches (48.3%)
  - Batch Acc: 67.97%, Running Acc: 66.00%
Validation progress: 75/156 batches (48.1%)
  - Elapsed: 2.7s, Estimated remaining: 2.9s
Validation: 80/156 batches (51.5%)
  - Batch Acc: 93.75%, Running Acc: 64.90%
Validation progress: 80/156 batches (51.3%)
  - Elapsed: 2.8s, Estimated remaining: 2.6s
Validation: 85/156 batches (54.7%)
  - Batch Acc: 47.66%, Running Acc: 64.51%
Validation progress: 85/156 batches (54.5%)
  - Elapsed: 2.8s, Estimated remaining: 2.3s
Validation: 90/156 batches (57.9%)
  - Batch Acc: 33.59%, Running Acc: 62.53%
Validation progress: 90/156 batches (57.7%)
  - Elapsed: 2.9s, Estimated remaining: 2.0s
Validation: 95/156 batches (61.1%)
  - Batch Acc: 28.12%, Running Acc: 61.08%
Validation progress: 95/156 batches (60.9%)
  - Elapsed: 2.9s, Estimated remaining: 1.8s
Validation: 100/156 batches (64.4%)
  - Batch Acc: 50.78%, Running Acc: 60.70%
Validation progress: 100/156 batches (64.1%)
  - Elapsed: 2.9s, Estimated remaining: 1.6s
Validation: 105/156 batches (67.6%)
  - Batch Acc: 61.72%, Running Acc: 60.68%
Validation progress: 105/156 batches (67.3%)
  - Elapsed: 3.0s, Estimated remaining: 1.4s
Validation: 110/156 batches (70.8%)
  - Batch Acc: 78.91%, Running Acc: 61.34%
Validation progress: 110/156 batches (70.5%)
  - Elapsed: 3.0s, Estimated remaining: 1.2s
Validation: 115/156 batches (74.0%)
  - Batch Acc: 67.19%, Running Acc: 61.49%
Validation progress: 115/156 batches (73.7%)
  - Elapsed: 3.1s, Estimated remaining: 1.1s
Validation: 120/156 batches (77.2%)
  - Batch Acc: 76.56%, Running Acc: 62.04%
Validation progress: 120/156 batches (76.9%)
  - Elapsed: 3.1s, Estimated remaining: 0.9s
Validation: 125/156 batches (80.5%)
  - Batch Acc: 85.94%, Running Acc: 62.60%
Validation progress: 125/156 batches (80.1%)
  - Elapsed: 3.2s, Estimated remaining: 0.8s
Validation: 130/156 batches (83.7%)
  - Batch Acc: 88.28%, Running Acc: 63.59%
Validation progress: 130/156 batches (83.3%)
  - Elapsed: 3.2s, Estimated remaining: 0.6s
Validation: 135/156 batches (86.9%)
  - Batch Acc: 70.31%, Running Acc: 64.20%
Validation progress: 135/156 batches (86.5%)
  - Elapsed: 3.2s, Estimated remaining: 0.5s
Validation: 140/156 batches (90.1%)
  - Batch Acc: 75.00%, Running Acc: 63.62%
Validation progress: 140/156 batches (89.7%)
  - Elapsed: 3.3s, Estimated remaining: 0.3s
Validation: 145/156 batches (93.3%)
  - Batch Acc: 92.97%, Running Acc: 63.90%
Validation progress: 145/156 batches (92.9%)
  - Elapsed: 3.3s, Estimated remaining: 0.2s
Validation: 150/156 batches (96.6%)
  - Batch Acc: 43.75%, Running Acc: 63.61%
Validation progress: 150/156 batches (96.2%)
  - Elapsed: 3.4s, Estimated remaining: 0.1s
Validation: 155/156 batches (99.8%)
  - Batch Acc: 89.06%, Running Acc: 64.33%
Validation progress: 155/156 batches (99.4%)
  - Elapsed: 3.4s, Estimated remaining: 0.0s
Validation: 156/156 batches (100.4%)
  - Batch Acc: 39.13%, Running Acc: 64.28%
Validation complete in 3.87s - Loss: 2.9851, Accuracy: 0.6428

==== Epoch 28/100 ====
Starting training phase...
Training on 79595 samples...
Training: 100/622 batches (16.1%)
  - Batch Acc: 98.44%, Running Acc: 98.51%
  - Loss: 0.0209, Grad Norm: 0.0279
  - Learning Rate: 0.000040
Training: 200/622 batches (32.2%)
  - Batch Acc: 100.00%, Running Acc: 98.59%
  - Loss: 0.0127, Grad Norm: 0.0225
  - Learning Rate: 0.000040
Training: 300/622 batches (48.2%)
  - Batch Acc: 99.22%, Running Acc: 98.67%
  - Loss: 0.0257, Grad Norm: 0.0255
  - Learning Rate: 0.000040
Training: 400/622 batches (64.3%)
  - Batch Acc: 100.00%, Running Acc: 98.65%
  - Loss: 0.0058, Grad Norm: 0.0160
  - Learning Rate: 0.000040
Training: 500/622 batches (80.4%)
  - Batch Acc: 96.88%, Running Acc: 98.65%
  - Loss: 0.0480, Grad Norm: 0.1755
  - Learning Rate: 0.000040
Training: 600/622 batches (96.5%)
  - Batch Acc: 97.66%, Running Acc: 98.66%
  - Loss: 0.0467, Grad Norm: 0.0190
  - Learning Rate: 0.000040
Training: 622/622 batches (100.0%)
  - Batch Acc: 98.13%, Running Acc: 98.66%
  - Loss: 0.0307, Grad Norm: 0.0245
  - Learning Rate: 0.000040

Training phase complete
Epoch Summary:
  - Average Loss: 0.0255
  - Average Accuracy: 98.66%
  - Average Grad Norm: 0.0288
  - Final Learning Rate: 0.000040
Starting validation phase...
Starting validation on 19886 samples...
Entering no_grad block for validation
Validation progress: 0/156 batches (0.0%)
  - Elapsed: 2.1s, Estimated remaining: 0.0s
Validation: 5/156 batches (3.2%)
  - Batch Acc: 46.09%, Running Acc: 66.72%
Validation progress: 5/156 batches (3.2%)
  - Elapsed: 2.1s, Estimated remaining: 52.4s
Validation: 10/156 batches (6.4%)
  - Batch Acc: 79.69%, Running Acc: 72.11%
Validation progress: 10/156 batches (6.4%)
  - Elapsed: 2.2s, Estimated remaining: 28.5s
Validation: 15/156 batches (9.7%)
  - Batch Acc: 100.00%, Running Acc: 63.02%
Validation progress: 15/156 batches (9.6%)
  - Elapsed: 2.2s, Estimated remaining: 19.0s
Validation: 20/156 batches (12.9%)
  - Batch Acc: 97.66%, Running Acc: 68.12%
Validation progress: 20/156 batches (12.8%)
  - Elapsed: 2.2s, Estimated remaining: 14.2s
Validation: 25/156 batches (16.1%)
  - Batch Acc: 56.25%, Running Acc: 67.69%
Validation progress: 25/156 batches (16.0%)
  - Elapsed: 2.3s, Estimated remaining: 11.3s
Validation: 30/156 batches (19.3%)
  - Batch Acc: 61.72%, Running Acc: 63.52%
Validation progress: 30/156 batches (19.2%)
  - Elapsed: 2.3s, Estimated remaining: 9.2s
Validation: 35/156 batches (22.5%)
  - Batch Acc: 100.00%, Running Acc: 65.62%
Validation progress: 35/156 batches (22.4%)
  - Elapsed: 2.3s, Estimated remaining: 7.7s
Validation: 40/156 batches (25.7%)
  - Batch Acc: 29.69%, Running Acc: 66.64%
Validation progress: 40/156 batches (25.6%)
  - Elapsed: 2.4s, Estimated remaining: 6.6s
Validation: 45/156 batches (29.0%)
  - Batch Acc: 100.00%, Running Acc: 67.08%
Validation progress: 45/156 batches (28.8%)
  - Elapsed: 2.4s, Estimated remaining: 5.7s
Validation: 50/156 batches (32.2%)
  - Batch Acc: 89.84%, Running Acc: 65.64%
Validation progress: 50/156 batches (32.1%)
  - Elapsed: 2.4s, Estimated remaining: 5.0s
Validation: 55/156 batches (35.4%)
  - Batch Acc: 97.66%, Running Acc: 66.70%
Validation progress: 55/156 batches (35.3%)
  - Elapsed: 2.5s, Estimated remaining: 4.4s
Validation: 60/156 batches (38.6%)
  - Batch Acc: 93.75%, Running Acc: 67.47%
Validation progress: 60/156 batches (38.5%)
  - Elapsed: 2.5s, Estimated remaining: 3.9s
Validation: 65/156 batches (41.8%)
  - Batch Acc: 75.00%, Running Acc: 66.96%
Validation progress: 65/156 batches (41.7%)
  - Elapsed: 2.5s, Estimated remaining: 3.5s
Validation: 70/156 batches (45.1%)
  - Batch Acc: 96.09%, Running Acc: 67.11%
Validation progress: 70/156 batches (44.9%)
  - Elapsed: 2.6s, Estimated remaining: 3.1s
Validation: 75/156 batches (48.3%)
  - Batch Acc: 68.75%, Running Acc: 66.50%
Validation progress: 75/156 batches (48.1%)
  - Elapsed: 2.6s, Estimated remaining: 2.8s
Validation: 80/156 batches (51.5%)
  - Batch Acc: 91.41%, Running Acc: 65.27%
Validation progress: 80/156 batches (51.3%)
  - Elapsed: 2.7s, Estimated remaining: 2.5s
Validation: 85/156 batches (54.7%)
  - Batch Acc: 62.50%, Running Acc: 64.78%
Validation progress: 85/156 batches (54.5%)
  - Elapsed: 2.7s, Estimated remaining: 2.2s
Validation: 90/156 batches (57.9%)
  - Batch Acc: 28.91%, Running Acc: 62.79%
Validation progress: 90/156 batches (57.7%)
  - Elapsed: 2.7s, Estimated remaining: 2.0s
Validation: 95/156 batches (61.1%)
  - Batch Acc: 27.34%, Running Acc: 61.17%
Validation progress: 95/156 batches (60.9%)
  - Elapsed: 2.8s, Estimated remaining: 1.7s
Validation: 100/156 batches (64.4%)
  - Batch Acc: 46.88%, Running Acc: 60.65%
Validation progress: 100/156 batches (64.1%)
  - Elapsed: 2.8s, Estimated remaining: 1.5s
Validation: 105/156 batches (67.6%)
  - Batch Acc: 59.38%, Running Acc: 60.50%
Validation progress: 105/156 batches (67.3%)
  - Elapsed: 2.9s, Estimated remaining: 1.3s
Validation: 110/156 batches (70.8%)
  - Batch Acc: 85.16%, Running Acc: 61.31%
Validation progress: 110/156 batches (70.5%)
  - Elapsed: 2.9s, Estimated remaining: 1.2s
Validation: 115/156 batches (74.0%)
  - Batch Acc: 71.88%, Running Acc: 61.57%
Validation progress: 115/156 batches (73.7%)
  - Elapsed: 2.9s, Estimated remaining: 1.0s
Validation: 120/156 batches (77.2%)
  - Batch Acc: 78.91%, Running Acc: 62.23%
Validation progress: 120/156 batches (76.9%)
  - Elapsed: 3.0s, Estimated remaining: 0.9s
Validation: 125/156 batches (80.5%)
  - Batch Acc: 86.72%, Running Acc: 62.86%
Validation progress: 125/156 batches (80.1%)
  - Elapsed: 3.0s, Estimated remaining: 0.7s
Validation: 130/156 batches (83.7%)
  - Batch Acc: 88.28%, Running Acc: 63.88%
Validation progress: 130/156 batches (83.3%)
  - Elapsed: 3.0s, Estimated remaining: 0.6s
Validation: 135/156 batches (86.9%)
  - Batch Acc: 68.75%, Running Acc: 64.40%
Validation progress: 135/156 batches (86.5%)
  - Elapsed: 3.1s, Estimated remaining: 0.5s
Validation: 140/156 batches (90.1%)
  - Batch Acc: 78.12%, Running Acc: 63.89%
Validation progress: 140/156 batches (89.7%)
  - Elapsed: 3.1s, Estimated remaining: 0.3s
Validation: 145/156 batches (93.3%)
  - Batch Acc: 91.41%, Running Acc: 64.28%
Validation progress: 145/156 batches (92.9%)
  - Elapsed: 3.2s, Estimated remaining: 0.2s
Validation: 150/156 batches (96.6%)
  - Batch Acc: 44.53%, Running Acc: 63.99%
Validation progress: 150/156 batches (96.2%)
  - Elapsed: 3.2s, Estimated remaining: 0.1s
Validation: 155/156 batches (99.8%)
  - Batch Acc: 92.97%, Running Acc: 64.76%
Validation progress: 155/156 batches (99.4%)
  - Elapsed: 3.2s, Estimated remaining: 0.0s
Validation: 156/156 batches (100.4%)
  - Batch Acc: 45.65%, Running Acc: 64.72%
Validation complete in 3.69s - Loss: 2.9593, Accuracy: 0.6472

==== Epoch 29/100 ====
Starting training phase...
Training on 79595 samples...
Training: 100/622 batches (16.1%)
  - Batch Acc: 95.31%, Running Acc: 98.69%
  - Loss: 0.0562, Grad Norm: 0.0497
  - Learning Rate: 0.000040
Training: 200/622 batches (32.2%)
  - Batch Acc: 98.44%, Running Acc: 98.66%
  - Loss: 0.0280, Grad Norm: 0.0184
  - Learning Rate: 0.000040
Training: 300/622 batches (48.2%)
  - Batch Acc: 100.00%, Running Acc: 98.69%
  - Loss: 0.0160, Grad Norm: 0.0400
  - Learning Rate: 0.000040
Training: 400/622 batches (64.3%)
  - Batch Acc: 98.44%, Running Acc: 98.69%
  - Loss: 0.0195, Grad Norm: 0.0156
  - Learning Rate: 0.000040
Training: 500/622 batches (80.4%)
  - Batch Acc: 98.44%, Running Acc: 98.67%
  - Loss: 0.0233, Grad Norm: 0.0191
  - Learning Rate: 0.000040
Training: 600/622 batches (96.5%)
  - Batch Acc: 98.44%, Running Acc: 98.67%
  - Loss: 0.0242, Grad Norm: 0.0231
  - Learning Rate: 0.000040
Training: 622/622 batches (100.0%)
  - Batch Acc: 100.00%, Running Acc: 98.67%
  - Loss: 0.0078, Grad Norm: 0.0132
  - Learning Rate: 0.000040

Training phase complete
Epoch Summary:
  - Average Loss: 0.0255
  - Average Accuracy: 98.67%
  - Average Grad Norm: 0.0288
  - Final Learning Rate: 0.000040
Starting validation phase...
Starting validation on 19886 samples...
Entering no_grad block for validation
Validation progress: 0/156 batches (0.0%)
  - Elapsed: 2.1s, Estimated remaining: 0.0s
Validation: 5/156 batches (3.2%)
  - Batch Acc: 53.91%, Running Acc: 70.31%
Validation progress: 5/156 batches (3.2%)
  - Elapsed: 2.1s, Estimated remaining: 53.1s
Validation: 10/156 batches (6.4%)
  - Batch Acc: 65.62%, Running Acc: 69.22%
Validation progress: 10/156 batches (6.4%)
  - Elapsed: 2.2s, Estimated remaining: 28.5s
Validation: 15/156 batches (9.7%)
  - Batch Acc: 100.00%, Running Acc: 59.95%
Validation progress: 15/156 batches (9.6%)
  - Elapsed: 2.2s, Estimated remaining: 19.0s
Validation: 20/156 batches (12.9%)
  - Batch Acc: 96.88%, Running Acc: 65.62%
Validation progress: 20/156 batches (12.8%)
  - Elapsed: 2.2s, Estimated remaining: 14.2s
Validation: 25/156 batches (16.1%)
  - Batch Acc: 60.16%, Running Acc: 65.16%
Validation progress: 25/156 batches (16.0%)
  - Elapsed: 2.2s, Estimated remaining: 11.2s
Validation: 30/156 batches (19.3%)
  - Batch Acc: 54.69%, Running Acc: 60.94%
Validation progress: 30/156 batches (19.2%)
  - Elapsed: 2.3s, Estimated remaining: 9.2s
Validation: 35/156 batches (22.5%)
  - Batch Acc: 100.00%, Running Acc: 63.75%
Validation progress: 35/156 batches (22.4%)
  - Elapsed: 2.3s, Estimated remaining: 7.7s
Validation: 40/156 batches (25.7%)
  - Batch Acc: 39.84%, Running Acc: 65.27%
Validation progress: 40/156 batches (25.6%)
  - Elapsed: 2.3s, Estimated remaining: 6.6s
Validation: 45/156 batches (29.0%)
  - Batch Acc: 100.00%, Running Acc: 66.63%
Validation progress: 45/156 batches (28.8%)
  - Elapsed: 2.4s, Estimated remaining: 5.7s
Validation: 50/156 batches (32.2%)
  - Batch Acc: 82.81%, Running Acc: 65.84%
Validation progress: 50/156 batches (32.1%)
  - Elapsed: 2.4s, Estimated remaining: 5.0s
Validation: 55/156 batches (35.4%)
  - Batch Acc: 96.09%, Running Acc: 66.35%
Validation progress: 55/156 batches (35.3%)
  - Elapsed: 2.5s, Estimated remaining: 4.4s
Validation: 60/156 batches (38.6%)
  - Batch Acc: 91.41%, Running Acc: 66.85%
Validation progress: 60/156 batches (38.5%)
  - Elapsed: 2.5s, Estimated remaining: 3.9s
Validation: 65/156 batches (41.8%)
  - Batch Acc: 70.31%, Running Acc: 66.00%
Validation progress: 65/156 batches (41.7%)
  - Elapsed: 2.5s, Estimated remaining: 3.4s
Validation: 70/156 batches (45.1%)
  - Batch Acc: 94.53%, Running Acc: 66.03%
Validation progress: 70/156 batches (44.9%)
  - Elapsed: 2.6s, Estimated remaining: 3.1s
Validation: 75/156 batches (48.3%)
  - Batch Acc: 67.97%, Running Acc: 64.95%
Validation progress: 75/156 batches (48.1%)
  - Elapsed: 2.6s, Estimated remaining: 2.7s
Validation: 80/156 batches (51.5%)
  - Batch Acc: 97.66%, Running Acc: 64.06%
Validation progress: 80/156 batches (51.3%)
  - Elapsed: 2.6s, Estimated remaining: 2.4s
Validation: 85/156 batches (54.7%)
  - Batch Acc: 44.53%, Running Acc: 63.66%
Validation progress: 85/156 batches (54.5%)
  - Elapsed: 2.7s, Estimated remaining: 2.2s
Validation: 90/156 batches (57.9%)
  - Batch Acc: 34.38%, Running Acc: 61.69%
Validation progress: 90/156 batches (57.7%)
  - Elapsed: 2.7s, Estimated remaining: 1.9s
Validation: 95/156 batches (61.1%)
  - Batch Acc: 28.12%, Running Acc: 60.53%
Validation progress: 95/156 batches (60.9%)
  - Elapsed: 2.7s, Estimated remaining: 1.7s
Validation: 100/156 batches (64.4%)
  - Batch Acc: 57.03%, Running Acc: 60.31%
Validation progress: 100/156 batches (64.1%)
  - Elapsed: 2.8s, Estimated remaining: 1.5s
Validation: 105/156 batches (67.6%)
  - Batch Acc: 64.06%, Running Acc: 60.42%
Validation progress: 105/156 batches (67.3%)
  - Elapsed: 2.8s, Estimated remaining: 1.3s
Validation: 110/156 batches (70.8%)
  - Batch Acc: 75.78%, Running Acc: 60.94%
Validation progress: 110/156 batches (70.5%)
  - Elapsed: 2.8s, Estimated remaining: 1.2s
Validation: 115/156 batches (74.0%)
  - Batch Acc: 56.25%, Running Acc: 60.95%
Validation progress: 115/156 batches (73.7%)
  - Elapsed: 2.9s, Estimated remaining: 1.0s
Validation: 120/156 batches (77.2%)
  - Batch Acc: 69.53%, Running Acc: 61.39%
Validation progress: 120/156 batches (76.9%)
  - Elapsed: 2.9s, Estimated remaining: 0.8s
Validation: 125/156 batches (80.5%)
  - Batch Acc: 80.47%, Running Acc: 61.68%
Validation progress: 125/156 batches (80.1%)
  - Elapsed: 3.0s, Estimated remaining: 0.7s
Validation: 130/156 batches (83.7%)
  - Batch Acc: 88.28%, Running Acc: 62.69%
Validation progress: 130/156 batches (83.3%)
  - Elapsed: 3.0s, Estimated remaining: 0.6s
Validation: 135/156 batches (86.9%)
  - Batch Acc: 72.66%, Running Acc: 63.35%
Validation progress: 135/156 batches (86.5%)
  - Elapsed: 3.0s, Estimated remaining: 0.4s
Validation: 140/156 batches (90.1%)
  - Batch Acc: 75.00%, Running Acc: 62.70%
Validation progress: 140/156 batches (89.7%)
  - Elapsed: 3.1s, Estimated remaining: 0.3s
Validation: 145/156 batches (93.3%)
  - Batch Acc: 92.19%, Running Acc: 62.97%
Validation progress: 145/156 batches (92.9%)
  - Elapsed: 3.1s, Estimated remaining: 0.2s
Validation: 150/156 batches (96.6%)
  - Batch Acc: 40.62%, Running Acc: 62.70%
Validation progress: 150/156 batches (96.2%)
  - Elapsed: 3.1s, Estimated remaining: 0.1s
Validation: 155/156 batches (99.8%)
  - Batch Acc: 85.94%, Running Acc: 63.42%
Validation progress: 155/156 batches (99.4%)
  - Elapsed: 3.2s, Estimated remaining: 0.0s
Validation: 156/156 batches (100.4%)
  - Batch Acc: 32.61%, Running Acc: 63.35%
Validation complete in 3.63s - Loss: 3.0658, Accuracy: 0.6335

==== Epoch 30/100 ====
Starting training phase...
Training on 79595 samples...
Training: 100/622 batches (16.1%)
  - Batch Acc: 100.00%, Running Acc: 98.46%
  - Loss: 0.0191, Grad Norm: 0.0330
  - Learning Rate: 0.000040
Training: 200/622 batches (32.2%)
  - Batch Acc: 96.88%, Running Acc: 98.53%
  - Loss: 0.0459, Grad Norm: 0.1683
  - Learning Rate: 0.000040
Training: 300/622 batches (48.2%)
  - Batch Acc: 99.22%, Running Acc: 98.57%
  - Loss: 0.0216, Grad Norm: 0.0178
  - Learning Rate: 0.000040
Training: 400/622 batches (64.3%)
  - Batch Acc: 99.22%, Running Acc: 98.62%
  - Loss: 0.0223, Grad Norm: 0.0206
  - Learning Rate: 0.000040
Training: 500/622 batches (80.4%)
  - Batch Acc: 98.44%, Running Acc: 98.64%
  - Loss: 0.0195, Grad Norm: 0.0179
  - Learning Rate: 0.000040
Training: 600/622 batches (96.5%)
  - Batch Acc: 100.00%, Running Acc: 98.66%
  - Loss: 0.0288, Grad Norm: 0.0556
  - Learning Rate: 0.000040
Training: 622/622 batches (100.0%)
  - Batch Acc: 99.07%, Running Acc: 98.66%
  - Loss: 0.0244, Grad Norm: 0.0233
  - Learning Rate: 0.000040

Training phase complete
Epoch Summary:
  - Average Loss: 0.0255
  - Average Accuracy: 98.66%
  - Average Grad Norm: 0.0276
  - Final Learning Rate: 0.000040
Starting validation phase...
Starting validation on 19886 samples...
Entering no_grad block for validation
Validation progress: 0/156 batches (0.0%)
  - Elapsed: 2.1s, Estimated remaining: 0.0s
Validation: 5/156 batches (3.2%)
  - Batch Acc: 45.31%, Running Acc: 67.81%
Validation progress: 5/156 batches (3.2%)
  - Elapsed: 2.1s, Estimated remaining: 52.9s
Validation: 10/156 batches (6.4%)
  - Batch Acc: 77.34%, Running Acc: 71.48%
Validation progress: 10/156 batches (6.4%)
  - Elapsed: 2.2s, Estimated remaining: 28.6s
Validation: 15/156 batches (9.7%)
  - Batch Acc: 100.00%, Running Acc: 62.40%
Validation progress: 15/156 batches (9.6%)
  - Elapsed: 2.2s, Estimated remaining: 19.1s
Validation: 20/156 batches (12.9%)
  - Batch Acc: 96.88%, Running Acc: 67.93%
Validation progress: 20/156 batches (12.8%)
  - Elapsed: 2.2s, Estimated remaining: 14.3s
Validation: 25/156 batches (16.1%)
  - Batch Acc: 57.81%, Running Acc: 67.41%
Validation progress: 25/156 batches (16.0%)
  - Elapsed: 2.2s, Estimated remaining: 11.2s
Validation: 30/156 batches (19.3%)
  - Batch Acc: 58.59%, Running Acc: 62.94%
Validation progress: 30/156 batches (19.2%)
  - Elapsed: 2.3s, Estimated remaining: 9.2s
Validation: 35/156 batches (22.5%)
  - Batch Acc: 100.00%, Running Acc: 65.36%
Validation progress: 35/156 batches (22.4%)
  - Elapsed: 2.3s, Estimated remaining: 7.8s
Validation: 40/156 batches (25.7%)
  - Batch Acc: 32.03%, Running Acc: 66.46%
Validation progress: 40/156 batches (25.6%)
  - Elapsed: 2.4s, Estimated remaining: 6.6s
Validation: 45/156 batches (29.0%)
  - Batch Acc: 100.00%, Running Acc: 67.14%
Validation progress: 45/156 batches (28.8%)
  - Elapsed: 2.4s, Estimated remaining: 5.7s
Validation: 50/156 batches (32.2%)
  - Batch Acc: 85.94%, Running Acc: 65.70%
Validation progress: 50/156 batches (32.1%)
  - Elapsed: 2.4s, Estimated remaining: 5.0s
Validation: 55/156 batches (35.4%)
  - Batch Acc: 96.88%, Running Acc: 66.62%
Validation progress: 55/156 batches (35.3%)
  - Elapsed: 2.5s, Estimated remaining: 4.4s
Validation: 60/156 batches (38.6%)
  - Batch Acc: 95.31%, Running Acc: 67.40%
Validation progress: 60/156 batches (38.5%)
  - Elapsed: 2.5s, Estimated remaining: 3.9s
Validation: 65/156 batches (41.8%)
  - Batch Acc: 73.44%, Running Acc: 66.71%
Validation progress: 65/156 batches (41.7%)
  - Elapsed: 2.5s, Estimated remaining: 3.5s
Validation: 70/156 batches (45.1%)
  - Batch Acc: 96.09%, Running Acc: 66.82%
Validation progress: 70/156 batches (44.9%)
  - Elapsed: 2.6s, Estimated remaining: 3.1s
Validation: 75/156 batches (48.3%)
  - Batch Acc: 67.97%, Running Acc: 65.95%
Validation progress: 75/156 batches (48.1%)
  - Elapsed: 2.6s, Estimated remaining: 2.7s
Validation: 80/156 batches (51.5%)
  - Batch Acc: 94.53%, Running Acc: 64.86%
Validation progress: 80/156 batches (51.3%)
  - Elapsed: 2.6s, Estimated remaining: 2.5s
Validation: 85/156 batches (54.7%)
  - Batch Acc: 55.47%, Running Acc: 64.46%
Validation progress: 85/156 batches (54.5%)
  - Elapsed: 2.7s, Estimated remaining: 2.2s
Validation: 90/156 batches (57.9%)
  - Batch Acc: 31.25%, Running Acc: 62.53%
Validation progress: 90/156 batches (57.7%)
  - Elapsed: 2.7s, Estimated remaining: 1.9s
Validation: 95/156 batches (61.1%)
  - Batch Acc: 28.12%, Running Acc: 61.09%
Validation progress: 95/156 batches (60.9%)
  - Elapsed: 2.8s, Estimated remaining: 1.7s
Validation: 100/156 batches (64.4%)
  - Batch Acc: 50.00%, Running Acc: 60.65%
Validation progress: 100/156 batches (64.1%)
  - Elapsed: 2.8s, Estimated remaining: 1.5s
Validation: 105/156 batches (67.6%)
  - Batch Acc: 62.50%, Running Acc: 60.65%
Validation progress: 105/156 batches (67.3%)
  - Elapsed: 2.8s, Estimated remaining: 1.3s
Validation: 110/156 batches (70.8%)
  - Batch Acc: 78.91%, Running Acc: 61.33%
Validation progress: 110/156 batches (70.5%)
  - Elapsed: 2.9s, Estimated remaining: 1.2s
Validation: 115/156 batches (74.0%)
  - Batch Acc: 69.53%, Running Acc: 61.54%
Validation progress: 115/156 batches (73.7%)
  - Elapsed: 2.9s, Estimated remaining: 1.0s
Validation: 120/156 batches (77.2%)
  - Batch Acc: 76.56%, Running Acc: 62.14%
Validation progress: 120/156 batches (76.9%)
  - Elapsed: 2.9s, Estimated remaining: 0.9s
Validation: 125/156 batches (80.5%)
  - Batch Acc: 84.38%, Running Acc: 62.65%
Validation progress: 125/156 batches (80.1%)
  - Elapsed: 3.0s, Estimated remaining: 0.7s
Validation: 130/156 batches (83.7%)
  - Batch Acc: 88.28%, Running Acc: 63.65%
Validation progress: 130/156 batches (83.3%)
  - Elapsed: 3.0s, Estimated remaining: 0.6s
Validation: 135/156 batches (86.9%)
  - Batch Acc: 68.75%, Running Acc: 64.18%
Validation progress: 135/156 batches (86.5%)
  - Elapsed: 3.1s, Estimated remaining: 0.5s
Validation: 140/156 batches (90.1%)
  - Batch Acc: 78.12%, Running Acc: 63.71%
Validation progress: 140/156 batches (89.7%)
  - Elapsed: 3.1s, Estimated remaining: 0.3s
Validation: 145/156 batches (93.3%)
  - Batch Acc: 92.97%, Running Acc: 64.03%
Validation progress: 145/156 batches (92.9%)
  - Elapsed: 3.1s, Estimated remaining: 0.2s
Validation: 150/156 batches (96.6%)
  - Batch Acc: 42.97%, Running Acc: 63.73%
Validation progress: 150/156 batches (96.2%)
  - Elapsed: 3.2s, Estimated remaining: 0.1s
Validation: 155/156 batches (99.8%)
  - Batch Acc: 89.84%, Running Acc: 64.50%
Validation progress: 155/156 batches (99.4%)
  - Elapsed: 3.2s, Estimated remaining: 0.0s
Validation: 156/156 batches (100.4%)
  - Batch Acc: 36.96%, Running Acc: 64.43%
Validation complete in 3.67s - Loss: 2.9820, Accuracy: 0.6443

==== Epoch 31/100 ====
Starting training phase...
Training on 79595 samples...
Training: 100/622 batches (16.1%)
  - Batch Acc: 100.00%, Running Acc: 98.73%
  - Loss: 0.0123, Grad Norm: 0.0274
  - Learning Rate: 0.000040
Training: 200/622 batches (32.2%)
  - Batch Acc: 96.09%, Running Acc: 98.66%
  - Loss: 0.0588, Grad Norm: 0.0411
  - Learning Rate: 0.000040
Training: 300/622 batches (48.2%)
  - Batch Acc: 96.09%, Running Acc: 98.67%
  - Loss: 0.0592, Grad Norm: 0.0326
  - Learning Rate: 0.000040
Training: 400/622 batches (64.3%)
  - Batch Acc: 99.22%, Running Acc: 98.69%
  - Loss: 0.0212, Grad Norm: 0.0194
  - Learning Rate: 0.000040
Training: 500/622 batches (80.4%)
  - Batch Acc: 99.22%, Running Acc: 98.67%
  - Loss: 0.0189, Grad Norm: 0.0095
  - Learning Rate: 0.000040
Training: 600/622 batches (96.5%)
  - Batch Acc: 98.44%, Running Acc: 98.67%
  - Loss: 0.0316, Grad Norm: 0.0223
  - Learning Rate: 0.000040
Training: 622/622 batches (100.0%)
  - Batch Acc: 100.00%, Running Acc: 98.67%
  - Loss: 0.0216, Grad Norm: 0.0419
  - Learning Rate: 0.000040

Training phase complete
Epoch Summary:
  - Average Loss: 0.0254
  - Average Accuracy: 98.67%
  - Average Grad Norm: 0.0249
  - Final Learning Rate: 0.000040
Starting validation phase...
Starting validation on 19886 samples...
Entering no_grad block for validation
Validation progress: 0/156 batches (0.0%)
  - Elapsed: 2.0s, Estimated remaining: 0.0s
Validation: 5/156 batches (3.2%)
  - Batch Acc: 43.75%, Running Acc: 66.41%
Validation progress: 5/156 batches (3.2%)
  - Elapsed: 2.2s, Estimated remaining: 53.8s
Validation: 10/156 batches (6.4%)
  - Batch Acc: 76.56%, Running Acc: 71.02%
Validation progress: 10/156 batches (6.4%)
  - Elapsed: 2.2s, Estimated remaining: 28.9s
Validation: 15/156 batches (9.7%)
  - Batch Acc: 100.00%, Running Acc: 62.24%
Validation progress: 15/156 batches (9.6%)
  - Elapsed: 2.2s, Estimated remaining: 19.3s
Validation: 20/156 batches (12.9%)
  - Batch Acc: 96.09%, Running Acc: 68.09%
Validation progress: 20/156 batches (12.8%)
  - Elapsed: 2.2s, Estimated remaining: 14.3s
Validation: 25/156 batches (16.1%)
  - Batch Acc: 57.81%, Running Acc: 67.69%
Validation progress: 25/156 batches (16.0%)
  - Elapsed: 2.3s, Estimated remaining: 11.4s
Validation: 30/156 batches (19.3%)
  - Batch Acc: 59.38%, Running Acc: 63.18%
Validation progress: 30/156 batches (19.2%)
  - Elapsed: 2.3s, Estimated remaining: 9.3s
Validation: 35/156 batches (22.5%)
  - Batch Acc: 100.00%, Running Acc: 65.54%
Validation progress: 35/156 batches (22.4%)
  - Elapsed: 2.3s, Estimated remaining: 7.8s
Validation: 40/156 batches (25.7%)
  - Batch Acc: 28.91%, Running Acc: 66.54%
Validation progress: 40/156 batches (25.6%)
  - Elapsed: 2.4s, Estimated remaining: 6.6s
Validation: 45/156 batches (29.0%)
  - Batch Acc: 100.00%, Running Acc: 67.10%
Validation progress: 45/156 batches (28.8%)
  - Elapsed: 2.4s, Estimated remaining: 5.8s
Validation: 50/156 batches (32.2%)
  - Batch Acc: 87.50%, Running Acc: 65.66%
Validation progress: 50/156 batches (32.1%)
  - Elapsed: 2.4s, Estimated remaining: 5.0s
Validation: 55/156 batches (35.4%)
  - Batch Acc: 97.66%, Running Acc: 66.63%
Validation progress: 55/156 batches (35.3%)
  - Elapsed: 2.5s, Estimated remaining: 4.4s
Validation: 60/156 batches (38.6%)
  - Batch Acc: 96.88%, Running Acc: 67.42%
Validation progress: 60/156 batches (38.5%)
  - Elapsed: 2.5s, Estimated remaining: 3.9s
Validation: 65/156 batches (41.8%)
  - Batch Acc: 74.22%, Running Acc: 66.84%
Validation progress: 65/156 batches (41.7%)
  - Elapsed: 2.5s, Estimated remaining: 3.5s
Validation: 70/156 batches (45.1%)
  - Batch Acc: 96.09%, Running Acc: 66.94%
Validation progress: 70/156 batches (44.9%)
  - Elapsed: 2.6s, Estimated remaining: 3.1s
Validation: 75/156 batches (48.3%)
  - Batch Acc: 68.75%, Running Acc: 66.15%
Validation progress: 75/156 batches (48.1%)
  - Elapsed: 2.6s, Estimated remaining: 2.8s
Validation: 80/156 batches (51.5%)
  - Batch Acc: 93.75%, Running Acc: 65.02%
Validation progress: 80/156 batches (51.3%)
  - Elapsed: 2.7s, Estimated remaining: 2.5s
Validation: 85/156 batches (54.7%)
  - Batch Acc: 53.91%, Running Acc: 64.61%
Validation progress: 85/156 batches (54.5%)
  - Elapsed: 2.7s, Estimated remaining: 2.2s
Validation: 90/156 batches (57.9%)
  - Batch Acc: 31.25%, Running Acc: 62.70%
Validation progress: 90/156 batches (57.7%)
  - Elapsed: 2.7s, Estimated remaining: 2.0s
Validation: 95/156 batches (61.1%)
  - Batch Acc: 28.12%, Running Acc: 61.13%
Validation progress: 95/156 batches (60.9%)
  - Elapsed: 2.8s, Estimated remaining: 1.7s
Validation: 100/156 batches (64.4%)
  - Batch Acc: 46.09%, Running Acc: 60.63%
Validation progress: 100/156 batches (64.1%)
  - Elapsed: 2.8s, Estimated remaining: 1.5s
Validation: 105/156 batches (67.6%)
  - Batch Acc: 60.94%, Running Acc: 60.56%
Validation progress: 105/156 batches (67.3%)
  - Elapsed: 2.8s, Estimated remaining: 1.3s
Validation: 110/156 batches (70.8%)
  - Batch Acc: 75.78%, Running Acc: 61.19%
Validation progress: 110/156 batches (70.5%)
  - Elapsed: 2.9s, Estimated remaining: 1.2s
Validation: 115/156 batches (74.0%)
  - Batch Acc: 69.53%, Running Acc: 61.40%
Validation progress: 115/156 batches (73.7%)
  - Elapsed: 2.9s, Estimated remaining: 1.0s
Validation: 120/156 batches (77.2%)
  - Batch Acc: 79.69%, Running Acc: 62.03%
Validation progress: 120/156 batches (76.9%)
  - Elapsed: 3.0s, Estimated remaining: 0.9s
Validation: 125/156 batches (80.5%)
  - Batch Acc: 85.16%, Running Acc: 62.62%
Validation progress: 125/156 batches (80.1%)
  - Elapsed: 3.0s, Estimated remaining: 0.7s
Validation: 130/156 batches (83.7%)
  - Batch Acc: 88.28%, Running Acc: 63.64%
Validation progress: 130/156 batches (83.3%)
  - Elapsed: 3.0s, Estimated remaining: 0.6s
Validation: 135/156 batches (86.9%)
  - Batch Acc: 68.75%, Running Acc: 64.14%
Validation progress: 135/156 batches (86.5%)
  - Elapsed: 3.1s, Estimated remaining: 0.5s
Validation: 140/156 batches (90.1%)
  - Batch Acc: 78.91%, Running Acc: 63.68%
Validation progress: 140/156 batches (89.7%)
  - Elapsed: 3.1s, Estimated remaining: 0.3s
Validation: 145/156 batches (93.3%)
  - Batch Acc: 94.53%, Running Acc: 64.04%
Validation progress: 145/156 batches (92.9%)
  - Elapsed: 3.1s, Estimated remaining: 0.2s
Validation: 150/156 batches (96.6%)
  - Batch Acc: 42.97%, Running Acc: 63.74%
Validation progress: 150/156 batches (96.2%)
  - Elapsed: 3.2s, Estimated remaining: 0.1s
Validation: 155/156 batches (99.8%)
  - Batch Acc: 90.62%, Running Acc: 64.50%
Validation progress: 155/156 batches (99.4%)
  - Elapsed: 3.2s, Estimated remaining: 0.0s
Validation: 156/156 batches (100.4%)
  - Batch Acc: 36.96%, Running Acc: 64.43%
Validation complete in 3.67s - Loss: 2.9805, Accuracy: 0.6443

==== Epoch 32/100 ====
Starting training phase...
Training on 79595 samples...
Training: 100/622 batches (16.1%)
  - Batch Acc: 99.22%, Running Acc: 98.65%
  - Loss: 0.0202, Grad Norm: 0.0238
  - Learning Rate: 0.000040
Training: 200/622 batches (32.2%)
  - Batch Acc: 99.22%, Running Acc: 98.62%
  - Loss: 0.0108, Grad Norm: 0.0100
  - Learning Rate: 0.000040
Training: 300/622 batches (48.2%)
  - Batch Acc: 97.66%, Running Acc: 98.65%
  - Loss: 0.0385, Grad Norm: 0.0232
  - Learning Rate: 0.000040
Training: 400/622 batches (64.3%)
  - Batch Acc: 99.22%, Running Acc: 98.70%
  - Loss: 0.0243, Grad Norm: 0.0228
  - Learning Rate: 0.000040
Training: 500/622 batches (80.4%)
  - Batch Acc: 98.44%, Running Acc: 98.68%
  - Loss: 0.0293, Grad Norm: 0.0147
  - Learning Rate: 0.000040
Training: 600/622 batches (96.5%)
  - Batch Acc: 97.66%, Running Acc: 98.67%
  - Loss: 0.0320, Grad Norm: 0.0385
  - Learning Rate: 0.000040
Training: 622/622 batches (100.0%)
  - Batch Acc: 99.07%, Running Acc: 98.67%
  - Loss: 0.0182, Grad Norm: 0.0085
  - Learning Rate: 0.000040

Training phase complete
Epoch Summary:
  - Average Loss: 0.0253
  - Average Accuracy: 98.67%
  - Average Grad Norm: 0.0240
  - Final Learning Rate: 0.000040
Starting validation phase...
Starting validation on 19886 samples...
Entering no_grad block for validation
Validation progress: 0/156 batches (0.0%)
  - Elapsed: 2.1s, Estimated remaining: 0.0s
Validation: 5/156 batches (3.2%)
  - Batch Acc: 49.22%, Running Acc: 67.19%
Validation progress: 5/156 batches (3.2%)
  - Elapsed: 2.1s, Estimated remaining: 52.4s
Validation: 10/156 batches (6.4%)
  - Batch Acc: 75.00%, Running Acc: 70.39%
Validation progress: 10/156 batches (6.4%)
  - Elapsed: 2.2s, Estimated remaining: 28.4s
Validation: 15/156 batches (9.7%)
  - Batch Acc: 100.00%, Running Acc: 61.61%
Validation progress: 15/156 batches (9.6%)
  - Elapsed: 2.2s, Estimated remaining: 19.0s
Validation: 20/156 batches (12.9%)
  - Batch Acc: 97.66%, Running Acc: 67.11%
Validation progress: 20/156 batches (12.8%)
  - Elapsed: 2.2s, Estimated remaining: 14.1s
Validation: 25/156 batches (16.1%)
  - Batch Acc: 52.34%, Running Acc: 66.41%
Validation progress: 25/156 batches (16.0%)
  - Elapsed: 2.2s, Estimated remaining: 11.2s
Validation: 30/156 batches (19.3%)
  - Batch Acc: 61.72%, Running Acc: 62.24%
Validation progress: 30/156 batches (19.2%)
  - Elapsed: 2.3s, Estimated remaining: 9.2s
Validation: 35/156 batches (22.5%)
  - Batch Acc: 100.00%, Running Acc: 64.44%
Validation progress: 35/156 batches (22.4%)
  - Elapsed: 2.3s, Estimated remaining: 7.7s
Validation: 40/156 batches (25.7%)
  - Batch Acc: 32.81%, Running Acc: 65.68%
Validation progress: 40/156 batches (25.6%)
  - Elapsed: 2.3s, Estimated remaining: 6.6s
Validation: 45/156 batches (29.0%)
  - Batch Acc: 100.00%, Running Acc: 66.37%
Validation progress: 45/156 batches (28.8%)
  - Elapsed: 2.4s, Estimated remaining: 5.7s
Validation: 50/156 batches (32.2%)
  - Batch Acc: 85.94%, Running Acc: 65.03%
Validation progress: 50/156 batches (32.1%)
  - Elapsed: 2.4s, Estimated remaining: 5.0s
Validation: 55/156 batches (35.4%)
  - Batch Acc: 96.88%, Running Acc: 66.11%
Validation progress: 55/156 batches (35.3%)
  - Elapsed: 2.5s, Estimated remaining: 4.4s
Validation: 60/156 batches (38.6%)
  - Batch Acc: 97.66%, Running Acc: 67.19%
Validation progress: 60/156 batches (38.5%)
  - Elapsed: 2.5s, Estimated remaining: 3.9s
Validation: 65/156 batches (41.8%)
  - Batch Acc: 77.34%, Running Acc: 66.72%
Validation progress: 65/156 batches (41.7%)
  - Elapsed: 2.5s, Estimated remaining: 3.5s
Validation: 70/156 batches (45.1%)
  - Batch Acc: 95.31%, Running Acc: 66.79%
Validation progress: 70/156 batches (44.9%)
  - Elapsed: 2.6s, Estimated remaining: 3.1s
Validation: 75/156 batches (48.3%)
  - Batch Acc: 71.09%, Running Acc: 66.16%
Validation progress: 75/156 batches (48.1%)
  - Elapsed: 2.6s, Estimated remaining: 2.7s
Validation: 80/156 batches (51.5%)
  - Batch Acc: 91.41%, Running Acc: 64.99%
Validation progress: 80/156 batches (51.3%)
  - Elapsed: 2.6s, Estimated remaining: 2.5s
Validation: 85/156 batches (54.7%)
  - Batch Acc: 52.34%, Running Acc: 64.61%
Validation progress: 85/156 batches (54.5%)
  - Elapsed: 2.7s, Estimated remaining: 2.2s
Validation: 90/156 batches (57.9%)
  - Batch Acc: 29.69%, Running Acc: 62.63%
Validation progress: 90/156 batches (57.7%)
  - Elapsed: 2.7s, Estimated remaining: 1.9s
Validation: 95/156 batches (61.1%)
  - Batch Acc: 27.34%, Running Acc: 61.13%
Validation progress: 95/156 batches (60.9%)
  - Elapsed: 2.8s, Estimated remaining: 1.7s
Validation: 100/156 batches (64.4%)
  - Batch Acc: 49.22%, Running Acc: 60.69%
Validation progress: 100/156 batches (64.1%)
  - Elapsed: 2.8s, Estimated remaining: 1.5s
Validation: 105/156 batches (67.6%)
  - Batch Acc: 58.59%, Running Acc: 60.59%
Validation progress: 105/156 batches (67.3%)
  - Elapsed: 2.8s, Estimated remaining: 1.3s
Validation: 110/156 batches (70.8%)
  - Batch Acc: 83.59%, Running Acc: 61.34%
Validation progress: 110/156 batches (70.5%)
  - Elapsed: 2.9s, Estimated remaining: 1.2s
Validation: 115/156 batches (74.0%)
  - Batch Acc: 66.41%, Running Acc: 61.52%
Validation progress: 115/156 batches (73.7%)
  - Elapsed: 2.9s, Estimated remaining: 1.0s
Validation: 120/156 batches (77.2%)
  - Batch Acc: 77.34%, Running Acc: 62.14%
Validation progress: 120/156 batches (76.9%)
  - Elapsed: 3.0s, Estimated remaining: 0.9s
Validation: 125/156 batches (80.5%)
  - Batch Acc: 85.16%, Running Acc: 62.69%
Validation progress: 125/156 batches (80.1%)
  - Elapsed: 3.0s, Estimated remaining: 0.7s
Validation: 130/156 batches (83.7%)
  - Batch Acc: 88.28%, Running Acc: 63.69%
Validation progress: 130/156 batches (83.3%)
  - Elapsed: 3.0s, Estimated remaining: 0.6s
Validation: 135/156 batches (86.9%)
  - Batch Acc: 69.53%, Running Acc: 64.20%
Validation progress: 135/156 batches (86.5%)
  - Elapsed: 3.1s, Estimated remaining: 0.5s
Validation: 140/156 batches (90.1%)
  - Batch Acc: 78.91%, Running Acc: 63.69%
Validation progress: 140/156 batches (89.7%)
  - Elapsed: 3.1s, Estimated remaining: 0.3s
Validation: 145/156 batches (93.3%)
  - Batch Acc: 91.41%, Running Acc: 64.06%
Validation progress: 145/156 batches (92.9%)
  - Elapsed: 3.1s, Estimated remaining: 0.2s
Validation: 150/156 batches (96.6%)
  - Batch Acc: 42.97%, Running Acc: 63.80%
Validation progress: 150/156 batches (96.2%)
  - Elapsed: 3.2s, Estimated remaining: 0.1s
Validation: 155/156 batches (99.8%)
  - Batch Acc: 93.75%, Running Acc: 64.63%
Validation progress: 155/156 batches (99.4%)
  - Elapsed: 3.2s, Estimated remaining: 0.0s
Validation: 156/156 batches (100.4%)
  - Batch Acc: 43.48%, Running Acc: 64.58%
Validation complete in 3.70s - Loss: 2.9990, Accuracy: 0.6458
Early stopping triggered at epoch 32

==== Fold 2 training complete, evaluating best model ====
Starting final evaluation...
Evaluating 19886 samples across 156 batches
Evaluating batch 1/156
Evaluating batch 8/156
Evaluating batch 15/156
Evaluating batch 22/156
Evaluating batch 29/156
Evaluation: 35/156 batches, Running Acc: 65.85%, Loss: 0.3862
Evaluating batch 36/156
Evaluating batch 43/156
Evaluating batch 50/156
Evaluating batch 57/156
Evaluating batch 64/156
Evaluation: 70/156 batches, Running Acc: 67.76%, Loss: 0.0194
Evaluating batch 71/156
Evaluating batch 78/156
Evaluating batch 85/156
Evaluating batch 92/156
Evaluating batch 99/156
Evaluation: 105/156 batches, Running Acc: 60.45%, Loss: 3.3960
Evaluating batch 106/156
Evaluating batch 113/156
Evaluating batch 120/156
Evaluating batch 127/156
Evaluating batch 134/156
Evaluation: 140/156 batches, Running Acc: 64.69%, Loss: 1.1345
Evaluating batch 141/156
Evaluating batch 148/156
Evaluating batch 155/156
Evaluation: 156/156 batches, Running Acc: 65.50%, Loss: 1.4932
Computing final evaluation metrics
Evaluation complete - Test Loss: 2.6806, Accuracy: 0.6550, F1 Score: 0.6504

==== Starting fold 3/5 ====
Train: 79565 FC vectors, Validation: 19916 FC vectors
Using ReduceLROnPlateau scheduler monitoring validation val_accuracy

==== Epoch 1/100 ====
Starting training phase...
Training on 79565 samples...
Training: 100/622 batches (16.1%)
  - Batch Acc: 86.72%, Running Acc: 71.12%
  - Loss: 0.3107, Grad Norm: 0.7779
  - Learning Rate: 0.001000
Training: 200/622 batches (32.2%)
  - Batch Acc: 94.53%, Running Acc: 80.04%
  - Loss: 0.1587, Grad Norm: 0.6499
  - Learning Rate: 0.001000
Training: 300/622 batches (48.3%)
  - Batch Acc: 94.53%, Running Acc: 84.61%
  - Loss: 0.1402, Grad Norm: 0.5639
  - Learning Rate: 0.001000
Training: 400/622 batches (64.3%)
  - Batch Acc: 96.09%, Running Acc: 87.22%
  - Loss: 0.0950, Grad Norm: 0.3609
  - Learning Rate: 0.001000
Training: 500/622 batches (80.4%)
  - Batch Acc: 94.53%, Running Acc: 88.90%
  - Loss: 0.1354, Grad Norm: 0.4458
  - Learning Rate: 0.001000
Training: 600/622 batches (96.5%)
  - Batch Acc: 96.88%, Running Acc: 90.11%
  - Loss: 0.0702, Grad Norm: 0.2475
  - Learning Rate: 0.001000
Training: 622/622 batches (100.0%)
  - Batch Acc: 97.40%, Running Acc: 90.33%
  - Loss: 0.0704, Grad Norm: 0.5119
  - Learning Rate: 0.001000

Training phase complete
Epoch Summary:
  - Average Loss: 0.2162
  - Average Accuracy: 90.33%
  - Average Grad Norm: 0.6717
  - Final Learning Rate: 0.001000
Starting validation phase...
Starting validation on 19916 samples...
Entering no_grad block for validation
Validation progress: 0/156 batches (0.0%)
  - Elapsed: 2.0s, Estimated remaining: 0.0s
Validation: 5/156 batches (3.2%)
  - Batch Acc: 100.00%, Running Acc: 56.09%
Validation progress: 5/156 batches (3.2%)
  - Elapsed: 2.0s, Estimated remaining: 50.8s
Validation: 10/156 batches (6.4%)
  - Batch Acc: 92.19%, Running Acc: 66.95%
Validation progress: 10/156 batches (6.4%)
  - Elapsed: 2.1s, Estimated remaining: 27.4s
Validation: 15/156 batches (9.6%)
  - Batch Acc: 32.03%, Running Acc: 64.69%
Validation progress: 15/156 batches (9.6%)
  - Elapsed: 2.1s, Estimated remaining: 18.3s
Validation: 20/156 batches (12.9%)
  - Batch Acc: 78.12%, Running Acc: 62.50%
Validation progress: 20/156 batches (12.8%)
  - Elapsed: 2.1s, Estimated remaining: 13.7s
Validation: 25/156 batches (16.1%)
  - Batch Acc: 71.88%, Running Acc: 62.78%
Validation progress: 25/156 batches (16.0%)
  - Elapsed: 2.2s, Estimated remaining: 10.8s
Validation: 30/156 batches (19.3%)
  - Batch Acc: 45.31%, Running Acc: 61.02%
Validation progress: 30/156 batches (19.2%)
  - Elapsed: 2.2s, Estimated remaining: 8.9s
Validation: 35/156 batches (22.5%)
  - Batch Acc: 92.19%, Running Acc: 63.19%
Validation progress: 35/156 batches (22.4%)
  - Elapsed: 2.2s, Estimated remaining: 7.5s
Validation: 40/156 batches (25.7%)
  - Batch Acc: 71.09%, Running Acc: 63.26%
Validation progress: 40/156 batches (25.6%)
  - Elapsed: 2.3s, Estimated remaining: 6.4s
Validation: 45/156 batches (28.9%)
  - Batch Acc: 61.72%, Running Acc: 64.57%
Validation progress: 45/156 batches (28.8%)
  - Elapsed: 2.3s, Estimated remaining: 5.5s
Validation: 50/156 batches (32.1%)
  - Batch Acc: 69.53%, Running Acc: 66.70%
Validation progress: 50/156 batches (32.1%)
  - Elapsed: 2.4s, Estimated remaining: 4.8s
Validation: 55/156 batches (35.3%)
  - Batch Acc: 6.25%, Running Acc: 65.36%
Validation progress: 55/156 batches (35.3%)
  - Elapsed: 2.4s, Estimated remaining: 4.3s
Validation: 60/156 batches (38.6%)
  - Batch Acc: 0.00%, Running Acc: 61.16%
Validation progress: 60/156 batches (38.5%)
  - Elapsed: 2.4s, Estimated remaining: 3.8s
Validation: 65/156 batches (41.8%)
  - Batch Acc: 44.53%, Running Acc: 60.02%
Validation progress: 65/156 batches (41.7%)
  - Elapsed: 2.5s, Estimated remaining: 3.4s
Validation: 70/156 batches (45.0%)
  - Batch Acc: 71.09%, Running Acc: 61.35%
Validation progress: 70/156 batches (44.9%)
  - Elapsed: 2.5s, Estimated remaining: 3.0s
Validation: 75/156 batches (48.2%)
  - Batch Acc: 85.94%, Running Acc: 61.71%
Validation progress: 75/156 batches (48.1%)
  - Elapsed: 2.5s, Estimated remaining: 2.7s
Validation: 80/156 batches (51.4%)
  - Batch Acc: 26.56%, Running Acc: 60.71%
Validation progress: 80/156 batches (51.3%)
  - Elapsed: 2.6s, Estimated remaining: 2.4s
Validation: 85/156 batches (54.6%)
  - Batch Acc: 39.06%, Running Acc: 58.57%
Validation progress: 85/156 batches (54.5%)
  - Elapsed: 2.6s, Estimated remaining: 2.1s
Validation: 90/156 batches (57.8%)
  - Batch Acc: 89.84%, Running Acc: 59.77%
Validation progress: 90/156 batches (57.7%)
  - Elapsed: 2.6s, Estimated remaining: 1.9s
Validation: 95/156 batches (61.1%)
  - Batch Acc: 97.66%, Running Acc: 60.97%
Validation progress: 95/156 batches (60.9%)
  - Elapsed: 2.7s, Estimated remaining: 1.7s
Validation: 100/156 batches (64.3%)
  - Batch Acc: 57.03%, Running Acc: 60.80%
Validation progress: 100/156 batches (64.1%)
  - Elapsed: 2.7s, Estimated remaining: 1.5s
Validation: 105/156 batches (67.5%)
  - Batch Acc: 40.62%, Running Acc: 59.63%
Validation progress: 105/156 batches (67.3%)
  - Elapsed: 2.8s, Estimated remaining: 1.3s
Validation: 110/156 batches (70.7%)
  - Batch Acc: 78.91%, Running Acc: 59.02%
Validation progress: 110/156 batches (70.5%)
  - Elapsed: 2.8s, Estimated remaining: 1.1s
Validation: 115/156 batches (73.9%)
  - Batch Acc: 98.44%, Running Acc: 59.61%
Validation progress: 115/156 batches (73.7%)
  - Elapsed: 2.8s, Estimated remaining: 1.0s
Validation: 120/156 batches (77.1%)
  - Batch Acc: 49.22%, Running Acc: 59.47%
Validation progress: 120/156 batches (76.9%)
  - Elapsed: 2.9s, Estimated remaining: 0.8s
Validation: 125/156 batches (80.3%)
  - Batch Acc: 94.53%, Running Acc: 60.44%
Validation progress: 125/156 batches (80.1%)
  - Elapsed: 2.9s, Estimated remaining: 0.7s
Validation: 130/156 batches (83.6%)
  - Batch Acc: 63.28%, Running Acc: 60.97%
Validation progress: 130/156 batches (83.3%)
  - Elapsed: 2.9s, Estimated remaining: 0.6s
Validation: 135/156 batches (86.8%)
  - Batch Acc: 67.19%, Running Acc: 61.39%
Validation progress: 135/156 batches (86.5%)
  - Elapsed: 3.0s, Estimated remaining: 0.4s
Validation: 140/156 batches (90.0%)
  - Batch Acc: 42.97%, Running Acc: 61.76%
Validation progress: 140/156 batches (89.7%)
  - Elapsed: 3.0s, Estimated remaining: 0.3s
Validation: 145/156 batches (93.2%)
  - Batch Acc: 79.69%, Running Acc: 61.57%
Validation progress: 145/156 batches (92.9%)
  - Elapsed: 3.0s, Estimated remaining: 0.2s
Validation: 150/156 batches (96.4%)
  - Batch Acc: 67.19%, Running Acc: 60.89%
Validation progress: 150/156 batches (96.2%)
  - Elapsed: 3.1s, Estimated remaining: 0.1s
Validation: 155/156 batches (99.6%)
  - Batch Acc: 39.84%, Running Acc: 61.34%
Validation progress: 155/156 batches (99.4%)
  - Elapsed: 3.1s, Estimated remaining: 0.0s
Validation: 156/156 batches (100.3%)
  - Batch Acc: 76.32%, Running Acc: 61.40%
Validation complete in 3.55s - Loss: 1.4135, Accuracy: 0.6140

==== Epoch 2/100 ====
Starting training phase...
Training on 79565 samples...
Training: 100/622 batches (16.1%)
  - Batch Acc: 95.31%, Running Acc: 96.82%
  - Loss: 0.0991, Grad Norm: 0.2728
  - Learning Rate: 0.001000
Training: 200/622 batches (32.2%)
  - Batch Acc: 96.88%, Running Acc: 96.89%
  - Loss: 0.0818, Grad Norm: 0.4930
  - Learning Rate: 0.001000
Training: 300/622 batches (48.3%)
  - Batch Acc: 94.53%, Running Acc: 97.07%
  - Loss: 0.0973, Grad Norm: 0.6807
  - Learning Rate: 0.001000
Training: 400/622 batches (64.3%)
  - Batch Acc: 99.22%, Running Acc: 97.13%
  - Loss: 0.0390, Grad Norm: 0.1624
  - Learning Rate: 0.001000
Training: 500/622 batches (80.4%)
  - Batch Acc: 98.44%, Running Acc: 97.18%
  - Loss: 0.0505, Grad Norm: 0.1700
  - Learning Rate: 0.001000
Training: 600/622 batches (96.5%)
  - Batch Acc: 97.66%, Running Acc: 97.27%
  - Loss: 0.0538, Grad Norm: 0.3458
  - Learning Rate: 0.001000
Training: 622/622 batches (100.0%)
  - Batch Acc: 96.10%, Running Acc: 97.29%
  - Loss: 0.0974, Grad Norm: 0.6821
  - Learning Rate: 0.001000

Training phase complete
Epoch Summary:
  - Average Loss: 0.0714
  - Average Accuracy: 97.29%
  - Average Grad Norm: 0.3494
  - Final Learning Rate: 0.001000
Starting validation phase...
Starting validation on 19916 samples...
Entering no_grad block for validation
Validation progress: 0/156 batches (0.0%)
  - Elapsed: 2.0s, Estimated remaining: 0.0s
Validation: 5/156 batches (3.2%)
  - Batch Acc: 100.00%, Running Acc: 75.94%
Validation progress: 5/156 batches (3.2%)
  - Elapsed: 2.0s, Estimated remaining: 51.1s
Validation: 10/156 batches (6.4%)
  - Batch Acc: 68.75%, Running Acc: 76.88%
Validation progress: 10/156 batches (6.4%)
  - Elapsed: 2.1s, Estimated remaining: 27.3s
Validation: 15/156 batches (9.6%)
  - Batch Acc: 25.00%, Running Acc: 71.67%
Validation progress: 15/156 batches (9.6%)
  - Elapsed: 2.1s, Estimated remaining: 18.2s
Validation: 20/156 batches (12.9%)
  - Batch Acc: 62.50%, Running Acc: 69.30%
Validation progress: 20/156 batches (12.8%)
  - Elapsed: 2.1s, Estimated remaining: 13.7s
Validation: 25/156 batches (16.1%)
  - Batch Acc: 82.03%, Running Acc: 69.53%
Validation progress: 25/156 batches (16.0%)
  - Elapsed: 2.2s, Estimated remaining: 10.9s
Validation: 30/156 batches (19.3%)
  - Batch Acc: 57.81%, Running Acc: 67.42%
Validation progress: 30/156 batches (19.2%)
  - Elapsed: 2.2s, Estimated remaining: 8.9s
Validation: 35/156 batches (22.5%)
  - Batch Acc: 100.00%, Running Acc: 67.83%
Validation progress: 35/156 batches (22.4%)
  - Elapsed: 2.2s, Estimated remaining: 7.4s
Validation: 40/156 batches (25.7%)
  - Batch Acc: 73.44%, Running Acc: 68.11%
Validation progress: 40/156 batches (25.6%)
  - Elapsed: 2.3s, Estimated remaining: 6.3s
Validation: 45/156 batches (28.9%)
  - Batch Acc: 100.00%, Running Acc: 70.42%
Validation progress: 45/156 batches (28.8%)
  - Elapsed: 2.3s, Estimated remaining: 5.5s
Validation: 50/156 batches (32.1%)
  - Batch Acc: 92.97%, Running Acc: 72.92%
Validation progress: 50/156 batches (32.1%)
  - Elapsed: 2.3s, Estimated remaining: 4.8s
Validation: 55/156 batches (35.3%)
  - Batch Acc: 6.25%, Running Acc: 72.13%
Validation progress: 55/156 batches (35.3%)
  - Elapsed: 2.4s, Estimated remaining: 4.2s
Validation: 60/156 batches (38.6%)
  - Batch Acc: 3.91%, Running Acc: 67.37%
Validation progress: 60/156 batches (38.5%)
  - Elapsed: 2.4s, Estimated remaining: 3.7s
Validation: 65/156 batches (41.8%)
  - Batch Acc: 32.03%, Running Acc: 64.66%
Validation progress: 65/156 batches (41.7%)
  - Elapsed: 2.5s, Estimated remaining: 3.3s
Validation: 70/156 batches (45.0%)
  - Batch Acc: 47.66%, Running Acc: 65.26%
Validation progress: 70/156 batches (44.9%)
  - Elapsed: 2.5s, Estimated remaining: 3.0s
Validation: 75/156 batches (48.2%)
  - Batch Acc: 81.25%, Running Acc: 64.88%
Validation progress: 75/156 batches (48.1%)
  - Elapsed: 2.5s, Estimated remaining: 2.7s
Validation: 80/156 batches (51.4%)
  - Batch Acc: 23.44%, Running Acc: 63.84%
Validation progress: 80/156 batches (51.3%)
  - Elapsed: 2.5s, Estimated remaining: 2.4s
Validation: 85/156 batches (54.6%)
  - Batch Acc: 42.19%, Running Acc: 61.87%
Validation progress: 85/156 batches (54.5%)
  - Elapsed: 2.6s, Estimated remaining: 2.1s
Validation: 90/156 batches (57.8%)
  - Batch Acc: 80.47%, Running Acc: 62.99%
Validation progress: 90/156 batches (57.7%)
  - Elapsed: 2.6s, Estimated remaining: 1.9s
Validation: 95/156 batches (61.1%)
  - Batch Acc: 73.44%, Running Acc: 63.58%
Validation progress: 95/156 batches (60.9%)
  - Elapsed: 2.7s, Estimated remaining: 1.7s
Validation: 100/156 batches (64.3%)
  - Batch Acc: 70.31%, Running Acc: 63.57%
Validation progress: 100/156 batches (64.1%)
  - Elapsed: 2.7s, Estimated remaining: 1.5s
Validation: 105/156 batches (67.5%)
  - Batch Acc: 41.41%, Running Acc: 62.40%
Validation progress: 105/156 batches (67.3%)
  - Elapsed: 2.7s, Estimated remaining: 1.3s
Validation: 110/156 batches (70.7%)
  - Batch Acc: 73.44%, Running Acc: 61.49%
Validation progress: 110/156 batches (70.5%)
  - Elapsed: 2.8s, Estimated remaining: 1.1s
Validation: 115/156 batches (73.9%)
  - Batch Acc: 78.12%, Running Acc: 61.26%
Validation progress: 115/156 batches (73.7%)
  - Elapsed: 2.8s, Estimated remaining: 1.0s
Validation: 120/156 batches (77.1%)
  - Batch Acc: 81.25%, Running Acc: 61.48%
Validation progress: 120/156 batches (76.9%)
  - Elapsed: 2.8s, Estimated remaining: 0.8s
Validation: 125/156 batches (80.3%)
  - Batch Acc: 100.00%, Running Acc: 62.24%
Validation progress: 125/156 batches (80.1%)
  - Elapsed: 2.9s, Estimated remaining: 0.7s
Validation: 130/156 batches (83.6%)
  - Batch Acc: 50.78%, Running Acc: 62.43%
Validation progress: 130/156 batches (83.3%)
  - Elapsed: 2.9s, Estimated remaining: 0.6s
Validation: 135/156 batches (86.8%)
  - Batch Acc: 85.16%, Running Acc: 62.95%
Validation progress: 135/156 batches (86.5%)
  - Elapsed: 2.9s, Estimated remaining: 0.4s
Validation: 140/156 batches (90.0%)
  - Batch Acc: 45.31%, Running Acc: 62.86%
Validation progress: 140/156 batches (89.7%)
  - Elapsed: 3.0s, Estimated remaining: 0.3s
Validation: 145/156 batches (93.2%)
  - Batch Acc: 96.09%, Running Acc: 63.15%
Validation progress: 145/156 batches (92.9%)
  - Elapsed: 3.0s, Estimated remaining: 0.2s
Validation: 150/156 batches (96.4%)
  - Batch Acc: 63.28%, Running Acc: 62.64%
Validation progress: 150/156 batches (96.2%)
  - Elapsed: 3.1s, Estimated remaining: 0.1s
Validation: 155/156 batches (99.6%)
  - Batch Acc: 47.66%, Running Acc: 63.01%
Validation progress: 155/156 batches (99.4%)
  - Elapsed: 3.1s, Estimated remaining: 0.0s
Validation: 156/156 batches (100.3%)
  - Batch Acc: 78.95%, Running Acc: 63.07%
Validation complete in 3.54s - Loss: 1.5821, Accuracy: 0.6307

==== Epoch 3/100 ====
Starting training phase...
Training on 79565 samples...
Training: 100/622 batches (16.1%)
  - Batch Acc: 97.66%, Running Acc: 98.04%
  - Loss: 0.0953, Grad Norm: 0.5668
  - Learning Rate: 0.001000
Training: 200/622 batches (32.2%)
  - Batch Acc: 93.75%, Running Acc: 97.89%
  - Loss: 0.1240, Grad Norm: 0.4987
  - Learning Rate: 0.001000
Training: 300/622 batches (48.3%)
  - Batch Acc: 98.44%, Running Acc: 97.98%
  - Loss: 0.0284, Grad Norm: 0.3033
  - Learning Rate: 0.001000
Training: 400/622 batches (64.3%)
  - Batch Acc: 100.00%, Running Acc: 98.01%
  - Loss: 0.0285, Grad Norm: 0.1575
  - Learning Rate: 0.001000
Training: 500/622 batches (80.4%)
  - Batch Acc: 98.44%, Running Acc: 98.06%
  - Loss: 0.0261, Grad Norm: 0.1377
  - Learning Rate: 0.001000
Training: 600/622 batches (96.5%)
  - Batch Acc: 99.22%, Running Acc: 98.02%
  - Loss: 0.0387, Grad Norm: 0.3016
  - Learning Rate: 0.001000
Training: 622/622 batches (100.0%)
  - Batch Acc: 98.70%, Running Acc: 98.00%
  - Loss: 0.0256, Grad Norm: 0.3183
  - Learning Rate: 0.001000

Training phase complete
Epoch Summary:
  - Average Loss: 0.0515
  - Average Accuracy: 98.00%
  - Average Grad Norm: 0.2553
  - Final Learning Rate: 0.001000
Starting validation phase...
Starting validation on 19916 samples...
Entering no_grad block for validation
Validation progress: 0/156 batches (0.0%)
  - Elapsed: 2.0s, Estimated remaining: 0.0s
Validation: 5/156 batches (3.2%)
  - Batch Acc: 95.31%, Running Acc: 63.44%
Validation progress: 5/156 batches (3.2%)
  - Elapsed: 2.1s, Estimated remaining: 52.3s
Validation: 10/156 batches (6.4%)
  - Batch Acc: 99.22%, Running Acc: 69.53%
Validation progress: 10/156 batches (6.4%)
  - Elapsed: 2.1s, Estimated remaining: 28.2s
Validation: 15/156 batches (9.6%)
  - Batch Acc: 35.94%, Running Acc: 61.46%
Validation progress: 15/156 batches (9.6%)
  - Elapsed: 2.2s, Estimated remaining: 18.9s
Validation: 20/156 batches (12.9%)
  - Batch Acc: 57.03%, Running Acc: 60.78%
Validation progress: 20/156 batches (12.8%)
  - Elapsed: 2.2s, Estimated remaining: 14.2s
Validation: 25/156 batches (16.1%)
  - Batch Acc: 91.41%, Running Acc: 64.41%
Validation progress: 25/156 batches (16.0%)
  - Elapsed: 2.2s, Estimated remaining: 11.1s
Validation: 30/156 batches (19.3%)
  - Batch Acc: 46.88%, Running Acc: 62.66%
Validation progress: 30/156 batches (19.2%)
  - Elapsed: 2.3s, Estimated remaining: 9.1s
Validation: 35/156 batches (22.5%)
  - Batch Acc: 100.00%, Running Acc: 66.96%
Validation progress: 35/156 batches (22.4%)
  - Elapsed: 2.3s, Estimated remaining: 7.7s
Validation: 40/156 batches (25.7%)
  - Batch Acc: 72.66%, Running Acc: 66.74%
Validation progress: 40/156 batches (25.6%)
  - Elapsed: 2.3s, Estimated remaining: 6.5s
Validation: 45/156 batches (28.9%)
  - Batch Acc: 75.00%, Running Acc: 66.70%
Validation progress: 45/156 batches (28.8%)
  - Elapsed: 2.4s, Estimated remaining: 5.6s
Validation: 50/156 batches (32.1%)
  - Batch Acc: 87.50%, Running Acc: 68.81%
Validation progress: 50/156 batches (32.1%)
  - Elapsed: 2.4s, Estimated remaining: 4.9s
Validation: 55/156 batches (35.3%)
  - Batch Acc: 6.25%, Running Acc: 67.71%
Validation progress: 55/156 batches (35.3%)
  - Elapsed: 2.4s, Estimated remaining: 4.3s
Validation: 60/156 batches (38.6%)
  - Batch Acc: 18.75%, Running Acc: 64.74%
Validation progress: 60/156 batches (38.5%)
  - Elapsed: 2.5s, Estimated remaining: 3.8s
Validation: 65/156 batches (41.8%)
  - Batch Acc: 46.09%, Running Acc: 64.25%
Validation progress: 65/156 batches (41.7%)
  - Elapsed: 2.5s, Estimated remaining: 3.4s
Validation: 70/156 batches (45.0%)
  - Batch Acc: 61.72%, Running Acc: 65.74%
Validation progress: 70/156 batches (44.9%)
  - Elapsed: 2.5s, Estimated remaining: 3.0s
Validation: 75/156 batches (48.2%)
  - Batch Acc: 84.38%, Running Acc: 66.08%
Validation progress: 75/156 batches (48.1%)
  - Elapsed: 2.6s, Estimated remaining: 2.7s
Validation: 80/156 batches (51.4%)
  - Batch Acc: 32.03%, Running Acc: 65.01%
Validation progress: 80/156 batches (51.3%)
  - Elapsed: 2.6s, Estimated remaining: 2.4s
Validation: 85/156 batches (54.6%)
  - Batch Acc: 42.19%, Running Acc: 62.16%
Validation progress: 85/156 batches (54.5%)
  - Elapsed: 2.6s, Estimated remaining: 2.1s
Validation: 90/156 batches (57.8%)
  - Batch Acc: 93.75%, Running Acc: 63.68%
Validation progress: 90/156 batches (57.7%)
  - Elapsed: 2.7s, Estimated remaining: 1.9s
Validation: 95/156 batches (61.1%)
  - Batch Acc: 25.78%, Running Acc: 62.88%
Validation progress: 95/156 batches (60.9%)
  - Elapsed: 2.7s, Estimated remaining: 1.7s
Validation: 100/156 batches (64.3%)
  - Batch Acc: 77.34%, Running Acc: 62.73%
Validation progress: 100/156 batches (64.1%)
  - Elapsed: 2.7s, Estimated remaining: 1.5s
Validation: 105/156 batches (67.5%)
  - Batch Acc: 17.19%, Running Acc: 60.92%
Validation progress: 105/156 batches (67.3%)
  - Elapsed: 2.8s, Estimated remaining: 1.3s
Validation: 110/156 batches (70.7%)
  - Batch Acc: 74.22%, Running Acc: 60.31%
Validation progress: 110/156 batches (70.5%)
  - Elapsed: 2.8s, Estimated remaining: 1.1s
Validation: 115/156 batches (73.9%)
  - Batch Acc: 100.00%, Running Acc: 60.73%
Validation progress: 115/156 batches (73.7%)
  - Elapsed: 2.9s, Estimated remaining: 1.0s
Validation: 120/156 batches (77.1%)
  - Batch Acc: 85.16%, Running Acc: 61.20%
Validation progress: 120/156 batches (76.9%)
  - Elapsed: 2.9s, Estimated remaining: 0.8s
Validation: 125/156 batches (80.3%)
  - Batch Acc: 97.66%, Running Acc: 62.67%
Validation progress: 125/156 batches (80.1%)
  - Elapsed: 2.9s, Estimated remaining: 0.7s
Validation: 130/156 batches (83.6%)
  - Batch Acc: 51.56%, Running Acc: 63.14%
Validation progress: 130/156 batches (83.3%)
  - Elapsed: 3.0s, Estimated remaining: 0.6s
Validation: 135/156 batches (86.8%)
  - Batch Acc: 71.88%, Running Acc: 63.37%
Validation progress: 135/156 batches (86.5%)
  - Elapsed: 3.0s, Estimated remaining: 0.4s
Validation: 140/156 batches (90.0%)
  - Batch Acc: 30.47%, Running Acc: 63.74%
Validation progress: 140/156 batches (89.7%)
  - Elapsed: 3.0s, Estimated remaining: 0.3s
Validation: 145/156 batches (93.2%)
  - Batch Acc: 37.50%, Running Acc: 63.40%
Validation progress: 145/156 batches (92.9%)
  - Elapsed: 3.1s, Estimated remaining: 0.2s
Validation: 150/156 batches (96.4%)
  - Batch Acc: 68.75%, Running Acc: 63.03%
Validation progress: 150/156 batches (96.2%)
  - Elapsed: 3.1s, Estimated remaining: 0.1s
Validation: 155/156 batches (99.6%)
  - Batch Acc: 53.12%, Running Acc: 63.01%
Validation progress: 155/156 batches (99.4%)
  - Elapsed: 3.1s, Estimated remaining: 0.0s
Validation: 156/156 batches (100.3%)
  - Batch Acc: 100.00%, Running Acc: 63.15%
Validation complete in 3.57s - Loss: 1.9495, Accuracy: 0.6315

==== Epoch 4/100 ====
Starting training phase...
Training on 79565 samples...
Training: 100/622 batches (16.1%)
  - Batch Acc: 99.22%, Running Acc: 97.83%
  - Loss: 0.0293, Grad Norm: 0.1470
  - Learning Rate: 0.001000
Training: 200/622 batches (32.2%)
  - Batch Acc: 99.22%, Running Acc: 98.20%
  - Loss: 0.0373, Grad Norm: 0.4794
  - Learning Rate: 0.001000
Training: 300/622 batches (48.3%)
  - Batch Acc: 98.44%, Running Acc: 98.17%
  - Loss: 0.0422, Grad Norm: 0.0942
  - Learning Rate: 0.001000
Training: 400/622 batches (64.3%)
  - Batch Acc: 96.09%, Running Acc: 98.11%
  - Loss: 0.0763, Grad Norm: 0.3140
  - Learning Rate: 0.001000
Training: 500/622 batches (80.4%)
  - Batch Acc: 98.44%, Running Acc: 98.16%
  - Loss: 0.0325, Grad Norm: 0.1774
  - Learning Rate: 0.001000
Training: 600/622 batches (96.5%)
  - Batch Acc: 97.66%, Running Acc: 98.16%
  - Loss: 0.0365, Grad Norm: 0.1124
  - Learning Rate: 0.001000
Training: 622/622 batches (100.0%)
  - Batch Acc: 97.40%, Running Acc: 98.15%
  - Loss: 0.0636, Grad Norm: 0.4662
  - Learning Rate: 0.001000

Training phase complete
Epoch Summary:
  - Average Loss: 0.0476
  - Average Accuracy: 98.15%
  - Average Grad Norm: 0.2318
  - Final Learning Rate: 0.001000
Starting validation phase...
Starting validation on 19916 samples...
Entering no_grad block for validation
Validation progress: 0/156 batches (0.0%)
  - Elapsed: 2.1s, Estimated remaining: 0.0s
Validation: 5/156 batches (3.2%)
  - Batch Acc: 96.09%, Running Acc: 56.56%
Validation progress: 5/156 batches (3.2%)
  - Elapsed: 2.1s, Estimated remaining: 53.6s
Validation: 10/156 batches (6.4%)
  - Batch Acc: 91.41%, Running Acc: 63.75%
Validation progress: 10/156 batches (6.4%)
  - Elapsed: 2.2s, Estimated remaining: 28.5s
Validation: 15/156 batches (9.6%)
  - Batch Acc: 33.59%, Running Acc: 58.12%
Validation progress: 15/156 batches (9.6%)
  - Elapsed: 2.2s, Estimated remaining: 19.3s
Validation: 20/156 batches (12.9%)
  - Batch Acc: 39.84%, Running Acc: 59.22%
Validation progress: 20/156 batches (12.8%)
  - Elapsed: 2.2s, Estimated remaining: 14.4s
Validation: 25/156 batches (16.1%)
  - Batch Acc: 88.28%, Running Acc: 62.72%
Validation progress: 25/156 batches (16.0%)
  - Elapsed: 2.3s, Estimated remaining: 11.3s
Validation: 30/156 batches (19.3%)
  - Batch Acc: 47.66%, Running Acc: 60.65%
Validation progress: 30/156 batches (19.2%)
  - Elapsed: 2.3s, Estimated remaining: 9.3s
Validation: 35/156 batches (22.5%)
  - Batch Acc: 100.00%, Running Acc: 65.42%
Validation progress: 35/156 batches (22.4%)
  - Elapsed: 2.3s, Estimated remaining: 7.8s
Validation: 40/156 batches (25.7%)
  - Batch Acc: 68.75%, Running Acc: 65.64%
Validation progress: 40/156 batches (25.6%)
  - Elapsed: 2.4s, Estimated remaining: 6.7s
Validation: 45/156 batches (28.9%)
  - Batch Acc: 65.62%, Running Acc: 65.78%
Validation progress: 45/156 batches (28.8%)
  - Elapsed: 2.4s, Estimated remaining: 5.8s
Validation: 50/156 batches (32.1%)
  - Batch Acc: 92.97%, Running Acc: 68.20%
Validation progress: 50/156 batches (32.1%)
  - Elapsed: 2.4s, Estimated remaining: 5.0s
Validation: 55/156 batches (35.3%)
  - Batch Acc: 6.25%, Running Acc: 66.88%
Validation progress: 55/156 batches (35.3%)
  - Elapsed: 2.5s, Estimated remaining: 4.4s
Validation: 60/156 batches (38.6%)
  - Batch Acc: 12.50%, Running Acc: 63.89%
Validation progress: 60/156 batches (38.5%)
  - Elapsed: 2.5s, Estimated remaining: 3.9s
Validation: 65/156 batches (41.8%)
  - Batch Acc: 72.66%, Running Acc: 63.49%
Validation progress: 65/156 batches (41.7%)
  - Elapsed: 2.5s, Estimated remaining: 3.5s
Validation: 70/156 batches (45.0%)
  - Batch Acc: 61.72%, Running Acc: 65.25%
Validation progress: 70/156 batches (44.9%)
  - Elapsed: 2.6s, Estimated remaining: 3.1s
Validation: 75/156 batches (48.2%)
  - Batch Acc: 93.75%, Running Acc: 65.20%
Validation progress: 75/156 batches (48.1%)
  - Elapsed: 2.6s, Estimated remaining: 2.8s
Validation: 80/156 batches (51.4%)
  - Batch Acc: 10.16%, Running Acc: 63.99%
Validation progress: 80/156 batches (51.3%)
  - Elapsed: 2.7s, Estimated remaining: 2.5s
Validation: 85/156 batches (54.6%)
  - Batch Acc: 35.94%, Running Acc: 61.35%
Validation progress: 85/156 batches (54.5%)
  - Elapsed: 2.7s, Estimated remaining: 2.2s
Validation: 90/156 batches (57.8%)
  - Batch Acc: 94.53%, Running Acc: 62.77%
Validation progress: 90/156 batches (57.7%)
  - Elapsed: 2.7s, Estimated remaining: 2.0s
Validation: 95/156 batches (61.1%)
  - Batch Acc: 63.28%, Running Acc: 62.65%
Validation progress: 95/156 batches (60.9%)
  - Elapsed: 2.8s, Estimated remaining: 1.7s
Validation: 100/156 batches (64.3%)
  - Batch Acc: 71.09%, Running Acc: 62.40%
Validation progress: 100/156 batches (64.1%)
  - Elapsed: 2.8s, Estimated remaining: 1.5s
Validation: 105/156 batches (67.5%)
  - Batch Acc: 40.62%, Running Acc: 60.72%
Validation progress: 105/156 batches (67.3%)
  - Elapsed: 2.8s, Estimated remaining: 1.3s
Validation: 110/156 batches (70.7%)
  - Batch Acc: 72.66%, Running Acc: 60.11%
Validation progress: 110/156 batches (70.5%)
  - Elapsed: 2.9s, Estimated remaining: 1.2s
Validation: 115/156 batches (73.9%)
  - Batch Acc: 84.38%, Running Acc: 60.25%
Validation progress: 115/156 batches (73.7%)
  - Elapsed: 2.9s, Estimated remaining: 1.0s
Validation: 120/156 batches (77.1%)
  - Batch Acc: 73.44%, Running Acc: 60.36%
Validation progress: 120/156 batches (76.9%)
  - Elapsed: 3.0s, Estimated remaining: 0.9s
Validation: 125/156 batches (80.3%)
  - Batch Acc: 100.00%, Running Acc: 61.45%
Validation progress: 125/156 batches (80.1%)
  - Elapsed: 3.0s, Estimated remaining: 0.7s
Validation: 130/156 batches (83.6%)
  - Batch Acc: 64.84%, Running Acc: 61.88%
Validation progress: 130/156 batches (83.3%)
  - Elapsed: 3.0s, Estimated remaining: 0.6s
Validation: 135/156 batches (86.8%)
  - Batch Acc: 78.91%, Running Acc: 62.27%
Validation progress: 135/156 batches (86.5%)
  - Elapsed: 3.1s, Estimated remaining: 0.4s
Validation: 140/156 batches (90.0%)
  - Batch Acc: 34.38%, Running Acc: 62.54%
Validation progress: 140/156 batches (89.7%)
  - Elapsed: 3.1s, Estimated remaining: 0.3s
Validation: 145/156 batches (93.2%)
  - Batch Acc: 41.41%, Running Acc: 62.16%
Validation progress: 145/156 batches (92.9%)
  - Elapsed: 3.1s, Estimated remaining: 0.2s
Validation: 150/156 batches (96.4%)
  - Batch Acc: 64.06%, Running Acc: 61.73%
Validation progress: 150/156 batches (96.2%)
  - Elapsed: 3.2s, Estimated remaining: 0.1s
Validation: 155/156 batches (99.6%)
  - Batch Acc: 77.34%, Running Acc: 62.07%
Validation progress: 155/156 batches (99.4%)
  - Elapsed: 3.2s, Estimated remaining: 0.0s
Validation: 156/156 batches (100.3%)
  - Batch Acc: 100.00%, Running Acc: 62.22%
Validation complete in 3.64s - Loss: 1.9767, Accuracy: 0.6222

==== Epoch 5/100 ====
Starting training phase...
Training on 79565 samples...
Training: 100/622 batches (16.1%)
  - Batch Acc: 97.66%, Running Acc: 98.40%
  - Loss: 0.0694, Grad Norm: 0.2635
  - Learning Rate: 0.001000
Training: 200/622 batches (32.2%)
  - Batch Acc: 97.66%, Running Acc: 98.36%
  - Loss: 0.0452, Grad Norm: 0.1518
  - Learning Rate: 0.001000
Training: 300/622 batches (48.3%)
  - Batch Acc: 98.44%, Running Acc: 98.29%
  - Loss: 0.0434, Grad Norm: 0.2543
  - Learning Rate: 0.001000
Training: 400/622 batches (64.3%)
  - Batch Acc: 99.22%, Running Acc: 98.34%
  - Loss: 0.0258, Grad Norm: 0.1869
  - Learning Rate: 0.001000
Training: 500/622 batches (80.4%)
  - Batch Acc: 97.66%, Running Acc: 98.34%
  - Loss: 0.0729, Grad Norm: 0.1875
  - Learning Rate: 0.001000
Training: 600/622 batches (96.5%)
  - Batch Acc: 99.22%, Running Acc: 98.37%
  - Loss: 0.0210, Grad Norm: 0.0546
  - Learning Rate: 0.001000
Training: 622/622 batches (100.0%)
  - Batch Acc: 98.70%, Running Acc: 98.37%
  - Loss: 0.0368, Grad Norm: 0.2640
  - Learning Rate: 0.001000

Training phase complete
Epoch Summary:
  - Average Loss: 0.0420
  - Average Accuracy: 98.37%
  - Average Grad Norm: 0.1915
  - Final Learning Rate: 0.001000
Starting validation phase...
Starting validation on 19916 samples...
Entering no_grad block for validation
Validation progress: 0/156 batches (0.0%)
  - Elapsed: 2.0s, Estimated remaining: 0.0s
Validation: 5/156 batches (3.2%)
  - Batch Acc: 64.84%, Running Acc: 44.84%
Validation progress: 5/156 batches (3.2%)
  - Elapsed: 2.1s, Estimated remaining: 51.7s
Validation: 10/156 batches (6.4%)
  - Batch Acc: 98.44%, Running Acc: 58.98%
Validation progress: 10/156 batches (6.4%)
  - Elapsed: 2.1s, Estimated remaining: 27.8s
Validation: 15/156 batches (9.6%)
  - Batch Acc: 17.19%, Running Acc: 52.03%
Validation progress: 15/156 batches (9.6%)
  - Elapsed: 2.1s, Estimated remaining: 18.6s
Validation: 20/156 batches (12.9%)
  - Batch Acc: 33.59%, Running Acc: 51.48%
Validation progress: 20/156 batches (12.8%)
  - Elapsed: 2.2s, Estimated remaining: 13.9s
Validation: 25/156 batches (16.1%)
  - Batch Acc: 96.09%, Running Acc: 57.94%
Validation progress: 25/156 batches (16.0%)
  - Elapsed: 2.2s, Estimated remaining: 10.9s
Validation: 30/156 batches (19.3%)
  - Batch Acc: 45.31%, Running Acc: 57.40%
Validation progress: 30/156 batches (19.2%)
  - Elapsed: 2.2s, Estimated remaining: 8.9s
Validation: 35/156 batches (22.5%)
  - Batch Acc: 100.00%, Running Acc: 62.17%
Validation progress: 35/156 batches (22.4%)
  - Elapsed: 2.3s, Estimated remaining: 7.5s
Validation: 40/156 batches (25.7%)
  - Batch Acc: 61.72%, Running Acc: 62.34%
Validation progress: 40/156 batches (25.6%)
  - Elapsed: 2.3s, Estimated remaining: 6.4s
Validation: 45/156 batches (28.9%)
  - Batch Acc: 89.06%, Running Acc: 62.73%
Validation progress: 45/156 batches (28.8%)
  - Elapsed: 2.3s, Estimated remaining: 5.5s
Validation: 50/156 batches (32.1%)
  - Batch Acc: 80.47%, Running Acc: 65.30%
Validation progress: 50/156 batches (32.1%)
  - Elapsed: 2.4s, Estimated remaining: 4.8s
Validation: 55/156 batches (35.3%)
  - Batch Acc: 6.25%, Running Acc: 62.83%
Validation progress: 55/156 batches (35.3%)
  - Elapsed: 2.4s, Estimated remaining: 4.3s
Validation: 60/156 batches (38.6%)
  - Batch Acc: 9.38%, Running Acc: 60.29%
Validation progress: 60/156 batches (38.5%)
  - Elapsed: 2.4s, Estimated remaining: 3.8s
Validation: 65/156 batches (41.8%)
  - Batch Acc: 81.25%, Running Acc: 60.70%
Validation progress: 65/156 batches (41.7%)
  - Elapsed: 2.5s, Estimated remaining: 3.4s
Validation: 70/156 batches (45.0%)
  - Batch Acc: 64.06%, Running Acc: 62.75%
Validation progress: 70/156 batches (44.9%)
  - Elapsed: 2.5s, Estimated remaining: 3.0s
Validation: 75/156 batches (48.2%)
  - Batch Acc: 93.75%, Running Acc: 63.70%
Validation progress: 75/156 batches (48.1%)
  - Elapsed: 2.5s, Estimated remaining: 2.7s
Validation: 80/156 batches (51.4%)
  - Batch Acc: 0.00%, Running Acc: 62.88%
Validation progress: 80/156 batches (51.3%)
  - Elapsed: 2.6s, Estimated remaining: 2.4s
Validation: 85/156 batches (54.6%)
  - Batch Acc: 14.84%, Running Acc: 59.60%
Validation progress: 85/156 batches (54.5%)
  - Elapsed: 2.6s, Estimated remaining: 2.1s
Validation: 90/156 batches (57.8%)
  - Batch Acc: 96.88%, Running Acc: 61.41%
Validation progress: 90/156 batches (57.7%)
  - Elapsed: 2.6s, Estimated remaining: 1.9s
Validation: 95/156 batches (61.1%)
  - Batch Acc: 24.22%, Running Acc: 61.13%
Validation progress: 95/156 batches (60.9%)
  - Elapsed: 2.7s, Estimated remaining: 1.7s
Validation: 100/156 batches (64.3%)
  - Batch Acc: 57.03%, Running Acc: 60.67%
Validation progress: 100/156 batches (64.1%)
  - Elapsed: 2.7s, Estimated remaining: 1.5s
Validation: 105/156 batches (67.5%)
  - Batch Acc: 12.50%, Running Acc: 58.69%
Validation progress: 105/156 batches (67.3%)
  - Elapsed: 2.8s, Estimated remaining: 1.3s
Validation: 110/156 batches (70.7%)
  - Batch Acc: 84.38%, Running Acc: 58.31%
Validation progress: 110/156 batches (70.5%)
  - Elapsed: 2.8s, Estimated remaining: 1.1s
Validation: 115/156 batches (73.9%)
  - Batch Acc: 99.22%, Running Acc: 59.05%
Validation progress: 115/156 batches (73.7%)
  - Elapsed: 2.8s, Estimated remaining: 1.0s
Validation: 120/156 batches (77.1%)
  - Batch Acc: 92.19%, Running Acc: 59.89%
Validation progress: 120/156 batches (76.9%)
  - Elapsed: 2.9s, Estimated remaining: 0.8s
Validation: 125/156 batches (80.3%)
  - Batch Acc: 100.00%, Running Acc: 61.33%
Validation progress: 125/156 batches (80.1%)
  - Elapsed: 2.9s, Estimated remaining: 0.7s
Validation: 130/156 batches (83.6%)
  - Batch Acc: 83.59%, Running Acc: 62.26%
Validation progress: 130/156 batches (83.3%)
  - Elapsed: 2.9s, Estimated remaining: 0.6s
Validation: 135/156 batches (86.8%)
  - Batch Acc: 34.38%, Running Acc: 61.90%
Validation progress: 135/156 batches (86.5%)
  - Elapsed: 3.0s, Estimated remaining: 0.4s
Validation: 140/156 batches (90.0%)
  - Batch Acc: 32.81%, Running Acc: 62.33%
Validation progress: 140/156 batches (89.7%)
  - Elapsed: 3.0s, Estimated remaining: 0.3s
Validation: 145/156 batches (93.2%)
  - Batch Acc: 37.50%, Running Acc: 61.90%
Validation progress: 145/156 batches (92.9%)
  - Elapsed: 3.1s, Estimated remaining: 0.2s
Validation: 150/156 batches (96.4%)
  - Batch Acc: 92.19%, Running Acc: 61.57%
Validation progress: 150/156 batches (96.2%)
  - Elapsed: 3.1s, Estimated remaining: 0.1s
Validation: 155/156 batches (99.6%)
  - Batch Acc: 78.12%, Running Acc: 61.61%
Validation progress: 155/156 batches (99.4%)
  - Elapsed: 3.1s, Estimated remaining: 0.0s
Validation: 156/156 batches (100.3%)
  - Batch Acc: 100.00%, Running Acc: 61.75%
Validation complete in 3.61s - Loss: 2.1976, Accuracy: 0.6175

==== Epoch 6/100 ====
Starting training phase...
Training on 79565 samples...
Training: 100/622 batches (16.1%)
  - Batch Acc: 98.44%, Running Acc: 98.43%
  - Loss: 0.0426, Grad Norm: 0.1208
  - Learning Rate: 0.001000
Training: 200/622 batches (32.2%)
  - Batch Acc: 98.44%, Running Acc: 98.40%
  - Loss: 0.0456, Grad Norm: 0.1485
  - Learning Rate: 0.001000
Training: 300/622 batches (48.3%)
  - Batch Acc: 98.44%, Running Acc: 98.46%
  - Loss: 0.0370, Grad Norm: 0.2470
  - Learning Rate: 0.001000
Training: 400/622 batches (64.3%)
  - Batch Acc: 99.22%, Running Acc: 98.50%
  - Loss: 0.0201, Grad Norm: 0.1054
  - Learning Rate: 0.001000
Training: 500/622 batches (80.4%)
  - Batch Acc: 98.44%, Running Acc: 98.51%
  - Loss: 0.0467, Grad Norm: 0.1523
  - Learning Rate: 0.001000
Training: 600/622 batches (96.5%)
  - Batch Acc: 99.22%, Running Acc: 98.46%
  - Loss: 0.0252, Grad Norm: 0.1364
  - Learning Rate: 0.001000
Training: 622/622 batches (100.0%)
  - Batch Acc: 100.00%, Running Acc: 98.45%
  - Loss: 0.0177, Grad Norm: 0.0742
  - Learning Rate: 0.001000

Training phase complete
Epoch Summary:
  - Average Loss: 0.0396
  - Average Accuracy: 98.45%
  - Average Grad Norm: 0.1698
  - Final Learning Rate: 0.001000
Starting validation phase...
Starting validation on 19916 samples...
Entering no_grad block for validation
Validation progress: 0/156 batches (0.0%)
  - Elapsed: 2.0s, Estimated remaining: 0.0s
Validation: 5/156 batches (3.2%)
  - Batch Acc: 93.75%, Running Acc: 52.19%
Validation progress: 5/156 batches (3.2%)
  - Elapsed: 2.1s, Estimated remaining: 52.4s
Validation: 10/156 batches (6.4%)
  - Batch Acc: 97.66%, Running Acc: 63.67%
Validation progress: 10/156 batches (6.4%)
  - Elapsed: 2.1s, Estimated remaining: 28.2s
Validation: 15/156 batches (9.6%)
  - Batch Acc: 24.22%, Running Acc: 60.47%
Validation progress: 15/156 batches (9.6%)
  - Elapsed: 2.2s, Estimated remaining: 18.8s
Validation: 20/156 batches (12.9%)
  - Batch Acc: 46.88%, Running Acc: 59.73%
Validation progress: 20/156 batches (12.8%)
  - Elapsed: 2.2s, Estimated remaining: 14.0s
Validation: 25/156 batches (16.1%)
  - Batch Acc: 94.53%, Running Acc: 63.62%
Validation progress: 25/156 batches (16.0%)
  - Elapsed: 2.2s, Estimated remaining: 11.0s
Validation: 30/156 batches (19.3%)
  - Batch Acc: 43.75%, Running Acc: 60.21%
Validation progress: 30/156 batches (19.2%)
  - Elapsed: 2.2s, Estimated remaining: 9.1s
Validation: 35/156 batches (22.5%)
  - Batch Acc: 100.00%, Running Acc: 62.99%
Validation progress: 35/156 batches (22.4%)
  - Elapsed: 2.3s, Estimated remaining: 7.6s
Validation: 40/156 batches (25.7%)
  - Batch Acc: 65.62%, Running Acc: 62.66%
Validation progress: 40/156 batches (25.6%)
  - Elapsed: 2.3s, Estimated remaining: 6.5s
Validation: 45/156 batches (28.9%)
  - Batch Acc: 77.34%, Running Acc: 63.44%
Validation progress: 45/156 batches (28.8%)
  - Elapsed: 2.4s, Estimated remaining: 5.6s
Validation: 50/156 batches (32.1%)
  - Batch Acc: 69.53%, Running Acc: 65.41%
Validation progress: 50/156 batches (32.1%)
  - Elapsed: 2.4s, Estimated remaining: 4.9s
Validation: 55/156 batches (35.3%)
  - Batch Acc: 6.25%, Running Acc: 63.65%
Validation progress: 55/156 batches (35.3%)
  - Elapsed: 2.4s, Estimated remaining: 4.3s
Validation: 60/156 batches (38.6%)
  - Batch Acc: 6.25%, Running Acc: 59.97%
Validation progress: 60/156 batches (38.5%)
  - Elapsed: 2.5s, Estimated remaining: 3.8s
Validation: 65/156 batches (41.8%)
  - Batch Acc: 69.53%, Running Acc: 59.12%
Validation progress: 65/156 batches (41.7%)
  - Elapsed: 2.5s, Estimated remaining: 3.4s
Validation: 70/156 batches (45.0%)
  - Batch Acc: 52.34%, Running Acc: 60.51%
Validation progress: 70/156 batches (44.9%)
  - Elapsed: 2.5s, Estimated remaining: 3.0s
Validation: 75/156 batches (48.2%)
  - Batch Acc: 89.06%, Running Acc: 60.72%
Validation progress: 75/156 batches (48.1%)
  - Elapsed: 2.6s, Estimated remaining: 2.7s
Validation: 80/156 batches (51.4%)
  - Batch Acc: 12.50%, Running Acc: 60.01%
Validation progress: 80/156 batches (51.3%)
  - Elapsed: 2.6s, Estimated remaining: 2.4s
Validation: 85/156 batches (54.6%)
  - Batch Acc: 18.75%, Running Acc: 57.31%
Validation progress: 85/156 batches (54.5%)
  - Elapsed: 2.6s, Estimated remaining: 2.2s
Validation: 90/156 batches (57.8%)
  - Batch Acc: 90.62%, Running Acc: 58.80%
Validation progress: 90/156 batches (57.7%)
  - Elapsed: 2.7s, Estimated remaining: 1.9s
Validation: 95/156 batches (61.1%)
  - Batch Acc: 36.72%, Running Acc: 59.33%
Validation progress: 95/156 batches (60.9%)
  - Elapsed: 2.7s, Estimated remaining: 1.7s
Validation: 100/156 batches (64.3%)
  - Batch Acc: 60.16%, Running Acc: 58.93%
Validation progress: 100/156 batches (64.1%)
  - Elapsed: 2.7s, Estimated remaining: 1.5s
Validation: 105/156 batches (67.5%)
  - Batch Acc: 27.34%, Running Acc: 57.54%
Validation progress: 105/156 batches (67.3%)
  - Elapsed: 2.8s, Estimated remaining: 1.3s
Validation: 110/156 batches (70.7%)
  - Batch Acc: 82.81%, Running Acc: 57.02%
Validation progress: 110/156 batches (70.5%)
  - Elapsed: 2.8s, Estimated remaining: 1.1s
Validation: 115/156 batches (73.9%)
  - Batch Acc: 100.00%, Running Acc: 57.92%
Validation progress: 115/156 batches (73.7%)
  - Elapsed: 2.9s, Estimated remaining: 1.0s
Validation: 120/156 batches (77.1%)
  - Batch Acc: 73.44%, Running Acc: 58.18%
Validation progress: 120/156 batches (76.9%)
  - Elapsed: 2.9s, Estimated remaining: 0.8s
Validation: 125/156 batches (80.3%)
  - Batch Acc: 98.44%, Running Acc: 59.24%
Validation progress: 125/156 batches (80.1%)
  - Elapsed: 2.9s, Estimated remaining: 0.7s
Validation: 130/156 batches (83.6%)
  - Batch Acc: 67.97%, Running Acc: 60.18%
Validation progress: 130/156 batches (83.3%)
  - Elapsed: 3.0s, Estimated remaining: 0.6s
Validation: 135/156 batches (86.8%)
  - Batch Acc: 58.59%, Running Acc: 60.08%
Validation progress: 135/156 batches (86.5%)
  - Elapsed: 3.0s, Estimated remaining: 0.4s
Validation: 140/156 batches (90.0%)
  - Batch Acc: 46.09%, Running Acc: 60.47%
Validation progress: 140/156 batches (89.7%)
  - Elapsed: 3.0s, Estimated remaining: 0.3s
Validation: 145/156 batches (93.2%)
  - Batch Acc: 75.00%, Running Acc: 60.24%
Validation progress: 145/156 batches (92.9%)
  - Elapsed: 3.1s, Estimated remaining: 0.2s
Validation: 150/156 batches (96.4%)
  - Batch Acc: 59.38%, Running Acc: 59.82%
Validation progress: 150/156 batches (96.2%)
  - Elapsed: 3.1s, Estimated remaining: 0.1s
Validation: 155/156 batches (99.6%)
  - Batch Acc: 50.78%, Running Acc: 60.04%
Validation progress: 155/156 batches (99.4%)
  - Elapsed: 3.1s, Estimated remaining: 0.0s
Validation: 156/156 batches (100.3%)
  - Batch Acc: 81.58%, Running Acc: 60.12%
Validation complete in 3.58s - Loss: 2.1753, Accuracy: 0.6012

==== Epoch 7/100 ====
Starting training phase...
Training on 79565 samples...
Training: 100/622 batches (16.1%)
  - Batch Acc: 100.00%, Running Acc: 98.42%
  - Loss: 0.0167, Grad Norm: 0.1012
  - Learning Rate: 0.001000
Training: 200/622 batches (32.2%)
  - Batch Acc: 97.66%, Running Acc: 98.38%
  - Loss: 0.0645, Grad Norm: 0.2250
  - Learning Rate: 0.001000
Training: 300/622 batches (48.3%)
  - Batch Acc: 100.00%, Running Acc: 98.41%
  - Loss: 0.0106, Grad Norm: 0.0419
  - Learning Rate: 0.001000
Training: 400/622 batches (64.3%)
  - Batch Acc: 98.44%, Running Acc: 98.47%
  - Loss: 0.0335, Grad Norm: 0.0841
  - Learning Rate: 0.001000
Training: 500/622 batches (80.4%)
  - Batch Acc: 100.00%, Running Acc: 98.45%
  - Loss: 0.0104, Grad Norm: 0.0406
  - Learning Rate: 0.001000
Training: 600/622 batches (96.5%)
  - Batch Acc: 98.44%, Running Acc: 98.41%
  - Loss: 0.0316, Grad Norm: 0.1251
  - Learning Rate: 0.001000
Training: 622/622 batches (100.0%)
  - Batch Acc: 98.70%, Running Acc: 98.43%
  - Loss: 0.0349, Grad Norm: 0.1774
  - Learning Rate: 0.001000

Training phase complete
Epoch Summary:
  - Average Loss: 0.0403
  - Average Accuracy: 98.43%
  - Average Grad Norm: 0.1681
  - Final Learning Rate: 0.001000
Starting validation phase...
Starting validation on 19916 samples...
Entering no_grad block for validation
Validation progress: 0/156 batches (0.0%)
  - Elapsed: 2.0s, Estimated remaining: 0.0s
Validation: 5/156 batches (3.2%)
  - Batch Acc: 100.00%, Running Acc: 78.91%
Validation progress: 5/156 batches (3.2%)
  - Elapsed: 2.1s, Estimated remaining: 51.7s
Validation: 10/156 batches (6.4%)
  - Batch Acc: 60.94%, Running Acc: 78.05%
Validation progress: 10/156 batches (6.4%)
  - Elapsed: 2.1s, Estimated remaining: 27.5s
Validation: 15/156 batches (9.6%)
  - Batch Acc: 18.75%, Running Acc: 73.91%
Validation progress: 15/156 batches (9.6%)
  - Elapsed: 2.1s, Estimated remaining: 18.4s
Validation: 20/156 batches (12.9%)
  - Batch Acc: 97.66%, Running Acc: 69.88%
Validation progress: 20/156 batches (12.8%)
  - Elapsed: 2.1s, Estimated remaining: 13.7s
Validation: 25/156 batches (16.1%)
  - Batch Acc: 67.97%, Running Acc: 67.53%
Validation progress: 25/156 batches (16.0%)
  - Elapsed: 2.2s, Estimated remaining: 10.9s
Validation: 30/156 batches (19.3%)
  - Batch Acc: 53.91%, Running Acc: 66.12%
Validation progress: 30/156 batches (19.2%)
  - Elapsed: 2.2s, Estimated remaining: 9.0s
Validation: 35/156 batches (22.5%)
  - Batch Acc: 100.00%, Running Acc: 65.07%
Validation progress: 35/156 batches (22.4%)
  - Elapsed: 2.2s, Estimated remaining: 7.5s
Validation: 40/156 batches (25.7%)
  - Batch Acc: 85.16%, Running Acc: 65.84%
Validation progress: 40/156 batches (25.6%)
  - Elapsed: 2.3s, Estimated remaining: 6.4s
Validation: 45/156 batches (28.9%)
  - Batch Acc: 52.34%, Running Acc: 66.91%
Validation progress: 45/156 batches (28.8%)
  - Elapsed: 2.3s, Estimated remaining: 5.6s
Validation: 50/156 batches (32.1%)
  - Batch Acc: 71.09%, Running Acc: 68.53%
Validation progress: 50/156 batches (32.1%)
  - Elapsed: 2.4s, Estimated remaining: 4.9s
Validation: 55/156 batches (35.3%)
  - Batch Acc: 6.25%, Running Acc: 67.27%
Validation progress: 55/156 batches (35.3%)
  - Elapsed: 2.4s, Estimated remaining: 4.3s
Validation: 60/156 batches (38.6%)
  - Batch Acc: 0.00%, Running Acc: 62.71%
Validation progress: 60/156 batches (38.5%)
  - Elapsed: 2.4s, Estimated remaining: 3.8s
Validation: 65/156 batches (41.8%)
  - Batch Acc: 41.41%, Running Acc: 60.47%
Validation progress: 65/156 batches (41.7%)
  - Elapsed: 2.5s, Estimated remaining: 3.4s
Validation: 70/156 batches (45.0%)
  - Batch Acc: 38.28%, Running Acc: 60.49%
Validation progress: 70/156 batches (44.9%)
  - Elapsed: 2.5s, Estimated remaining: 3.0s
Validation: 75/156 batches (48.2%)
  - Batch Acc: 89.06%, Running Acc: 60.85%
Validation progress: 75/156 batches (48.1%)
  - Elapsed: 2.5s, Estimated remaining: 2.7s
Validation: 80/156 batches (51.4%)
  - Batch Acc: 46.09%, Running Acc: 59.92%
Validation progress: 80/156 batches (51.3%)
  - Elapsed: 2.6s, Estimated remaining: 2.4s
Validation: 85/156 batches (54.6%)
  - Batch Acc: 56.25%, Running Acc: 58.64%
Validation progress: 85/156 batches (54.5%)
  - Elapsed: 2.6s, Estimated remaining: 2.1s
Validation: 90/156 batches (57.8%)
  - Batch Acc: 81.25%, Running Acc: 58.83%
Validation progress: 90/156 batches (57.7%)
  - Elapsed: 2.7s, Estimated remaining: 1.9s
Validation: 95/156 batches (61.1%)
  - Batch Acc: 99.22%, Running Acc: 60.53%
Validation progress: 95/156 batches (60.9%)
  - Elapsed: 2.7s, Estimated remaining: 1.7s
Validation: 100/156 batches (64.3%)
  - Batch Acc: 87.50%, Running Acc: 60.95%
Validation progress: 100/156 batches (64.1%)
  - Elapsed: 2.7s, Estimated remaining: 1.5s
Validation: 105/156 batches (67.5%)
  - Batch Acc: 64.06%, Running Acc: 61.03%
Validation progress: 105/156 batches (67.3%)
  - Elapsed: 2.8s, Estimated remaining: 1.3s
Validation: 110/156 batches (70.7%)
  - Batch Acc: 51.56%, Running Acc: 59.99%
Validation progress: 110/156 batches (70.5%)
  - Elapsed: 2.8s, Estimated remaining: 1.1s
Validation: 115/156 batches (73.9%)
  - Batch Acc: 90.62%, Running Acc: 59.98%
Validation progress: 115/156 batches (73.7%)
  - Elapsed: 2.9s, Estimated remaining: 1.0s
Validation: 120/156 batches (77.1%)
  - Batch Acc: 8.59%, Running Acc: 58.93%
Validation progress: 120/156 batches (76.9%)
  - Elapsed: 2.9s, Estimated remaining: 0.8s
Validation: 125/156 batches (80.3%)
  - Batch Acc: 90.62%, Running Acc: 58.80%
Validation progress: 125/156 batches (80.1%)
  - Elapsed: 2.9s, Estimated remaining: 0.7s
Validation: 130/156 batches (83.6%)
  - Batch Acc: 32.81%, Running Acc: 58.35%
Validation progress: 130/156 batches (83.3%)
  - Elapsed: 3.0s, Estimated remaining: 0.6s
Validation: 135/156 batches (86.8%)
  - Batch Acc: 92.19%, Running Acc: 58.71%
Validation progress: 135/156 batches (86.5%)
  - Elapsed: 3.0s, Estimated remaining: 0.4s
Validation: 140/156 batches (90.0%)
  - Batch Acc: 23.44%, Running Acc: 58.60%
Validation progress: 140/156 batches (89.7%)
  - Elapsed: 3.0s, Estimated remaining: 0.3s
Validation: 145/156 batches (93.2%)
  - Batch Acc: 96.88%, Running Acc: 58.88%
Validation progress: 145/156 batches (92.9%)
  - Elapsed: 3.1s, Estimated remaining: 0.2s
Validation: 150/156 batches (96.4%)
  - Batch Acc: 44.53%, Running Acc: 58.30%
Validation progress: 150/156 batches (96.2%)
  - Elapsed: 3.1s, Estimated remaining: 0.1s
Validation: 155/156 batches (99.6%)
  - Batch Acc: 31.25%, Running Acc: 58.48%
Validation progress: 155/156 batches (99.4%)
  - Elapsed: 3.1s, Estimated remaining: 0.0s
Validation: 156/156 batches (100.3%)
  - Batch Acc: 26.32%, Running Acc: 58.36%
Validation complete in 3.62s - Loss: 2.2380, Accuracy: 0.5836

==== Epoch 8/100 ====
Starting training phase...
Training on 79565 samples...
Training: 100/622 batches (16.1%)
  - Batch Acc: 99.22%, Running Acc: 98.38%
  - Loss: 0.0363, Grad Norm: 0.2387
  - Learning Rate: 0.001000
Training: 200/622 batches (32.2%)
  - Batch Acc: 100.00%, Running Acc: 98.50%
  - Loss: 0.0131, Grad Norm: 0.0869
  - Learning Rate: 0.001000
Training: 300/622 batches (48.3%)
  - Batch Acc: 98.44%, Running Acc: 98.55%
  - Loss: 0.0305, Grad Norm: 0.0657
  - Learning Rate: 0.001000
Training: 400/622 batches (64.3%)
  - Batch Acc: 97.66%, Running Acc: 98.46%
  - Loss: 0.0426, Grad Norm: 0.1787
  - Learning Rate: 0.001000
Training: 500/622 batches (80.4%)
  - Batch Acc: 97.66%, Running Acc: 98.48%
  - Loss: 0.0407, Grad Norm: 0.2814
  - Learning Rate: 0.001000
Training: 600/622 batches (96.5%)
  - Batch Acc: 97.66%, Running Acc: 98.49%
  - Loss: 0.0437, Grad Norm: 0.1200
  - Learning Rate: 0.001000
Training: 622/622 batches (100.0%)
  - Batch Acc: 100.00%, Running Acc: 98.50%
  - Loss: 0.0143, Grad Norm: 0.0472
  - Learning Rate: 0.001000

Training phase complete
Epoch Summary:
  - Average Loss: 0.0385
  - Average Accuracy: 98.50%
  - Average Grad Norm: 0.1489
  - Final Learning Rate: 0.001000
Starting validation phase...
Starting validation on 19916 samples...
Entering no_grad block for validation
Validation progress: 0/156 batches (0.0%)
  - Elapsed: 2.1s, Estimated remaining: 0.0s
Validation: 5/156 batches (3.2%)
  - Batch Acc: 91.41%, Running Acc: 51.25%
Validation progress: 5/156 batches (3.2%)
  - Elapsed: 2.2s, Estimated remaining: 54.1s
Validation: 10/156 batches (6.4%)
  - Batch Acc: 97.66%, Running Acc: 62.50%
Validation progress: 10/156 batches (6.4%)
  - Elapsed: 2.2s, Estimated remaining: 28.7s
Validation: 15/156 batches (9.6%)
  - Batch Acc: 18.75%, Running Acc: 56.98%
Validation progress: 15/156 batches (9.6%)
  - Elapsed: 2.2s, Estimated remaining: 19.2s
Validation: 20/156 batches (12.9%)
  - Batch Acc: 26.56%, Running Acc: 55.00%
Validation progress: 20/156 batches (12.8%)
  - Elapsed: 2.2s, Estimated remaining: 14.4s
Validation: 25/156 batches (16.1%)
  - Batch Acc: 92.97%, Running Acc: 59.66%
Validation progress: 25/156 batches (16.0%)
  - Elapsed: 2.3s, Estimated remaining: 11.5s
Validation: 30/156 batches (19.3%)
  - Batch Acc: 41.41%, Running Acc: 57.47%
Validation progress: 30/156 batches (19.2%)
  - Elapsed: 2.3s, Estimated remaining: 9.4s
Validation: 35/156 batches (22.5%)
  - Batch Acc: 100.00%, Running Acc: 62.59%
Validation progress: 35/156 batches (22.4%)
  - Elapsed: 2.4s, Estimated remaining: 7.9s
Validation: 40/156 batches (25.7%)
  - Batch Acc: 64.06%, Running Acc: 61.68%
Validation progress: 40/156 batches (25.6%)
  - Elapsed: 2.4s, Estimated remaining: 6.8s
Validation: 45/156 batches (28.9%)
  - Batch Acc: 61.72%, Running Acc: 61.48%
Validation progress: 45/156 batches (28.8%)
  - Elapsed: 2.5s, Estimated remaining: 5.9s
Validation: 50/156 batches (32.1%)
  - Batch Acc: 67.19%, Running Acc: 63.19%
Validation progress: 50/156 batches (32.1%)
  - Elapsed: 2.5s, Estimated remaining: 5.1s
Validation: 55/156 batches (35.3%)
  - Batch Acc: 6.25%, Running Acc: 60.99%
Validation progress: 55/156 batches (35.3%)
  - Elapsed: 2.5s, Estimated remaining: 4.5s
Validation: 60/156 batches (38.6%)
  - Batch Acc: 28.12%, Running Acc: 58.98%
Validation progress: 60/156 batches (38.5%)
  - Elapsed: 2.6s, Estimated remaining: 4.0s
Validation: 65/156 batches (41.8%)
  - Batch Acc: 77.34%, Running Acc: 59.82%
Validation progress: 65/156 batches (41.7%)
  - Elapsed: 2.6s, Estimated remaining: 3.6s
Validation: 70/156 batches (45.0%)
  - Batch Acc: 61.72%, Running Acc: 61.40%
Validation progress: 70/156 batches (44.9%)
  - Elapsed: 2.7s, Estimated remaining: 3.2s
Validation: 75/156 batches (48.2%)
  - Batch Acc: 92.19%, Running Acc: 62.01%
Validation progress: 75/156 batches (48.1%)
  - Elapsed: 2.7s, Estimated remaining: 2.9s
Validation: 80/156 batches (51.4%)
  - Batch Acc: 12.50%, Running Acc: 61.60%
Validation progress: 80/156 batches (51.3%)
  - Elapsed: 2.8s, Estimated remaining: 2.6s
Validation: 85/156 batches (54.6%)
  - Batch Acc: 14.84%, Running Acc: 58.58%
Validation progress: 85/156 batches (54.5%)
  - Elapsed: 2.8s, Estimated remaining: 2.3s
Validation: 90/156 batches (57.8%)
  - Batch Acc: 96.09%, Running Acc: 60.36%
Validation progress: 90/156 batches (57.7%)
  - Elapsed: 2.8s, Estimated remaining: 2.0s
Validation: 95/156 batches (61.1%)
  - Batch Acc: 42.19%, Running Acc: 60.16%
Validation progress: 95/156 batches (60.9%)
  - Elapsed: 2.9s, Estimated remaining: 1.8s
Validation: 100/156 batches (64.3%)
  - Batch Acc: 59.38%, Running Acc: 59.98%
Validation progress: 100/156 batches (64.1%)
  - Elapsed: 2.9s, Estimated remaining: 1.6s
Validation: 105/156 batches (67.5%)
  - Batch Acc: 21.88%, Running Acc: 58.01%
Validation progress: 105/156 batches (67.3%)
  - Elapsed: 3.0s, Estimated remaining: 1.4s
Validation: 110/156 batches (70.7%)
  - Batch Acc: 82.81%, Running Acc: 57.50%
Validation progress: 110/156 batches (70.5%)
  - Elapsed: 3.0s, Estimated remaining: 1.2s
Validation: 115/156 batches (73.9%)
  - Batch Acc: 100.00%, Running Acc: 58.36%
Validation progress: 115/156 batches (73.7%)
  - Elapsed: 3.1s, Estimated remaining: 1.1s
Validation: 120/156 batches (77.1%)
  - Batch Acc: 74.22%, Running Acc: 58.91%
Validation progress: 120/156 batches (76.9%)
  - Elapsed: 3.1s, Estimated remaining: 0.9s
Validation: 125/156 batches (80.3%)
  - Batch Acc: 99.22%, Running Acc: 59.95%
Validation progress: 125/156 batches (80.1%)
  - Elapsed: 3.1s, Estimated remaining: 0.7s
Validation: 130/156 batches (83.6%)
  - Batch Acc: 73.44%, Running Acc: 60.84%
Validation progress: 130/156 batches (83.3%)
  - Elapsed: 3.2s, Estimated remaining: 0.6s
Validation: 135/156 batches (86.8%)
  - Batch Acc: 45.31%, Running Acc: 60.77%
Validation progress: 135/156 batches (86.5%)
  - Elapsed: 3.2s, Estimated remaining: 0.5s
Validation: 140/156 batches (90.0%)
  - Batch Acc: 50.00%, Running Acc: 61.16%
Validation progress: 140/156 batches (89.7%)
  - Elapsed: 3.3s, Estimated remaining: 0.3s
Validation: 145/156 batches (93.2%)
  - Batch Acc: 43.75%, Running Acc: 60.86%
Validation progress: 145/156 batches (92.9%)
  - Elapsed: 3.3s, Estimated remaining: 0.2s
Validation: 150/156 batches (96.4%)
  - Batch Acc: 79.69%, Running Acc: 60.55%
Validation progress: 150/156 batches (96.2%)
  - Elapsed: 3.4s, Estimated remaining: 0.1s
Validation: 155/156 batches (99.6%)
  - Batch Acc: 71.09%, Running Acc: 60.82%
Validation progress: 155/156 batches (99.4%)
  - Elapsed: 3.4s, Estimated remaining: 0.0s
Validation: 156/156 batches (100.3%)
  - Batch Acc: 100.00%, Running Acc: 60.97%
Validation complete in 3.84s - Loss: 2.3469, Accuracy: 0.6097

==== Epoch 9/100 ====
Starting training phase...
Training on 79565 samples...
Training: 100/622 batches (16.1%)
  - Batch Acc: 99.22%, Running Acc: 98.88%
  - Loss: 0.0244, Grad Norm: 0.0614
  - Learning Rate: 0.001000
Training: 200/622 batches (32.2%)
  - Batch Acc: 98.44%, Running Acc: 98.56%
  - Loss: 0.0299, Grad Norm: 0.1240
  - Learning Rate: 0.001000
Training: 300/622 batches (48.3%)
  - Batch Acc: 98.44%, Running Acc: 98.53%
  - Loss: 0.0345, Grad Norm: 0.0339
  - Learning Rate: 0.001000
Training: 400/622 batches (64.3%)
  - Batch Acc: 99.22%, Running Acc: 98.59%
  - Loss: 0.0202, Grad Norm: 0.0311
  - Learning Rate: 0.001000
Training: 500/622 batches (80.4%)
  - Batch Acc: 98.44%, Running Acc: 98.55%
  - Loss: 0.0390, Grad Norm: 0.0647
  - Learning Rate: 0.001000
Training: 600/622 batches (96.5%)
  - Batch Acc: 99.22%, Running Acc: 98.59%
  - Loss: 0.0244, Grad Norm: 0.2323
  - Learning Rate: 0.001000
Training: 622/622 batches (100.0%)
  - Batch Acc: 97.40%, Running Acc: 98.58%
  - Loss: 0.0386, Grad Norm: 0.1419
  - Learning Rate: 0.001000

Training phase complete
Epoch Summary:
  - Average Loss: 0.0351
  - Average Accuracy: 98.58%
  - Average Grad Norm: 0.1257
  - Final Learning Rate: 0.001000
Starting validation phase...
Starting validation on 19916 samples...
Entering no_grad block for validation
Validation progress: 0/156 batches (0.0%)
  - Elapsed: 2.1s, Estimated remaining: 0.0s
Validation: 5/156 batches (3.2%)
  - Batch Acc: 100.00%, Running Acc: 65.31%
Validation progress: 5/156 batches (3.2%)
  - Elapsed: 2.2s, Estimated remaining: 54.4s
Validation: 10/156 batches (6.4%)
  - Batch Acc: 87.50%, Running Acc: 71.95%
Validation progress: 10/156 batches (6.4%)
  - Elapsed: 2.2s, Estimated remaining: 29.6s
Validation: 15/156 batches (9.6%)
  - Batch Acc: 19.53%, Running Acc: 62.34%
Validation progress: 15/156 batches (9.6%)
  - Elapsed: 2.3s, Estimated remaining: 19.8s
Validation: 20/156 batches (12.9%)
  - Batch Acc: 40.62%, Running Acc: 60.12%
Validation progress: 20/156 batches (12.8%)
  - Elapsed: 2.3s, Estimated remaining: 14.7s
Validation: 25/156 batches (16.1%)
  - Batch Acc: 89.84%, Running Acc: 63.75%
Validation progress: 25/156 batches (16.0%)
  - Elapsed: 2.3s, Estimated remaining: 11.7s
Validation: 30/156 batches (19.3%)
  - Batch Acc: 50.78%, Running Acc: 60.44%
Validation progress: 30/156 batches (19.2%)
  - Elapsed: 2.4s, Estimated remaining: 9.6s
Validation: 35/156 batches (22.5%)
  - Batch Acc: 100.00%, Running Acc: 65.02%
Validation progress: 35/156 batches (22.4%)
  - Elapsed: 2.4s, Estimated remaining: 8.1s
Validation: 40/156 batches (25.7%)
  - Batch Acc: 71.09%, Running Acc: 64.55%
Validation progress: 40/156 batches (25.6%)
  - Elapsed: 2.5s, Estimated remaining: 6.9s
Validation: 45/156 batches (28.9%)
  - Batch Acc: 60.94%, Running Acc: 64.08%
Validation progress: 45/156 batches (28.8%)
  - Elapsed: 2.5s, Estimated remaining: 6.0s
Validation: 50/156 batches (32.1%)
  - Batch Acc: 83.59%, Running Acc: 66.25%
Validation progress: 50/156 batches (32.1%)
  - Elapsed: 2.5s, Estimated remaining: 5.2s
Validation: 55/156 batches (35.3%)
  - Batch Acc: 6.25%, Running Acc: 64.39%
Validation progress: 55/156 batches (35.3%)
  - Elapsed: 2.6s, Estimated remaining: 4.6s
Validation: 60/156 batches (38.6%)
  - Batch Acc: 31.25%, Running Acc: 62.23%
Validation progress: 60/156 batches (38.5%)
  - Elapsed: 2.6s, Estimated remaining: 4.1s
Validation: 65/156 batches (41.8%)
  - Batch Acc: 70.31%, Running Acc: 61.96%
Validation progress: 65/156 batches (41.7%)
  - Elapsed: 2.7s, Estimated remaining: 3.6s
Validation: 70/156 batches (45.0%)
  - Batch Acc: 67.19%, Running Acc: 63.48%
Validation progress: 70/156 batches (44.9%)
  - Elapsed: 2.7s, Estimated remaining: 3.3s
Validation: 75/156 batches (48.2%)
  - Batch Acc: 96.09%, Running Acc: 64.20%
Validation progress: 75/156 batches (48.1%)
  - Elapsed: 2.8s, Estimated remaining: 2.9s
Validation: 80/156 batches (51.4%)
  - Batch Acc: 19.53%, Running Acc: 63.59%
Validation progress: 80/156 batches (51.3%)
  - Elapsed: 2.8s, Estimated remaining: 2.6s
Validation: 85/156 batches (54.6%)
  - Batch Acc: 10.16%, Running Acc: 60.55%
Validation progress: 85/156 batches (54.5%)
  - Elapsed: 2.8s, Estimated remaining: 2.3s
Validation: 90/156 batches (57.8%)
  - Batch Acc: 79.69%, Running Acc: 62.09%
Validation progress: 90/156 batches (57.7%)
  - Elapsed: 2.9s, Estimated remaining: 2.1s
Validation: 95/156 batches (61.1%)
  - Batch Acc: 19.53%, Running Acc: 61.50%
Validation progress: 95/156 batches (60.9%)
  - Elapsed: 2.9s, Estimated remaining: 1.8s
Validation: 100/156 batches (64.3%)
  - Batch Acc: 68.75%, Running Acc: 61.31%
Validation progress: 100/156 batches (64.1%)
  - Elapsed: 3.0s, Estimated remaining: 1.6s
Validation: 105/156 batches (67.5%)
  - Batch Acc: 30.47%, Running Acc: 59.72%
Validation progress: 105/156 batches (67.3%)
  - Elapsed: 3.0s, Estimated remaining: 1.4s
Validation: 110/156 batches (70.7%)
  - Batch Acc: 59.38%, Running Acc: 59.07%
Validation progress: 110/156 batches (70.5%)
  - Elapsed: 3.1s, Estimated remaining: 1.2s
Validation: 115/156 batches (73.9%)
  - Batch Acc: 98.44%, Running Acc: 59.66%
Validation progress: 115/156 batches (73.7%)
  - Elapsed: 3.1s, Estimated remaining: 1.1s
Validation: 120/156 batches (77.1%)
  - Batch Acc: 86.72%, Running Acc: 60.10%
Validation progress: 120/156 batches (76.9%)
  - Elapsed: 3.2s, Estimated remaining: 0.9s
Validation: 125/156 batches (80.3%)
  - Batch Acc: 94.53%, Running Acc: 61.49%
Validation progress: 125/156 batches (80.1%)
  - Elapsed: 3.2s, Estimated remaining: 0.8s
Validation: 130/156 batches (83.6%)
  - Batch Acc: 52.34%, Running Acc: 62.00%
Validation progress: 130/156 batches (83.3%)
  - Elapsed: 3.3s, Estimated remaining: 0.6s
Validation: 135/156 batches (86.8%)
  - Batch Acc: 65.62%, Running Acc: 62.11%
Validation progress: 135/156 batches (86.5%)
  - Elapsed: 3.3s, Estimated remaining: 0.5s
Validation: 140/156 batches (90.0%)
  - Batch Acc: 41.41%, Running Acc: 62.23%
Validation progress: 140/156 batches (89.7%)
  - Elapsed: 3.3s, Estimated remaining: 0.4s
Validation: 145/156 batches (93.2%)
  - Batch Acc: 53.91%, Running Acc: 62.11%
Validation progress: 145/156 batches (92.9%)
  - Elapsed: 3.4s, Estimated remaining: 0.2s
Validation: 150/156 batches (96.4%)
  - Batch Acc: 75.00%, Running Acc: 61.93%
Validation progress: 150/156 batches (96.2%)
  - Elapsed: 3.4s, Estimated remaining: 0.1s
Validation: 155/156 batches (99.6%)
  - Batch Acc: 78.12%, Running Acc: 61.94%
Validation progress: 155/156 batches (99.4%)
  - Elapsed: 3.5s, Estimated remaining: 0.0s
Validation: 156/156 batches (100.3%)
  - Batch Acc: 100.00%, Running Acc: 62.08%
Validation complete in 3.92s - Loss: 2.2711, Accuracy: 0.6208

==== Epoch 10/100 ====
Starting training phase...
Training on 79565 samples...
Training: 100/622 batches (16.1%)
  - Batch Acc: 99.22%, Running Acc: 98.56%
  - Loss: 0.0154, Grad Norm: 0.0186
  - Learning Rate: 0.001000
Training: 200/622 batches (32.2%)
  - Batch Acc: 99.22%, Running Acc: 98.70%
  - Loss: 0.0176, Grad Norm: 0.0395
  - Learning Rate: 0.001000
Training: 300/622 batches (48.3%)
  - Batch Acc: 97.66%, Running Acc: 98.71%
  - Loss: 0.0452, Grad Norm: 0.1545
  - Learning Rate: 0.001000
Training: 400/622 batches (64.3%)
  - Batch Acc: 99.22%, Running Acc: 98.66%
  - Loss: 0.0195, Grad Norm: 0.0431
  - Learning Rate: 0.001000
Training: 500/622 batches (80.4%)
  - Batch Acc: 95.31%, Running Acc: 98.64%
  - Loss: 0.0684, Grad Norm: 0.2761
  - Learning Rate: 0.001000
Training: 600/622 batches (96.5%)
  - Batch Acc: 100.00%, Running Acc: 98.62%
  - Loss: 0.0106, Grad Norm: 0.0365
  - Learning Rate: 0.001000
Training: 622/622 batches (100.0%)
  - Batch Acc: 98.70%, Running Acc: 98.62%
  - Loss: 0.0233, Grad Norm: 0.0273
  - Learning Rate: 0.001000

Training phase complete
Epoch Summary:
  - Average Loss: 0.0344
  - Average Accuracy: 98.62%
  - Average Grad Norm: 0.1198
  - Final Learning Rate: 0.001000
Starting validation phase...
Starting validation on 19916 samples...
Entering no_grad block for validation
Validation progress: 0/156 batches (0.0%)
  - Elapsed: 1.6s, Estimated remaining: 0.0s
Validation: 5/156 batches (3.2%)
  - Batch Acc: 100.00%, Running Acc: 55.00%
Validation progress: 5/156 batches (3.2%)
  - Elapsed: 1.6s, Estimated remaining: 40.4s
Validation: 10/156 batches (6.4%)
  - Batch Acc: 92.97%, Running Acc: 65.55%
Validation progress: 10/156 batches (6.4%)
  - Elapsed: 1.7s, Estimated remaining: 22.1s
Validation: 15/156 batches (9.6%)
  - Batch Acc: 23.44%, Running Acc: 59.32%
Validation progress: 15/156 batches (9.6%)
  - Elapsed: 1.7s, Estimated remaining: 14.8s
Validation: 20/156 batches (12.9%)
  - Batch Acc: 39.84%, Running Acc: 58.79%
Validation progress: 20/156 batches (12.8%)
  - Elapsed: 1.7s, Estimated remaining: 11.2s
Validation: 25/156 batches (16.1%)
  - Batch Acc: 95.31%, Running Acc: 63.59%
Validation progress: 25/156 batches (16.0%)
  - Elapsed: 1.8s, Estimated remaining: 8.9s
Validation: 30/156 batches (19.3%)
  - Batch Acc: 49.22%, Running Acc: 61.48%
Validation progress: 30/156 batches (19.2%)
  - Elapsed: 1.8s, Estimated remaining: 7.4s
Validation: 35/156 batches (22.5%)
  - Batch Acc: 100.00%, Running Acc: 65.67%
Validation progress: 35/156 batches (22.4%)
  - Elapsed: 1.9s, Estimated remaining: 6.2s
Validation: 40/156 batches (25.7%)
  - Batch Acc: 71.88%, Running Acc: 65.10%
Validation progress: 40/156 batches (25.6%)
  - Elapsed: 1.9s, Estimated remaining: 5.3s
Validation: 45/156 batches (28.9%)
  - Batch Acc: 35.94%, Running Acc: 63.94%
Validation progress: 45/156 batches (28.8%)
  - Elapsed: 1.9s, Estimated remaining: 4.7s
Validation: 50/156 batches (32.1%)
  - Batch Acc: 83.59%, Running Acc: 66.06%
Validation progress: 50/156 batches (32.1%)
  - Elapsed: 2.0s, Estimated remaining: 4.1s
Validation: 55/156 batches (35.3%)
  - Batch Acc: 6.25%, Running Acc: 64.16%
Validation progress: 55/156 batches (35.3%)
  - Elapsed: 2.0s, Estimated remaining: 3.6s
Validation: 60/156 batches (38.6%)
  - Batch Acc: 30.47%, Running Acc: 62.16%
Validation progress: 60/156 batches (38.5%)
  - Elapsed: 2.1s, Estimated remaining: 3.2s
Validation: 65/156 batches (41.8%)
  - Batch Acc: 62.50%, Running Acc: 62.04%
Validation progress: 65/156 batches (41.7%)
  - Elapsed: 2.1s, Estimated remaining: 2.9s
Validation: 70/156 batches (45.0%)
  - Batch Acc: 69.53%, Running Acc: 63.46%
Validation progress: 70/156 batches (44.9%)
  - Elapsed: 2.2s, Estimated remaining: 2.6s
Validation: 75/156 batches (48.2%)
  - Batch Acc: 96.88%, Running Acc: 63.84%
Validation progress: 75/156 batches (48.1%)
  - Elapsed: 2.2s, Estimated remaining: 2.3s
Validation: 80/156 batches (51.4%)
  - Batch Acc: 14.06%, Running Acc: 63.27%
Validation progress: 80/156 batches (51.3%)
  - Elapsed: 2.2s, Estimated remaining: 2.1s
Validation: 85/156 batches (54.6%)
  - Batch Acc: 14.84%, Running Acc: 60.28%
Validation progress: 85/156 batches (54.5%)
  - Elapsed: 2.3s, Estimated remaining: 1.9s
Validation: 90/156 batches (57.8%)
  - Batch Acc: 91.41%, Running Acc: 61.96%
Validation progress: 90/156 batches (57.7%)
  - Elapsed: 2.3s, Estimated remaining: 1.7s
Validation: 95/156 batches (61.1%)
  - Batch Acc: 37.50%, Running Acc: 61.43%
Validation progress: 95/156 batches (60.9%)
  - Elapsed: 2.4s, Estimated remaining: 1.5s
Validation: 100/156 batches (64.3%)
  - Batch Acc: 70.31%, Running Acc: 61.36%
Validation progress: 100/156 batches (64.1%)
  - Elapsed: 2.4s, Estimated remaining: 1.3s
Validation: 105/156 batches (67.5%)
  - Batch Acc: 25.00%, Running Acc: 59.49%
Validation progress: 105/156 batches (67.3%)
  - Elapsed: 2.4s, Estimated remaining: 1.2s
Validation: 110/156 batches (70.7%)
  - Batch Acc: 75.00%, Running Acc: 58.97%
Validation progress: 110/156 batches (70.5%)
  - Elapsed: 2.5s, Estimated remaining: 1.0s
Validation: 115/156 batches (73.9%)
  - Batch Acc: 100.00%, Running Acc: 59.63%
Validation progress: 115/156 batches (73.7%)
  - Elapsed: 2.5s, Estimated remaining: 0.9s
Validation: 120/156 batches (77.1%)
  - Batch Acc: 76.56%, Running Acc: 60.16%
Validation progress: 120/156 batches (76.9%)
  - Elapsed: 2.6s, Estimated remaining: 0.7s
Validation: 125/156 batches (80.3%)
  - Batch Acc: 100.00%, Running Acc: 61.56%
Validation progress: 125/156 batches (80.1%)
  - Elapsed: 2.6s, Estimated remaining: 0.6s
Validation: 130/156 batches (83.6%)
  - Batch Acc: 58.59%, Running Acc: 62.33%
Validation progress: 130/156 batches (83.3%)
  - Elapsed: 2.6s, Estimated remaining: 0.5s
Validation: 135/156 batches (86.8%)
  - Batch Acc: 79.69%, Running Acc: 62.64%
Validation progress: 135/156 batches (86.5%)
  - Elapsed: 2.7s, Estimated remaining: 0.4s
Validation: 140/156 batches (90.0%)
  - Batch Acc: 42.97%, Running Acc: 62.88%
Validation progress: 140/156 batches (89.7%)
  - Elapsed: 2.7s, Estimated remaining: 0.3s
Validation: 145/156 batches (93.2%)
  - Batch Acc: 60.16%, Running Acc: 62.86%
Validation progress: 145/156 batches (92.9%)
  - Elapsed: 2.8s, Estimated remaining: 0.2s
Validation: 150/156 batches (96.4%)
  - Batch Acc: 69.53%, Running Acc: 62.35%
Validation progress: 150/156 batches (96.2%)
  - Elapsed: 2.8s, Estimated remaining: 0.1s
Validation: 155/156 batches (99.6%)
  - Batch Acc: 77.34%, Running Acc: 62.51%
Validation progress: 155/156 batches (99.4%)
  - Elapsed: 2.9s, Estimated remaining: 0.0s
Validation: 156/156 batches (100.3%)
  - Batch Acc: 100.00%, Running Acc: 62.65%
Validation complete in 3.30s - Loss: 2.1653, Accuracy: 0.6265

==== Epoch 11/100 ====
Starting training phase...
Training on 79565 samples...
Training: 100/622 batches (16.1%)
  - Batch Acc: 98.44%, Running Acc: 98.57%
  - Loss: 0.0374, Grad Norm: 0.1003
  - Learning Rate: 0.001000
Training: 200/622 batches (32.2%)
  - Batch Acc: 98.44%, Running Acc: 98.66%
  - Loss: 0.0255, Grad Norm: 0.0499
  - Learning Rate: 0.001000
Training: 300/622 batches (48.3%)
  - Batch Acc: 100.00%, Running Acc: 98.67%
  - Loss: 0.0128, Grad Norm: 0.0769
  - Learning Rate: 0.001000
Training: 400/622 batches (64.3%)
  - Batch Acc: 97.66%, Running Acc: 98.66%
  - Loss: 0.0349, Grad Norm: 0.1725
  - Learning Rate: 0.001000
Training: 500/622 batches (80.4%)
  - Batch Acc: 99.22%, Running Acc: 98.66%
  - Loss: 0.0159, Grad Norm: 0.0807
  - Learning Rate: 0.001000
Training: 600/622 batches (96.5%)
  - Batch Acc: 98.44%, Running Acc: 98.66%
  - Loss: 0.0487, Grad Norm: 0.2371
  - Learning Rate: 0.001000
Training: 622/622 batches (100.0%)
  - Batch Acc: 100.00%, Running Acc: 98.67%
  - Loss: 0.0162, Grad Norm: 0.0547
  - Learning Rate: 0.001000

Training phase complete
Epoch Summary:
  - Average Loss: 0.0335
  - Average Accuracy: 98.67%
  - Average Grad Norm: 0.1064
  - Final Learning Rate: 0.001000
Starting validation phase...
Starting validation on 19916 samples...
Entering no_grad block for validation
Validation progress: 0/156 batches (0.0%)
  - Elapsed: 1.7s, Estimated remaining: 0.0s
Validation: 5/156 batches (3.2%)
  - Batch Acc: 96.09%, Running Acc: 69.22%
Validation progress: 5/156 batches (3.2%)
  - Elapsed: 1.7s, Estimated remaining: 43.2s
Validation: 10/156 batches (6.4%)
  - Batch Acc: 82.03%, Running Acc: 73.44%
Validation progress: 10/156 batches (6.4%)
  - Elapsed: 1.8s, Estimated remaining: 23.4s
Validation: 15/156 batches (9.6%)
  - Batch Acc: 25.78%, Running Acc: 70.62%
Validation progress: 15/156 batches (9.6%)
  - Elapsed: 1.8s, Estimated remaining: 15.8s
Validation: 20/156 batches (12.9%)
  - Batch Acc: 55.47%, Running Acc: 67.62%
Validation progress: 20/156 batches (12.8%)
  - Elapsed: 1.9s, Estimated remaining: 11.9s
Validation: 25/156 batches (16.1%)
  - Batch Acc: 82.03%, Running Acc: 68.00%
Validation progress: 25/156 batches (16.0%)
  - Elapsed: 1.9s, Estimated remaining: 9.5s
Validation: 30/156 batches (19.3%)
  - Batch Acc: 47.66%, Running Acc: 63.88%
Validation progress: 30/156 batches (19.2%)
  - Elapsed: 1.9s, Estimated remaining: 7.8s
Validation: 35/156 batches (22.5%)
  - Batch Acc: 100.00%, Running Acc: 64.17%
Validation progress: 35/156 batches (22.4%)
  - Elapsed: 2.0s, Estimated remaining: 6.6s
Validation: 40/156 batches (25.7%)
  - Batch Acc: 71.88%, Running Acc: 64.22%
Validation progress: 40/156 batches (25.6%)
  - Elapsed: 2.0s, Estimated remaining: 5.7s
Validation: 45/156 batches (28.9%)
  - Batch Acc: 74.22%, Running Acc: 65.52%
Validation progress: 45/156 batches (28.8%)
  - Elapsed: 2.1s, Estimated remaining: 4.9s
Validation: 50/156 batches (32.1%)
  - Batch Acc: 81.25%, Running Acc: 68.05%
Validation progress: 50/156 batches (32.1%)
  - Elapsed: 2.1s, Estimated remaining: 4.3s
Validation: 55/156 batches (35.3%)
  - Batch Acc: 6.25%, Running Acc: 66.34%
Validation progress: 55/156 batches (35.3%)
  - Elapsed: 2.1s, Estimated remaining: 3.8s
Validation: 60/156 batches (38.6%)
  - Batch Acc: 14.84%, Running Acc: 62.64%
Validation progress: 60/156 batches (38.5%)
  - Elapsed: 2.2s, Estimated remaining: 3.4s
Validation: 65/156 batches (41.8%)
  - Batch Acc: 40.62%, Running Acc: 61.19%
Validation progress: 65/156 batches (41.7%)
  - Elapsed: 2.2s, Estimated remaining: 3.0s
Validation: 70/156 batches (45.0%)
  - Batch Acc: 64.84%, Running Acc: 62.08%
Validation progress: 70/156 batches (44.9%)
  - Elapsed: 2.3s, Estimated remaining: 2.7s
Validation: 75/156 batches (48.2%)
  - Batch Acc: 89.84%, Running Acc: 62.40%
Validation progress: 75/156 batches (48.1%)
  - Elapsed: 2.3s, Estimated remaining: 2.4s
Validation: 80/156 batches (51.4%)
  - Batch Acc: 39.84%, Running Acc: 62.22%
Validation progress: 80/156 batches (51.3%)
  - Elapsed: 2.3s, Estimated remaining: 2.2s
Validation: 85/156 batches (54.6%)
  - Batch Acc: 37.50%, Running Acc: 60.40%
Validation progress: 85/156 batches (54.5%)
  - Elapsed: 2.4s, Estimated remaining: 1.9s
Validation: 90/156 batches (57.8%)
  - Batch Acc: 92.19%, Running Acc: 61.15%
Validation progress: 90/156 batches (57.7%)
  - Elapsed: 2.4s, Estimated remaining: 1.7s
Validation: 95/156 batches (61.1%)
  - Batch Acc: 65.62%, Running Acc: 62.25%
Validation progress: 95/156 batches (60.9%)
  - Elapsed: 2.4s, Estimated remaining: 1.5s
Validation: 100/156 batches (64.3%)
  - Batch Acc: 68.75%, Running Acc: 62.26%
Validation progress: 100/156 batches (64.1%)
  - Elapsed: 2.5s, Estimated remaining: 1.4s
Validation: 105/156 batches (67.5%)
  - Batch Acc: 44.53%, Running Acc: 61.38%
Validation progress: 105/156 batches (67.3%)
  - Elapsed: 2.5s, Estimated remaining: 1.2s
Validation: 110/156 batches (70.7%)
  - Batch Acc: 67.97%, Running Acc: 60.57%
Validation progress: 110/156 batches (70.5%)
  - Elapsed: 2.6s, Estimated remaining: 1.0s
Validation: 115/156 batches (73.9%)
  - Batch Acc: 100.00%, Running Acc: 60.94%
Validation progress: 115/156 batches (73.7%)
  - Elapsed: 2.6s, Estimated remaining: 0.9s
Validation: 120/156 batches (77.1%)
  - Batch Acc: 10.16%, Running Acc: 60.42%
Validation progress: 120/156 batches (76.9%)
  - Elapsed: 2.6s, Estimated remaining: 0.8s
Validation: 125/156 batches (80.3%)
  - Batch Acc: 96.88%, Running Acc: 60.89%
Validation progress: 125/156 batches (80.1%)
  - Elapsed: 2.7s, Estimated remaining: 0.6s
Validation: 130/156 batches (83.6%)
  - Batch Acc: 57.81%, Running Acc: 61.30%
Validation progress: 130/156 batches (83.3%)
  - Elapsed: 2.7s, Estimated remaining: 0.5s
Validation: 135/156 batches (86.8%)
  - Batch Acc: 89.84%, Running Acc: 61.35%
Validation progress: 135/156 batches (86.5%)
  - Elapsed: 2.8s, Estimated remaining: 0.4s
Validation: 140/156 batches (90.0%)
  - Batch Acc: 53.91%, Running Acc: 61.74%
Validation progress: 140/156 batches (89.7%)
  - Elapsed: 2.8s, Estimated remaining: 0.3s
Validation: 145/156 batches (93.2%)
  - Batch Acc: 77.34%, Running Acc: 61.64%
Validation progress: 145/156 batches (92.9%)
  - Elapsed: 2.8s, Estimated remaining: 0.2s
Validation: 150/156 batches (96.4%)
  - Batch Acc: 39.06%, Running Acc: 60.97%
Validation progress: 150/156 batches (96.2%)
  - Elapsed: 2.9s, Estimated remaining: 0.1s
Validation: 155/156 batches (99.6%)
  - Batch Acc: 35.16%, Running Acc: 61.23%
Validation progress: 155/156 batches (99.4%)
  - Elapsed: 2.9s, Estimated remaining: 0.0s
Validation: 156/156 batches (100.3%)
  - Batch Acc: 61.84%, Running Acc: 61.23%
Validation complete in 3.28s - Loss: 2.1509, Accuracy: 0.6123

==== Epoch 12/100 ====
Starting training phase...
Training on 79565 samples...
Training: 100/622 batches (16.1%)
  - Batch Acc: 99.22%, Running Acc: 98.91%
  - Loss: 0.0212, Grad Norm: 0.0346
  - Learning Rate: 0.000200
Training: 200/622 batches (32.2%)
  - Batch Acc: 99.22%, Running Acc: 98.87%
  - Loss: 0.0322, Grad Norm: 0.1969
  - Learning Rate: 0.000200
Training: 300/622 batches (48.3%)
  - Batch Acc: 98.44%, Running Acc: 98.91%
  - Loss: 0.0281, Grad Norm: 0.0332
  - Learning Rate: 0.000200
Training: 400/622 batches (64.3%)
  - Batch Acc: 99.22%, Running Acc: 98.91%
  - Loss: 0.0246, Grad Norm: 0.0414
  - Learning Rate: 0.000200
Training: 500/622 batches (80.4%)
  - Batch Acc: 99.22%, Running Acc: 98.93%
  - Loss: 0.0202, Grad Norm: 0.0225
  - Learning Rate: 0.000200
Training: 600/622 batches (96.5%)
  - Batch Acc: 100.00%, Running Acc: 98.93%
  - Loss: 0.0051, Grad Norm: 0.0185
  - Learning Rate: 0.000200
Training: 622/622 batches (100.0%)
  - Batch Acc: 98.70%, Running Acc: 98.93%
  - Loss: 0.0254, Grad Norm: 0.0477
  - Learning Rate: 0.000200

Training phase complete
Epoch Summary:
  - Average Loss: 0.0257
  - Average Accuracy: 98.93%
  - Average Grad Norm: 0.0581
  - Final Learning Rate: 0.000200
Starting validation phase...
Starting validation on 19916 samples...
Entering no_grad block for validation
Validation progress: 0/156 batches (0.0%)
  - Elapsed: 2.2s, Estimated remaining: 0.0s
Validation: 5/156 batches (3.2%)
  - Batch Acc: 96.09%, Running Acc: 69.38%
Validation progress: 5/156 batches (3.2%)
  - Elapsed: 2.2s, Estimated remaining: 54.8s
Validation: 10/156 batches (6.4%)
  - Batch Acc: 73.44%, Running Acc: 72.73%
Validation progress: 10/156 batches (6.4%)
  - Elapsed: 2.3s, Estimated remaining: 29.7s
Validation: 15/156 batches (9.6%)
  - Batch Acc: 26.56%, Running Acc: 66.77%
Validation progress: 15/156 batches (9.6%)
  - Elapsed: 2.3s, Estimated remaining: 20.0s
Validation: 20/156 batches (12.9%)
  - Batch Acc: 39.06%, Running Acc: 64.84%
Validation progress: 20/156 batches (12.8%)
  - Elapsed: 2.3s, Estimated remaining: 15.0s
Validation: 25/156 batches (16.1%)
  - Batch Acc: 82.81%, Running Acc: 67.22%
Validation progress: 25/156 batches (16.0%)
  - Elapsed: 2.4s, Estimated remaining: 11.9s
Validation: 30/156 batches (19.3%)
  - Batch Acc: 48.44%, Running Acc: 63.65%
Validation progress: 30/156 batches (19.2%)
  - Elapsed: 2.4s, Estimated remaining: 9.7s
Validation: 35/156 batches (22.5%)
  - Batch Acc: 100.00%, Running Acc: 66.50%
Validation progress: 35/156 batches (22.4%)
  - Elapsed: 2.5s, Estimated remaining: 8.2s
Validation: 40/156 batches (25.7%)
  - Batch Acc: 71.09%, Running Acc: 66.11%
Validation progress: 40/156 batches (25.6%)
  - Elapsed: 2.5s, Estimated remaining: 7.0s
Validation: 45/156 batches (28.9%)
  - Batch Acc: 78.91%, Running Acc: 67.29%
Validation progress: 45/156 batches (28.8%)
  - Elapsed: 2.5s, Estimated remaining: 6.1s
Validation: 50/156 batches (32.1%)
  - Batch Acc: 89.84%, Running Acc: 70.19%
Validation progress: 50/156 batches (32.1%)
  - Elapsed: 2.6s, Estimated remaining: 5.3s
Validation: 55/156 batches (35.3%)
  - Batch Acc: 6.25%, Running Acc: 69.05%
Validation progress: 55/156 batches (35.3%)
  - Elapsed: 2.6s, Estimated remaining: 4.7s
Validation: 60/156 batches (38.6%)
  - Batch Acc: 15.62%, Running Acc: 65.12%
Validation progress: 60/156 batches (38.5%)
  - Elapsed: 2.7s, Estimated remaining: 4.2s
Validation: 65/156 batches (41.8%)
  - Batch Acc: 39.06%, Running Acc: 63.67%
Validation progress: 65/156 batches (41.7%)
  - Elapsed: 2.7s, Estimated remaining: 3.7s
Validation: 70/156 batches (45.0%)
  - Batch Acc: 56.25%, Running Acc: 64.64%
Validation progress: 70/156 batches (44.9%)
  - Elapsed: 2.8s, Estimated remaining: 3.3s
Validation: 75/156 batches (48.2%)
  - Batch Acc: 89.84%, Running Acc: 64.18%
Validation progress: 75/156 batches (48.1%)
  - Elapsed: 2.8s, Estimated remaining: 3.0s
Validation: 80/156 batches (51.4%)
  - Batch Acc: 32.03%, Running Acc: 63.58%
Validation progress: 80/156 batches (51.3%)
  - Elapsed: 2.8s, Estimated remaining: 2.6s
Validation: 85/156 batches (54.6%)
  - Batch Acc: 38.28%, Running Acc: 61.17%
Validation progress: 85/156 batches (54.5%)
  - Elapsed: 2.9s, Estimated remaining: 2.4s
Validation: 90/156 batches (57.8%)
  - Batch Acc: 87.50%, Running Acc: 62.14%
Validation progress: 90/156 batches (57.7%)
  - Elapsed: 2.9s, Estimated remaining: 2.1s
Validation: 95/156 batches (61.1%)
  - Batch Acc: 67.19%, Running Acc: 62.97%
Validation progress: 95/156 batches (60.9%)
  - Elapsed: 3.0s, Estimated remaining: 1.9s
Validation: 100/156 batches (64.3%)
  - Batch Acc: 64.06%, Running Acc: 62.84%
Validation progress: 100/156 batches (64.1%)
  - Elapsed: 3.0s, Estimated remaining: 1.6s
Validation: 105/156 batches (67.5%)
  - Batch Acc: 43.75%, Running Acc: 61.57%
Validation progress: 105/156 batches (67.3%)
  - Elapsed: 3.1s, Estimated remaining: 1.4s
Validation: 110/156 batches (70.7%)
  - Batch Acc: 63.28%, Running Acc: 60.77%
Validation progress: 110/156 batches (70.5%)
  - Elapsed: 3.1s, Estimated remaining: 1.3s
Validation: 115/156 batches (73.9%)
  - Batch Acc: 97.66%, Running Acc: 61.05%
Validation progress: 115/156 batches (73.7%)
  - Elapsed: 3.1s, Estimated remaining: 1.1s
Validation: 120/156 batches (77.1%)
  - Batch Acc: 30.47%, Running Acc: 60.68%
Validation progress: 120/156 batches (76.9%)
  - Elapsed: 3.2s, Estimated remaining: 0.9s
Validation: 125/156 batches (80.3%)
  - Batch Acc: 98.44%, Running Acc: 61.42%
Validation progress: 125/156 batches (80.1%)
  - Elapsed: 3.2s, Estimated remaining: 0.8s
Validation: 130/156 batches (83.6%)
  - Batch Acc: 65.62%, Running Acc: 62.04%
Validation progress: 130/156 batches (83.3%)
  - Elapsed: 3.3s, Estimated remaining: 0.6s
Validation: 135/156 batches (86.8%)
  - Batch Acc: 86.72%, Running Acc: 62.29%
Validation progress: 135/156 batches (86.5%)
  - Elapsed: 3.3s, Estimated remaining: 0.5s
Validation: 140/156 batches (90.0%)
  - Batch Acc: 42.19%, Running Acc: 62.67%
Validation progress: 140/156 batches (89.7%)
  - Elapsed: 3.4s, Estimated remaining: 0.4s
Validation: 145/156 batches (93.2%)
  - Batch Acc: 77.34%, Running Acc: 62.64%
Validation progress: 145/156 batches (92.9%)
  - Elapsed: 3.4s, Estimated remaining: 0.2s
Validation: 150/156 batches (96.4%)
  - Batch Acc: 50.00%, Running Acc: 62.12%
Validation progress: 150/156 batches (96.2%)
  - Elapsed: 3.4s, Estimated remaining: 0.1s
Validation: 155/156 batches (99.6%)
  - Batch Acc: 46.88%, Running Acc: 62.42%
Validation progress: 155/156 batches (99.4%)
  - Elapsed: 3.5s, Estimated remaining: 0.0s
Validation: 156/156 batches (100.3%)
  - Batch Acc: 100.00%, Running Acc: 62.56%
Validation complete in 3.94s - Loss: 2.1905, Accuracy: 0.6256

==== Epoch 13/100 ====
Starting training phase...
Training on 79565 samples...
Training: 100/622 batches (16.1%)
  - Batch Acc: 99.22%, Running Acc: 98.96%
  - Loss: 0.0136, Grad Norm: 0.0429
  - Learning Rate: 0.000200
Training: 200/622 batches (32.2%)
  - Batch Acc: 100.00%, Running Acc: 99.00%
  - Loss: 0.0070, Grad Norm: 0.0461
  - Learning Rate: 0.000200
Training: 300/622 batches (48.3%)
  - Batch Acc: 96.88%, Running Acc: 98.95%
  - Loss: 0.0422, Grad Norm: 0.1219
  - Learning Rate: 0.000200
Training: 400/622 batches (64.3%)
  - Batch Acc: 99.22%, Running Acc: 98.91%
  - Loss: 0.0161, Grad Norm: 0.0237
  - Learning Rate: 0.000200
Training: 500/622 batches (80.4%)
  - Batch Acc: 99.22%, Running Acc: 98.94%
  - Loss: 0.0216, Grad Norm: 0.0444
  - Learning Rate: 0.000200
Training: 600/622 batches (96.5%)
  - Batch Acc: 99.22%, Running Acc: 98.96%
  - Loss: 0.0215, Grad Norm: 0.0283
  - Learning Rate: 0.000200
Training: 622/622 batches (100.0%)
  - Batch Acc: 100.00%, Running Acc: 98.96%
  - Loss: 0.0093, Grad Norm: 0.0355
  - Learning Rate: 0.000200

Training phase complete
Epoch Summary:
  - Average Loss: 0.0246
  - Average Accuracy: 98.96%
  - Average Grad Norm: 0.0477
  - Final Learning Rate: 0.000200
Starting validation phase...
Starting validation on 19916 samples...
Entering no_grad block for validation
Validation progress: 0/156 batches (0.0%)
  - Elapsed: 2.1s, Estimated remaining: 0.0s
Validation: 5/156 batches (3.2%)
  - Batch Acc: 100.00%, Running Acc: 63.75%
Validation progress: 5/156 batches (3.2%)
  - Elapsed: 2.2s, Estimated remaining: 54.8s
Validation: 10/156 batches (6.4%)
  - Batch Acc: 73.44%, Running Acc: 69.92%
Validation progress: 10/156 batches (6.4%)
  - Elapsed: 2.2s, Estimated remaining: 29.2s
Validation: 15/156 batches (9.6%)
  - Batch Acc: 26.56%, Running Acc: 66.04%
Validation progress: 15/156 batches (9.6%)
  - Elapsed: 2.2s, Estimated remaining: 19.6s
Validation: 20/156 batches (12.9%)
  - Batch Acc: 39.84%, Running Acc: 64.84%
Validation progress: 20/156 batches (12.8%)
  - Elapsed: 2.3s, Estimated remaining: 14.7s
Validation: 25/156 batches (16.1%)
  - Batch Acc: 85.16%, Running Acc: 67.31%
Validation progress: 25/156 batches (16.0%)
  - Elapsed: 2.3s, Estimated remaining: 11.6s
Validation: 30/156 batches (19.3%)
  - Batch Acc: 48.44%, Running Acc: 63.67%
Validation progress: 30/156 batches (19.2%)
  - Elapsed: 2.4s, Estimated remaining: 9.6s
Validation: 35/156 batches (22.5%)
  - Batch Acc: 100.00%, Running Acc: 65.78%
Validation progress: 35/156 batches (22.4%)
  - Elapsed: 2.4s, Estimated remaining: 8.0s
Validation: 40/156 batches (25.7%)
  - Batch Acc: 67.97%, Running Acc: 65.35%
Validation progress: 40/156 batches (25.6%)
  - Elapsed: 2.5s, Estimated remaining: 6.9s
Validation: 45/156 batches (28.9%)
  - Batch Acc: 75.78%, Running Acc: 66.08%
Validation progress: 45/156 batches (28.8%)
  - Elapsed: 2.5s, Estimated remaining: 6.0s
Validation: 50/156 batches (32.1%)
  - Batch Acc: 82.81%, Running Acc: 68.58%
Validation progress: 50/156 batches (32.1%)
  - Elapsed: 2.5s, Estimated remaining: 5.2s
Validation: 55/156 batches (35.3%)
  - Batch Acc: 6.25%, Running Acc: 66.96%
Validation progress: 55/156 batches (35.3%)
  - Elapsed: 2.6s, Estimated remaining: 4.6s
Validation: 60/156 batches (38.6%)
  - Batch Acc: 17.97%, Running Acc: 63.50%
Validation progress: 60/156 batches (38.5%)
  - Elapsed: 2.6s, Estimated remaining: 4.1s
Validation: 65/156 batches (41.8%)
  - Batch Acc: 48.44%, Running Acc: 62.48%
Validation progress: 65/156 batches (41.7%)
  - Elapsed: 2.7s, Estimated remaining: 3.6s
Validation: 70/156 batches (45.0%)
  - Batch Acc: 60.94%, Running Acc: 63.60%
Validation progress: 70/156 batches (44.9%)
  - Elapsed: 2.7s, Estimated remaining: 3.2s
Validation: 75/156 batches (48.2%)
  - Batch Acc: 89.84%, Running Acc: 63.82%
Validation progress: 75/156 batches (48.1%)
  - Elapsed: 2.7s, Estimated remaining: 2.9s
Validation: 80/156 batches (51.4%)
  - Batch Acc: 22.66%, Running Acc: 63.10%
Validation progress: 80/156 batches (51.3%)
  - Elapsed: 2.8s, Estimated remaining: 2.6s
Validation: 85/156 batches (54.6%)
  - Batch Acc: 35.16%, Running Acc: 60.53%
Validation progress: 85/156 batches (54.5%)
  - Elapsed: 2.8s, Estimated remaining: 2.3s
Validation: 90/156 batches (57.8%)
  - Batch Acc: 89.84%, Running Acc: 61.57%
Validation progress: 90/156 batches (57.7%)
  - Elapsed: 2.9s, Estimated remaining: 2.1s
Validation: 95/156 batches (61.1%)
  - Batch Acc: 70.31%, Running Acc: 62.46%
Validation progress: 95/156 batches (60.9%)
  - Elapsed: 2.9s, Estimated remaining: 1.8s
Validation: 100/156 batches (64.3%)
  - Batch Acc: 67.97%, Running Acc: 62.37%
Validation progress: 100/156 batches (64.1%)
  - Elapsed: 3.0s, Estimated remaining: 1.6s
Validation: 105/156 batches (67.5%)
  - Batch Acc: 41.41%, Running Acc: 61.18%
Validation progress: 105/156 batches (67.3%)
  - Elapsed: 3.0s, Estimated remaining: 1.4s
Validation: 110/156 batches (70.7%)
  - Batch Acc: 70.31%, Running Acc: 60.49%
Validation progress: 110/156 batches (70.5%)
  - Elapsed: 3.1s, Estimated remaining: 1.2s
Validation: 115/156 batches (73.9%)
  - Batch Acc: 100.00%, Running Acc: 60.75%
Validation progress: 115/156 batches (73.7%)
  - Elapsed: 3.1s, Estimated remaining: 1.1s
Validation: 120/156 batches (77.1%)
  - Batch Acc: 32.81%, Running Acc: 60.59%
Validation progress: 120/156 batches (76.9%)
  - Elapsed: 3.1s, Estimated remaining: 0.9s
Validation: 125/156 batches (80.3%)
  - Batch Acc: 98.44%, Running Acc: 61.29%
Validation progress: 125/156 batches (80.1%)
  - Elapsed: 3.2s, Estimated remaining: 0.8s
Validation: 130/156 batches (83.6%)
  - Batch Acc: 62.50%, Running Acc: 61.89%
Validation progress: 130/156 batches (83.3%)
  - Elapsed: 3.2s, Estimated remaining: 0.6s
Validation: 135/156 batches (86.8%)
  - Batch Acc: 85.94%, Running Acc: 62.05%
Validation progress: 135/156 batches (86.5%)
  - Elapsed: 3.3s, Estimated remaining: 0.5s
Validation: 140/156 batches (90.0%)
  - Batch Acc: 46.09%, Running Acc: 62.43%
Validation progress: 140/156 batches (89.7%)
  - Elapsed: 3.3s, Estimated remaining: 0.4s
Validation: 145/156 batches (93.2%)
  - Batch Acc: 75.00%, Running Acc: 62.25%
Validation progress: 145/156 batches (92.9%)
  - Elapsed: 3.4s, Estimated remaining: 0.2s
Validation: 150/156 batches (96.4%)
  - Batch Acc: 60.16%, Running Acc: 61.70%
Validation progress: 150/156 batches (96.2%)
  - Elapsed: 3.4s, Estimated remaining: 0.1s
Validation: 155/156 batches (99.6%)
  - Batch Acc: 45.31%, Running Acc: 62.08%
Validation progress: 155/156 batches (99.4%)
  - Elapsed: 3.4s, Estimated remaining: 0.0s
Validation: 156/156 batches (100.3%)
  - Batch Acc: 93.42%, Running Acc: 62.20%
Validation complete in 3.92s - Loss: 2.3196, Accuracy: 0.6220

==== Epoch 14/100 ====
Starting training phase...
Training on 79565 samples...
Training: 100/622 batches (16.1%)
  - Batch Acc: 100.00%, Running Acc: 98.98%
  - Loss: 0.0093, Grad Norm: 0.0232
  - Learning Rate: 0.000200
Training: 200/622 batches (32.2%)
  - Batch Acc: 96.88%, Running Acc: 98.97%
  - Loss: 0.0525, Grad Norm: 0.0636
  - Learning Rate: 0.000200
Training: 300/622 batches (48.3%)
  - Batch Acc: 98.44%, Running Acc: 98.98%
  - Loss: 0.0265, Grad Norm: 0.0255
  - Learning Rate: 0.000200
Training: 400/622 batches (64.3%)
  - Batch Acc: 97.66%, Running Acc: 98.95%
  - Loss: 0.0360, Grad Norm: 0.0646
  - Learning Rate: 0.000200
Training: 500/622 batches (80.4%)
  - Batch Acc: 100.00%, Running Acc: 98.97%
  - Loss: 0.0084, Grad Norm: 0.0239
  - Learning Rate: 0.000200
Training: 600/622 batches (96.5%)
  - Batch Acc: 97.66%, Running Acc: 98.97%
  - Loss: 0.0556, Grad Norm: 0.3049
  - Learning Rate: 0.000200
Training: 622/622 batches (100.0%)
  - Batch Acc: 100.00%, Running Acc: 98.97%
  - Loss: 0.0140, Grad Norm: 0.1441
  - Learning Rate: 0.000200

Training phase complete
Epoch Summary:
  - Average Loss: 0.0245
  - Average Accuracy: 98.97%
  - Average Grad Norm: 0.0470
  - Final Learning Rate: 0.000200
Starting validation phase...
Starting validation on 19916 samples...
Entering no_grad block for validation
Validation progress: 0/156 batches (0.0%)
  - Elapsed: 1.7s, Estimated remaining: 0.0s
Validation: 5/156 batches (3.2%)
  - Batch Acc: 98.44%, Running Acc: 65.47%
Validation progress: 5/156 batches (3.2%)
  - Elapsed: 1.8s, Estimated remaining: 44.0s
Validation: 10/156 batches (6.4%)
  - Batch Acc: 62.50%, Running Acc: 70.08%
Validation progress: 10/156 batches (6.4%)
  - Elapsed: 1.8s, Estimated remaining: 24.0s
Validation: 15/156 batches (9.6%)
  - Batch Acc: 28.12%, Running Acc: 67.40%
Validation progress: 15/156 batches (9.6%)
  - Elapsed: 1.8s, Estimated remaining: 16.1s
Validation: 20/156 batches (12.9%)
  - Batch Acc: 57.81%, Running Acc: 66.41%
Validation progress: 20/156 batches (12.8%)
  - Elapsed: 1.9s, Estimated remaining: 12.1s
Validation: 25/156 batches (16.1%)
  - Batch Acc: 78.91%, Running Acc: 66.84%
Validation progress: 25/156 batches (16.0%)
  - Elapsed: 1.9s, Estimated remaining: 9.6s
Validation: 30/156 batches (19.3%)
  - Batch Acc: 49.22%, Running Acc: 63.28%
Validation progress: 30/156 batches (19.2%)
  - Elapsed: 2.0s, Estimated remaining: 7.9s
Validation: 35/156 batches (22.5%)
  - Batch Acc: 100.00%, Running Acc: 64.71%
Validation progress: 35/156 batches (22.4%)
  - Elapsed: 2.0s, Estimated remaining: 6.7s
Validation: 40/156 batches (25.7%)
  - Batch Acc: 72.66%, Running Acc: 64.77%
Validation progress: 40/156 batches (25.6%)
  - Elapsed: 2.0s, Estimated remaining: 5.7s
Validation: 45/156 batches (28.9%)
  - Batch Acc: 72.66%, Running Acc: 66.11%
Validation progress: 45/156 batches (28.8%)
  - Elapsed: 2.1s, Estimated remaining: 5.0s
Validation: 50/156 batches (32.1%)
  - Batch Acc: 78.12%, Running Acc: 68.56%
Validation progress: 50/156 batches (32.1%)
  - Elapsed: 2.1s, Estimated remaining: 4.4s
Validation: 55/156 batches (35.3%)
  - Batch Acc: 6.25%, Running Acc: 67.02%
Validation progress: 55/156 batches (35.3%)
  - Elapsed: 2.2s, Estimated remaining: 3.9s
Validation: 60/156 batches (38.6%)
  - Batch Acc: 14.06%, Running Acc: 63.09%
Validation progress: 60/156 batches (38.5%)
  - Elapsed: 2.2s, Estimated remaining: 3.4s
Validation: 65/156 batches (41.8%)
  - Batch Acc: 34.38%, Running Acc: 61.62%
Validation progress: 65/156 batches (41.7%)
  - Elapsed: 2.2s, Estimated remaining: 3.1s
Validation: 70/156 batches (45.0%)
  - Batch Acc: 55.47%, Running Acc: 62.49%
Validation progress: 70/156 batches (44.9%)
  - Elapsed: 2.3s, Estimated remaining: 2.7s
Validation: 75/156 batches (48.2%)
  - Batch Acc: 90.62%, Running Acc: 62.40%
Validation progress: 75/156 batches (48.1%)
  - Elapsed: 2.3s, Estimated remaining: 2.4s
Validation: 80/156 batches (51.4%)
  - Batch Acc: 29.69%, Running Acc: 61.85%
Validation progress: 80/156 batches (51.3%)
  - Elapsed: 2.4s, Estimated remaining: 2.2s
Validation: 85/156 batches (54.6%)
  - Batch Acc: 34.38%, Running Acc: 59.41%
Validation progress: 85/156 batches (54.5%)
  - Elapsed: 2.4s, Estimated remaining: 2.0s
Validation: 90/156 batches (57.8%)
  - Batch Acc: 87.50%, Running Acc: 60.28%
Validation progress: 90/156 batches (57.7%)
  - Elapsed: 2.4s, Estimated remaining: 1.7s
Validation: 95/156 batches (61.1%)
  - Batch Acc: 72.66%, Running Acc: 61.41%
Validation progress: 95/156 batches (60.9%)
  - Elapsed: 2.5s, Estimated remaining: 1.6s
Validation: 100/156 batches (64.3%)
  - Batch Acc: 57.81%, Running Acc: 61.28%
Validation progress: 100/156 batches (64.1%)
  - Elapsed: 2.5s, Estimated remaining: 1.4s
Validation: 105/156 batches (67.5%)
  - Batch Acc: 50.78%, Running Acc: 60.38%
Validation progress: 105/156 batches (67.3%)
  - Elapsed: 2.6s, Estimated remaining: 1.2s
Validation: 110/156 batches (70.7%)
  - Batch Acc: 71.88%, Running Acc: 59.72%
Validation progress: 110/156 batches (70.5%)
  - Elapsed: 2.6s, Estimated remaining: 1.1s
Validation: 115/156 batches (73.9%)
  - Batch Acc: 98.44%, Running Acc: 60.13%
Validation progress: 115/156 batches (73.7%)
  - Elapsed: 2.6s, Estimated remaining: 0.9s
Validation: 120/156 batches (77.1%)
  - Batch Acc: 18.75%, Running Acc: 59.72%
Validation progress: 120/156 batches (76.9%)
  - Elapsed: 2.7s, Estimated remaining: 0.8s
Validation: 125/156 batches (80.3%)
  - Batch Acc: 94.53%, Running Acc: 60.30%
Validation progress: 125/156 batches (80.1%)
  - Elapsed: 2.7s, Estimated remaining: 0.6s
Validation: 130/156 batches (83.6%)
  - Batch Acc: 60.16%, Running Acc: 60.83%
Validation progress: 130/156 batches (83.3%)
  - Elapsed: 2.8s, Estimated remaining: 0.5s
Validation: 135/156 batches (86.8%)
  - Batch Acc: 92.97%, Running Acc: 61.01%
Validation progress: 135/156 batches (86.5%)
  - Elapsed: 2.8s, Estimated remaining: 0.4s
Validation: 140/156 batches (90.0%)
  - Batch Acc: 44.53%, Running Acc: 61.40%
Validation progress: 140/156 batches (89.7%)
  - Elapsed: 2.9s, Estimated remaining: 0.3s
Validation: 145/156 batches (93.2%)
  - Batch Acc: 79.69%, Running Acc: 61.38%
Validation progress: 145/156 batches (92.9%)
  - Elapsed: 2.9s, Estimated remaining: 0.2s
Validation: 150/156 batches (96.4%)
  - Batch Acc: 45.31%, Running Acc: 60.69%
Validation progress: 150/156 batches (96.2%)
  - Elapsed: 2.9s, Estimated remaining: 0.1s
Validation: 155/156 batches (99.6%)
  - Batch Acc: 33.59%, Running Acc: 60.99%
Validation progress: 155/156 batches (99.4%)
  - Elapsed: 3.0s, Estimated remaining: 0.0s
Validation: 156/156 batches (100.3%)
  - Batch Acc: 96.05%, Running Acc: 61.12%
Validation complete in 3.46s - Loss: 2.3834, Accuracy: 0.6112

==== Epoch 15/100 ====
Starting training phase...
Training on 79565 samples...
Training: 100/622 batches (16.1%)
  - Batch Acc: 98.44%, Running Acc: 99.04%
  - Loss: 0.0404, Grad Norm: 0.0573
  - Learning Rate: 0.000200
Training: 200/622 batches (32.2%)
  - Batch Acc: 99.22%, Running Acc: 99.02%
  - Loss: 0.0180, Grad Norm: 0.0356
  - Learning Rate: 0.000200
Training: 300/622 batches (48.3%)
  - Batch Acc: 100.00%, Running Acc: 99.04%
  - Loss: 0.0050, Grad Norm: 0.0185
  - Learning Rate: 0.000200
Training: 400/622 batches (64.3%)
  - Batch Acc: 98.44%, Running Acc: 98.99%
  - Loss: 0.0285, Grad Norm: 0.0436
  - Learning Rate: 0.000200
Training: 500/622 batches (80.4%)
  - Batch Acc: 99.22%, Running Acc: 98.98%
  - Loss: 0.0186, Grad Norm: 0.0359
  - Learning Rate: 0.000200
Training: 600/622 batches (96.5%)
  - Batch Acc: 98.44%, Running Acc: 98.97%
  - Loss: 0.0373, Grad Norm: 0.0473
  - Learning Rate: 0.000200
Training: 622/622 batches (100.0%)
  - Batch Acc: 98.70%, Running Acc: 98.97%
  - Loss: 0.0214, Grad Norm: 0.2679
  - Learning Rate: 0.000200

Training phase complete
Epoch Summary:
  - Average Loss: 0.0245
  - Average Accuracy: 98.97%
  - Average Grad Norm: 0.0491
  - Final Learning Rate: 0.000200
Starting validation phase...
Starting validation on 19916 samples...
Entering no_grad block for validation
Validation progress: 0/156 batches (0.0%)
  - Elapsed: 1.7s, Estimated remaining: 0.0s
Validation: 5/156 batches (3.2%)
  - Batch Acc: 95.31%, Running Acc: 63.91%
Validation progress: 5/156 batches (3.2%)
  - Elapsed: 1.7s, Estimated remaining: 43.7s
Validation: 10/156 batches (6.4%)
  - Batch Acc: 70.31%, Running Acc: 68.36%
Validation progress: 10/156 batches (6.4%)
  - Elapsed: 1.8s, Estimated remaining: 23.8s
Validation: 15/156 batches (9.6%)
  - Batch Acc: 30.47%, Running Acc: 65.73%
Validation progress: 15/156 batches (9.6%)
  - Elapsed: 1.8s, Estimated remaining: 16.0s
Validation: 20/156 batches (12.9%)
  - Batch Acc: 44.53%, Running Acc: 64.22%
Validation progress: 20/156 batches (12.8%)
  - Elapsed: 1.9s, Estimated remaining: 12.0s
Validation: 25/156 batches (16.1%)
  - Batch Acc: 74.22%, Running Acc: 65.62%
Validation progress: 25/156 batches (16.0%)
  - Elapsed: 1.9s, Estimated remaining: 9.5s
Validation: 30/156 batches (19.3%)
  - Batch Acc: 49.22%, Running Acc: 62.53%
Validation progress: 30/156 batches (19.2%)
  - Elapsed: 2.0s, Estimated remaining: 7.9s
Validation: 35/156 batches (22.5%)
  - Batch Acc: 100.00%, Running Acc: 64.51%
Validation progress: 35/156 batches (22.4%)
  - Elapsed: 2.0s, Estimated remaining: 6.6s
Validation: 40/156 batches (25.7%)
  - Batch Acc: 69.53%, Running Acc: 64.47%
Validation progress: 40/156 batches (25.6%)
  - Elapsed: 2.0s, Estimated remaining: 5.7s
Validation: 45/156 batches (28.9%)
  - Batch Acc: 78.12%, Running Acc: 65.80%
Validation progress: 45/156 batches (28.8%)
  - Elapsed: 2.1s, Estimated remaining: 5.0s
Validation: 50/156 batches (32.1%)
  - Batch Acc: 87.50%, Running Acc: 68.61%
Validation progress: 50/156 batches (32.1%)
  - Elapsed: 2.1s, Estimated remaining: 4.3s
Validation: 55/156 batches (35.3%)
  - Batch Acc: 6.25%, Running Acc: 67.20%
Validation progress: 55/156 batches (35.3%)
  - Elapsed: 2.2s, Estimated remaining: 3.8s
Validation: 60/156 batches (38.6%)
  - Batch Acc: 15.62%, Running Acc: 63.28%
Validation progress: 60/156 batches (38.5%)
  - Elapsed: 2.2s, Estimated remaining: 3.4s
Validation: 65/156 batches (41.8%)
  - Batch Acc: 47.66%, Running Acc: 62.28%
Validation progress: 65/156 batches (41.7%)
  - Elapsed: 2.2s, Estimated remaining: 3.0s
Validation: 70/156 batches (45.0%)
  - Batch Acc: 58.59%, Running Acc: 63.48%
Validation progress: 70/156 batches (44.9%)
  - Elapsed: 2.3s, Estimated remaining: 2.7s
Validation: 75/156 batches (48.2%)
  - Batch Acc: 90.62%, Running Acc: 63.41%
Validation progress: 75/156 batches (48.1%)
  - Elapsed: 2.3s, Estimated remaining: 2.4s
Validation: 80/156 batches (51.4%)
  - Batch Acc: 25.78%, Running Acc: 62.70%
Validation progress: 80/156 batches (51.3%)
  - Elapsed: 2.4s, Estimated remaining: 2.2s
Validation: 85/156 batches (54.6%)
  - Batch Acc: 33.59%, Running Acc: 60.15%
Validation progress: 85/156 batches (54.5%)
  - Elapsed: 2.4s, Estimated remaining: 2.0s
Validation: 90/156 batches (57.8%)
  - Batch Acc: 86.72%, Running Acc: 61.28%
Validation progress: 90/156 batches (57.7%)
  - Elapsed: 2.4s, Estimated remaining: 1.7s
Validation: 95/156 batches (61.1%)
  - Batch Acc: 64.84%, Running Acc: 62.14%
Validation progress: 95/156 batches (60.9%)
  - Elapsed: 2.5s, Estimated remaining: 1.5s
Validation: 100/156 batches (64.3%)
  - Batch Acc: 58.59%, Running Acc: 61.98%
Validation progress: 100/156 batches (64.1%)
  - Elapsed: 2.5s, Estimated remaining: 1.4s
Validation: 105/156 batches (67.5%)
  - Batch Acc: 44.53%, Running Acc: 60.89%
Validation progress: 105/156 batches (67.3%)
  - Elapsed: 2.6s, Estimated remaining: 1.2s
Validation: 110/156 batches (70.7%)
  - Batch Acc: 64.84%, Running Acc: 60.04%
Validation progress: 110/156 batches (70.5%)
  - Elapsed: 2.6s, Estimated remaining: 1.1s
Validation: 115/156 batches (73.9%)
  - Batch Acc: 92.19%, Running Acc: 60.48%
Validation progress: 115/156 batches (73.7%)
  - Elapsed: 2.6s, Estimated remaining: 0.9s
Validation: 120/156 batches (77.1%)
  - Batch Acc: 17.19%, Running Acc: 60.14%
Validation progress: 120/156 batches (76.9%)
  - Elapsed: 2.7s, Estimated remaining: 0.8s
Validation: 125/156 batches (80.3%)
  - Batch Acc: 96.88%, Running Acc: 60.92%
Validation progress: 125/156 batches (80.1%)
  - Elapsed: 2.7s, Estimated remaining: 0.7s
Validation: 130/156 batches (83.6%)
  - Batch Acc: 61.72%, Running Acc: 61.54%
Validation progress: 130/156 batches (83.3%)
  - Elapsed: 2.8s, Estimated remaining: 0.5s
Validation: 135/156 batches (86.8%)
  - Batch Acc: 95.31%, Running Acc: 61.79%
Validation progress: 135/156 batches (86.5%)
  - Elapsed: 2.8s, Estimated remaining: 0.4s
Validation: 140/156 batches (90.0%)
  - Batch Acc: 44.53%, Running Acc: 62.23%
Validation progress: 140/156 batches (89.7%)
  - Elapsed: 2.9s, Estimated remaining: 0.3s
Validation: 145/156 batches (93.2%)
  - Batch Acc: 79.69%, Running Acc: 62.22%
Validation progress: 145/156 batches (92.9%)
  - Elapsed: 2.9s, Estimated remaining: 0.2s
Validation: 150/156 batches (96.4%)
  - Batch Acc: 57.03%, Running Acc: 61.67%
Validation progress: 150/156 batches (96.2%)
  - Elapsed: 2.9s, Estimated remaining: 0.1s
Validation: 155/156 batches (99.6%)
  - Batch Acc: 41.41%, Running Acc: 62.00%
Validation progress: 155/156 batches (99.4%)
  - Elapsed: 3.0s, Estimated remaining: 0.0s
Validation: 156/156 batches (100.3%)
  - Batch Acc: 94.74%, Running Acc: 62.13%
Validation complete in 3.40s - Loss: 2.4317, Accuracy: 0.6213

==== Epoch 16/100 ====
Starting training phase...
Training on 79565 samples...
Training: 100/622 batches (16.1%)
  - Batch Acc: 99.22%, Running Acc: 98.93%
  - Loss: 0.0117, Grad Norm: 0.0200
  - Learning Rate: 0.000200
Training: 200/622 batches (32.2%)
  - Batch Acc: 98.44%, Running Acc: 98.93%
  - Loss: 0.0320, Grad Norm: 0.0314
  - Learning Rate: 0.000200
Training: 300/622 batches (48.3%)
  - Batch Acc: 100.00%, Running Acc: 98.93%
  - Loss: 0.0064, Grad Norm: 0.0197
  - Learning Rate: 0.000200
Training: 400/622 batches (64.3%)
  - Batch Acc: 100.00%, Running Acc: 98.95%
  - Loss: 0.0054, Grad Norm: 0.0191
  - Learning Rate: 0.000200
Training: 500/622 batches (80.4%)
  - Batch Acc: 97.66%, Running Acc: 98.95%
  - Loss: 0.0384, Grad Norm: 0.0430
  - Learning Rate: 0.000200
Training: 600/622 batches (96.5%)
  - Batch Acc: 99.22%, Running Acc: 98.95%
  - Loss: 0.0234, Grad Norm: 0.1270
  - Learning Rate: 0.000200
Training: 622/622 batches (100.0%)
  - Batch Acc: 100.00%, Running Acc: 98.96%
  - Loss: 0.0073, Grad Norm: 0.0744
  - Learning Rate: 0.000200

Training phase complete
Epoch Summary:
  - Average Loss: 0.0246
  - Average Accuracy: 98.96%
  - Average Grad Norm: 0.0494
  - Final Learning Rate: 0.000200
Starting validation phase...
Starting validation on 19916 samples...
Entering no_grad block for validation
Validation progress: 0/156 batches (0.0%)
  - Elapsed: 2.1s, Estimated remaining: 0.0s
Validation: 5/156 batches (3.2%)
  - Batch Acc: 100.00%, Running Acc: 69.06%
Validation progress: 5/156 batches (3.2%)
  - Elapsed: 2.2s, Estimated remaining: 54.5s
Validation: 10/156 batches (6.4%)
  - Batch Acc: 61.72%, Running Acc: 70.94%
Validation progress: 10/156 batches (6.4%)
  - Elapsed: 2.2s, Estimated remaining: 29.3s
Validation: 15/156 batches (9.6%)
  - Batch Acc: 30.47%, Running Acc: 67.08%
Validation progress: 15/156 batches (9.6%)
  - Elapsed: 2.3s, Estimated remaining: 19.8s
Validation: 20/156 batches (12.9%)
  - Batch Acc: 63.28%, Running Acc: 65.82%
Validation progress: 20/156 batches (12.8%)
  - Elapsed: 2.3s, Estimated remaining: 14.9s
Validation: 25/156 batches (16.1%)
  - Batch Acc: 69.53%, Running Acc: 66.75%
Validation progress: 25/156 batches (16.0%)
  - Elapsed: 2.3s, Estimated remaining: 11.7s
Validation: 30/156 batches (19.3%)
  - Batch Acc: 56.25%, Running Acc: 63.62%
Validation progress: 30/156 batches (19.2%)
  - Elapsed: 2.4s, Estimated remaining: 9.6s
Validation: 35/156 batches (22.5%)
  - Batch Acc: 100.00%, Running Acc: 65.18%
Validation progress: 35/156 batches (22.4%)
  - Elapsed: 2.4s, Estimated remaining: 8.1s
Validation: 40/156 batches (25.7%)
  - Batch Acc: 74.22%, Running Acc: 65.68%
Validation progress: 40/156 batches (25.6%)
  - Elapsed: 2.5s, Estimated remaining: 6.9s
Validation: 45/156 batches (28.9%)
  - Batch Acc: 76.56%, Running Acc: 67.27%
Validation progress: 45/156 batches (28.8%)
  - Elapsed: 2.5s, Estimated remaining: 6.0s
Validation: 50/156 batches (32.1%)
  - Batch Acc: 82.81%, Running Acc: 69.55%
Validation progress: 50/156 batches (32.1%)
  - Elapsed: 2.6s, Estimated remaining: 5.3s
Validation: 55/156 batches (35.3%)
  - Batch Acc: 6.25%, Running Acc: 68.42%
Validation progress: 55/156 batches (35.3%)
  - Elapsed: 2.6s, Estimated remaining: 4.6s
Validation: 60/156 batches (38.6%)
  - Batch Acc: 7.81%, Running Acc: 64.28%
Validation progress: 60/156 batches (38.5%)
  - Elapsed: 2.7s, Estimated remaining: 4.1s
Validation: 65/156 batches (41.8%)
  - Batch Acc: 33.59%, Running Acc: 62.21%
Validation progress: 65/156 batches (41.7%)
  - Elapsed: 2.7s, Estimated remaining: 3.7s
Validation: 70/156 batches (45.0%)
  - Batch Acc: 47.66%, Running Acc: 62.75%
Validation progress: 70/156 batches (44.9%)
  - Elapsed: 2.7s, Estimated remaining: 3.3s
Validation: 75/156 batches (48.2%)
  - Batch Acc: 85.94%, Running Acc: 62.53%
Validation progress: 75/156 batches (48.1%)
  - Elapsed: 2.8s, Estimated remaining: 2.9s
Validation: 80/156 batches (51.4%)
  - Batch Acc: 39.84%, Running Acc: 62.04%
Validation progress: 80/156 batches (51.3%)
  - Elapsed: 2.8s, Estimated remaining: 2.6s
Validation: 85/156 batches (54.6%)
  - Batch Acc: 34.38%, Running Acc: 59.73%
Validation progress: 85/156 batches (54.5%)
  - Elapsed: 2.9s, Estimated remaining: 2.3s
Validation: 90/156 batches (57.8%)
  - Batch Acc: 91.41%, Running Acc: 60.85%
Validation progress: 90/156 batches (57.7%)
  - Elapsed: 2.9s, Estimated remaining: 2.1s
Validation: 95/156 batches (61.1%)
  - Batch Acc: 61.72%, Running Acc: 61.94%
Validation progress: 95/156 batches (60.9%)
  - Elapsed: 3.0s, Estimated remaining: 1.8s
Validation: 100/156 batches (64.3%)
  - Batch Acc: 58.59%, Running Acc: 61.82%
Validation progress: 100/156 batches (64.1%)
  - Elapsed: 3.0s, Estimated remaining: 1.6s
Validation: 105/156 batches (67.5%)
  - Batch Acc: 49.22%, Running Acc: 61.00%
Validation progress: 105/156 batches (67.3%)
  - Elapsed: 3.0s, Estimated remaining: 1.4s
Validation: 110/156 batches (70.7%)
  - Batch Acc: 57.03%, Running Acc: 59.99%
Validation progress: 110/156 batches (70.5%)
  - Elapsed: 3.1s, Estimated remaining: 1.2s
Validation: 115/156 batches (73.9%)
  - Batch Acc: 93.75%, Running Acc: 60.31%
Validation progress: 115/156 batches (73.7%)
  - Elapsed: 3.1s, Estimated remaining: 1.1s
Validation: 120/156 batches (77.1%)
  - Batch Acc: 27.34%, Running Acc: 59.93%
Validation progress: 120/156 batches (76.9%)
  - Elapsed: 3.2s, Estimated remaining: 0.9s
Validation: 125/156 batches (80.3%)
  - Batch Acc: 97.66%, Running Acc: 60.48%
Validation progress: 125/156 batches (80.1%)
  - Elapsed: 3.2s, Estimated remaining: 0.8s
Validation: 130/156 batches (83.6%)
  - Batch Acc: 62.50%, Running Acc: 60.86%
Validation progress: 130/156 batches (83.3%)
  - Elapsed: 3.3s, Estimated remaining: 0.6s
Validation: 135/156 batches (86.8%)
  - Batch Acc: 100.00%, Running Acc: 61.13%
Validation progress: 135/156 batches (86.5%)
  - Elapsed: 3.3s, Estimated remaining: 0.5s
Validation: 140/156 batches (90.0%)
  - Batch Acc: 41.41%, Running Acc: 61.55%
Validation progress: 140/156 batches (89.7%)
  - Elapsed: 3.3s, Estimated remaining: 0.4s
Validation: 145/156 batches (93.2%)
  - Batch Acc: 85.94%, Running Acc: 61.69%
Validation progress: 145/156 batches (92.9%)
  - Elapsed: 3.4s, Estimated remaining: 0.2s
Validation: 150/156 batches (96.4%)
  - Batch Acc: 46.88%, Running Acc: 60.99%
Validation progress: 150/156 batches (96.2%)
  - Elapsed: 3.4s, Estimated remaining: 0.1s
Validation: 155/156 batches (99.6%)
  - Batch Acc: 41.41%, Running Acc: 61.28%
Validation progress: 155/156 batches (99.4%)
  - Elapsed: 3.5s, Estimated remaining: 0.0s
Validation: 156/156 batches (100.3%)
  - Batch Acc: 68.42%, Running Acc: 61.30%
Validation complete in 3.96s - Loss: 2.5415, Accuracy: 0.6130

==== Epoch 17/100 ====
Starting training phase...
Training on 79565 samples...
Training: 100/622 batches (16.1%)
  - Batch Acc: 97.66%, Running Acc: 98.95%
  - Loss: 0.0437, Grad Norm: 0.0435
  - Learning Rate: 0.000200
Training: 200/622 batches (32.2%)
  - Batch Acc: 98.44%, Running Acc: 98.98%
  - Loss: 0.0273, Grad Norm: 0.0425
  - Learning Rate: 0.000200
Training: 300/622 batches (48.3%)
  - Batch Acc: 100.00%, Running Acc: 98.96%
  - Loss: 0.0128, Grad Norm: 0.1140
  - Learning Rate: 0.000200
Training: 400/622 batches (64.3%)
  - Batch Acc: 98.44%, Running Acc: 98.92%
  - Loss: 0.0242, Grad Norm: 0.0432
  - Learning Rate: 0.000200
Training: 500/622 batches (80.4%)
  - Batch Acc: 97.66%, Running Acc: 98.92%
  - Loss: 0.0423, Grad Norm: 0.0449
  - Learning Rate: 0.000200
Training: 600/622 batches (96.5%)
  - Batch Acc: 98.44%, Running Acc: 98.94%
  - Loss: 0.0325, Grad Norm: 0.0297
  - Learning Rate: 0.000200
Training: 622/622 batches (100.0%)
  - Batch Acc: 100.00%, Running Acc: 98.95%
  - Loss: 0.0094, Grad Norm: 0.0219
  - Learning Rate: 0.000200

Training phase complete
Epoch Summary:
  - Average Loss: 0.0248
  - Average Accuracy: 98.95%
  - Average Grad Norm: 0.0532
  - Final Learning Rate: 0.000200
Starting validation phase...
Starting validation on 19916 samples...
Entering no_grad block for validation
Validation progress: 0/156 batches (0.0%)
  - Elapsed: 2.1s, Estimated remaining: 0.0s
Validation: 5/156 batches (3.2%)
  - Batch Acc: 96.88%, Running Acc: 67.97%
Validation progress: 5/156 batches (3.2%)
  - Elapsed: 2.2s, Estimated remaining: 54.8s
Validation: 10/156 batches (6.4%)
  - Batch Acc: 61.72%, Running Acc: 70.23%
Validation progress: 10/156 batches (6.4%)
  - Elapsed: 2.2s, Estimated remaining: 29.6s
Validation: 15/156 batches (9.6%)
  - Batch Acc: 32.03%, Running Acc: 65.83%
Validation progress: 15/156 batches (9.6%)
  - Elapsed: 2.3s, Estimated remaining: 20.0s
Validation: 20/156 batches (12.9%)
  - Batch Acc: 48.44%, Running Acc: 64.14%
Validation progress: 20/156 batches (12.8%)
  - Elapsed: 2.3s, Estimated remaining: 15.0s
Validation: 25/156 batches (16.1%)
  - Batch Acc: 73.44%, Running Acc: 65.62%
Validation progress: 25/156 batches (16.0%)
  - Elapsed: 2.4s, Estimated remaining: 11.9s
Validation: 30/156 batches (19.3%)
  - Batch Acc: 51.56%, Running Acc: 62.40%
Validation progress: 30/156 batches (19.2%)
  - Elapsed: 2.4s, Estimated remaining: 9.7s
Validation: 35/156 batches (22.5%)
  - Batch Acc: 100.00%, Running Acc: 65.25%
Validation progress: 35/156 batches (22.4%)
  - Elapsed: 2.5s, Estimated remaining: 8.2s
Validation: 40/156 batches (25.7%)
  - Batch Acc: 70.31%, Running Acc: 65.02%
Validation progress: 40/156 batches (25.6%)
  - Elapsed: 2.5s, Estimated remaining: 7.0s
Validation: 45/156 batches (28.9%)
  - Batch Acc: 78.91%, Running Acc: 66.27%
Validation progress: 45/156 batches (28.8%)
  - Elapsed: 2.5s, Estimated remaining: 6.1s
Validation: 50/156 batches (32.1%)
  - Batch Acc: 85.16%, Running Acc: 69.02%
Validation progress: 50/156 batches (32.1%)
  - Elapsed: 2.6s, Estimated remaining: 5.3s
Validation: 55/156 batches (35.3%)
  - Batch Acc: 6.25%, Running Acc: 67.49%
Validation progress: 55/156 batches (35.3%)
  - Elapsed: 2.6s, Estimated remaining: 4.7s
Validation: 60/156 batches (38.6%)
  - Batch Acc: 11.72%, Running Acc: 63.42%
Validation progress: 60/156 batches (38.5%)
  - Elapsed: 2.7s, Estimated remaining: 4.2s
Validation: 65/156 batches (41.8%)
  - Batch Acc: 35.94%, Running Acc: 61.59%
Validation progress: 65/156 batches (41.7%)
  - Elapsed: 2.7s, Estimated remaining: 3.7s
Validation: 70/156 batches (45.0%)
  - Batch Acc: 56.25%, Running Acc: 62.71%
Validation progress: 70/156 batches (44.9%)
  - Elapsed: 2.8s, Estimated remaining: 3.3s
Validation: 75/156 batches (48.2%)
  - Batch Acc: 86.72%, Running Acc: 62.68%
Validation progress: 75/156 batches (48.1%)
  - Elapsed: 2.8s, Estimated remaining: 3.0s
Validation: 80/156 batches (51.4%)
  - Batch Acc: 25.78%, Running Acc: 61.89%
Validation progress: 80/156 batches (51.3%)
  - Elapsed: 2.8s, Estimated remaining: 2.6s
Validation: 85/156 batches (54.6%)
  - Batch Acc: 37.50%, Running Acc: 59.45%
Validation progress: 85/156 batches (54.5%)
  - Elapsed: 2.9s, Estimated remaining: 2.4s
Validation: 90/156 batches (57.8%)
  - Batch Acc: 87.50%, Running Acc: 60.54%
Validation progress: 90/156 batches (57.7%)
  - Elapsed: 2.9s, Estimated remaining: 2.1s
Validation: 95/156 batches (61.1%)
  - Batch Acc: 59.38%, Running Acc: 61.51%
Validation progress: 95/156 batches (60.9%)
  - Elapsed: 3.0s, Estimated remaining: 1.9s
Validation: 100/156 batches (64.3%)
  - Batch Acc: 57.81%, Running Acc: 61.42%
Validation progress: 100/156 batches (64.1%)
  - Elapsed: 3.0s, Estimated remaining: 1.6s
Validation: 105/156 batches (67.5%)
  - Batch Acc: 44.53%, Running Acc: 60.36%
Validation progress: 105/156 batches (67.3%)
  - Elapsed: 3.1s, Estimated remaining: 1.4s
Validation: 110/156 batches (70.7%)
  - Batch Acc: 57.81%, Running Acc: 59.45%
Validation progress: 110/156 batches (70.5%)
  - Elapsed: 3.1s, Estimated remaining: 1.3s
Validation: 115/156 batches (73.9%)
  - Batch Acc: 97.66%, Running Acc: 59.89%
Validation progress: 115/156 batches (73.7%)
  - Elapsed: 3.2s, Estimated remaining: 1.1s
Validation: 120/156 batches (77.1%)
  - Batch Acc: 21.09%, Running Acc: 59.52%
Validation progress: 120/156 batches (76.9%)
  - Elapsed: 3.2s, Estimated remaining: 0.9s
Validation: 125/156 batches (80.3%)
  - Batch Acc: 96.09%, Running Acc: 60.20%
Validation progress: 125/156 batches (80.1%)
  - Elapsed: 3.2s, Estimated remaining: 0.8s
Validation: 130/156 batches (83.6%)
  - Batch Acc: 69.53%, Running Acc: 60.71%
Validation progress: 130/156 batches (83.3%)
  - Elapsed: 3.3s, Estimated remaining: 0.6s
Validation: 135/156 batches (86.8%)
  - Batch Acc: 93.75%, Running Acc: 60.99%
Validation progress: 135/156 batches (86.5%)
  - Elapsed: 3.3s, Estimated remaining: 0.5s
Validation: 140/156 batches (90.0%)
  - Batch Acc: 44.53%, Running Acc: 61.41%
Validation progress: 140/156 batches (89.7%)
  - Elapsed: 3.4s, Estimated remaining: 0.4s
Validation: 145/156 batches (93.2%)
  - Batch Acc: 89.06%, Running Acc: 61.56%
Validation progress: 145/156 batches (92.9%)
  - Elapsed: 3.4s, Estimated remaining: 0.2s
Validation: 150/156 batches (96.4%)
  - Batch Acc: 53.91%, Running Acc: 60.87%
Validation progress: 150/156 batches (96.2%)
  - Elapsed: 3.5s, Estimated remaining: 0.1s
Validation: 155/156 batches (99.6%)
  - Batch Acc: 50.00%, Running Acc: 61.26%
Validation progress: 155/156 batches (99.4%)
  - Elapsed: 3.5s, Estimated remaining: 0.0s
Validation: 156/156 batches (100.3%)
  - Batch Acc: 97.37%, Running Acc: 61.39%
Validation complete in 3.93s - Loss: 2.5825, Accuracy: 0.6139

==== Epoch 18/100 ====
Starting training phase...
Training on 79565 samples...
Training: 100/622 batches (16.1%)
  - Batch Acc: 97.66%, Running Acc: 99.00%
  - Loss: 0.0367, Grad Norm: 0.0385
  - Learning Rate: 0.000200
Training: 200/622 batches (32.2%)
  - Batch Acc: 99.22%, Running Acc: 98.99%
  - Loss: 0.0239, Grad Norm: 0.0357
  - Learning Rate: 0.000200
Training: 300/622 batches (48.3%)
  - Batch Acc: 98.44%, Running Acc: 98.95%
  - Loss: 0.0274, Grad Norm: 0.0429
  - Learning Rate: 0.000200
Training: 400/622 batches (64.3%)
  - Batch Acc: 99.22%, Running Acc: 98.96%
  - Loss: 0.0191, Grad Norm: 0.0308
  - Learning Rate: 0.000200
Training: 500/622 batches (80.4%)
  - Batch Acc: 98.44%, Running Acc: 98.98%
  - Loss: 0.0343, Grad Norm: 0.0492
  - Learning Rate: 0.000200
Training: 600/622 batches (96.5%)
  - Batch Acc: 99.22%, Running Acc: 98.97%
  - Loss: 0.0257, Grad Norm: 0.0295
  - Learning Rate: 0.000200
Training: 622/622 batches (100.0%)
  - Batch Acc: 98.70%, Running Acc: 98.96%
  - Loss: 0.0276, Grad Norm: 0.0290
  - Learning Rate: 0.000200

Training phase complete
Epoch Summary:
  - Average Loss: 0.0244
  - Average Accuracy: 98.96%
  - Average Grad Norm: 0.0483
  - Final Learning Rate: 0.000200
Starting validation phase...
Starting validation on 19916 samples...
Entering no_grad block for validation
