2025-04-15 01:11:53,904 - __main__ - INFO - Using device: cuda
2025-04-15 01:11:53,904 - __main__ - INFO - Loading data...
2025-04-15 01:11:53,920 - root - INFO - Loaded phenotypic data for 1112 subjects from /home/pl217/connecto-hopfield/Phenotypic_V1_0b_preprocessed1.csv
2025-04-15 01:11:53,921 - root - INFO - Filtered by site: 539 subjects remaining from included sites.
2025-04-15 01:11:53,922 - root - INFO - Filtered by valid FILE_ID: 519 subjects remaining.
2025-04-15 01:11:53,923 - root - INFO - Filtered by valid DX_GROUP (1 or 2): 519 subjects remaining.
2025-04-15 01:12:03,904 - root - INFO - Successfully processed 519 subjects, failed to process 0 subjects.
2025-04-15 01:12:04,618 - root - INFO - Total windows created: 91053
2025-04-15 01:12:04,618 - root - INFO - Window shape: (30, 200)
2025-04-15 01:12:04,619 - root - INFO - Unique DX_GROUP labels found: [1 2]
2025-04-15 01:12:04,622 - root - INFO - LabelEncoder mapping:
2025-04-15 01:12:04,623 - root - INFO -   Original DX_GROUP 1 -> Encoded 0
2025-04-15 01:12:04,623 - root - INFO -   Original DX_GROUP 2 -> Encoded 1
2025-04-15 01:12:04,627 - root - INFO - LabelEncoder saved to /home/pl217/connecto-hopfield/results/label_encoder.pkl
2025-04-15 01:12:04,748 - root - INFO - Computing connectivity matrices for 91053 subjects...
2025-04-15 01:12:05,460 - root - WARNING - Subject 1328 has regions with zero variance (indices: [51 79]). Setting correlations for these regions to 0.
2025-04-15 01:12:05,479 - root - WARNING - Subject 1329 has regions with zero variance (indices: [51 79]). Setting correlations for these regions to 0.
2025-04-15 01:12:05,497 - root - WARNING - Subject 1330 has regions with zero variance (indices: [51 79]). Setting correlations for these regions to 0.
2025-04-15 01:12:05,516 - root - WARNING - Subject 1331 has regions with zero variance (indices: [51 79]). Setting correlations for these regions to 0.
2025-04-15 01:12:05,534 - root - WARNING - Subject 1332 has regions with zero variance (indices: [51 79]). Setting correlations for these regions to 0.
2025-04-15 01:12:05,553 - root - WARNING - Subject 1333 has regions with zero variance (indices: [51 79]). Setting correlations for these regions to 0.
2025-04-15 01:12:05,571 - root - WARNING - Subject 1334 has regions with zero variance (indices: [51 79]). Setting correlations for these regions to 0.
2025-04-15 01:12:05,589 - root - WARNING - Subject 1335 has regions with zero variance (indices: [51 79]). Setting correlations for these regions to 0.
2025-04-15 01:12:05,608 - root - WARNING - Subject 1336 has regions with zero variance (indices: [51 79]). Setting correlations for these regions to 0.
2025-04-15 01:12:05,626 - root - WARNING - Subject 1337 has regions with zero variance (indices: [51 79]). Setting correlations for these regions to 0.
2025-04-15 01:12:05,644 - root - WARNING - Subject 1338 has regions with zero variance (indices: [51 79]). Setting correlations for these regions to 0.
2025-04-15 01:12:05,662 - root - WARNING - Subject 1339 has regions with zero variance (indices: [51 79]). Setting correlations for these regions to 0.
2025-04-15 01:12:05,681 - root - WARNING - Subject 1340 has regions with zero variance (indices: [51 79]). Setting correlations for these regions to 0.
2025-04-15 01:12:05,699 - root - WARNING - Subject 1341 has regions with zero variance (indices: [51 79]). Setting correlations for these regions to 0.
2025-04-15 01:12:05,718 - root - WARNING - Subject 1342 has regions with zero variance (indices: [51 79]). Setting correlations for these regions to 0.
2025-04-15 01:12:05,736 - root - WARNING - Subject 1343 has regions with zero variance (indices: [51 79]). Setting correlations for these regions to 0.
2025-04-15 01:12:05,755 - root - WARNING - Subject 1344 has regions with zero variance (indices: [51 79]). Setting correlations for these regions to 0.
2025-04-15 01:12:05,773 - root - WARNING - Subject 1345 has regions with zero variance (indices: [51 79]). Setting correlations for these regions to 0.
2025-04-15 01:12:05,791 - root - WARNING - Subject 1346 has regions with zero variance (indices: [51 79]). Setting correlations for these regions to 0.
2025-04-15 01:12:05,810 - root - WARNING - Subject 1347 has regions with zero variance (indices: [51 79]). Setting correlations for these regions to 0.
2025-04-15 01:12:05,828 - root - WARNING - Subject 1348 has regions with zero variance (indices: [51 79]). Setting correlations for these regions to 0.
2025-04-15 01:12:05,846 - root - WARNING - Subject 1349 has regions with zero variance (indices: [51 79]). Setting correlations for these regions to 0.
2025-04-15 01:12:05,865 - root - WARNING - Subject 1350 has regions with zero variance (indices: [51 79]). Setting correlations for these regions to 0.
2025-04-15 01:12:05,883 - root - WARNING - Subject 1351 has regions with zero variance (indices: [51 79]). Setting correlations for these regions to 0.
2025-04-15 01:12:05,901 - root - WARNING - Subject 1352 has regions with zero variance (indices: [51 79]). Setting correlations for these regions to 0.
2025-04-15 01:12:05,920 - root - WARNING - Subject 1353 has regions with zero variance (indices: [51 79]). Setting correlations for these regions to 0.
2025-04-15 01:12:05,939 - root - WARNING - Subject 1354 has regions with zero variance (indices: [51 79]). Setting correlations for these regions to 0.
2025-04-15 01:12:05,957 - root - WARNING - Subject 1355 has regions with zero variance (indices: [51 79]). Setting correlations for these regions to 0.
2025-04-15 01:12:05,975 - root - WARNING - Subject 1356 has regions with zero variance (indices: [51 79]). Setting correlations for these regions to 0.
2025-04-15 01:12:05,993 - root - WARNING - Subject 1357 has regions with zero variance (indices: [51 79]). Setting correlations for these regions to 0.
2025-04-15 01:12:06,011 - root - WARNING - Subject 1358 has regions with zero variance (indices: [51 79]). Setting correlations for these regions to 0.
2025-04-15 01:12:06,030 - root - WARNING - Subject 1359 has regions with zero variance (indices: [51 79]). Setting correlations for these regions to 0.
2025-04-15 01:12:06,048 - root - WARNING - Subject 1360 has regions with zero variance (indices: [51 79]). Setting correlations for these regions to 0.
2025-04-15 01:12:06,066 - root - WARNING - Subject 1361 has regions with zero variance (indices: [51 79]). Setting correlations for these regions to 0.
2025-04-15 01:12:06,084 - root - WARNING - Subject 1362 has regions with zero variance (indices: [51 79]). Setting correlations for these regions to 0.
2025-04-15 01:12:06,103 - root - WARNING - Subject 1363 has regions with zero variance (indices: [51 79]). Setting correlations for these regions to 0.
2025-04-15 01:12:06,121 - root - WARNING - Subject 1364 has regions with zero variance (indices: [51 79]). Setting correlations for these regions to 0.
2025-04-15 01:12:06,139 - root - WARNING - Subject 1365 has regions with zero variance (indices: [51 79]). Setting correlations for these regions to 0.
2025-04-15 01:12:06,157 - root - WARNING - Subject 1366 has regions with zero variance (indices: [51 79]). Setting correlations for these regions to 0.
2025-04-15 01:12:06,176 - root - WARNING - Subject 1367 has regions with zero variance (indices: [51 79]). Setting correlations for these regions to 0.
2025-04-15 01:12:06,194 - root - WARNING - Subject 1368 has regions with zero variance (indices: [51 79]). Setting correlations for these regions to 0.
2025-04-15 01:12:06,213 - root - WARNING - Subject 1369 has regions with zero variance (indices: [51 79]). Setting correlations for these regions to 0.
2025-04-15 01:12:06,231 - root - WARNING - Subject 1370 has regions with zero variance (indices: [51 79]). Setting correlations for these regions to 0.
2025-04-15 01:12:06,250 - root - WARNING - Subject 1371 has regions with zero variance (indices: [51 79]). Setting correlations for these regions to 0.
2025-04-15 01:12:06,268 - root - WARNING - Subject 1372 has regions with zero variance (indices: [51 79]). Setting correlations for these regions to 0.
2025-04-15 01:12:06,286 - root - WARNING - Subject 1373 has regions with zero variance (indices: [51 79]). Setting correlations for these regions to 0.
2025-04-15 01:12:06,305 - root - WARNING - Subject 1374 has regions with zero variance (indices: [51 79]). Setting correlations for these regions to 0.
2025-04-15 01:12:06,323 - root - WARNING - Subject 1375 has regions with zero variance (indices: [51 79]). Setting correlations for these regions to 0.
2025-04-15 01:12:06,342 - root - WARNING - Subject 1376 has regions with zero variance (indices: [51 79]). Setting correlations for these regions to 0.
2025-04-15 01:12:06,360 - root - WARNING - Subject 1377 has regions with zero variance (indices: [51 79]). Setting correlations for these regions to 0.
2025-04-15 01:12:06,379 - root - WARNING - Subject 1378 has regions with zero variance (indices: [51 79]). Setting correlations for these regions to 0.
2025-04-15 01:12:06,397 - root - WARNING - Subject 1379 has regions with zero variance (indices: [51 79]). Setting correlations for these regions to 0.
2025-04-15 01:12:06,416 - root - WARNING - Subject 1380 has regions with zero variance (indices: [51 79]). Setting correlations for these regions to 0.
2025-04-15 01:12:06,435 - root - WARNING - Subject 1381 has regions with zero variance (indices: [51 79]). Setting correlations for these regions to 0.
2025-04-15 01:12:06,453 - root - WARNING - Subject 1382 has regions with zero variance (indices: [51 79]). Setting correlations for these regions to 0.
2025-04-15 01:12:06,471 - root - WARNING - Subject 1383 has regions with zero variance (indices: [51 79]). Setting correlations for these regions to 0.
2025-04-15 01:12:06,490 - root - WARNING - Subject 1384 has regions with zero variance (indices: [51 79]). Setting correlations for these regions to 0.
2025-04-15 01:12:06,508 - root - WARNING - Subject 1385 has regions with zero variance (indices: [51 79]). Setting correlations for these regions to 0.
2025-04-15 01:12:06,527 - root - WARNING - Subject 1386 has regions with zero variance (indices: [51 79]). Setting correlations for these regions to 0.
2025-04-15 01:12:06,545 - root - WARNING - Subject 1387 has regions with zero variance (indices: [51 79]). Setting correlations for these regions to 0.
2025-04-15 01:12:06,563 - root - WARNING - Subject 1388 has regions with zero variance (indices: [51 79]). Setting correlations for these regions to 0.
2025-04-15 01:12:06,581 - root - WARNING - Subject 1389 has regions with zero variance (indices: [51 79]). Setting correlations for these regions to 0.
2025-04-15 01:12:06,600 - root - WARNING - Subject 1390 has regions with zero variance (indices: [51 79]). Setting correlations for these regions to 0.
2025-04-15 01:12:06,618 - root - WARNING - Subject 1391 has regions with zero variance (indices: [51 79]). Setting correlations for these regions to 0.
2025-04-15 01:12:06,636 - root - WARNING - Subject 1392 has regions with zero variance (indices: [51 79]). Setting correlations for these regions to 0.
2025-04-15 01:12:06,654 - root - WARNING - Subject 1393 has regions with zero variance (indices: [51 79]). Setting correlations for these regions to 0.
2025-04-15 01:12:06,673 - root - WARNING - Subject 1394 has regions with zero variance (indices: [51 79]). Setting correlations for these regions to 0.
2025-04-15 01:12:06,691 - root - WARNING - Subject 1395 has regions with zero variance (indices: [51 79]). Setting correlations for these regions to 0.
2025-04-15 01:12:06,709 - root - WARNING - Subject 1396 has regions with zero variance (indices: [51 79]). Setting correlations for these regions to 0.
2025-04-15 01:12:06,727 - root - WARNING - Subject 1397 has regions with zero variance (indices: [51 79]). Setting correlations for these regions to 0.
2025-04-15 01:12:06,745 - root - WARNING - Subject 1398 has regions with zero variance (indices: [51 79]). Setting correlations for these regions to 0.
2025-04-15 01:12:06,764 - root - WARNING - Subject 1399 has regions with zero variance (indices: [51 79]). Setting correlations for these regions to 0.
2025-04-15 01:12:06,782 - root - WARNING - Subject 1400 has regions with zero variance (indices: [51 79]). Setting correlations for these regions to 0.
2025-04-15 01:12:06,800 - root - WARNING - Subject 1401 has regions with zero variance (indices: [51 79]). Setting correlations for these regions to 0.
2025-04-15 01:12:06,819 - root - WARNING - Subject 1402 has regions with zero variance (indices: [51 79]). Setting correlations for these regions to 0.
2025-04-15 01:12:06,837 - root - WARNING - Subject 1403 has regions with zero variance (indices: [51 79]). Setting correlations for these regions to 0.
2025-04-15 01:12:06,856 - root - WARNING - Subject 1404 has regions with zero variance (indices: [51 79]). Setting correlations for these regions to 0.
2025-04-15 01:12:06,874 - root - WARNING - Subject 1405 has regions with zero variance (indices: [51 79]). Setting correlations for these regions to 0.
2025-04-15 01:12:06,892 - root - WARNING - Subject 1406 has regions with zero variance (indices: [51 79]). Setting correlations for these regions to 0.
2025-04-15 01:12:06,911 - root - WARNING - Subject 1407 has regions with zero variance (indices: [51 79]). Setting correlations for these regions to 0.
2025-04-15 01:12:06,929 - root - WARNING - Subject 1408 has regions with zero variance (indices: [51 79]). Setting correlations for these regions to 0.
2025-04-15 01:12:06,948 - root - WARNING - Subject 1409 has regions with zero variance (indices: [51 79]). Setting correlations for these regions to 0.
2025-04-15 01:12:06,966 - root - WARNING - Subject 1410 has regions with zero variance (indices: [51 79]). Setting correlations for these regions to 0.
2025-04-15 01:12:06,984 - root - WARNING - Subject 1411 has regions with zero variance (indices: [51 79]). Setting correlations for these regions to 0.
2025-04-15 01:12:07,003 - root - WARNING - Subject 1412 has regions with zero variance (indices: [51 79]). Setting correlations for these regions to 0.
2025-04-15 01:12:07,021 - root - WARNING - Subject 1413 has regions with zero variance (indices: [51 79]). Setting correlations for these regions to 0.
2025-04-15 01:12:07,040 - root - WARNING - Subject 1414 has regions with zero variance (indices: [51 79]). Setting correlations for these regions to 0.
2025-04-15 01:12:07,058 - root - WARNING - Subject 1415 has regions with zero variance (indices: [51 79]). Setting correlations for these regions to 0.
2025-04-15 01:12:07,076 - root - WARNING - Subject 1416 has regions with zero variance (indices: [51 79]). Setting correlations for these regions to 0.
2025-04-15 01:12:07,095 - root - WARNING - Subject 1417 has regions with zero variance (indices: [51 79]). Setting correlations for these regions to 0.
2025-04-15 01:12:07,113 - root - WARNING - Subject 1418 has regions with zero variance (indices: [51 79]). Setting correlations for these regions to 0.
2025-04-15 01:12:07,131 - root - WARNING - Subject 1419 has regions with zero variance (indices: [51 79]). Setting correlations for these regions to 0.
2025-04-15 01:12:07,150 - root - WARNING - Subject 1420 has regions with zero variance (indices: [51 79]). Setting correlations for these regions to 0.
2025-04-15 01:12:07,168 - root - WARNING - Subject 1421 has regions with zero variance (indices: [51 79]). Setting correlations for these regions to 0.
2025-04-15 01:12:07,186 - root - WARNING - Subject 1422 has regions with zero variance (indices: [51 79]). Setting correlations for these regions to 0.
2025-04-15 01:12:07,204 - root - WARNING - Subject 1423 has regions with zero variance (indices: [51 79]). Setting correlations for these regions to 0.
2025-04-15 01:12:07,222 - root - WARNING - Subject 1424 has regions with zero variance (indices: [51 79]). Setting correlations for these regions to 0.
2025-04-15 01:12:07,241 - root - WARNING - Subject 1425 has regions with zero variance (indices: [51 79]). Setting correlations for these regions to 0.
2025-04-15 01:12:07,259 - root - WARNING - Subject 1426 has regions with zero variance (indices: [51 79]). Setting correlations for these regions to 0.
2025-04-15 01:12:07,277 - root - WARNING - Subject 1427 has regions with zero variance (indices: [51 79]). Setting correlations for these regions to 0.
2025-04-15 01:12:07,295 - root - WARNING - Subject 1428 has regions with zero variance (indices: [51 79]). Setting correlations for these regions to 0.
2025-04-15 01:12:07,314 - root - WARNING - Subject 1429 has regions with zero variance (indices: [51 79]). Setting correlations for these regions to 0.
2025-04-15 01:12:07,332 - root - WARNING - Subject 1430 has regions with zero variance (indices: [51 79]). Setting correlations for these regions to 0.
2025-04-15 01:12:07,351 - root - WARNING - Subject 1431 has regions with zero variance (indices: [51 79]). Setting correlations for these regions to 0.
2025-04-15 01:12:07,369 - root - WARNING - Subject 1432 has regions with zero variance (indices: [51 79]). Setting correlations for these regions to 0.
2025-04-15 01:12:07,387 - root - WARNING - Subject 1433 has regions with zero variance (indices: [51 79]). Setting correlations for these regions to 0.
2025-04-15 01:12:07,410 - root - WARNING - Subject 1434 has regions with zero variance (indices: [51 79]). Setting correlations for these regions to 0.
2025-04-15 01:12:07,428 - root - WARNING - Subject 1435 has regions with zero variance (indices: [51 79]). Setting correlations for these regions to 0.
2025-04-15 01:12:07,446 - root - WARNING - Subject 1436 has regions with zero variance (indices: [51 79]). Setting correlations for these regions to 0.
2025-04-15 01:12:07,465 - root - WARNING - Subject 1437 has regions with zero variance (indices: [51 79]). Setting correlations for these regions to 0.
2025-04-15 01:12:07,483 - root - WARNING - Subject 1438 has regions with zero variance (indices: [51 79]). Setting correlations for these regions to 0.
2025-04-15 01:12:07,501 - root - WARNING - Subject 1439 has regions with zero variance (indices: [51 79]). Setting correlations for these regions to 0.
2025-04-15 01:12:07,520 - root - WARNING - Subject 1440 has regions with zero variance (indices: [51 79]). Setting correlations for these regions to 0.
2025-04-15 01:12:07,538 - root - WARNING - Subject 1441 has regions with zero variance (indices: [51 79]). Setting correlations for these regions to 0.
2025-04-15 01:12:07,557 - root - WARNING - Subject 1442 has regions with zero variance (indices: [51 79]). Setting correlations for these regions to 0.
2025-04-15 01:12:07,575 - root - WARNING - Subject 1443 has regions with zero variance (indices: [51 79]). Setting correlations for these regions to 0.
2025-04-15 01:12:07,593 - root - WARNING - Subject 1444 has regions with zero variance (indices: [51 79]). Setting correlations for these regions to 0.
2025-04-15 01:12:07,612 - root - WARNING - Subject 1445 has regions with zero variance (indices: [51 79]). Setting correlations for these regions to 0.
2025-04-15 01:12:07,630 - root - WARNING - Subject 1446 has regions with zero variance (indices: [51 79]). Setting correlations for these regions to 0.
2025-04-15 01:12:07,648 - root - WARNING - Subject 1447 has regions with zero variance (indices: [51 79]). Setting correlations for these regions to 0.
2025-04-15 01:12:07,667 - root - WARNING - Subject 1448 has regions with zero variance (indices: [51 79]). Setting correlations for these regions to 0.
2025-04-15 01:12:07,685 - root - WARNING - Subject 1449 has regions with zero variance (indices: [51 79]). Setting correlations for these regions to 0.
2025-04-15 01:12:07,703 - root - WARNING - Subject 1450 has regions with zero variance (indices: [51 79]). Setting correlations for these regions to 0.
2025-04-15 01:12:07,721 - root - WARNING - Subject 1451 has regions with zero variance (indices: [51 79]). Setting correlations for these regions to 0.
2025-04-15 01:12:07,739 - root - WARNING - Subject 1452 has regions with zero variance (indices: [51 79]). Setting correlations for these regions to 0.
2025-04-15 01:12:07,757 - root - WARNING - Subject 1453 has regions with zero variance (indices: [51 79]). Setting correlations for these regions to 0.
2025-04-15 01:12:07,775 - root - WARNING - Subject 1454 has regions with zero variance (indices: [51 79]). Setting correlations for these regions to 0.
2025-04-15 01:12:07,794 - root - WARNING - Subject 1455 has regions with zero variance (indices: [51 79]). Setting correlations for these regions to 0.
2025-04-15 01:12:07,812 - root - WARNING - Subject 1456 has regions with zero variance (indices: [51 79]). Setting correlations for these regions to 0.
2025-04-15 01:12:07,830 - root - WARNING - Subject 1457 has regions with zero variance (indices: [51 79]). Setting correlations for these regions to 0.
2025-04-15 01:12:07,848 - root - WARNING - Subject 1458 has regions with zero variance (indices: [51 79]). Setting correlations for these regions to 0.
2025-04-15 01:12:07,867 - root - WARNING - Subject 1459 has regions with zero variance (indices: [51 79]). Setting correlations for these regions to 0.
2025-04-15 01:12:07,885 - root - WARNING - Subject 1460 has regions with zero variance (indices: [51 79]). Setting correlations for these regions to 0.
2025-04-15 01:12:07,903 - root - WARNING - Subject 1461 has regions with zero variance (indices: [51 79]). Setting correlations for these regions to 0.
2025-04-15 01:12:07,921 - root - WARNING - Subject 1462 has regions with zero variance (indices: [51 79]). Setting correlations for these regions to 0.
2025-04-15 01:12:07,940 - root - WARNING - Subject 1463 has regions with zero variance (indices: [51 79]). Setting correlations for these regions to 0.
2025-04-15 01:12:07,958 - root - WARNING - Subject 1464 has regions with zero variance (indices: [51 79]). Setting correlations for these regions to 0.
2025-04-15 01:12:07,976 - root - WARNING - Subject 1465 has regions with zero variance (indices: [51 79]). Setting correlations for these regions to 0.
2025-04-15 01:12:07,995 - root - WARNING - Subject 1466 has regions with zero variance (indices: [51 79]). Setting correlations for these regions to 0.
2025-04-15 01:12:08,013 - root - WARNING - Subject 1467 has regions with zero variance (indices: [51 79]). Setting correlations for these regions to 0.
2025-04-15 01:12:08,031 - root - WARNING - Subject 1468 has regions with zero variance (indices: [51 79]). Setting correlations for these regions to 0.
2025-04-15 01:12:08,050 - root - WARNING - Subject 1469 has regions with zero variance (indices: [51 79]). Setting correlations for these regions to 0.
2025-04-15 01:12:08,068 - root - WARNING - Subject 1470 has regions with zero variance (indices: [51 79]). Setting correlations for these regions to 0.
2025-04-15 01:12:08,086 - root - WARNING - Subject 1471 has regions with zero variance (indices: [51 79]). Setting correlations for these regions to 0.
2025-04-15 01:12:08,104 - root - WARNING - Subject 1472 has regions with zero variance (indices: [51 79]). Setting correlations for these regions to 0.
2025-04-15 01:12:08,123 - root - WARNING - Subject 1473 has regions with zero variance (indices: [51 79]). Setting correlations for these regions to 0.
2025-04-15 01:12:08,141 - root - WARNING - Subject 1474 has regions with zero variance (indices: [51 79]). Setting correlations for these regions to 0.
2025-04-15 01:12:08,160 - root - WARNING - Subject 1475 has regions with zero variance (indices: [51 79]). Setting correlations for these regions to 0.
2025-04-15 01:12:08,178 - root - WARNING - Subject 1476 has regions with zero variance (indices: [51 79]). Setting correlations for these regions to 0.
2025-04-15 01:12:08,196 - root - WARNING - Subject 1477 has regions with zero variance (indices: [51 79]). Setting correlations for these regions to 0.
2025-04-15 01:12:08,215 - root - WARNING - Subject 1478 has regions with zero variance (indices: [51 79]). Setting correlations for these regions to 0.
2025-04-15 01:12:08,233 - root - WARNING - Subject 1479 has regions with zero variance (indices: [51 79]). Setting correlations for these regions to 0.
2025-04-15 01:12:08,252 - root - WARNING - Subject 1480 has regions with zero variance (indices: [51 79]). Setting correlations for these regions to 0.
2025-04-15 01:12:08,270 - root - WARNING - Subject 1481 has regions with zero variance (indices: [51 79]). Setting correlations for these regions to 0.
2025-04-15 01:12:08,288 - root - WARNING - Subject 1482 has regions with zero variance (indices: [51 79]). Setting correlations for these regions to 0.
2025-04-15 01:12:08,306 - root - WARNING - Subject 1483 has regions with zero variance (indices: [51 79]). Setting correlations for these regions to 0.
2025-04-15 01:12:08,324 - root - WARNING - Subject 1484 has regions with zero variance (indices: [51 79]). Setting correlations for these regions to 0.
2025-04-15 01:12:08,342 - root - WARNING - Subject 1485 has regions with zero variance (indices: [51 79]). Setting correlations for these regions to 0.
2025-04-15 01:12:08,361 - root - WARNING - Subject 1486 has regions with zero variance (indices: [51 79]). Setting correlations for these regions to 0.
2025-04-15 01:12:08,379 - root - WARNING - Subject 1487 has regions with zero variance (indices: [51 79]). Setting correlations for these regions to 0.
2025-04-15 01:12:08,397 - root - WARNING - Subject 1488 has regions with zero variance (indices: [51 79]). Setting correlations for these regions to 0.
2025-04-15 01:12:08,415 - root - WARNING - Subject 1489 has regions with zero variance (indices: [51 79]). Setting correlations for these regions to 0.
2025-04-15 01:12:08,433 - root - WARNING - Subject 1490 has regions with zero variance (indices: [51 79]). Setting correlations for these regions to 0.
2025-04-15 01:12:08,451 - root - WARNING - Subject 1491 has regions with zero variance (indices: [51 79]). Setting correlations for these regions to 0.
2025-04-15 01:12:08,469 - root - WARNING - Subject 1492 has regions with zero variance (indices: [51 79]). Setting correlations for these regions to 0.
2025-04-15 01:12:08,487 - root - WARNING - Subject 1493 has regions with zero variance (indices: [51 79]). Setting correlations for these regions to 0.
2025-04-15 01:12:10,566 - root - WARNING - Subject 4980 has regions with zero variance (indices: [51]). Setting correlations for these regions to 0.
2025-04-15 01:12:10,585 - root - WARNING - Subject 4981 has regions with zero variance (indices: [51]). Setting correlations for these regions to 0.
2025-04-15 01:12:10,604 - root - WARNING - Subject 4982 has regions with zero variance (indices: [51]). Setting correlations for these regions to 0.
2025-04-15 01:12:10,623 - root - WARNING - Subject 4983 has regions with zero variance (indices: [51]). Setting correlations for these regions to 0.
2025-04-15 01:12:10,641 - root - WARNING - Subject 4984 has regions with zero variance (indices: [51]). Setting correlations for these regions to 0.
2025-04-15 01:12:10,660 - root - WARNING - Subject 4985 has regions with zero variance (indices: [51]). Setting correlations for these regions to 0.
2025-04-15 01:12:10,679 - root - WARNING - Subject 4986 has regions with zero variance (indices: [51]). Setting correlations for these regions to 0.
2025-04-15 01:12:10,698 - root - WARNING - Subject 4987 has regions with zero variance (indices: [51]). Setting correlations for these regions to 0.
2025-04-15 01:12:10,716 - root - WARNING - Subject 4988 has regions with zero variance (indices: [51]). Setting correlations for these regions to 0.
2025-04-15 01:12:10,735 - root - WARNING - Subject 4989 has regions with zero variance (indices: [51]). Setting correlations for these regions to 0.
2025-04-15 01:12:10,753 - root - WARNING - Subject 4990 has regions with zero variance (indices: [51]). Setting correlations for these regions to 0.
2025-04-15 01:12:10,771 - root - WARNING - Subject 4991 has regions with zero variance (indices: [51]). Setting correlations for these regions to 0.
2025-04-15 01:12:10,790 - root - WARNING - Subject 4992 has regions with zero variance (indices: [51]). Setting correlations for these regions to 0.
2025-04-15 01:12:10,808 - root - WARNING - Subject 4993 has regions with zero variance (indices: [51]). Setting correlations for these regions to 0.
2025-04-15 01:12:10,827 - root - WARNING - Subject 4994 has regions with zero variance (indices: [51]). Setting correlations for these regions to 0.
2025-04-15 01:12:10,846 - root - WARNING - Subject 4995 has regions with zero variance (indices: [51]). Setting correlations for these regions to 0.
2025-04-15 01:12:10,864 - root - WARNING - Subject 4996 has regions with zero variance (indices: [51]). Setting correlations for these regions to 0.
2025-04-15 01:12:10,883 - root - WARNING - Subject 4997 has regions with zero variance (indices: [51]). Setting correlations for these regions to 0.
2025-04-15 01:12:10,901 - root - WARNING - Subject 4998 has regions with zero variance (indices: [51]). Setting correlations for these regions to 0.
2025-04-15 01:12:10,919 - root - WARNING - Subject 4999 has regions with zero variance (indices: [51]). Setting correlations for these regions to 0.
2025-04-15 01:12:10,938 - root - WARNING - Subject 5000 has regions with zero variance (indices: [51]). Setting correlations for these regions to 0.
2025-04-15 01:12:10,956 - root - WARNING - Subject 5001 has regions with zero variance (indices: [51]). Setting correlations for these regions to 0.
2025-04-15 01:12:10,974 - root - WARNING - Subject 5002 has regions with zero variance (indices: [51]). Setting correlations for these regions to 0.
2025-04-15 01:12:10,992 - root - WARNING - Subject 5003 has regions with zero variance (indices: [51]). Setting correlations for these regions to 0.
2025-04-15 01:12:11,011 - root - WARNING - Subject 5004 has regions with zero variance (indices: [51]). Setting correlations for these regions to 0.
2025-04-15 01:12:11,030 - root - WARNING - Subject 5005 has regions with zero variance (indices: [51]). Setting correlations for these regions to 0.
2025-04-15 01:12:11,048 - root - WARNING - Subject 5006 has regions with zero variance (indices: [51]). Setting correlations for these regions to 0.
2025-04-15 01:12:11,066 - root - WARNING - Subject 5007 has regions with zero variance (indices: [51]). Setting correlations for these regions to 0.
2025-04-15 01:12:11,085 - root - WARNING - Subject 5008 has regions with zero variance (indices: [51]). Setting correlations for these regions to 0.
2025-04-15 01:12:11,103 - root - WARNING - Subject 5009 has regions with zero variance (indices: [51]). Setting correlations for these regions to 0.
2025-04-15 01:12:11,121 - root - WARNING - Subject 5010 has regions with zero variance (indices: [51]). Setting correlations for these regions to 0.
2025-04-15 01:12:11,139 - root - WARNING - Subject 5011 has regions with zero variance (indices: [51]). Setting correlations for these regions to 0.
2025-04-15 01:12:11,158 - root - WARNING - Subject 5012 has regions with zero variance (indices: [51]). Setting correlations for these regions to 0.
2025-04-15 01:12:11,176 - root - WARNING - Subject 5013 has regions with zero variance (indices: [51]). Setting correlations for these regions to 0.
2025-04-15 01:12:11,195 - root - WARNING - Subject 5014 has regions with zero variance (indices: [51]). Setting correlations for these regions to 0.
2025-04-15 01:12:11,217 - root - WARNING - Subject 5015 has regions with zero variance (indices: [51]). Setting correlations for these regions to 0.
2025-04-15 01:12:11,239 - root - WARNING - Subject 5016 has regions with zero variance (indices: [51]). Setting correlations for these regions to 0.
2025-04-15 01:12:11,261 - root - WARNING - Subject 5017 has regions with zero variance (indices: [51]). Setting correlations for these regions to 0.
2025-04-15 01:12:11,283 - root - WARNING - Subject 5018 has regions with zero variance (indices: [51]). Setting correlations for these regions to 0.
2025-04-15 01:12:11,304 - root - WARNING - Subject 5019 has regions with zero variance (indices: [51]). Setting correlations for these regions to 0.
2025-04-15 01:12:11,327 - root - WARNING - Subject 5020 has regions with zero variance (indices: [51]). Setting correlations for these regions to 0.
2025-04-15 01:12:11,348 - root - WARNING - Subject 5021 has regions with zero variance (indices: [51]). Setting correlations for these regions to 0.
2025-04-15 01:12:11,370 - root - WARNING - Subject 5022 has regions with zero variance (indices: [51]). Setting correlations for these regions to 0.
2025-04-15 01:12:11,393 - root - WARNING - Subject 5023 has regions with zero variance (indices: [51]). Setting correlations for these regions to 0.
2025-04-15 01:12:11,415 - root - WARNING - Subject 5024 has regions with zero variance (indices: [51]). Setting correlations for these regions to 0.
2025-04-15 01:12:11,437 - root - WARNING - Subject 5025 has regions with zero variance (indices: [51]). Setting correlations for these regions to 0.
2025-04-15 01:12:11,459 - root - WARNING - Subject 5026 has regions with zero variance (indices: [51]). Setting correlations for these regions to 0.
2025-04-15 01:12:11,481 - root - WARNING - Subject 5027 has regions with zero variance (indices: [51]). Setting correlations for these regions to 0.
2025-04-15 01:12:11,504 - root - WARNING - Subject 5028 has regions with zero variance (indices: [51]). Setting correlations for these regions to 0.
2025-04-15 01:12:11,525 - root - WARNING - Subject 5029 has regions with zero variance (indices: [51]). Setting correlations for these regions to 0.
2025-04-15 01:12:11,547 - root - WARNING - Subject 5030 has regions with zero variance (indices: [51]). Setting correlations for these regions to 0.
2025-04-15 01:12:11,569 - root - WARNING - Subject 5031 has regions with zero variance (indices: [51]). Setting correlations for these regions to 0.
2025-04-15 01:12:11,591 - root - WARNING - Subject 5032 has regions with zero variance (indices: [51]). Setting correlations for these regions to 0.
2025-04-15 01:12:11,614 - root - WARNING - Subject 5033 has regions with zero variance (indices: [51]). Setting correlations for these regions to 0.
2025-04-15 01:12:11,635 - root - WARNING - Subject 5034 has regions with zero variance (indices: [51]). Setting correlations for these regions to 0.
2025-04-15 01:12:11,656 - root - WARNING - Subject 5035 has regions with zero variance (indices: [51]). Setting correlations for these regions to 0.
2025-04-15 01:12:11,679 - root - WARNING - Subject 5036 has regions with zero variance (indices: [51]). Setting correlations for these regions to 0.
2025-04-15 01:12:11,698 - root - WARNING - Subject 5037 has regions with zero variance (indices: [51]). Setting correlations for these regions to 0.
2025-04-15 01:12:11,717 - root - WARNING - Subject 5038 has regions with zero variance (indices: [51]). Setting correlations for these regions to 0.
2025-04-15 01:12:11,735 - root - WARNING - Subject 5039 has regions with zero variance (indices: [51]). Setting correlations for these regions to 0.
2025-04-15 01:12:11,754 - root - WARNING - Subject 5040 has regions with zero variance (indices: [51]). Setting correlations for these regions to 0.
2025-04-15 01:12:11,772 - root - WARNING - Subject 5041 has regions with zero variance (indices: [51]). Setting correlations for these regions to 0.
2025-04-15 01:12:11,791 - root - WARNING - Subject 5042 has regions with zero variance (indices: [51]). Setting correlations for these regions to 0.
2025-04-15 01:12:11,809 - root - WARNING - Subject 5043 has regions with zero variance (indices: [51]). Setting correlations for these regions to 0.
2025-04-15 01:12:11,828 - root - WARNING - Subject 5044 has regions with zero variance (indices: [51]). Setting correlations for these regions to 0.
2025-04-15 01:12:11,846 - root - WARNING - Subject 5045 has regions with zero variance (indices: [51]). Setting correlations for these regions to 0.
2025-04-15 01:12:11,865 - root - WARNING - Subject 5046 has regions with zero variance (indices: [51]). Setting correlations for these regions to 0.
2025-04-15 01:12:11,883 - root - WARNING - Subject 5047 has regions with zero variance (indices: [51]). Setting correlations for these regions to 0.
2025-04-15 01:12:11,902 - root - WARNING - Subject 5048 has regions with zero variance (indices: [51]). Setting correlations for these regions to 0.
2025-04-15 01:12:11,921 - root - WARNING - Subject 5049 has regions with zero variance (indices: [51]). Setting correlations for these regions to 0.
2025-04-15 01:12:11,939 - root - WARNING - Subject 5050 has regions with zero variance (indices: [51]). Setting correlations for these regions to 0.
2025-04-15 01:12:11,958 - root - WARNING - Subject 5051 has regions with zero variance (indices: [51]). Setting correlations for these regions to 0.
2025-04-15 01:12:11,977 - root - WARNING - Subject 5052 has regions with zero variance (indices: [51]). Setting correlations for these regions to 0.
2025-04-15 01:12:11,996 - root - WARNING - Subject 5053 has regions with zero variance (indices: [51]). Setting correlations for these regions to 0.
2025-04-15 01:12:12,014 - root - WARNING - Subject 5054 has regions with zero variance (indices: [51]). Setting correlations for these regions to 0.
2025-04-15 01:12:12,033 - root - WARNING - Subject 5055 has regions with zero variance (indices: [51]). Setting correlations for these regions to 0.
2025-04-15 01:12:12,051 - root - WARNING - Subject 5056 has regions with zero variance (indices: [51]). Setting correlations for these regions to 0.
2025-04-15 01:12:12,070 - root - WARNING - Subject 5057 has regions with zero variance (indices: [51]). Setting correlations for these regions to 0.
2025-04-15 01:12:12,088 - root - WARNING - Subject 5058 has regions with zero variance (indices: [51]). Setting correlations for these regions to 0.
2025-04-15 01:12:12,107 - root - WARNING - Subject 5059 has regions with zero variance (indices: [51]). Setting correlations for these regions to 0.
2025-04-15 01:12:12,125 - root - WARNING - Subject 5060 has regions with zero variance (indices: [51]). Setting correlations for these regions to 0.
2025-04-15 01:12:12,144 - root - WARNING - Subject 5061 has regions with zero variance (indices: [51]). Setting correlations for these regions to 0.
2025-04-15 01:12:12,162 - root - WARNING - Subject 5062 has regions with zero variance (indices: [51]). Setting correlations for these regions to 0.
2025-04-15 01:12:12,181 - root - WARNING - Subject 5063 has regions with zero variance (indices: [51]). Setting correlations for these regions to 0.
2025-04-15 01:12:12,199 - root - WARNING - Subject 5064 has regions with zero variance (indices: [51]). Setting correlations for these regions to 0.
2025-04-15 01:12:12,218 - root - WARNING - Subject 5065 has regions with zero variance (indices: [51]). Setting correlations for these regions to 0.
2025-04-15 01:12:12,236 - root - WARNING - Subject 5066 has regions with zero variance (indices: [51]). Setting correlations for these regions to 0.
2025-04-15 01:12:12,255 - root - WARNING - Subject 5067 has regions with zero variance (indices: [51]). Setting correlations for these regions to 0.
2025-04-15 01:12:12,273 - root - WARNING - Subject 5068 has regions with zero variance (indices: [51]). Setting correlations for these regions to 0.
2025-04-15 01:12:12,292 - root - WARNING - Subject 5069 has regions with zero variance (indices: [51]). Setting correlations for these regions to 0.
2025-04-15 01:12:12,310 - root - WARNING - Subject 5070 has regions with zero variance (indices: [51]). Setting correlations for these regions to 0.
2025-04-15 01:12:12,329 - root - WARNING - Subject 5071 has regions with zero variance (indices: [51]). Setting correlations for these regions to 0.
2025-04-15 01:12:12,348 - root - WARNING - Subject 5072 has regions with zero variance (indices: [51]). Setting correlations for these regions to 0.
2025-04-15 01:12:12,366 - root - WARNING - Subject 5073 has regions with zero variance (indices: [51]). Setting correlations for these regions to 0.
2025-04-15 01:12:12,385 - root - WARNING - Subject 5074 has regions with zero variance (indices: [51]). Setting correlations for these regions to 0.
2025-04-15 01:12:12,404 - root - WARNING - Subject 5075 has regions with zero variance (indices: [51]). Setting correlations for these regions to 0.
2025-04-15 01:12:12,422 - root - WARNING - Subject 5076 has regions with zero variance (indices: [51]). Setting correlations for these regions to 0.
2025-04-15 01:12:12,441 - root - WARNING - Subject 5077 has regions with zero variance (indices: [51]). Setting correlations for these regions to 0.
2025-04-15 01:12:12,460 - root - WARNING - Subject 5078 has regions with zero variance (indices: [51]). Setting correlations for these regions to 0.
2025-04-15 01:12:12,479 - root - WARNING - Subject 5079 has regions with zero variance (indices: [51]). Setting correlations for these regions to 0.
2025-04-15 01:12:12,498 - root - WARNING - Subject 5080 has regions with zero variance (indices: [51]). Setting correlations for these regions to 0.
2025-04-15 01:12:12,517 - root - WARNING - Subject 5081 has regions with zero variance (indices: [51]). Setting correlations for these regions to 0.
2025-04-15 01:12:12,535 - root - WARNING - Subject 5082 has regions with zero variance (indices: [51]). Setting correlations for these regions to 0.
2025-04-15 01:12:12,554 - root - WARNING - Subject 5083 has regions with zero variance (indices: [51]). Setting correlations for these regions to 0.
2025-04-15 01:12:12,572 - root - WARNING - Subject 5084 has regions with zero variance (indices: [51]). Setting correlations for these regions to 0.
2025-04-15 01:12:12,591 - root - WARNING - Subject 5085 has regions with zero variance (indices: [51]). Setting correlations for these regions to 0.
2025-04-15 01:12:12,610 - root - WARNING - Subject 5086 has regions with zero variance (indices: [51]). Setting correlations for these regions to 0.
2025-04-15 01:12:12,629 - root - WARNING - Subject 5087 has regions with zero variance (indices: [51]). Setting correlations for these regions to 0.
2025-04-15 01:12:12,648 - root - WARNING - Subject 5088 has regions with zero variance (indices: [51]). Setting correlations for these regions to 0.
2025-04-15 01:12:12,667 - root - WARNING - Subject 5089 has regions with zero variance (indices: [51]). Setting correlations for these regions to 0.
2025-04-15 01:12:12,686 - root - WARNING - Subject 5090 has regions with zero variance (indices: [51]). Setting correlations for these regions to 0.
2025-04-15 01:12:12,705 - root - WARNING - Subject 5091 has regions with zero variance (indices: [51]). Setting correlations for these regions to 0.
2025-04-15 01:12:12,723 - root - WARNING - Subject 5092 has regions with zero variance (indices: [51]). Setting correlations for these regions to 0.
2025-04-15 01:12:12,742 - root - WARNING - Subject 5093 has regions with zero variance (indices: [51]). Setting correlations for these regions to 0.
2025-04-15 01:12:12,761 - root - WARNING - Subject 5094 has regions with zero variance (indices: [51]). Setting correlations for these regions to 0.
2025-04-15 01:12:12,779 - root - WARNING - Subject 5095 has regions with zero variance (indices: [51]). Setting correlations for these regions to 0.
2025-04-15 01:12:12,798 - root - WARNING - Subject 5096 has regions with zero variance (indices: [51]). Setting correlations for these regions to 0.
2025-04-15 01:12:12,816 - root - WARNING - Subject 5097 has regions with zero variance (indices: [51]). Setting correlations for these regions to 0.
2025-04-15 01:12:12,835 - root - WARNING - Subject 5098 has regions with zero variance (indices: [51]). Setting correlations for these regions to 0.
2025-04-15 01:12:12,853 - root - WARNING - Subject 5099 has regions with zero variance (indices: [51]). Setting correlations for these regions to 0.
2025-04-15 01:12:12,872 - root - WARNING - Subject 5100 has regions with zero variance (indices: [51]). Setting correlations for these regions to 0.
2025-04-15 01:12:12,890 - root - WARNING - Subject 5101 has regions with zero variance (indices: [51]). Setting correlations for these regions to 0.
2025-04-15 01:12:12,909 - root - WARNING - Subject 5102 has regions with zero variance (indices: [51]). Setting correlations for these regions to 0.
2025-04-15 01:12:12,927 - root - WARNING - Subject 5103 has regions with zero variance (indices: [51]). Setting correlations for these regions to 0.
2025-04-15 01:12:12,946 - root - WARNING - Subject 5104 has regions with zero variance (indices: [51]). Setting correlations for these regions to 0.
2025-04-15 01:12:12,964 - root - WARNING - Subject 5105 has regions with zero variance (indices: [51]). Setting correlations for these regions to 0.
2025-04-15 01:12:12,982 - root - WARNING - Subject 5106 has regions with zero variance (indices: [51]). Setting correlations for these regions to 0.
2025-04-15 01:12:13,000 - root - WARNING - Subject 5107 has regions with zero variance (indices: [51]). Setting correlations for these regions to 0.
2025-04-15 01:12:13,019 - root - WARNING - Subject 5108 has regions with zero variance (indices: [51]). Setting correlations for these regions to 0.
2025-04-15 01:12:13,037 - root - WARNING - Subject 5109 has regions with zero variance (indices: [51]). Setting correlations for these regions to 0.
2025-04-15 01:12:13,056 - root - WARNING - Subject 5110 has regions with zero variance (indices: [51]). Setting correlations for these regions to 0.
2025-04-15 01:12:13,074 - root - WARNING - Subject 5111 has regions with zero variance (indices: [51]). Setting correlations for these regions to 0.
2025-04-15 01:12:13,093 - root - WARNING - Subject 5112 has regions with zero variance (indices: [51]). Setting correlations for these regions to 0.
2025-04-15 01:12:13,112 - root - WARNING - Subject 5113 has regions with zero variance (indices: [51]). Setting correlations for these regions to 0.
2025-04-15 01:12:13,130 - root - WARNING - Subject 5114 has regions with zero variance (indices: [51]). Setting correlations for these regions to 0.
2025-04-15 01:12:13,148 - root - WARNING - Subject 5115 has regions with zero variance (indices: [51]). Setting correlations for these regions to 0.
2025-04-15 01:12:13,167 - root - WARNING - Subject 5116 has regions with zero variance (indices: [51]). Setting correlations for these regions to 0.
2025-04-15 01:12:13,186 - root - WARNING - Subject 5117 has regions with zero variance (indices: [51]). Setting correlations for these regions to 0.
2025-04-15 01:12:13,204 - root - WARNING - Subject 5118 has regions with zero variance (indices: [51]). Setting correlations for these regions to 0.
2025-04-15 01:12:13,223 - root - WARNING - Subject 5119 has regions with zero variance (indices: [51]). Setting correlations for these regions to 0.
2025-04-15 01:12:13,241 - root - WARNING - Subject 5120 has regions with zero variance (indices: [51]). Setting correlations for these regions to 0.
2025-04-15 01:12:13,260 - root - WARNING - Subject 5121 has regions with zero variance (indices: [51]). Setting correlations for these regions to 0.
2025-04-15 01:12:13,278 - root - WARNING - Subject 5122 has regions with zero variance (indices: [51]). Setting correlations for these regions to 0.
2025-04-15 01:12:13,297 - root - WARNING - Subject 5123 has regions with zero variance (indices: [51]). Setting correlations for these regions to 0.
2025-04-15 01:12:13,315 - root - WARNING - Subject 5124 has regions with zero variance (indices: [51]). Setting correlations for these regions to 0.
2025-04-15 01:12:13,333 - root - WARNING - Subject 5125 has regions with zero variance (indices: [51]). Setting correlations for these regions to 0.
2025-04-15 01:12:13,352 - root - WARNING - Subject 5126 has regions with zero variance (indices: [51]). Setting correlations for these regions to 0.
2025-04-15 01:12:13,370 - root - WARNING - Subject 5127 has regions with zero variance (indices: [51]). Setting correlations for these regions to 0.
2025-04-15 01:12:13,389 - root - WARNING - Subject 5128 has regions with zero variance (indices: [51]). Setting correlations for these regions to 0.
2025-04-15 01:12:13,408 - root - WARNING - Subject 5129 has regions with zero variance (indices: [51]). Setting correlations for these regions to 0.
2025-04-15 01:12:13,427 - root - WARNING - Subject 5130 has regions with zero variance (indices: [51]). Setting correlations for these regions to 0.
2025-04-15 01:12:13,445 - root - WARNING - Subject 5131 has regions with zero variance (indices: [51]). Setting correlations for these regions to 0.
2025-04-15 01:12:13,464 - root - WARNING - Subject 5132 has regions with zero variance (indices: [51]). Setting correlations for these regions to 0.
2025-04-15 01:12:13,482 - root - WARNING - Subject 5133 has regions with zero variance (indices: [51]). Setting correlations for these regions to 0.
2025-04-15 01:12:13,501 - root - WARNING - Subject 5134 has regions with zero variance (indices: [51]). Setting correlations for these regions to 0.
2025-04-15 01:12:13,519 - root - WARNING - Subject 5135 has regions with zero variance (indices: [51]). Setting correlations for these regions to 0.
2025-04-15 01:12:13,538 - root - WARNING - Subject 5136 has regions with zero variance (indices: [51]). Setting correlations for these regions to 0.
2025-04-15 01:12:13,556 - root - WARNING - Subject 5137 has regions with zero variance (indices: [51]). Setting correlations for these regions to 0.
2025-04-15 01:12:13,575 - root - WARNING - Subject 5138 has regions with zero variance (indices: [51]). Setting correlations for these regions to 0.
2025-04-15 01:12:13,593 - root - WARNING - Subject 5139 has regions with zero variance (indices: [51]). Setting correlations for these regions to 0.
2025-04-15 01:12:13,612 - root - WARNING - Subject 5140 has regions with zero variance (indices: [51]). Setting correlations for these regions to 0.
2025-04-15 01:12:13,630 - root - WARNING - Subject 5141 has regions with zero variance (indices: [51]). Setting correlations for these regions to 0.
2025-04-15 01:12:13,649 - root - WARNING - Subject 5142 has regions with zero variance (indices: [51]). Setting correlations for these regions to 0.
2025-04-15 01:12:13,667 - root - WARNING - Subject 5143 has regions with zero variance (indices: [51]). Setting correlations for these regions to 0.
2025-04-15 01:12:13,686 - root - WARNING - Subject 5144 has regions with zero variance (indices: [51]). Setting correlations for these regions to 0.
2025-04-15 01:12:13,705 - root - WARNING - Subject 5145 has regions with zero variance (indices: [51]). Setting correlations for these regions to 0.
2025-04-15 01:12:14,646 - root - WARNING - Subject 6640 has regions with zero variance (indices: [ 29  51  85 175]). Setting correlations for these regions to 0.
2025-04-15 01:12:14,664 - root - WARNING - Subject 6641 has regions with zero variance (indices: [ 29  51  85 175]). Setting correlations for these regions to 0.
2025-04-15 01:12:14,682 - root - WARNING - Subject 6642 has regions with zero variance (indices: [ 29  51  85 175]). Setting correlations for these regions to 0.
2025-04-15 01:12:14,700 - root - WARNING - Subject 6643 has regions with zero variance (indices: [ 29  51  85 175]). Setting correlations for these regions to 0.
2025-04-15 01:12:14,718 - root - WARNING - Subject 6644 has regions with zero variance (indices: [ 29  51  85 175]). Setting correlations for these regions to 0.
2025-04-15 01:12:14,736 - root - WARNING - Subject 6645 has regions with zero variance (indices: [ 29  51  85 175]). Setting correlations for these regions to 0.
2025-04-15 01:12:14,754 - root - WARNING - Subject 6646 has regions with zero variance (indices: [ 29  51  85 175]). Setting correlations for these regions to 0.
2025-04-15 01:12:14,772 - root - WARNING - Subject 6647 has regions with zero variance (indices: [ 29  51  85 175]). Setting correlations for these regions to 0.
2025-04-15 01:12:14,790 - root - WARNING - Subject 6648 has regions with zero variance (indices: [ 29  51  85 175]). Setting correlations for these regions to 0.
2025-04-15 01:12:14,808 - root - WARNING - Subject 6649 has regions with zero variance (indices: [ 29  51  85 175]). Setting correlations for these regions to 0.
2025-04-15 01:12:14,826 - root - WARNING - Subject 6650 has regions with zero variance (indices: [ 29  51  85 175]). Setting correlations for these regions to 0.
2025-04-15 01:12:14,844 - root - WARNING - Subject 6651 has regions with zero variance (indices: [ 29  51  85 175]). Setting correlations for these regions to 0.
2025-04-15 01:12:14,862 - root - WARNING - Subject 6652 has regions with zero variance (indices: [ 29  51  85 175]). Setting correlations for these regions to 0.
2025-04-15 01:12:14,880 - root - WARNING - Subject 6653 has regions with zero variance (indices: [ 29  51  85 175]). Setting correlations for these regions to 0.
2025-04-15 01:12:14,898 - root - WARNING - Subject 6654 has regions with zero variance (indices: [ 29  51  85 175]). Setting correlations for these regions to 0.
2025-04-15 01:12:14,916 - root - WARNING - Subject 6655 has regions with zero variance (indices: [ 29  51  85 175]). Setting correlations for these regions to 0.
2025-04-15 01:12:14,934 - root - WARNING - Subject 6656 has regions with zero variance (indices: [ 29  51  85 175]). Setting correlations for these regions to 0.
2025-04-15 01:12:14,952 - root - WARNING - Subject 6657 has regions with zero variance (indices: [ 29  51  85 175]). Setting correlations for these regions to 0.
2025-04-15 01:12:14,970 - root - WARNING - Subject 6658 has regions with zero variance (indices: [ 29  51  85 175]). Setting correlations for these regions to 0.
2025-04-15 01:12:14,988 - root - WARNING - Subject 6659 has regions with zero variance (indices: [ 29  51  85 175]). Setting correlations for these regions to 0.
2025-04-15 01:12:15,006 - root - WARNING - Subject 6660 has regions with zero variance (indices: [ 29  51  85 175]). Setting correlations for these regions to 0.
2025-04-15 01:12:15,024 - root - WARNING - Subject 6661 has regions with zero variance (indices: [ 29  51  85 175]). Setting correlations for these regions to 0.
2025-04-15 01:12:15,042 - root - WARNING - Subject 6662 has regions with zero variance (indices: [ 29  51  85 175]). Setting correlations for these regions to 0.
2025-04-15 01:12:15,060 - root - WARNING - Subject 6663 has regions with zero variance (indices: [ 29  51  85 175]). Setting correlations for these regions to 0.
2025-04-15 01:12:15,078 - root - WARNING - Subject 6664 has regions with zero variance (indices: [ 29  51  85 175]). Setting correlations for these regions to 0.
2025-04-15 01:12:15,096 - root - WARNING - Subject 6665 has regions with zero variance (indices: [ 29  51  85 175]). Setting correlations for these regions to 0.
2025-04-15 01:12:15,114 - root - WARNING - Subject 6666 has regions with zero variance (indices: [ 29  51  85 175]). Setting correlations for these regions to 0.
2025-04-15 01:12:15,132 - root - WARNING - Subject 6667 has regions with zero variance (indices: [ 29  51  85 175]). Setting correlations for these regions to 0.
2025-04-15 01:12:15,150 - root - WARNING - Subject 6668 has regions with zero variance (indices: [ 29  51  85 175]). Setting correlations for these regions to 0.
2025-04-15 01:12:15,168 - root - WARNING - Subject 6669 has regions with zero variance (indices: [ 29  51  85 175]). Setting correlations for these regions to 0.
2025-04-15 01:12:15,186 - root - WARNING - Subject 6670 has regions with zero variance (indices: [ 29  51  85 175]). Setting correlations for these regions to 0.
2025-04-15 01:12:15,204 - root - WARNING - Subject 6671 has regions with zero variance (indices: [ 29  51  85 175]). Setting correlations for these regions to 0.
2025-04-15 01:12:15,222 - root - WARNING - Subject 6672 has regions with zero variance (indices: [ 29  51  85 175]). Setting correlations for these regions to 0.
2025-04-15 01:12:15,240 - root - WARNING - Subject 6673 has regions with zero variance (indices: [ 29  51  85 175]). Setting correlations for these regions to 0.
2025-04-15 01:12:15,258 - root - WARNING - Subject 6674 has regions with zero variance (indices: [ 29  51  85 175]). Setting correlations for these regions to 0.
2025-04-15 01:12:15,277 - root - WARNING - Subject 6675 has regions with zero variance (indices: [ 29  51  85 175]). Setting correlations for these regions to 0.
2025-04-15 01:12:15,295 - root - WARNING - Subject 6676 has regions with zero variance (indices: [ 29  51  85 175]). Setting correlations for these regions to 0.
2025-04-15 01:12:15,313 - root - WARNING - Subject 6677 has regions with zero variance (indices: [ 29  51  85 175]). Setting correlations for these regions to 0.
2025-04-15 01:12:15,331 - root - WARNING - Subject 6678 has regions with zero variance (indices: [ 29  51  85 175]). Setting correlations for these regions to 0.
2025-04-15 01:12:15,349 - root - WARNING - Subject 6679 has regions with zero variance (indices: [ 29  51  85 175]). Setting correlations for these regions to 0.
2025-04-15 01:12:15,367 - root - WARNING - Subject 6680 has regions with zero variance (indices: [ 29  51  85 175]). Setting correlations for these regions to 0.
2025-04-15 01:12:15,385 - root - WARNING - Subject 6681 has regions with zero variance (indices: [ 29  51  85 175]). Setting correlations for these regions to 0.
2025-04-15 01:12:15,403 - root - WARNING - Subject 6682 has regions with zero variance (indices: [ 29  51  85 175]). Setting correlations for these regions to 0.
2025-04-15 01:12:15,421 - root - WARNING - Subject 6683 has regions with zero variance (indices: [ 29  51  85 175]). Setting correlations for these regions to 0.
2025-04-15 01:12:15,439 - root - WARNING - Subject 6684 has regions with zero variance (indices: [ 29  51  85 175]). Setting correlations for these regions to 0.
2025-04-15 01:12:15,457 - root - WARNING - Subject 6685 has regions with zero variance (indices: [ 29  51  85 175]). Setting correlations for these regions to 0.
2025-04-15 01:12:15,475 - root - WARNING - Subject 6686 has regions with zero variance (indices: [ 29  51  85 175]). Setting correlations for these regions to 0.
2025-04-15 01:12:15,493 - root - WARNING - Subject 6687 has regions with zero variance (indices: [ 29  51  85 175]). Setting correlations for these regions to 0.
2025-04-15 01:12:15,511 - root - WARNING - Subject 6688 has regions with zero variance (indices: [ 29  51  85 175]). Setting correlations for these regions to 0.
2025-04-15 01:12:15,529 - root - WARNING - Subject 6689 has regions with zero variance (indices: [ 29  51  85 175]). Setting correlations for these regions to 0.
2025-04-15 01:12:15,547 - root - WARNING - Subject 6690 has regions with zero variance (indices: [ 29  51  85 175]). Setting correlations for these regions to 0.
2025-04-15 01:12:15,564 - root - WARNING - Subject 6691 has regions with zero variance (indices: [ 29  51  85 175]). Setting correlations for these regions to 0.
2025-04-15 01:12:15,583 - root - WARNING - Subject 6692 has regions with zero variance (indices: [ 29  51  85 175]). Setting correlations for these regions to 0.
2025-04-15 01:12:15,601 - root - WARNING - Subject 6693 has regions with zero variance (indices: [ 29  51  85 175]). Setting correlations for these regions to 0.
2025-04-15 01:12:15,618 - root - WARNING - Subject 6694 has regions with zero variance (indices: [ 29  51  85 175]). Setting correlations for these regions to 0.
2025-04-15 01:12:15,636 - root - WARNING - Subject 6695 has regions with zero variance (indices: [ 29  51  85 175]). Setting correlations for these regions to 0.
2025-04-15 01:12:15,654 - root - WARNING - Subject 6696 has regions with zero variance (indices: [ 29  51  85 175]). Setting correlations for these regions to 0.
2025-04-15 01:12:15,672 - root - WARNING - Subject 6697 has regions with zero variance (indices: [ 29  51  85 175]). Setting correlations for these regions to 0.
2025-04-15 01:12:15,690 - root - WARNING - Subject 6698 has regions with zero variance (indices: [ 29  51  85 175]). Setting correlations for these regions to 0.
2025-04-15 01:12:15,708 - root - WARNING - Subject 6699 has regions with zero variance (indices: [ 29  51  85 175]). Setting correlations for these regions to 0.
2025-04-15 01:12:15,726 - root - WARNING - Subject 6700 has regions with zero variance (indices: [ 29  51  85 175]). Setting correlations for these regions to 0.
2025-04-15 01:12:15,744 - root - WARNING - Subject 6701 has regions with zero variance (indices: [ 29  51  85 175]). Setting correlations for these regions to 0.
2025-04-15 01:12:15,762 - root - WARNING - Subject 6702 has regions with zero variance (indices: [ 29  51  85 175]). Setting correlations for these regions to 0.
2025-04-15 01:12:15,781 - root - WARNING - Subject 6703 has regions with zero variance (indices: [ 29  51  85 175]). Setting correlations for these regions to 0.
2025-04-15 01:12:15,799 - root - WARNING - Subject 6704 has regions with zero variance (indices: [ 29  51  85 175]). Setting correlations for these regions to 0.
2025-04-15 01:12:15,817 - root - WARNING - Subject 6705 has regions with zero variance (indices: [ 29  51  85 175]). Setting correlations for these regions to 0.
2025-04-15 01:12:15,835 - root - WARNING - Subject 6706 has regions with zero variance (indices: [ 29  51  85 175]). Setting correlations for these regions to 0.
2025-04-15 01:12:15,853 - root - WARNING - Subject 6707 has regions with zero variance (indices: [ 29  51  85 175]). Setting correlations for these regions to 0.
2025-04-15 01:12:15,871 - root - WARNING - Subject 6708 has regions with zero variance (indices: [ 29  51  85 175]). Setting correlations for these regions to 0.
2025-04-15 01:12:15,889 - root - WARNING - Subject 6709 has regions with zero variance (indices: [ 29  51  85 175]). Setting correlations for these regions to 0.
2025-04-15 01:12:15,907 - root - WARNING - Subject 6710 has regions with zero variance (indices: [ 29  51  85 175]). Setting correlations for these regions to 0.
2025-04-15 01:12:15,925 - root - WARNING - Subject 6711 has regions with zero variance (indices: [ 29  51  85 175]). Setting correlations for these regions to 0.
2025-04-15 01:12:15,942 - root - WARNING - Subject 6712 has regions with zero variance (indices: [ 29  51  85 175]). Setting correlations for these regions to 0.
2025-04-15 01:12:15,960 - root - WARNING - Subject 6713 has regions with zero variance (indices: [ 29  51  85 175]). Setting correlations for these regions to 0.
2025-04-15 01:12:15,978 - root - WARNING - Subject 6714 has regions with zero variance (indices: [ 29  51  85 175]). Setting correlations for these regions to 0.
2025-04-15 01:12:15,996 - root - WARNING - Subject 6715 has regions with zero variance (indices: [ 29  51  85 175]). Setting correlations for these regions to 0.
2025-04-15 01:12:16,014 - root - WARNING - Subject 6716 has regions with zero variance (indices: [ 29  51  85 175]). Setting correlations for these regions to 0.
2025-04-15 01:12:16,032 - root - WARNING - Subject 6717 has regions with zero variance (indices: [ 29  51  85 175]). Setting correlations for these regions to 0.
2025-04-15 01:12:16,050 - root - WARNING - Subject 6718 has regions with zero variance (indices: [ 29  51  85 175]). Setting correlations for these regions to 0.
2025-04-15 01:12:16,068 - root - WARNING - Subject 6719 has regions with zero variance (indices: [ 29  51  85 175]). Setting correlations for these regions to 0.
2025-04-15 01:12:16,086 - root - WARNING - Subject 6720 has regions with zero variance (indices: [ 29  51  85 175]). Setting correlations for these regions to 0.
2025-04-15 01:12:16,104 - root - WARNING - Subject 6721 has regions with zero variance (indices: [ 29  51  85 175]). Setting correlations for these regions to 0.
2025-04-15 01:12:16,122 - root - WARNING - Subject 6722 has regions with zero variance (indices: [ 29  51  85 175]). Setting correlations for these regions to 0.
2025-04-15 01:12:16,140 - root - WARNING - Subject 6723 has regions with zero variance (indices: [ 29  51  85 175]). Setting correlations for these regions to 0.
2025-04-15 01:12:16,158 - root - WARNING - Subject 6724 has regions with zero variance (indices: [ 29  51  85 175]). Setting correlations for these regions to 0.
2025-04-15 01:12:16,175 - root - WARNING - Subject 6725 has regions with zero variance (indices: [ 29  51  85 175]). Setting correlations for these regions to 0.
2025-04-15 01:12:16,193 - root - WARNING - Subject 6726 has regions with zero variance (indices: [ 29  51  85 175]). Setting correlations for these regions to 0.
2025-04-15 01:12:16,211 - root - WARNING - Subject 6727 has regions with zero variance (indices: [ 29  51  85 175]). Setting correlations for these regions to 0.
2025-04-15 01:12:16,229 - root - WARNING - Subject 6728 has regions with zero variance (indices: [ 29  51  85 175]). Setting correlations for these regions to 0.
2025-04-15 01:12:16,247 - root - WARNING - Subject 6729 has regions with zero variance (indices: [ 29  51  85 175]). Setting correlations for these regions to 0.
2025-04-15 01:12:16,265 - root - WARNING - Subject 6730 has regions with zero variance (indices: [ 29  51  85 175]). Setting correlations for these regions to 0.
2025-04-15 01:12:16,283 - root - WARNING - Subject 6731 has regions with zero variance (indices: [ 29  51  85 175]). Setting correlations for these regions to 0.
2025-04-15 01:12:16,300 - root - WARNING - Subject 6732 has regions with zero variance (indices: [ 29  51  85 175]). Setting correlations for these regions to 0.
2025-04-15 01:12:16,318 - root - WARNING - Subject 6733 has regions with zero variance (indices: [ 29  51  85 175]). Setting correlations for these regions to 0.
2025-04-15 01:12:16,336 - root - WARNING - Subject 6734 has regions with zero variance (indices: [ 29  51  85 175]). Setting correlations for these regions to 0.
2025-04-15 01:12:16,354 - root - WARNING - Subject 6735 has regions with zero variance (indices: [ 29  51  85 175]). Setting correlations for these regions to 0.
2025-04-15 01:12:16,372 - root - WARNING - Subject 6736 has regions with zero variance (indices: [ 29  51  85 175]). Setting correlations for these regions to 0.
2025-04-15 01:12:16,390 - root - WARNING - Subject 6737 has regions with zero variance (indices: [ 29  51  85 175]). Setting correlations for these regions to 0.
2025-04-15 01:12:16,407 - root - WARNING - Subject 6738 has regions with zero variance (indices: [ 29  51  85 175]). Setting correlations for these regions to 0.
2025-04-15 01:12:16,425 - root - WARNING - Subject 6739 has regions with zero variance (indices: [ 29  51  85 175]). Setting correlations for these regions to 0.
2025-04-15 01:12:16,443 - root - WARNING - Subject 6740 has regions with zero variance (indices: [ 29  51  85 175]). Setting correlations for these regions to 0.
2025-04-15 01:12:16,461 - root - WARNING - Subject 6741 has regions with zero variance (indices: [ 29  51  85 175]). Setting correlations for these regions to 0.
2025-04-15 01:12:16,479 - root - WARNING - Subject 6742 has regions with zero variance (indices: [ 29  51  85 175]). Setting correlations for these regions to 0.
2025-04-15 01:12:16,497 - root - WARNING - Subject 6743 has regions with zero variance (indices: [ 29  51  85 175]). Setting correlations for these regions to 0.
2025-04-15 01:12:16,515 - root - WARNING - Subject 6744 has regions with zero variance (indices: [ 29  51  85 175]). Setting correlations for these regions to 0.
2025-04-15 01:12:16,533 - root - WARNING - Subject 6745 has regions with zero variance (indices: [ 29  51  85 175]). Setting correlations for these regions to 0.
2025-04-15 01:12:16,551 - root - WARNING - Subject 6746 has regions with zero variance (indices: [ 29  51  85 175]). Setting correlations for these regions to 0.
2025-04-15 01:12:16,569 - root - WARNING - Subject 6747 has regions with zero variance (indices: [ 29  51  85 175]). Setting correlations for these regions to 0.
2025-04-15 01:12:16,587 - root - WARNING - Subject 6748 has regions with zero variance (indices: [ 29  51  85 175]). Setting correlations for these regions to 0.
2025-04-15 01:12:16,605 - root - WARNING - Subject 6749 has regions with zero variance (indices: [ 29  51  85 175]). Setting correlations for these regions to 0.
2025-04-15 01:12:16,623 - root - WARNING - Subject 6750 has regions with zero variance (indices: [ 29  51  85 175]). Setting correlations for these regions to 0.
2025-04-15 01:12:16,641 - root - WARNING - Subject 6751 has regions with zero variance (indices: [ 29  51  85 175]). Setting correlations for these regions to 0.
2025-04-15 01:12:16,659 - root - WARNING - Subject 6752 has regions with zero variance (indices: [ 29  51  85 175]). Setting correlations for these regions to 0.
2025-04-15 01:12:16,677 - root - WARNING - Subject 6753 has regions with zero variance (indices: [ 29  51  85 175]). Setting correlations for these regions to 0.
2025-04-15 01:12:16,695 - root - WARNING - Subject 6754 has regions with zero variance (indices: [ 29  51  85 175]). Setting correlations for these regions to 0.
2025-04-15 01:12:16,712 - root - WARNING - Subject 6755 has regions with zero variance (indices: [ 29  51  85 175]). Setting correlations for these regions to 0.
2025-04-15 01:12:16,730 - root - WARNING - Subject 6756 has regions with zero variance (indices: [ 29  51  85 175]). Setting correlations for these regions to 0.
2025-04-15 01:12:16,748 - root - WARNING - Subject 6757 has regions with zero variance (indices: [ 29  51  85 175]). Setting correlations for these regions to 0.
2025-04-15 01:12:16,766 - root - WARNING - Subject 6758 has regions with zero variance (indices: [ 29  51  85 175]). Setting correlations for these regions to 0.
2025-04-15 01:12:16,784 - root - WARNING - Subject 6759 has regions with zero variance (indices: [ 29  51  85 175]). Setting correlations for these regions to 0.
2025-04-15 01:12:16,802 - root - WARNING - Subject 6760 has regions with zero variance (indices: [ 29  51  85 175]). Setting correlations for these regions to 0.
2025-04-15 01:12:16,820 - root - WARNING - Subject 6761 has regions with zero variance (indices: [ 29  51  85 175]). Setting correlations for these regions to 0.
2025-04-15 01:12:16,838 - root - WARNING - Subject 6762 has regions with zero variance (indices: [ 29  51  85 175]). Setting correlations for these regions to 0.
2025-04-15 01:12:16,856 - root - WARNING - Subject 6763 has regions with zero variance (indices: [ 29  51  85 175]). Setting correlations for these regions to 0.
2025-04-15 01:12:16,874 - root - WARNING - Subject 6764 has regions with zero variance (indices: [ 29  51  85 175]). Setting correlations for these regions to 0.
2025-04-15 01:12:16,892 - root - WARNING - Subject 6765 has regions with zero variance (indices: [ 29  51  85 175]). Setting correlations for these regions to 0.
2025-04-15 01:12:16,910 - root - WARNING - Subject 6766 has regions with zero variance (indices: [ 29  51  85 175]). Setting correlations for these regions to 0.
2025-04-15 01:12:16,928 - root - WARNING - Subject 6767 has regions with zero variance (indices: [ 29  51  85 175]). Setting correlations for these regions to 0.
2025-04-15 01:12:16,946 - root - WARNING - Subject 6768 has regions with zero variance (indices: [ 29  51  85 175]). Setting correlations for these regions to 0.
2025-04-15 01:12:16,964 - root - WARNING - Subject 6769 has regions with zero variance (indices: [ 29  51  85 175]). Setting correlations for these regions to 0.
2025-04-15 01:12:16,982 - root - WARNING - Subject 6770 has regions with zero variance (indices: [ 29  51  85 175]). Setting correlations for these regions to 0.
2025-04-15 01:12:17,000 - root - WARNING - Subject 6771 has regions with zero variance (indices: [ 29  51  85 175]). Setting correlations for these regions to 0.
2025-04-15 01:12:17,018 - root - WARNING - Subject 6772 has regions with zero variance (indices: [ 29  51  85 175]). Setting correlations for these regions to 0.
2025-04-15 01:12:17,036 - root - WARNING - Subject 6773 has regions with zero variance (indices: [ 29  51  85 175]). Setting correlations for these regions to 0.
2025-04-15 01:12:17,054 - root - WARNING - Subject 6774 has regions with zero variance (indices: [ 29  51  85 175]). Setting correlations for these regions to 0.
2025-04-15 01:12:17,072 - root - WARNING - Subject 6775 has regions with zero variance (indices: [ 29  51  85 175]). Setting correlations for these regions to 0.
2025-04-15 01:12:17,091 - root - WARNING - Subject 6776 has regions with zero variance (indices: [ 29  51  85 175]). Setting correlations for these regions to 0.
2025-04-15 01:12:17,109 - root - WARNING - Subject 6777 has regions with zero variance (indices: [ 29  51  85 175]). Setting correlations for these regions to 0.
2025-04-15 01:12:17,127 - root - WARNING - Subject 6778 has regions with zero variance (indices: [ 29  51  85 175]). Setting correlations for these regions to 0.
2025-04-15 01:12:17,145 - root - WARNING - Subject 6779 has regions with zero variance (indices: [ 29  51  85 175]). Setting correlations for these regions to 0.
2025-04-15 01:12:17,163 - root - WARNING - Subject 6780 has regions with zero variance (indices: [ 29  51  85 175]). Setting correlations for these regions to 0.
2025-04-15 01:12:17,181 - root - WARNING - Subject 6781 has regions with zero variance (indices: [ 29  51  85 175]). Setting correlations for these regions to 0.
2025-04-15 01:12:17,199 - root - WARNING - Subject 6782 has regions with zero variance (indices: [ 29  51  85 175]). Setting correlations for these regions to 0.
2025-04-15 01:12:17,217 - root - WARNING - Subject 6783 has regions with zero variance (indices: [ 29  51  85 175]). Setting correlations for these regions to 0.
2025-04-15 01:12:17,235 - root - WARNING - Subject 6784 has regions with zero variance (indices: [ 29  51  85 175]). Setting correlations for these regions to 0.
2025-04-15 01:12:17,253 - root - WARNING - Subject 6785 has regions with zero variance (indices: [ 29  51  85 175]). Setting correlations for these regions to 0.
2025-04-15 01:12:17,271 - root - WARNING - Subject 6786 has regions with zero variance (indices: [ 29  51  85 175]). Setting correlations for these regions to 0.
2025-04-15 01:12:17,289 - root - WARNING - Subject 6787 has regions with zero variance (indices: [ 29  51  85 175]). Setting correlations for these regions to 0.
2025-04-15 01:12:17,307 - root - WARNING - Subject 6788 has regions with zero variance (indices: [ 29  51  85 175]). Setting correlations for these regions to 0.
2025-04-15 01:12:17,326 - root - WARNING - Subject 6789 has regions with zero variance (indices: [ 29  51  85 175]). Setting correlations for these regions to 0.
2025-04-15 01:12:17,343 - root - WARNING - Subject 6790 has regions with zero variance (indices: [ 29  51  85 175]). Setting correlations for these regions to 0.
2025-04-15 01:12:17,361 - root - WARNING - Subject 6791 has regions with zero variance (indices: [ 29  51  85 175]). Setting correlations for these regions to 0.
2025-04-15 01:12:17,380 - root - WARNING - Subject 6792 has regions with zero variance (indices: [ 29  51  85 175]). Setting correlations for these regions to 0.
2025-04-15 01:12:17,397 - root - WARNING - Subject 6793 has regions with zero variance (indices: [ 29  51  85 175]). Setting correlations for these regions to 0.
2025-04-15 01:12:17,416 - root - WARNING - Subject 6794 has regions with zero variance (indices: [ 29  51  85 175]). Setting correlations for these regions to 0.
2025-04-15 01:12:17,433 - root - WARNING - Subject 6795 has regions with zero variance (indices: [ 29  51  85 175]). Setting correlations for these regions to 0.
2025-04-15 01:12:17,452 - root - WARNING - Subject 6796 has regions with zero variance (indices: [ 29  51  85 175]). Setting correlations for these regions to 0.
2025-04-15 01:12:17,469 - root - WARNING - Subject 6797 has regions with zero variance (indices: [ 29  51  85 175]). Setting correlations for these regions to 0.
2025-04-15 01:12:17,487 - root - WARNING - Subject 6798 has regions with zero variance (indices: [ 29  51  85 175]). Setting correlations for these regions to 0.
2025-04-15 01:12:17,506 - root - WARNING - Subject 6799 has regions with zero variance (indices: [ 29  51  85 175]). Setting correlations for these regions to 0.
2025-04-15 01:12:17,524 - root - WARNING - Subject 6800 has regions with zero variance (indices: [ 29  51  85 175]). Setting correlations for these regions to 0.
2025-04-15 01:12:17,542 - root - WARNING - Subject 6801 has regions with zero variance (indices: [ 29  51  85 175]). Setting correlations for these regions to 0.
2025-04-15 01:12:17,560 - root - WARNING - Subject 6802 has regions with zero variance (indices: [ 29  51  85 175]). Setting correlations for these regions to 0.
2025-04-15 01:12:17,578 - root - WARNING - Subject 6803 has regions with zero variance (indices: [ 29  51  85 175]). Setting correlations for these regions to 0.
2025-04-15 01:12:17,597 - root - WARNING - Subject 6804 has regions with zero variance (indices: [ 29  51  85 175]). Setting correlations for these regions to 0.
2025-04-15 01:12:17,615 - root - WARNING - Subject 6805 has regions with zero variance (indices: [ 29  51  85 175]). Setting correlations for these regions to 0.
2025-04-15 01:12:18,238 - root - WARNING - Subject 7802 has regions with zero variance (indices: [  8   9  25  35  40  51  76  79  85 117 119 125 157 174 175 191 194]). Setting correlations for these regions to 0.
2025-04-15 01:12:18,254 - root - WARNING - Subject 7803 has regions with zero variance (indices: [  8   9  25  35  40  51  76  79  85 117 119 125 157 174 175 191 194]). Setting correlations for these regions to 0.
2025-04-15 01:12:18,270 - root - WARNING - Subject 7804 has regions with zero variance (indices: [  8   9  25  35  40  51  76  79  85 117 119 125 157 174 175 191 194]). Setting correlations for these regions to 0.
2025-04-15 01:12:18,286 - root - WARNING - Subject 7805 has regions with zero variance (indices: [  8   9  25  35  40  51  76  79  85 117 119 125 157 174 175 191 194]). Setting correlations for these regions to 0.
2025-04-15 01:12:18,302 - root - WARNING - Subject 7806 has regions with zero variance (indices: [  8   9  25  35  40  51  76  79  85 117 119 125 157 174 175 191 194]). Setting correlations for these regions to 0.
2025-04-15 01:12:18,317 - root - WARNING - Subject 7807 has regions with zero variance (indices: [  8   9  25  35  40  51  76  79  85 117 119 125 157 174 175 191 194]). Setting correlations for these regions to 0.
2025-04-15 01:12:18,333 - root - WARNING - Subject 7808 has regions with zero variance (indices: [  8   9  25  35  40  51  76  79  85 117 119 125 157 174 175 191 194]). Setting correlations for these regions to 0.
2025-04-15 01:12:18,349 - root - WARNING - Subject 7809 has regions with zero variance (indices: [  8   9  25  35  40  51  76  79  85 117 119 125 157 174 175 191 194]). Setting correlations for these regions to 0.
2025-04-15 01:12:18,364 - root - WARNING - Subject 7810 has regions with zero variance (indices: [  8   9  25  35  40  51  76  79  85 117 119 125 157 174 175 191 194]). Setting correlations for these regions to 0.
2025-04-15 01:12:18,380 - root - WARNING - Subject 7811 has regions with zero variance (indices: [  8   9  25  35  40  51  76  79  85 117 119 125 157 174 175 191 194]). Setting correlations for these regions to 0.
2025-04-15 01:12:18,396 - root - WARNING - Subject 7812 has regions with zero variance (indices: [  8   9  25  35  40  51  76  79  85 117 119 125 157 174 175 191 194]). Setting correlations for these regions to 0.
2025-04-15 01:12:18,412 - root - WARNING - Subject 7813 has regions with zero variance (indices: [  8   9  25  35  40  51  76  79  85 117 119 125 157 174 175 191 194]). Setting correlations for these regions to 0.
2025-04-15 01:12:18,428 - root - WARNING - Subject 7814 has regions with zero variance (indices: [  8   9  25  35  40  51  76  79  85 117 119 125 157 174 175 191 194]). Setting correlations for these regions to 0.
2025-04-15 01:12:18,444 - root - WARNING - Subject 7815 has regions with zero variance (indices: [  8   9  25  35  40  51  76  79  85 117 119 125 157 174 175 191 194]). Setting correlations for these regions to 0.
2025-04-15 01:12:18,459 - root - WARNING - Subject 7816 has regions with zero variance (indices: [  8   9  25  35  40  51  76  79  85 117 119 125 157 174 175 191 194]). Setting correlations for these regions to 0.
2025-04-15 01:12:18,475 - root - WARNING - Subject 7817 has regions with zero variance (indices: [  8   9  25  35  40  51  76  79  85 117 119 125 157 174 175 191 194]). Setting correlations for these regions to 0.
2025-04-15 01:12:18,491 - root - WARNING - Subject 7818 has regions with zero variance (indices: [  8   9  25  35  40  51  76  79  85 117 119 125 157 174 175 191 194]). Setting correlations for these regions to 0.
2025-04-15 01:12:18,507 - root - WARNING - Subject 7819 has regions with zero variance (indices: [  8   9  25  35  40  51  76  79  85 117 119 125 157 174 175 191 194]). Setting correlations for these regions to 0.
2025-04-15 01:12:18,523 - root - WARNING - Subject 7820 has regions with zero variance (indices: [  8   9  25  35  40  51  76  79  85 117 119 125 157 174 175 191 194]). Setting correlations for these regions to 0.
2025-04-15 01:12:18,538 - root - WARNING - Subject 7821 has regions with zero variance (indices: [  8   9  25  35  40  51  76  79  85 117 119 125 157 174 175 191 194]). Setting correlations for these regions to 0.
2025-04-15 01:12:18,554 - root - WARNING - Subject 7822 has regions with zero variance (indices: [  8   9  25  35  40  51  76  79  85 117 119 125 157 174 175 191 194]). Setting correlations for these regions to 0.
2025-04-15 01:12:18,569 - root - WARNING - Subject 7823 has regions with zero variance (indices: [  8   9  25  35  40  51  76  79  85 117 119 125 157 174 175 191 194]). Setting correlations for these regions to 0.
2025-04-15 01:12:18,585 - root - WARNING - Subject 7824 has regions with zero variance (indices: [  8   9  25  35  40  51  76  79  85 117 119 125 157 174 175 191 194]). Setting correlations for these regions to 0.
2025-04-15 01:12:18,601 - root - WARNING - Subject 7825 has regions with zero variance (indices: [  8   9  25  35  40  51  76  79  85 117 119 125 157 174 175 191 194]). Setting correlations for these regions to 0.
2025-04-15 01:12:18,617 - root - WARNING - Subject 7826 has regions with zero variance (indices: [  8   9  25  35  40  51  76  79  85 117 119 125 157 174 175 191 194]). Setting correlations for these regions to 0.
2025-04-15 01:12:18,633 - root - WARNING - Subject 7827 has regions with zero variance (indices: [  8   9  25  35  40  51  76  79  85 117 119 125 157 174 175 191 194]). Setting correlations for these regions to 0.
2025-04-15 01:12:18,648 - root - WARNING - Subject 7828 has regions with zero variance (indices: [  8   9  25  35  40  51  76  79  85 117 119 125 157 174 175 191 194]). Setting correlations for these regions to 0.
2025-04-15 01:12:18,664 - root - WARNING - Subject 7829 has regions with zero variance (indices: [  8   9  25  35  40  51  76  79  85 117 119 125 157 174 175 191 194]). Setting correlations for these regions to 0.
2025-04-15 01:12:18,680 - root - WARNING - Subject 7830 has regions with zero variance (indices: [  8   9  25  35  40  51  76  79  85 117 119 125 157 174 175 191 194]). Setting correlations for these regions to 0.
2025-04-15 01:12:18,695 - root - WARNING - Subject 7831 has regions with zero variance (indices: [  8   9  25  35  40  51  76  79  85 117 119 125 157 174 175 191 194]). Setting correlations for these regions to 0.
2025-04-15 01:12:18,711 - root - WARNING - Subject 7832 has regions with zero variance (indices: [  8   9  25  35  40  51  76  79  85 117 119 125 157 174 175 191 194]). Setting correlations for these regions to 0.
2025-04-15 01:12:18,727 - root - WARNING - Subject 7833 has regions with zero variance (indices: [  8   9  25  35  40  51  76  79  85 117 119 125 157 174 175 191 194]). Setting correlations for these regions to 0.
2025-04-15 01:12:18,743 - root - WARNING - Subject 7834 has regions with zero variance (indices: [  8   9  25  35  40  51  76  79  85 117 119 125 157 174 175 191 194]). Setting correlations for these regions to 0.
2025-04-15 01:12:18,758 - root - WARNING - Subject 7835 has regions with zero variance (indices: [  8   9  25  35  40  51  76  79  85 117 119 125 157 174 175 191 194]). Setting correlations for these regions to 0.
2025-04-15 01:12:18,774 - root - WARNING - Subject 7836 has regions with zero variance (indices: [  8   9  25  35  40  51  76  79  85 117 119 125 157 174 175 191 194]). Setting correlations for these regions to 0.
2025-04-15 01:12:18,790 - root - WARNING - Subject 7837 has regions with zero variance (indices: [  8   9  25  35  40  51  76  79  85 117 119 125 157 174 175 191 194]). Setting correlations for these regions to 0.
2025-04-15 01:12:18,805 - root - WARNING - Subject 7838 has regions with zero variance (indices: [  8   9  25  35  40  51  76  79  85 117 119 125 157 174 175 191 194]). Setting correlations for these regions to 0.
2025-04-15 01:12:18,821 - root - WARNING - Subject 7839 has regions with zero variance (indices: [  8   9  25  35  40  51  76  79  85 117 119 125 157 174 175 191 194]). Setting correlations for these regions to 0.
2025-04-15 01:12:18,836 - root - WARNING - Subject 7840 has regions with zero variance (indices: [  8   9  25  35  40  51  76  79  85 117 119 125 157 174 175 191 194]). Setting correlations for these regions to 0.
2025-04-15 01:12:18,852 - root - WARNING - Subject 7841 has regions with zero variance (indices: [  8   9  25  35  40  51  76  79  85 117 119 125 157 174 175 191 194]). Setting correlations for these regions to 0.
2025-04-15 01:12:18,868 - root - WARNING - Subject 7842 has regions with zero variance (indices: [  8   9  25  35  40  51  76  79  85 117 119 125 157 174 175 191 194]). Setting correlations for these regions to 0.
2025-04-15 01:12:18,883 - root - WARNING - Subject 7843 has regions with zero variance (indices: [  8   9  25  35  40  51  76  79  85 117 119 125 157 174 175 191 194]). Setting correlations for these regions to 0.
2025-04-15 01:12:18,899 - root - WARNING - Subject 7844 has regions with zero variance (indices: [  8   9  25  35  40  51  76  79  85 117 119 125 157 174 175 191 194]). Setting correlations for these regions to 0.
2025-04-15 01:12:18,915 - root - WARNING - Subject 7845 has regions with zero variance (indices: [  8   9  25  35  40  51  76  79  85 117 119 125 157 174 175 191 194]). Setting correlations for these regions to 0.
2025-04-15 01:12:18,930 - root - WARNING - Subject 7846 has regions with zero variance (indices: [  8   9  25  35  40  51  76  79  85 117 119 125 157 174 175 191 194]). Setting correlations for these regions to 0.
2025-04-15 01:12:18,946 - root - WARNING - Subject 7847 has regions with zero variance (indices: [  8   9  25  35  40  51  76  79  85 117 119 125 157 174 175 191 194]). Setting correlations for these regions to 0.
2025-04-15 01:12:18,962 - root - WARNING - Subject 7848 has regions with zero variance (indices: [  8   9  25  35  40  51  76  79  85 117 119 125 157 174 175 191 194]). Setting correlations for these regions to 0.
2025-04-15 01:12:18,978 - root - WARNING - Subject 7849 has regions with zero variance (indices: [  8   9  25  35  40  51  76  79  85 117 119 125 157 174 175 191 194]). Setting correlations for these regions to 0.
2025-04-15 01:12:18,994 - root - WARNING - Subject 7850 has regions with zero variance (indices: [  8   9  25  35  40  51  76  79  85 117 119 125 157 174 175 191 194]). Setting correlations for these regions to 0.
2025-04-15 01:12:19,010 - root - WARNING - Subject 7851 has regions with zero variance (indices: [  8   9  25  35  40  51  76  79  85 117 119 125 157 174 175 191 194]). Setting correlations for these regions to 0.
2025-04-15 01:12:19,025 - root - WARNING - Subject 7852 has regions with zero variance (indices: [  8   9  25  35  40  51  76  79  85 117 119 125 157 174 175 191 194]). Setting correlations for these regions to 0.
2025-04-15 01:12:19,041 - root - WARNING - Subject 7853 has regions with zero variance (indices: [  8   9  25  35  40  51  76  79  85 117 119 125 157 174 175 191 194]). Setting correlations for these regions to 0.
2025-04-15 01:12:19,057 - root - WARNING - Subject 7854 has regions with zero variance (indices: [  8   9  25  35  40  51  76  79  85 117 119 125 157 174 175 191 194]). Setting correlations for these regions to 0.
2025-04-15 01:12:19,073 - root - WARNING - Subject 7855 has regions with zero variance (indices: [  8   9  25  35  40  51  76  79  85 117 119 125 157 174 175 191 194]). Setting correlations for these regions to 0.
2025-04-15 01:12:19,089 - root - WARNING - Subject 7856 has regions with zero variance (indices: [  8   9  25  35  40  51  76  79  85 117 119 125 157 174 175 191 194]). Setting correlations for these regions to 0.
2025-04-15 01:12:19,105 - root - WARNING - Subject 7857 has regions with zero variance (indices: [  8   9  25  35  40  51  76  79  85 117 119 125 157 174 175 191 194]). Setting correlations for these regions to 0.
2025-04-15 01:12:19,120 - root - WARNING - Subject 7858 has regions with zero variance (indices: [  8   9  25  35  40  51  76  79  85 117 119 125 157 174 175 191 194]). Setting correlations for these regions to 0.
2025-04-15 01:12:19,136 - root - WARNING - Subject 7859 has regions with zero variance (indices: [  8   9  25  35  40  51  76  79  85 117 119 125 157 174 175 191 194]). Setting correlations for these regions to 0.
2025-04-15 01:12:19,152 - root - WARNING - Subject 7860 has regions with zero variance (indices: [  8   9  25  35  40  51  76  79  85 117 119 125 157 174 175 191 194]). Setting correlations for these regions to 0.
2025-04-15 01:12:19,168 - root - WARNING - Subject 7861 has regions with zero variance (indices: [  8   9  25  35  40  51  76  79  85 117 119 125 157 174 175 191 194]). Setting correlations for these regions to 0.
2025-04-15 01:12:19,183 - root - WARNING - Subject 7862 has regions with zero variance (indices: [  8   9  25  35  40  51  76  79  85 117 119 125 157 174 175 191 194]). Setting correlations for these regions to 0.
2025-04-15 01:12:19,200 - root - WARNING - Subject 7863 has regions with zero variance (indices: [  8   9  25  35  40  51  76  79  85 117 119 125 157 174 175 191 194]). Setting correlations for these regions to 0.
2025-04-15 01:12:19,216 - root - WARNING - Subject 7864 has regions with zero variance (indices: [  8   9  25  35  40  51  76  79  85 117 119 125 157 174 175 191 194]). Setting correlations for these regions to 0.
2025-04-15 01:12:19,231 - root - WARNING - Subject 7865 has regions with zero variance (indices: [  8   9  25  35  40  51  76  79  85 117 119 125 157 174 175 191 194]). Setting correlations for these regions to 0.
2025-04-15 01:12:19,247 - root - WARNING - Subject 7866 has regions with zero variance (indices: [  8   9  25  35  40  51  76  79  85 117 119 125 157 174 175 191 194]). Setting correlations for these regions to 0.
2025-04-15 01:12:19,263 - root - WARNING - Subject 7867 has regions with zero variance (indices: [  8   9  25  35  40  51  76  79  85 117 119 125 157 174 175 191 194]). Setting correlations for these regions to 0.
2025-04-15 01:12:19,279 - root - WARNING - Subject 7868 has regions with zero variance (indices: [  8   9  25  35  40  51  76  79  85 117 119 125 157 174 175 191 194]). Setting correlations for these regions to 0.
2025-04-15 01:12:19,295 - root - WARNING - Subject 7869 has regions with zero variance (indices: [  8   9  25  35  40  51  76  79  85 117 119 125 157 174 175 191 194]). Setting correlations for these regions to 0.
2025-04-15 01:12:19,310 - root - WARNING - Subject 7870 has regions with zero variance (indices: [  8   9  25  35  40  51  76  79  85 117 119 125 157 174 175 191 194]). Setting correlations for these regions to 0.
2025-04-15 01:12:19,326 - root - WARNING - Subject 7871 has regions with zero variance (indices: [  8   9  25  35  40  51  76  79  85 117 119 125 157 174 175 191 194]). Setting correlations for these regions to 0.
2025-04-15 01:12:19,341 - root - WARNING - Subject 7872 has regions with zero variance (indices: [  8   9  25  35  40  51  76  79  85 117 119 125 157 174 175 191 194]). Setting correlations for these regions to 0.
2025-04-15 01:12:19,357 - root - WARNING - Subject 7873 has regions with zero variance (indices: [  8   9  25  35  40  51  76  79  85 117 119 125 157 174 175 191 194]). Setting correlations for these regions to 0.
2025-04-15 01:12:19,373 - root - WARNING - Subject 7874 has regions with zero variance (indices: [  8   9  25  35  40  51  76  79  85 117 119 125 157 174 175 191 194]). Setting correlations for these regions to 0.
2025-04-15 01:12:19,389 - root - WARNING - Subject 7875 has regions with zero variance (indices: [  8   9  25  35  40  51  76  79  85 117 119 125 157 174 175 191 194]). Setting correlations for these regions to 0.
2025-04-15 01:12:19,405 - root - WARNING - Subject 7876 has regions with zero variance (indices: [  8   9  25  35  40  51  76  79  85 117 119 125 157 174 175 191 194]). Setting correlations for these regions to 0.
2025-04-15 01:12:19,421 - root - WARNING - Subject 7877 has regions with zero variance (indices: [  8   9  25  35  40  51  76  79  85 117 119 125 157 174 175 191 194]). Setting correlations for these regions to 0.
2025-04-15 01:12:19,437 - root - WARNING - Subject 7878 has regions with zero variance (indices: [  8   9  25  35  40  51  76  79  85 117 119 125 157 174 175 191 194]). Setting correlations for these regions to 0.
2025-04-15 01:12:19,452 - root - WARNING - Subject 7879 has regions with zero variance (indices: [  8   9  25  35  40  51  76  79  85 117 119 125 157 174 175 191 194]). Setting correlations for these regions to 0.
2025-04-15 01:12:19,468 - root - WARNING - Subject 7880 has regions with zero variance (indices: [  8   9  25  35  40  51  76  79  85 117 119 125 157 174 175 191 194]). Setting correlations for these regions to 0.
2025-04-15 01:12:19,484 - root - WARNING - Subject 7881 has regions with zero variance (indices: [  8   9  25  35  40  51  76  79  85 117 119 125 157 174 175 191 194]). Setting correlations for these regions to 0.
2025-04-15 01:12:19,500 - root - WARNING - Subject 7882 has regions with zero variance (indices: [  8   9  25  35  40  51  76  79  85 117 119 125 157 174 175 191 194]). Setting correlations for these regions to 0.
2025-04-15 01:12:19,516 - root - WARNING - Subject 7883 has regions with zero variance (indices: [  8   9  25  35  40  51  76  79  85 117 119 125 157 174 175 191 194]). Setting correlations for these regions to 0.
2025-04-15 01:12:19,532 - root - WARNING - Subject 7884 has regions with zero variance (indices: [  8   9  25  35  40  51  76  79  85 117 119 125 157 174 175 191 194]). Setting correlations for these regions to 0.
2025-04-15 01:12:19,548 - root - WARNING - Subject 7885 has regions with zero variance (indices: [  8   9  25  35  40  51  76  79  85 117 119 125 157 174 175 191 194]). Setting correlations for these regions to 0.
2025-04-15 01:12:19,563 - root - WARNING - Subject 7886 has regions with zero variance (indices: [  8   9  25  35  40  51  76  79  85 117 119 125 157 174 175 191 194]). Setting correlations for these regions to 0.
2025-04-15 01:12:19,579 - root - WARNING - Subject 7887 has regions with zero variance (indices: [  8   9  25  35  40  51  76  79  85 117 119 125 157 174 175 191 194]). Setting correlations for these regions to 0.
2025-04-15 01:12:19,595 - root - WARNING - Subject 7888 has regions with zero variance (indices: [  8   9  25  35  40  51  76  79  85 117 119 125 157 174 175 191 194]). Setting correlations for these regions to 0.
2025-04-15 01:12:19,611 - root - WARNING - Subject 7889 has regions with zero variance (indices: [  8   9  25  35  40  51  76  79  85 117 119 125 157 174 175 191 194]). Setting correlations for these regions to 0.
2025-04-15 01:12:19,626 - root - WARNING - Subject 7890 has regions with zero variance (indices: [  8   9  25  35  40  51  76  79  85 117 119 125 157 174 175 191 194]). Setting correlations for these regions to 0.
2025-04-15 01:12:19,642 - root - WARNING - Subject 7891 has regions with zero variance (indices: [  8   9  25  35  40  51  76  79  85 117 119 125 157 174 175 191 194]). Setting correlations for these regions to 0.
2025-04-15 01:12:19,658 - root - WARNING - Subject 7892 has regions with zero variance (indices: [  8   9  25  35  40  51  76  79  85 117 119 125 157 174 175 191 194]). Setting correlations for these regions to 0.
2025-04-15 01:12:19,674 - root - WARNING - Subject 7893 has regions with zero variance (indices: [  8   9  25  35  40  51  76  79  85 117 119 125 157 174 175 191 194]). Setting correlations for these regions to 0.
2025-04-15 01:12:19,689 - root - WARNING - Subject 7894 has regions with zero variance (indices: [  8   9  25  35  40  51  76  79  85 117 119 125 157 174 175 191 194]). Setting correlations for these regions to 0.
2025-04-15 01:12:19,705 - root - WARNING - Subject 7895 has regions with zero variance (indices: [  8   9  25  35  40  51  76  79  85 117 119 125 157 174 175 191 194]). Setting correlations for these regions to 0.
2025-04-15 01:12:19,721 - root - WARNING - Subject 7896 has regions with zero variance (indices: [  8   9  25  35  40  51  76  79  85 117 119 125 157 174 175 191 194]). Setting correlations for these regions to 0.
2025-04-15 01:12:19,737 - root - WARNING - Subject 7897 has regions with zero variance (indices: [  8   9  25  35  40  51  76  79  85 117 119 125 157 174 175 191 194]). Setting correlations for these regions to 0.
2025-04-15 01:12:19,753 - root - WARNING - Subject 7898 has regions with zero variance (indices: [  8   9  25  35  40  51  76  79  85 117 119 125 157 174 175 191 194]). Setting correlations for these regions to 0.
2025-04-15 01:12:19,769 - root - WARNING - Subject 7899 has regions with zero variance (indices: [  8   9  25  35  40  51  76  79  85 117 119 125 157 174 175 191 194]). Setting correlations for these regions to 0.
2025-04-15 01:12:19,785 - root - WARNING - Subject 7900 has regions with zero variance (indices: [  8   9  25  35  40  51  76  79  85 117 119 125 157 174 175 191 194]). Setting correlations for these regions to 0.
2025-04-15 01:12:19,800 - root - WARNING - Subject 7901 has regions with zero variance (indices: [  8   9  25  35  40  51  76  79  85 117 119 125 157 174 175 191 194]). Setting correlations for these regions to 0.
2025-04-15 01:12:19,816 - root - WARNING - Subject 7902 has regions with zero variance (indices: [  8   9  25  35  40  51  76  79  85 117 119 125 157 174 175 191 194]). Setting correlations for these regions to 0.
2025-04-15 01:12:19,832 - root - WARNING - Subject 7903 has regions with zero variance (indices: [  8   9  25  35  40  51  76  79  85 117 119 125 157 174 175 191 194]). Setting correlations for these regions to 0.
2025-04-15 01:12:19,847 - root - WARNING - Subject 7904 has regions with zero variance (indices: [  8   9  25  35  40  51  76  79  85 117 119 125 157 174 175 191 194]). Setting correlations for these regions to 0.
2025-04-15 01:12:19,863 - root - WARNING - Subject 7905 has regions with zero variance (indices: [  8   9  25  35  40  51  76  79  85 117 119 125 157 174 175 191 194]). Setting correlations for these regions to 0.
2025-04-15 01:12:19,879 - root - WARNING - Subject 7906 has regions with zero variance (indices: [  8   9  25  35  40  51  76  79  85 117 119 125 157 174 175 191 194]). Setting correlations for these regions to 0.
2025-04-15 01:12:19,895 - root - WARNING - Subject 7907 has regions with zero variance (indices: [  8   9  25  35  40  51  76  79  85 117 119 125 157 174 175 191 194]). Setting correlations for these regions to 0.
2025-04-15 01:12:19,910 - root - WARNING - Subject 7908 has regions with zero variance (indices: [  8   9  25  35  40  51  76  79  85 117 119 125 157 174 175 191 194]). Setting correlations for these regions to 0.
2025-04-15 01:12:19,926 - root - WARNING - Subject 7909 has regions with zero variance (indices: [  8   9  25  35  40  51  76  79  85 117 119 125 157 174 175 191 194]). Setting correlations for these regions to 0.
2025-04-15 01:12:19,942 - root - WARNING - Subject 7910 has regions with zero variance (indices: [  8   9  25  35  40  51  76  79  85 117 119 125 157 174 175 191 194]). Setting correlations for these regions to 0.
2025-04-15 01:12:19,958 - root - WARNING - Subject 7911 has regions with zero variance (indices: [  8   9  25  35  40  51  76  79  85 117 119 125 157 174 175 191 194]). Setting correlations for these regions to 0.
2025-04-15 01:12:19,974 - root - WARNING - Subject 7912 has regions with zero variance (indices: [  8   9  25  35  40  51  76  79  85 117 119 125 157 174 175 191 194]). Setting correlations for these regions to 0.
2025-04-15 01:12:19,989 - root - WARNING - Subject 7913 has regions with zero variance (indices: [  8   9  25  35  40  51  76  79  85 117 119 125 157 174 175 191 194]). Setting correlations for these regions to 0.
2025-04-15 01:12:20,005 - root - WARNING - Subject 7914 has regions with zero variance (indices: [  8   9  25  35  40  51  76  79  85 117 119 125 157 174 175 191 194]). Setting correlations for these regions to 0.
2025-04-15 01:12:20,021 - root - WARNING - Subject 7915 has regions with zero variance (indices: [  8   9  25  35  40  51  76  79  85 117 119 125 157 174 175 191 194]). Setting correlations for these regions to 0.
2025-04-15 01:12:20,037 - root - WARNING - Subject 7916 has regions with zero variance (indices: [  8   9  25  35  40  51  76  79  85 117 119 125 157 174 175 191 194]). Setting correlations for these regions to 0.
2025-04-15 01:12:20,052 - root - WARNING - Subject 7917 has regions with zero variance (indices: [  8   9  25  35  40  51  76  79  85 117 119 125 157 174 175 191 194]). Setting correlations for these regions to 0.
2025-04-15 01:12:20,068 - root - WARNING - Subject 7918 has regions with zero variance (indices: [  8   9  25  35  40  51  76  79  85 117 119 125 157 174 175 191 194]). Setting correlations for these regions to 0.
2025-04-15 01:12:20,084 - root - WARNING - Subject 7919 has regions with zero variance (indices: [  8   9  25  35  40  51  76  79  85 117 119 125 157 174 175 191 194]). Setting correlations for these regions to 0.
2025-04-15 01:12:20,100 - root - WARNING - Subject 7920 has regions with zero variance (indices: [  8   9  25  35  40  51  76  79  85 117 119 125 157 174 175 191 194]). Setting correlations for these regions to 0.
2025-04-15 01:12:20,115 - root - WARNING - Subject 7921 has regions with zero variance (indices: [  8   9  25  35  40  51  76  79  85 117 119 125 157 174 175 191 194]). Setting correlations for these regions to 0.
2025-04-15 01:12:20,131 - root - WARNING - Subject 7922 has regions with zero variance (indices: [  8   9  25  35  40  51  76  79  85 117 119 125 157 174 175 191 194]). Setting correlations for these regions to 0.
2025-04-15 01:12:20,147 - root - WARNING - Subject 7923 has regions with zero variance (indices: [  8   9  25  35  40  51  76  79  85 117 119 125 157 174 175 191 194]). Setting correlations for these regions to 0.
2025-04-15 01:12:20,163 - root - WARNING - Subject 7924 has regions with zero variance (indices: [  8   9  25  35  40  51  76  79  85 117 119 125 157 174 175 191 194]). Setting correlations for these regions to 0.
2025-04-15 01:12:20,179 - root - WARNING - Subject 7925 has regions with zero variance (indices: [  8   9  25  35  40  51  76  79  85 117 119 125 157 174 175 191 194]). Setting correlations for these regions to 0.
2025-04-15 01:12:20,195 - root - WARNING - Subject 7926 has regions with zero variance (indices: [  8   9  25  35  40  51  76  79  85 117 119 125 157 174 175 191 194]). Setting correlations for these regions to 0.
2025-04-15 01:12:20,211 - root - WARNING - Subject 7927 has regions with zero variance (indices: [  8   9  25  35  40  51  76  79  85 117 119 125 157 174 175 191 194]). Setting correlations for these regions to 0.
2025-04-15 01:12:20,226 - root - WARNING - Subject 7928 has regions with zero variance (indices: [  8   9  25  35  40  51  76  79  85 117 119 125 157 174 175 191 194]). Setting correlations for these regions to 0.
2025-04-15 01:12:20,242 - root - WARNING - Subject 7929 has regions with zero variance (indices: [  8   9  25  35  40  51  76  79  85 117 119 125 157 174 175 191 194]). Setting correlations for these regions to 0.
2025-04-15 01:12:20,258 - root - WARNING - Subject 7930 has regions with zero variance (indices: [  8   9  25  35  40  51  76  79  85 117 119 125 157 174 175 191 194]). Setting correlations for these regions to 0.
2025-04-15 01:12:20,274 - root - WARNING - Subject 7931 has regions with zero variance (indices: [  8   9  25  35  40  51  76  79  85 117 119 125 157 174 175 191 194]). Setting correlations for these regions to 0.
2025-04-15 01:12:20,289 - root - WARNING - Subject 7932 has regions with zero variance (indices: [  8   9  25  35  40  51  76  79  85 117 119 125 157 174 175 191 194]). Setting correlations for these regions to 0.
2025-04-15 01:12:20,305 - root - WARNING - Subject 7933 has regions with zero variance (indices: [  8   9  25  35  40  51  76  79  85 117 119 125 157 174 175 191 194]). Setting correlations for these regions to 0.
2025-04-15 01:12:20,321 - root - WARNING - Subject 7934 has regions with zero variance (indices: [  8   9  25  35  40  51  76  79  85 117 119 125 157 174 175 191 194]). Setting correlations for these regions to 0.
2025-04-15 01:12:20,337 - root - WARNING - Subject 7935 has regions with zero variance (indices: [  8   9  25  35  40  51  76  79  85 117 119 125 157 174 175 191 194]). Setting correlations for these regions to 0.
2025-04-15 01:12:20,353 - root - WARNING - Subject 7936 has regions with zero variance (indices: [  8   9  25  35  40  51  76  79  85 117 119 125 157 174 175 191 194]). Setting correlations for these regions to 0.
2025-04-15 01:12:20,369 - root - WARNING - Subject 7937 has regions with zero variance (indices: [  8   9  25  35  40  51  76  79  85 117 119 125 157 174 175 191 194]). Setting correlations for these regions to 0.
2025-04-15 01:12:20,385 - root - WARNING - Subject 7938 has regions with zero variance (indices: [  8   9  25  35  40  51  76  79  85 117 119 125 157 174 175 191 194]). Setting correlations for these regions to 0.
2025-04-15 01:12:20,401 - root - WARNING - Subject 7939 has regions with zero variance (indices: [  8   9  25  35  40  51  76  79  85 117 119 125 157 174 175 191 194]). Setting correlations for these regions to 0.
2025-04-15 01:12:20,417 - root - WARNING - Subject 7940 has regions with zero variance (indices: [  8   9  25  35  40  51  76  79  85 117 119 125 157 174 175 191 194]). Setting correlations for these regions to 0.
2025-04-15 01:12:20,433 - root - WARNING - Subject 7941 has regions with zero variance (indices: [  8   9  25  35  40  51  76  79  85 117 119 125 157 174 175 191 194]). Setting correlations for these regions to 0.
2025-04-15 01:12:20,448 - root - WARNING - Subject 7942 has regions with zero variance (indices: [  8   9  25  35  40  51  76  79  85 117 119 125 157 174 175 191 194]). Setting correlations for these regions to 0.
2025-04-15 01:12:20,464 - root - WARNING - Subject 7943 has regions with zero variance (indices: [  8   9  25  35  40  51  76  79  85 117 119 125 157 174 175 191 194]). Setting correlations for these regions to 0.
2025-04-15 01:12:20,480 - root - WARNING - Subject 7944 has regions with zero variance (indices: [  8   9  25  35  40  51  76  79  85 117 119 125 157 174 175 191 194]). Setting correlations for these regions to 0.
2025-04-15 01:12:20,495 - root - WARNING - Subject 7945 has regions with zero variance (indices: [  8   9  25  35  40  51  76  79  85 117 119 125 157 174 175 191 194]). Setting correlations for these regions to 0.
2025-04-15 01:12:20,511 - root - WARNING - Subject 7946 has regions with zero variance (indices: [  8   9  25  35  40  51  76  79  85 117 119 125 157 174 175 191 194]). Setting correlations for these regions to 0.
2025-04-15 01:12:20,527 - root - WARNING - Subject 7947 has regions with zero variance (indices: [  8   9  25  35  40  51  76  79  85 117 119 125 157 174 175 191 194]). Setting correlations for these regions to 0.
2025-04-15 01:12:20,543 - root - WARNING - Subject 7948 has regions with zero variance (indices: [  8   9  25  35  40  51  76  79  85 117 119 125 157 174 175 191 194]). Setting correlations for these regions to 0.
2025-04-15 01:12:20,559 - root - WARNING - Subject 7949 has regions with zero variance (indices: [  8   9  25  35  40  51  76  79  85 117 119 125 157 174 175 191 194]). Setting correlations for these regions to 0.
2025-04-15 01:12:20,575 - root - WARNING - Subject 7950 has regions with zero variance (indices: [  8   9  25  35  40  51  76  79  85 117 119 125 157 174 175 191 194]). Setting correlations for these regions to 0.
2025-04-15 01:12:20,591 - root - WARNING - Subject 7951 has regions with zero variance (indices: [  8   9  25  35  40  51  76  79  85 117 119 125 157 174 175 191 194]). Setting correlations for these regions to 0.
2025-04-15 01:12:20,606 - root - WARNING - Subject 7952 has regions with zero variance (indices: [  8   9  25  35  40  51  76  79  85 117 119 125 157 174 175 191 194]). Setting correlations for these regions to 0.
2025-04-15 01:12:20,622 - root - WARNING - Subject 7953 has regions with zero variance (indices: [  8   9  25  35  40  51  76  79  85 117 119 125 157 174 175 191 194]). Setting correlations for these regions to 0.
2025-04-15 01:12:20,638 - root - WARNING - Subject 7954 has regions with zero variance (indices: [  8   9  25  35  40  51  76  79  85 117 119 125 157 174 175 191 194]). Setting correlations for these regions to 0.
2025-04-15 01:12:20,653 - root - WARNING - Subject 7955 has regions with zero variance (indices: [  8   9  25  35  40  51  76  79  85 117 119 125 157 174 175 191 194]). Setting correlations for these regions to 0.
2025-04-15 01:12:20,669 - root - WARNING - Subject 7956 has regions with zero variance (indices: [  8   9  25  35  40  51  76  79  85 117 119 125 157 174 175 191 194]). Setting correlations for these regions to 0.
2025-04-15 01:12:20,685 - root - WARNING - Subject 7957 has regions with zero variance (indices: [  8   9  25  35  40  51  76  79  85 117 119 125 157 174 175 191 194]). Setting correlations for these regions to 0.
2025-04-15 01:12:20,701 - root - WARNING - Subject 7958 has regions with zero variance (indices: [  8   9  25  35  40  51  76  79  85 117 119 125 157 174 175 191 194]). Setting correlations for these regions to 0.
2025-04-15 01:12:20,716 - root - WARNING - Subject 7959 has regions with zero variance (indices: [  8   9  25  35  40  51  76  79  85 117 119 125 157 174 175 191 194]). Setting correlations for these regions to 0.
2025-04-15 01:12:20,732 - root - WARNING - Subject 7960 has regions with zero variance (indices: [  8   9  25  35  40  51  76  79  85 117 119 125 157 174 175 191 194]). Setting correlations for these regions to 0.
2025-04-15 01:12:20,748 - root - WARNING - Subject 7961 has regions with zero variance (indices: [  8   9  25  35  40  51  76  79  85 117 119 125 157 174 175 191 194]). Setting correlations for these regions to 0.
2025-04-15 01:12:20,763 - root - WARNING - Subject 7962 has regions with zero variance (indices: [  8   9  25  35  40  51  76  79  85 117 119 125 157 174 175 191 194]). Setting correlations for these regions to 0.
2025-04-15 01:12:20,779 - root - WARNING - Subject 7963 has regions with zero variance (indices: [  8   9  25  35  40  51  76  79  85 117 119 125 157 174 175 191 194]). Setting correlations for these regions to 0.
2025-04-15 01:12:20,795 - root - WARNING - Subject 7964 has regions with zero variance (indices: [  8   9  25  35  40  51  76  79  85 117 119 125 157 174 175 191 194]). Setting correlations for these regions to 0.
2025-04-15 01:12:20,810 - root - WARNING - Subject 7965 has regions with zero variance (indices: [  8   9  25  35  40  51  76  79  85 117 119 125 157 174 175 191 194]). Setting correlations for these regions to 0.
2025-04-15 01:12:20,826 - root - WARNING - Subject 7966 has regions with zero variance (indices: [  8   9  25  35  40  51  76  79  85 117 119 125 157 174 175 191 194]). Setting correlations for these regions to 0.
2025-04-15 01:12:20,842 - root - WARNING - Subject 7967 has regions with zero variance (indices: [  8   9  25  35  40  51  76  79  85 117 119 125 157 174 175 191 194]). Setting correlations for these regions to 0.
2025-04-15 01:12:28,233 - root - WARNING - Subject 19976 has regions with zero variance (indices: [ 16  37  97 114 126 127 156 163]). Setting correlations for these regions to 0.
2025-04-15 01:12:28,251 - root - WARNING - Subject 19977 has regions with zero variance (indices: [ 16  37  97 114 126 127 156 163]). Setting correlations for these regions to 0.
2025-04-15 01:12:28,268 - root - WARNING - Subject 19978 has regions with zero variance (indices: [ 16  37  97 114 126 127 156 163]). Setting correlations for these regions to 0.
2025-04-15 01:12:28,286 - root - WARNING - Subject 19979 has regions with zero variance (indices: [ 16  37  97 114 126 127 156 163]). Setting correlations for these regions to 0.
2025-04-15 01:12:28,303 - root - WARNING - Subject 19980 has regions with zero variance (indices: [ 16  37  97 114 126 127 156 163]). Setting correlations for these regions to 0.
2025-04-15 01:12:28,321 - root - WARNING - Subject 19981 has regions with zero variance (indices: [ 16  37  97 114 126 127 156 163]). Setting correlations for these regions to 0.
2025-04-15 01:12:28,338 - root - WARNING - Subject 19982 has regions with zero variance (indices: [ 16  37  97 114 126 127 156 163]). Setting correlations for these regions to 0.
2025-04-15 01:12:28,355 - root - WARNING - Subject 19983 has regions with zero variance (indices: [ 16  37  97 114 126 127 156 163]). Setting correlations for these regions to 0.
2025-04-15 01:12:28,373 - root - WARNING - Subject 19984 has regions with zero variance (indices: [ 16  37  97 114 126 127 156 163]). Setting correlations for these regions to 0.
2025-04-15 01:12:28,390 - root - WARNING - Subject 19985 has regions with zero variance (indices: [ 16  37  97 114 126 127 156 163]). Setting correlations for these regions to 0.
2025-04-15 01:12:28,407 - root - WARNING - Subject 19986 has regions with zero variance (indices: [ 16  37  97 114 126 127 156 163]). Setting correlations for these regions to 0.
2025-04-15 01:12:28,425 - root - WARNING - Subject 19987 has regions with zero variance (indices: [ 16  37  97 114 126 127 156 163]). Setting correlations for these regions to 0.
2025-04-15 01:12:28,442 - root - WARNING - Subject 19988 has regions with zero variance (indices: [ 16  37  97 114 126 127 156 163]). Setting correlations for these regions to 0.
2025-04-15 01:12:28,460 - root - WARNING - Subject 19989 has regions with zero variance (indices: [ 16  37  97 114 126 127 156 163]). Setting correlations for these regions to 0.
2025-04-15 01:12:28,477 - root - WARNING - Subject 19990 has regions with zero variance (indices: [ 16  37  97 114 126 127 156 163]). Setting correlations for these regions to 0.
2025-04-15 01:12:28,495 - root - WARNING - Subject 19991 has regions with zero variance (indices: [ 16  37  97 114 126 127 156 163]). Setting correlations for these regions to 0.
2025-04-15 01:12:28,512 - root - WARNING - Subject 19992 has regions with zero variance (indices: [ 16  37  97 114 126 127 156 163]). Setting correlations for these regions to 0.
2025-04-15 01:12:28,530 - root - WARNING - Subject 19993 has regions with zero variance (indices: [ 16  37  97 114 126 127 156 163]). Setting correlations for these regions to 0.
2025-04-15 01:12:28,547 - root - WARNING - Subject 19994 has regions with zero variance (indices: [ 16  37  97 114 126 127 156 163]). Setting correlations for these regions to 0.
2025-04-15 01:12:28,565 - root - WARNING - Subject 19995 has regions with zero variance (indices: [ 16  37  97 114 126 127 156 163]). Setting correlations for these regions to 0.
2025-04-15 01:12:28,582 - root - WARNING - Subject 19996 has regions with zero variance (indices: [ 16  37  97 114 126 127 156 163]). Setting correlations for these regions to 0.
2025-04-15 01:12:28,600 - root - WARNING - Subject 19997 has regions with zero variance (indices: [ 16  37  97 114 126 127 156 163]). Setting correlations for these regions to 0.
2025-04-15 01:12:28,617 - root - WARNING - Subject 19998 has regions with zero variance (indices: [ 16  37  97 114 126 127 156 163]). Setting correlations for these regions to 0.
2025-04-15 01:12:28,635 - root - WARNING - Subject 19999 has regions with zero variance (indices: [ 16  37  97 114 126 127 156 163]). Setting correlations for these regions to 0.
2025-04-15 01:12:28,652 - root - WARNING - Subject 20000 has regions with zero variance (indices: [ 16  37  97 114 126 127 156 163]). Setting correlations for these regions to 0.
2025-04-15 01:12:28,669 - root - WARNING - Subject 20001 has regions with zero variance (indices: [ 16  37  97 114 126 127 156 163]). Setting correlations for these regions to 0.
2025-04-15 01:12:28,687 - root - WARNING - Subject 20002 has regions with zero variance (indices: [ 16  37  97 114 126 127 156 163]). Setting correlations for these regions to 0.
2025-04-15 01:12:28,704 - root - WARNING - Subject 20003 has regions with zero variance (indices: [ 16  37  97 114 126 127 156 163]). Setting correlations for these regions to 0.
2025-04-15 01:12:28,721 - root - WARNING - Subject 20004 has regions with zero variance (indices: [ 16  37  97 114 126 127 156 163]). Setting correlations for these regions to 0.
2025-04-15 01:12:28,739 - root - WARNING - Subject 20005 has regions with zero variance (indices: [ 16  37  97 114 126 127 156 163]). Setting correlations for these regions to 0.
2025-04-15 01:12:28,756 - root - WARNING - Subject 20006 has regions with zero variance (indices: [ 16  37  97 114 126 127 156 163]). Setting correlations for these regions to 0.
2025-04-15 01:12:28,774 - root - WARNING - Subject 20007 has regions with zero variance (indices: [ 16  37  97 114 126 127 156 163]). Setting correlations for these regions to 0.
2025-04-15 01:12:28,791 - root - WARNING - Subject 20008 has regions with zero variance (indices: [ 16  37  97 114 126 127 156 163]). Setting correlations for these regions to 0.
2025-04-15 01:12:28,808 - root - WARNING - Subject 20009 has regions with zero variance (indices: [ 16  37  97 114 126 127 156 163]). Setting correlations for these regions to 0.
2025-04-15 01:12:28,825 - root - WARNING - Subject 20010 has regions with zero variance (indices: [ 16  37  97 114 126 127 156 163]). Setting correlations for these regions to 0.
2025-04-15 01:12:28,843 - root - WARNING - Subject 20011 has regions with zero variance (indices: [ 16  37  97 114 126 127 156 163]). Setting correlations for these regions to 0.
2025-04-15 01:12:28,860 - root - WARNING - Subject 20012 has regions with zero variance (indices: [ 16  37  97 114 126 127 156 163]). Setting correlations for these regions to 0.
2025-04-15 01:12:28,878 - root - WARNING - Subject 20013 has regions with zero variance (indices: [ 16  37  97 114 126 127 156 163]). Setting correlations for these regions to 0.
2025-04-15 01:12:28,895 - root - WARNING - Subject 20014 has regions with zero variance (indices: [ 16  37  97 114 126 127 156 163]). Setting correlations for these regions to 0.
2025-04-15 01:12:28,912 - root - WARNING - Subject 20015 has regions with zero variance (indices: [ 16  37  97 114 126 127 156 163]). Setting correlations for these regions to 0.
2025-04-15 01:12:28,930 - root - WARNING - Subject 20016 has regions with zero variance (indices: [ 16  37  97 114 126 127 156 163]). Setting correlations for these regions to 0.
2025-04-15 01:12:28,947 - root - WARNING - Subject 20017 has regions with zero variance (indices: [ 16  37  97 114 126 127 156 163]). Setting correlations for these regions to 0.
2025-04-15 01:12:28,964 - root - WARNING - Subject 20018 has regions with zero variance (indices: [ 16  37  97 114 126 127 156 163]). Setting correlations for these regions to 0.
2025-04-15 01:12:28,982 - root - WARNING - Subject 20019 has regions with zero variance (indices: [ 16  37  97 114 126 127 156 163]). Setting correlations for these regions to 0.
2025-04-15 01:12:28,999 - root - WARNING - Subject 20020 has regions with zero variance (indices: [ 16  37  97 114 126 127 156 163]). Setting correlations for these regions to 0.
2025-04-15 01:12:29,016 - root - WARNING - Subject 20021 has regions with zero variance (indices: [ 16  37  97 114 126 127 156 163]). Setting correlations for these regions to 0.
2025-04-15 01:12:29,033 - root - WARNING - Subject 20022 has regions with zero variance (indices: [ 16  37  97 114 126 127 156 163]). Setting correlations for these regions to 0.
2025-04-15 01:12:29,051 - root - WARNING - Subject 20023 has regions with zero variance (indices: [ 16  37  97 114 126 127 156 163]). Setting correlations for these regions to 0.
2025-04-15 01:12:29,067 - root - WARNING - Subject 20024 has regions with zero variance (indices: [ 16  37  97 114 126 127 156 163]). Setting correlations for these regions to 0.
2025-04-15 01:12:29,085 - root - WARNING - Subject 20025 has regions with zero variance (indices: [ 16  37  97 114 126 127 156 163]). Setting correlations for these regions to 0.
2025-04-15 01:12:29,102 - root - WARNING - Subject 20026 has regions with zero variance (indices: [ 16  37  97 114 126 127 156 163]). Setting correlations for these regions to 0.
2025-04-15 01:12:29,119 - root - WARNING - Subject 20027 has regions with zero variance (indices: [ 16  37  97 114 126 127 156 163]). Setting correlations for these regions to 0.
2025-04-15 01:12:29,136 - root - WARNING - Subject 20028 has regions with zero variance (indices: [ 16  37  97 114 126 127 156 163]). Setting correlations for these regions to 0.
2025-04-15 01:12:29,153 - root - WARNING - Subject 20029 has regions with zero variance (indices: [ 16  37  97 114 126 127 156 163]). Setting correlations for these regions to 0.
2025-04-15 01:12:29,171 - root - WARNING - Subject 20030 has regions with zero variance (indices: [ 16  37  97 114 126 127 156 163]). Setting correlations for these regions to 0.
2025-04-15 01:12:29,188 - root - WARNING - Subject 20031 has regions with zero variance (indices: [ 16  37  97 114 126 127 156 163]). Setting correlations for these regions to 0.
2025-04-15 01:12:29,205 - root - WARNING - Subject 20032 has regions with zero variance (indices: [ 16  37  97 114 126 127 156 163]). Setting correlations for these regions to 0.
2025-04-15 01:12:29,222 - root - WARNING - Subject 20033 has regions with zero variance (indices: [ 16  37  97 114 126 127 156 163]). Setting correlations for these regions to 0.
2025-04-15 01:12:29,240 - root - WARNING - Subject 20034 has regions with zero variance (indices: [ 16  37  97 114 126 127 156 163]). Setting correlations for these regions to 0.
2025-04-15 01:12:29,257 - root - WARNING - Subject 20035 has regions with zero variance (indices: [ 16  37  97 114 126 127 156 163]). Setting correlations for these regions to 0.
2025-04-15 01:12:29,274 - root - WARNING - Subject 20036 has regions with zero variance (indices: [ 16  37  97 114 126 127 156 163]). Setting correlations for these regions to 0.
2025-04-15 01:12:29,291 - root - WARNING - Subject 20037 has regions with zero variance (indices: [ 16  37  97 114 126 127 156 163]). Setting correlations for these regions to 0.
2025-04-15 01:12:29,308 - root - WARNING - Subject 20038 has regions with zero variance (indices: [ 16  37  97 114 126 127 156 163]). Setting correlations for these regions to 0.
2025-04-15 01:12:29,325 - root - WARNING - Subject 20039 has regions with zero variance (indices: [ 16  37  97 114 126 127 156 163]). Setting correlations for these regions to 0.
2025-04-15 01:12:29,343 - root - WARNING - Subject 20040 has regions with zero variance (indices: [ 16  37  97 114 126 127 156 163]). Setting correlations for these regions to 0.
2025-04-15 01:12:29,360 - root - WARNING - Subject 20041 has regions with zero variance (indices: [ 16  37  97 114 126 127 156 163]). Setting correlations for these regions to 0.
2025-04-15 01:12:29,377 - root - WARNING - Subject 20042 has regions with zero variance (indices: [ 16  37  97 114 126 127 156 163]). Setting correlations for these regions to 0.
2025-04-15 01:12:29,394 - root - WARNING - Subject 20043 has regions with zero variance (indices: [ 16  37  97 114 126 127 156 163]). Setting correlations for these regions to 0.
2025-04-15 01:12:29,412 - root - WARNING - Subject 20044 has regions with zero variance (indices: [ 16  37  97 114 126 127 156 163]). Setting correlations for these regions to 0.
2025-04-15 01:12:29,429 - root - WARNING - Subject 20045 has regions with zero variance (indices: [ 16  37  97 114 126 127 156 163]). Setting correlations for these regions to 0.
2025-04-15 01:12:29,446 - root - WARNING - Subject 20046 has regions with zero variance (indices: [ 16  37  97 114 126 127 156 163]). Setting correlations for these regions to 0.
2025-04-15 01:12:29,464 - root - WARNING - Subject 20047 has regions with zero variance (indices: [ 16  37  97 114 126 127 156 163]). Setting correlations for these regions to 0.
2025-04-15 01:12:29,481 - root - WARNING - Subject 20048 has regions with zero variance (indices: [ 16  37  97 114 126 127 156 163]). Setting correlations for these regions to 0.
2025-04-15 01:12:29,499 - root - WARNING - Subject 20049 has regions with zero variance (indices: [ 16  37  97 114 126 127 156 163]). Setting correlations for these regions to 0.
2025-04-15 01:12:29,516 - root - WARNING - Subject 20050 has regions with zero variance (indices: [ 16  37  97 114 126 127 156 163]). Setting correlations for these regions to 0.
2025-04-15 01:12:29,533 - root - WARNING - Subject 20051 has regions with zero variance (indices: [ 16  37  97 114 126 127 156 163]). Setting correlations for these regions to 0.
2025-04-15 01:12:29,551 - root - WARNING - Subject 20052 has regions with zero variance (indices: [ 16  37  97 114 126 127 156 163]). Setting correlations for these regions to 0.
2025-04-15 01:12:29,568 - root - WARNING - Subject 20053 has regions with zero variance (indices: [ 16  37  97 114 126 127 156 163]). Setting correlations for these regions to 0.
2025-04-15 01:12:29,585 - root - WARNING - Subject 20054 has regions with zero variance (indices: [ 16  37  97 114 126 127 156 163]). Setting correlations for these regions to 0.
2025-04-15 01:12:29,602 - root - WARNING - Subject 20055 has regions with zero variance (indices: [ 16  37  97 114 126 127 156 163]). Setting correlations for these regions to 0.
2025-04-15 01:12:29,619 - root - WARNING - Subject 20056 has regions with zero variance (indices: [ 16  37  97 114 126 127 156 163]). Setting correlations for these regions to 0.
2025-04-15 01:12:29,637 - root - WARNING - Subject 20057 has regions with zero variance (indices: [ 16  37  97 114 126 127 156 163]). Setting correlations for these regions to 0.
2025-04-15 01:12:29,654 - root - WARNING - Subject 20058 has regions with zero variance (indices: [ 16  37  97 114 126 127 156 163]). Setting correlations for these regions to 0.
2025-04-15 01:12:29,672 - root - WARNING - Subject 20059 has regions with zero variance (indices: [ 16  37  97 114 126 127 156 163]). Setting correlations for these regions to 0.
2025-04-15 01:12:29,689 - root - WARNING - Subject 20060 has regions with zero variance (indices: [ 16  37  97 114 126 127 156 163]). Setting correlations for these regions to 0.
2025-04-15 01:12:29,706 - root - WARNING - Subject 20061 has regions with zero variance (indices: [ 16  37  97 114 126 127 156 163]). Setting correlations for these regions to 0.
2025-04-15 01:12:29,723 - root - WARNING - Subject 20062 has regions with zero variance (indices: [ 16  37  97 114 126 127 156 163]). Setting correlations for these regions to 0.
2025-04-15 01:12:29,740 - root - WARNING - Subject 20063 has regions with zero variance (indices: [ 16  37  97 114 126 127 156 163]). Setting correlations for these regions to 0.
2025-04-15 01:12:29,758 - root - WARNING - Subject 20064 has regions with zero variance (indices: [ 16  37  97 114 126 127 156 163]). Setting correlations for these regions to 0.
2025-04-15 01:12:29,775 - root - WARNING - Subject 20065 has regions with zero variance (indices: [ 16  37  97 114 126 127 156 163]). Setting correlations for these regions to 0.
2025-04-15 01:12:29,792 - root - WARNING - Subject 20066 has regions with zero variance (indices: [ 16  37  97 114 126 127 156 163]). Setting correlations for these regions to 0.
2025-04-15 01:12:29,809 - root - WARNING - Subject 20067 has regions with zero variance (indices: [ 16  37  97 114 126 127 156 163]). Setting correlations for these regions to 0.
2025-04-15 01:12:29,827 - root - WARNING - Subject 20068 has regions with zero variance (indices: [ 16  37  97 114 126 127 156 163]). Setting correlations for these regions to 0.
2025-04-15 01:12:29,844 - root - WARNING - Subject 20069 has regions with zero variance (indices: [ 16  37  97 114 126 127 156 163]). Setting correlations for these regions to 0.
2025-04-15 01:12:29,861 - root - WARNING - Subject 20070 has regions with zero variance (indices: [ 16  37  97 114 126 127 156 163]). Setting correlations for these regions to 0.
2025-04-15 01:12:29,879 - root - WARNING - Subject 20071 has regions with zero variance (indices: [ 16  37  97 114 126 127 156 163]). Setting correlations for these regions to 0.
2025-04-15 01:12:29,896 - root - WARNING - Subject 20072 has regions with zero variance (indices: [ 16  37  97 114 126 127 156 163]). Setting correlations for these regions to 0.
2025-04-15 01:12:29,913 - root - WARNING - Subject 20073 has regions with zero variance (indices: [ 16  37  97 114 126 127 156 163]). Setting correlations for these regions to 0.
2025-04-15 01:12:29,930 - root - WARNING - Subject 20074 has regions with zero variance (indices: [ 16  37  97 114 126 127 156 163]). Setting correlations for these regions to 0.
2025-04-15 01:12:29,947 - root - WARNING - Subject 20075 has regions with zero variance (indices: [ 16  37  97 114 126 127 156 163]). Setting correlations for these regions to 0.
2025-04-15 01:12:29,965 - root - WARNING - Subject 20076 has regions with zero variance (indices: [ 16  37  97 114 126 127 156 163]). Setting correlations for these regions to 0.
2025-04-15 01:12:29,982 - root - WARNING - Subject 20077 has regions with zero variance (indices: [ 16  37  97 114 126 127 156 163]). Setting correlations for these regions to 0.
2025-04-15 01:12:29,999 - root - WARNING - Subject 20078 has regions with zero variance (indices: [ 16  37  97 114 126 127 156 163]). Setting correlations for these regions to 0.
2025-04-15 01:12:30,017 - root - WARNING - Subject 20079 has regions with zero variance (indices: [ 16  37  97 114 126 127 156 163]). Setting correlations for these regions to 0.
2025-04-15 01:12:30,034 - root - WARNING - Subject 20080 has regions with zero variance (indices: [ 16  37  97 114 126 127 156 163]). Setting correlations for these regions to 0.
2025-04-15 01:12:30,051 - root - WARNING - Subject 20081 has regions with zero variance (indices: [ 16  37  97 114 126 127 156 163]). Setting correlations for these regions to 0.
2025-04-15 01:12:30,069 - root - WARNING - Subject 20082 has regions with zero variance (indices: [ 16  37  97 114 126 127 156 163]). Setting correlations for these regions to 0.
2025-04-15 01:12:30,086 - root - WARNING - Subject 20083 has regions with zero variance (indices: [ 16  37  97 114 126 127 156 163]). Setting correlations for these regions to 0.
2025-04-15 01:12:30,103 - root - WARNING - Subject 20084 has regions with zero variance (indices: [ 16  37  97 114 126 127 156 163]). Setting correlations for these regions to 0.
2025-04-15 01:12:30,121 - root - WARNING - Subject 20085 has regions with zero variance (indices: [ 16  37  97 114 126 127 156 163]). Setting correlations for these regions to 0.
2025-04-15 01:12:30,138 - root - WARNING - Subject 20086 has regions with zero variance (indices: [ 16  37  97 114 126 127 156 163]). Setting correlations for these regions to 0.
2025-04-15 01:12:30,155 - root - WARNING - Subject 20087 has regions with zero variance (indices: [ 16  37  97 114 126 127 156 163]). Setting correlations for these regions to 0.
2025-04-15 01:12:30,172 - root - WARNING - Subject 20088 has regions with zero variance (indices: [ 16  37  97 114 126 127 156 163]). Setting correlations for these regions to 0.
2025-04-15 01:12:30,189 - root - WARNING - Subject 20089 has regions with zero variance (indices: [ 16  37  97 114 126 127 156 163]). Setting correlations for these regions to 0.
2025-04-15 01:12:30,206 - root - WARNING - Subject 20090 has regions with zero variance (indices: [ 16  37  97 114 126 127 156 163]). Setting correlations for these regions to 0.
2025-04-15 01:12:30,224 - root - WARNING - Subject 20091 has regions with zero variance (indices: [ 16  37  97 114 126 127 156 163]). Setting correlations for these regions to 0.
2025-04-15 01:12:30,241 - root - WARNING - Subject 20092 has regions with zero variance (indices: [ 16  37  97 114 126 127 156 163]). Setting correlations for these regions to 0.
2025-04-15 01:12:30,258 - root - WARNING - Subject 20093 has regions with zero variance (indices: [ 16  37  97 114 126 127 156 163]). Setting correlations for these regions to 0.
2025-04-15 01:12:30,275 - root - WARNING - Subject 20094 has regions with zero variance (indices: [ 16  37  97 114 126 127 156 163]). Setting correlations for these regions to 0.
2025-04-15 01:12:30,293 - root - WARNING - Subject 20095 has regions with zero variance (indices: [ 16  37  97 114 126 127 156 163]). Setting correlations for these regions to 0.
2025-04-15 01:12:30,310 - root - WARNING - Subject 20096 has regions with zero variance (indices: [ 16  37  97 114 126 127 156 163]). Setting correlations for these regions to 0.
2025-04-15 01:12:30,327 - root - WARNING - Subject 20097 has regions with zero variance (indices: [ 16  37  97 114 126 127 156 163]). Setting correlations for these regions to 0.
2025-04-15 01:12:30,345 - root - WARNING - Subject 20098 has regions with zero variance (indices: [ 16  37  97 114 126 127 156 163]). Setting correlations for these regions to 0.
2025-04-15 01:12:30,362 - root - WARNING - Subject 20099 has regions with zero variance (indices: [ 16  37  97 114 126 127 156 163]). Setting correlations for these regions to 0.
2025-04-15 01:12:30,380 - root - WARNING - Subject 20100 has regions with zero variance (indices: [ 16  37  97 114 126 127 156 163]). Setting correlations for these regions to 0.
2025-04-15 01:12:30,397 - root - WARNING - Subject 20101 has regions with zero variance (indices: [ 16  37  97 114 126 127 156 163]). Setting correlations for these regions to 0.
2025-04-15 01:12:30,415 - root - WARNING - Subject 20102 has regions with zero variance (indices: [ 16  37  97 114 126 127 156 163]). Setting correlations for these regions to 0.
2025-04-15 01:12:30,432 - root - WARNING - Subject 20103 has regions with zero variance (indices: [ 16  37  97 114 126 127 156 163]). Setting correlations for these regions to 0.
2025-04-15 01:12:30,449 - root - WARNING - Subject 20104 has regions with zero variance (indices: [ 16  37  97 114 126 127 156 163]). Setting correlations for these regions to 0.
2025-04-15 01:12:30,467 - root - WARNING - Subject 20105 has regions with zero variance (indices: [ 16  37  97 114 126 127 156 163]). Setting correlations for these regions to 0.
2025-04-15 01:12:30,484 - root - WARNING - Subject 20106 has regions with zero variance (indices: [ 16  37  97 114 126 127 156 163]). Setting correlations for these regions to 0.
2025-04-15 01:12:30,501 - root - WARNING - Subject 20107 has regions with zero variance (indices: [ 16  37  97 114 126 127 156 163]). Setting correlations for these regions to 0.
2025-04-15 01:12:30,519 - root - WARNING - Subject 20108 has regions with zero variance (indices: [ 16  37  97 114 126 127 156 163]). Setting correlations for these regions to 0.
2025-04-15 01:12:30,536 - root - WARNING - Subject 20109 has regions with zero variance (indices: [ 16  37  97 114 126 127 156 163]). Setting correlations for these regions to 0.
2025-04-15 01:12:30,553 - root - WARNING - Subject 20110 has regions with zero variance (indices: [ 16  37  97 114 126 127 156 163]). Setting correlations for these regions to 0.
2025-04-15 01:12:30,571 - root - WARNING - Subject 20111 has regions with zero variance (indices: [ 16  37  97 114 126 127 156 163]). Setting correlations for these regions to 0.
2025-04-15 01:12:30,588 - root - WARNING - Subject 20112 has regions with zero variance (indices: [ 16  37  97 114 126 127 156 163]). Setting correlations for these regions to 0.
2025-04-15 01:12:30,605 - root - WARNING - Subject 20113 has regions with zero variance (indices: [ 16  37  97 114 126 127 156 163]). Setting correlations for these regions to 0.
2025-04-15 01:12:30,622 - root - WARNING - Subject 20114 has regions with zero variance (indices: [ 16  37  97 114 126 127 156 163]). Setting correlations for these regions to 0.
2025-04-15 01:12:30,640 - root - WARNING - Subject 20115 has regions with zero variance (indices: [ 16  37  97 114 126 127 156 163]). Setting correlations for these regions to 0.
2025-04-15 01:12:30,657 - root - WARNING - Subject 20116 has regions with zero variance (indices: [ 16  37  97 114 126 127 156 163]). Setting correlations for these regions to 0.
2025-04-15 01:12:30,674 - root - WARNING - Subject 20117 has regions with zero variance (indices: [ 16  37  97 114 126 127 156 163]). Setting correlations for these regions to 0.
2025-04-15 01:12:30,691 - root - WARNING - Subject 20118 has regions with zero variance (indices: [ 16  37  97 114 126 127 156 163]). Setting correlations for these regions to 0.
2025-04-15 01:12:30,708 - root - WARNING - Subject 20119 has regions with zero variance (indices: [ 16  37  97 114 126 127 156 163]). Setting correlations for these regions to 0.
2025-04-15 01:12:30,725 - root - WARNING - Subject 20120 has regions with zero variance (indices: [ 16  37  97 114 126 127 156 163]). Setting correlations for these regions to 0.
2025-04-15 01:12:30,742 - root - WARNING - Subject 20121 has regions with zero variance (indices: [ 16  37  97 114 126 127 156 163]). Setting correlations for these regions to 0.
2025-04-15 01:12:30,760 - root - WARNING - Subject 20122 has regions with zero variance (indices: [ 16  37  97 114 126 127 156 163]). Setting correlations for these regions to 0.
2025-04-15 01:12:30,777 - root - WARNING - Subject 20123 has regions with zero variance (indices: [ 16  37  97 114 126 127 156 163]). Setting correlations for these regions to 0.
2025-04-15 01:12:30,794 - root - WARNING - Subject 20124 has regions with zero variance (indices: [ 16  37  97 114 126 127 156 163]). Setting correlations for these regions to 0.
2025-04-15 01:12:30,811 - root - WARNING - Subject 20125 has regions with zero variance (indices: [ 16  37  97 114 126 127 156 163]). Setting correlations for these regions to 0.
2025-04-15 01:12:30,828 - root - WARNING - Subject 20126 has regions with zero variance (indices: [ 16  37  97 114 126 127 156 163]). Setting correlations for these regions to 0.
2025-04-15 01:12:30,845 - root - WARNING - Subject 20127 has regions with zero variance (indices: [ 16  37  97 114 126 127 156 163]). Setting correlations for these regions to 0.
2025-04-15 01:12:30,862 - root - WARNING - Subject 20128 has regions with zero variance (indices: [ 16  37  97 114 126 127 156 163]). Setting correlations for these regions to 0.
2025-04-15 01:12:30,879 - root - WARNING - Subject 20129 has regions with zero variance (indices: [ 16  37  97 114 126 127 156 163]). Setting correlations for these regions to 0.
2025-04-15 01:12:30,897 - root - WARNING - Subject 20130 has regions with zero variance (indices: [ 16  37  97 114 126 127 156 163]). Setting correlations for these regions to 0.
2025-04-15 01:12:30,914 - root - WARNING - Subject 20131 has regions with zero variance (indices: [ 16  37  97 114 126 127 156 163]). Setting correlations for these regions to 0.
2025-04-15 01:12:30,931 - root - WARNING - Subject 20132 has regions with zero variance (indices: [ 16  37  97 114 126 127 156 163]). Setting correlations for these regions to 0.
2025-04-15 01:12:30,949 - root - WARNING - Subject 20133 has regions with zero variance (indices: [ 16  37  97 114 126 127 156 163]). Setting correlations for these regions to 0.
2025-04-15 01:12:30,966 - root - WARNING - Subject 20134 has regions with zero variance (indices: [ 16  37  97 114 126 127 156 163]). Setting correlations for these regions to 0.
2025-04-15 01:12:30,983 - root - WARNING - Subject 20135 has regions with zero variance (indices: [ 16  37  97 114 126 127 156 163]). Setting correlations for these regions to 0.
2025-04-15 01:12:31,001 - root - WARNING - Subject 20136 has regions with zero variance (indices: [ 16  37  97 114 126 127 156 163]). Setting correlations for these regions to 0.
2025-04-15 01:12:31,018 - root - WARNING - Subject 20137 has regions with zero variance (indices: [ 16  37  97 114 126 127 156 163]). Setting correlations for these regions to 0.
2025-04-15 01:12:31,035 - root - WARNING - Subject 20138 has regions with zero variance (indices: [ 16  37  97 114 126 127 156 163]). Setting correlations for these regions to 0.
2025-04-15 01:12:31,053 - root - WARNING - Subject 20139 has regions with zero variance (indices: [ 16  37  97 114 126 127 156 163]). Setting correlations for these regions to 0.
2025-04-15 01:12:31,070 - root - WARNING - Subject 20140 has regions with zero variance (indices: [ 16  37  97 114 126 127 156 163]). Setting correlations for these regions to 0.
2025-04-15 01:12:31,087 - root - WARNING - Subject 20141 has regions with zero variance (indices: [ 16  37  97 114 126 127 156 163]). Setting correlations for these regions to 0.
2025-04-15 01:12:31,104 - root - WARNING - Subject 20142 has regions with zero variance (indices: [ 16  37  97 114 126 127 156 163]). Setting correlations for these regions to 0.
2025-04-15 01:12:31,122 - root - WARNING - Subject 20143 has regions with zero variance (indices: [ 16  37  97 114 126 127 156 163]). Setting correlations for these regions to 0.
2025-04-15 01:12:31,139 - root - WARNING - Subject 20144 has regions with zero variance (indices: [ 16  37  97 114 126 127 156 163]). Setting correlations for these regions to 0.
2025-04-15 01:12:31,156 - root - WARNING - Subject 20145 has regions with zero variance (indices: [ 16  37  97 114 126 127 156 163]). Setting correlations for these regions to 0.
2025-04-15 01:12:31,173 - root - WARNING - Subject 20146 has regions with zero variance (indices: [ 16  37  97 114 126 127 156 163]). Setting correlations for these regions to 0.
2025-04-15 01:12:31,191 - root - WARNING - Subject 20147 has regions with zero variance (indices: [ 16  37  97 114 126 127 156 163]). Setting correlations for these regions to 0.
2025-04-15 01:12:31,208 - root - WARNING - Subject 20148 has regions with zero variance (indices: [ 16  37  97 114 126 127 156 163]). Setting correlations for these regions to 0.
2025-04-15 01:12:31,225 - root - WARNING - Subject 20149 has regions with zero variance (indices: [ 16  37  97 114 126 127 156 163]). Setting correlations for these regions to 0.
2025-04-15 01:12:31,242 - root - WARNING - Subject 20150 has regions with zero variance (indices: [ 16  37  97 114 126 127 156 163]). Setting correlations for these regions to 0.
2025-04-15 01:12:31,259 - root - WARNING - Subject 20151 has regions with zero variance (indices: [ 16  37  97 114 126 127 156 163]). Setting correlations for these regions to 0.
2025-04-15 01:12:31,277 - root - WARNING - Subject 20152 has regions with zero variance (indices: [ 16  37  97 114 126 127 156 163]). Setting correlations for these regions to 0.
2025-04-15 01:12:31,294 - root - WARNING - Subject 20153 has regions with zero variance (indices: [ 16  37  97 114 126 127 156 163]). Setting correlations for these regions to 0.
2025-04-15 01:12:31,311 - root - WARNING - Subject 20154 has regions with zero variance (indices: [ 16  37  97 114 126 127 156 163]). Setting correlations for these regions to 0.
2025-04-15 01:12:31,328 - root - WARNING - Subject 20155 has regions with zero variance (indices: [ 16  37  97 114 126 127 156 163]). Setting correlations for these regions to 0.
2025-04-15 01:12:31,346 - root - WARNING - Subject 20156 has regions with zero variance (indices: [ 16  37  97 114 126 127 156 163]). Setting correlations for these regions to 0.
2025-04-15 01:12:31,363 - root - WARNING - Subject 20157 has regions with zero variance (indices: [ 16  37  97 114 126 127 156 163]). Setting correlations for these regions to 0.
2025-04-15 01:12:31,381 - root - WARNING - Subject 20158 has regions with zero variance (indices: [ 16  37  97 114 126 127 156 163]). Setting correlations for these regions to 0.
2025-04-15 01:12:31,398 - root - WARNING - Subject 20159 has regions with zero variance (indices: [ 16  37  97 114 126 127 156 163]). Setting correlations for these regions to 0.
2025-04-15 01:12:31,415 - root - WARNING - Subject 20160 has regions with zero variance (indices: [ 16  37  97 114 126 127 156 163]). Setting correlations for these regions to 0.
2025-04-15 01:12:31,432 - root - WARNING - Subject 20161 has regions with zero variance (indices: [ 16  37  97 114 126 127 156 163]). Setting correlations for these regions to 0.
2025-04-15 01:12:31,449 - root - WARNING - Subject 20162 has regions with zero variance (indices: [ 16  37  97 114 126 127 156 163]). Setting correlations for these regions to 0.
2025-04-15 01:12:31,467 - root - WARNING - Subject 20163 has regions with zero variance (indices: [ 16  37  97 114 126 127 156 163]). Setting correlations for these regions to 0.
2025-04-15 01:12:31,484 - root - WARNING - Subject 20164 has regions with zero variance (indices: [ 16  37  97 114 126 127 156 163]). Setting correlations for these regions to 0.
2025-04-15 01:12:31,501 - root - WARNING - Subject 20165 has regions with zero variance (indices: [ 16  37  97 114 126 127 156 163]). Setting correlations for these regions to 0.
2025-04-15 01:12:31,519 - root - WARNING - Subject 20166 has regions with zero variance (indices: [ 16  37  97 114 126 127 156 163]). Setting correlations for these regions to 0.
2025-04-15 01:12:31,536 - root - WARNING - Subject 20167 has regions with zero variance (indices: [ 16  37  97 114 126 127 156 163]). Setting correlations for these regions to 0.
2025-04-15 01:12:31,553 - root - WARNING - Subject 20168 has regions with zero variance (indices: [ 16  37  97 114 126 127 156 163]). Setting correlations for these regions to 0.
2025-04-15 01:12:31,570 - root - WARNING - Subject 20169 has regions with zero variance (indices: [ 16  37  97 114 126 127 156 163]). Setting correlations for these regions to 0.
2025-04-15 01:12:31,588 - root - WARNING - Subject 20170 has regions with zero variance (indices: [ 16  37  97 114 126 127 156 163]). Setting correlations for these regions to 0.
2025-04-15 01:12:31,605 - root - WARNING - Subject 20171 has regions with zero variance (indices: [ 16  37  97 114 126 127 156 163]). Setting correlations for these regions to 0.
2025-04-15 01:12:31,622 - root - WARNING - Subject 20172 has regions with zero variance (indices: [ 16  37  97 114 126 127 156 163]). Setting correlations for these regions to 0.
2025-04-15 01:12:31,639 - root - WARNING - Subject 20173 has regions with zero variance (indices: [ 16  37  97 114 126 127 156 163]). Setting correlations for these regions to 0.
2025-04-15 01:12:31,657 - root - WARNING - Subject 20174 has regions with zero variance (indices: [ 16  37  97 114 126 127 156 163]). Setting correlations for these regions to 0.
2025-04-15 01:12:31,674 - root - WARNING - Subject 20175 has regions with zero variance (indices: [ 16  37  97 114 126 127 156 163]). Setting correlations for these regions to 0.
2025-04-15 01:12:31,691 - root - WARNING - Subject 20176 has regions with zero variance (indices: [ 16  37  97 114 126 127 156 163]). Setting correlations for these regions to 0.
2025-04-15 01:12:31,709 - root - WARNING - Subject 20177 has regions with zero variance (indices: [ 16  37  97 114 126 127 156 163]). Setting correlations for these regions to 0.
2025-04-15 01:12:31,726 - root - WARNING - Subject 20178 has regions with zero variance (indices: [ 16  37  97 114 126 127 156 163]). Setting correlations for these regions to 0.
2025-04-15 01:12:31,744 - root - WARNING - Subject 20179 has regions with zero variance (indices: [ 16  37  97 114 126 127 156 163]). Setting correlations for these regions to 0.
2025-04-15 01:12:31,761 - root - WARNING - Subject 20180 has regions with zero variance (indices: [ 16  37  97 114 126 127 156 163]). Setting correlations for these regions to 0.
2025-04-15 01:12:31,778 - root - WARNING - Subject 20181 has regions with zero variance (indices: [ 16  37  97 114 126 127 156 163]). Setting correlations for these regions to 0.
2025-04-15 01:12:31,796 - root - WARNING - Subject 20182 has regions with zero variance (indices: [ 16  37  97 114 126 127 156 163]). Setting correlations for these regions to 0.
2025-04-15 01:12:31,813 - root - WARNING - Subject 20183 has regions with zero variance (indices: [ 16  37  97 114 126 127 156 163]). Setting correlations for these regions to 0.
2025-04-15 01:12:31,830 - root - WARNING - Subject 20184 has regions with zero variance (indices: [ 16  37  97 114 126 127 156 163]). Setting correlations for these regions to 0.
2025-04-15 01:12:31,848 - root - WARNING - Subject 20185 has regions with zero variance (indices: [ 16  37  97 114 126 127 156 163]). Setting correlations for these regions to 0.
2025-04-15 01:12:31,866 - root - WARNING - Subject 20186 has regions with zero variance (indices: [ 16  37  97 114 126 127 156 163]). Setting correlations for these regions to 0.
2025-04-15 01:12:31,883 - root - WARNING - Subject 20187 has regions with zero variance (indices: [ 16  37  97 114 126 127 156 163]). Setting correlations for these regions to 0.
2025-04-15 01:12:31,900 - root - WARNING - Subject 20188 has regions with zero variance (indices: [ 16  37  97 114 126 127 156 163]). Setting correlations for these regions to 0.
2025-04-15 01:12:31,917 - root - WARNING - Subject 20189 has regions with zero variance (indices: [ 16  37  97 114 126 127 156 163]). Setting correlations for these regions to 0.
2025-04-15 01:12:31,935 - root - WARNING - Subject 20190 has regions with zero variance (indices: [ 16  37  97 114 126 127 156 163]). Setting correlations for these regions to 0.
2025-04-15 01:12:31,952 - root - WARNING - Subject 20191 has regions with zero variance (indices: [ 16  37  97 114 126 127 156 163]). Setting correlations for these regions to 0.
2025-04-15 01:12:31,969 - root - WARNING - Subject 20192 has regions with zero variance (indices: [ 16  37  97 114 126 127 156 163]). Setting correlations for these regions to 0.
2025-04-15 01:12:31,986 - root - WARNING - Subject 20193 has regions with zero variance (indices: [ 16  37  97 114 126 127 156 163]). Setting correlations for these regions to 0.
2025-04-15 01:12:32,004 - root - WARNING - Subject 20194 has regions with zero variance (indices: [ 16  37  97 114 126 127 156 163]). Setting correlations for these regions to 0.
2025-04-15 01:12:32,021 - root - WARNING - Subject 20195 has regions with zero variance (indices: [ 16  37  97 114 126 127 156 163]). Setting correlations for these regions to 0.
2025-04-15 01:12:32,038 - root - WARNING - Subject 20196 has regions with zero variance (indices: [ 16  37  97 114 126 127 156 163]). Setting correlations for these regions to 0.
2025-04-15 01:12:32,055 - root - WARNING - Subject 20197 has regions with zero variance (indices: [ 16  37  97 114 126 127 156 163]). Setting correlations for these regions to 0.
2025-04-15 01:12:32,072 - root - WARNING - Subject 20198 has regions with zero variance (indices: [ 16  37  97 114 126 127 156 163]). Setting correlations for these regions to 0.
2025-04-15 01:12:32,090 - root - WARNING - Subject 20199 has regions with zero variance (indices: [ 16  37  97 114 126 127 156 163]). Setting correlations for these regions to 0.
2025-04-15 01:12:32,107 - root - WARNING - Subject 20200 has regions with zero variance (indices: [ 16  37  97 114 126 127 156 163]). Setting correlations for these regions to 0.
2025-04-15 01:12:32,124 - root - WARNING - Subject 20201 has regions with zero variance (indices: [ 16  37  97 114 126 127 156 163]). Setting correlations for these regions to 0.
2025-04-15 01:12:32,142 - root - WARNING - Subject 20202 has regions with zero variance (indices: [ 16  37  97 114 126 127 156 163]). Setting correlations for these regions to 0.
2025-04-15 01:12:32,159 - root - WARNING - Subject 20203 has regions with zero variance (indices: [ 16  37  97 114 126 127 156 163]). Setting correlations for these regions to 0.
2025-04-15 01:12:32,177 - root - WARNING - Subject 20204 has regions with zero variance (indices: [ 16  37  97 114 126 127 156 163]). Setting correlations for these regions to 0.
2025-04-15 01:12:32,194 - root - WARNING - Subject 20205 has regions with zero variance (indices: [ 16  37  97 114 126 127 156 163]). Setting correlations for these regions to 0.
2025-04-15 01:12:32,211 - root - WARNING - Subject 20206 has regions with zero variance (indices: [ 16  37  97 114 126 127 156 163]). Setting correlations for these regions to 0.
2025-04-15 01:12:32,228 - root - WARNING - Subject 20207 has regions with zero variance (indices: [ 16  37  97 114 126 127 156 163]). Setting correlations for these regions to 0.
2025-04-15 01:12:32,246 - root - WARNING - Subject 20208 has regions with zero variance (indices: [ 16  37  97 114 126 127 156 163]). Setting correlations for these regions to 0.
2025-04-15 01:12:32,263 - root - WARNING - Subject 20209 has regions with zero variance (indices: [ 16  37  97 114 126 127 156 163]). Setting correlations for these regions to 0.
2025-04-15 01:12:32,280 - root - WARNING - Subject 20210 has regions with zero variance (indices: [ 16  37  97 114 126 127 156 163]). Setting correlations for these regions to 0.
2025-04-15 01:12:32,298 - root - WARNING - Subject 20211 has regions with zero variance (indices: [ 16  37  97 114 126 127 156 163]). Setting correlations for these regions to 0.
2025-04-15 01:12:32,315 - root - WARNING - Subject 20212 has regions with zero variance (indices: [ 16  37  97 114 126 127 156 163]). Setting correlations for these regions to 0.
2025-04-15 01:12:32,332 - root - WARNING - Subject 20213 has regions with zero variance (indices: [ 16  37  97 114 126 127 156 163]). Setting correlations for these regions to 0.
2025-04-15 01:12:32,349 - root - WARNING - Subject 20214 has regions with zero variance (indices: [ 16  37  97 114 126 127 156 163]). Setting correlations for these regions to 0.
2025-04-15 01:12:32,367 - root - WARNING - Subject 20215 has regions with zero variance (indices: [ 16  37  97 114 126 127 156 163]). Setting correlations for these regions to 0.
2025-04-15 01:12:32,384 - root - WARNING - Subject 20216 has regions with zero variance (indices: [ 16  37  97 114 126 127 156 163]). Setting correlations for these regions to 0.
2025-04-15 01:12:32,401 - root - WARNING - Subject 20217 has regions with zero variance (indices: [ 16  37  97 114 126 127 156 163]). Setting correlations for these regions to 0.
2025-04-15 01:12:32,419 - root - WARNING - Subject 20218 has regions with zero variance (indices: [ 16  37  97 114 126 127 156 163]). Setting correlations for these regions to 0.
2025-04-15 01:12:32,436 - root - WARNING - Subject 20219 has regions with zero variance (indices: [ 16  37  97 114 126 127 156 163]). Setting correlations for these regions to 0.
2025-04-15 01:12:32,454 - root - WARNING - Subject 20220 has regions with zero variance (indices: [ 16  37  97 114 126 127 156 163]). Setting correlations for these regions to 0.
2025-04-15 01:12:32,471 - root - WARNING - Subject 20221 has regions with zero variance (indices: [ 16  37  97 114 126 127 156 163]). Setting correlations for these regions to 0.
2025-04-15 01:12:32,488 - root - WARNING - Subject 20222 has regions with zero variance (indices: [ 16  37  97 114 126 127 156 163]). Setting correlations for these regions to 0.
2025-04-15 01:12:32,505 - root - WARNING - Subject 20223 has regions with zero variance (indices: [ 16  37  97 114 126 127 156 163]). Setting correlations for these regions to 0.
2025-04-15 01:12:32,523 - root - WARNING - Subject 20224 has regions with zero variance (indices: [ 16  37  97 114 126 127 156 163]). Setting correlations for these regions to 0.
2025-04-15 01:12:32,540 - root - WARNING - Subject 20225 has regions with zero variance (indices: [ 16  37  97 114 126 127 156 163]). Setting correlations for these regions to 0.
2025-04-15 01:12:32,557 - root - WARNING - Subject 20226 has regions with zero variance (indices: [ 16  37  97 114 126 127 156 163]). Setting correlations for these regions to 0.
2025-04-15 01:12:32,575 - root - WARNING - Subject 20227 has regions with zero variance (indices: [ 16  37  97 114 126 127 156 163]). Setting correlations for these regions to 0.
2025-04-15 01:12:32,592 - root - WARNING - Subject 20228 has regions with zero variance (indices: [ 16  37  97 114 126 127 156 163]). Setting correlations for these regions to 0.
2025-04-15 01:12:32,610 - root - WARNING - Subject 20229 has regions with zero variance (indices: [ 16  37  97 114 126 127 156 163]). Setting correlations for these regions to 0.
2025-04-15 01:12:32,627 - root - WARNING - Subject 20230 has regions with zero variance (indices: [ 16  37  97 114 126 127 156 163]). Setting correlations for these regions to 0.
2025-04-15 01:12:32,644 - root - WARNING - Subject 20231 has regions with zero variance (indices: [ 16  37  97 114 126 127 156 163]). Setting correlations for these regions to 0.
2025-04-15 01:12:32,662 - root - WARNING - Subject 20232 has regions with zero variance (indices: [ 16  37  97 114 126 127 156 163]). Setting correlations for these regions to 0.
2025-04-15 01:12:32,679 - root - WARNING - Subject 20233 has regions with zero variance (indices: [ 16  37  97 114 126 127 156 163]). Setting correlations for these regions to 0.
2025-04-15 01:12:32,696 - root - WARNING - Subject 20234 has regions with zero variance (indices: [ 16  37  97 114 126 127 156 163]). Setting correlations for these regions to 0.
2025-04-15 01:12:32,714 - root - WARNING - Subject 20235 has regions with zero variance (indices: [ 16  37  97 114 126 127 156 163]). Setting correlations for these regions to 0.
2025-04-15 01:12:32,731 - root - WARNING - Subject 20236 has regions with zero variance (indices: [ 16  37  97 114 126 127 156 163]). Setting correlations for these regions to 0.
2025-04-15 01:12:32,748 - root - WARNING - Subject 20237 has regions with zero variance (indices: [ 16  37  97 114 126 127 156 163]). Setting correlations for these regions to 0.
2025-04-15 01:12:32,765 - root - WARNING - Subject 20238 has regions with zero variance (indices: [ 16  37  97 114 126 127 156 163]). Setting correlations for these regions to 0.
2025-04-15 01:12:32,783 - root - WARNING - Subject 20239 has regions with zero variance (indices: [ 16  37  97 114 126 127 156 163]). Setting correlations for these regions to 0.
2025-04-15 01:12:32,800 - root - WARNING - Subject 20240 has regions with zero variance (indices: [ 16  37  97 114 126 127 156 163]). Setting correlations for these regions to 0.
2025-04-15 01:12:32,817 - root - WARNING - Subject 20241 has regions with zero variance (indices: [ 16  37  97 114 126 127 156 163]). Setting correlations for these regions to 0.
2025-04-15 01:12:32,835 - root - WARNING - Subject 20242 has regions with zero variance (indices: [ 11  24  37  74  90  97 103 105 112 114 123 124 126 132 138 143 163 166
 167 182 185 192]). Setting correlations for these regions to 0.
2025-04-15 01:12:32,850 - root - WARNING - Subject 20243 has regions with zero variance (indices: [ 11  24  37  74  90  97 103 105 112 114 123 124 126 132 138 143 163 166
 167 182 185 192]). Setting correlations for these regions to 0.
2025-04-15 01:12:32,865 - root - WARNING - Subject 20244 has regions with zero variance (indices: [ 11  24  37  74  90  97 103 105 112 114 123 124 126 132 138 143 163 166
 167 182 185 192]). Setting correlations for these regions to 0.
2025-04-15 01:12:32,879 - root - WARNING - Subject 20245 has regions with zero variance (indices: [ 11  24  37  74  90  97 103 105 112 114 123 124 126 132 138 143 163 166
 167 182 185 192]). Setting correlations for these regions to 0.
2025-04-15 01:12:32,894 - root - WARNING - Subject 20246 has regions with zero variance (indices: [ 11  24  37  74  90  97 103 105 112 114 123 124 126 132 138 143 163 166
 167 182 185 192]). Setting correlations for these regions to 0.
2025-04-15 01:12:32,909 - root - WARNING - Subject 20247 has regions with zero variance (indices: [ 11  24  37  74  90  97 103 105 112 114 123 124 126 132 138 143 163 166
 167 182 185 192]). Setting correlations for these regions to 0.
2025-04-15 01:12:32,924 - root - WARNING - Subject 20248 has regions with zero variance (indices: [ 11  24  37  74  90  97 103 105 112 114 123 124 126 132 138 143 163 166
 167 182 185 192]). Setting correlations for these regions to 0.
2025-04-15 01:12:32,939 - root - WARNING - Subject 20249 has regions with zero variance (indices: [ 11  24  37  74  90  97 103 105 112 114 123 124 126 132 138 143 163 166
 167 182 185 192]). Setting correlations for these regions to 0.
2025-04-15 01:12:32,954 - root - WARNING - Subject 20250 has regions with zero variance (indices: [ 11  24  37  74  90  97 103 105 112 114 123 124 126 132 138 143 163 166
 167 182 185 192]). Setting correlations for these regions to 0.
2025-04-15 01:12:32,968 - root - WARNING - Subject 20251 has regions with zero variance (indices: [ 11  24  37  74  90  97 103 105 112 114 123 124 126 132 138 143 163 166
 167 182 185 192]). Setting correlations for these regions to 0.
2025-04-15 01:12:32,983 - root - WARNING - Subject 20252 has regions with zero variance (indices: [ 11  24  37  74  90  97 103 105 112 114 123 124 126 132 138 143 163 166
 167 182 185 192]). Setting correlations for these regions to 0.
2025-04-15 01:12:32,998 - root - WARNING - Subject 20253 has regions with zero variance (indices: [ 11  24  37  74  90  97 103 105 112 114 123 124 126 132 138 143 163 166
 167 182 185 192]). Setting correlations for these regions to 0.
2025-04-15 01:12:33,013 - root - WARNING - Subject 20254 has regions with zero variance (indices: [ 11  24  37  74  90  97 103 105 112 114 123 124 126 132 138 143 163 166
 167 182 185 192]). Setting correlations for these regions to 0.
2025-04-15 01:12:33,028 - root - WARNING - Subject 20255 has regions with zero variance (indices: [ 11  24  37  74  90  97 103 105 112 114 123 124 126 132 138 143 163 166
 167 182 185 192]). Setting correlations for these regions to 0.
2025-04-15 01:12:33,043 - root - WARNING - Subject 20256 has regions with zero variance (indices: [ 11  24  37  74  90  97 103 105 112 114 123 124 126 132 138 143 163 166
 167 182 185 192]). Setting correlations for these regions to 0.
2025-04-15 01:12:33,058 - root - WARNING - Subject 20257 has regions with zero variance (indices: [ 11  24  37  74  90  97 103 105 112 114 123 124 126 132 138 143 163 166
 167 182 185 192]). Setting correlations for these regions to 0.
2025-04-15 01:12:33,073 - root - WARNING - Subject 20258 has regions with zero variance (indices: [ 11  24  37  74  90  97 103 105 112 114 123 124 126 132 138 143 163 166
 167 182 185 192]). Setting correlations for these regions to 0.
2025-04-15 01:12:33,088 - root - WARNING - Subject 20259 has regions with zero variance (indices: [ 11  24  37  74  90  97 103 105 112 114 123 124 126 132 138 143 163 166
 167 182 185 192]). Setting correlations for these regions to 0.
2025-04-15 01:12:33,103 - root - WARNING - Subject 20260 has regions with zero variance (indices: [ 11  24  37  74  90  97 103 105 112 114 123 124 126 132 138 143 163 166
 167 182 185 192]). Setting correlations for these regions to 0.
2025-04-15 01:12:33,117 - root - WARNING - Subject 20261 has regions with zero variance (indices: [ 11  24  37  74  90  97 103 105 112 114 123 124 126 132 138 143 163 166
 167 182 185 192]). Setting correlations for these regions to 0.
2025-04-15 01:12:33,133 - root - WARNING - Subject 20262 has regions with zero variance (indices: [ 11  24  37  74  90  97 103 105 112 114 123 124 126 132 138 143 163 166
 167 182 185 192]). Setting correlations for these regions to 0.
2025-04-15 01:12:33,147 - root - WARNING - Subject 20263 has regions with zero variance (indices: [ 11  24  37  74  90  97 103 105 112 114 123 124 126 132 138 143 163 166
 167 182 185 192]). Setting correlations for these regions to 0.
2025-04-15 01:12:33,162 - root - WARNING - Subject 20264 has regions with zero variance (indices: [ 11  24  37  74  90  97 103 105 112 114 123 124 126 132 138 143 163 166
 167 182 185 192]). Setting correlations for these regions to 0.
2025-04-15 01:12:33,177 - root - WARNING - Subject 20265 has regions with zero variance (indices: [ 11  24  37  74  90  97 103 105 112 114 123 124 126 132 138 143 163 166
 167 182 185 192]). Setting correlations for these regions to 0.
2025-04-15 01:12:33,193 - root - WARNING - Subject 20266 has regions with zero variance (indices: [ 11  24  37  74  90  97 103 105 112 114 123 124 126 132 138 143 163 166
 167 182 185 192]). Setting correlations for these regions to 0.
2025-04-15 01:12:33,208 - root - WARNING - Subject 20267 has regions with zero variance (indices: [ 11  24  37  74  90  97 103 105 112 114 123 124 126 132 138 143 163 166
 167 182 185 192]). Setting correlations for these regions to 0.
2025-04-15 01:12:33,222 - root - WARNING - Subject 20268 has regions with zero variance (indices: [ 11  24  37  74  90  97 103 105 112 114 123 124 126 132 138 143 163 166
 167 182 185 192]). Setting correlations for these regions to 0.
2025-04-15 01:12:33,237 - root - WARNING - Subject 20269 has regions with zero variance (indices: [ 11  24  37  74  90  97 103 105 112 114 123 124 126 132 138 143 163 166
 167 182 185 192]). Setting correlations for these regions to 0.
2025-04-15 01:12:33,252 - root - WARNING - Subject 20270 has regions with zero variance (indices: [ 11  24  37  74  90  97 103 105 112 114 123 124 126 132 138 143 163 166
 167 182 185 192]). Setting correlations for these regions to 0.
2025-04-15 01:12:33,267 - root - WARNING - Subject 20271 has regions with zero variance (indices: [ 11  24  37  74  90  97 103 105 112 114 123 124 126 132 138 143 163 166
 167 182 185 192]). Setting correlations for these regions to 0.
2025-04-15 01:12:33,283 - root - WARNING - Subject 20272 has regions with zero variance (indices: [ 11  24  37  74  90  97 103 105 112 114 123 124 126 132 138 143 163 166
 167 182 185 192]). Setting correlations for these regions to 0.
2025-04-15 01:12:33,298 - root - WARNING - Subject 20273 has regions with zero variance (indices: [ 11  24  37  74  90  97 103 105 112 114 123 124 126 132 138 143 163 166
 167 182 185 192]). Setting correlations for these regions to 0.
2025-04-15 01:12:33,312 - root - WARNING - Subject 20274 has regions with zero variance (indices: [ 11  24  37  74  90  97 103 105 112 114 123 124 126 132 138 143 163 166
 167 182 185 192]). Setting correlations for these regions to 0.
2025-04-15 01:12:33,327 - root - WARNING - Subject 20275 has regions with zero variance (indices: [ 11  24  37  74  90  97 103 105 112 114 123 124 126 132 138 143 163 166
 167 182 185 192]). Setting correlations for these regions to 0.
2025-04-15 01:12:33,342 - root - WARNING - Subject 20276 has regions with zero variance (indices: [ 11  24  37  74  90  97 103 105 112 114 123 124 126 132 138 143 163 166
 167 182 185 192]). Setting correlations for these regions to 0.
2025-04-15 01:12:33,357 - root - WARNING - Subject 20277 has regions with zero variance (indices: [ 11  24  37  74  90  97 103 105 112 114 123 124 126 132 138 143 163 166
 167 182 185 192]). Setting correlations for these regions to 0.
2025-04-15 01:12:33,372 - root - WARNING - Subject 20278 has regions with zero variance (indices: [ 11  24  37  74  90  97 103 105 112 114 123 124 126 132 138 143 163 166
 167 182 185 192]). Setting correlations for these regions to 0.
2025-04-15 01:12:33,387 - root - WARNING - Subject 20279 has regions with zero variance (indices: [ 11  24  37  74  90  97 103 105 112 114 123 124 126 132 138 143 163 166
 167 182 185 192]). Setting correlations for these regions to 0.
2025-04-15 01:12:33,402 - root - WARNING - Subject 20280 has regions with zero variance (indices: [ 11  24  37  74  90  97 103 105 112 114 123 124 126 132 138 143 163 166
 167 182 185 192]). Setting correlations for these regions to 0.
2025-04-15 01:12:33,416 - root - WARNING - Subject 20281 has regions with zero variance (indices: [ 11  24  37  74  90  97 103 105 112 114 123 124 126 132 138 143 163 166
 167 182 185 192]). Setting correlations for these regions to 0.
2025-04-15 01:12:33,432 - root - WARNING - Subject 20282 has regions with zero variance (indices: [ 11  24  37  74  90  97 103 105 112 114 123 124 126 132 138 143 163 166
 167 182 185 192]). Setting correlations for these regions to 0.
2025-04-15 01:12:33,446 - root - WARNING - Subject 20283 has regions with zero variance (indices: [ 11  24  37  74  90  97 103 105 112 114 123 124 126 132 138 143 163 166
 167 182 185 192]). Setting correlations for these regions to 0.
2025-04-15 01:12:33,461 - root - WARNING - Subject 20284 has regions with zero variance (indices: [ 11  24  37  74  90  97 103 105 112 114 123 124 126 132 138 143 163 166
 167 182 185 192]). Setting correlations for these regions to 0.
2025-04-15 01:12:33,476 - root - WARNING - Subject 20285 has regions with zero variance (indices: [ 11  24  37  74  90  97 103 105 112 114 123 124 126 132 138 143 163 166
 167 182 185 192]). Setting correlations for these regions to 0.
2025-04-15 01:12:33,491 - root - WARNING - Subject 20286 has regions with zero variance (indices: [ 11  24  37  74  90  97 103 105 112 114 123 124 126 132 138 143 163 166
 167 182 185 192]). Setting correlations for these regions to 0.
2025-04-15 01:12:33,506 - root - WARNING - Subject 20287 has regions with zero variance (indices: [ 11  24  37  74  90  97 103 105 112 114 123 124 126 132 138 143 163 166
 167 182 185 192]). Setting correlations for these regions to 0.
2025-04-15 01:12:33,521 - root - WARNING - Subject 20288 has regions with zero variance (indices: [ 11  24  37  74  90  97 103 105 112 114 123 124 126 132 138 143 163 166
 167 182 185 192]). Setting correlations for these regions to 0.
2025-04-15 01:12:33,536 - root - WARNING - Subject 20289 has regions with zero variance (indices: [ 11  24  37  74  90  97 103 105 112 114 123 124 126 132 138 143 163 166
 167 182 185 192]). Setting correlations for these regions to 0.
2025-04-15 01:12:33,551 - root - WARNING - Subject 20290 has regions with zero variance (indices: [ 11  24  37  74  90  97 103 105 112 114 123 124 126 132 138 143 163 166
 167 182 185 192]). Setting correlations for these regions to 0.
2025-04-15 01:12:33,565 - root - WARNING - Subject 20291 has regions with zero variance (indices: [ 11  24  37  74  90  97 103 105 112 114 123 124 126 132 138 143 163 166
 167 182 185 192]). Setting correlations for these regions to 0.
2025-04-15 01:12:33,580 - root - WARNING - Subject 20292 has regions with zero variance (indices: [ 11  24  37  74  90  97 103 105 112 114 123 124 126 132 138 143 163 166
 167 182 185 192]). Setting correlations for these regions to 0.
2025-04-15 01:12:33,595 - root - WARNING - Subject 20293 has regions with zero variance (indices: [ 11  24  37  74  90  97 103 105 112 114 123 124 126 132 138 143 163 166
 167 182 185 192]). Setting correlations for these regions to 0.
2025-04-15 01:12:33,610 - root - WARNING - Subject 20294 has regions with zero variance (indices: [ 11  24  37  74  90  97 103 105 112 114 123 124 126 132 138 143 163 166
 167 182 185 192]). Setting correlations for these regions to 0.
2025-04-15 01:12:33,625 - root - WARNING - Subject 20295 has regions with zero variance (indices: [ 11  24  37  74  90  97 103 105 112 114 123 124 126 132 138 143 163 166
 167 182 185 192]). Setting correlations for these regions to 0.
2025-04-15 01:12:33,639 - root - WARNING - Subject 20296 has regions with zero variance (indices: [ 11  24  37  74  90  97 103 105 112 114 123 124 126 132 138 143 163 166
 167 182 185 192]). Setting correlations for these regions to 0.
2025-04-15 01:12:33,654 - root - WARNING - Subject 20297 has regions with zero variance (indices: [ 11  24  37  74  90  97 103 105 112 114 123 124 126 132 138 143 163 166
 167 182 185 192]). Setting correlations for these regions to 0.
2025-04-15 01:12:33,669 - root - WARNING - Subject 20298 has regions with zero variance (indices: [ 11  24  37  74  90  97 103 105 112 114 123 124 126 132 138 143 163 166
 167 182 185 192]). Setting correlations for these regions to 0.
2025-04-15 01:12:33,684 - root - WARNING - Subject 20299 has regions with zero variance (indices: [ 11  24  37  74  90  97 103 105 112 114 123 124 126 132 138 143 163 166
 167 182 185 192]). Setting correlations for these regions to 0.
2025-04-15 01:12:33,699 - root - WARNING - Subject 20300 has regions with zero variance (indices: [ 11  24  37  74  90  97 103 105 112 114 123 124 126 132 138 143 163 166
 167 182 185 192]). Setting correlations for these regions to 0.
2025-04-15 01:12:33,714 - root - WARNING - Subject 20301 has regions with zero variance (indices: [ 11  24  37  74  90  97 103 105 112 114 123 124 126 132 138 143 163 166
 167 182 185 192]). Setting correlations for these regions to 0.
2025-04-15 01:12:33,729 - root - WARNING - Subject 20302 has regions with zero variance (indices: [ 11  24  37  74  90  97 103 105 112 114 123 124 126 132 138 143 163 166
 167 182 185 192]). Setting correlations for these regions to 0.
2025-04-15 01:12:33,744 - root - WARNING - Subject 20303 has regions with zero variance (indices: [ 11  24  37  74  90  97 103 105 112 114 123 124 126 132 138 143 163 166
 167 182 185 192]). Setting correlations for these regions to 0.
2025-04-15 01:12:33,759 - root - WARNING - Subject 20304 has regions with zero variance (indices: [ 11  24  37  74  90  97 103 105 112 114 123 124 126 132 138 143 163 166
 167 182 185 192]). Setting correlations for these regions to 0.
2025-04-15 01:12:33,774 - root - WARNING - Subject 20305 has regions with zero variance (indices: [ 11  24  37  74  90  97 103 105 112 114 123 124 126 132 138 143 163 166
 167 182 185 192]). Setting correlations for these regions to 0.
2025-04-15 01:12:33,789 - root - WARNING - Subject 20306 has regions with zero variance (indices: [ 11  24  37  74  90  97 103 105 112 114 123 124 126 132 138 143 163 166
 167 182 185 192]). Setting correlations for these regions to 0.
2025-04-15 01:12:33,804 - root - WARNING - Subject 20307 has regions with zero variance (indices: [ 11  24  37  74  90  97 103 105 112 114 123 124 126 132 138 143 163 166
 167 182 185 192]). Setting correlations for these regions to 0.
2025-04-15 01:12:33,819 - root - WARNING - Subject 20308 has regions with zero variance (indices: [ 11  24  37  74  90  97 103 105 112 114 123 124 126 132 138 143 163 166
 167 182 185 192]). Setting correlations for these regions to 0.
2025-04-15 01:12:33,834 - root - WARNING - Subject 20309 has regions with zero variance (indices: [ 11  24  37  74  90  97 103 105 112 114 123 124 126 132 138 143 163 166
 167 182 185 192]). Setting correlations for these regions to 0.
2025-04-15 01:12:33,849 - root - WARNING - Subject 20310 has regions with zero variance (indices: [ 11  24  37  74  90  97 103 105 112 114 123 124 126 132 138 143 163 166
 167 182 185 192]). Setting correlations for these regions to 0.
2025-04-15 01:12:33,864 - root - WARNING - Subject 20311 has regions with zero variance (indices: [ 11  24  37  74  90  97 103 105 112 114 123 124 126 132 138 143 163 166
 167 182 185 192]). Setting correlations for these regions to 0.
2025-04-15 01:12:33,879 - root - WARNING - Subject 20312 has regions with zero variance (indices: [ 11  24  37  74  90  97 103 105 112 114 123 124 126 132 138 143 163 166
 167 182 185 192]). Setting correlations for these regions to 0.
2025-04-15 01:12:33,894 - root - WARNING - Subject 20313 has regions with zero variance (indices: [ 11  24  37  74  90  97 103 105 112 114 123 124 126 132 138 143 163 166
 167 182 185 192]). Setting correlations for these regions to 0.
2025-04-15 01:12:33,909 - root - WARNING - Subject 20314 has regions with zero variance (indices: [ 11  24  37  74  90  97 103 105 112 114 123 124 126 132 138 143 163 166
 167 182 185 192]). Setting correlations for these regions to 0.
2025-04-15 01:12:33,924 - root - WARNING - Subject 20315 has regions with zero variance (indices: [ 11  24  37  74  90  97 103 105 112 114 123 124 126 132 138 143 163 166
 167 182 185 192]). Setting correlations for these regions to 0.
2025-04-15 01:12:33,938 - root - WARNING - Subject 20316 has regions with zero variance (indices: [ 11  24  37  74  90  97 103 105 112 114 123 124 126 132 138 143 163 166
 167 182 185 192]). Setting correlations for these regions to 0.
2025-04-15 01:12:33,953 - root - WARNING - Subject 20317 has regions with zero variance (indices: [ 11  24  37  74  90  97 103 105 112 114 123 124 126 132 138 143 163 166
 167 182 185 192]). Setting correlations for these regions to 0.
2025-04-15 01:12:33,968 - root - WARNING - Subject 20318 has regions with zero variance (indices: [ 11  24  37  74  90  97 103 105 112 114 123 124 126 132 138 143 163 166
 167 182 185 192]). Setting correlations for these regions to 0.
2025-04-15 01:12:33,983 - root - WARNING - Subject 20319 has regions with zero variance (indices: [ 11  24  37  74  90  97 103 105 112 114 123 124 126 132 138 143 163 166
 167 182 185 192]). Setting correlations for these regions to 0.
2025-04-15 01:12:33,998 - root - WARNING - Subject 20320 has regions with zero variance (indices: [ 11  24  37  74  90  97 103 105 112 114 123 124 126 132 138 143 163 166
 167 182 185 192]). Setting correlations for these regions to 0.
2025-04-15 01:12:34,013 - root - WARNING - Subject 20321 has regions with zero variance (indices: [ 11  24  37  74  90  97 103 105 112 114 123 124 126 132 138 143 163 166
 167 182 185 192]). Setting correlations for these regions to 0.
2025-04-15 01:12:34,027 - root - WARNING - Subject 20322 has regions with zero variance (indices: [ 11  24  37  74  90  97 103 105 112 114 123 124 126 132 138 143 163 166
 167 182 185 192]). Setting correlations for these regions to 0.
2025-04-15 01:12:34,042 - root - WARNING - Subject 20323 has regions with zero variance (indices: [ 11  24  37  74  90  97 103 105 112 114 123 124 126 132 138 143 163 166
 167 182 185 192]). Setting correlations for these regions to 0.
2025-04-15 01:12:34,057 - root - WARNING - Subject 20324 has regions with zero variance (indices: [ 11  24  37  74  90  97 103 105 112 114 123 124 126 132 138 143 163 166
 167 182 185 192]). Setting correlations for these regions to 0.
2025-04-15 01:12:34,072 - root - WARNING - Subject 20325 has regions with zero variance (indices: [ 11  24  37  74  90  97 103 105 112 114 123 124 126 132 138 143 163 166
 167 182 185 192]). Setting correlations for these regions to 0.
2025-04-15 01:12:34,087 - root - WARNING - Subject 20326 has regions with zero variance (indices: [ 11  24  37  74  90  97 103 105 112 114 123 124 126 132 138 143 163 166
 167 182 185 192]). Setting correlations for these regions to 0.
2025-04-15 01:12:34,102 - root - WARNING - Subject 20327 has regions with zero variance (indices: [ 11  24  37  74  90  97 103 105 112 114 123 124 126 132 138 143 163 166
 167 182 185 192]). Setting correlations for these regions to 0.
2025-04-15 01:12:34,117 - root - WARNING - Subject 20328 has regions with zero variance (indices: [ 11  24  37  74  90  97 103 105 112 114 123 124 126 132 138 143 163 166
 167 182 185 192]). Setting correlations for these regions to 0.
2025-04-15 01:12:34,132 - root - WARNING - Subject 20329 has regions with zero variance (indices: [ 11  24  37  74  90  97 103 105 112 114 123 124 126 132 138 143 163 166
 167 182 185 192]). Setting correlations for these regions to 0.
2025-04-15 01:12:34,147 - root - WARNING - Subject 20330 has regions with zero variance (indices: [ 11  24  37  74  90  97 103 105 112 114 123 124 126 132 138 143 163 166
 167 182 185 192]). Setting correlations for these regions to 0.
2025-04-15 01:12:34,161 - root - WARNING - Subject 20331 has regions with zero variance (indices: [ 11  24  37  74  90  97 103 105 112 114 123 124 126 132 138 143 163 166
 167 182 185 192]). Setting correlations for these regions to 0.
2025-04-15 01:12:34,176 - root - WARNING - Subject 20332 has regions with zero variance (indices: [ 11  24  37  74  90  97 103 105 112 114 123 124 126 132 138 143 163 166
 167 182 185 192]). Setting correlations for these regions to 0.
2025-04-15 01:12:34,191 - root - WARNING - Subject 20333 has regions with zero variance (indices: [ 11  24  37  74  90  97 103 105 112 114 123 124 126 132 138 143 163 166
 167 182 185 192]). Setting correlations for these regions to 0.
2025-04-15 01:12:34,206 - root - WARNING - Subject 20334 has regions with zero variance (indices: [ 11  24  37  74  90  97 103 105 112 114 123 124 126 132 138 143 163 166
 167 182 185 192]). Setting correlations for these regions to 0.
2025-04-15 01:12:34,221 - root - WARNING - Subject 20335 has regions with zero variance (indices: [ 11  24  37  74  90  97 103 105 112 114 123 124 126 132 138 143 163 166
 167 182 185 192]). Setting correlations for these regions to 0.
2025-04-15 01:12:34,235 - root - WARNING - Subject 20336 has regions with zero variance (indices: [ 11  24  37  74  90  97 103 105 112 114 123 124 126 132 138 143 163 166
 167 182 185 192]). Setting correlations for these regions to 0.
2025-04-15 01:12:34,250 - root - WARNING - Subject 20337 has regions with zero variance (indices: [ 11  24  37  74  90  97 103 105 112 114 123 124 126 132 138 143 163 166
 167 182 185 192]). Setting correlations for these regions to 0.
2025-04-15 01:12:34,265 - root - WARNING - Subject 20338 has regions with zero variance (indices: [ 11  24  37  74  90  97 103 105 112 114 123 124 126 132 138 143 163 166
 167 182 185 192]). Setting correlations for these regions to 0.
2025-04-15 01:12:34,280 - root - WARNING - Subject 20339 has regions with zero variance (indices: [ 11  24  37  74  90  97 103 105 112 114 123 124 126 132 138 143 163 166
 167 182 185 192]). Setting correlations for these regions to 0.
2025-04-15 01:12:34,295 - root - WARNING - Subject 20340 has regions with zero variance (indices: [ 11  24  37  74  90  97 103 105 112 114 123 124 126 132 138 143 163 166
 167 182 185 192]). Setting correlations for these regions to 0.
2025-04-15 01:12:34,310 - root - WARNING - Subject 20341 has regions with zero variance (indices: [ 11  24  37  74  90  97 103 105 112 114 123 124 126 132 138 143 163 166
 167 182 185 192]). Setting correlations for these regions to 0.
2025-04-15 01:12:34,324 - root - WARNING - Subject 20342 has regions with zero variance (indices: [ 11  24  37  74  90  97 103 105 112 114 123 124 126 132 138 143 163 166
 167 182 185 192]). Setting correlations for these regions to 0.
2025-04-15 01:12:34,339 - root - WARNING - Subject 20343 has regions with zero variance (indices: [ 11  24  37  74  90  97 103 105 112 114 123 124 126 132 138 143 163 166
 167 182 185 192]). Setting correlations for these regions to 0.
2025-04-15 01:12:34,354 - root - WARNING - Subject 20344 has regions with zero variance (indices: [ 11  24  37  74  90  97 103 105 112 114 123 124 126 132 138 143 163 166
 167 182 185 192]). Setting correlations for these regions to 0.
2025-04-15 01:12:34,369 - root - WARNING - Subject 20345 has regions with zero variance (indices: [ 11  24  37  74  90  97 103 105 112 114 123 124 126 132 138 143 163 166
 167 182 185 192]). Setting correlations for these regions to 0.
2025-04-15 01:12:34,384 - root - WARNING - Subject 20346 has regions with zero variance (indices: [ 11  24  37  74  90  97 103 105 112 114 123 124 126 132 138 143 163 166
 167 182 185 192]). Setting correlations for these regions to 0.
2025-04-15 01:12:34,399 - root - WARNING - Subject 20347 has regions with zero variance (indices: [ 11  24  37  74  90  97 103 105 112 114 123 124 126 132 138 143 163 166
 167 182 185 192]). Setting correlations for these regions to 0.
2025-04-15 01:12:34,414 - root - WARNING - Subject 20348 has regions with zero variance (indices: [ 11  24  37  74  90  97 103 105 112 114 123 124 126 132 138 143 163 166
 167 182 185 192]). Setting correlations for these regions to 0.
2025-04-15 01:12:34,429 - root - WARNING - Subject 20349 has regions with zero variance (indices: [ 11  24  37  74  90  97 103 105 112 114 123 124 126 132 138 143 163 166
 167 182 185 192]). Setting correlations for these regions to 0.
2025-04-15 01:12:34,444 - root - WARNING - Subject 20350 has regions with zero variance (indices: [ 11  24  37  74  90  97 103 105 112 114 123 124 126 132 138 143 163 166
 167 182 185 192]). Setting correlations for these regions to 0.
2025-04-15 01:12:34,459 - root - WARNING - Subject 20351 has regions with zero variance (indices: [ 11  24  37  74  90  97 103 105 112 114 123 124 126 132 138 143 163 166
 167 182 185 192]). Setting correlations for these regions to 0.
2025-04-15 01:12:34,474 - root - WARNING - Subject 20352 has regions with zero variance (indices: [ 11  24  37  74  90  97 103 105 112 114 123 124 126 132 138 143 163 166
 167 182 185 192]). Setting correlations for these regions to 0.
2025-04-15 01:12:34,489 - root - WARNING - Subject 20353 has regions with zero variance (indices: [ 11  24  37  74  90  97 103 105 112 114 123 124 126 132 138 143 163 166
 167 182 185 192]). Setting correlations for these regions to 0.
2025-04-15 01:12:34,504 - root - WARNING - Subject 20354 has regions with zero variance (indices: [ 11  24  37  74  90  97 103 105 112 114 123 124 126 132 138 143 163 166
 167 182 185 192]). Setting correlations for these regions to 0.
2025-04-15 01:12:34,518 - root - WARNING - Subject 20355 has regions with zero variance (indices: [ 11  24  37  74  90  97 103 105 112 114 123 124 126 132 138 143 163 166
 167 182 185 192]). Setting correlations for these regions to 0.
2025-04-15 01:12:34,533 - root - WARNING - Subject 20356 has regions with zero variance (indices: [ 11  24  37  74  90  97 103 105 112 114 123 124 126 132 138 143 163 166
 167 182 185 192]). Setting correlations for these regions to 0.
2025-04-15 01:12:34,548 - root - WARNING - Subject 20357 has regions with zero variance (indices: [ 11  24  37  74  90  97 103 105 112 114 123 124 126 132 138 143 163 166
 167 182 185 192]). Setting correlations for these regions to 0.
2025-04-15 01:12:34,563 - root - WARNING - Subject 20358 has regions with zero variance (indices: [ 11  24  37  74  90  97 103 105 112 114 123 124 126 132 138 143 163 166
 167 182 185 192]). Setting correlations for these regions to 0.
2025-04-15 01:12:34,578 - root - WARNING - Subject 20359 has regions with zero variance (indices: [ 11  24  37  74  90  97 103 105 112 114 123 124 126 132 138 143 163 166
 167 182 185 192]). Setting correlations for these regions to 0.
2025-04-15 01:12:34,593 - root - WARNING - Subject 20360 has regions with zero variance (indices: [ 11  24  37  74  90  97 103 105 112 114 123 124 126 132 138 143 163 166
 167 182 185 192]). Setting correlations for these regions to 0.
2025-04-15 01:12:34,608 - root - WARNING - Subject 20361 has regions with zero variance (indices: [ 11  24  37  74  90  97 103 105 112 114 123 124 126 132 138 143 163 166
 167 182 185 192]). Setting correlations for these regions to 0.
2025-04-15 01:12:34,623 - root - WARNING - Subject 20362 has regions with zero variance (indices: [ 11  24  37  74  90  97 103 105 112 114 123 124 126 132 138 143 163 166
 167 182 185 192]). Setting correlations for these regions to 0.
2025-04-15 01:12:34,638 - root - WARNING - Subject 20363 has regions with zero variance (indices: [ 11  24  37  74  90  97 103 105 112 114 123 124 126 132 138 143 163 166
 167 182 185 192]). Setting correlations for these regions to 0.
2025-04-15 01:12:34,653 - root - WARNING - Subject 20364 has regions with zero variance (indices: [ 11  24  37  74  90  97 103 105 112 114 123 124 126 132 138 143 163 166
 167 182 185 192]). Setting correlations for these regions to 0.
2025-04-15 01:12:34,668 - root - WARNING - Subject 20365 has regions with zero variance (indices: [ 11  24  37  74  90  97 103 105 112 114 123 124 126 132 138 143 163 166
 167 182 185 192]). Setting correlations for these regions to 0.
2025-04-15 01:12:34,683 - root - WARNING - Subject 20366 has regions with zero variance (indices: [ 11  24  37  74  90  97 103 105 112 114 123 124 126 132 138 143 163 166
 167 182 185 192]). Setting correlations for these regions to 0.
2025-04-15 01:12:34,698 - root - WARNING - Subject 20367 has regions with zero variance (indices: [ 11  24  37  74  90  97 103 105 112 114 123 124 126 132 138 143 163 166
 167 182 185 192]). Setting correlations for these regions to 0.
2025-04-15 01:12:34,713 - root - WARNING - Subject 20368 has regions with zero variance (indices: [ 11  24  37  74  90  97 103 105 112 114 123 124 126 132 138 143 163 166
 167 182 185 192]). Setting correlations for these regions to 0.
2025-04-15 01:12:34,728 - root - WARNING - Subject 20369 has regions with zero variance (indices: [ 11  24  37  74  90  97 103 105 112 114 123 124 126 132 138 143 163 166
 167 182 185 192]). Setting correlations for these regions to 0.
2025-04-15 01:12:34,743 - root - WARNING - Subject 20370 has regions with zero variance (indices: [ 11  24  37  74  90  97 103 105 112 114 123 124 126 132 138 143 163 166
 167 182 185 192]). Setting correlations for these regions to 0.
2025-04-15 01:12:34,758 - root - WARNING - Subject 20371 has regions with zero variance (indices: [ 11  24  37  74  90  97 103 105 112 114 123 124 126 132 138 143 163 166
 167 182 185 192]). Setting correlations for these regions to 0.
2025-04-15 01:12:34,773 - root - WARNING - Subject 20372 has regions with zero variance (indices: [ 11  24  37  74  90  97 103 105 112 114 123 124 126 132 138 143 163 166
 167 182 185 192]). Setting correlations for these regions to 0.
2025-04-15 01:12:34,788 - root - WARNING - Subject 20373 has regions with zero variance (indices: [ 11  24  37  74  90  97 103 105 112 114 123 124 126 132 138 143 163 166
 167 182 185 192]). Setting correlations for these regions to 0.
2025-04-15 01:12:34,803 - root - WARNING - Subject 20374 has regions with zero variance (indices: [ 11  24  37  74  90  97 103 105 112 114 123 124 126 132 138 143 163 166
 167 182 185 192]). Setting correlations for these regions to 0.
2025-04-15 01:12:34,818 - root - WARNING - Subject 20375 has regions with zero variance (indices: [ 11  24  37  74  90  97 103 105 112 114 123 124 126 132 138 143 163 166
 167 182 185 192]). Setting correlations for these regions to 0.
2025-04-15 01:12:34,832 - root - WARNING - Subject 20376 has regions with zero variance (indices: [ 11  24  37  74  90  97 103 105 112 114 123 124 126 132 138 143 163 166
 167 182 185 192]). Setting correlations for these regions to 0.
2025-04-15 01:12:34,847 - root - WARNING - Subject 20377 has regions with zero variance (indices: [ 11  24  37  74  90  97 103 105 112 114 123 124 126 132 138 143 163 166
 167 182 185 192]). Setting correlations for these regions to 0.
2025-04-15 01:12:34,862 - root - WARNING - Subject 20378 has regions with zero variance (indices: [ 11  24  37  74  90  97 103 105 112 114 123 124 126 132 138 143 163 166
 167 182 185 192]). Setting correlations for these regions to 0.
2025-04-15 01:12:34,877 - root - WARNING - Subject 20379 has regions with zero variance (indices: [ 11  24  37  74  90  97 103 105 112 114 123 124 126 132 138 143 163 166
 167 182 185 192]). Setting correlations for these regions to 0.
2025-04-15 01:12:34,892 - root - WARNING - Subject 20380 has regions with zero variance (indices: [ 11  24  37  74  90  97 103 105 112 114 123 124 126 132 138 143 163 166
 167 182 185 192]). Setting correlations for these regions to 0.
2025-04-15 01:12:34,907 - root - WARNING - Subject 20381 has regions with zero variance (indices: [ 11  24  37  74  90  97 103 105 112 114 123 124 126 132 138 143 163 166
 167 182 185 192]). Setting correlations for these regions to 0.
2025-04-15 01:12:34,922 - root - WARNING - Subject 20382 has regions with zero variance (indices: [ 11  24  37  74  90  97 103 105 112 114 123 124 126 132 138 143 163 166
 167 182 185 192]). Setting correlations for these regions to 0.
2025-04-15 01:12:34,937 - root - WARNING - Subject 20383 has regions with zero variance (indices: [ 11  24  37  74  90  97 103 105 112 114 123 124 126 132 138 143 163 166
 167 182 185 192]). Setting correlations for these regions to 0.
2025-04-15 01:12:34,952 - root - WARNING - Subject 20384 has regions with zero variance (indices: [ 11  24  37  74  90  97 103 105 112 114 123 124 126 132 138 143 163 166
 167 182 185 192]). Setting correlations for these regions to 0.
2025-04-15 01:12:34,966 - root - WARNING - Subject 20385 has regions with zero variance (indices: [ 11  24  37  74  90  97 103 105 112 114 123 124 126 132 138 143 163 166
 167 182 185 192]). Setting correlations for these regions to 0.
2025-04-15 01:12:34,981 - root - WARNING - Subject 20386 has regions with zero variance (indices: [ 11  24  37  74  90  97 103 105 112 114 123 124 126 132 138 143 163 166
 167 182 185 192]). Setting correlations for these regions to 0.
2025-04-15 01:12:34,996 - root - WARNING - Subject 20387 has regions with zero variance (indices: [ 11  24  37  74  90  97 103 105 112 114 123 124 126 132 138 143 163 166
 167 182 185 192]). Setting correlations for these regions to 0.
2025-04-15 01:12:35,011 - root - WARNING - Subject 20388 has regions with zero variance (indices: [ 11  24  37  74  90  97 103 105 112 114 123 124 126 132 138 143 163 166
 167 182 185 192]). Setting correlations for these regions to 0.
2025-04-15 01:12:35,025 - root - WARNING - Subject 20389 has regions with zero variance (indices: [ 11  24  37  74  90  97 103 105 112 114 123 124 126 132 138 143 163 166
 167 182 185 192]). Setting correlations for these regions to 0.
2025-04-15 01:12:35,041 - root - WARNING - Subject 20390 has regions with zero variance (indices: [ 11  24  37  74  90  97 103 105 112 114 123 124 126 132 138 143 163 166
 167 182 185 192]). Setting correlations for these regions to 0.
2025-04-15 01:12:35,055 - root - WARNING - Subject 20391 has regions with zero variance (indices: [ 11  24  37  74  90  97 103 105 112 114 123 124 126 132 138 143 163 166
 167 182 185 192]). Setting correlations for these regions to 0.
2025-04-15 01:12:35,070 - root - WARNING - Subject 20392 has regions with zero variance (indices: [ 11  24  37  74  90  97 103 105 112 114 123 124 126 132 138 143 163 166
 167 182 185 192]). Setting correlations for these regions to 0.
2025-04-15 01:12:35,085 - root - WARNING - Subject 20393 has regions with zero variance (indices: [ 11  24  37  74  90  97 103 105 112 114 123 124 126 132 138 143 163 166
 167 182 185 192]). Setting correlations for these regions to 0.
2025-04-15 01:12:35,100 - root - WARNING - Subject 20394 has regions with zero variance (indices: [ 11  24  37  74  90  97 103 105 112 114 123 124 126 132 138 143 163 166
 167 182 185 192]). Setting correlations for these regions to 0.
2025-04-15 01:12:35,115 - root - WARNING - Subject 20395 has regions with zero variance (indices: [ 11  24  37  74  90  97 103 105 112 114 123 124 126 132 138 143 163 166
 167 182 185 192]). Setting correlations for these regions to 0.
2025-04-15 01:12:35,130 - root - WARNING - Subject 20396 has regions with zero variance (indices: [ 11  24  37  74  90  97 103 105 112 114 123 124 126 132 138 143 163 166
 167 182 185 192]). Setting correlations for these regions to 0.
2025-04-15 01:12:35,144 - root - WARNING - Subject 20397 has regions with zero variance (indices: [ 11  24  37  74  90  97 103 105 112 114 123 124 126 132 138 143 163 166
 167 182 185 192]). Setting correlations for these regions to 0.
2025-04-15 01:12:35,159 - root - WARNING - Subject 20398 has regions with zero variance (indices: [ 11  24  37  74  90  97 103 105 112 114 123 124 126 132 138 143 163 166
 167 182 185 192]). Setting correlations for these regions to 0.
2025-04-15 01:12:35,174 - root - WARNING - Subject 20399 has regions with zero variance (indices: [ 11  24  37  74  90  97 103 105 112 114 123 124 126 132 138 143 163 166
 167 182 185 192]). Setting correlations for these regions to 0.
2025-04-15 01:12:35,189 - root - WARNING - Subject 20400 has regions with zero variance (indices: [ 11  24  37  74  90  97 103 105 112 114 123 124 126 132 138 143 163 166
 167 182 185 192]). Setting correlations for these regions to 0.
2025-04-15 01:12:35,204 - root - WARNING - Subject 20401 has regions with zero variance (indices: [ 11  24  37  74  90  97 103 105 112 114 123 124 126 132 138 143 163 166
 167 182 185 192]). Setting correlations for these regions to 0.
2025-04-15 01:12:35,219 - root - WARNING - Subject 20402 has regions with zero variance (indices: [ 11  24  37  74  90  97 103 105 112 114 123 124 126 132 138 143 163 166
 167 182 185 192]). Setting correlations for these regions to 0.
2025-04-15 01:12:35,233 - root - WARNING - Subject 20403 has regions with zero variance (indices: [ 11  24  37  74  90  97 103 105 112 114 123 124 126 132 138 143 163 166
 167 182 185 192]). Setting correlations for these regions to 0.
2025-04-15 01:12:35,248 - root - WARNING - Subject 20404 has regions with zero variance (indices: [ 11  24  37  74  90  97 103 105 112 114 123 124 126 132 138 143 163 166
 167 182 185 192]). Setting correlations for these regions to 0.
2025-04-15 01:12:35,263 - root - WARNING - Subject 20405 has regions with zero variance (indices: [ 11  24  37  74  90  97 103 105 112 114 123 124 126 132 138 143 163 166
 167 182 185 192]). Setting correlations for these regions to 0.
2025-04-15 01:12:35,278 - root - WARNING - Subject 20406 has regions with zero variance (indices: [ 11  24  37  74  90  97 103 105 112 114 123 124 126 132 138 143 163 166
 167 182 185 192]). Setting correlations for these regions to 0.
2025-04-15 01:12:35,293 - root - WARNING - Subject 20407 has regions with zero variance (indices: [ 11  24  37  74  90  97 103 105 112 114 123 124 126 132 138 143 163 166
 167 182 185 192]). Setting correlations for these regions to 0.
2025-04-15 01:12:35,308 - root - WARNING - Subject 20408 has regions with zero variance (indices: [ 11  24  37  74  90  97 103 105 112 114 123 124 126 132 138 143 163 166
 167 182 185 192]). Setting correlations for these regions to 0.
2025-04-15 01:12:35,323 - root - WARNING - Subject 20409 has regions with zero variance (indices: [ 11  24  37  74  90  97 103 105 112 114 123 124 126 132 138 143 163 166
 167 182 185 192]). Setting correlations for these regions to 0.
2025-04-15 01:12:35,337 - root - WARNING - Subject 20410 has regions with zero variance (indices: [ 11  24  37  74  90  97 103 105 112 114 123 124 126 132 138 143 163 166
 167 182 185 192]). Setting correlations for these regions to 0.
2025-04-15 01:12:35,352 - root - WARNING - Subject 20411 has regions with zero variance (indices: [ 11  24  37  74  90  97 103 105 112 114 123 124 126 132 138 143 163 166
 167 182 185 192]). Setting correlations for these regions to 0.
2025-04-15 01:12:35,367 - root - WARNING - Subject 20412 has regions with zero variance (indices: [ 11  24  37  74  90  97 103 105 112 114 123 124 126 132 138 143 163 166
 167 182 185 192]). Setting correlations for these regions to 0.
2025-04-15 01:12:35,382 - root - WARNING - Subject 20413 has regions with zero variance (indices: [ 11  24  37  74  90  97 103 105 112 114 123 124 126 132 138 143 163 166
 167 182 185 192]). Setting correlations for these regions to 0.
2025-04-15 01:12:35,396 - root - WARNING - Subject 20414 has regions with zero variance (indices: [ 11  24  37  74  90  97 103 105 112 114 123 124 126 132 138 143 163 166
 167 182 185 192]). Setting correlations for these regions to 0.
2025-04-15 01:12:35,411 - root - WARNING - Subject 20415 has regions with zero variance (indices: [ 11  24  37  74  90  97 103 105 112 114 123 124 126 132 138 143 163 166
 167 182 185 192]). Setting correlations for these regions to 0.
2025-04-15 01:12:35,426 - root - WARNING - Subject 20416 has regions with zero variance (indices: [ 11  24  37  74  90  97 103 105 112 114 123 124 126 132 138 143 163 166
 167 182 185 192]). Setting correlations for these regions to 0.
2025-04-15 01:12:35,441 - root - WARNING - Subject 20417 has regions with zero variance (indices: [ 11  24  37  74  90  97 103 105 112 114 123 124 126 132 138 143 163 166
 167 182 185 192]). Setting correlations for these regions to 0.
2025-04-15 01:12:35,456 - root - WARNING - Subject 20418 has regions with zero variance (indices: [ 11  24  37  74  90  97 103 105 112 114 123 124 126 132 138 143 163 166
 167 182 185 192]). Setting correlations for these regions to 0.
2025-04-15 01:12:35,471 - root - WARNING - Subject 20419 has regions with zero variance (indices: [ 11  24  37  74  90  97 103 105 112 114 123 124 126 132 138 143 163 166
 167 182 185 192]). Setting correlations for these regions to 0.
2025-04-15 01:12:35,486 - root - WARNING - Subject 20420 has regions with zero variance (indices: [ 11  24  37  74  90  97 103 105 112 114 123 124 126 132 138 143 163 166
 167 182 185 192]). Setting correlations for these regions to 0.
2025-04-15 01:12:35,500 - root - WARNING - Subject 20421 has regions with zero variance (indices: [ 11  24  37  74  90  97 103 105 112 114 123 124 126 132 138 143 163 166
 167 182 185 192]). Setting correlations for these regions to 0.
2025-04-15 01:12:35,515 - root - WARNING - Subject 20422 has regions with zero variance (indices: [ 11  24  37  74  90  97 103 105 112 114 123 124 126 132 138 143 163 166
 167 182 185 192]). Setting correlations for these regions to 0.
2025-04-15 01:12:35,530 - root - WARNING - Subject 20423 has regions with zero variance (indices: [ 11  24  37  74  90  97 103 105 112 114 123 124 126 132 138 143 163 166
 167 182 185 192]). Setting correlations for these regions to 0.
2025-04-15 01:12:35,545 - root - WARNING - Subject 20424 has regions with zero variance (indices: [ 11  24  37  74  90  97 103 105 112 114 123 124 126 132 138 143 163 166
 167 182 185 192]). Setting correlations for these regions to 0.
2025-04-15 01:12:35,560 - root - WARNING - Subject 20425 has regions with zero variance (indices: [ 11  24  37  74  90  97 103 105 112 114 123 124 126 132 138 143 163 166
 167 182 185 192]). Setting correlations for these regions to 0.
2025-04-15 01:12:35,574 - root - WARNING - Subject 20426 has regions with zero variance (indices: [ 11  24  37  74  90  97 103 105 112 114 123 124 126 132 138 143 163 166
 167 182 185 192]). Setting correlations for these regions to 0.
2025-04-15 01:12:35,589 - root - WARNING - Subject 20427 has regions with zero variance (indices: [ 11  24  37  74  90  97 103 105 112 114 123 124 126 132 138 143 163 166
 167 182 185 192]). Setting correlations for these regions to 0.
2025-04-15 01:12:35,604 - root - WARNING - Subject 20428 has regions with zero variance (indices: [ 11  24  37  74  90  97 103 105 112 114 123 124 126 132 138 143 163 166
 167 182 185 192]). Setting correlations for these regions to 0.
2025-04-15 01:12:35,619 - root - WARNING - Subject 20429 has regions with zero variance (indices: [ 11  24  37  74  90  97 103 105 112 114 123 124 126 132 138 143 163 166
 167 182 185 192]). Setting correlations for these regions to 0.
2025-04-15 01:12:35,634 - root - WARNING - Subject 20430 has regions with zero variance (indices: [ 11  24  37  74  90  97 103 105 112 114 123 124 126 132 138 143 163 166
 167 182 185 192]). Setting correlations for these regions to 0.
2025-04-15 01:12:35,649 - root - WARNING - Subject 20431 has regions with zero variance (indices: [ 11  24  37  74  90  97 103 105 112 114 123 124 126 132 138 143 163 166
 167 182 185 192]). Setting correlations for these regions to 0.
2025-04-15 01:12:35,664 - root - WARNING - Subject 20432 has regions with zero variance (indices: [ 11  24  37  74  90  97 103 105 112 114 123 124 126 132 138 143 163 166
 167 182 185 192]). Setting correlations for these regions to 0.
2025-04-15 01:12:35,679 - root - WARNING - Subject 20433 has regions with zero variance (indices: [ 11  24  37  74  90  97 103 105 112 114 123 124 126 132 138 143 163 166
 167 182 185 192]). Setting correlations for these regions to 0.
2025-04-15 01:12:35,694 - root - WARNING - Subject 20434 has regions with zero variance (indices: [ 11  24  37  74  90  97 103 105 112 114 123 124 126 132 138 143 163 166
 167 182 185 192]). Setting correlations for these regions to 0.
2025-04-15 01:12:35,709 - root - WARNING - Subject 20435 has regions with zero variance (indices: [ 11  24  37  74  90  97 103 105 112 114 123 124 126 132 138 143 163 166
 167 182 185 192]). Setting correlations for these regions to 0.
2025-04-15 01:12:35,724 - root - WARNING - Subject 20436 has regions with zero variance (indices: [ 11  24  37  74  90  97 103 105 112 114 123 124 126 132 138 143 163 166
 167 182 185 192]). Setting correlations for these regions to 0.
2025-04-15 01:12:35,739 - root - WARNING - Subject 20437 has regions with zero variance (indices: [ 11  24  37  74  90  97 103 105 112 114 123 124 126 132 138 143 163 166
 167 182 185 192]). Setting correlations for these regions to 0.
2025-04-15 01:12:35,754 - root - WARNING - Subject 20438 has regions with zero variance (indices: [ 11  24  37  74  90  97 103 105 112 114 123 124 126 132 138 143 163 166
 167 182 185 192]). Setting correlations for these regions to 0.
2025-04-15 01:12:35,769 - root - WARNING - Subject 20439 has regions with zero variance (indices: [ 11  24  37  74  90  97 103 105 112 114 123 124 126 132 138 143 163 166
 167 182 185 192]). Setting correlations for these regions to 0.
2025-04-15 01:12:35,784 - root - WARNING - Subject 20440 has regions with zero variance (indices: [ 11  24  37  74  90  97 103 105 112 114 123 124 126 132 138 143 163 166
 167 182 185 192]). Setting correlations for these regions to 0.
2025-04-15 01:12:35,799 - root - WARNING - Subject 20441 has regions with zero variance (indices: [ 11  24  37  74  90  97 103 105 112 114 123 124 126 132 138 143 163 166
 167 182 185 192]). Setting correlations for these regions to 0.
2025-04-15 01:12:35,814 - root - WARNING - Subject 20442 has regions with zero variance (indices: [ 11  24  37  74  90  97 103 105 112 114 123 124 126 132 138 143 163 166
 167 182 185 192]). Setting correlations for these regions to 0.
2025-04-15 01:12:35,829 - root - WARNING - Subject 20443 has regions with zero variance (indices: [ 11  24  37  74  90  97 103 105 112 114 123 124 126 132 138 143 163 166
 167 182 185 192]). Setting correlations for these regions to 0.
2025-04-15 01:12:35,844 - root - WARNING - Subject 20444 has regions with zero variance (indices: [ 11  24  37  74  90  97 103 105 112 114 123 124 126 132 138 143 163 166
 167 182 185 192]). Setting correlations for these regions to 0.
2025-04-15 01:12:35,859 - root - WARNING - Subject 20445 has regions with zero variance (indices: [ 11  24  37  74  90  97 103 105 112 114 123 124 126 132 138 143 163 166
 167 182 185 192]). Setting correlations for these regions to 0.
2025-04-15 01:12:35,874 - root - WARNING - Subject 20446 has regions with zero variance (indices: [ 11  24  37  74  90  97 103 105 112 114 123 124 126 132 138 143 163 166
 167 182 185 192]). Setting correlations for these regions to 0.
2025-04-15 01:12:35,889 - root - WARNING - Subject 20447 has regions with zero variance (indices: [ 11  24  37  74  90  97 103 105 112 114 123 124 126 132 138 143 163 166
 167 182 185 192]). Setting correlations for these regions to 0.
2025-04-15 01:12:35,904 - root - WARNING - Subject 20448 has regions with zero variance (indices: [ 11  24  37  74  90  97 103 105 112 114 123 124 126 132 138 143 163 166
 167 182 185 192]). Setting correlations for these regions to 0.
2025-04-15 01:12:35,919 - root - WARNING - Subject 20449 has regions with zero variance (indices: [ 11  24  37  74  90  97 103 105 112 114 123 124 126 132 138 143 163 166
 167 182 185 192]). Setting correlations for these regions to 0.
2025-04-15 01:12:35,933 - root - WARNING - Subject 20450 has regions with zero variance (indices: [ 11  24  37  74  90  97 103 105 112 114 123 124 126 132 138 143 163 166
 167 182 185 192]). Setting correlations for these regions to 0.
2025-04-15 01:12:35,948 - root - WARNING - Subject 20451 has regions with zero variance (indices: [ 11  24  37  74  90  97 103 105 112 114 123 124 126 132 138 143 163 166
 167 182 185 192]). Setting correlations for these regions to 0.
2025-04-15 01:12:35,963 - root - WARNING - Subject 20452 has regions with zero variance (indices: [ 11  24  37  74  90  97 103 105 112 114 123 124 126 132 138 143 163 166
 167 182 185 192]). Setting correlations for these regions to 0.
2025-04-15 01:12:35,978 - root - WARNING - Subject 20453 has regions with zero variance (indices: [ 11  24  37  74  90  97 103 105 112 114 123 124 126 132 138 143 163 166
 167 182 185 192]). Setting correlations for these regions to 0.
2025-04-15 01:12:35,993 - root - WARNING - Subject 20454 has regions with zero variance (indices: [ 11  24  37  74  90  97 103 105 112 114 123 124 126 132 138 143 163 166
 167 182 185 192]). Setting correlations for these regions to 0.
2025-04-15 01:12:36,008 - root - WARNING - Subject 20455 has regions with zero variance (indices: [ 11  24  37  74  90  97 103 105 112 114 123 124 126 132 138 143 163 166
 167 182 185 192]). Setting correlations for these regions to 0.
2025-04-15 01:12:36,023 - root - WARNING - Subject 20456 has regions with zero variance (indices: [ 11  24  37  74  90  97 103 105 112 114 123 124 126 132 138 143 163 166
 167 182 185 192]). Setting correlations for these regions to 0.
2025-04-15 01:12:36,038 - root - WARNING - Subject 20457 has regions with zero variance (indices: [ 11  24  37  74  90  97 103 105 112 114 123 124 126 132 138 143 163 166
 167 182 185 192]). Setting correlations for these regions to 0.
2025-04-15 01:12:36,053 - root - WARNING - Subject 20458 has regions with zero variance (indices: [ 11  24  37  74  90  97 103 105 112 114 123 124 126 132 138 143 163 166
 167 182 185 192]). Setting correlations for these regions to 0.
2025-04-15 01:12:36,068 - root - WARNING - Subject 20459 has regions with zero variance (indices: [ 11  24  37  74  90  97 103 105 112 114 123 124 126 132 138 143 163 166
 167 182 185 192]). Setting correlations for these regions to 0.
2025-04-15 01:12:36,083 - root - WARNING - Subject 20460 has regions with zero variance (indices: [ 11  24  37  74  90  97 103 105 112 114 123 124 126 132 138 143 163 166
 167 182 185 192]). Setting correlations for these regions to 0.
2025-04-15 01:12:36,097 - root - WARNING - Subject 20461 has regions with zero variance (indices: [ 11  24  37  74  90  97 103 105 112 114 123 124 126 132 138 143 163 166
 167 182 185 192]). Setting correlations for these regions to 0.
2025-04-15 01:12:36,112 - root - WARNING - Subject 20462 has regions with zero variance (indices: [ 11  24  37  74  90  97 103 105 112 114 123 124 126 132 138 143 163 166
 167 182 185 192]). Setting correlations for these regions to 0.
2025-04-15 01:12:36,127 - root - WARNING - Subject 20463 has regions with zero variance (indices: [ 11  24  37  74  90  97 103 105 112 114 123 124 126 132 138 143 163 166
 167 182 185 192]). Setting correlations for these regions to 0.
2025-04-15 01:12:36,142 - root - WARNING - Subject 20464 has regions with zero variance (indices: [ 11  24  37  74  90  97 103 105 112 114 123 124 126 132 138 143 163 166
 167 182 185 192]). Setting correlations for these regions to 0.
2025-04-15 01:12:36,157 - root - WARNING - Subject 20465 has regions with zero variance (indices: [ 11  24  37  74  90  97 103 105 112 114 123 124 126 132 138 143 163 166
 167 182 185 192]). Setting correlations for these regions to 0.
2025-04-15 01:12:36,171 - root - WARNING - Subject 20466 has regions with zero variance (indices: [ 11  24  37  74  90  97 103 105 112 114 123 124 126 132 138 143 163 166
 167 182 185 192]). Setting correlations for these regions to 0.
2025-04-15 01:12:36,186 - root - WARNING - Subject 20467 has regions with zero variance (indices: [ 11  24  37  74  90  97 103 105 112 114 123 124 126 132 138 143 163 166
 167 182 185 192]). Setting correlations for these regions to 0.
2025-04-15 01:12:36,201 - root - WARNING - Subject 20468 has regions with zero variance (indices: [ 11  24  37  74  90  97 103 105 112 114 123 124 126 132 138 143 163 166
 167 182 185 192]). Setting correlations for these regions to 0.
2025-04-15 01:12:36,216 - root - WARNING - Subject 20469 has regions with zero variance (indices: [ 11  24  37  74  90  97 103 105 112 114 123 124 126 132 138 143 163 166
 167 182 185 192]). Setting correlations for these regions to 0.
2025-04-15 01:12:36,231 - root - WARNING - Subject 20470 has regions with zero variance (indices: [ 11  24  37  74  90  97 103 105 112 114 123 124 126 132 138 143 163 166
 167 182 185 192]). Setting correlations for these regions to 0.
2025-04-15 01:12:36,245 - root - WARNING - Subject 20471 has regions with zero variance (indices: [ 11  24  37  74  90  97 103 105 112 114 123 124 126 132 138 143 163 166
 167 182 185 192]). Setting correlations for these regions to 0.
2025-04-15 01:12:36,260 - root - WARNING - Subject 20472 has regions with zero variance (indices: [ 11  24  37  74  90  97 103 105 112 114 123 124 126 132 138 143 163 166
 167 182 185 192]). Setting correlations for these regions to 0.
2025-04-15 01:12:36,275 - root - WARNING - Subject 20473 has regions with zero variance (indices: [ 11  24  37  74  90  97 103 105 112 114 123 124 126 132 138 143 163 166
 167 182 185 192]). Setting correlations for these regions to 0.
2025-04-15 01:12:36,290 - root - WARNING - Subject 20474 has regions with zero variance (indices: [ 11  24  37  74  90  97 103 105 112 114 123 124 126 132 138 143 163 166
 167 182 185 192]). Setting correlations for these regions to 0.
2025-04-15 01:12:36,305 - root - WARNING - Subject 20475 has regions with zero variance (indices: [ 11  24  37  74  90  97 103 105 112 114 123 124 126 132 138 143 163 166
 167 182 185 192]). Setting correlations for these regions to 0.
2025-04-15 01:12:36,320 - root - WARNING - Subject 20476 has regions with zero variance (indices: [ 11  24  37  74  90  97 103 105 112 114 123 124 126 132 138 143 163 166
 167 182 185 192]). Setting correlations for these regions to 0.
2025-04-15 01:12:36,335 - root - WARNING - Subject 20477 has regions with zero variance (indices: [ 11  24  37  74  90  97 103 105 112 114 123 124 126 132 138 143 163 166
 167 182 185 192]). Setting correlations for these regions to 0.
2025-04-15 01:12:36,349 - root - WARNING - Subject 20478 has regions with zero variance (indices: [ 11  24  37  74  90  97 103 105 112 114 123 124 126 132 138 143 163 166
 167 182 185 192]). Setting correlations for these regions to 0.
2025-04-15 01:12:36,364 - root - WARNING - Subject 20479 has regions with zero variance (indices: [ 11  24  37  74  90  97 103 105 112 114 123 124 126 132 138 143 163 166
 167 182 185 192]). Setting correlations for these regions to 0.
2025-04-15 01:12:36,379 - root - WARNING - Subject 20480 has regions with zero variance (indices: [ 11  24  37  74  90  97 103 105 112 114 123 124 126 132 138 143 163 166
 167 182 185 192]). Setting correlations for these regions to 0.
2025-04-15 01:12:36,394 - root - WARNING - Subject 20481 has regions with zero variance (indices: [ 11  24  37  74  90  97 103 105 112 114 123 124 126 132 138 143 163 166
 167 182 185 192]). Setting correlations for these regions to 0.
2025-04-15 01:12:36,409 - root - WARNING - Subject 20482 has regions with zero variance (indices: [ 11  24  37  74  90  97 103 105 112 114 123 124 126 132 138 143 163 166
 167 182 185 192]). Setting correlations for these regions to 0.
2025-04-15 01:12:36,423 - root - WARNING - Subject 20483 has regions with zero variance (indices: [ 11  24  37  74  90  97 103 105 112 114 123 124 126 132 138 143 163 166
 167 182 185 192]). Setting correlations for these regions to 0.
2025-04-15 01:12:36,438 - root - WARNING - Subject 20484 has regions with zero variance (indices: [ 11  24  37  74  90  97 103 105 112 114 123 124 126 132 138 143 163 166
 167 182 185 192]). Setting correlations for these regions to 0.
2025-04-15 01:12:36,453 - root - WARNING - Subject 20485 has regions with zero variance (indices: [ 11  24  37  74  90  97 103 105 112 114 123 124 126 132 138 143 163 166
 167 182 185 192]). Setting correlations for these regions to 0.
2025-04-15 01:12:36,468 - root - WARNING - Subject 20486 has regions with zero variance (indices: [ 11  24  37  74  90  97 103 105 112 114 123 124 126 132 138 143 163 166
 167 182 185 192]). Setting correlations for these regions to 0.
2025-04-15 01:12:36,483 - root - WARNING - Subject 20487 has regions with zero variance (indices: [ 11  24  37  74  90  97 103 105 112 114 123 124 126 132 138 143 163 166
 167 182 185 192]). Setting correlations for these regions to 0.
2025-04-15 01:12:36,498 - root - WARNING - Subject 20488 has regions with zero variance (indices: [ 11  24  37  74  90  97 103 105 112 114 123 124 126 132 138 143 163 166
 167 182 185 192]). Setting correlations for these regions to 0.
2025-04-15 01:12:36,512 - root - WARNING - Subject 20489 has regions with zero variance (indices: [ 11  24  37  74  90  97 103 105 112 114 123 124 126 132 138 143 163 166
 167 182 185 192]). Setting correlations for these regions to 0.
2025-04-15 01:12:36,527 - root - WARNING - Subject 20490 has regions with zero variance (indices: [ 11  24  37  74  90  97 103 105 112 114 123 124 126 132 138 143 163 166
 167 182 185 192]). Setting correlations for these regions to 0.
2025-04-15 01:12:36,542 - root - WARNING - Subject 20491 has regions with zero variance (indices: [ 11  24  37  74  90  97 103 105 112 114 123 124 126 132 138 143 163 166
 167 182 185 192]). Setting correlations for these regions to 0.
2025-04-15 01:12:36,557 - root - WARNING - Subject 20492 has regions with zero variance (indices: [ 11  24  37  74  90  97 103 105 112 114 123 124 126 132 138 143 163 166
 167 182 185 192]). Setting correlations for these regions to 0.
2025-04-15 01:12:36,572 - root - WARNING - Subject 20493 has regions with zero variance (indices: [ 11  24  37  74  90  97 103 105 112 114 123 124 126 132 138 143 163 166
 167 182 185 192]). Setting correlations for these regions to 0.
2025-04-15 01:12:36,586 - root - WARNING - Subject 20494 has regions with zero variance (indices: [ 11  24  37  74  90  97 103 105 112 114 123 124 126 132 138 143 163 166
 167 182 185 192]). Setting correlations for these regions to 0.
2025-04-15 01:12:36,601 - root - WARNING - Subject 20495 has regions with zero variance (indices: [ 11  24  37  74  90  97 103 105 112 114 123 124 126 132 138 143 163 166
 167 182 185 192]). Setting correlations for these regions to 0.
2025-04-15 01:12:36,616 - root - WARNING - Subject 20496 has regions with zero variance (indices: [ 11  24  37  74  90  97 103 105 112 114 123 124 126 132 138 143 163 166
 167 182 185 192]). Setting correlations for these regions to 0.
2025-04-15 01:12:36,631 - root - WARNING - Subject 20497 has regions with zero variance (indices: [ 11  24  37  74  90  97 103 105 112 114 123 124 126 132 138 143 163 166
 167 182 185 192]). Setting correlations for these regions to 0.
2025-04-15 01:12:36,646 - root - WARNING - Subject 20498 has regions with zero variance (indices: [ 11  24  37  74  90  97 103 105 112 114 123 124 126 132 138 143 163 166
 167 182 185 192]). Setting correlations for these regions to 0.
2025-04-15 01:12:36,661 - root - WARNING - Subject 20499 has regions with zero variance (indices: [ 11  24  37  74  90  97 103 105 112 114 123 124 126 132 138 143 163 166
 167 182 185 192]). Setting correlations for these regions to 0.
2025-04-15 01:12:36,676 - root - WARNING - Subject 20500 has regions with zero variance (indices: [ 11  24  37  74  90  97 103 105 112 114 123 124 126 132 138 143 163 166
 167 182 185 192]). Setting correlations for these regions to 0.
2025-04-15 01:12:36,691 - root - WARNING - Subject 20501 has regions with zero variance (indices: [ 11  24  37  74  90  97 103 105 112 114 123 124 126 132 138 143 163 166
 167 182 185 192]). Setting correlations for these regions to 0.
2025-04-15 01:12:36,706 - root - WARNING - Subject 20502 has regions with zero variance (indices: [ 11  24  37  74  90  97 103 105 112 114 123 124 126 132 138 143 163 166
 167 182 185 192]). Setting correlations for these regions to 0.
2025-04-15 01:12:36,720 - root - WARNING - Subject 20503 has regions with zero variance (indices: [ 11  24  37  74  90  97 103 105 112 114 123 124 126 132 138 143 163 166
 167 182 185 192]). Setting correlations for these regions to 0.
2025-04-15 01:12:36,735 - root - WARNING - Subject 20504 has regions with zero variance (indices: [ 11  24  37  74  90  97 103 105 112 114 123 124 126 132 138 143 163 166
 167 182 185 192]). Setting correlations for these regions to 0.
2025-04-15 01:12:36,750 - root - WARNING - Subject 20505 has regions with zero variance (indices: [ 11  24  37  74  90  97 103 105 112 114 123 124 126 132 138 143 163 166
 167 182 185 192]). Setting correlations for these regions to 0.
2025-04-15 01:12:36,765 - root - WARNING - Subject 20506 has regions with zero variance (indices: [ 11  24  37  74  90  97 103 105 112 114 123 124 126 132 138 143 163 166
 167 182 185 192]). Setting correlations for these regions to 0.
2025-04-15 01:12:36,780 - root - WARNING - Subject 20507 has regions with zero variance (indices: [ 11  24  37  74  90  97 103 105 112 114 123 124 126 132 138 143 163 166
 167 182 185 192]). Setting correlations for these regions to 0.
2025-04-15 01:12:37,117 - root - WARNING - Subject 21040 has regions with zero variance (indices: [  6  11  43  74 112 132 135 141 146 185 187 192]). Setting correlations for these regions to 0.
2025-04-15 01:12:37,134 - root - WARNING - Subject 21041 has regions with zero variance (indices: [  6  11  43  74 112 132 135 141 146 185 187 192]). Setting correlations for these regions to 0.
2025-04-15 01:12:37,151 - root - WARNING - Subject 21042 has regions with zero variance (indices: [  6  11  43  74 112 132 135 141 146 185 187 192]). Setting correlations for these regions to 0.
2025-04-15 01:12:37,167 - root - WARNING - Subject 21043 has regions with zero variance (indices: [  6  11  43  74 112 132 135 141 146 185 187 192]). Setting correlations for these regions to 0.
2025-04-15 01:12:37,184 - root - WARNING - Subject 21044 has regions with zero variance (indices: [  6  11  43  74 112 132 135 141 146 185 187 192]). Setting correlations for these regions to 0.
2025-04-15 01:12:37,200 - root - WARNING - Subject 21045 has regions with zero variance (indices: [  6  11  43  74 112 132 135 141 146 185 187 192]). Setting correlations for these regions to 0.
2025-04-15 01:12:37,217 - root - WARNING - Subject 21046 has regions with zero variance (indices: [  6  11  43  74 112 132 135 141 146 185 187 192]). Setting correlations for these regions to 0.
2025-04-15 01:12:37,234 - root - WARNING - Subject 21047 has regions with zero variance (indices: [  6  11  43  74 112 132 135 141 146 185 187 192]). Setting correlations for these regions to 0.
2025-04-15 01:12:37,250 - root - WARNING - Subject 21048 has regions with zero variance (indices: [  6  11  43  74 112 132 135 141 146 185 187 192]). Setting correlations for these regions to 0.
2025-04-15 01:12:37,267 - root - WARNING - Subject 21049 has regions with zero variance (indices: [  6  11  43  74 112 132 135 141 146 185 187 192]). Setting correlations for these regions to 0.
2025-04-15 01:12:37,284 - root - WARNING - Subject 21050 has regions with zero variance (indices: [  6  11  43  74 112 132 135 141 146 185 187 192]). Setting correlations for these regions to 0.
2025-04-15 01:12:37,301 - root - WARNING - Subject 21051 has regions with zero variance (indices: [  6  11  43  74 112 132 135 141 146 185 187 192]). Setting correlations for these regions to 0.
2025-04-15 01:12:37,318 - root - WARNING - Subject 21052 has regions with zero variance (indices: [  6  11  43  74 112 132 135 141 146 185 187 192]). Setting correlations for these regions to 0.
2025-04-15 01:12:37,334 - root - WARNING - Subject 21053 has regions with zero variance (indices: [  6  11  43  74 112 132 135 141 146 185 187 192]). Setting correlations for these regions to 0.
2025-04-15 01:12:37,351 - root - WARNING - Subject 21054 has regions with zero variance (indices: [  6  11  43  74 112 132 135 141 146 185 187 192]). Setting correlations for these regions to 0.
2025-04-15 01:12:37,368 - root - WARNING - Subject 21055 has regions with zero variance (indices: [  6  11  43  74 112 132 135 141 146 185 187 192]). Setting correlations for these regions to 0.
2025-04-15 01:12:37,385 - root - WARNING - Subject 21056 has regions with zero variance (indices: [  6  11  43  74 112 132 135 141 146 185 187 192]). Setting correlations for these regions to 0.
2025-04-15 01:12:37,401 - root - WARNING - Subject 21057 has regions with zero variance (indices: [  6  11  43  74 112 132 135 141 146 185 187 192]). Setting correlations for these regions to 0.
2025-04-15 01:12:37,418 - root - WARNING - Subject 21058 has regions with zero variance (indices: [  6  11  43  74 112 132 135 141 146 185 187 192]). Setting correlations for these regions to 0.
2025-04-15 01:12:37,434 - root - WARNING - Subject 21059 has regions with zero variance (indices: [  6  11  43  74 112 132 135 141 146 185 187 192]). Setting correlations for these regions to 0.
2025-04-15 01:12:37,451 - root - WARNING - Subject 21060 has regions with zero variance (indices: [  6  11  43  74 112 132 135 141 146 185 187 192]). Setting correlations for these regions to 0.
2025-04-15 01:12:37,468 - root - WARNING - Subject 21061 has regions with zero variance (indices: [  6  11  43  74 112 132 135 141 146 185 187 192]). Setting correlations for these regions to 0.
2025-04-15 01:12:37,484 - root - WARNING - Subject 21062 has regions with zero variance (indices: [  6  11  43  74 112 132 135 141 146 185 187 192]). Setting correlations for these regions to 0.
2025-04-15 01:12:37,501 - root - WARNING - Subject 21063 has regions with zero variance (indices: [  6  11  43  74 112 132 135 141 146 185 187 192]). Setting correlations for these regions to 0.
2025-04-15 01:12:37,517 - root - WARNING - Subject 21064 has regions with zero variance (indices: [  6  11  43  74 112 132 135 141 146 185 187 192]). Setting correlations for these regions to 0.
2025-04-15 01:12:37,534 - root - WARNING - Subject 21065 has regions with zero variance (indices: [  6  11  43  74 112 132 135 141 146 185 187 192]). Setting correlations for these regions to 0.
2025-04-15 01:12:37,551 - root - WARNING - Subject 21066 has regions with zero variance (indices: [  6  11  43  74 112 132 135 141 146 185 187 192]). Setting correlations for these regions to 0.
2025-04-15 01:12:37,567 - root - WARNING - Subject 21067 has regions with zero variance (indices: [  6  11  43  74 112 132 135 141 146 185 187 192]). Setting correlations for these regions to 0.
2025-04-15 01:12:37,584 - root - WARNING - Subject 21068 has regions with zero variance (indices: [  6  11  43  74 112 132 135 141 146 185 187 192]). Setting correlations for these regions to 0.
2025-04-15 01:12:37,601 - root - WARNING - Subject 21069 has regions with zero variance (indices: [  6  11  43  74 112 132 135 141 146 185 187 192]). Setting correlations for these regions to 0.
2025-04-15 01:12:37,617 - root - WARNING - Subject 21070 has regions with zero variance (indices: [  6  11  43  74 112 132 135 141 146 185 187 192]). Setting correlations for these regions to 0.
2025-04-15 01:12:37,634 - root - WARNING - Subject 21071 has regions with zero variance (indices: [  6  11  43  74 112 132 135 141 146 185 187 192]). Setting correlations for these regions to 0.
2025-04-15 01:12:37,651 - root - WARNING - Subject 21072 has regions with zero variance (indices: [  6  11  43  74 112 132 135 141 146 185 187 192]). Setting correlations for these regions to 0.
2025-04-15 01:12:37,667 - root - WARNING - Subject 21073 has regions with zero variance (indices: [  6  11  43  74 112 132 135 141 146 185 187 192]). Setting correlations for these regions to 0.
2025-04-15 01:12:37,684 - root - WARNING - Subject 21074 has regions with zero variance (indices: [  6  11  43  74 112 132 135 141 146 185 187 192]). Setting correlations for these regions to 0.
2025-04-15 01:12:37,701 - root - WARNING - Subject 21075 has regions with zero variance (indices: [  6  11  43  74 112 132 135 141 146 185 187 192]). Setting correlations for these regions to 0.
2025-04-15 01:12:37,718 - root - WARNING - Subject 21076 has regions with zero variance (indices: [  6  11  43  74 112 132 135 141 146 185 187 192]). Setting correlations for these regions to 0.
2025-04-15 01:12:37,734 - root - WARNING - Subject 21077 has regions with zero variance (indices: [  6  11  43  74 112 132 135 141 146 185 187 192]). Setting correlations for these regions to 0.
2025-04-15 01:12:37,751 - root - WARNING - Subject 21078 has regions with zero variance (indices: [  6  11  43  74 112 132 135 141 146 185 187 192]). Setting correlations for these regions to 0.
2025-04-15 01:12:37,768 - root - WARNING - Subject 21079 has regions with zero variance (indices: [  6  11  43  74 112 132 135 141 146 185 187 192]). Setting correlations for these regions to 0.
2025-04-15 01:12:37,784 - root - WARNING - Subject 21080 has regions with zero variance (indices: [  6  11  43  74 112 132 135 141 146 185 187 192]). Setting correlations for these regions to 0.
2025-04-15 01:12:37,801 - root - WARNING - Subject 21081 has regions with zero variance (indices: [  6  11  43  74 112 132 135 141 146 185 187 192]). Setting correlations for these regions to 0.
2025-04-15 01:12:37,818 - root - WARNING - Subject 21082 has regions with zero variance (indices: [  6  11  43  74 112 132 135 141 146 185 187 192]). Setting correlations for these regions to 0.
2025-04-15 01:12:37,834 - root - WARNING - Subject 21083 has regions with zero variance (indices: [  6  11  43  74 112 132 135 141 146 185 187 192]). Setting correlations for these regions to 0.
2025-04-15 01:12:37,851 - root - WARNING - Subject 21084 has regions with zero variance (indices: [  6  11  43  74 112 132 135 141 146 185 187 192]). Setting correlations for these regions to 0.
2025-04-15 01:12:37,867 - root - WARNING - Subject 21085 has regions with zero variance (indices: [  6  11  43  74 112 132 135 141 146 185 187 192]). Setting correlations for these regions to 0.
2025-04-15 01:12:37,884 - root - WARNING - Subject 21086 has regions with zero variance (indices: [  6  11  43  74 112 132 135 141 146 185 187 192]). Setting correlations for these regions to 0.
2025-04-15 01:12:37,901 - root - WARNING - Subject 21087 has regions with zero variance (indices: [  6  11  43  74 112 132 135 141 146 185 187 192]). Setting correlations for these regions to 0.
2025-04-15 01:12:37,917 - root - WARNING - Subject 21088 has regions with zero variance (indices: [  6  11  43  74 112 132 135 141 146 185 187 192]). Setting correlations for these regions to 0.
2025-04-15 01:12:37,934 - root - WARNING - Subject 21089 has regions with zero variance (indices: [  6  11  43  74 112 132 135 141 146 185 187 192]). Setting correlations for these regions to 0.
2025-04-15 01:12:37,950 - root - WARNING - Subject 21090 has regions with zero variance (indices: [  6  11  43  74 112 132 135 141 146 185 187 192]). Setting correlations for these regions to 0.
2025-04-15 01:12:37,967 - root - WARNING - Subject 21091 has regions with zero variance (indices: [  6  11  43  74 112 132 135 141 146 185 187 192]). Setting correlations for these regions to 0.
2025-04-15 01:12:37,983 - root - WARNING - Subject 21092 has regions with zero variance (indices: [  6  11  43  74 112 132 135 141 146 185 187 192]). Setting correlations for these regions to 0.
2025-04-15 01:12:38,000 - root - WARNING - Subject 21093 has regions with zero variance (indices: [  6  11  43  74 112 132 135 141 146 185 187 192]). Setting correlations for these regions to 0.
2025-04-15 01:12:38,016 - root - WARNING - Subject 21094 has regions with zero variance (indices: [  6  11  43  74 112 132 135 141 146 185 187 192]). Setting correlations for these regions to 0.
2025-04-15 01:12:38,033 - root - WARNING - Subject 21095 has regions with zero variance (indices: [  6  11  43  74 112 132 135 141 146 185 187 192]). Setting correlations for these regions to 0.
2025-04-15 01:12:38,050 - root - WARNING - Subject 21096 has regions with zero variance (indices: [  6  11  43  74 112 132 135 141 146 185 187 192]). Setting correlations for these regions to 0.
2025-04-15 01:12:38,066 - root - WARNING - Subject 21097 has regions with zero variance (indices: [  6  11  43  74 112 132 135 141 146 185 187 192]). Setting correlations for these regions to 0.
2025-04-15 01:12:38,083 - root - WARNING - Subject 21098 has regions with zero variance (indices: [  6  11  43  74 112 132 135 141 146 185 187 192]). Setting correlations for these regions to 0.
2025-04-15 01:12:38,099 - root - WARNING - Subject 21099 has regions with zero variance (indices: [  6  11  43  74 112 132 135 141 146 185 187 192]). Setting correlations for these regions to 0.
2025-04-15 01:12:38,116 - root - WARNING - Subject 21100 has regions with zero variance (indices: [  6  11  43  74 112 132 135 141 146 185 187 192]). Setting correlations for these regions to 0.
2025-04-15 01:12:38,132 - root - WARNING - Subject 21101 has regions with zero variance (indices: [  6  11  43  74 112 132 135 141 146 185 187 192]). Setting correlations for these regions to 0.
2025-04-15 01:12:38,149 - root - WARNING - Subject 21102 has regions with zero variance (indices: [  6  11  43  74 112 132 135 141 146 185 187 192]). Setting correlations for these regions to 0.
2025-04-15 01:12:38,165 - root - WARNING - Subject 21103 has regions with zero variance (indices: [  6  11  43  74 112 132 135 141 146 185 187 192]). Setting correlations for these regions to 0.
2025-04-15 01:12:38,182 - root - WARNING - Subject 21104 has regions with zero variance (indices: [  6  11  43  74 112 132 135 141 146 185 187 192]). Setting correlations for these regions to 0.
2025-04-15 01:12:38,199 - root - WARNING - Subject 21105 has regions with zero variance (indices: [  6  11  43  74 112 132 135 141 146 185 187 192]). Setting correlations for these regions to 0.
2025-04-15 01:12:38,215 - root - WARNING - Subject 21106 has regions with zero variance (indices: [  6  11  43  74 112 132 135 141 146 185 187 192]). Setting correlations for these regions to 0.
2025-04-15 01:12:38,232 - root - WARNING - Subject 21107 has regions with zero variance (indices: [  6  11  43  74 112 132 135 141 146 185 187 192]). Setting correlations for these regions to 0.
2025-04-15 01:12:38,249 - root - WARNING - Subject 21108 has regions with zero variance (indices: [  6  11  43  74 112 132 135 141 146 185 187 192]). Setting correlations for these regions to 0.
2025-04-15 01:12:38,265 - root - WARNING - Subject 21109 has regions with zero variance (indices: [  6  11  43  74 112 132 135 141 146 185 187 192]). Setting correlations for these regions to 0.
2025-04-15 01:12:38,282 - root - WARNING - Subject 21110 has regions with zero variance (indices: [  6  11  43  74 112 132 135 141 146 185 187 192]). Setting correlations for these regions to 0.
2025-04-15 01:12:38,299 - root - WARNING - Subject 21111 has regions with zero variance (indices: [  6  11  43  74 112 132 135 141 146 185 187 192]). Setting correlations for these regions to 0.
2025-04-15 01:12:38,315 - root - WARNING - Subject 21112 has regions with zero variance (indices: [  6  11  43  74 112 132 135 141 146 185 187 192]). Setting correlations for these regions to 0.
2025-04-15 01:12:38,332 - root - WARNING - Subject 21113 has regions with zero variance (indices: [  6  11  43  74 112 132 135 141 146 185 187 192]). Setting correlations for these regions to 0.
2025-04-15 01:12:38,349 - root - WARNING - Subject 21114 has regions with zero variance (indices: [  6  11  43  74 112 132 135 141 146 185 187 192]). Setting correlations for these regions to 0.
2025-04-15 01:12:38,365 - root - WARNING - Subject 21115 has regions with zero variance (indices: [  6  11  43  74 112 132 135 141 146 185 187 192]). Setting correlations for these regions to 0.
2025-04-15 01:12:38,382 - root - WARNING - Subject 21116 has regions with zero variance (indices: [  6  11  43  74 112 132 135 141 146 185 187 192]). Setting correlations for these regions to 0.
2025-04-15 01:12:38,399 - root - WARNING - Subject 21117 has regions with zero variance (indices: [  6  11  43  74 112 132 135 141 146 185 187 192]). Setting correlations for these regions to 0.
2025-04-15 01:12:38,415 - root - WARNING - Subject 21118 has regions with zero variance (indices: [  6  11  43  74 112 132 135 141 146 185 187 192]). Setting correlations for these regions to 0.
2025-04-15 01:12:38,432 - root - WARNING - Subject 21119 has regions with zero variance (indices: [  6  11  43  74 112 132 135 141 146 185 187 192]). Setting correlations for these regions to 0.
2025-04-15 01:12:38,448 - root - WARNING - Subject 21120 has regions with zero variance (indices: [  6  11  43  74 112 132 135 141 146 185 187 192]). Setting correlations for these regions to 0.
2025-04-15 01:12:38,465 - root - WARNING - Subject 21121 has regions with zero variance (indices: [  6  11  43  74 112 132 135 141 146 185 187 192]). Setting correlations for these regions to 0.
2025-04-15 01:12:38,482 - root - WARNING - Subject 21122 has regions with zero variance (indices: [  6  11  43  74 112 132 135 141 146 185 187 192]). Setting correlations for these regions to 0.
2025-04-15 01:12:38,498 - root - WARNING - Subject 21123 has regions with zero variance (indices: [  6  11  43  74 112 132 135 141 146 185 187 192]). Setting correlations for these regions to 0.
2025-04-15 01:12:38,515 - root - WARNING - Subject 21124 has regions with zero variance (indices: [  6  11  43  74 112 132 135 141 146 185 187 192]). Setting correlations for these regions to 0.
2025-04-15 01:12:38,532 - root - WARNING - Subject 21125 has regions with zero variance (indices: [  6  11  43  74 112 132 135 141 146 185 187 192]). Setting correlations for these regions to 0.
2025-04-15 01:12:38,548 - root - WARNING - Subject 21126 has regions with zero variance (indices: [  6  11  43  74 112 132 135 141 146 185 187 192]). Setting correlations for these regions to 0.
2025-04-15 01:12:38,565 - root - WARNING - Subject 21127 has regions with zero variance (indices: [  6  11  43  74 112 132 135 141 146 185 187 192]). Setting correlations for these regions to 0.
2025-04-15 01:12:38,582 - root - WARNING - Subject 21128 has regions with zero variance (indices: [  6  11  43  74 112 132 135 141 146 185 187 192]). Setting correlations for these regions to 0.
2025-04-15 01:12:38,598 - root - WARNING - Subject 21129 has regions with zero variance (indices: [  6  11  43  74 112 132 135 141 146 185 187 192]). Setting correlations for these regions to 0.
2025-04-15 01:12:38,615 - root - WARNING - Subject 21130 has regions with zero variance (indices: [  6  11  43  74 112 132 135 141 146 185 187 192]). Setting correlations for these regions to 0.
2025-04-15 01:12:38,632 - root - WARNING - Subject 21131 has regions with zero variance (indices: [  6  11  43  74 112 132 135 141 146 185 187 192]). Setting correlations for these regions to 0.
2025-04-15 01:12:38,648 - root - WARNING - Subject 21132 has regions with zero variance (indices: [  6  11  43  74 112 132 135 141 146 185 187 192]). Setting correlations for these regions to 0.
2025-04-15 01:12:38,665 - root - WARNING - Subject 21133 has regions with zero variance (indices: [  6  11  43  74 112 132 135 141 146 185 187 192]). Setting correlations for these regions to 0.
2025-04-15 01:12:38,682 - root - WARNING - Subject 21134 has regions with zero variance (indices: [  6  11  43  74 112 132 135 141 146 185 187 192]). Setting correlations for these regions to 0.
2025-04-15 01:12:38,698 - root - WARNING - Subject 21135 has regions with zero variance (indices: [  6  11  43  74 112 132 135 141 146 185 187 192]). Setting correlations for these regions to 0.
2025-04-15 01:12:38,715 - root - WARNING - Subject 21136 has regions with zero variance (indices: [  6  11  43  74 112 132 135 141 146 185 187 192]). Setting correlations for these regions to 0.
2025-04-15 01:12:38,731 - root - WARNING - Subject 21137 has regions with zero variance (indices: [  6  11  43  74 112 132 135 141 146 185 187 192]). Setting correlations for these regions to 0.
2025-04-15 01:12:38,748 - root - WARNING - Subject 21138 has regions with zero variance (indices: [  6  11  43  74 112 132 135 141 146 185 187 192]). Setting correlations for these regions to 0.
2025-04-15 01:12:38,764 - root - WARNING - Subject 21139 has regions with zero variance (indices: [  6  11  43  74 112 132 135 141 146 185 187 192]). Setting correlations for these regions to 0.
2025-04-15 01:12:38,781 - root - WARNING - Subject 21140 has regions with zero variance (indices: [  6  11  43  74 112 132 135 141 146 185 187 192]). Setting correlations for these regions to 0.
2025-04-15 01:12:38,798 - root - WARNING - Subject 21141 has regions with zero variance (indices: [  6  11  43  74 112 132 135 141 146 185 187 192]). Setting correlations for these regions to 0.
2025-04-15 01:12:38,814 - root - WARNING - Subject 21142 has regions with zero variance (indices: [  6  11  43  74 112 132 135 141 146 185 187 192]). Setting correlations for these regions to 0.
2025-04-15 01:12:38,831 - root - WARNING - Subject 21143 has regions with zero variance (indices: [  6  11  43  74 112 132 135 141 146 185 187 192]). Setting correlations for these regions to 0.
2025-04-15 01:12:38,848 - root - WARNING - Subject 21144 has regions with zero variance (indices: [  6  11  43  74 112 132 135 141 146 185 187 192]). Setting correlations for these regions to 0.
2025-04-15 01:12:38,865 - root - WARNING - Subject 21145 has regions with zero variance (indices: [  6  11  43  74 112 132 135 141 146 185 187 192]). Setting correlations for these regions to 0.
2025-04-15 01:12:38,882 - root - WARNING - Subject 21146 has regions with zero variance (indices: [  6  11  43  74 112 132 135 141 146 185 187 192]). Setting correlations for these regions to 0.
2025-04-15 01:12:38,898 - root - WARNING - Subject 21147 has regions with zero variance (indices: [  6  11  43  74 112 132 135 141 146 185 187 192]). Setting correlations for these regions to 0.
2025-04-15 01:12:38,915 - root - WARNING - Subject 21148 has regions with zero variance (indices: [  6  11  43  74 112 132 135 141 146 185 187 192]). Setting correlations for these regions to 0.
2025-04-15 01:12:38,932 - root - WARNING - Subject 21149 has regions with zero variance (indices: [  6  11  43  74 112 132 135 141 146 185 187 192]). Setting correlations for these regions to 0.
2025-04-15 01:12:38,949 - root - WARNING - Subject 21150 has regions with zero variance (indices: [  6  11  43  74 112 132 135 141 146 185 187 192]). Setting correlations for these regions to 0.
2025-04-15 01:12:38,965 - root - WARNING - Subject 21151 has regions with zero variance (indices: [  6  11  43  74 112 132 135 141 146 185 187 192]). Setting correlations for these regions to 0.
2025-04-15 01:12:38,982 - root - WARNING - Subject 21152 has regions with zero variance (indices: [  6  11  43  74 112 132 135 141 146 185 187 192]). Setting correlations for these regions to 0.
2025-04-15 01:12:38,999 - root - WARNING - Subject 21153 has regions with zero variance (indices: [  6  11  43  74 112 132 135 141 146 185 187 192]). Setting correlations for these regions to 0.
2025-04-15 01:12:39,015 - root - WARNING - Subject 21154 has regions with zero variance (indices: [  6  11  43  74 112 132 135 141 146 185 187 192]). Setting correlations for these regions to 0.
2025-04-15 01:12:39,032 - root - WARNING - Subject 21155 has regions with zero variance (indices: [  6  11  43  74 112 132 135 141 146 185 187 192]). Setting correlations for these regions to 0.
2025-04-15 01:12:39,049 - root - WARNING - Subject 21156 has regions with zero variance (indices: [  6  11  43  74 112 132 135 141 146 185 187 192]). Setting correlations for these regions to 0.
2025-04-15 01:12:39,066 - root - WARNING - Subject 21157 has regions with zero variance (indices: [  6  11  43  74 112 132 135 141 146 185 187 192]). Setting correlations for these regions to 0.
2025-04-15 01:12:39,082 - root - WARNING - Subject 21158 has regions with zero variance (indices: [  6  11  43  74 112 132 135 141 146 185 187 192]). Setting correlations for these regions to 0.
2025-04-15 01:12:39,099 - root - WARNING - Subject 21159 has regions with zero variance (indices: [  6  11  43  74 112 132 135 141 146 185 187 192]). Setting correlations for these regions to 0.
2025-04-15 01:12:39,115 - root - WARNING - Subject 21160 has regions with zero variance (indices: [  6  11  43  74 112 132 135 141 146 185 187 192]). Setting correlations for these regions to 0.
2025-04-15 01:12:39,131 - root - WARNING - Subject 21161 has regions with zero variance (indices: [  6  11  43  74 112 132 135 141 146 185 187 192]). Setting correlations for these regions to 0.
2025-04-15 01:12:39,148 - root - WARNING - Subject 21162 has regions with zero variance (indices: [  6  11  43  74 112 132 135 141 146 185 187 192]). Setting correlations for these regions to 0.
2025-04-15 01:12:39,165 - root - WARNING - Subject 21163 has regions with zero variance (indices: [  6  11  43  74 112 132 135 141 146 185 187 192]). Setting correlations for these regions to 0.
2025-04-15 01:12:39,182 - root - WARNING - Subject 21164 has regions with zero variance (indices: [  6  11  43  74 112 132 135 141 146 185 187 192]). Setting correlations for these regions to 0.
2025-04-15 01:12:39,198 - root - WARNING - Subject 21165 has regions with zero variance (indices: [  6  11  43  74 112 132 135 141 146 185 187 192]). Setting correlations for these regions to 0.
2025-04-15 01:12:39,215 - root - WARNING - Subject 21166 has regions with zero variance (indices: [  6  11  43  74 112 132 135 141 146 185 187 192]). Setting correlations for these regions to 0.
2025-04-15 01:12:39,231 - root - WARNING - Subject 21167 has regions with zero variance (indices: [  6  11  43  74 112 132 135 141 146 185 187 192]). Setting correlations for these regions to 0.
2025-04-15 01:12:39,248 - root - WARNING - Subject 21168 has regions with zero variance (indices: [  6  11  43  74 112 132 135 141 146 185 187 192]). Setting correlations for these regions to 0.
2025-04-15 01:12:39,265 - root - WARNING - Subject 21169 has regions with zero variance (indices: [  6  11  43  74 112 132 135 141 146 185 187 192]). Setting correlations for these regions to 0.
2025-04-15 01:12:39,281 - root - WARNING - Subject 21170 has regions with zero variance (indices: [  6  11  43  74 112 132 135 141 146 185 187 192]). Setting correlations for these regions to 0.
2025-04-15 01:12:39,298 - root - WARNING - Subject 21171 has regions with zero variance (indices: [  6  11  43  74 112 132 135 141 146 185 187 192]). Setting correlations for these regions to 0.
2025-04-15 01:12:39,314 - root - WARNING - Subject 21172 has regions with zero variance (indices: [  6  11  43  74 112 132 135 141 146 185 187 192]). Setting correlations for these regions to 0.
2025-04-15 01:12:39,331 - root - WARNING - Subject 21173 has regions with zero variance (indices: [  6  11  43  74 112 132 135 141 146 185 187 192]). Setting correlations for these regions to 0.
2025-04-15 01:12:39,348 - root - WARNING - Subject 21174 has regions with zero variance (indices: [  6  11  43  74 112 132 135 141 146 185 187 192]). Setting correlations for these regions to 0.
2025-04-15 01:12:39,364 - root - WARNING - Subject 21175 has regions with zero variance (indices: [  6  11  43  74 112 132 135 141 146 185 187 192]). Setting correlations for these regions to 0.
2025-04-15 01:12:39,381 - root - WARNING - Subject 21176 has regions with zero variance (indices: [  6  11  43  74 112 132 135 141 146 185 187 192]). Setting correlations for these regions to 0.
2025-04-15 01:12:39,398 - root - WARNING - Subject 21177 has regions with zero variance (indices: [  6  11  43  74 112 132 135 141 146 185 187 192]). Setting correlations for these regions to 0.
2025-04-15 01:12:39,414 - root - WARNING - Subject 21178 has regions with zero variance (indices: [  6  11  43  74 112 132 135 141 146 185 187 192]). Setting correlations for these regions to 0.
2025-04-15 01:12:39,431 - root - WARNING - Subject 21179 has regions with zero variance (indices: [  6  11  43  74 112 132 135 141 146 185 187 192]). Setting correlations for these regions to 0.
2025-04-15 01:12:39,448 - root - WARNING - Subject 21180 has regions with zero variance (indices: [  6  11  43  74 112 132 135 141 146 185 187 192]). Setting correlations for these regions to 0.
2025-04-15 01:12:39,464 - root - WARNING - Subject 21181 has regions with zero variance (indices: [  6  11  43  74 112 132 135 141 146 185 187 192]). Setting correlations for these regions to 0.
2025-04-15 01:12:39,481 - root - WARNING - Subject 21182 has regions with zero variance (indices: [  6  11  43  74 112 132 135 141 146 185 187 192]). Setting correlations for these regions to 0.
2025-04-15 01:12:39,498 - root - WARNING - Subject 21183 has regions with zero variance (indices: [  6  11  43  74 112 132 135 141 146 185 187 192]). Setting correlations for these regions to 0.
2025-04-15 01:12:39,514 - root - WARNING - Subject 21184 has regions with zero variance (indices: [  6  11  43  74 112 132 135 141 146 185 187 192]). Setting correlations for these regions to 0.
2025-04-15 01:12:39,531 - root - WARNING - Subject 21185 has regions with zero variance (indices: [  6  11  43  74 112 132 135 141 146 185 187 192]). Setting correlations for these regions to 0.
2025-04-15 01:12:39,548 - root - WARNING - Subject 21186 has regions with zero variance (indices: [  6  11  43  74 112 132 135 141 146 185 187 192]). Setting correlations for these regions to 0.
2025-04-15 01:12:39,564 - root - WARNING - Subject 21187 has regions with zero variance (indices: [  6  11  43  74 112 132 135 141 146 185 187 192]). Setting correlations for these regions to 0.
2025-04-15 01:12:39,581 - root - WARNING - Subject 21188 has regions with zero variance (indices: [  6  11  43  74 112 132 135 141 146 185 187 192]). Setting correlations for these regions to 0.
2025-04-15 01:12:39,598 - root - WARNING - Subject 21189 has regions with zero variance (indices: [  6  11  43  74 112 132 135 141 146 185 187 192]). Setting correlations for these regions to 0.
2025-04-15 01:12:39,615 - root - WARNING - Subject 21190 has regions with zero variance (indices: [  6  11  43  74 112 132 135 141 146 185 187 192]). Setting correlations for these regions to 0.
2025-04-15 01:12:39,631 - root - WARNING - Subject 21191 has regions with zero variance (indices: [  6  11  43  74 112 132 135 141 146 185 187 192]). Setting correlations for these regions to 0.
2025-04-15 01:12:39,648 - root - WARNING - Subject 21192 has regions with zero variance (indices: [  6  11  43  74 112 132 135 141 146 185 187 192]). Setting correlations for these regions to 0.
2025-04-15 01:12:39,665 - root - WARNING - Subject 21193 has regions with zero variance (indices: [  6  11  43  74 112 132 135 141 146 185 187 192]). Setting correlations for these regions to 0.
2025-04-15 01:12:39,682 - root - WARNING - Subject 21194 has regions with zero variance (indices: [  6  11  43  74 112 132 135 141 146 185 187 192]). Setting correlations for these regions to 0.
2025-04-15 01:12:39,699 - root - WARNING - Subject 21195 has regions with zero variance (indices: [  6  11  43  74 112 132 135 141 146 185 187 192]). Setting correlations for these regions to 0.
2025-04-15 01:12:39,715 - root - WARNING - Subject 21196 has regions with zero variance (indices: [  6  11  43  74 112 132 135 141 146 185 187 192]). Setting correlations for these regions to 0.
2025-04-15 01:12:39,732 - root - WARNING - Subject 21197 has regions with zero variance (indices: [  6  11  43  74 112 132 135 141 146 185 187 192]). Setting correlations for these regions to 0.
2025-04-15 01:12:39,749 - root - WARNING - Subject 21198 has regions with zero variance (indices: [  6  11  43  74 112 132 135 141 146 185 187 192]). Setting correlations for these regions to 0.
2025-04-15 01:12:39,765 - root - WARNING - Subject 21199 has regions with zero variance (indices: [  6  11  43  74 112 132 135 141 146 185 187 192]). Setting correlations for these regions to 0.
2025-04-15 01:12:39,782 - root - WARNING - Subject 21200 has regions with zero variance (indices: [  6  11  43  74 112 132 135 141 146 185 187 192]). Setting correlations for these regions to 0.
2025-04-15 01:12:39,798 - root - WARNING - Subject 21201 has regions with zero variance (indices: [  6  11  43  74 112 132 135 141 146 185 187 192]). Setting correlations for these regions to 0.
2025-04-15 01:12:39,815 - root - WARNING - Subject 21202 has regions with zero variance (indices: [  6  11  43  74 112 132 135 141 146 185 187 192]). Setting correlations for these regions to 0.
2025-04-15 01:12:39,831 - root - WARNING - Subject 21203 has regions with zero variance (indices: [  6  11  43  74 112 132 135 141 146 185 187 192]). Setting correlations for these regions to 0.
2025-04-15 01:12:39,848 - root - WARNING - Subject 21204 has regions with zero variance (indices: [  6  11  43  74 112 132 135 141 146 185 187 192]). Setting correlations for these regions to 0.
2025-04-15 01:12:39,865 - root - WARNING - Subject 21205 has regions with zero variance (indices: [  6  11  43  74 112 132 135 141 146 185 187 192]). Setting correlations for these regions to 0.
2025-04-15 01:12:39,881 - root - WARNING - Subject 21206 has regions with zero variance (indices: [  6  11  43  74 112 132 135 141 146 185 187 192]). Setting correlations for these regions to 0.
2025-04-15 01:12:39,898 - root - WARNING - Subject 21207 has regions with zero variance (indices: [  6  11  43  74 112 132 135 141 146 185 187 192]). Setting correlations for these regions to 0.
2025-04-15 01:12:39,915 - root - WARNING - Subject 21208 has regions with zero variance (indices: [  6  11  43  74 112 132 135 141 146 185 187 192]). Setting correlations for these regions to 0.
2025-04-15 01:12:39,931 - root - WARNING - Subject 21209 has regions with zero variance (indices: [  6  11  43  74 112 132 135 141 146 185 187 192]). Setting correlations for these regions to 0.
2025-04-15 01:12:39,948 - root - WARNING - Subject 21210 has regions with zero variance (indices: [  6  11  43  74 112 132 135 141 146 185 187 192]). Setting correlations for these regions to 0.
2025-04-15 01:12:39,965 - root - WARNING - Subject 21211 has regions with zero variance (indices: [  6  11  43  74 112 132 135 141 146 185 187 192]). Setting correlations for these regions to 0.
2025-04-15 01:12:39,981 - root - WARNING - Subject 21212 has regions with zero variance (indices: [  6  11  43  74 112 132 135 141 146 185 187 192]). Setting correlations for these regions to 0.
2025-04-15 01:12:39,998 - root - WARNING - Subject 21213 has regions with zero variance (indices: [  6  11  43  74 112 132 135 141 146 185 187 192]). Setting correlations for these regions to 0.
2025-04-15 01:12:40,015 - root - WARNING - Subject 21214 has regions with zero variance (indices: [  6  11  43  74 112 132 135 141 146 185 187 192]). Setting correlations for these regions to 0.
2025-04-15 01:12:40,031 - root - WARNING - Subject 21215 has regions with zero variance (indices: [  6  11  43  74 112 132 135 141 146 185 187 192]). Setting correlations for these regions to 0.
2025-04-15 01:12:40,048 - root - WARNING - Subject 21216 has regions with zero variance (indices: [  6  11  43  74 112 132 135 141 146 185 187 192]). Setting correlations for these regions to 0.
2025-04-15 01:12:40,065 - root - WARNING - Subject 21217 has regions with zero variance (indices: [  6  11  43  74 112 132 135 141 146 185 187 192]). Setting correlations for these regions to 0.
2025-04-15 01:12:40,082 - root - WARNING - Subject 21218 has regions with zero variance (indices: [  6  11  43  74 112 132 135 141 146 185 187 192]). Setting correlations for these regions to 0.
2025-04-15 01:12:40,099 - root - WARNING - Subject 21219 has regions with zero variance (indices: [  6  11  43  74 112 132 135 141 146 185 187 192]). Setting correlations for these regions to 0.
2025-04-15 01:12:40,115 - root - WARNING - Subject 21220 has regions with zero variance (indices: [  6  11  43  74 112 132 135 141 146 185 187 192]). Setting correlations for these regions to 0.
2025-04-15 01:12:40,132 - root - WARNING - Subject 21221 has regions with zero variance (indices: [  6  11  43  74 112 132 135 141 146 185 187 192]). Setting correlations for these regions to 0.
2025-04-15 01:12:40,149 - root - WARNING - Subject 21222 has regions with zero variance (indices: [  6  11  43  74 112 132 135 141 146 185 187 192]). Setting correlations for these regions to 0.
2025-04-15 01:12:40,165 - root - WARNING - Subject 21223 has regions with zero variance (indices: [  6  11  43  74 112 132 135 141 146 185 187 192]). Setting correlations for these regions to 0.
2025-04-15 01:12:40,182 - root - WARNING - Subject 21224 has regions with zero variance (indices: [  6  11  43  74 112 132 135 141 146 185 187 192]). Setting correlations for these regions to 0.
2025-04-15 01:12:40,199 - root - WARNING - Subject 21225 has regions with zero variance (indices: [  6  11  43  74 112 132 135 141 146 185 187 192]). Setting correlations for these regions to 0.
2025-04-15 01:12:40,215 - root - WARNING - Subject 21226 has regions with zero variance (indices: [  6  11  43  74 112 132 135 141 146 185 187 192]). Setting correlations for these regions to 0.
2025-04-15 01:12:40,232 - root - WARNING - Subject 21227 has regions with zero variance (indices: [  6  11  43  74 112 132 135 141 146 185 187 192]). Setting correlations for these regions to 0.
2025-04-15 01:12:40,249 - root - WARNING - Subject 21228 has regions with zero variance (indices: [  6  11  43  74 112 132 135 141 146 185 187 192]). Setting correlations for these regions to 0.
2025-04-15 01:12:40,266 - root - WARNING - Subject 21229 has regions with zero variance (indices: [  6  11  43  74 112 132 135 141 146 185 187 192]). Setting correlations for these regions to 0.
2025-04-15 01:12:40,282 - root - WARNING - Subject 21230 has regions with zero variance (indices: [  6  11  43  74 112 132 135 141 146 185 187 192]). Setting correlations for these regions to 0.
2025-04-15 01:12:40,299 - root - WARNING - Subject 21231 has regions with zero variance (indices: [  6  11  43  74 112 132 135 141 146 185 187 192]). Setting correlations for these regions to 0.
2025-04-15 01:12:40,315 - root - WARNING - Subject 21232 has regions with zero variance (indices: [  6  11  43  74 112 132 135 141 146 185 187 192]). Setting correlations for these regions to 0.
2025-04-15 01:12:40,332 - root - WARNING - Subject 21233 has regions with zero variance (indices: [  6  11  43  74 112 132 135 141 146 185 187 192]). Setting correlations for these regions to 0.
2025-04-15 01:12:40,348 - root - WARNING - Subject 21234 has regions with zero variance (indices: [  6  11  43  74 112 132 135 141 146 185 187 192]). Setting correlations for these regions to 0.
2025-04-15 01:12:40,365 - root - WARNING - Subject 21235 has regions with zero variance (indices: [  6  11  43  74 112 132 135 141 146 185 187 192]). Setting correlations for these regions to 0.
2025-04-15 01:12:40,382 - root - WARNING - Subject 21236 has regions with zero variance (indices: [  6  11  43  74 112 132 135 141 146 185 187 192]). Setting correlations for these regions to 0.
2025-04-15 01:12:40,399 - root - WARNING - Subject 21237 has regions with zero variance (indices: [  6  11  43  74 112 132 135 141 146 185 187 192]). Setting correlations for these regions to 0.
2025-04-15 01:12:40,416 - root - WARNING - Subject 21238 has regions with zero variance (indices: [  6  11  43  74 112 132 135 141 146 185 187 192]). Setting correlations for these regions to 0.
2025-04-15 01:12:40,432 - root - WARNING - Subject 21239 has regions with zero variance (indices: [  6  11  43  74 112 132 135 141 146 185 187 192]). Setting correlations for these regions to 0.
2025-04-15 01:12:40,449 - root - WARNING - Subject 21240 has regions with zero variance (indices: [  6  11  43  74 112 132 135 141 146 185 187 192]). Setting correlations for these regions to 0.
2025-04-15 01:12:40,466 - root - WARNING - Subject 21241 has regions with zero variance (indices: [  6  11  43  74 112 132 135 141 146 185 187 192]). Setting correlations for these regions to 0.
2025-04-15 01:12:40,483 - root - WARNING - Subject 21242 has regions with zero variance (indices: [  6  11  43  74 112 132 135 141 146 185 187 192]). Setting correlations for these regions to 0.
2025-04-15 01:12:40,500 - root - WARNING - Subject 21243 has regions with zero variance (indices: [  6  11  43  74 112 132 135 141 146 185 187 192]). Setting correlations for these regions to 0.
2025-04-15 01:12:40,517 - root - WARNING - Subject 21244 has regions with zero variance (indices: [  6  11  43  74 112 132 135 141 146 185 187 192]). Setting correlations for these regions to 0.
2025-04-15 01:12:40,534 - root - WARNING - Subject 21245 has regions with zero variance (indices: [  6  11  43  74 112 132 135 141 146 185 187 192]). Setting correlations for these regions to 0.
2025-04-15 01:12:40,551 - root - WARNING - Subject 21246 has regions with zero variance (indices: [  6  11  43  74 112 132 135 141 146 185 187 192]). Setting correlations for these regions to 0.
2025-04-15 01:12:40,567 - root - WARNING - Subject 21247 has regions with zero variance (indices: [  6  11  43  74 112 132 135 141 146 185 187 192]). Setting correlations for these regions to 0.
2025-04-15 01:12:40,584 - root - WARNING - Subject 21248 has regions with zero variance (indices: [  6  11  43  74 112 132 135 141 146 185 187 192]). Setting correlations for these regions to 0.
2025-04-15 01:12:40,601 - root - WARNING - Subject 21249 has regions with zero variance (indices: [  6  11  43  74 112 132 135 141 146 185 187 192]). Setting correlations for these regions to 0.
2025-04-15 01:12:40,618 - root - WARNING - Subject 21250 has regions with zero variance (indices: [  6  11  43  74 112 132 135 141 146 185 187 192]). Setting correlations for these regions to 0.
2025-04-15 01:12:40,634 - root - WARNING - Subject 21251 has regions with zero variance (indices: [  6  11  43  74 112 132 135 141 146 185 187 192]). Setting correlations for these regions to 0.
2025-04-15 01:12:40,651 - root - WARNING - Subject 21252 has regions with zero variance (indices: [  6  11  43  74 112 132 135 141 146 185 187 192]). Setting correlations for these regions to 0.
2025-04-15 01:12:40,668 - root - WARNING - Subject 21253 has regions with zero variance (indices: [  6  11  43  74 112 132 135 141 146 185 187 192]). Setting correlations for these regions to 0.
2025-04-15 01:12:40,684 - root - WARNING - Subject 21254 has regions with zero variance (indices: [  6  11  43  74 112 132 135 141 146 185 187 192]). Setting correlations for these regions to 0.
2025-04-15 01:12:40,701 - root - WARNING - Subject 21255 has regions with zero variance (indices: [  6  11  43  74 112 132 135 141 146 185 187 192]). Setting correlations for these regions to 0.
2025-04-15 01:12:40,718 - root - WARNING - Subject 21256 has regions with zero variance (indices: [  6  11  43  74 112 132 135 141 146 185 187 192]). Setting correlations for these regions to 0.
2025-04-15 01:12:40,734 - root - WARNING - Subject 21257 has regions with zero variance (indices: [  6  11  43  74 112 132 135 141 146 185 187 192]). Setting correlations for these regions to 0.
2025-04-15 01:12:40,751 - root - WARNING - Subject 21258 has regions with zero variance (indices: [  6  11  43  74 112 132 135 141 146 185 187 192]). Setting correlations for these regions to 0.
2025-04-15 01:12:40,767 - root - WARNING - Subject 21259 has regions with zero variance (indices: [  6  11  43  74 112 132 135 141 146 185 187 192]). Setting correlations for these regions to 0.
2025-04-15 01:12:40,784 - root - WARNING - Subject 21260 has regions with zero variance (indices: [  6  11  43  74 112 132 135 141 146 185 187 192]). Setting correlations for these regions to 0.
2025-04-15 01:12:40,801 - root - WARNING - Subject 21261 has regions with zero variance (indices: [  6  11  43  74 112 132 135 141 146 185 187 192]). Setting correlations for these regions to 0.
2025-04-15 01:12:40,818 - root - WARNING - Subject 21262 has regions with zero variance (indices: [  6  11  43  74 112 132 135 141 146 185 187 192]). Setting correlations for these regions to 0.
2025-04-15 01:12:40,834 - root - WARNING - Subject 21263 has regions with zero variance (indices: [  6  11  43  74 112 132 135 141 146 185 187 192]). Setting correlations for these regions to 0.
2025-04-15 01:12:40,851 - root - WARNING - Subject 21264 has regions with zero variance (indices: [  6  11  43  74 112 132 135 141 146 185 187 192]). Setting correlations for these regions to 0.
2025-04-15 01:12:40,868 - root - WARNING - Subject 21265 has regions with zero variance (indices: [  6  11  43  74 112 132 135 141 146 185 187 192]). Setting correlations for these regions to 0.
2025-04-15 01:12:40,884 - root - WARNING - Subject 21266 has regions with zero variance (indices: [  6  11  43  74 112 132 135 141 146 185 187 192]). Setting correlations for these regions to 0.
2025-04-15 01:12:40,901 - root - WARNING - Subject 21267 has regions with zero variance (indices: [  6  11  43  74 112 132 135 141 146 185 187 192]). Setting correlations for these regions to 0.
2025-04-15 01:12:40,918 - root - WARNING - Subject 21268 has regions with zero variance (indices: [  6  11  43  74 112 132 135 141 146 185 187 192]). Setting correlations for these regions to 0.
2025-04-15 01:12:40,934 - root - WARNING - Subject 21269 has regions with zero variance (indices: [  6  11  43  74 112 132 135 141 146 185 187 192]). Setting correlations for these regions to 0.
2025-04-15 01:12:40,951 - root - WARNING - Subject 21270 has regions with zero variance (indices: [  6  11  43  74 112 132 135 141 146 185 187 192]). Setting correlations for these regions to 0.
2025-04-15 01:12:40,968 - root - WARNING - Subject 21271 has regions with zero variance (indices: [  6  11  43  74 112 132 135 141 146 185 187 192]). Setting correlations for these regions to 0.
2025-04-15 01:12:40,984 - root - WARNING - Subject 21272 has regions with zero variance (indices: [  6  11  43  74 112 132 135 141 146 185 187 192]). Setting correlations for these regions to 0.
2025-04-15 01:12:41,001 - root - WARNING - Subject 21273 has regions with zero variance (indices: [  6  11  43  74 112 132 135 141 146 185 187 192]). Setting correlations for these regions to 0.
2025-04-15 01:12:41,018 - root - WARNING - Subject 21274 has regions with zero variance (indices: [  6  11  43  74 112 132 135 141 146 185 187 192]). Setting correlations for these regions to 0.
2025-04-15 01:12:41,034 - root - WARNING - Subject 21275 has regions with zero variance (indices: [  6  11  43  74 112 132 135 141 146 185 187 192]). Setting correlations for these regions to 0.
2025-04-15 01:12:41,051 - root - WARNING - Subject 21276 has regions with zero variance (indices: [  6  11  43  74 112 132 135 141 146 185 187 192]). Setting correlations for these regions to 0.
2025-04-15 01:12:41,068 - root - WARNING - Subject 21277 has regions with zero variance (indices: [  6  11  43  74 112 132 135 141 146 185 187 192]). Setting correlations for these regions to 0.
2025-04-15 01:12:41,084 - root - WARNING - Subject 21278 has regions with zero variance (indices: [  6  11  43  74 112 132 135 141 146 185 187 192]). Setting correlations for these regions to 0.
2025-04-15 01:12:41,101 - root - WARNING - Subject 21279 has regions with zero variance (indices: [  6  11  43  74 112 132 135 141 146 185 187 192]). Setting correlations for these regions to 0.
2025-04-15 01:12:41,118 - root - WARNING - Subject 21280 has regions with zero variance (indices: [  6  11  43  74 112 132 135 141 146 185 187 192]). Setting correlations for these regions to 0.
2025-04-15 01:12:41,134 - root - WARNING - Subject 21281 has regions with zero variance (indices: [  6  11  43  74 112 132 135 141 146 185 187 192]). Setting correlations for these regions to 0.
2025-04-15 01:12:41,151 - root - WARNING - Subject 21282 has regions with zero variance (indices: [  6  11  43  74 112 132 135 141 146 185 187 192]). Setting correlations for these regions to 0.
2025-04-15 01:12:41,167 - root - WARNING - Subject 21283 has regions with zero variance (indices: [  6  11  43  74 112 132 135 141 146 185 187 192]). Setting correlations for these regions to 0.
2025-04-15 01:12:41,184 - root - WARNING - Subject 21284 has regions with zero variance (indices: [  6  11  43  74 112 132 135 141 146 185 187 192]). Setting correlations for these regions to 0.
2025-04-15 01:12:41,201 - root - WARNING - Subject 21285 has regions with zero variance (indices: [  6  11  43  74 112 132 135 141 146 185 187 192]). Setting correlations for these regions to 0.
2025-04-15 01:12:41,217 - root - WARNING - Subject 21286 has regions with zero variance (indices: [  6  11  43  74 112 132 135 141 146 185 187 192]). Setting correlations for these regions to 0.
2025-04-15 01:12:41,234 - root - WARNING - Subject 21287 has regions with zero variance (indices: [  6  11  43  74 112 132 135 141 146 185 187 192]). Setting correlations for these regions to 0.
2025-04-15 01:12:41,251 - root - WARNING - Subject 21288 has regions with zero variance (indices: [  6  11  43  74 112 132 135 141 146 185 187 192]). Setting correlations for these regions to 0.
2025-04-15 01:12:41,267 - root - WARNING - Subject 21289 has regions with zero variance (indices: [  6  11  43  74 112 132 135 141 146 185 187 192]). Setting correlations for these regions to 0.
2025-04-15 01:12:41,284 - root - WARNING - Subject 21290 has regions with zero variance (indices: [  6  11  43  74 112 132 135 141 146 185 187 192]). Setting correlations for these regions to 0.
2025-04-15 01:12:41,300 - root - WARNING - Subject 21291 has regions with zero variance (indices: [  6  11  43  74 112 132 135 141 146 185 187 192]). Setting correlations for these regions to 0.
2025-04-15 01:12:41,317 - root - WARNING - Subject 21292 has regions with zero variance (indices: [  6  11  43  74 112 132 135 141 146 185 187 192]). Setting correlations for these regions to 0.
2025-04-15 01:12:41,334 - root - WARNING - Subject 21293 has regions with zero variance (indices: [  6  11  43  74 112 132 135 141 146 185 187 192]). Setting correlations for these regions to 0.
2025-04-15 01:12:41,350 - root - WARNING - Subject 21294 has regions with zero variance (indices: [  6  11  43  74 112 132 135 141 146 185 187 192]). Setting correlations for these regions to 0.
2025-04-15 01:12:41,367 - root - WARNING - Subject 21295 has regions with zero variance (indices: [  6  11  43  74 112 132 135 141 146 185 187 192]). Setting correlations for these regions to 0.
2025-04-15 01:12:41,383 - root - WARNING - Subject 21296 has regions with zero variance (indices: [  6  11  43  74 112 132 135 141 146 185 187 192]). Setting correlations for these regions to 0.
2025-04-15 01:12:41,400 - root - WARNING - Subject 21297 has regions with zero variance (indices: [  6  11  43  74 112 132 135 141 146 185 187 192]). Setting correlations for these regions to 0.
2025-04-15 01:12:41,417 - root - WARNING - Subject 21298 has regions with zero variance (indices: [  6  11  43  74 112 132 135 141 146 185 187 192]). Setting correlations for these regions to 0.
2025-04-15 01:12:41,434 - root - WARNING - Subject 21299 has regions with zero variance (indices: [  6  11  43  74 112 132 135 141 146 185 187 192]). Setting correlations for these regions to 0.
2025-04-15 01:12:41,451 - root - WARNING - Subject 21300 has regions with zero variance (indices: [  6  11  43  74 112 132 135 141 146 185 187 192]). Setting correlations for these regions to 0.
2025-04-15 01:12:41,467 - root - WARNING - Subject 21301 has regions with zero variance (indices: [  6  11  43  74 112 132 135 141 146 185 187 192]). Setting correlations for these regions to 0.
2025-04-15 01:12:41,484 - root - WARNING - Subject 21302 has regions with zero variance (indices: [  6  11  43  74 112 132 135 141 146 185 187 192]). Setting correlations for these regions to 0.
2025-04-15 01:12:41,500 - root - WARNING - Subject 21303 has regions with zero variance (indices: [  6  11  43  74 112 132 135 141 146 185 187 192]). Setting correlations for these regions to 0.
2025-04-15 01:12:41,517 - root - WARNING - Subject 21304 has regions with zero variance (indices: [  6  11  43  74 112 132 135 141 146 185 187 192]). Setting correlations for these regions to 0.
2025-04-15 01:12:41,534 - root - WARNING - Subject 21305 has regions with zero variance (indices: [  6  11  43  74 112 132 135 141 146 185 187 192]). Setting correlations for these regions to 0.
2025-04-15 01:12:42,032 - root - WARNING - Subject 22104 has regions with zero variance (indices: [42]). Setting correlations for these regions to 0.
2025-04-15 01:12:42,051 - root - WARNING - Subject 22105 has regions with zero variance (indices: [42]). Setting correlations for these regions to 0.
2025-04-15 01:12:42,069 - root - WARNING - Subject 22106 has regions with zero variance (indices: [42]). Setting correlations for these regions to 0.
2025-04-15 01:12:42,087 - root - WARNING - Subject 22107 has regions with zero variance (indices: [42]). Setting correlations for these regions to 0.
2025-04-15 01:12:42,106 - root - WARNING - Subject 22108 has regions with zero variance (indices: [42]). Setting correlations for these regions to 0.
2025-04-15 01:12:42,125 - root - WARNING - Subject 22109 has regions with zero variance (indices: [42]). Setting correlations for these regions to 0.
2025-04-15 01:12:42,143 - root - WARNING - Subject 22110 has regions with zero variance (indices: [42]). Setting correlations for these regions to 0.
2025-04-15 01:12:42,161 - root - WARNING - Subject 22111 has regions with zero variance (indices: [42]). Setting correlations for these regions to 0.
2025-04-15 01:12:42,180 - root - WARNING - Subject 22112 has regions with zero variance (indices: [42]). Setting correlations for these regions to 0.
2025-04-15 01:12:42,198 - root - WARNING - Subject 22113 has regions with zero variance (indices: [42]). Setting correlations for these regions to 0.
2025-04-15 01:12:42,216 - root - WARNING - Subject 22114 has regions with zero variance (indices: [42]). Setting correlations for these regions to 0.
2025-04-15 01:12:42,235 - root - WARNING - Subject 22115 has regions with zero variance (indices: [42]). Setting correlations for these regions to 0.
2025-04-15 01:12:42,253 - root - WARNING - Subject 22116 has regions with zero variance (indices: [42]). Setting correlations for these regions to 0.
2025-04-15 01:12:42,271 - root - WARNING - Subject 22117 has regions with zero variance (indices: [42]). Setting correlations for these regions to 0.
2025-04-15 01:12:42,290 - root - WARNING - Subject 22118 has regions with zero variance (indices: [42]). Setting correlations for these regions to 0.
2025-04-15 01:12:42,308 - root - WARNING - Subject 22119 has regions with zero variance (indices: [42]). Setting correlations for these regions to 0.
2025-04-15 01:12:42,327 - root - WARNING - Subject 22120 has regions with zero variance (indices: [42]). Setting correlations for these regions to 0.
2025-04-15 01:12:42,345 - root - WARNING - Subject 22121 has regions with zero variance (indices: [42]). Setting correlations for these regions to 0.
2025-04-15 01:12:42,363 - root - WARNING - Subject 22122 has regions with zero variance (indices: [42]). Setting correlations for these regions to 0.
2025-04-15 01:12:42,382 - root - WARNING - Subject 22123 has regions with zero variance (indices: [42]). Setting correlations for these regions to 0.
2025-04-15 01:12:42,400 - root - WARNING - Subject 22124 has regions with zero variance (indices: [42]). Setting correlations for these regions to 0.
2025-04-15 01:12:42,419 - root - WARNING - Subject 22125 has regions with zero variance (indices: [42]). Setting correlations for these regions to 0.
2025-04-15 01:12:42,437 - root - WARNING - Subject 22126 has regions with zero variance (indices: [42]). Setting correlations for these regions to 0.
2025-04-15 01:12:42,456 - root - WARNING - Subject 22127 has regions with zero variance (indices: [42]). Setting correlations for these regions to 0.
2025-04-15 01:12:42,474 - root - WARNING - Subject 22128 has regions with zero variance (indices: [42]). Setting correlations for these regions to 0.
2025-04-15 01:12:42,492 - root - WARNING - Subject 22129 has regions with zero variance (indices: [42]). Setting correlations for these regions to 0.
2025-04-15 01:12:42,511 - root - WARNING - Subject 22130 has regions with zero variance (indices: [42]). Setting correlations for these regions to 0.
2025-04-15 01:12:42,529 - root - WARNING - Subject 22131 has regions with zero variance (indices: [42]). Setting correlations for these regions to 0.
2025-04-15 01:12:42,547 - root - WARNING - Subject 22132 has regions with zero variance (indices: [42]). Setting correlations for these regions to 0.
2025-04-15 01:12:42,566 - root - WARNING - Subject 22133 has regions with zero variance (indices: [42]). Setting correlations for these regions to 0.
2025-04-15 01:12:42,584 - root - WARNING - Subject 22134 has regions with zero variance (indices: [42]). Setting correlations for these regions to 0.
2025-04-15 01:12:42,603 - root - WARNING - Subject 22135 has regions with zero variance (indices: [42]). Setting correlations for these regions to 0.
2025-04-15 01:12:42,621 - root - WARNING - Subject 22136 has regions with zero variance (indices: [42]). Setting correlations for these regions to 0.
2025-04-15 01:12:42,639 - root - WARNING - Subject 22137 has regions with zero variance (indices: [42]). Setting correlations for these regions to 0.
2025-04-15 01:12:42,658 - root - WARNING - Subject 22138 has regions with zero variance (indices: [42]). Setting correlations for these regions to 0.
2025-04-15 01:12:42,676 - root - WARNING - Subject 22139 has regions with zero variance (indices: [42]). Setting correlations for these regions to 0.
2025-04-15 01:12:42,695 - root - WARNING - Subject 22140 has regions with zero variance (indices: [42]). Setting correlations for these regions to 0.
2025-04-15 01:12:42,713 - root - WARNING - Subject 22141 has regions with zero variance (indices: [42]). Setting correlations for these regions to 0.
2025-04-15 01:12:42,732 - root - WARNING - Subject 22142 has regions with zero variance (indices: [42]). Setting correlations for these regions to 0.
2025-04-15 01:12:42,750 - root - WARNING - Subject 22143 has regions with zero variance (indices: [42]). Setting correlations for these regions to 0.
2025-04-15 01:12:42,769 - root - WARNING - Subject 22144 has regions with zero variance (indices: [42]). Setting correlations for these regions to 0.
2025-04-15 01:12:42,788 - root - WARNING - Subject 22145 has regions with zero variance (indices: [42]). Setting correlations for these regions to 0.
2025-04-15 01:12:42,806 - root - WARNING - Subject 22146 has regions with zero variance (indices: [42]). Setting correlations for these regions to 0.
2025-04-15 01:12:42,825 - root - WARNING - Subject 22147 has regions with zero variance (indices: [42]). Setting correlations for these regions to 0.
2025-04-15 01:12:42,843 - root - WARNING - Subject 22148 has regions with zero variance (indices: [42]). Setting correlations for these regions to 0.
2025-04-15 01:12:42,862 - root - WARNING - Subject 22149 has regions with zero variance (indices: [42]). Setting correlations for these regions to 0.
2025-04-15 01:12:42,881 - root - WARNING - Subject 22150 has regions with zero variance (indices: [42]). Setting correlations for these regions to 0.
2025-04-15 01:12:42,900 - root - WARNING - Subject 22151 has regions with zero variance (indices: [42]). Setting correlations for these regions to 0.
2025-04-15 01:12:42,918 - root - WARNING - Subject 22152 has regions with zero variance (indices: [42]). Setting correlations for these regions to 0.
2025-04-15 01:12:42,937 - root - WARNING - Subject 22153 has regions with zero variance (indices: [42]). Setting correlations for these regions to 0.
2025-04-15 01:12:42,955 - root - WARNING - Subject 22154 has regions with zero variance (indices: [42]). Setting correlations for these regions to 0.
2025-04-15 01:12:42,974 - root - WARNING - Subject 22155 has regions with zero variance (indices: [42]). Setting correlations for these regions to 0.
2025-04-15 01:12:42,992 - root - WARNING - Subject 22156 has regions with zero variance (indices: [42]). Setting correlations for these regions to 0.
2025-04-15 01:12:43,011 - root - WARNING - Subject 22157 has regions with zero variance (indices: [42]). Setting correlations for these regions to 0.
2025-04-15 01:12:43,030 - root - WARNING - Subject 22158 has regions with zero variance (indices: [42]). Setting correlations for these regions to 0.
2025-04-15 01:12:43,048 - root - WARNING - Subject 22159 has regions with zero variance (indices: [42]). Setting correlations for these regions to 0.
2025-04-15 01:12:43,067 - root - WARNING - Subject 22160 has regions with zero variance (indices: [42]). Setting correlations for these regions to 0.
2025-04-15 01:12:43,085 - root - WARNING - Subject 22161 has regions with zero variance (indices: [42]). Setting correlations for these regions to 0.
2025-04-15 01:12:43,104 - root - WARNING - Subject 22162 has regions with zero variance (indices: [42]). Setting correlations for these regions to 0.
2025-04-15 01:12:43,122 - root - WARNING - Subject 22163 has regions with zero variance (indices: [42]). Setting correlations for these regions to 0.
2025-04-15 01:12:43,141 - root - WARNING - Subject 22164 has regions with zero variance (indices: [42]). Setting correlations for these regions to 0.
2025-04-15 01:12:43,159 - root - WARNING - Subject 22165 has regions with zero variance (indices: [42]). Setting correlations for these regions to 0.
2025-04-15 01:12:43,178 - root - WARNING - Subject 22166 has regions with zero variance (indices: [42]). Setting correlations for these regions to 0.
2025-04-15 01:12:43,196 - root - WARNING - Subject 22167 has regions with zero variance (indices: [42]). Setting correlations for these regions to 0.
2025-04-15 01:12:43,214 - root - WARNING - Subject 22168 has regions with zero variance (indices: [42]). Setting correlations for these regions to 0.
2025-04-15 01:12:43,233 - root - WARNING - Subject 22169 has regions with zero variance (indices: [42]). Setting correlations for these regions to 0.
2025-04-15 01:12:43,251 - root - WARNING - Subject 22170 has regions with zero variance (indices: [42]). Setting correlations for these regions to 0.
2025-04-15 01:12:43,270 - root - WARNING - Subject 22171 has regions with zero variance (indices: [42]). Setting correlations for these regions to 0.
2025-04-15 01:12:43,288 - root - WARNING - Subject 22172 has regions with zero variance (indices: [42]). Setting correlations for these regions to 0.
2025-04-15 01:12:43,307 - root - WARNING - Subject 22173 has regions with zero variance (indices: [42]). Setting correlations for these regions to 0.
2025-04-15 01:12:43,325 - root - WARNING - Subject 22174 has regions with zero variance (indices: [42]). Setting correlations for these regions to 0.
2025-04-15 01:12:43,343 - root - WARNING - Subject 22175 has regions with zero variance (indices: [42]). Setting correlations for these regions to 0.
2025-04-15 01:12:43,362 - root - WARNING - Subject 22176 has regions with zero variance (indices: [42]). Setting correlations for these regions to 0.
2025-04-15 01:12:43,380 - root - WARNING - Subject 22177 has regions with zero variance (indices: [42]). Setting correlations for these regions to 0.
2025-04-15 01:12:43,399 - root - WARNING - Subject 22178 has regions with zero variance (indices: [42]). Setting correlations for these regions to 0.
2025-04-15 01:12:43,417 - root - WARNING - Subject 22179 has regions with zero variance (indices: [42]). Setting correlations for these regions to 0.
2025-04-15 01:12:43,436 - root - WARNING - Subject 22180 has regions with zero variance (indices: [42]). Setting correlations for these regions to 0.
2025-04-15 01:12:43,454 - root - WARNING - Subject 22181 has regions with zero variance (indices: [42]). Setting correlations for these regions to 0.
2025-04-15 01:12:43,472 - root - WARNING - Subject 22182 has regions with zero variance (indices: [42]). Setting correlations for these regions to 0.
2025-04-15 01:12:43,491 - root - WARNING - Subject 22183 has regions with zero variance (indices: [42]). Setting correlations for these regions to 0.
2025-04-15 01:12:43,509 - root - WARNING - Subject 22184 has regions with zero variance (indices: [42]). Setting correlations for these regions to 0.
2025-04-15 01:12:43,528 - root - WARNING - Subject 22185 has regions with zero variance (indices: [42]). Setting correlations for these regions to 0.
2025-04-15 01:12:43,546 - root - WARNING - Subject 22186 has regions with zero variance (indices: [42]). Setting correlations for these regions to 0.
2025-04-15 01:12:43,564 - root - WARNING - Subject 22187 has regions with zero variance (indices: [42]). Setting correlations for these regions to 0.
2025-04-15 01:12:43,583 - root - WARNING - Subject 22188 has regions with zero variance (indices: [42]). Setting correlations for these regions to 0.
2025-04-15 01:12:43,602 - root - WARNING - Subject 22189 has regions with zero variance (indices: [42]). Setting correlations for these regions to 0.
2025-04-15 01:12:43,620 - root - WARNING - Subject 22190 has regions with zero variance (indices: [42]). Setting correlations for these regions to 0.
2025-04-15 01:12:43,639 - root - WARNING - Subject 22191 has regions with zero variance (indices: [42]). Setting correlations for these regions to 0.
2025-04-15 01:12:43,657 - root - WARNING - Subject 22192 has regions with zero variance (indices: [42]). Setting correlations for these regions to 0.
2025-04-15 01:12:43,675 - root - WARNING - Subject 22193 has regions with zero variance (indices: [42]). Setting correlations for these regions to 0.
2025-04-15 01:12:43,693 - root - WARNING - Subject 22194 has regions with zero variance (indices: [42]). Setting correlations for these regions to 0.
2025-04-15 01:12:43,712 - root - WARNING - Subject 22195 has regions with zero variance (indices: [42]). Setting correlations for these regions to 0.
2025-04-15 01:12:43,730 - root - WARNING - Subject 22196 has regions with zero variance (indices: [42]). Setting correlations for these regions to 0.
2025-04-15 01:12:43,748 - root - WARNING - Subject 22197 has regions with zero variance (indices: [42]). Setting correlations for these regions to 0.
2025-04-15 01:12:43,766 - root - WARNING - Subject 22198 has regions with zero variance (indices: [42]). Setting correlations for these regions to 0.
2025-04-15 01:12:43,784 - root - WARNING - Subject 22199 has regions with zero variance (indices: [42]). Setting correlations for these regions to 0.
2025-04-15 01:12:43,803 - root - WARNING - Subject 22200 has regions with zero variance (indices: [42]). Setting correlations for these regions to 0.
2025-04-15 01:12:43,821 - root - WARNING - Subject 22201 has regions with zero variance (indices: [42]). Setting correlations for these regions to 0.
2025-04-15 01:12:43,839 - root - WARNING - Subject 22202 has regions with zero variance (indices: [42]). Setting correlations for these regions to 0.
2025-04-15 01:12:43,858 - root - WARNING - Subject 22203 has regions with zero variance (indices: [42]). Setting correlations for these regions to 0.
2025-04-15 01:12:43,876 - root - WARNING - Subject 22204 has regions with zero variance (indices: [42]). Setting correlations for these regions to 0.
2025-04-15 01:12:43,895 - root - WARNING - Subject 22205 has regions with zero variance (indices: [42]). Setting correlations for these regions to 0.
2025-04-15 01:12:43,913 - root - WARNING - Subject 22206 has regions with zero variance (indices: [42]). Setting correlations for these regions to 0.
2025-04-15 01:12:43,931 - root - WARNING - Subject 22207 has regions with zero variance (indices: [42]). Setting correlations for these regions to 0.
2025-04-15 01:12:43,950 - root - WARNING - Subject 22208 has regions with zero variance (indices: [42]). Setting correlations for these regions to 0.
2025-04-15 01:12:43,968 - root - WARNING - Subject 22209 has regions with zero variance (indices: [42]). Setting correlations for these regions to 0.
2025-04-15 01:12:43,986 - root - WARNING - Subject 22210 has regions with zero variance (indices: [42]). Setting correlations for these regions to 0.
2025-04-15 01:12:44,005 - root - WARNING - Subject 22211 has regions with zero variance (indices: [42]). Setting correlations for these regions to 0.
2025-04-15 01:12:44,023 - root - WARNING - Subject 22212 has regions with zero variance (indices: [42]). Setting correlations for these regions to 0.
2025-04-15 01:12:44,041 - root - WARNING - Subject 22213 has regions with zero variance (indices: [42]). Setting correlations for these regions to 0.
2025-04-15 01:12:44,060 - root - WARNING - Subject 22214 has regions with zero variance (indices: [42]). Setting correlations for these regions to 0.
2025-04-15 01:12:44,079 - root - WARNING - Subject 22215 has regions with zero variance (indices: [42]). Setting correlations for these regions to 0.
2025-04-15 01:12:44,097 - root - WARNING - Subject 22216 has regions with zero variance (indices: [42]). Setting correlations for these regions to 0.
2025-04-15 01:12:44,115 - root - WARNING - Subject 22217 has regions with zero variance (indices: [42]). Setting correlations for these regions to 0.
2025-04-15 01:12:44,134 - root - WARNING - Subject 22218 has regions with zero variance (indices: [42]). Setting correlations for these regions to 0.
2025-04-15 01:12:44,153 - root - WARNING - Subject 22219 has regions with zero variance (indices: [42]). Setting correlations for these regions to 0.
2025-04-15 01:12:44,171 - root - WARNING - Subject 22220 has regions with zero variance (indices: [42]). Setting correlations for these regions to 0.
2025-04-15 01:12:44,189 - root - WARNING - Subject 22221 has regions with zero variance (indices: [42]). Setting correlations for these regions to 0.
2025-04-15 01:12:44,208 - root - WARNING - Subject 22222 has regions with zero variance (indices: [42]). Setting correlations for these regions to 0.
2025-04-15 01:12:44,226 - root - WARNING - Subject 22223 has regions with zero variance (indices: [42]). Setting correlations for these regions to 0.
2025-04-15 01:12:44,245 - root - WARNING - Subject 22224 has regions with zero variance (indices: [42]). Setting correlations for these regions to 0.
2025-04-15 01:12:44,263 - root - WARNING - Subject 22225 has regions with zero variance (indices: [42]). Setting correlations for these regions to 0.
2025-04-15 01:12:44,281 - root - WARNING - Subject 22226 has regions with zero variance (indices: [42]). Setting correlations for these regions to 0.
2025-04-15 01:12:44,300 - root - WARNING - Subject 22227 has regions with zero variance (indices: [42]). Setting correlations for these regions to 0.
2025-04-15 01:12:44,319 - root - WARNING - Subject 22228 has regions with zero variance (indices: [42]). Setting correlations for these regions to 0.
2025-04-15 01:12:44,337 - root - WARNING - Subject 22229 has regions with zero variance (indices: [42]). Setting correlations for these regions to 0.
2025-04-15 01:12:44,356 - root - WARNING - Subject 22230 has regions with zero variance (indices: [42]). Setting correlations for these regions to 0.
2025-04-15 01:12:44,374 - root - WARNING - Subject 22231 has regions with zero variance (indices: [42]). Setting correlations for these regions to 0.
2025-04-15 01:12:44,392 - root - WARNING - Subject 22232 has regions with zero variance (indices: [42]). Setting correlations for these regions to 0.
2025-04-15 01:12:44,411 - root - WARNING - Subject 22233 has regions with zero variance (indices: [42]). Setting correlations for these regions to 0.
2025-04-15 01:12:44,429 - root - WARNING - Subject 22234 has regions with zero variance (indices: [42]). Setting correlations for these regions to 0.
2025-04-15 01:12:44,448 - root - WARNING - Subject 22235 has regions with zero variance (indices: [42]). Setting correlations for these regions to 0.
2025-04-15 01:12:44,466 - root - WARNING - Subject 22236 has regions with zero variance (indices: [42]). Setting correlations for these regions to 0.
2025-04-15 01:12:44,484 - root - WARNING - Subject 22237 has regions with zero variance (indices: [42]). Setting correlations for these regions to 0.
2025-04-15 01:12:44,502 - root - WARNING - Subject 22238 has regions with zero variance (indices: [42]). Setting correlations for these regions to 0.
2025-04-15 01:12:44,521 - root - WARNING - Subject 22239 has regions with zero variance (indices: [42]). Setting correlations for these regions to 0.
2025-04-15 01:12:44,539 - root - WARNING - Subject 22240 has regions with zero variance (indices: [42]). Setting correlations for these regions to 0.
2025-04-15 01:12:44,558 - root - WARNING - Subject 22241 has regions with zero variance (indices: [42]). Setting correlations for these regions to 0.
2025-04-15 01:12:44,576 - root - WARNING - Subject 22242 has regions with zero variance (indices: [42]). Setting correlations for these regions to 0.
2025-04-15 01:12:44,594 - root - WARNING - Subject 22243 has regions with zero variance (indices: [42]). Setting correlations for these regions to 0.
2025-04-15 01:12:44,613 - root - WARNING - Subject 22244 has regions with zero variance (indices: [42]). Setting correlations for these regions to 0.
2025-04-15 01:12:44,631 - root - WARNING - Subject 22245 has regions with zero variance (indices: [42]). Setting correlations for these regions to 0.
2025-04-15 01:12:44,649 - root - WARNING - Subject 22246 has regions with zero variance (indices: [42]). Setting correlations for these regions to 0.
2025-04-15 01:12:44,667 - root - WARNING - Subject 22247 has regions with zero variance (indices: [42]). Setting correlations for these regions to 0.
2025-04-15 01:12:44,686 - root - WARNING - Subject 22248 has regions with zero variance (indices: [42]). Setting correlations for these regions to 0.
2025-04-15 01:12:44,704 - root - WARNING - Subject 22249 has regions with zero variance (indices: [42]). Setting correlations for these regions to 0.
2025-04-15 01:12:44,723 - root - WARNING - Subject 22250 has regions with zero variance (indices: [42]). Setting correlations for these regions to 0.
2025-04-15 01:12:44,741 - root - WARNING - Subject 22251 has regions with zero variance (indices: [42]). Setting correlations for these regions to 0.
2025-04-15 01:12:44,759 - root - WARNING - Subject 22252 has regions with zero variance (indices: [42]). Setting correlations for these regions to 0.
2025-04-15 01:12:44,777 - root - WARNING - Subject 22253 has regions with zero variance (indices: [42]). Setting correlations for these regions to 0.
2025-04-15 01:12:44,796 - root - WARNING - Subject 22254 has regions with zero variance (indices: [42]). Setting correlations for these regions to 0.
2025-04-15 01:12:44,814 - root - WARNING - Subject 22255 has regions with zero variance (indices: [42]). Setting correlations for these regions to 0.
2025-04-15 01:12:44,832 - root - WARNING - Subject 22256 has regions with zero variance (indices: [42]). Setting correlations for these regions to 0.
2025-04-15 01:12:44,851 - root - WARNING - Subject 22257 has regions with zero variance (indices: [42]). Setting correlations for these regions to 0.
2025-04-15 01:12:44,869 - root - WARNING - Subject 22258 has regions with zero variance (indices: [42]). Setting correlations for these regions to 0.
2025-04-15 01:12:44,887 - root - WARNING - Subject 22259 has regions with zero variance (indices: [42]). Setting correlations for these regions to 0.
2025-04-15 01:12:44,905 - root - WARNING - Subject 22260 has regions with zero variance (indices: [42]). Setting correlations for these regions to 0.
2025-04-15 01:12:44,923 - root - WARNING - Subject 22261 has regions with zero variance (indices: [42]). Setting correlations for these regions to 0.
2025-04-15 01:12:44,942 - root - WARNING - Subject 22262 has regions with zero variance (indices: [42]). Setting correlations for these regions to 0.
2025-04-15 01:12:44,960 - root - WARNING - Subject 22263 has regions with zero variance (indices: [42]). Setting correlations for these regions to 0.
2025-04-15 01:12:44,978 - root - WARNING - Subject 22264 has regions with zero variance (indices: [42]). Setting correlations for these regions to 0.
2025-04-15 01:12:44,996 - root - WARNING - Subject 22265 has regions with zero variance (indices: [42]). Setting correlations for these regions to 0.
2025-04-15 01:12:45,015 - root - WARNING - Subject 22266 has regions with zero variance (indices: [42]). Setting correlations for these regions to 0.
2025-04-15 01:12:45,033 - root - WARNING - Subject 22267 has regions with zero variance (indices: [42]). Setting correlations for these regions to 0.
2025-04-15 01:12:45,051 - root - WARNING - Subject 22268 has regions with zero variance (indices: [42]). Setting correlations for these regions to 0.
2025-04-15 01:12:45,069 - root - WARNING - Subject 22269 has regions with zero variance (indices: [42]). Setting correlations for these regions to 0.
2025-04-15 01:12:45,088 - root - WARNING - Subject 22270 has regions with zero variance (indices: [42]). Setting correlations for these regions to 0.
2025-04-15 01:12:45,106 - root - WARNING - Subject 22271 has regions with zero variance (indices: [42]). Setting correlations for these regions to 0.
2025-04-15 01:12:45,124 - root - WARNING - Subject 22272 has regions with zero variance (indices: [42]). Setting correlations for these regions to 0.
2025-04-15 01:12:45,143 - root - WARNING - Subject 22273 has regions with zero variance (indices: [42]). Setting correlations for these regions to 0.
2025-04-15 01:12:45,161 - root - WARNING - Subject 22274 has regions with zero variance (indices: [42]). Setting correlations for these regions to 0.
2025-04-15 01:12:45,180 - root - WARNING - Subject 22275 has regions with zero variance (indices: [42]). Setting correlations for these regions to 0.
2025-04-15 01:12:45,198 - root - WARNING - Subject 22276 has regions with zero variance (indices: [42]). Setting correlations for these regions to 0.
2025-04-15 01:12:45,216 - root - WARNING - Subject 22277 has regions with zero variance (indices: [42]). Setting correlations for these regions to 0.
2025-04-15 01:12:45,234 - root - WARNING - Subject 22278 has regions with zero variance (indices: [42]). Setting correlations for these regions to 0.
2025-04-15 01:12:45,253 - root - WARNING - Subject 22279 has regions with zero variance (indices: [42]). Setting correlations for these regions to 0.
2025-04-15 01:12:45,271 - root - WARNING - Subject 22280 has regions with zero variance (indices: [42]). Setting correlations for these regions to 0.
2025-04-15 01:12:45,289 - root - WARNING - Subject 22281 has regions with zero variance (indices: [42]). Setting correlations for these regions to 0.
2025-04-15 01:12:45,308 - root - WARNING - Subject 22282 has regions with zero variance (indices: [42]). Setting correlations for these regions to 0.
2025-04-15 01:12:45,326 - root - WARNING - Subject 22283 has regions with zero variance (indices: [42]). Setting correlations for these regions to 0.
2025-04-15 01:12:45,344 - root - WARNING - Subject 22284 has regions with zero variance (indices: [42]). Setting correlations for these regions to 0.
2025-04-15 01:12:45,363 - root - WARNING - Subject 22285 has regions with zero variance (indices: [42]). Setting correlations for these regions to 0.
2025-04-15 01:12:45,381 - root - WARNING - Subject 22286 has regions with zero variance (indices: [42]). Setting correlations for these regions to 0.
2025-04-15 01:12:45,399 - root - WARNING - Subject 22287 has regions with zero variance (indices: [42]). Setting correlations for these regions to 0.
2025-04-15 01:12:45,418 - root - WARNING - Subject 22288 has regions with zero variance (indices: [42]). Setting correlations for these regions to 0.
2025-04-15 01:12:45,437 - root - WARNING - Subject 22289 has regions with zero variance (indices: [42]). Setting correlations for these regions to 0.
2025-04-15 01:12:45,455 - root - WARNING - Subject 22290 has regions with zero variance (indices: [42]). Setting correlations for these regions to 0.
2025-04-15 01:12:45,473 - root - WARNING - Subject 22291 has regions with zero variance (indices: [42]). Setting correlations for these regions to 0.
2025-04-15 01:12:45,492 - root - WARNING - Subject 22292 has regions with zero variance (indices: [42]). Setting correlations for these regions to 0.
2025-04-15 01:12:45,510 - root - WARNING - Subject 22293 has regions with zero variance (indices: [42]). Setting correlations for these regions to 0.
2025-04-15 01:12:45,529 - root - WARNING - Subject 22294 has regions with zero variance (indices: [42]). Setting correlations for these regions to 0.
2025-04-15 01:12:45,550 - root - WARNING - Subject 22295 has regions with zero variance (indices: [42]). Setting correlations for these regions to 0.
2025-04-15 01:12:45,569 - root - WARNING - Subject 22296 has regions with zero variance (indices: [42]). Setting correlations for these regions to 0.
2025-04-15 01:12:45,587 - root - WARNING - Subject 22297 has regions with zero variance (indices: [42]). Setting correlations for these regions to 0.
2025-04-15 01:12:45,605 - root - WARNING - Subject 22298 has regions with zero variance (indices: [42]). Setting correlations for these regions to 0.
2025-04-15 01:12:45,624 - root - WARNING - Subject 22299 has regions with zero variance (indices: [42]). Setting correlations for these regions to 0.
2025-04-15 01:12:45,642 - root - WARNING - Subject 22300 has regions with zero variance (indices: [42]). Setting correlations for these regions to 0.
2025-04-15 01:12:45,660 - root - WARNING - Subject 22301 has regions with zero variance (indices: [42]). Setting correlations for these regions to 0.
2025-04-15 01:12:45,678 - root - WARNING - Subject 22302 has regions with zero variance (indices: [42]). Setting correlations for these regions to 0.
2025-04-15 01:12:45,696 - root - WARNING - Subject 22303 has regions with zero variance (indices: [42]). Setting correlations for these regions to 0.
2025-04-15 01:12:45,715 - root - WARNING - Subject 22304 has regions with zero variance (indices: [42]). Setting correlations for these regions to 0.
2025-04-15 01:12:45,733 - root - WARNING - Subject 22305 has regions with zero variance (indices: [42]). Setting correlations for these regions to 0.
2025-04-15 01:12:45,751 - root - WARNING - Subject 22306 has regions with zero variance (indices: [42]). Setting correlations for these regions to 0.
2025-04-15 01:12:45,769 - root - WARNING - Subject 22307 has regions with zero variance (indices: [42]). Setting correlations for these regions to 0.
2025-04-15 01:12:45,788 - root - WARNING - Subject 22308 has regions with zero variance (indices: [42]). Setting correlations for these regions to 0.
2025-04-15 01:12:45,806 - root - WARNING - Subject 22309 has regions with zero variance (indices: [42]). Setting correlations for these regions to 0.
2025-04-15 01:12:45,824 - root - WARNING - Subject 22310 has regions with zero variance (indices: [42]). Setting correlations for these regions to 0.
2025-04-15 01:12:45,842 - root - WARNING - Subject 22311 has regions with zero variance (indices: [42]). Setting correlations for these regions to 0.
2025-04-15 01:12:45,861 - root - WARNING - Subject 22312 has regions with zero variance (indices: [42]). Setting correlations for these regions to 0.
2025-04-15 01:12:45,879 - root - WARNING - Subject 22313 has regions with zero variance (indices: [42]). Setting correlations for these regions to 0.
2025-04-15 01:12:45,897 - root - WARNING - Subject 22314 has regions with zero variance (indices: [42]). Setting correlations for these regions to 0.
2025-04-15 01:12:45,915 - root - WARNING - Subject 22315 has regions with zero variance (indices: [42]). Setting correlations for these regions to 0.
2025-04-15 01:12:45,934 - root - WARNING - Subject 22316 has regions with zero variance (indices: [42]). Setting correlations for these regions to 0.
2025-04-15 01:12:45,952 - root - WARNING - Subject 22317 has regions with zero variance (indices: [42]). Setting correlations for these regions to 0.
2025-04-15 01:12:45,970 - root - WARNING - Subject 22318 has regions with zero variance (indices: [42]). Setting correlations for these regions to 0.
2025-04-15 01:12:45,989 - root - WARNING - Subject 22319 has regions with zero variance (indices: [42]). Setting correlations for these regions to 0.
2025-04-15 01:12:46,007 - root - WARNING - Subject 22320 has regions with zero variance (indices: [42]). Setting correlations for these regions to 0.
2025-04-15 01:12:46,025 - root - WARNING - Subject 22321 has regions with zero variance (indices: [42]). Setting correlations for these regions to 0.
2025-04-15 01:12:46,043 - root - WARNING - Subject 22322 has regions with zero variance (indices: [42]). Setting correlations for these regions to 0.
2025-04-15 01:12:46,062 - root - WARNING - Subject 22323 has regions with zero variance (indices: [42]). Setting correlations for these regions to 0.
2025-04-15 01:12:46,080 - root - WARNING - Subject 22324 has regions with zero variance (indices: [42]). Setting correlations for these regions to 0.
2025-04-15 01:12:46,098 - root - WARNING - Subject 22325 has regions with zero variance (indices: [42]). Setting correlations for these regions to 0.
2025-04-15 01:12:46,116 - root - WARNING - Subject 22326 has regions with zero variance (indices: [42]). Setting correlations for these regions to 0.
2025-04-15 01:12:46,135 - root - WARNING - Subject 22327 has regions with zero variance (indices: [42]). Setting correlations for these regions to 0.
2025-04-15 01:12:46,153 - root - WARNING - Subject 22328 has regions with zero variance (indices: [42]). Setting correlations for these regions to 0.
2025-04-15 01:12:46,172 - root - WARNING - Subject 22329 has regions with zero variance (indices: [42]). Setting correlations for these regions to 0.
2025-04-15 01:12:46,190 - root - WARNING - Subject 22330 has regions with zero variance (indices: [42]). Setting correlations for these regions to 0.
2025-04-15 01:12:46,208 - root - WARNING - Subject 22331 has regions with zero variance (indices: [42]). Setting correlations for these regions to 0.
2025-04-15 01:12:46,227 - root - WARNING - Subject 22332 has regions with zero variance (indices: [42]). Setting correlations for these regions to 0.
2025-04-15 01:12:46,245 - root - WARNING - Subject 22333 has regions with zero variance (indices: [42]). Setting correlations for these regions to 0.
2025-04-15 01:12:46,263 - root - WARNING - Subject 22334 has regions with zero variance (indices: [42]). Setting correlations for these regions to 0.
2025-04-15 01:12:46,281 - root - WARNING - Subject 22335 has regions with zero variance (indices: [42]). Setting correlations for these regions to 0.
2025-04-15 01:12:46,300 - root - WARNING - Subject 22336 has regions with zero variance (indices: [42]). Setting correlations for these regions to 0.
2025-04-15 01:12:46,318 - root - WARNING - Subject 22337 has regions with zero variance (indices: [42]). Setting correlations for these regions to 0.
2025-04-15 01:12:46,336 - root - WARNING - Subject 22338 has regions with zero variance (indices: [42]). Setting correlations for these regions to 0.
2025-04-15 01:12:46,354 - root - WARNING - Subject 22339 has regions with zero variance (indices: [42]). Setting correlations for these regions to 0.
2025-04-15 01:12:46,373 - root - WARNING - Subject 22340 has regions with zero variance (indices: [42]). Setting correlations for these regions to 0.
2025-04-15 01:12:46,391 - root - WARNING - Subject 22341 has regions with zero variance (indices: [42]). Setting correlations for these regions to 0.
2025-04-15 01:12:46,410 - root - WARNING - Subject 22342 has regions with zero variance (indices: [42]). Setting correlations for these regions to 0.
2025-04-15 01:12:46,428 - root - WARNING - Subject 22343 has regions with zero variance (indices: [42]). Setting correlations for these regions to 0.
2025-04-15 01:12:46,447 - root - WARNING - Subject 22344 has regions with zero variance (indices: [42]). Setting correlations for these regions to 0.
2025-04-15 01:12:46,465 - root - WARNING - Subject 22345 has regions with zero variance (indices: [42]). Setting correlations for these regions to 0.
2025-04-15 01:12:46,483 - root - WARNING - Subject 22346 has regions with zero variance (indices: [42]). Setting correlations for these regions to 0.
2025-04-15 01:12:46,502 - root - WARNING - Subject 22347 has regions with zero variance (indices: [42]). Setting correlations for these regions to 0.
2025-04-15 01:12:46,520 - root - WARNING - Subject 22348 has regions with zero variance (indices: [42]). Setting correlations for these regions to 0.
2025-04-15 01:12:46,539 - root - WARNING - Subject 22349 has regions with zero variance (indices: [42]). Setting correlations for these regions to 0.
2025-04-15 01:12:46,557 - root - WARNING - Subject 22350 has regions with zero variance (indices: [42]). Setting correlations for these regions to 0.
2025-04-15 01:12:46,575 - root - WARNING - Subject 22351 has regions with zero variance (indices: [42]). Setting correlations for these regions to 0.
2025-04-15 01:12:46,594 - root - WARNING - Subject 22352 has regions with zero variance (indices: [42]). Setting correlations for these regions to 0.
2025-04-15 01:12:46,612 - root - WARNING - Subject 22353 has regions with zero variance (indices: [42]). Setting correlations for these regions to 0.
2025-04-15 01:12:46,630 - root - WARNING - Subject 22354 has regions with zero variance (indices: [42]). Setting correlations for these regions to 0.
2025-04-15 01:12:46,649 - root - WARNING - Subject 22355 has regions with zero variance (indices: [42]). Setting correlations for these regions to 0.
2025-04-15 01:12:46,667 - root - WARNING - Subject 22356 has regions with zero variance (indices: [42]). Setting correlations for these regions to 0.
2025-04-15 01:12:46,685 - root - WARNING - Subject 22357 has regions with zero variance (indices: [42]). Setting correlations for these regions to 0.
2025-04-15 01:12:46,704 - root - WARNING - Subject 22358 has regions with zero variance (indices: [42]). Setting correlations for these regions to 0.
2025-04-15 01:12:46,723 - root - WARNING - Subject 22359 has regions with zero variance (indices: [42]). Setting correlations for these regions to 0.
2025-04-15 01:12:46,741 - root - WARNING - Subject 22360 has regions with zero variance (indices: [42]). Setting correlations for these regions to 0.
2025-04-15 01:12:46,759 - root - WARNING - Subject 22361 has regions with zero variance (indices: [42]). Setting correlations for these regions to 0.
2025-04-15 01:12:46,778 - root - WARNING - Subject 22362 has regions with zero variance (indices: [42]). Setting correlations for these regions to 0.
2025-04-15 01:12:46,796 - root - WARNING - Subject 22363 has regions with zero variance (indices: [42]). Setting correlations for these regions to 0.
2025-04-15 01:12:46,815 - root - WARNING - Subject 22364 has regions with zero variance (indices: [42]). Setting correlations for these regions to 0.
2025-04-15 01:12:46,833 - root - WARNING - Subject 22365 has regions with zero variance (indices: [42]). Setting correlations for these regions to 0.
2025-04-15 01:12:46,852 - root - WARNING - Subject 22366 has regions with zero variance (indices: [42]). Setting correlations for these regions to 0.
2025-04-15 01:12:46,870 - root - WARNING - Subject 22367 has regions with zero variance (indices: [42]). Setting correlations for these regions to 0.
2025-04-15 01:12:46,888 - root - WARNING - Subject 22368 has regions with zero variance (indices: [42]). Setting correlations for these regions to 0.
2025-04-15 01:12:46,906 - root - WARNING - Subject 22369 has regions with zero variance (indices: [42]). Setting correlations for these regions to 0.
2025-04-15 01:12:47,246 - root - WARNING - Subject 22902 has regions with zero variance (indices: [  9  25  76 101 125 174 194]). Setting correlations for these regions to 0.
2025-04-15 01:12:47,264 - root - WARNING - Subject 22903 has regions with zero variance (indices: [  9  25  76 101 125 174 194]). Setting correlations for these regions to 0.
2025-04-15 01:12:47,281 - root - WARNING - Subject 22904 has regions with zero variance (indices: [  9  25  76 101 125 174 194]). Setting correlations for these regions to 0.
2025-04-15 01:12:47,299 - root - WARNING - Subject 22905 has regions with zero variance (indices: [  9  25  76 101 125 174 194]). Setting correlations for these regions to 0.
2025-04-15 01:12:47,317 - root - WARNING - Subject 22906 has regions with zero variance (indices: [  9  25  76 101 125 174 194]). Setting correlations for these regions to 0.
2025-04-15 01:12:47,335 - root - WARNING - Subject 22907 has regions with zero variance (indices: [  9  25  76 101 125 174 194]). Setting correlations for these regions to 0.
2025-04-15 01:12:47,353 - root - WARNING - Subject 22908 has regions with zero variance (indices: [  9  25  76 101 125 174 194]). Setting correlations for these regions to 0.
2025-04-15 01:12:47,370 - root - WARNING - Subject 22909 has regions with zero variance (indices: [  9  25  76 101 125 174 194]). Setting correlations for these regions to 0.
2025-04-15 01:12:47,388 - root - WARNING - Subject 22910 has regions with zero variance (indices: [  9  25  76 101 125 174 194]). Setting correlations for these regions to 0.
2025-04-15 01:12:47,405 - root - WARNING - Subject 22911 has regions with zero variance (indices: [  9  25  76 101 125 174 194]). Setting correlations for these regions to 0.
2025-04-15 01:12:47,423 - root - WARNING - Subject 22912 has regions with zero variance (indices: [  9  25  76 101 125 174 194]). Setting correlations for these regions to 0.
2025-04-15 01:12:47,440 - root - WARNING - Subject 22913 has regions with zero variance (indices: [  9  25  76 101 125 174 194]). Setting correlations for these regions to 0.
2025-04-15 01:12:47,458 - root - WARNING - Subject 22914 has regions with zero variance (indices: [  9  25  76 101 125 174 194]). Setting correlations for these regions to 0.
2025-04-15 01:12:47,475 - root - WARNING - Subject 22915 has regions with zero variance (indices: [  9  25  76 101 125 174 194]). Setting correlations for these regions to 0.
2025-04-15 01:12:47,493 - root - WARNING - Subject 22916 has regions with zero variance (indices: [  9  25  76 101 125 174 194]). Setting correlations for these regions to 0.
2025-04-15 01:12:47,510 - root - WARNING - Subject 22917 has regions with zero variance (indices: [  9  25  76 101 125 174 194]). Setting correlations for these regions to 0.
2025-04-15 01:12:47,528 - root - WARNING - Subject 22918 has regions with zero variance (indices: [  9  25  76 101 125 174 194]). Setting correlations for these regions to 0.
2025-04-15 01:12:47,545 - root - WARNING - Subject 22919 has regions with zero variance (indices: [  9  25  76 101 125 174 194]). Setting correlations for these regions to 0.
2025-04-15 01:12:47,563 - root - WARNING - Subject 22920 has regions with zero variance (indices: [  9  25  76 101 125 174 194]). Setting correlations for these regions to 0.
2025-04-15 01:12:47,580 - root - WARNING - Subject 22921 has regions with zero variance (indices: [  9  25  76 101 125 174 194]). Setting correlations for these regions to 0.
2025-04-15 01:12:47,597 - root - WARNING - Subject 22922 has regions with zero variance (indices: [  9  25  76 101 125 174 194]). Setting correlations for these regions to 0.
2025-04-15 01:12:47,615 - root - WARNING - Subject 22923 has regions with zero variance (indices: [  9  25  76 101 125 174 194]). Setting correlations for these regions to 0.
2025-04-15 01:12:47,633 - root - WARNING - Subject 22924 has regions with zero variance (indices: [  9  25  76 101 125 174 194]). Setting correlations for these regions to 0.
2025-04-15 01:12:47,650 - root - WARNING - Subject 22925 has regions with zero variance (indices: [  9  25  76 101 125 174 194]). Setting correlations for these regions to 0.
2025-04-15 01:12:47,667 - root - WARNING - Subject 22926 has regions with zero variance (indices: [  9  25  76 101 125 174 194]). Setting correlations for these regions to 0.
2025-04-15 01:12:47,684 - root - WARNING - Subject 22927 has regions with zero variance (indices: [  9  25  76 101 125 174 194]). Setting correlations for these regions to 0.
2025-04-15 01:12:47,702 - root - WARNING - Subject 22928 has regions with zero variance (indices: [  9  25  76 101 125 174 194]). Setting correlations for these regions to 0.
2025-04-15 01:12:47,719 - root - WARNING - Subject 22929 has regions with zero variance (indices: [  9  25  76 101 125 174 194]). Setting correlations for these regions to 0.
2025-04-15 01:12:47,736 - root - WARNING - Subject 22930 has regions with zero variance (indices: [  9  25  76 101 125 174 194]). Setting correlations for these regions to 0.
2025-04-15 01:12:47,753 - root - WARNING - Subject 22931 has regions with zero variance (indices: [  9  25  76 101 125 174 194]). Setting correlations for these regions to 0.
2025-04-15 01:12:47,771 - root - WARNING - Subject 22932 has regions with zero variance (indices: [  9  25  76 101 125 174 194]). Setting correlations for these regions to 0.
2025-04-15 01:12:47,788 - root - WARNING - Subject 22933 has regions with zero variance (indices: [  9  25  76 101 125 174 194]). Setting correlations for these regions to 0.
2025-04-15 01:12:47,805 - root - WARNING - Subject 22934 has regions with zero variance (indices: [  9  25  76 101 125 174 194]). Setting correlations for these regions to 0.
2025-04-15 01:12:47,823 - root - WARNING - Subject 22935 has regions with zero variance (indices: [  9  25  76 101 125 174 194]). Setting correlations for these regions to 0.
2025-04-15 01:12:47,840 - root - WARNING - Subject 22936 has regions with zero variance (indices: [  9  25  76 101 125 174 194]). Setting correlations for these regions to 0.
2025-04-15 01:12:47,857 - root - WARNING - Subject 22937 has regions with zero variance (indices: [  9  25  76 101 125 174 194]). Setting correlations for these regions to 0.
2025-04-15 01:12:47,875 - root - WARNING - Subject 22938 has regions with zero variance (indices: [  9  25  76 101 125 174 194]). Setting correlations for these regions to 0.
2025-04-15 01:12:47,892 - root - WARNING - Subject 22939 has regions with zero variance (indices: [  9  25  76 101 125 174 194]). Setting correlations for these regions to 0.
2025-04-15 01:12:47,909 - root - WARNING - Subject 22940 has regions with zero variance (indices: [  9  25  76 101 125 174 194]). Setting correlations for these regions to 0.
2025-04-15 01:12:47,926 - root - WARNING - Subject 22941 has regions with zero variance (indices: [  9  25  76 101 125 174 194]). Setting correlations for these regions to 0.
2025-04-15 01:12:47,944 - root - WARNING - Subject 22942 has regions with zero variance (indices: [  9  25  76 101 125 174 194]). Setting correlations for these regions to 0.
2025-04-15 01:12:47,961 - root - WARNING - Subject 22943 has regions with zero variance (indices: [  9  25  76 101 125 174 194]). Setting correlations for these regions to 0.
2025-04-15 01:12:47,978 - root - WARNING - Subject 22944 has regions with zero variance (indices: [  9  25  76 101 125 174 194]). Setting correlations for these regions to 0.
2025-04-15 01:12:47,995 - root - WARNING - Subject 22945 has regions with zero variance (indices: [  9  25  76 101 125 174 194]). Setting correlations for these regions to 0.
2025-04-15 01:12:48,012 - root - WARNING - Subject 22946 has regions with zero variance (indices: [  9  25  76 101 125 174 194]). Setting correlations for these regions to 0.
2025-04-15 01:12:48,030 - root - WARNING - Subject 22947 has regions with zero variance (indices: [  9  25  76 101 125 174 194]). Setting correlations for these regions to 0.
2025-04-15 01:12:48,048 - root - WARNING - Subject 22948 has regions with zero variance (indices: [  9  25  76 101 125 174 194]). Setting correlations for these regions to 0.
2025-04-15 01:12:48,065 - root - WARNING - Subject 22949 has regions with zero variance (indices: [  9  25  76 101 125 174 194]). Setting correlations for these regions to 0.
2025-04-15 01:12:48,082 - root - WARNING - Subject 22950 has regions with zero variance (indices: [  9  25  76 101 125 174 194]). Setting correlations for these regions to 0.
2025-04-15 01:12:48,100 - root - WARNING - Subject 22951 has regions with zero variance (indices: [  9  25  76 101 125 174 194]). Setting correlations for these regions to 0.
2025-04-15 01:12:48,117 - root - WARNING - Subject 22952 has regions with zero variance (indices: [  9  25  76 101 125 174 194]). Setting correlations for these regions to 0.
2025-04-15 01:12:48,135 - root - WARNING - Subject 22953 has regions with zero variance (indices: [  9  25  76 101 125 174 194]). Setting correlations for these regions to 0.
2025-04-15 01:12:48,153 - root - WARNING - Subject 22954 has regions with zero variance (indices: [  9  25  76 101 125 174 194]). Setting correlations for these regions to 0.
2025-04-15 01:12:48,170 - root - WARNING - Subject 22955 has regions with zero variance (indices: [  9  25  76 101 125 174 194]). Setting correlations for these regions to 0.
2025-04-15 01:12:48,187 - root - WARNING - Subject 22956 has regions with zero variance (indices: [  9  25  76 101 125 174 194]). Setting correlations for these regions to 0.
2025-04-15 01:12:48,204 - root - WARNING - Subject 22957 has regions with zero variance (indices: [  9  25  76 101 125 174 194]). Setting correlations for these regions to 0.
2025-04-15 01:12:48,222 - root - WARNING - Subject 22958 has regions with zero variance (indices: [  9  25  76 101 125 174 194]). Setting correlations for these regions to 0.
2025-04-15 01:12:48,239 - root - WARNING - Subject 22959 has regions with zero variance (indices: [  9  25  76 101 125 174 194]). Setting correlations for these regions to 0.
2025-04-15 01:12:48,257 - root - WARNING - Subject 22960 has regions with zero variance (indices: [  9  25  76 101 125 174 194]). Setting correlations for these regions to 0.
2025-04-15 01:12:48,274 - root - WARNING - Subject 22961 has regions with zero variance (indices: [  9  25  76 101 125 174 194]). Setting correlations for these regions to 0.
2025-04-15 01:12:48,292 - root - WARNING - Subject 22962 has regions with zero variance (indices: [  9  25  76 101 125 174 194]). Setting correlations for these regions to 0.
2025-04-15 01:12:48,309 - root - WARNING - Subject 22963 has regions with zero variance (indices: [  9  25  76 101 125 174 194]). Setting correlations for these regions to 0.
2025-04-15 01:12:48,326 - root - WARNING - Subject 22964 has regions with zero variance (indices: [  9  25  76 101 125 174 194]). Setting correlations for these regions to 0.
2025-04-15 01:12:48,343 - root - WARNING - Subject 22965 has regions with zero variance (indices: [  9  25  76 101 125 174 194]). Setting correlations for these regions to 0.
2025-04-15 01:12:48,361 - root - WARNING - Subject 22966 has regions with zero variance (indices: [  9  25  76 101 125 174 194]). Setting correlations for these regions to 0.
2025-04-15 01:12:48,378 - root - WARNING - Subject 22967 has regions with zero variance (indices: [  9  25  76 101 125 174 194]). Setting correlations for these regions to 0.
2025-04-15 01:12:48,395 - root - WARNING - Subject 22968 has regions with zero variance (indices: [  9  25  76 101 125 174 194]). Setting correlations for these regions to 0.
2025-04-15 01:12:48,412 - root - WARNING - Subject 22969 has regions with zero variance (indices: [  9  25  76 101 125 174 194]). Setting correlations for these regions to 0.
2025-04-15 01:12:48,429 - root - WARNING - Subject 22970 has regions with zero variance (indices: [  9  25  76 101 125 174 194]). Setting correlations for these regions to 0.
2025-04-15 01:12:48,446 - root - WARNING - Subject 22971 has regions with zero variance (indices: [  9  25  76 101 125 174 194]). Setting correlations for these regions to 0.
2025-04-15 01:12:48,464 - root - WARNING - Subject 22972 has regions with zero variance (indices: [  9  25  76 101 125 174 194]). Setting correlations for these regions to 0.
2025-04-15 01:12:48,481 - root - WARNING - Subject 22973 has regions with zero variance (indices: [  9  25  76 101 125 174 194]). Setting correlations for these regions to 0.
2025-04-15 01:12:48,499 - root - WARNING - Subject 22974 has regions with zero variance (indices: [  9  25  76 101 125 174 194]). Setting correlations for these regions to 0.
2025-04-15 01:12:48,516 - root - WARNING - Subject 22975 has regions with zero variance (indices: [  9  25  76 101 125 174 194]). Setting correlations for these regions to 0.
2025-04-15 01:12:48,533 - root - WARNING - Subject 22976 has regions with zero variance (indices: [  9  25  76 101 125 174 194]). Setting correlations for these regions to 0.
2025-04-15 01:12:48,551 - root - WARNING - Subject 22977 has regions with zero variance (indices: [  9  25  76 101 125 174 194]). Setting correlations for these regions to 0.
2025-04-15 01:12:48,568 - root - WARNING - Subject 22978 has regions with zero variance (indices: [  9  25  76 101 125 174 194]). Setting correlations for these regions to 0.
2025-04-15 01:12:48,586 - root - WARNING - Subject 22979 has regions with zero variance (indices: [  9  25  76 101 125 174 194]). Setting correlations for these regions to 0.
2025-04-15 01:12:48,604 - root - WARNING - Subject 22980 has regions with zero variance (indices: [  9  25  76 101 125 174 194]). Setting correlations for these regions to 0.
2025-04-15 01:12:48,621 - root - WARNING - Subject 22981 has regions with zero variance (indices: [  9  25  76 101 125 174 194]). Setting correlations for these regions to 0.
2025-04-15 01:12:48,639 - root - WARNING - Subject 22982 has regions with zero variance (indices: [  9  25  76 101 125 174 194]). Setting correlations for these regions to 0.
2025-04-15 01:12:48,656 - root - WARNING - Subject 22983 has regions with zero variance (indices: [  9  25  76 101 125 174 194]). Setting correlations for these regions to 0.
2025-04-15 01:12:48,673 - root - WARNING - Subject 22984 has regions with zero variance (indices: [  9  25  76 101 125 174 194]). Setting correlations for these regions to 0.
2025-04-15 01:12:48,691 - root - WARNING - Subject 22985 has regions with zero variance (indices: [  9  25  76 101 125 174 194]). Setting correlations for these regions to 0.
2025-04-15 01:12:48,708 - root - WARNING - Subject 22986 has regions with zero variance (indices: [  9  25  76 101 125 174 194]). Setting correlations for these regions to 0.
2025-04-15 01:12:48,725 - root - WARNING - Subject 22987 has regions with zero variance (indices: [  9  25  76 101 125 174 194]). Setting correlations for these regions to 0.
2025-04-15 01:12:48,743 - root - WARNING - Subject 22988 has regions with zero variance (indices: [  9  25  76 101 125 174 194]). Setting correlations for these regions to 0.
2025-04-15 01:12:48,760 - root - WARNING - Subject 22989 has regions with zero variance (indices: [  9  25  76 101 125 174 194]). Setting correlations for these regions to 0.
2025-04-15 01:12:48,777 - root - WARNING - Subject 22990 has regions with zero variance (indices: [  9  25  76 101 125 174 194]). Setting correlations for these regions to 0.
2025-04-15 01:12:48,795 - root - WARNING - Subject 22991 has regions with zero variance (indices: [  9  25  76 101 125 174 194]). Setting correlations for these regions to 0.
2025-04-15 01:12:48,812 - root - WARNING - Subject 22992 has regions with zero variance (indices: [  9  25  76 101 125 174 194]). Setting correlations for these regions to 0.
2025-04-15 01:12:48,829 - root - WARNING - Subject 22993 has regions with zero variance (indices: [  9  25  76 101 125 174 194]). Setting correlations for these regions to 0.
2025-04-15 01:12:48,847 - root - WARNING - Subject 22994 has regions with zero variance (indices: [  9  25  76 101 125 174 194]). Setting correlations for these regions to 0.
2025-04-15 01:12:48,864 - root - WARNING - Subject 22995 has regions with zero variance (indices: [  9  25  76 101 125 174 194]). Setting correlations for these regions to 0.
2025-04-15 01:12:48,881 - root - WARNING - Subject 22996 has regions with zero variance (indices: [  9  25  76 101 125 174 194]). Setting correlations for these regions to 0.
2025-04-15 01:12:48,899 - root - WARNING - Subject 22997 has regions with zero variance (indices: [  9  25  76 101 125 174 194]). Setting correlations for these regions to 0.
2025-04-15 01:12:48,916 - root - WARNING - Subject 22998 has regions with zero variance (indices: [  9  25  76 101 125 174 194]). Setting correlations for these regions to 0.
2025-04-15 01:12:48,934 - root - WARNING - Subject 22999 has regions with zero variance (indices: [  9  25  76 101 125 174 194]). Setting correlations for these regions to 0.
2025-04-15 01:12:48,951 - root - WARNING - Subject 23000 has regions with zero variance (indices: [  9  25  76 101 125 174 194]). Setting correlations for these regions to 0.
2025-04-15 01:12:48,968 - root - WARNING - Subject 23001 has regions with zero variance (indices: [  9  25  76 101 125 174 194]). Setting correlations for these regions to 0.
2025-04-15 01:12:48,985 - root - WARNING - Subject 23002 has regions with zero variance (indices: [  9  25  76 101 125 174 194]). Setting correlations for these regions to 0.
2025-04-15 01:12:49,003 - root - WARNING - Subject 23003 has regions with zero variance (indices: [  9  25  76 101 125 174 194]). Setting correlations for these regions to 0.
2025-04-15 01:12:49,020 - root - WARNING - Subject 23004 has regions with zero variance (indices: [  9  25  76 101 125 174 194]). Setting correlations for these regions to 0.
2025-04-15 01:12:49,037 - root - WARNING - Subject 23005 has regions with zero variance (indices: [  9  25  76 101 125 174 194]). Setting correlations for these regions to 0.
2025-04-15 01:12:49,055 - root - WARNING - Subject 23006 has regions with zero variance (indices: [  9  25  76 101 125 174 194]). Setting correlations for these regions to 0.
2025-04-15 01:12:49,072 - root - WARNING - Subject 23007 has regions with zero variance (indices: [  9  25  76 101 125 174 194]). Setting correlations for these regions to 0.
2025-04-15 01:12:49,090 - root - WARNING - Subject 23008 has regions with zero variance (indices: [  9  25  76 101 125 174 194]). Setting correlations for these regions to 0.
2025-04-15 01:12:49,107 - root - WARNING - Subject 23009 has regions with zero variance (indices: [  9  25  76 101 125 174 194]). Setting correlations for these regions to 0.
2025-04-15 01:12:49,125 - root - WARNING - Subject 23010 has regions with zero variance (indices: [  9  25  76 101 125 174 194]). Setting correlations for these regions to 0.
2025-04-15 01:12:49,142 - root - WARNING - Subject 23011 has regions with zero variance (indices: [  9  25  76 101 125 174 194]). Setting correlations for these regions to 0.
2025-04-15 01:12:49,160 - root - WARNING - Subject 23012 has regions with zero variance (indices: [  9  25  76 101 125 174 194]). Setting correlations for these regions to 0.
2025-04-15 01:12:49,177 - root - WARNING - Subject 23013 has regions with zero variance (indices: [  9  25  76 101 125 174 194]). Setting correlations for these regions to 0.
2025-04-15 01:12:49,195 - root - WARNING - Subject 23014 has regions with zero variance (indices: [  9  25  76 101 125 174 194]). Setting correlations for these regions to 0.
2025-04-15 01:12:49,212 - root - WARNING - Subject 23015 has regions with zero variance (indices: [  9  25  76 101 125 174 194]). Setting correlations for these regions to 0.
2025-04-15 01:12:49,230 - root - WARNING - Subject 23016 has regions with zero variance (indices: [  9  25  76 101 125 174 194]). Setting correlations for these regions to 0.
2025-04-15 01:12:49,247 - root - WARNING - Subject 23017 has regions with zero variance (indices: [  9  25  76 101 125 174 194]). Setting correlations for these regions to 0.
2025-04-15 01:12:49,265 - root - WARNING - Subject 23018 has regions with zero variance (indices: [  9  25  76 101 125 174 194]). Setting correlations for these regions to 0.
2025-04-15 01:12:49,282 - root - WARNING - Subject 23019 has regions with zero variance (indices: [  9  25  76 101 125 174 194]). Setting correlations for these regions to 0.
2025-04-15 01:12:49,299 - root - WARNING - Subject 23020 has regions with zero variance (indices: [  9  25  76 101 125 174 194]). Setting correlations for these regions to 0.
2025-04-15 01:12:49,317 - root - WARNING - Subject 23021 has regions with zero variance (indices: [  9  25  76 101 125 174 194]). Setting correlations for these regions to 0.
2025-04-15 01:12:49,334 - root - WARNING - Subject 23022 has regions with zero variance (indices: [  9  25  76 101 125 174 194]). Setting correlations for these regions to 0.
2025-04-15 01:12:49,351 - root - WARNING - Subject 23023 has regions with zero variance (indices: [  9  25  76 101 125 174 194]). Setting correlations for these regions to 0.
2025-04-15 01:12:49,369 - root - WARNING - Subject 23024 has regions with zero variance (indices: [  9  25  76 101 125 174 194]). Setting correlations for these regions to 0.
2025-04-15 01:12:49,386 - root - WARNING - Subject 23025 has regions with zero variance (indices: [  9  25  76 101 125 174 194]). Setting correlations for these regions to 0.
2025-04-15 01:12:49,403 - root - WARNING - Subject 23026 has regions with zero variance (indices: [  9  25  76 101 125 174 194]). Setting correlations for these regions to 0.
2025-04-15 01:12:49,420 - root - WARNING - Subject 23027 has regions with zero variance (indices: [  9  25  76 101 125 174 194]). Setting correlations for these regions to 0.
2025-04-15 01:12:49,438 - root - WARNING - Subject 23028 has regions with zero variance (indices: [  9  25  76 101 125 174 194]). Setting correlations for these regions to 0.
2025-04-15 01:12:49,455 - root - WARNING - Subject 23029 has regions with zero variance (indices: [  9  25  76 101 125 174 194]). Setting correlations for these regions to 0.
2025-04-15 01:12:49,473 - root - WARNING - Subject 23030 has regions with zero variance (indices: [  9  25  76 101 125 174 194]). Setting correlations for these regions to 0.
2025-04-15 01:12:49,490 - root - WARNING - Subject 23031 has regions with zero variance (indices: [  9  25  76 101 125 174 194]). Setting correlations for these regions to 0.
2025-04-15 01:12:49,508 - root - WARNING - Subject 23032 has regions with zero variance (indices: [  9  25  76 101 125 174 194]). Setting correlations for these regions to 0.
2025-04-15 01:12:49,525 - root - WARNING - Subject 23033 has regions with zero variance (indices: [  9  25  76 101 125 174 194]). Setting correlations for these regions to 0.
2025-04-15 01:12:49,542 - root - WARNING - Subject 23034 has regions with zero variance (indices: [  9  25  76 101 125 174 194]). Setting correlations for these regions to 0.
2025-04-15 01:12:49,560 - root - WARNING - Subject 23035 has regions with zero variance (indices: [  9  25  76 101 125 174 194]). Setting correlations for these regions to 0.
2025-04-15 01:12:49,577 - root - WARNING - Subject 23036 has regions with zero variance (indices: [  9  25  76 101 125 174 194]). Setting correlations for these regions to 0.
2025-04-15 01:12:49,594 - root - WARNING - Subject 23037 has regions with zero variance (indices: [  9  25  76 101 125 174 194]). Setting correlations for these regions to 0.
2025-04-15 01:12:49,612 - root - WARNING - Subject 23038 has regions with zero variance (indices: [  9  25  76 101 125 174 194]). Setting correlations for these regions to 0.
2025-04-15 01:12:49,629 - root - WARNING - Subject 23039 has regions with zero variance (indices: [  9  25  76 101 125 174 194]). Setting correlations for these regions to 0.
2025-04-15 01:12:49,647 - root - WARNING - Subject 23040 has regions with zero variance (indices: [  9  25  76 101 125 174 194]). Setting correlations for these regions to 0.
2025-04-15 01:12:49,664 - root - WARNING - Subject 23041 has regions with zero variance (indices: [  9  25  76 101 125 174 194]). Setting correlations for these regions to 0.
2025-04-15 01:12:49,681 - root - WARNING - Subject 23042 has regions with zero variance (indices: [  9  25  76 101 125 174 194]). Setting correlations for these regions to 0.
2025-04-15 01:12:49,699 - root - WARNING - Subject 23043 has regions with zero variance (indices: [  9  25  76 101 125 174 194]). Setting correlations for these regions to 0.
2025-04-15 01:12:49,716 - root - WARNING - Subject 23044 has regions with zero variance (indices: [  9  25  76 101 125 174 194]). Setting correlations for these regions to 0.
2025-04-15 01:12:49,733 - root - WARNING - Subject 23045 has regions with zero variance (indices: [  9  25  76 101 125 174 194]). Setting correlations for these regions to 0.
2025-04-15 01:12:49,751 - root - WARNING - Subject 23046 has regions with zero variance (indices: [  9  25  76 101 125 174 194]). Setting correlations for these regions to 0.
2025-04-15 01:12:49,768 - root - WARNING - Subject 23047 has regions with zero variance (indices: [  9  25  76 101 125 174 194]). Setting correlations for these regions to 0.
2025-04-15 01:12:49,785 - root - WARNING - Subject 23048 has regions with zero variance (indices: [  9  25  76 101 125 174 194]). Setting correlations for these regions to 0.
2025-04-15 01:12:49,802 - root - WARNING - Subject 23049 has regions with zero variance (indices: [  9  25  76 101 125 174 194]). Setting correlations for these regions to 0.
2025-04-15 01:12:49,819 - root - WARNING - Subject 23050 has regions with zero variance (indices: [  9  25  76 101 125 174 194]). Setting correlations for these regions to 0.
2025-04-15 01:12:49,837 - root - WARNING - Subject 23051 has regions with zero variance (indices: [  9  25  76 101 125 174 194]). Setting correlations for these regions to 0.
2025-04-15 01:12:49,854 - root - WARNING - Subject 23052 has regions with zero variance (indices: [  9  25  76 101 125 174 194]). Setting correlations for these regions to 0.
2025-04-15 01:12:49,872 - root - WARNING - Subject 23053 has regions with zero variance (indices: [  9  25  76 101 125 174 194]). Setting correlations for these regions to 0.
2025-04-15 01:12:49,889 - root - WARNING - Subject 23054 has regions with zero variance (indices: [  9  25  76 101 125 174 194]). Setting correlations for these regions to 0.
2025-04-15 01:12:49,906 - root - WARNING - Subject 23055 has regions with zero variance (indices: [  9  25  76 101 125 174 194]). Setting correlations for these regions to 0.
2025-04-15 01:12:49,924 - root - WARNING - Subject 23056 has regions with zero variance (indices: [  9  25  76 101 125 174 194]). Setting correlations for these regions to 0.
2025-04-15 01:12:49,941 - root - WARNING - Subject 23057 has regions with zero variance (indices: [  9  25  76 101 125 174 194]). Setting correlations for these regions to 0.
2025-04-15 01:12:49,958 - root - WARNING - Subject 23058 has regions with zero variance (indices: [  9  25  76 101 125 174 194]). Setting correlations for these regions to 0.
2025-04-15 01:12:49,975 - root - WARNING - Subject 23059 has regions with zero variance (indices: [  9  25  76 101 125 174 194]). Setting correlations for these regions to 0.
2025-04-15 01:12:49,993 - root - WARNING - Subject 23060 has regions with zero variance (indices: [  9  25  76 101 125 174 194]). Setting correlations for these regions to 0.
2025-04-15 01:12:50,010 - root - WARNING - Subject 23061 has regions with zero variance (indices: [  9  25  76 101 125 174 194]). Setting correlations for these regions to 0.
2025-04-15 01:12:50,027 - root - WARNING - Subject 23062 has regions with zero variance (indices: [  9  25  76 101 125 174 194]). Setting correlations for these regions to 0.
2025-04-15 01:12:50,045 - root - WARNING - Subject 23063 has regions with zero variance (indices: [  9  25  76 101 125 174 194]). Setting correlations for these regions to 0.
2025-04-15 01:12:50,062 - root - WARNING - Subject 23064 has regions with zero variance (indices: [  9  25  76 101 125 174 194]). Setting correlations for these regions to 0.
2025-04-15 01:12:50,080 - root - WARNING - Subject 23065 has regions with zero variance (indices: [  9  25  76 101 125 174 194]). Setting correlations for these regions to 0.
2025-04-15 01:12:50,097 - root - WARNING - Subject 23066 has regions with zero variance (indices: [  9  25  76 101 125 174 194]). Setting correlations for these regions to 0.
2025-04-15 01:12:50,115 - root - WARNING - Subject 23067 has regions with zero variance (indices: [  9  25  76 101 125 174 194]). Setting correlations for these regions to 0.
2025-04-15 01:12:50,132 - root - WARNING - Subject 23068 has regions with zero variance (indices: [  9  25  76 101 125 174 194]). Setting correlations for these regions to 0.
2025-04-15 01:12:50,150 - root - WARNING - Subject 23069 has regions with zero variance (indices: [  9  25  76 101 125 174 194]). Setting correlations for these regions to 0.
2025-04-15 01:12:50,167 - root - WARNING - Subject 23070 has regions with zero variance (indices: [  9  25  76 101 125 174 194]). Setting correlations for these regions to 0.
2025-04-15 01:12:50,184 - root - WARNING - Subject 23071 has regions with zero variance (indices: [  9  25  76 101 125 174 194]). Setting correlations for these regions to 0.
2025-04-15 01:12:50,202 - root - WARNING - Subject 23072 has regions with zero variance (indices: [  9  25  76 101 125 174 194]). Setting correlations for these regions to 0.
2025-04-15 01:12:50,220 - root - WARNING - Subject 23073 has regions with zero variance (indices: [  9  25  76 101 125 174 194]). Setting correlations for these regions to 0.
2025-04-15 01:12:50,237 - root - WARNING - Subject 23074 has regions with zero variance (indices: [  9  25  76 101 125 174 194]). Setting correlations for these regions to 0.
2025-04-15 01:12:50,254 - root - WARNING - Subject 23075 has regions with zero variance (indices: [  9  25  76 101 125 174 194]). Setting correlations for these regions to 0.
2025-04-15 01:12:50,272 - root - WARNING - Subject 23076 has regions with zero variance (indices: [  9  25  76 101 125 174 194]). Setting correlations for these regions to 0.
2025-04-15 01:12:50,289 - root - WARNING - Subject 23077 has regions with zero variance (indices: [  9  25  76 101 125 174 194]). Setting correlations for these regions to 0.
2025-04-15 01:12:50,306 - root - WARNING - Subject 23078 has regions with zero variance (indices: [  9  25  76 101 125 174 194]). Setting correlations for these regions to 0.
2025-04-15 01:12:50,324 - root - WARNING - Subject 23079 has regions with zero variance (indices: [  9  25  76 101 125 174 194]). Setting correlations for these regions to 0.
2025-04-15 01:12:50,341 - root - WARNING - Subject 23080 has regions with zero variance (indices: [  9  25  76 101 125 174 194]). Setting correlations for these regions to 0.
2025-04-15 01:12:50,359 - root - WARNING - Subject 23081 has regions with zero variance (indices: [  9  25  76 101 125 174 194]). Setting correlations for these regions to 0.
2025-04-15 01:12:50,377 - root - WARNING - Subject 23082 has regions with zero variance (indices: [  9  25  76 101 125 174 194]). Setting correlations for these regions to 0.
2025-04-15 01:12:50,394 - root - WARNING - Subject 23083 has regions with zero variance (indices: [  9  25  76 101 125 174 194]). Setting correlations for these regions to 0.
2025-04-15 01:12:50,412 - root - WARNING - Subject 23084 has regions with zero variance (indices: [  9  25  76 101 125 174 194]). Setting correlations for these regions to 0.
2025-04-15 01:12:50,429 - root - WARNING - Subject 23085 has regions with zero variance (indices: [  9  25  76 101 125 174 194]). Setting correlations for these regions to 0.
2025-04-15 01:12:50,447 - root - WARNING - Subject 23086 has regions with zero variance (indices: [  9  25  76 101 125 174 194]). Setting correlations for these regions to 0.
2025-04-15 01:12:50,465 - root - WARNING - Subject 23087 has regions with zero variance (indices: [  9  25  76 101 125 174 194]). Setting correlations for these regions to 0.
2025-04-15 01:12:50,482 - root - WARNING - Subject 23088 has regions with zero variance (indices: [  9  25  76 101 125 174 194]). Setting correlations for these regions to 0.
2025-04-15 01:12:50,499 - root - WARNING - Subject 23089 has regions with zero variance (indices: [  9  25  76 101 125 174 194]). Setting correlations for these regions to 0.
2025-04-15 01:12:50,517 - root - WARNING - Subject 23090 has regions with zero variance (indices: [  9  25  76 101 125 174 194]). Setting correlations for these regions to 0.
2025-04-15 01:12:50,534 - root - WARNING - Subject 23091 has regions with zero variance (indices: [  9  25  76 101 125 174 194]). Setting correlations for these regions to 0.
2025-04-15 01:12:50,551 - root - WARNING - Subject 23092 has regions with zero variance (indices: [  9  25  76 101 125 174 194]). Setting correlations for these regions to 0.
2025-04-15 01:12:50,573 - root - WARNING - Subject 23093 has regions with zero variance (indices: [  9  25  76 101 125 174 194]). Setting correlations for these regions to 0.
2025-04-15 01:12:50,591 - root - WARNING - Subject 23094 has regions with zero variance (indices: [  9  25  76 101 125 174 194]). Setting correlations for these regions to 0.
2025-04-15 01:12:50,608 - root - WARNING - Subject 23095 has regions with zero variance (indices: [  9  25  76 101 125 174 194]). Setting correlations for these regions to 0.
2025-04-15 01:12:50,625 - root - WARNING - Subject 23096 has regions with zero variance (indices: [  9  25  76 101 125 174 194]). Setting correlations for these regions to 0.
2025-04-15 01:12:50,642 - root - WARNING - Subject 23097 has regions with zero variance (indices: [  9  25  76 101 125 174 194]). Setting correlations for these regions to 0.
2025-04-15 01:12:50,660 - root - WARNING - Subject 23098 has regions with zero variance (indices: [  9  25  76 101 125 174 194]). Setting correlations for these regions to 0.
2025-04-15 01:12:50,677 - root - WARNING - Subject 23099 has regions with zero variance (indices: [  9  25  76 101 125 174 194]). Setting correlations for these regions to 0.
2025-04-15 01:12:50,694 - root - WARNING - Subject 23100 has regions with zero variance (indices: [  9  25  76 101 125 174 194]). Setting correlations for these regions to 0.
2025-04-15 01:12:50,712 - root - WARNING - Subject 23101 has regions with zero variance (indices: [  9  25  76 101 125 174 194]). Setting correlations for these regions to 0.
2025-04-15 01:12:50,729 - root - WARNING - Subject 23102 has regions with zero variance (indices: [  9  25  76 101 125 174 194]). Setting correlations for these regions to 0.
2025-04-15 01:12:50,746 - root - WARNING - Subject 23103 has regions with zero variance (indices: [  9  25  76 101 125 174 194]). Setting correlations for these regions to 0.
2025-04-15 01:12:50,763 - root - WARNING - Subject 23104 has regions with zero variance (indices: [  9  25  76 101 125 174 194]). Setting correlations for these regions to 0.
2025-04-15 01:12:50,781 - root - WARNING - Subject 23105 has regions with zero variance (indices: [  9  25  76 101 125 174 194]). Setting correlations for these regions to 0.
2025-04-15 01:12:50,798 - root - WARNING - Subject 23106 has regions with zero variance (indices: [  9  25  76 101 125 174 194]). Setting correlations for these regions to 0.
2025-04-15 01:12:50,816 - root - WARNING - Subject 23107 has regions with zero variance (indices: [  9  25  76 101 125 174 194]). Setting correlations for these regions to 0.
2025-04-15 01:12:50,833 - root - WARNING - Subject 23108 has regions with zero variance (indices: [  9  25  76 101 125 174 194]). Setting correlations for these regions to 0.
2025-04-15 01:12:50,850 - root - WARNING - Subject 23109 has regions with zero variance (indices: [  9  25  76 101 125 174 194]). Setting correlations for these regions to 0.
2025-04-15 01:12:50,868 - root - WARNING - Subject 23110 has regions with zero variance (indices: [  9  25  76 101 125 174 194]). Setting correlations for these regions to 0.
2025-04-15 01:12:50,885 - root - WARNING - Subject 23111 has regions with zero variance (indices: [  9  25  76 101 125 174 194]). Setting correlations for these regions to 0.
2025-04-15 01:12:50,902 - root - WARNING - Subject 23112 has regions with zero variance (indices: [  9  25  76 101 125 174 194]). Setting correlations for these regions to 0.
2025-04-15 01:12:50,920 - root - WARNING - Subject 23113 has regions with zero variance (indices: [  9  25  76 101 125 174 194]). Setting correlations for these regions to 0.
2025-04-15 01:12:50,937 - root - WARNING - Subject 23114 has regions with zero variance (indices: [  9  25  76 101 125 174 194]). Setting correlations for these regions to 0.
2025-04-15 01:12:50,954 - root - WARNING - Subject 23115 has regions with zero variance (indices: [  9  25  76 101 125 174 194]). Setting correlations for these regions to 0.
2025-04-15 01:12:50,972 - root - WARNING - Subject 23116 has regions with zero variance (indices: [  9  25  76 101 125 174 194]). Setting correlations for these regions to 0.
2025-04-15 01:12:50,989 - root - WARNING - Subject 23117 has regions with zero variance (indices: [  9  25  76 101 125 174 194]). Setting correlations for these regions to 0.
2025-04-15 01:12:51,007 - root - WARNING - Subject 23118 has regions with zero variance (indices: [  9  25  76 101 125 174 194]). Setting correlations for these regions to 0.
2025-04-15 01:12:51,024 - root - WARNING - Subject 23119 has regions with zero variance (indices: [  9  25  76 101 125 174 194]). Setting correlations for these regions to 0.
2025-04-15 01:12:51,041 - root - WARNING - Subject 23120 has regions with zero variance (indices: [  9  25  76 101 125 174 194]). Setting correlations for these regions to 0.
2025-04-15 01:12:51,059 - root - WARNING - Subject 23121 has regions with zero variance (indices: [  9  25  76 101 125 174 194]). Setting correlations for these regions to 0.
2025-04-15 01:12:51,076 - root - WARNING - Subject 23122 has regions with zero variance (indices: [  9  25  76 101 125 174 194]). Setting correlations for these regions to 0.
2025-04-15 01:12:51,094 - root - WARNING - Subject 23123 has regions with zero variance (indices: [  9  25  76 101 125 174 194]). Setting correlations for these regions to 0.
2025-04-15 01:12:51,111 - root - WARNING - Subject 23124 has regions with zero variance (indices: [  9  25  76 101 125 174 194]). Setting correlations for these regions to 0.
2025-04-15 01:12:51,129 - root - WARNING - Subject 23125 has regions with zero variance (indices: [  9  25  76 101 125 174 194]). Setting correlations for these regions to 0.
2025-04-15 01:12:51,146 - root - WARNING - Subject 23126 has regions with zero variance (indices: [  9  25  76 101 125 174 194]). Setting correlations for these regions to 0.
2025-04-15 01:12:51,164 - root - WARNING - Subject 23127 has regions with zero variance (indices: [  9  25  76 101 125 174 194]). Setting correlations for these regions to 0.
2025-04-15 01:12:51,182 - root - WARNING - Subject 23128 has regions with zero variance (indices: [  9  25  76 101 125 174 194]). Setting correlations for these regions to 0.
2025-04-15 01:12:51,199 - root - WARNING - Subject 23129 has regions with zero variance (indices: [  9  25  76 101 125 174 194]). Setting correlations for these regions to 0.
2025-04-15 01:12:51,217 - root - WARNING - Subject 23130 has regions with zero variance (indices: [  9  25  76 101 125 174 194]). Setting correlations for these regions to 0.
2025-04-15 01:12:51,234 - root - WARNING - Subject 23131 has regions with zero variance (indices: [  9  25  76 101 125 174 194]). Setting correlations for these regions to 0.
2025-04-15 01:12:51,252 - root - WARNING - Subject 23132 has regions with zero variance (indices: [  9  25  76 101 125 174 194]). Setting correlations for these regions to 0.
2025-04-15 01:12:51,269 - root - WARNING - Subject 23133 has regions with zero variance (indices: [  9  25  76 101 125 174 194]). Setting correlations for these regions to 0.
2025-04-15 01:12:51,287 - root - WARNING - Subject 23134 has regions with zero variance (indices: [  9  25  76 101 125 174 194]). Setting correlations for these regions to 0.
2025-04-15 01:12:51,304 - root - WARNING - Subject 23135 has regions with zero variance (indices: [  9  25  76 101 125 174 194]). Setting correlations for these regions to 0.
2025-04-15 01:12:51,322 - root - WARNING - Subject 23136 has regions with zero variance (indices: [  9  25  76 101 125 174 194]). Setting correlations for these regions to 0.
2025-04-15 01:12:51,339 - root - WARNING - Subject 23137 has regions with zero variance (indices: [  9  25  76 101 125 174 194]). Setting correlations for these regions to 0.
2025-04-15 01:12:51,357 - root - WARNING - Subject 23138 has regions with zero variance (indices: [  9  25  76 101 125 174 194]). Setting correlations for these regions to 0.
2025-04-15 01:12:51,374 - root - WARNING - Subject 23139 has regions with zero variance (indices: [  9  25  76 101 125 174 194]). Setting correlations for these regions to 0.
2025-04-15 01:12:51,391 - root - WARNING - Subject 23140 has regions with zero variance (indices: [  9  25  76 101 125 174 194]). Setting correlations for these regions to 0.
2025-04-15 01:12:51,409 - root - WARNING - Subject 23141 has regions with zero variance (indices: [  9  25  76 101 125 174 194]). Setting correlations for these regions to 0.
2025-04-15 01:12:51,427 - root - WARNING - Subject 23142 has regions with zero variance (indices: [  9  25  76 101 125 174 194]). Setting correlations for these regions to 0.
2025-04-15 01:12:51,444 - root - WARNING - Subject 23143 has regions with zero variance (indices: [  9  25  76 101 125 174 194]). Setting correlations for these regions to 0.
2025-04-15 01:12:51,462 - root - WARNING - Subject 23144 has regions with zero variance (indices: [  9  25  76 101 125 174 194]). Setting correlations for these regions to 0.
2025-04-15 01:12:51,479 - root - WARNING - Subject 23145 has regions with zero variance (indices: [  9  25  76 101 125 174 194]). Setting correlations for these regions to 0.
2025-04-15 01:12:51,497 - root - WARNING - Subject 23146 has regions with zero variance (indices: [  9  25  76 101 125 174 194]). Setting correlations for these regions to 0.
2025-04-15 01:12:51,514 - root - WARNING - Subject 23147 has regions with zero variance (indices: [  9  25  76 101 125 174 194]). Setting correlations for these regions to 0.
2025-04-15 01:12:51,531 - root - WARNING - Subject 23148 has regions with zero variance (indices: [  9  25  76 101 125 174 194]). Setting correlations for these regions to 0.
2025-04-15 01:12:51,549 - root - WARNING - Subject 23149 has regions with zero variance (indices: [  9  25  76 101 125 174 194]). Setting correlations for these regions to 0.
2025-04-15 01:12:51,566 - root - WARNING - Subject 23150 has regions with zero variance (indices: [  9  25  76 101 125 174 194]). Setting correlations for these regions to 0.
2025-04-15 01:12:51,584 - root - WARNING - Subject 23151 has regions with zero variance (indices: [  9  25  76 101 125 174 194]). Setting correlations for these regions to 0.
2025-04-15 01:12:51,602 - root - WARNING - Subject 23152 has regions with zero variance (indices: [  9  25  76 101 125 174 194]). Setting correlations for these regions to 0.
2025-04-15 01:12:51,619 - root - WARNING - Subject 23153 has regions with zero variance (indices: [  9  25  76 101 125 174 194]). Setting correlations for these regions to 0.
2025-04-15 01:12:51,637 - root - WARNING - Subject 23154 has regions with zero variance (indices: [  9  25  76 101 125 174 194]). Setting correlations for these regions to 0.
2025-04-15 01:12:51,654 - root - WARNING - Subject 23155 has regions with zero variance (indices: [  9  25  76 101 125 174 194]). Setting correlations for these regions to 0.
2025-04-15 01:12:51,672 - root - WARNING - Subject 23156 has regions with zero variance (indices: [  9  25  76 101 125 174 194]). Setting correlations for these regions to 0.
2025-04-15 01:12:51,689 - root - WARNING - Subject 23157 has regions with zero variance (indices: [  9  25  76 101 125 174 194]). Setting correlations for these regions to 0.
2025-04-15 01:12:51,706 - root - WARNING - Subject 23158 has regions with zero variance (indices: [  9  25  76 101 125 174 194]). Setting correlations for these regions to 0.
2025-04-15 01:12:51,724 - root - WARNING - Subject 23159 has regions with zero variance (indices: [  9  25  76 101 125 174 194]). Setting correlations for these regions to 0.
2025-04-15 01:12:51,742 - root - WARNING - Subject 23160 has regions with zero variance (indices: [  9  25  76 101 125 174 194]). Setting correlations for these regions to 0.
2025-04-15 01:12:51,759 - root - WARNING - Subject 23161 has regions with zero variance (indices: [  9  25  76 101 125 174 194]). Setting correlations for these regions to 0.
2025-04-15 01:12:51,777 - root - WARNING - Subject 23162 has regions with zero variance (indices: [  9  25  76 101 125 174 194]). Setting correlations for these regions to 0.
2025-04-15 01:12:51,794 - root - WARNING - Subject 23163 has regions with zero variance (indices: [  9  25  76 101 125 174 194]). Setting correlations for these regions to 0.
2025-04-15 01:12:51,812 - root - WARNING - Subject 23164 has regions with zero variance (indices: [  9  25  76 101 125 174 194]). Setting correlations for these regions to 0.
2025-04-15 01:12:51,829 - root - WARNING - Subject 23165 has regions with zero variance (indices: [  9  25  76 101 125 174 194]). Setting correlations for these regions to 0.
2025-04-15 01:12:51,847 - root - WARNING - Subject 23166 has regions with zero variance (indices: [  9  25  76 101 125 174 194]). Setting correlations for these regions to 0.
2025-04-15 01:12:51,865 - root - WARNING - Subject 23167 has regions with zero variance (indices: [  9  25  76 101 125 174 194]). Setting correlations for these regions to 0.
2025-04-15 01:12:52,200 - root - WARNING - Subject 23700 has regions with zero variance (indices: [42]). Setting correlations for these regions to 0.
2025-04-15 01:12:52,219 - root - WARNING - Subject 23701 has regions with zero variance (indices: [42]). Setting correlations for these regions to 0.
2025-04-15 01:12:52,237 - root - WARNING - Subject 23702 has regions with zero variance (indices: [42]). Setting correlations for these regions to 0.
2025-04-15 01:12:52,256 - root - WARNING - Subject 23703 has regions with zero variance (indices: [42]). Setting correlations for these regions to 0.
2025-04-15 01:12:52,274 - root - WARNING - Subject 23704 has regions with zero variance (indices: [42]). Setting correlations for these regions to 0.
2025-04-15 01:12:52,293 - root - WARNING - Subject 23705 has regions with zero variance (indices: [42]). Setting correlations for these regions to 0.
2025-04-15 01:12:52,312 - root - WARNING - Subject 23706 has regions with zero variance (indices: [42]). Setting correlations for these regions to 0.
2025-04-15 01:12:52,330 - root - WARNING - Subject 23707 has regions with zero variance (indices: [42]). Setting correlations for these regions to 0.
2025-04-15 01:12:52,348 - root - WARNING - Subject 23708 has regions with zero variance (indices: [42]). Setting correlations for these regions to 0.
2025-04-15 01:12:52,367 - root - WARNING - Subject 23709 has regions with zero variance (indices: [42]). Setting correlations for these regions to 0.
2025-04-15 01:12:52,386 - root - WARNING - Subject 23710 has regions with zero variance (indices: [42]). Setting correlations for these regions to 0.
2025-04-15 01:12:52,404 - root - WARNING - Subject 23711 has regions with zero variance (indices: [42]). Setting correlations for these regions to 0.
2025-04-15 01:12:52,423 - root - WARNING - Subject 23712 has regions with zero variance (indices: [42]). Setting correlations for these regions to 0.
2025-04-15 01:12:52,441 - root - WARNING - Subject 23713 has regions with zero variance (indices: [42]). Setting correlations for these regions to 0.
2025-04-15 01:12:52,460 - root - WARNING - Subject 23714 has regions with zero variance (indices: [42]). Setting correlations for these regions to 0.
2025-04-15 01:12:52,478 - root - WARNING - Subject 23715 has regions with zero variance (indices: [42]). Setting correlations for these regions to 0.
2025-04-15 01:12:52,497 - root - WARNING - Subject 23716 has regions with zero variance (indices: [42]). Setting correlations for these regions to 0.
2025-04-15 01:12:52,516 - root - WARNING - Subject 23717 has regions with zero variance (indices: [42]). Setting correlations for these regions to 0.
2025-04-15 01:12:52,534 - root - WARNING - Subject 23718 has regions with zero variance (indices: [42]). Setting correlations for these regions to 0.
2025-04-15 01:12:52,553 - root - WARNING - Subject 23719 has regions with zero variance (indices: [42]). Setting correlations for these regions to 0.
2025-04-15 01:12:52,572 - root - WARNING - Subject 23720 has regions with zero variance (indices: [42]). Setting correlations for these regions to 0.
2025-04-15 01:12:52,590 - root - WARNING - Subject 23721 has regions with zero variance (indices: [42]). Setting correlations for these regions to 0.
2025-04-15 01:12:52,609 - root - WARNING - Subject 23722 has regions with zero variance (indices: [42]). Setting correlations for these regions to 0.
2025-04-15 01:12:52,628 - root - WARNING - Subject 23723 has regions with zero variance (indices: [42]). Setting correlations for these regions to 0.
2025-04-15 01:12:52,646 - root - WARNING - Subject 23724 has regions with zero variance (indices: [42]). Setting correlations for these regions to 0.
2025-04-15 01:12:52,665 - root - WARNING - Subject 23725 has regions with zero variance (indices: [42]). Setting correlations for these regions to 0.
2025-04-15 01:12:52,683 - root - WARNING - Subject 23726 has regions with zero variance (indices: [42]). Setting correlations for these regions to 0.
2025-04-15 01:12:52,702 - root - WARNING - Subject 23727 has regions with zero variance (indices: [42]). Setting correlations for these regions to 0.
2025-04-15 01:12:52,721 - root - WARNING - Subject 23728 has regions with zero variance (indices: [42]). Setting correlations for these regions to 0.
2025-04-15 01:12:52,739 - root - WARNING - Subject 23729 has regions with zero variance (indices: [42]). Setting correlations for these regions to 0.
2025-04-15 01:12:52,758 - root - WARNING - Subject 23730 has regions with zero variance (indices: [42]). Setting correlations for these regions to 0.
2025-04-15 01:12:52,776 - root - WARNING - Subject 23731 has regions with zero variance (indices: [42]). Setting correlations for these regions to 0.
2025-04-15 01:12:52,795 - root - WARNING - Subject 23732 has regions with zero variance (indices: [42]). Setting correlations for these regions to 0.
2025-04-15 01:12:52,813 - root - WARNING - Subject 23733 has regions with zero variance (indices: [42]). Setting correlations for these regions to 0.
2025-04-15 01:12:52,832 - root - WARNING - Subject 23734 has regions with zero variance (indices: [42]). Setting correlations for these regions to 0.
2025-04-15 01:12:52,850 - root - WARNING - Subject 23735 has regions with zero variance (indices: [42]). Setting correlations for these regions to 0.
2025-04-15 01:12:52,869 - root - WARNING - Subject 23736 has regions with zero variance (indices: [42]). Setting correlations for these regions to 0.
2025-04-15 01:12:52,888 - root - WARNING - Subject 23737 has regions with zero variance (indices: [42]). Setting correlations for these regions to 0.
2025-04-15 01:12:52,906 - root - WARNING - Subject 23738 has regions with zero variance (indices: [42]). Setting correlations for these regions to 0.
2025-04-15 01:12:52,925 - root - WARNING - Subject 23739 has regions with zero variance (indices: [42]). Setting correlations for these regions to 0.
2025-04-15 01:12:52,943 - root - WARNING - Subject 23740 has regions with zero variance (indices: [42]). Setting correlations for these regions to 0.
2025-04-15 01:12:52,962 - root - WARNING - Subject 23741 has regions with zero variance (indices: [42]). Setting correlations for these regions to 0.
2025-04-15 01:12:52,981 - root - WARNING - Subject 23742 has regions with zero variance (indices: [42]). Setting correlations for these regions to 0.
2025-04-15 01:12:52,999 - root - WARNING - Subject 23743 has regions with zero variance (indices: [42]). Setting correlations for these regions to 0.
2025-04-15 01:12:53,018 - root - WARNING - Subject 23744 has regions with zero variance (indices: [42]). Setting correlations for these regions to 0.
2025-04-15 01:12:53,036 - root - WARNING - Subject 23745 has regions with zero variance (indices: [42]). Setting correlations for these regions to 0.
2025-04-15 01:12:53,055 - root - WARNING - Subject 23746 has regions with zero variance (indices: [42]). Setting correlations for these regions to 0.
2025-04-15 01:12:53,073 - root - WARNING - Subject 23747 has regions with zero variance (indices: [42]). Setting correlations for these regions to 0.
2025-04-15 01:12:53,092 - root - WARNING - Subject 23748 has regions with zero variance (indices: [42]). Setting correlations for these regions to 0.
2025-04-15 01:12:53,111 - root - WARNING - Subject 23749 has regions with zero variance (indices: [42]). Setting correlations for these regions to 0.
2025-04-15 01:12:53,129 - root - WARNING - Subject 23750 has regions with zero variance (indices: [42]). Setting correlations for these regions to 0.
2025-04-15 01:12:53,148 - root - WARNING - Subject 23751 has regions with zero variance (indices: [42]). Setting correlations for these regions to 0.
2025-04-15 01:12:53,166 - root - WARNING - Subject 23752 has regions with zero variance (indices: [42]). Setting correlations for these regions to 0.
2025-04-15 01:12:53,185 - root - WARNING - Subject 23753 has regions with zero variance (indices: [42]). Setting correlations for these regions to 0.
2025-04-15 01:12:53,203 - root - WARNING - Subject 23754 has regions with zero variance (indices: [42]). Setting correlations for these regions to 0.
2025-04-15 01:12:53,222 - root - WARNING - Subject 23755 has regions with zero variance (indices: [42]). Setting correlations for these regions to 0.
2025-04-15 01:12:53,241 - root - WARNING - Subject 23756 has regions with zero variance (indices: [42]). Setting correlations for these regions to 0.
2025-04-15 01:12:53,260 - root - WARNING - Subject 23757 has regions with zero variance (indices: [42]). Setting correlations for these regions to 0.
2025-04-15 01:12:53,278 - root - WARNING - Subject 23758 has regions with zero variance (indices: [42]). Setting correlations for these regions to 0.
2025-04-15 01:12:53,296 - root - WARNING - Subject 23759 has regions with zero variance (indices: [42]). Setting correlations for these regions to 0.
2025-04-15 01:12:53,315 - root - WARNING - Subject 23760 has regions with zero variance (indices: [42]). Setting correlations for these regions to 0.
2025-04-15 01:12:53,334 - root - WARNING - Subject 23761 has regions with zero variance (indices: [42]). Setting correlations for these regions to 0.
2025-04-15 01:12:53,352 - root - WARNING - Subject 23762 has regions with zero variance (indices: [42]). Setting correlations for these regions to 0.
2025-04-15 01:12:53,370 - root - WARNING - Subject 23763 has regions with zero variance (indices: [42]). Setting correlations for these regions to 0.
2025-04-15 01:12:53,389 - root - WARNING - Subject 23764 has regions with zero variance (indices: [42]). Setting correlations for these regions to 0.
2025-04-15 01:12:53,407 - root - WARNING - Subject 23765 has regions with zero variance (indices: [42]). Setting correlations for these regions to 0.
2025-04-15 01:12:53,426 - root - WARNING - Subject 23766 has regions with zero variance (indices: [42]). Setting correlations for these regions to 0.
2025-04-15 01:12:53,444 - root - WARNING - Subject 23767 has regions with zero variance (indices: [42]). Setting correlations for these regions to 0.
2025-04-15 01:12:53,463 - root - WARNING - Subject 23768 has regions with zero variance (indices: [42]). Setting correlations for these regions to 0.
2025-04-15 01:12:53,481 - root - WARNING - Subject 23769 has regions with zero variance (indices: [42]). Setting correlations for these regions to 0.
2025-04-15 01:12:53,500 - root - WARNING - Subject 23770 has regions with zero variance (indices: [42]). Setting correlations for these regions to 0.
2025-04-15 01:12:53,518 - root - WARNING - Subject 23771 has regions with zero variance (indices: [42]). Setting correlations for these regions to 0.
2025-04-15 01:12:53,537 - root - WARNING - Subject 23772 has regions with zero variance (indices: [42]). Setting correlations for these regions to 0.
2025-04-15 01:12:53,555 - root - WARNING - Subject 23773 has regions with zero variance (indices: [42]). Setting correlations for these regions to 0.
2025-04-15 01:12:53,574 - root - WARNING - Subject 23774 has regions with zero variance (indices: [42]). Setting correlations for these regions to 0.
2025-04-15 01:12:53,592 - root - WARNING - Subject 23775 has regions with zero variance (indices: [42]). Setting correlations for these regions to 0.
2025-04-15 01:12:53,611 - root - WARNING - Subject 23776 has regions with zero variance (indices: [42]). Setting correlations for these regions to 0.
2025-04-15 01:12:53,629 - root - WARNING - Subject 23777 has regions with zero variance (indices: [42]). Setting correlations for these regions to 0.
2025-04-15 01:12:53,648 - root - WARNING - Subject 23778 has regions with zero variance (indices: [42]). Setting correlations for these regions to 0.
2025-04-15 01:12:53,666 - root - WARNING - Subject 23779 has regions with zero variance (indices: [42]). Setting correlations for these regions to 0.
2025-04-15 01:12:53,685 - root - WARNING - Subject 23780 has regions with zero variance (indices: [42]). Setting correlations for these regions to 0.
2025-04-15 01:12:53,703 - root - WARNING - Subject 23781 has regions with zero variance (indices: [42]). Setting correlations for these regions to 0.
2025-04-15 01:12:53,721 - root - WARNING - Subject 23782 has regions with zero variance (indices: [42]). Setting correlations for these regions to 0.
2025-04-15 01:12:53,739 - root - WARNING - Subject 23783 has regions with zero variance (indices: [42]). Setting correlations for these regions to 0.
2025-04-15 01:12:53,758 - root - WARNING - Subject 23784 has regions with zero variance (indices: [42]). Setting correlations for these regions to 0.
2025-04-15 01:12:53,776 - root - WARNING - Subject 23785 has regions with zero variance (indices: [42]). Setting correlations for these regions to 0.
2025-04-15 01:12:53,795 - root - WARNING - Subject 23786 has regions with zero variance (indices: [42]). Setting correlations for these regions to 0.
2025-04-15 01:12:53,813 - root - WARNING - Subject 23787 has regions with zero variance (indices: [42]). Setting correlations for these regions to 0.
2025-04-15 01:12:53,831 - root - WARNING - Subject 23788 has regions with zero variance (indices: [42]). Setting correlations for these regions to 0.
2025-04-15 01:12:53,850 - root - WARNING - Subject 23789 has regions with zero variance (indices: [42]). Setting correlations for these regions to 0.
2025-04-15 01:12:53,868 - root - WARNING - Subject 23790 has regions with zero variance (indices: [42]). Setting correlations for these regions to 0.
2025-04-15 01:12:53,887 - root - WARNING - Subject 23791 has regions with zero variance (indices: [42]). Setting correlations for these regions to 0.
2025-04-15 01:12:53,905 - root - WARNING - Subject 23792 has regions with zero variance (indices: [42]). Setting correlations for these regions to 0.
2025-04-15 01:12:53,923 - root - WARNING - Subject 23793 has regions with zero variance (indices: [42]). Setting correlations for these regions to 0.
2025-04-15 01:12:53,941 - root - WARNING - Subject 23794 has regions with zero variance (indices: [42]). Setting correlations for these regions to 0.
2025-04-15 01:12:53,959 - root - WARNING - Subject 23795 has regions with zero variance (indices: [42]). Setting correlations for these regions to 0.
2025-04-15 01:12:53,978 - root - WARNING - Subject 23796 has regions with zero variance (indices: [42]). Setting correlations for these regions to 0.
2025-04-15 01:12:53,996 - root - WARNING - Subject 23797 has regions with zero variance (indices: [42]). Setting correlations for these regions to 0.
2025-04-15 01:12:54,015 - root - WARNING - Subject 23798 has regions with zero variance (indices: [42]). Setting correlations for these regions to 0.
2025-04-15 01:12:54,033 - root - WARNING - Subject 23799 has regions with zero variance (indices: [42]). Setting correlations for these regions to 0.
2025-04-15 01:12:54,052 - root - WARNING - Subject 23800 has regions with zero variance (indices: [42]). Setting correlations for these regions to 0.
2025-04-15 01:12:54,070 - root - WARNING - Subject 23801 has regions with zero variance (indices: [42]). Setting correlations for these regions to 0.
2025-04-15 01:12:54,089 - root - WARNING - Subject 23802 has regions with zero variance (indices: [42]). Setting correlations for these regions to 0.
2025-04-15 01:12:54,107 - root - WARNING - Subject 23803 has regions with zero variance (indices: [42]). Setting correlations for these regions to 0.
2025-04-15 01:12:54,125 - root - WARNING - Subject 23804 has regions with zero variance (indices: [42]). Setting correlations for these regions to 0.
2025-04-15 01:12:54,144 - root - WARNING - Subject 23805 has regions with zero variance (indices: [42]). Setting correlations for these regions to 0.
2025-04-15 01:12:54,162 - root - WARNING - Subject 23806 has regions with zero variance (indices: [42]). Setting correlations for these regions to 0.
2025-04-15 01:12:54,180 - root - WARNING - Subject 23807 has regions with zero variance (indices: [42]). Setting correlations for these regions to 0.
2025-04-15 01:12:54,199 - root - WARNING - Subject 23808 has regions with zero variance (indices: [42]). Setting correlations for these regions to 0.
2025-04-15 01:12:54,218 - root - WARNING - Subject 23809 has regions with zero variance (indices: [42]). Setting correlations for these regions to 0.
2025-04-15 01:12:54,236 - root - WARNING - Subject 23810 has regions with zero variance (indices: [42]). Setting correlations for these regions to 0.
2025-04-15 01:12:54,255 - root - WARNING - Subject 23811 has regions with zero variance (indices: [42]). Setting correlations for these regions to 0.
2025-04-15 01:12:54,273 - root - WARNING - Subject 23812 has regions with zero variance (indices: [42]). Setting correlations for these regions to 0.
2025-04-15 01:12:54,292 - root - WARNING - Subject 23813 has regions with zero variance (indices: [42]). Setting correlations for these regions to 0.
2025-04-15 01:12:54,310 - root - WARNING - Subject 23814 has regions with zero variance (indices: [42]). Setting correlations for these regions to 0.
2025-04-15 01:12:54,329 - root - WARNING - Subject 23815 has regions with zero variance (indices: [42]). Setting correlations for these regions to 0.
2025-04-15 01:12:54,348 - root - WARNING - Subject 23816 has regions with zero variance (indices: [42]). Setting correlations for these regions to 0.
2025-04-15 01:12:54,366 - root - WARNING - Subject 23817 has regions with zero variance (indices: [42]). Setting correlations for these regions to 0.
2025-04-15 01:12:54,385 - root - WARNING - Subject 23818 has regions with zero variance (indices: [42]). Setting correlations for these regions to 0.
2025-04-15 01:12:54,403 - root - WARNING - Subject 23819 has regions with zero variance (indices: [42]). Setting correlations for these regions to 0.
2025-04-15 01:12:54,422 - root - WARNING - Subject 23820 has regions with zero variance (indices: [42]). Setting correlations for these regions to 0.
2025-04-15 01:12:54,440 - root - WARNING - Subject 23821 has regions with zero variance (indices: [42]). Setting correlations for these regions to 0.
2025-04-15 01:12:54,459 - root - WARNING - Subject 23822 has regions with zero variance (indices: [42]). Setting correlations for these regions to 0.
2025-04-15 01:12:54,477 - root - WARNING - Subject 23823 has regions with zero variance (indices: [42]). Setting correlations for these regions to 0.
2025-04-15 01:12:54,496 - root - WARNING - Subject 23824 has regions with zero variance (indices: [42]). Setting correlations for these regions to 0.
2025-04-15 01:12:54,515 - root - WARNING - Subject 23825 has regions with zero variance (indices: [42]). Setting correlations for these regions to 0.
2025-04-15 01:12:54,533 - root - WARNING - Subject 23826 has regions with zero variance (indices: [42]). Setting correlations for these regions to 0.
2025-04-15 01:12:54,552 - root - WARNING - Subject 23827 has regions with zero variance (indices: [42]). Setting correlations for these regions to 0.
2025-04-15 01:12:54,570 - root - WARNING - Subject 23828 has regions with zero variance (indices: [42]). Setting correlations for these regions to 0.
2025-04-15 01:12:54,589 - root - WARNING - Subject 23829 has regions with zero variance (indices: [42]). Setting correlations for these regions to 0.
2025-04-15 01:12:54,607 - root - WARNING - Subject 23830 has regions with zero variance (indices: [42]). Setting correlations for these regions to 0.
2025-04-15 01:12:54,626 - root - WARNING - Subject 23831 has regions with zero variance (indices: [42]). Setting correlations for these regions to 0.
2025-04-15 01:12:54,644 - root - WARNING - Subject 23832 has regions with zero variance (indices: [42]). Setting correlations for these regions to 0.
2025-04-15 01:12:54,663 - root - WARNING - Subject 23833 has regions with zero variance (indices: [42]). Setting correlations for these regions to 0.
2025-04-15 01:12:54,681 - root - WARNING - Subject 23834 has regions with zero variance (indices: [42]). Setting correlations for these regions to 0.
2025-04-15 01:12:54,700 - root - WARNING - Subject 23835 has regions with zero variance (indices: [42]). Setting correlations for these regions to 0.
2025-04-15 01:12:54,718 - root - WARNING - Subject 23836 has regions with zero variance (indices: [42]). Setting correlations for these regions to 0.
2025-04-15 01:12:54,737 - root - WARNING - Subject 23837 has regions with zero variance (indices: [42]). Setting correlations for these regions to 0.
2025-04-15 01:12:54,756 - root - WARNING - Subject 23838 has regions with zero variance (indices: [42]). Setting correlations for these regions to 0.
2025-04-15 01:12:54,774 - root - WARNING - Subject 23839 has regions with zero variance (indices: [42]). Setting correlations for these regions to 0.
2025-04-15 01:12:54,793 - root - WARNING - Subject 23840 has regions with zero variance (indices: [42]). Setting correlations for these regions to 0.
2025-04-15 01:12:54,811 - root - WARNING - Subject 23841 has regions with zero variance (indices: [42]). Setting correlations for these regions to 0.
2025-04-15 01:12:54,830 - root - WARNING - Subject 23842 has regions with zero variance (indices: [42]). Setting correlations for these regions to 0.
2025-04-15 01:12:54,848 - root - WARNING - Subject 23843 has regions with zero variance (indices: [42]). Setting correlations for these regions to 0.
2025-04-15 01:12:54,867 - root - WARNING - Subject 23844 has regions with zero variance (indices: [42]). Setting correlations for these regions to 0.
2025-04-15 01:12:54,885 - root - WARNING - Subject 23845 has regions with zero variance (indices: [42]). Setting correlations for these regions to 0.
2025-04-15 01:12:54,904 - root - WARNING - Subject 23846 has regions with zero variance (indices: [42]). Setting correlations for these regions to 0.
2025-04-15 01:12:54,923 - root - WARNING - Subject 23847 has regions with zero variance (indices: [42]). Setting correlations for these regions to 0.
2025-04-15 01:12:54,942 - root - WARNING - Subject 23848 has regions with zero variance (indices: [42]). Setting correlations for these regions to 0.
2025-04-15 01:12:54,960 - root - WARNING - Subject 23849 has regions with zero variance (indices: [42]). Setting correlations for these regions to 0.
2025-04-15 01:12:54,979 - root - WARNING - Subject 23850 has regions with zero variance (indices: [42]). Setting correlations for these regions to 0.
2025-04-15 01:12:54,997 - root - WARNING - Subject 23851 has regions with zero variance (indices: [42]). Setting correlations for these regions to 0.
2025-04-15 01:12:55,016 - root - WARNING - Subject 23852 has regions with zero variance (indices: [42]). Setting correlations for these regions to 0.
2025-04-15 01:12:55,034 - root - WARNING - Subject 23853 has regions with zero variance (indices: [42]). Setting correlations for these regions to 0.
2025-04-15 01:12:55,053 - root - WARNING - Subject 23854 has regions with zero variance (indices: [42]). Setting correlations for these regions to 0.
2025-04-15 01:12:55,071 - root - WARNING - Subject 23855 has regions with zero variance (indices: [42]). Setting correlations for these regions to 0.
2025-04-15 01:12:55,090 - root - WARNING - Subject 23856 has regions with zero variance (indices: [42]). Setting correlations for these regions to 0.
2025-04-15 01:12:55,108 - root - WARNING - Subject 23857 has regions with zero variance (indices: [42]). Setting correlations for these regions to 0.
2025-04-15 01:12:55,126 - root - WARNING - Subject 23858 has regions with zero variance (indices: [42]). Setting correlations for these regions to 0.
2025-04-15 01:12:55,145 - root - WARNING - Subject 23859 has regions with zero variance (indices: [42]). Setting correlations for these regions to 0.
2025-04-15 01:12:55,164 - root - WARNING - Subject 23860 has regions with zero variance (indices: [42]). Setting correlations for these regions to 0.
2025-04-15 01:12:55,182 - root - WARNING - Subject 23861 has regions with zero variance (indices: [42]). Setting correlations for these regions to 0.
2025-04-15 01:12:55,201 - root - WARNING - Subject 23862 has regions with zero variance (indices: [42]). Setting correlations for these regions to 0.
2025-04-15 01:12:55,219 - root - WARNING - Subject 23863 has regions with zero variance (indices: [42]). Setting correlations for these regions to 0.
2025-04-15 01:12:55,238 - root - WARNING - Subject 23864 has regions with zero variance (indices: [42]). Setting correlations for these regions to 0.
2025-04-15 01:12:55,257 - root - WARNING - Subject 23865 has regions with zero variance (indices: [42]). Setting correlations for these regions to 0.
2025-04-15 01:12:55,276 - root - WARNING - Subject 23866 has regions with zero variance (indices: [42]). Setting correlations for these regions to 0.
2025-04-15 01:12:55,294 - root - WARNING - Subject 23867 has regions with zero variance (indices: [42]). Setting correlations for these regions to 0.
2025-04-15 01:12:55,313 - root - WARNING - Subject 23868 has regions with zero variance (indices: [42]). Setting correlations for these regions to 0.
2025-04-15 01:12:55,332 - root - WARNING - Subject 23869 has regions with zero variance (indices: [42]). Setting correlations for these regions to 0.
2025-04-15 01:12:55,351 - root - WARNING - Subject 23870 has regions with zero variance (indices: [42]). Setting correlations for these regions to 0.
2025-04-15 01:12:55,369 - root - WARNING - Subject 23871 has regions with zero variance (indices: [42]). Setting correlations for these regions to 0.
2025-04-15 01:12:55,388 - root - WARNING - Subject 23872 has regions with zero variance (indices: [42]). Setting correlations for these regions to 0.
2025-04-15 01:12:55,406 - root - WARNING - Subject 23873 has regions with zero variance (indices: [42]). Setting correlations for these regions to 0.
2025-04-15 01:12:55,425 - root - WARNING - Subject 23874 has regions with zero variance (indices: [42]). Setting correlations for these regions to 0.
2025-04-15 01:12:55,443 - root - WARNING - Subject 23875 has regions with zero variance (indices: [42]). Setting correlations for these regions to 0.
2025-04-15 01:12:55,461 - root - WARNING - Subject 23876 has regions with zero variance (indices: [42]). Setting correlations for these regions to 0.
2025-04-15 01:12:55,480 - root - WARNING - Subject 23877 has regions with zero variance (indices: [42]). Setting correlations for these regions to 0.
2025-04-15 01:12:55,498 - root - WARNING - Subject 23878 has regions with zero variance (indices: [42]). Setting correlations for these regions to 0.
2025-04-15 01:12:55,516 - root - WARNING - Subject 23879 has regions with zero variance (indices: [42]). Setting correlations for these regions to 0.
2025-04-15 01:12:55,535 - root - WARNING - Subject 23880 has regions with zero variance (indices: [42]). Setting correlations for these regions to 0.
2025-04-15 01:12:55,553 - root - WARNING - Subject 23881 has regions with zero variance (indices: [42]). Setting correlations for these regions to 0.
2025-04-15 01:12:55,572 - root - WARNING - Subject 23882 has regions with zero variance (indices: [42]). Setting correlations for these regions to 0.
2025-04-15 01:12:55,590 - root - WARNING - Subject 23883 has regions with zero variance (indices: [42]). Setting correlations for these regions to 0.
2025-04-15 01:12:55,609 - root - WARNING - Subject 23884 has regions with zero variance (indices: [42]). Setting correlations for these regions to 0.
2025-04-15 01:12:55,628 - root - WARNING - Subject 23885 has regions with zero variance (indices: [42]). Setting correlations for these regions to 0.
2025-04-15 01:12:55,646 - root - WARNING - Subject 23886 has regions with zero variance (indices: [42]). Setting correlations for these regions to 0.
2025-04-15 01:12:55,665 - root - WARNING - Subject 23887 has regions with zero variance (indices: [42]). Setting correlations for these regions to 0.
2025-04-15 01:12:55,683 - root - WARNING - Subject 23888 has regions with zero variance (indices: [42]). Setting correlations for these regions to 0.
2025-04-15 01:12:55,702 - root - WARNING - Subject 23889 has regions with zero variance (indices: [42]). Setting correlations for these regions to 0.
2025-04-15 01:12:55,720 - root - WARNING - Subject 23890 has regions with zero variance (indices: [42]). Setting correlations for these regions to 0.
2025-04-15 01:12:55,738 - root - WARNING - Subject 23891 has regions with zero variance (indices: [42]). Setting correlations for these regions to 0.
2025-04-15 01:12:55,757 - root - WARNING - Subject 23892 has regions with zero variance (indices: [42]). Setting correlations for these regions to 0.
2025-04-15 01:12:55,775 - root - WARNING - Subject 23893 has regions with zero variance (indices: [42]). Setting correlations for these regions to 0.
2025-04-15 01:12:55,793 - root - WARNING - Subject 23894 has regions with zero variance (indices: [42]). Setting correlations for these regions to 0.
2025-04-15 01:12:55,812 - root - WARNING - Subject 23895 has regions with zero variance (indices: [42]). Setting correlations for these regions to 0.
2025-04-15 01:12:55,830 - root - WARNING - Subject 23896 has regions with zero variance (indices: [42]). Setting correlations for these regions to 0.
2025-04-15 01:12:55,849 - root - WARNING - Subject 23897 has regions with zero variance (indices: [42]). Setting correlations for these regions to 0.
2025-04-15 01:12:55,867 - root - WARNING - Subject 23898 has regions with zero variance (indices: [42]). Setting correlations for these regions to 0.
2025-04-15 01:12:55,885 - root - WARNING - Subject 23899 has regions with zero variance (indices: [42]). Setting correlations for these regions to 0.
2025-04-15 01:12:55,904 - root - WARNING - Subject 23900 has regions with zero variance (indices: [42]). Setting correlations for these regions to 0.
2025-04-15 01:12:55,922 - root - WARNING - Subject 23901 has regions with zero variance (indices: [42]). Setting correlations for these regions to 0.
2025-04-15 01:12:55,940 - root - WARNING - Subject 23902 has regions with zero variance (indices: [42]). Setting correlations for these regions to 0.
2025-04-15 01:12:55,958 - root - WARNING - Subject 23903 has regions with zero variance (indices: [42]). Setting correlations for these regions to 0.
2025-04-15 01:12:55,977 - root - WARNING - Subject 23904 has regions with zero variance (indices: [42]). Setting correlations for these regions to 0.
2025-04-15 01:12:55,995 - root - WARNING - Subject 23905 has regions with zero variance (indices: [42]). Setting correlations for these regions to 0.
2025-04-15 01:12:56,014 - root - WARNING - Subject 23906 has regions with zero variance (indices: [42]). Setting correlations for these regions to 0.
2025-04-15 01:12:56,033 - root - WARNING - Subject 23907 has regions with zero variance (indices: [42]). Setting correlations for these regions to 0.
2025-04-15 01:12:56,051 - root - WARNING - Subject 23908 has regions with zero variance (indices: [42]). Setting correlations for these regions to 0.
2025-04-15 01:12:56,070 - root - WARNING - Subject 23909 has regions with zero variance (indices: [42]). Setting correlations for these regions to 0.
2025-04-15 01:12:56,088 - root - WARNING - Subject 23910 has regions with zero variance (indices: [42]). Setting correlations for these regions to 0.
2025-04-15 01:12:56,106 - root - WARNING - Subject 23911 has regions with zero variance (indices: [42]). Setting correlations for these regions to 0.
2025-04-15 01:12:56,125 - root - WARNING - Subject 23912 has regions with zero variance (indices: [42]). Setting correlations for these regions to 0.
2025-04-15 01:12:56,144 - root - WARNING - Subject 23913 has regions with zero variance (indices: [42]). Setting correlations for these regions to 0.
2025-04-15 01:12:56,162 - root - WARNING - Subject 23914 has regions with zero variance (indices: [42]). Setting correlations for these regions to 0.
2025-04-15 01:12:56,180 - root - WARNING - Subject 23915 has regions with zero variance (indices: [42]). Setting correlations for these regions to 0.
2025-04-15 01:12:56,199 - root - WARNING - Subject 23916 has regions with zero variance (indices: [42]). Setting correlations for these regions to 0.
2025-04-15 01:12:56,217 - root - WARNING - Subject 23917 has regions with zero variance (indices: [42]). Setting correlations for these regions to 0.
2025-04-15 01:12:56,236 - root - WARNING - Subject 23918 has regions with zero variance (indices: [42]). Setting correlations for these regions to 0.
2025-04-15 01:12:56,254 - root - WARNING - Subject 23919 has regions with zero variance (indices: [42]). Setting correlations for these regions to 0.
2025-04-15 01:12:56,273 - root - WARNING - Subject 23920 has regions with zero variance (indices: [42]). Setting correlations for these regions to 0.
2025-04-15 01:12:56,291 - root - WARNING - Subject 23921 has regions with zero variance (indices: [42]). Setting correlations for these regions to 0.
2025-04-15 01:12:56,310 - root - WARNING - Subject 23922 has regions with zero variance (indices: [42]). Setting correlations for these regions to 0.
2025-04-15 01:12:56,328 - root - WARNING - Subject 23923 has regions with zero variance (indices: [42]). Setting correlations for these regions to 0.
2025-04-15 01:12:56,347 - root - WARNING - Subject 23924 has regions with zero variance (indices: [42]). Setting correlations for these regions to 0.
2025-04-15 01:12:56,365 - root - WARNING - Subject 23925 has regions with zero variance (indices: [42]). Setting correlations for these regions to 0.
2025-04-15 01:12:56,383 - root - WARNING - Subject 23926 has regions with zero variance (indices: [42]). Setting correlations for these regions to 0.
2025-04-15 01:12:56,401 - root - WARNING - Subject 23927 has regions with zero variance (indices: [42]). Setting correlations for these regions to 0.
2025-04-15 01:12:56,420 - root - WARNING - Subject 23928 has regions with zero variance (indices: [42]). Setting correlations for these regions to 0.
2025-04-15 01:12:56,439 - root - WARNING - Subject 23929 has regions with zero variance (indices: [42]). Setting correlations for these regions to 0.
2025-04-15 01:12:56,457 - root - WARNING - Subject 23930 has regions with zero variance (indices: [42]). Setting correlations for these regions to 0.
2025-04-15 01:12:56,475 - root - WARNING - Subject 23931 has regions with zero variance (indices: [42]). Setting correlations for these regions to 0.
2025-04-15 01:12:56,494 - root - WARNING - Subject 23932 has regions with zero variance (indices: [42]). Setting correlations for these regions to 0.
2025-04-15 01:12:56,513 - root - WARNING - Subject 23933 has regions with zero variance (indices: [42]). Setting correlations for these regions to 0.
2025-04-15 01:12:56,531 - root - WARNING - Subject 23934 has regions with zero variance (indices: [42]). Setting correlations for these regions to 0.
2025-04-15 01:12:56,549 - root - WARNING - Subject 23935 has regions with zero variance (indices: [42]). Setting correlations for these regions to 0.
2025-04-15 01:12:56,568 - root - WARNING - Subject 23936 has regions with zero variance (indices: [42]). Setting correlations for these regions to 0.
2025-04-15 01:12:56,587 - root - WARNING - Subject 23937 has regions with zero variance (indices: [42]). Setting correlations for these regions to 0.
2025-04-15 01:12:56,605 - root - WARNING - Subject 23938 has regions with zero variance (indices: [42]). Setting correlations for these regions to 0.
2025-04-15 01:12:56,624 - root - WARNING - Subject 23939 has regions with zero variance (indices: [42]). Setting correlations for these regions to 0.
2025-04-15 01:12:56,643 - root - WARNING - Subject 23940 has regions with zero variance (indices: [42]). Setting correlations for these regions to 0.
2025-04-15 01:12:56,661 - root - WARNING - Subject 23941 has regions with zero variance (indices: [42]). Setting correlations for these regions to 0.
2025-04-15 01:12:56,679 - root - WARNING - Subject 23942 has regions with zero variance (indices: [42]). Setting correlations for these regions to 0.
2025-04-15 01:12:56,698 - root - WARNING - Subject 23943 has regions with zero variance (indices: [42]). Setting correlations for these regions to 0.
2025-04-15 01:12:56,717 - root - WARNING - Subject 23944 has regions with zero variance (indices: [42]). Setting correlations for these regions to 0.
2025-04-15 01:12:56,735 - root - WARNING - Subject 23945 has regions with zero variance (indices: [42]). Setting correlations for these regions to 0.
2025-04-15 01:12:56,754 - root - WARNING - Subject 23946 has regions with zero variance (indices: [42]). Setting correlations for these regions to 0.
2025-04-15 01:12:56,773 - root - WARNING - Subject 23947 has regions with zero variance (indices: [42]). Setting correlations for these regions to 0.
2025-04-15 01:12:56,791 - root - WARNING - Subject 23948 has regions with zero variance (indices: [42]). Setting correlations for these regions to 0.
2025-04-15 01:12:56,810 - root - WARNING - Subject 23949 has regions with zero variance (indices: [42]). Setting correlations for these regions to 0.
2025-04-15 01:12:56,829 - root - WARNING - Subject 23950 has regions with zero variance (indices: [42]). Setting correlations for these regions to 0.
2025-04-15 01:12:56,847 - root - WARNING - Subject 23951 has regions with zero variance (indices: [42]). Setting correlations for these regions to 0.
2025-04-15 01:12:56,865 - root - WARNING - Subject 23952 has regions with zero variance (indices: [42]). Setting correlations for these regions to 0.
2025-04-15 01:12:56,884 - root - WARNING - Subject 23953 has regions with zero variance (indices: [42]). Setting correlations for these regions to 0.
2025-04-15 01:12:56,902 - root - WARNING - Subject 23954 has regions with zero variance (indices: [42]). Setting correlations for these regions to 0.
2025-04-15 01:12:56,921 - root - WARNING - Subject 23955 has regions with zero variance (indices: [42]). Setting correlations for these regions to 0.
2025-04-15 01:12:56,939 - root - WARNING - Subject 23956 has regions with zero variance (indices: [42]). Setting correlations for these regions to 0.
2025-04-15 01:12:56,958 - root - WARNING - Subject 23957 has regions with zero variance (indices: [42]). Setting correlations for these regions to 0.
2025-04-15 01:12:56,977 - root - WARNING - Subject 23958 has regions with zero variance (indices: [42]). Setting correlations for these regions to 0.
2025-04-15 01:12:56,995 - root - WARNING - Subject 23959 has regions with zero variance (indices: [42]). Setting correlations for these regions to 0.
2025-04-15 01:12:57,014 - root - WARNING - Subject 23960 has regions with zero variance (indices: [42]). Setting correlations for these regions to 0.
2025-04-15 01:12:57,033 - root - WARNING - Subject 23961 has regions with zero variance (indices: [42]). Setting correlations for these regions to 0.
2025-04-15 01:12:57,051 - root - WARNING - Subject 23962 has regions with zero variance (indices: [42]). Setting correlations for these regions to 0.
2025-04-15 01:12:57,070 - root - WARNING - Subject 23963 has regions with zero variance (indices: [42]). Setting correlations for these regions to 0.
2025-04-15 01:12:57,089 - root - WARNING - Subject 23964 has regions with zero variance (indices: [42]). Setting correlations for these regions to 0.
2025-04-15 01:12:57,108 - root - WARNING - Subject 23965 has regions with zero variance (indices: [42]). Setting correlations for these regions to 0.
2025-04-15 01:12:57,126 - root - WARNING - Subject 23966 has regions with zero variance (indices: [ 79 119 158]). Setting correlations for these regions to 0.
2025-04-15 01:12:57,144 - root - WARNING - Subject 23967 has regions with zero variance (indices: [ 79 119 158]). Setting correlations for these regions to 0.
2025-04-15 01:12:57,163 - root - WARNING - Subject 23968 has regions with zero variance (indices: [ 79 119 158]). Setting correlations for these regions to 0.
2025-04-15 01:12:57,181 - root - WARNING - Subject 23969 has regions with zero variance (indices: [ 79 119 158]). Setting correlations for these regions to 0.
2025-04-15 01:12:57,200 - root - WARNING - Subject 23970 has regions with zero variance (indices: [ 79 119 158]). Setting correlations for these regions to 0.
2025-04-15 01:12:57,218 - root - WARNING - Subject 23971 has regions with zero variance (indices: [ 79 119 158]). Setting correlations for these regions to 0.
2025-04-15 01:12:57,236 - root - WARNING - Subject 23972 has regions with zero variance (indices: [ 79 119 158]). Setting correlations for these regions to 0.
2025-04-15 01:12:57,254 - root - WARNING - Subject 23973 has regions with zero variance (indices: [ 79 119 158]). Setting correlations for these regions to 0.
2025-04-15 01:12:57,273 - root - WARNING - Subject 23974 has regions with zero variance (indices: [ 79 119 158]). Setting correlations for these regions to 0.
2025-04-15 01:12:57,291 - root - WARNING - Subject 23975 has regions with zero variance (indices: [ 79 119 158]). Setting correlations for these regions to 0.
2025-04-15 01:12:57,310 - root - WARNING - Subject 23976 has regions with zero variance (indices: [ 79 119 158]). Setting correlations for these regions to 0.
2025-04-15 01:12:57,328 - root - WARNING - Subject 23977 has regions with zero variance (indices: [ 79 119 158]). Setting correlations for these regions to 0.
2025-04-15 01:12:57,347 - root - WARNING - Subject 23978 has regions with zero variance (indices: [ 79 119 158]). Setting correlations for these regions to 0.
2025-04-15 01:12:57,365 - root - WARNING - Subject 23979 has regions with zero variance (indices: [ 79 119 158]). Setting correlations for these regions to 0.
2025-04-15 01:12:57,383 - root - WARNING - Subject 23980 has regions with zero variance (indices: [ 79 119 158]). Setting correlations for these regions to 0.
2025-04-15 01:12:57,402 - root - WARNING - Subject 23981 has regions with zero variance (indices: [ 79 119 158]). Setting correlations for these regions to 0.
2025-04-15 01:12:57,420 - root - WARNING - Subject 23982 has regions with zero variance (indices: [ 79 119 158]). Setting correlations for these regions to 0.
2025-04-15 01:12:57,438 - root - WARNING - Subject 23983 has regions with zero variance (indices: [ 79 119 158]). Setting correlations for these regions to 0.
2025-04-15 01:12:57,456 - root - WARNING - Subject 23984 has regions with zero variance (indices: [ 79 119 158]). Setting correlations for these regions to 0.
2025-04-15 01:12:57,475 - root - WARNING - Subject 23985 has regions with zero variance (indices: [ 79 119 158]). Setting correlations for these regions to 0.
2025-04-15 01:12:57,493 - root - WARNING - Subject 23986 has regions with zero variance (indices: [ 79 119 158]). Setting correlations for these regions to 0.
2025-04-15 01:12:57,511 - root - WARNING - Subject 23987 has regions with zero variance (indices: [ 79 119 158]). Setting correlations for these regions to 0.
2025-04-15 01:12:57,529 - root - WARNING - Subject 23988 has regions with zero variance (indices: [ 79 119 158]). Setting correlations for these regions to 0.
2025-04-15 01:12:57,548 - root - WARNING - Subject 23989 has regions with zero variance (indices: [ 79 119 158]). Setting correlations for these regions to 0.
2025-04-15 01:12:57,566 - root - WARNING - Subject 23990 has regions with zero variance (indices: [ 79 119 158]). Setting correlations for these regions to 0.
2025-04-15 01:12:57,584 - root - WARNING - Subject 23991 has regions with zero variance (indices: [ 79 119 158]). Setting correlations for these regions to 0.
2025-04-15 01:12:57,602 - root - WARNING - Subject 23992 has regions with zero variance (indices: [ 79 119 158]). Setting correlations for these regions to 0.
2025-04-15 01:12:57,620 - root - WARNING - Subject 23993 has regions with zero variance (indices: [ 79 119 158]). Setting correlations for these regions to 0.
2025-04-15 01:12:57,639 - root - WARNING - Subject 23994 has regions with zero variance (indices: [ 79 119 158]). Setting correlations for these regions to 0.
2025-04-15 01:12:57,657 - root - WARNING - Subject 23995 has regions with zero variance (indices: [ 79 119 158]). Setting correlations for these regions to 0.
2025-04-15 01:12:57,676 - root - WARNING - Subject 23996 has regions with zero variance (indices: [ 79 119 158]). Setting correlations for these regions to 0.
2025-04-15 01:12:57,694 - root - WARNING - Subject 23997 has regions with zero variance (indices: [ 79 119 158]). Setting correlations for these regions to 0.
2025-04-15 01:12:57,712 - root - WARNING - Subject 23998 has regions with zero variance (indices: [ 79 119 158]). Setting correlations for these regions to 0.
2025-04-15 01:12:57,730 - root - WARNING - Subject 23999 has regions with zero variance (indices: [ 79 119 158]). Setting correlations for these regions to 0.
2025-04-15 01:12:57,749 - root - WARNING - Subject 24000 has regions with zero variance (indices: [ 79 119 158]). Setting correlations for these regions to 0.
2025-04-15 01:12:57,767 - root - WARNING - Subject 24001 has regions with zero variance (indices: [ 79 119 158]). Setting correlations for these regions to 0.
2025-04-15 01:12:57,786 - root - WARNING - Subject 24002 has regions with zero variance (indices: [ 79 119 158]). Setting correlations for these regions to 0.
2025-04-15 01:12:57,804 - root - WARNING - Subject 24003 has regions with zero variance (indices: [ 79 119 158]). Setting correlations for these regions to 0.
2025-04-15 01:12:57,822 - root - WARNING - Subject 24004 has regions with zero variance (indices: [ 79 119 158]). Setting correlations for these regions to 0.
2025-04-15 01:12:57,840 - root - WARNING - Subject 24005 has regions with zero variance (indices: [ 79 119 158]). Setting correlations for these regions to 0.
2025-04-15 01:12:57,859 - root - WARNING - Subject 24006 has regions with zero variance (indices: [ 79 119 158]). Setting correlations for these regions to 0.
2025-04-15 01:12:57,877 - root - WARNING - Subject 24007 has regions with zero variance (indices: [ 79 119 158]). Setting correlations for these regions to 0.
2025-04-15 01:12:57,895 - root - WARNING - Subject 24008 has regions with zero variance (indices: [ 79 119 158]). Setting correlations for these regions to 0.
2025-04-15 01:12:57,913 - root - WARNING - Subject 24009 has regions with zero variance (indices: [ 79 119 158]). Setting correlations for these regions to 0.
2025-04-15 01:12:57,931 - root - WARNING - Subject 24010 has regions with zero variance (indices: [ 79 119 158]). Setting correlations for these regions to 0.
2025-04-15 01:12:57,949 - root - WARNING - Subject 24011 has regions with zero variance (indices: [ 79 119 158]). Setting correlations for these regions to 0.
2025-04-15 01:12:57,967 - root - WARNING - Subject 24012 has regions with zero variance (indices: [ 79 119 158]). Setting correlations for these regions to 0.
2025-04-15 01:12:57,986 - root - WARNING - Subject 24013 has regions with zero variance (indices: [ 79 119 158]). Setting correlations for these regions to 0.
2025-04-15 01:12:58,004 - root - WARNING - Subject 24014 has regions with zero variance (indices: [ 79 119 158]). Setting correlations for these regions to 0.
2025-04-15 01:12:58,022 - root - WARNING - Subject 24015 has regions with zero variance (indices: [ 79 119 158]). Setting correlations for these regions to 0.
2025-04-15 01:12:58,040 - root - WARNING - Subject 24016 has regions with zero variance (indices: [ 79 119 158]). Setting correlations for these regions to 0.
2025-04-15 01:12:58,058 - root - WARNING - Subject 24017 has regions with zero variance (indices: [ 79 119 158]). Setting correlations for these regions to 0.
2025-04-15 01:12:58,076 - root - WARNING - Subject 24018 has regions with zero variance (indices: [ 79 119 158]). Setting correlations for these regions to 0.
2025-04-15 01:12:58,094 - root - WARNING - Subject 24019 has regions with zero variance (indices: [ 79 119 158]). Setting correlations for these regions to 0.
2025-04-15 01:12:58,113 - root - WARNING - Subject 24020 has regions with zero variance (indices: [ 79 119 158]). Setting correlations for these regions to 0.
2025-04-15 01:12:58,131 - root - WARNING - Subject 24021 has regions with zero variance (indices: [ 79 119 158]). Setting correlations for these regions to 0.
2025-04-15 01:12:58,149 - root - WARNING - Subject 24022 has regions with zero variance (indices: [ 79 119 158]). Setting correlations for these regions to 0.
2025-04-15 01:12:58,167 - root - WARNING - Subject 24023 has regions with zero variance (indices: [ 79 119 158]). Setting correlations for these regions to 0.
2025-04-15 01:12:58,186 - root - WARNING - Subject 24024 has regions with zero variance (indices: [ 79 119 158]). Setting correlations for these regions to 0.
2025-04-15 01:12:58,204 - root - WARNING - Subject 24025 has regions with zero variance (indices: [ 79 119 158]). Setting correlations for these regions to 0.
2025-04-15 01:12:58,222 - root - WARNING - Subject 24026 has regions with zero variance (indices: [ 79 119 158]). Setting correlations for these regions to 0.
2025-04-15 01:12:58,240 - root - WARNING - Subject 24027 has regions with zero variance (indices: [ 79 119 158]). Setting correlations for these regions to 0.
2025-04-15 01:12:58,258 - root - WARNING - Subject 24028 has regions with zero variance (indices: [ 79 119 158]). Setting correlations for these regions to 0.
2025-04-15 01:12:58,277 - root - WARNING - Subject 24029 has regions with zero variance (indices: [ 79 119 158]). Setting correlations for these regions to 0.
2025-04-15 01:12:58,295 - root - WARNING - Subject 24030 has regions with zero variance (indices: [ 79 119 158]). Setting correlations for these regions to 0.
2025-04-15 01:12:58,313 - root - WARNING - Subject 24031 has regions with zero variance (indices: [ 79 119 158]). Setting correlations for these regions to 0.
2025-04-15 01:12:58,332 - root - WARNING - Subject 24032 has regions with zero variance (indices: [ 79 119 158]). Setting correlations for these regions to 0.
2025-04-15 01:12:58,350 - root - WARNING - Subject 24033 has regions with zero variance (indices: [ 79 119 158]). Setting correlations for these regions to 0.
2025-04-15 01:12:58,368 - root - WARNING - Subject 24034 has regions with zero variance (indices: [ 79 119 158]). Setting correlations for these regions to 0.
2025-04-15 01:12:58,386 - root - WARNING - Subject 24035 has regions with zero variance (indices: [ 79 119 158]). Setting correlations for these regions to 0.
2025-04-15 01:12:58,404 - root - WARNING - Subject 24036 has regions with zero variance (indices: [ 79 119 158]). Setting correlations for these regions to 0.
2025-04-15 01:12:58,422 - root - WARNING - Subject 24037 has regions with zero variance (indices: [ 79 119 158]). Setting correlations for these regions to 0.
2025-04-15 01:12:58,440 - root - WARNING - Subject 24038 has regions with zero variance (indices: [ 79 119 158]). Setting correlations for these regions to 0.
2025-04-15 01:12:58,459 - root - WARNING - Subject 24039 has regions with zero variance (indices: [ 79 119 158]). Setting correlations for these regions to 0.
2025-04-15 01:12:58,476 - root - WARNING - Subject 24040 has regions with zero variance (indices: [ 79 119 158]). Setting correlations for these regions to 0.
2025-04-15 01:12:58,495 - root - WARNING - Subject 24041 has regions with zero variance (indices: [ 79 119 158]). Setting correlations for these regions to 0.
2025-04-15 01:12:58,513 - root - WARNING - Subject 24042 has regions with zero variance (indices: [ 79 119 158]). Setting correlations for these regions to 0.
2025-04-15 01:12:58,531 - root - WARNING - Subject 24043 has regions with zero variance (indices: [ 79 119 158]). Setting correlations for these regions to 0.
2025-04-15 01:12:58,549 - root - WARNING - Subject 24044 has regions with zero variance (indices: [ 79 119 158]). Setting correlations for these regions to 0.
2025-04-15 01:12:58,568 - root - WARNING - Subject 24045 has regions with zero variance (indices: [ 79 119 158]). Setting correlations for these regions to 0.
2025-04-15 01:12:58,586 - root - WARNING - Subject 24046 has regions with zero variance (indices: [ 79 119 158]). Setting correlations for these regions to 0.
2025-04-15 01:12:58,604 - root - WARNING - Subject 24047 has regions with zero variance (indices: [ 79 119 158]). Setting correlations for these regions to 0.
2025-04-15 01:12:58,622 - root - WARNING - Subject 24048 has regions with zero variance (indices: [ 79 119 158]). Setting correlations for these regions to 0.
2025-04-15 01:12:58,641 - root - WARNING - Subject 24049 has regions with zero variance (indices: [ 79 119 158]). Setting correlations for these regions to 0.
2025-04-15 01:12:58,659 - root - WARNING - Subject 24050 has regions with zero variance (indices: [ 79 119 158]). Setting correlations for these regions to 0.
2025-04-15 01:12:58,677 - root - WARNING - Subject 24051 has regions with zero variance (indices: [ 79 119 158]). Setting correlations for these regions to 0.
2025-04-15 01:12:58,695 - root - WARNING - Subject 24052 has regions with zero variance (indices: [ 79 119 158]). Setting correlations for these regions to 0.
2025-04-15 01:12:58,713 - root - WARNING - Subject 24053 has regions with zero variance (indices: [ 79 119 158]). Setting correlations for these regions to 0.
2025-04-15 01:12:58,731 - root - WARNING - Subject 24054 has regions with zero variance (indices: [ 79 119 158]). Setting correlations for these regions to 0.
2025-04-15 01:12:58,749 - root - WARNING - Subject 24055 has regions with zero variance (indices: [ 79 119 158]). Setting correlations for these regions to 0.
2025-04-15 01:12:58,768 - root - WARNING - Subject 24056 has regions with zero variance (indices: [ 79 119 158]). Setting correlations for these regions to 0.
2025-04-15 01:12:58,786 - root - WARNING - Subject 24057 has regions with zero variance (indices: [ 79 119 158]). Setting correlations for these regions to 0.
2025-04-15 01:12:58,804 - root - WARNING - Subject 24058 has regions with zero variance (indices: [ 79 119 158]). Setting correlations for these regions to 0.
2025-04-15 01:12:58,822 - root - WARNING - Subject 24059 has regions with zero variance (indices: [ 79 119 158]). Setting correlations for these regions to 0.
2025-04-15 01:12:58,840 - root - WARNING - Subject 24060 has regions with zero variance (indices: [ 79 119 158]). Setting correlations for these regions to 0.
2025-04-15 01:12:58,858 - root - WARNING - Subject 24061 has regions with zero variance (indices: [ 79 119 158]). Setting correlations for these regions to 0.
2025-04-15 01:12:58,876 - root - WARNING - Subject 24062 has regions with zero variance (indices: [ 79 119 158]). Setting correlations for these regions to 0.
2025-04-15 01:12:58,894 - root - WARNING - Subject 24063 has regions with zero variance (indices: [ 79 119 158]). Setting correlations for these regions to 0.
2025-04-15 01:12:58,912 - root - WARNING - Subject 24064 has regions with zero variance (indices: [ 79 119 158]). Setting correlations for these regions to 0.
2025-04-15 01:12:58,930 - root - WARNING - Subject 24065 has regions with zero variance (indices: [ 79 119 158]). Setting correlations for these regions to 0.
2025-04-15 01:12:58,948 - root - WARNING - Subject 24066 has regions with zero variance (indices: [ 79 119 158]). Setting correlations for these regions to 0.
2025-04-15 01:12:58,966 - root - WARNING - Subject 24067 has regions with zero variance (indices: [ 79 119 158]). Setting correlations for these regions to 0.
2025-04-15 01:12:58,984 - root - WARNING - Subject 24068 has regions with zero variance (indices: [ 79 119 158]). Setting correlations for these regions to 0.
2025-04-15 01:12:59,002 - root - WARNING - Subject 24069 has regions with zero variance (indices: [ 79 119 158]). Setting correlations for these regions to 0.
2025-04-15 01:12:59,021 - root - WARNING - Subject 24070 has regions with zero variance (indices: [ 79 119 158]). Setting correlations for these regions to 0.
2025-04-15 01:12:59,039 - root - WARNING - Subject 24071 has regions with zero variance (indices: [ 79 119 158]). Setting correlations for these regions to 0.
2025-04-15 01:12:59,057 - root - WARNING - Subject 24072 has regions with zero variance (indices: [ 79 119 158]). Setting correlations for these regions to 0.
2025-04-15 01:12:59,075 - root - WARNING - Subject 24073 has regions with zero variance (indices: [ 79 119 158]). Setting correlations for these regions to 0.
2025-04-15 01:12:59,093 - root - WARNING - Subject 24074 has regions with zero variance (indices: [ 79 119 158]). Setting correlations for these regions to 0.
2025-04-15 01:12:59,112 - root - WARNING - Subject 24075 has regions with zero variance (indices: [ 79 119 158]). Setting correlations for these regions to 0.
2025-04-15 01:12:59,130 - root - WARNING - Subject 24076 has regions with zero variance (indices: [ 79 119 158]). Setting correlations for these regions to 0.
2025-04-15 01:12:59,148 - root - WARNING - Subject 24077 has regions with zero variance (indices: [ 79 119 158]). Setting correlations for these regions to 0.
2025-04-15 01:12:59,166 - root - WARNING - Subject 24078 has regions with zero variance (indices: [ 79 119 158]). Setting correlations for these regions to 0.
2025-04-15 01:12:59,184 - root - WARNING - Subject 24079 has regions with zero variance (indices: [ 79 119 158]). Setting correlations for these regions to 0.
2025-04-15 01:12:59,202 - root - WARNING - Subject 24080 has regions with zero variance (indices: [ 79 119 158]). Setting correlations for these regions to 0.
2025-04-15 01:12:59,221 - root - WARNING - Subject 24081 has regions with zero variance (indices: [ 79 119 158]). Setting correlations for these regions to 0.
2025-04-15 01:12:59,239 - root - WARNING - Subject 24082 has regions with zero variance (indices: [ 79 119 158]). Setting correlations for these regions to 0.
2025-04-15 01:12:59,257 - root - WARNING - Subject 24083 has regions with zero variance (indices: [ 79 119 158]). Setting correlations for these regions to 0.
2025-04-15 01:12:59,275 - root - WARNING - Subject 24084 has regions with zero variance (indices: [ 79 119 158]). Setting correlations for these regions to 0.
2025-04-15 01:12:59,294 - root - WARNING - Subject 24085 has regions with zero variance (indices: [ 79 119 158]). Setting correlations for these regions to 0.
2025-04-15 01:12:59,312 - root - WARNING - Subject 24086 has regions with zero variance (indices: [ 79 119 158]). Setting correlations for these regions to 0.
2025-04-15 01:12:59,330 - root - WARNING - Subject 24087 has regions with zero variance (indices: [ 79 119 158]). Setting correlations for these regions to 0.
2025-04-15 01:12:59,348 - root - WARNING - Subject 24088 has regions with zero variance (indices: [ 79 119 158]). Setting correlations for these regions to 0.
2025-04-15 01:12:59,366 - root - WARNING - Subject 24089 has regions with zero variance (indices: [ 79 119 158]). Setting correlations for these regions to 0.
2025-04-15 01:12:59,384 - root - WARNING - Subject 24090 has regions with zero variance (indices: [ 79 119 158]). Setting correlations for these regions to 0.
2025-04-15 01:12:59,402 - root - WARNING - Subject 24091 has regions with zero variance (indices: [ 79 119 158]). Setting correlations for these regions to 0.
2025-04-15 01:12:59,421 - root - WARNING - Subject 24092 has regions with zero variance (indices: [ 79 119 158]). Setting correlations for these regions to 0.
2025-04-15 01:12:59,439 - root - WARNING - Subject 24093 has regions with zero variance (indices: [ 79 119 158]). Setting correlations for these regions to 0.
2025-04-15 01:12:59,457 - root - WARNING - Subject 24094 has regions with zero variance (indices: [ 79 119 158]). Setting correlations for these regions to 0.
2025-04-15 01:12:59,475 - root - WARNING - Subject 24095 has regions with zero variance (indices: [ 79 119 158]). Setting correlations for these regions to 0.
2025-04-15 01:12:59,493 - root - WARNING - Subject 24096 has regions with zero variance (indices: [ 79 119 158]). Setting correlations for these regions to 0.
2025-04-15 01:12:59,512 - root - WARNING - Subject 24097 has regions with zero variance (indices: [ 79 119 158]). Setting correlations for these regions to 0.
2025-04-15 01:12:59,530 - root - WARNING - Subject 24098 has regions with zero variance (indices: [ 79 119 158]). Setting correlations for these regions to 0.
2025-04-15 01:12:59,548 - root - WARNING - Subject 24099 has regions with zero variance (indices: [ 79 119 158]). Setting correlations for these regions to 0.
2025-04-15 01:12:59,567 - root - WARNING - Subject 24100 has regions with zero variance (indices: [ 79 119 158]). Setting correlations for these regions to 0.
2025-04-15 01:12:59,585 - root - WARNING - Subject 24101 has regions with zero variance (indices: [ 79 119 158]). Setting correlations for these regions to 0.
2025-04-15 01:12:59,603 - root - WARNING - Subject 24102 has regions with zero variance (indices: [ 79 119 158]). Setting correlations for these regions to 0.
2025-04-15 01:12:59,621 - root - WARNING - Subject 24103 has regions with zero variance (indices: [ 79 119 158]). Setting correlations for these regions to 0.
2025-04-15 01:12:59,639 - root - WARNING - Subject 24104 has regions with zero variance (indices: [ 79 119 158]). Setting correlations for these regions to 0.
2025-04-15 01:12:59,658 - root - WARNING - Subject 24105 has regions with zero variance (indices: [ 79 119 158]). Setting correlations for these regions to 0.
2025-04-15 01:12:59,676 - root - WARNING - Subject 24106 has regions with zero variance (indices: [ 79 119 158]). Setting correlations for these regions to 0.
2025-04-15 01:12:59,694 - root - WARNING - Subject 24107 has regions with zero variance (indices: [ 79 119 158]). Setting correlations for these regions to 0.
2025-04-15 01:12:59,712 - root - WARNING - Subject 24108 has regions with zero variance (indices: [ 79 119 158]). Setting correlations for these regions to 0.
2025-04-15 01:12:59,730 - root - WARNING - Subject 24109 has regions with zero variance (indices: [ 79 119 158]). Setting correlations for these regions to 0.
2025-04-15 01:12:59,748 - root - WARNING - Subject 24110 has regions with zero variance (indices: [ 79 119 158]). Setting correlations for these regions to 0.
2025-04-15 01:12:59,766 - root - WARNING - Subject 24111 has regions with zero variance (indices: [ 79 119 158]). Setting correlations for these regions to 0.
2025-04-15 01:12:59,784 - root - WARNING - Subject 24112 has regions with zero variance (indices: [ 79 119 158]). Setting correlations for these regions to 0.
2025-04-15 01:12:59,803 - root - WARNING - Subject 24113 has regions with zero variance (indices: [ 79 119 158]). Setting correlations for these regions to 0.
2025-04-15 01:12:59,821 - root - WARNING - Subject 24114 has regions with zero variance (indices: [ 79 119 158]). Setting correlations for these regions to 0.
2025-04-15 01:12:59,839 - root - WARNING - Subject 24115 has regions with zero variance (indices: [ 79 119 158]). Setting correlations for these regions to 0.
2025-04-15 01:12:59,857 - root - WARNING - Subject 24116 has regions with zero variance (indices: [ 79 119 158]). Setting correlations for these regions to 0.
2025-04-15 01:12:59,875 - root - WARNING - Subject 24117 has regions with zero variance (indices: [ 79 119 158]). Setting correlations for these regions to 0.
2025-04-15 01:12:59,893 - root - WARNING - Subject 24118 has regions with zero variance (indices: [ 79 119 158]). Setting correlations for these regions to 0.
2025-04-15 01:12:59,910 - root - WARNING - Subject 24119 has regions with zero variance (indices: [ 79 119 158]). Setting correlations for these regions to 0.
2025-04-15 01:12:59,928 - root - WARNING - Subject 24120 has regions with zero variance (indices: [ 79 119 158]). Setting correlations for these regions to 0.
2025-04-15 01:12:59,946 - root - WARNING - Subject 24121 has regions with zero variance (indices: [ 79 119 158]). Setting correlations for these regions to 0.
2025-04-15 01:12:59,964 - root - WARNING - Subject 24122 has regions with zero variance (indices: [ 79 119 158]). Setting correlations for these regions to 0.
2025-04-15 01:12:59,982 - root - WARNING - Subject 24123 has regions with zero variance (indices: [ 79 119 158]). Setting correlations for these regions to 0.
2025-04-15 01:13:00,000 - root - WARNING - Subject 24124 has regions with zero variance (indices: [ 79 119 158]). Setting correlations for these regions to 0.
2025-04-15 01:13:00,018 - root - WARNING - Subject 24125 has regions with zero variance (indices: [ 79 119 158]). Setting correlations for these regions to 0.
2025-04-15 01:13:00,036 - root - WARNING - Subject 24126 has regions with zero variance (indices: [ 79 119 158]). Setting correlations for these regions to 0.
2025-04-15 01:13:00,054 - root - WARNING - Subject 24127 has regions with zero variance (indices: [ 79 119 158]). Setting correlations for these regions to 0.
2025-04-15 01:13:00,072 - root - WARNING - Subject 24128 has regions with zero variance (indices: [ 79 119 158]). Setting correlations for these regions to 0.
2025-04-15 01:13:00,090 - root - WARNING - Subject 24129 has regions with zero variance (indices: [ 79 119 158]). Setting correlations for these regions to 0.
2025-04-15 01:13:00,108 - root - WARNING - Subject 24130 has regions with zero variance (indices: [ 79 119 158]). Setting correlations for these regions to 0.
2025-04-15 01:13:00,127 - root - WARNING - Subject 24131 has regions with zero variance (indices: [ 79 119 158]). Setting correlations for these regions to 0.
2025-04-15 01:13:00,145 - root - WARNING - Subject 24132 has regions with zero variance (indices: [ 79 119 158]). Setting correlations for these regions to 0.
2025-04-15 01:13:00,163 - root - WARNING - Subject 24133 has regions with zero variance (indices: [ 79 119 158]). Setting correlations for these regions to 0.
2025-04-15 01:13:00,181 - root - WARNING - Subject 24134 has regions with zero variance (indices: [ 79 119 158]). Setting correlations for these regions to 0.
2025-04-15 01:13:00,200 - root - WARNING - Subject 24135 has regions with zero variance (indices: [ 79 119 158]). Setting correlations for these regions to 0.
2025-04-15 01:13:00,218 - root - WARNING - Subject 24136 has regions with zero variance (indices: [ 79 119 158]). Setting correlations for these regions to 0.
2025-04-15 01:13:00,236 - root - WARNING - Subject 24137 has regions with zero variance (indices: [ 79 119 158]). Setting correlations for these regions to 0.
2025-04-15 01:13:00,254 - root - WARNING - Subject 24138 has regions with zero variance (indices: [ 79 119 158]). Setting correlations for these regions to 0.
2025-04-15 01:13:00,272 - root - WARNING - Subject 24139 has regions with zero variance (indices: [ 79 119 158]). Setting correlations for these regions to 0.
2025-04-15 01:13:00,291 - root - WARNING - Subject 24140 has regions with zero variance (indices: [ 79 119 158]). Setting correlations for these regions to 0.
2025-04-15 01:13:00,309 - root - WARNING - Subject 24141 has regions with zero variance (indices: [ 79 119 158]). Setting correlations for these regions to 0.
2025-04-15 01:13:00,327 - root - WARNING - Subject 24142 has regions with zero variance (indices: [ 79 119 158]). Setting correlations for these regions to 0.
2025-04-15 01:13:00,345 - root - WARNING - Subject 24143 has regions with zero variance (indices: [ 79 119 158]). Setting correlations for these regions to 0.
2025-04-15 01:13:00,363 - root - WARNING - Subject 24144 has regions with zero variance (indices: [ 79 119 158]). Setting correlations for these regions to 0.
2025-04-15 01:13:00,381 - root - WARNING - Subject 24145 has regions with zero variance (indices: [ 79 119 158]). Setting correlations for these regions to 0.
2025-04-15 01:13:00,400 - root - WARNING - Subject 24146 has regions with zero variance (indices: [ 79 119 158]). Setting correlations for these regions to 0.
2025-04-15 01:13:00,417 - root - WARNING - Subject 24147 has regions with zero variance (indices: [ 79 119 158]). Setting correlations for these regions to 0.
2025-04-15 01:13:00,436 - root - WARNING - Subject 24148 has regions with zero variance (indices: [ 79 119 158]). Setting correlations for these regions to 0.
2025-04-15 01:13:00,454 - root - WARNING - Subject 24149 has regions with zero variance (indices: [ 79 119 158]). Setting correlations for these regions to 0.
2025-04-15 01:13:00,471 - root - WARNING - Subject 24150 has regions with zero variance (indices: [ 79 119 158]). Setting correlations for these regions to 0.
2025-04-15 01:13:00,489 - root - WARNING - Subject 24151 has regions with zero variance (indices: [ 79 119 158]). Setting correlations for these regions to 0.
2025-04-15 01:13:00,508 - root - WARNING - Subject 24152 has regions with zero variance (indices: [ 79 119 158]). Setting correlations for these regions to 0.
2025-04-15 01:13:00,526 - root - WARNING - Subject 24153 has regions with zero variance (indices: [ 79 119 158]). Setting correlations for these regions to 0.
2025-04-15 01:13:00,544 - root - WARNING - Subject 24154 has regions with zero variance (indices: [ 79 119 158]). Setting correlations for these regions to 0.
2025-04-15 01:13:00,562 - root - WARNING - Subject 24155 has regions with zero variance (indices: [ 79 119 158]). Setting correlations for these regions to 0.
2025-04-15 01:13:00,580 - root - WARNING - Subject 24156 has regions with zero variance (indices: [ 79 119 158]). Setting correlations for these regions to 0.
2025-04-15 01:13:00,599 - root - WARNING - Subject 24157 has regions with zero variance (indices: [ 79 119 158]). Setting correlations for these regions to 0.
2025-04-15 01:13:00,617 - root - WARNING - Subject 24158 has regions with zero variance (indices: [ 79 119 158]). Setting correlations for these regions to 0.
2025-04-15 01:13:00,636 - root - WARNING - Subject 24159 has regions with zero variance (indices: [ 79 119 158]). Setting correlations for these regions to 0.
2025-04-15 01:13:00,654 - root - WARNING - Subject 24160 has regions with zero variance (indices: [ 79 119 158]). Setting correlations for these regions to 0.
2025-04-15 01:13:00,672 - root - WARNING - Subject 24161 has regions with zero variance (indices: [ 79 119 158]). Setting correlations for these regions to 0.
2025-04-15 01:13:00,691 - root - WARNING - Subject 24162 has regions with zero variance (indices: [ 79 119 158]). Setting correlations for these regions to 0.
2025-04-15 01:13:00,709 - root - WARNING - Subject 24163 has regions with zero variance (indices: [ 79 119 158]). Setting correlations for these regions to 0.
2025-04-15 01:13:00,728 - root - WARNING - Subject 24164 has regions with zero variance (indices: [ 79 119 158]). Setting correlations for these regions to 0.
2025-04-15 01:13:00,746 - root - WARNING - Subject 24165 has regions with zero variance (indices: [ 79 119 158]). Setting correlations for these regions to 0.
2025-04-15 01:13:00,765 - root - WARNING - Subject 24166 has regions with zero variance (indices: [ 79 119 158]). Setting correlations for these regions to 0.
2025-04-15 01:13:00,783 - root - WARNING - Subject 24167 has regions with zero variance (indices: [ 79 119 158]). Setting correlations for these regions to 0.
2025-04-15 01:13:00,802 - root - WARNING - Subject 24168 has regions with zero variance (indices: [ 79 119 158]). Setting correlations for these regions to 0.
2025-04-15 01:13:00,820 - root - WARNING - Subject 24169 has regions with zero variance (indices: [ 79 119 158]). Setting correlations for these regions to 0.
2025-04-15 01:13:00,838 - root - WARNING - Subject 24170 has regions with zero variance (indices: [ 79 119 158]). Setting correlations for these regions to 0.
2025-04-15 01:13:00,856 - root - WARNING - Subject 24171 has regions with zero variance (indices: [ 79 119 158]). Setting correlations for these regions to 0.
2025-04-15 01:13:00,874 - root - WARNING - Subject 24172 has regions with zero variance (indices: [ 79 119 158]). Setting correlations for these regions to 0.
2025-04-15 01:13:00,893 - root - WARNING - Subject 24173 has regions with zero variance (indices: [ 79 119 158]). Setting correlations for these regions to 0.
2025-04-15 01:13:00,911 - root - WARNING - Subject 24174 has regions with zero variance (indices: [ 79 119 158]). Setting correlations for these regions to 0.
2025-04-15 01:13:00,929 - root - WARNING - Subject 24175 has regions with zero variance (indices: [ 79 119 158]). Setting correlations for these regions to 0.
2025-04-15 01:13:00,947 - root - WARNING - Subject 24176 has regions with zero variance (indices: [ 79 119 158]). Setting correlations for these regions to 0.
2025-04-15 01:13:00,966 - root - WARNING - Subject 24177 has regions with zero variance (indices: [ 79 119 158]). Setting correlations for these regions to 0.
2025-04-15 01:13:00,984 - root - WARNING - Subject 24178 has regions with zero variance (indices: [ 79 119 158]). Setting correlations for these regions to 0.
2025-04-15 01:13:01,002 - root - WARNING - Subject 24179 has regions with zero variance (indices: [ 79 119 158]). Setting correlations for these regions to 0.
2025-04-15 01:13:01,021 - root - WARNING - Subject 24180 has regions with zero variance (indices: [ 79 119 158]). Setting correlations for these regions to 0.
2025-04-15 01:13:01,039 - root - WARNING - Subject 24181 has regions with zero variance (indices: [ 79 119 158]). Setting correlations for these regions to 0.
2025-04-15 01:13:01,058 - root - WARNING - Subject 24182 has regions with zero variance (indices: [ 79 119 158]). Setting correlations for these regions to 0.
2025-04-15 01:13:01,076 - root - WARNING - Subject 24183 has regions with zero variance (indices: [ 79 119 158]). Setting correlations for these regions to 0.
2025-04-15 01:13:01,095 - root - WARNING - Subject 24184 has regions with zero variance (indices: [ 79 119 158]). Setting correlations for these regions to 0.
2025-04-15 01:13:01,113 - root - WARNING - Subject 24185 has regions with zero variance (indices: [ 79 119 158]). Setting correlations for these regions to 0.
2025-04-15 01:13:01,132 - root - WARNING - Subject 24186 has regions with zero variance (indices: [ 79 119 158]). Setting correlations for these regions to 0.
2025-04-15 01:13:01,150 - root - WARNING - Subject 24187 has regions with zero variance (indices: [ 79 119 158]). Setting correlations for these regions to 0.
2025-04-15 01:13:01,169 - root - WARNING - Subject 24188 has regions with zero variance (indices: [ 79 119 158]). Setting correlations for these regions to 0.
2025-04-15 01:13:01,187 - root - WARNING - Subject 24189 has regions with zero variance (indices: [ 79 119 158]). Setting correlations for these regions to 0.
2025-04-15 01:13:01,205 - root - WARNING - Subject 24190 has regions with zero variance (indices: [ 79 119 158]). Setting correlations for these regions to 0.
2025-04-15 01:13:01,223 - root - WARNING - Subject 24191 has regions with zero variance (indices: [ 79 119 158]). Setting correlations for these regions to 0.
2025-04-15 01:13:01,242 - root - WARNING - Subject 24192 has regions with zero variance (indices: [ 79 119 158]). Setting correlations for these regions to 0.
2025-04-15 01:13:01,260 - root - WARNING - Subject 24193 has regions with zero variance (indices: [ 79 119 158]). Setting correlations for these regions to 0.
2025-04-15 01:13:01,278 - root - WARNING - Subject 24194 has regions with zero variance (indices: [ 79 119 158]). Setting correlations for these regions to 0.
2025-04-15 01:13:01,296 - root - WARNING - Subject 24195 has regions with zero variance (indices: [ 79 119 158]). Setting correlations for these regions to 0.
2025-04-15 01:13:01,314 - root - WARNING - Subject 24196 has regions with zero variance (indices: [ 79 119 158]). Setting correlations for these regions to 0.
2025-04-15 01:13:01,332 - root - WARNING - Subject 24197 has regions with zero variance (indices: [ 79 119 158]). Setting correlations for these regions to 0.
2025-04-15 01:13:01,351 - root - WARNING - Subject 24198 has regions with zero variance (indices: [ 79 119 158]). Setting correlations for these regions to 0.
2025-04-15 01:13:01,369 - root - WARNING - Subject 24199 has regions with zero variance (indices: [ 79 119 158]). Setting correlations for these regions to 0.
2025-04-15 01:13:01,387 - root - WARNING - Subject 24200 has regions with zero variance (indices: [ 79 119 158]). Setting correlations for these regions to 0.
2025-04-15 01:13:01,406 - root - WARNING - Subject 24201 has regions with zero variance (indices: [ 79 119 158]). Setting correlations for these regions to 0.
2025-04-15 01:13:01,424 - root - WARNING - Subject 24202 has regions with zero variance (indices: [ 79 119 158]). Setting correlations for these regions to 0.
2025-04-15 01:13:01,442 - root - WARNING - Subject 24203 has regions with zero variance (indices: [ 79 119 158]). Setting correlations for these regions to 0.
2025-04-15 01:13:01,461 - root - WARNING - Subject 24204 has regions with zero variance (indices: [ 79 119 158]). Setting correlations for these regions to 0.
2025-04-15 01:13:01,479 - root - WARNING - Subject 24205 has regions with zero variance (indices: [ 79 119 158]). Setting correlations for these regions to 0.
2025-04-15 01:13:01,497 - root - WARNING - Subject 24206 has regions with zero variance (indices: [ 79 119 158]). Setting correlations for these regions to 0.
2025-04-15 01:13:01,515 - root - WARNING - Subject 24207 has regions with zero variance (indices: [ 79 119 158]). Setting correlations for these regions to 0.
2025-04-15 01:13:01,533 - root - WARNING - Subject 24208 has regions with zero variance (indices: [ 79 119 158]). Setting correlations for these regions to 0.
2025-04-15 01:13:01,552 - root - WARNING - Subject 24209 has regions with zero variance (indices: [ 79 119 158]). Setting correlations for these regions to 0.
2025-04-15 01:13:01,570 - root - WARNING - Subject 24210 has regions with zero variance (indices: [ 79 119 158]). Setting correlations for these regions to 0.
2025-04-15 01:13:01,588 - root - WARNING - Subject 24211 has regions with zero variance (indices: [ 79 119 158]). Setting correlations for these regions to 0.
2025-04-15 01:13:01,607 - root - WARNING - Subject 24212 has regions with zero variance (indices: [ 79 119 158]). Setting correlations for these regions to 0.
2025-04-15 01:13:01,625 - root - WARNING - Subject 24213 has regions with zero variance (indices: [ 79 119 158]). Setting correlations for these regions to 0.
2025-04-15 01:13:01,643 - root - WARNING - Subject 24214 has regions with zero variance (indices: [ 79 119 158]). Setting correlations for these regions to 0.
2025-04-15 01:13:01,661 - root - WARNING - Subject 24215 has regions with zero variance (indices: [ 79 119 158]). Setting correlations for these regions to 0.
2025-04-15 01:13:01,680 - root - WARNING - Subject 24216 has regions with zero variance (indices: [ 79 119 158]). Setting correlations for these regions to 0.
2025-04-15 01:13:01,698 - root - WARNING - Subject 24217 has regions with zero variance (indices: [ 79 119 158]). Setting correlations for these regions to 0.
2025-04-15 01:13:01,717 - root - WARNING - Subject 24218 has regions with zero variance (indices: [ 79 119 158]). Setting correlations for these regions to 0.
2025-04-15 01:13:01,735 - root - WARNING - Subject 24219 has regions with zero variance (indices: [ 79 119 158]). Setting correlations for these regions to 0.
2025-04-15 01:13:01,753 - root - WARNING - Subject 24220 has regions with zero variance (indices: [ 79 119 158]). Setting correlations for these regions to 0.
2025-04-15 01:13:01,772 - root - WARNING - Subject 24221 has regions with zero variance (indices: [ 79 119 158]). Setting correlations for these regions to 0.
2025-04-15 01:13:01,790 - root - WARNING - Subject 24222 has regions with zero variance (indices: [ 79 119 158]). Setting correlations for these regions to 0.
2025-04-15 01:13:01,809 - root - WARNING - Subject 24223 has regions with zero variance (indices: [ 79 119 158]). Setting correlations for these regions to 0.
2025-04-15 01:13:01,827 - root - WARNING - Subject 24224 has regions with zero variance (indices: [ 79 119 158]). Setting correlations for these regions to 0.
2025-04-15 01:13:01,845 - root - WARNING - Subject 24225 has regions with zero variance (indices: [ 79 119 158]). Setting correlations for these regions to 0.
2025-04-15 01:13:01,863 - root - WARNING - Subject 24226 has regions with zero variance (indices: [ 79 119 158]). Setting correlations for these regions to 0.
2025-04-15 01:13:01,882 - root - WARNING - Subject 24227 has regions with zero variance (indices: [ 79 119 158]). Setting correlations for these regions to 0.
2025-04-15 01:13:01,900 - root - WARNING - Subject 24228 has regions with zero variance (indices: [ 79 119 158]). Setting correlations for these regions to 0.
2025-04-15 01:13:01,918 - root - WARNING - Subject 24229 has regions with zero variance (indices: [ 79 119 158]). Setting correlations for these regions to 0.
2025-04-15 01:13:01,937 - root - WARNING - Subject 24230 has regions with zero variance (indices: [ 79 119 158]). Setting correlations for these regions to 0.
2025-04-15 01:13:01,955 - root - WARNING - Subject 24231 has regions with zero variance (indices: [ 79 119 158]). Setting correlations for these regions to 0.
2025-04-15 01:13:01,974 - root - WARNING - Subject 24232 has regions with zero variance (indices: [ 27  30  64  80 101 131 135 141 165 169]). Setting correlations for these regions to 0.
2025-04-15 01:13:01,991 - root - WARNING - Subject 24233 has regions with zero variance (indices: [ 27  30  64  80 101 131 135 141 165 169]). Setting correlations for these regions to 0.
2025-04-15 01:13:02,008 - root - WARNING - Subject 24234 has regions with zero variance (indices: [ 27  30  64  80 101 131 135 141 165 169]). Setting correlations for these regions to 0.
2025-04-15 01:13:02,024 - root - WARNING - Subject 24235 has regions with zero variance (indices: [ 27  30  64  80 101 131 135 141 165 169]). Setting correlations for these regions to 0.
2025-04-15 01:13:02,041 - root - WARNING - Subject 24236 has regions with zero variance (indices: [ 27  30  64  80 101 131 135 141 165 169]). Setting correlations for these regions to 0.
2025-04-15 01:13:02,059 - root - WARNING - Subject 24237 has regions with zero variance (indices: [ 27  30  64  80 101 131 135 141 165 169]). Setting correlations for these regions to 0.
2025-04-15 01:13:02,076 - root - WARNING - Subject 24238 has regions with zero variance (indices: [ 27  30  64  80 101 131 135 141 165 169]). Setting correlations for these regions to 0.
2025-04-15 01:13:02,093 - root - WARNING - Subject 24239 has regions with zero variance (indices: [ 27  30  64  80 101 131 135 141 165 169]). Setting correlations for these regions to 0.
2025-04-15 01:13:02,110 - root - WARNING - Subject 24240 has regions with zero variance (indices: [ 27  30  64  80 101 131 135 141 165 169]). Setting correlations for these regions to 0.
2025-04-15 01:13:02,127 - root - WARNING - Subject 24241 has regions with zero variance (indices: [ 27  30  64  80 101 131 135 141 165 169]). Setting correlations for these regions to 0.
2025-04-15 01:13:02,144 - root - WARNING - Subject 24242 has regions with zero variance (indices: [ 27  30  64  80 101 131 135 141 165 169]). Setting correlations for these regions to 0.
2025-04-15 01:13:02,161 - root - WARNING - Subject 24243 has regions with zero variance (indices: [ 27  30  64  80 101 131 135 141 165 169]). Setting correlations for these regions to 0.
2025-04-15 01:13:02,178 - root - WARNING - Subject 24244 has regions with zero variance (indices: [ 27  30  64  80 101 131 135 141 165 169]). Setting correlations for these regions to 0.
2025-04-15 01:13:02,195 - root - WARNING - Subject 24245 has regions with zero variance (indices: [ 27  30  64  80 101 131 135 141 165 169]). Setting correlations for these regions to 0.
2025-04-15 01:13:02,212 - root - WARNING - Subject 24246 has regions with zero variance (indices: [ 27  30  64  80 101 131 135 141 165 169]). Setting correlations for these regions to 0.
2025-04-15 01:13:02,229 - root - WARNING - Subject 24247 has regions with zero variance (indices: [ 27  30  64  80 101 131 135 141 165 169]). Setting correlations for these regions to 0.
2025-04-15 01:13:02,247 - root - WARNING - Subject 24248 has regions with zero variance (indices: [ 27  30  64  80 101 131 135 141 165 169]). Setting correlations for these regions to 0.
2025-04-15 01:13:02,264 - root - WARNING - Subject 24249 has regions with zero variance (indices: [ 27  30  64  80 101 131 135 141 165 169]). Setting correlations for these regions to 0.
2025-04-15 01:13:02,281 - root - WARNING - Subject 24250 has regions with zero variance (indices: [ 27  30  64  80 101 131 135 141 165 169]). Setting correlations for these regions to 0.
2025-04-15 01:13:02,298 - root - WARNING - Subject 24251 has regions with zero variance (indices: [ 27  30  64  80 101 131 135 141 165 169]). Setting correlations for these regions to 0.
2025-04-15 01:13:02,315 - root - WARNING - Subject 24252 has regions with zero variance (indices: [ 27  30  64  80 101 131 135 141 165 169]). Setting correlations for these regions to 0.
2025-04-15 01:13:02,332 - root - WARNING - Subject 24253 has regions with zero variance (indices: [ 27  30  64  80 101 131 135 141 165 169]). Setting correlations for these regions to 0.
2025-04-15 01:13:02,349 - root - WARNING - Subject 24254 has regions with zero variance (indices: [ 27  30  64  80 101 131 135 141 165 169]). Setting correlations for these regions to 0.
2025-04-15 01:13:02,366 - root - WARNING - Subject 24255 has regions with zero variance (indices: [ 27  30  64  80 101 131 135 141 165 169]). Setting correlations for these regions to 0.
2025-04-15 01:13:02,384 - root - WARNING - Subject 24256 has regions with zero variance (indices: [ 27  30  64  80 101 131 135 141 165 169]). Setting correlations for these regions to 0.
2025-04-15 01:13:02,401 - root - WARNING - Subject 24257 has regions with zero variance (indices: [ 27  30  64  80 101 131 135 141 165 169]). Setting correlations for these regions to 0.
2025-04-15 01:13:02,418 - root - WARNING - Subject 24258 has regions with zero variance (indices: [ 27  30  64  80 101 131 135 141 165 169]). Setting correlations for these regions to 0.
2025-04-15 01:13:02,435 - root - WARNING - Subject 24259 has regions with zero variance (indices: [ 27  30  64  80 101 131 135 141 165 169]). Setting correlations for these regions to 0.
2025-04-15 01:13:02,452 - root - WARNING - Subject 24260 has regions with zero variance (indices: [ 27  30  64  80 101 131 135 141 165 169]). Setting correlations for these regions to 0.
2025-04-15 01:13:02,469 - root - WARNING - Subject 24261 has regions with zero variance (indices: [ 27  30  64  80 101 131 135 141 165 169]). Setting correlations for these regions to 0.
2025-04-15 01:13:02,486 - root - WARNING - Subject 24262 has regions with zero variance (indices: [ 27  30  64  80 101 131 135 141 165 169]). Setting correlations for these regions to 0.
2025-04-15 01:13:02,503 - root - WARNING - Subject 24263 has regions with zero variance (indices: [ 27  30  64  80 101 131 135 141 165 169]). Setting correlations for these regions to 0.
2025-04-15 01:13:02,520 - root - WARNING - Subject 24264 has regions with zero variance (indices: [ 27  30  64  80 101 131 135 141 165 169]). Setting correlations for these regions to 0.
2025-04-15 01:13:02,537 - root - WARNING - Subject 24265 has regions with zero variance (indices: [ 27  30  64  80 101 131 135 141 165 169]). Setting correlations for these regions to 0.
2025-04-15 01:13:02,554 - root - WARNING - Subject 24266 has regions with zero variance (indices: [ 27  30  64  80 101 131 135 141 165 169]). Setting correlations for these regions to 0.
2025-04-15 01:13:02,571 - root - WARNING - Subject 24267 has regions with zero variance (indices: [ 27  30  64  80 101 131 135 141 165 169]). Setting correlations for these regions to 0.
2025-04-15 01:13:02,588 - root - WARNING - Subject 24268 has regions with zero variance (indices: [ 27  30  64  80 101 131 135 141 165 169]). Setting correlations for these regions to 0.
2025-04-15 01:13:02,605 - root - WARNING - Subject 24269 has regions with zero variance (indices: [ 27  30  64  80 101 131 135 141 165 169]). Setting correlations for these regions to 0.
2025-04-15 01:13:02,622 - root - WARNING - Subject 24270 has regions with zero variance (indices: [ 27  30  64  80 101 131 135 141 165 169]). Setting correlations for these regions to 0.
2025-04-15 01:13:02,639 - root - WARNING - Subject 24271 has regions with zero variance (indices: [ 27  30  64  80 101 131 135 141 165 169]). Setting correlations for these regions to 0.
2025-04-15 01:13:02,656 - root - WARNING - Subject 24272 has regions with zero variance (indices: [ 27  30  64  80 101 131 135 141 165 169]). Setting correlations for these regions to 0.
2025-04-15 01:13:02,673 - root - WARNING - Subject 24273 has regions with zero variance (indices: [ 27  30  64  80 101 131 135 141 165 169]). Setting correlations for these regions to 0.
2025-04-15 01:13:02,690 - root - WARNING - Subject 24274 has regions with zero variance (indices: [ 27  30  64  80 101 131 135 141 165 169]). Setting correlations for these regions to 0.
2025-04-15 01:13:02,707 - root - WARNING - Subject 24275 has regions with zero variance (indices: [ 27  30  64  80 101 131 135 141 165 169]). Setting correlations for these regions to 0.
2025-04-15 01:13:02,723 - root - WARNING - Subject 24276 has regions with zero variance (indices: [ 27  30  64  80 101 131 135 141 165 169]). Setting correlations for these regions to 0.
2025-04-15 01:13:02,740 - root - WARNING - Subject 24277 has regions with zero variance (indices: [ 27  30  64  80 101 131 135 141 165 169]). Setting correlations for these regions to 0.
2025-04-15 01:13:02,757 - root - WARNING - Subject 24278 has regions with zero variance (indices: [ 27  30  64  80 101 131 135 141 165 169]). Setting correlations for these regions to 0.
2025-04-15 01:13:02,774 - root - WARNING - Subject 24279 has regions with zero variance (indices: [ 27  30  64  80 101 131 135 141 165 169]). Setting correlations for these regions to 0.
2025-04-15 01:13:02,791 - root - WARNING - Subject 24280 has regions with zero variance (indices: [ 27  30  64  80 101 131 135 141 165 169]). Setting correlations for these regions to 0.
2025-04-15 01:13:02,809 - root - WARNING - Subject 24281 has regions with zero variance (indices: [ 27  30  64  80 101 131 135 141 165 169]). Setting correlations for these regions to 0.
2025-04-15 01:13:02,825 - root - WARNING - Subject 24282 has regions with zero variance (indices: [ 27  30  64  80 101 131 135 141 165 169]). Setting correlations for these regions to 0.
2025-04-15 01:13:02,842 - root - WARNING - Subject 24283 has regions with zero variance (indices: [ 27  30  64  80 101 131 135 141 165 169]). Setting correlations for these regions to 0.
2025-04-15 01:13:02,859 - root - WARNING - Subject 24284 has regions with zero variance (indices: [ 27  30  64  80 101 131 135 141 165 169]). Setting correlations for these regions to 0.
2025-04-15 01:13:02,876 - root - WARNING - Subject 24285 has regions with zero variance (indices: [ 27  30  64  80 101 131 135 141 165 169]). Setting correlations for these regions to 0.
2025-04-15 01:13:02,893 - root - WARNING - Subject 24286 has regions with zero variance (indices: [ 27  30  64  80 101 131 135 141 165 169]). Setting correlations for these regions to 0.
2025-04-15 01:13:02,910 - root - WARNING - Subject 24287 has regions with zero variance (indices: [ 27  30  64  80 101 131 135 141 165 169]). Setting correlations for these regions to 0.
2025-04-15 01:13:02,927 - root - WARNING - Subject 24288 has regions with zero variance (indices: [ 27  30  64  80 101 131 135 141 165 169]). Setting correlations for these regions to 0.
2025-04-15 01:13:02,944 - root - WARNING - Subject 24289 has regions with zero variance (indices: [ 27  30  64  80 101 131 135 141 165 169]). Setting correlations for these regions to 0.
2025-04-15 01:13:02,960 - root - WARNING - Subject 24290 has regions with zero variance (indices: [ 27  30  64  80 101 131 135 141 165 169]). Setting correlations for these regions to 0.
2025-04-15 01:13:02,977 - root - WARNING - Subject 24291 has regions with zero variance (indices: [ 27  30  64  80 101 131 135 141 165 169]). Setting correlations for these regions to 0.
2025-04-15 01:13:02,994 - root - WARNING - Subject 24292 has regions with zero variance (indices: [ 27  30  64  80 101 131 135 141 165 169]). Setting correlations for these regions to 0.
2025-04-15 01:13:03,011 - root - WARNING - Subject 24293 has regions with zero variance (indices: [ 27  30  64  80 101 131 135 141 165 169]). Setting correlations for these regions to 0.
2025-04-15 01:13:03,027 - root - WARNING - Subject 24294 has regions with zero variance (indices: [ 27  30  64  80 101 131 135 141 165 169]). Setting correlations for these regions to 0.
2025-04-15 01:13:03,044 - root - WARNING - Subject 24295 has regions with zero variance (indices: [ 27  30  64  80 101 131 135 141 165 169]). Setting correlations for these regions to 0.
2025-04-15 01:13:03,061 - root - WARNING - Subject 24296 has regions with zero variance (indices: [ 27  30  64  80 101 131 135 141 165 169]). Setting correlations for these regions to 0.
2025-04-15 01:13:03,078 - root - WARNING - Subject 24297 has regions with zero variance (indices: [ 27  30  64  80 101 131 135 141 165 169]). Setting correlations for these regions to 0.
2025-04-15 01:13:03,095 - root - WARNING - Subject 24298 has regions with zero variance (indices: [ 27  30  64  80 101 131 135 141 165 169]). Setting correlations for these regions to 0.
2025-04-15 01:13:03,112 - root - WARNING - Subject 24299 has regions with zero variance (indices: [ 27  30  64  80 101 131 135 141 165 169]). Setting correlations for these regions to 0.
2025-04-15 01:13:03,129 - root - WARNING - Subject 24300 has regions with zero variance (indices: [ 27  30  64  80 101 131 135 141 165 169]). Setting correlations for these regions to 0.
2025-04-15 01:13:03,146 - root - WARNING - Subject 24301 has regions with zero variance (indices: [ 27  30  64  80 101 131 135 141 165 169]). Setting correlations for these regions to 0.
2025-04-15 01:13:03,163 - root - WARNING - Subject 24302 has regions with zero variance (indices: [ 27  30  64  80 101 131 135 141 165 169]). Setting correlations for these regions to 0.
2025-04-15 01:13:03,180 - root - WARNING - Subject 24303 has regions with zero variance (indices: [ 27  30  64  80 101 131 135 141 165 169]). Setting correlations for these regions to 0.
2025-04-15 01:13:03,197 - root - WARNING - Subject 24304 has regions with zero variance (indices: [ 27  30  64  80 101 131 135 141 165 169]). Setting correlations for these regions to 0.
2025-04-15 01:13:03,214 - root - WARNING - Subject 24305 has regions with zero variance (indices: [ 27  30  64  80 101 131 135 141 165 169]). Setting correlations for these regions to 0.
2025-04-15 01:13:03,231 - root - WARNING - Subject 24306 has regions with zero variance (indices: [ 27  30  64  80 101 131 135 141 165 169]). Setting correlations for these regions to 0.
2025-04-15 01:13:03,247 - root - WARNING - Subject 24307 has regions with zero variance (indices: [ 27  30  64  80 101 131 135 141 165 169]). Setting correlations for these regions to 0.
2025-04-15 01:13:03,264 - root - WARNING - Subject 24308 has regions with zero variance (indices: [ 27  30  64  80 101 131 135 141 165 169]). Setting correlations for these regions to 0.
2025-04-15 01:13:03,281 - root - WARNING - Subject 24309 has regions with zero variance (indices: [ 27  30  64  80 101 131 135 141 165 169]). Setting correlations for these regions to 0.
2025-04-15 01:13:03,298 - root - WARNING - Subject 24310 has regions with zero variance (indices: [ 27  30  64  80 101 131 135 141 165 169]). Setting correlations for these regions to 0.
2025-04-15 01:13:03,315 - root - WARNING - Subject 24311 has regions with zero variance (indices: [ 27  30  64  80 101 131 135 141 165 169]). Setting correlations for these regions to 0.
2025-04-15 01:13:03,332 - root - WARNING - Subject 24312 has regions with zero variance (indices: [ 27  30  64  80 101 131 135 141 165 169]). Setting correlations for these regions to 0.
2025-04-15 01:13:03,349 - root - WARNING - Subject 24313 has regions with zero variance (indices: [ 27  30  64  80 101 131 135 141 165 169]). Setting correlations for these regions to 0.
2025-04-15 01:13:03,366 - root - WARNING - Subject 24314 has regions with zero variance (indices: [ 27  30  64  80 101 131 135 141 165 169]). Setting correlations for these regions to 0.
2025-04-15 01:13:03,383 - root - WARNING - Subject 24315 has regions with zero variance (indices: [ 27  30  64  80 101 131 135 141 165 169]). Setting correlations for these regions to 0.
2025-04-15 01:13:03,400 - root - WARNING - Subject 24316 has regions with zero variance (indices: [ 27  30  64  80 101 131 135 141 165 169]). Setting correlations for these regions to 0.
2025-04-15 01:13:03,417 - root - WARNING - Subject 24317 has regions with zero variance (indices: [ 27  30  64  80 101 131 135 141 165 169]). Setting correlations for these regions to 0.
2025-04-15 01:13:03,434 - root - WARNING - Subject 24318 has regions with zero variance (indices: [ 27  30  64  80 101 131 135 141 165 169]). Setting correlations for these regions to 0.
2025-04-15 01:13:03,451 - root - WARNING - Subject 24319 has regions with zero variance (indices: [ 27  30  64  80 101 131 135 141 165 169]). Setting correlations for these regions to 0.
2025-04-15 01:13:03,468 - root - WARNING - Subject 24320 has regions with zero variance (indices: [ 27  30  64  80 101 131 135 141 165 169]). Setting correlations for these regions to 0.
2025-04-15 01:13:03,485 - root - WARNING - Subject 24321 has regions with zero variance (indices: [ 27  30  64  80 101 131 135 141 165 169]). Setting correlations for these regions to 0.
2025-04-15 01:13:03,502 - root - WARNING - Subject 24322 has regions with zero variance (indices: [ 27  30  64  80 101 131 135 141 165 169]). Setting correlations for these regions to 0.
2025-04-15 01:13:03,519 - root - WARNING - Subject 24323 has regions with zero variance (indices: [ 27  30  64  80 101 131 135 141 165 169]). Setting correlations for these regions to 0.
2025-04-15 01:13:03,536 - root - WARNING - Subject 24324 has regions with zero variance (indices: [ 27  30  64  80 101 131 135 141 165 169]). Setting correlations for these regions to 0.
2025-04-15 01:13:03,553 - root - WARNING - Subject 24325 has regions with zero variance (indices: [ 27  30  64  80 101 131 135 141 165 169]). Setting correlations for these regions to 0.
2025-04-15 01:13:03,570 - root - WARNING - Subject 24326 has regions with zero variance (indices: [ 27  30  64  80 101 131 135 141 165 169]). Setting correlations for these regions to 0.
2025-04-15 01:13:03,587 - root - WARNING - Subject 24327 has regions with zero variance (indices: [ 27  30  64  80 101 131 135 141 165 169]). Setting correlations for these regions to 0.
2025-04-15 01:13:03,604 - root - WARNING - Subject 24328 has regions with zero variance (indices: [ 27  30  64  80 101 131 135 141 165 169]). Setting correlations for these regions to 0.
2025-04-15 01:13:03,621 - root - WARNING - Subject 24329 has regions with zero variance (indices: [ 27  30  64  80 101 131 135 141 165 169]). Setting correlations for these regions to 0.
2025-04-15 01:13:03,638 - root - WARNING - Subject 24330 has regions with zero variance (indices: [ 27  30  64  80 101 131 135 141 165 169]). Setting correlations for these regions to 0.
2025-04-15 01:13:03,654 - root - WARNING - Subject 24331 has regions with zero variance (indices: [ 27  30  64  80 101 131 135 141 165 169]). Setting correlations for these regions to 0.
2025-04-15 01:13:03,671 - root - WARNING - Subject 24332 has regions with zero variance (indices: [ 27  30  64  80 101 131 135 141 165 169]). Setting correlations for these regions to 0.
2025-04-15 01:13:03,688 - root - WARNING - Subject 24333 has regions with zero variance (indices: [ 27  30  64  80 101 131 135 141 165 169]). Setting correlations for these regions to 0.
2025-04-15 01:13:03,705 - root - WARNING - Subject 24334 has regions with zero variance (indices: [ 27  30  64  80 101 131 135 141 165 169]). Setting correlations for these regions to 0.
2025-04-15 01:13:03,722 - root - WARNING - Subject 24335 has regions with zero variance (indices: [ 27  30  64  80 101 131 135 141 165 169]). Setting correlations for these regions to 0.
2025-04-15 01:13:03,739 - root - WARNING - Subject 24336 has regions with zero variance (indices: [ 27  30  64  80 101 131 135 141 165 169]). Setting correlations for these regions to 0.
2025-04-15 01:13:03,756 - root - WARNING - Subject 24337 has regions with zero variance (indices: [ 27  30  64  80 101 131 135 141 165 169]). Setting correlations for these regions to 0.
2025-04-15 01:13:03,773 - root - WARNING - Subject 24338 has regions with zero variance (indices: [ 27  30  64  80 101 131 135 141 165 169]). Setting correlations for these regions to 0.
2025-04-15 01:13:03,790 - root - WARNING - Subject 24339 has regions with zero variance (indices: [ 27  30  64  80 101 131 135 141 165 169]). Setting correlations for these regions to 0.
2025-04-15 01:13:03,807 - root - WARNING - Subject 24340 has regions with zero variance (indices: [ 27  30  64  80 101 131 135 141 165 169]). Setting correlations for these regions to 0.
2025-04-15 01:13:03,824 - root - WARNING - Subject 24341 has regions with zero variance (indices: [ 27  30  64  80 101 131 135 141 165 169]). Setting correlations for these regions to 0.
2025-04-15 01:13:03,841 - root - WARNING - Subject 24342 has regions with zero variance (indices: [ 27  30  64  80 101 131 135 141 165 169]). Setting correlations for these regions to 0.
2025-04-15 01:13:03,858 - root - WARNING - Subject 24343 has regions with zero variance (indices: [ 27  30  64  80 101 131 135 141 165 169]). Setting correlations for these regions to 0.
2025-04-15 01:13:03,875 - root - WARNING - Subject 24344 has regions with zero variance (indices: [ 27  30  64  80 101 131 135 141 165 169]). Setting correlations for these regions to 0.
2025-04-15 01:13:03,891 - root - WARNING - Subject 24345 has regions with zero variance (indices: [ 27  30  64  80 101 131 135 141 165 169]). Setting correlations for these regions to 0.
2025-04-15 01:13:03,908 - root - WARNING - Subject 24346 has regions with zero variance (indices: [ 27  30  64  80 101 131 135 141 165 169]). Setting correlations for these regions to 0.
2025-04-15 01:13:03,925 - root - WARNING - Subject 24347 has regions with zero variance (indices: [ 27  30  64  80 101 131 135 141 165 169]). Setting correlations for these regions to 0.
2025-04-15 01:13:03,942 - root - WARNING - Subject 24348 has regions with zero variance (indices: [ 27  30  64  80 101 131 135 141 165 169]). Setting correlations for these regions to 0.
2025-04-15 01:13:03,959 - root - WARNING - Subject 24349 has regions with zero variance (indices: [ 27  30  64  80 101 131 135 141 165 169]). Setting correlations for these regions to 0.
2025-04-15 01:13:03,976 - root - WARNING - Subject 24350 has regions with zero variance (indices: [ 27  30  64  80 101 131 135 141 165 169]). Setting correlations for these regions to 0.
2025-04-15 01:13:03,993 - root - WARNING - Subject 24351 has regions with zero variance (indices: [ 27  30  64  80 101 131 135 141 165 169]). Setting correlations for these regions to 0.
2025-04-15 01:13:04,010 - root - WARNING - Subject 24352 has regions with zero variance (indices: [ 27  30  64  80 101 131 135 141 165 169]). Setting correlations for these regions to 0.
2025-04-15 01:13:04,027 - root - WARNING - Subject 24353 has regions with zero variance (indices: [ 27  30  64  80 101 131 135 141 165 169]). Setting correlations for these regions to 0.
2025-04-15 01:13:04,044 - root - WARNING - Subject 24354 has regions with zero variance (indices: [ 27  30  64  80 101 131 135 141 165 169]). Setting correlations for these regions to 0.
2025-04-15 01:13:04,061 - root - WARNING - Subject 24355 has regions with zero variance (indices: [ 27  30  64  80 101 131 135 141 165 169]). Setting correlations for these regions to 0.
2025-04-15 01:13:04,078 - root - WARNING - Subject 24356 has regions with zero variance (indices: [ 27  30  64  80 101 131 135 141 165 169]). Setting correlations for these regions to 0.
2025-04-15 01:13:04,095 - root - WARNING - Subject 24357 has regions with zero variance (indices: [ 27  30  64  80 101 131 135 141 165 169]). Setting correlations for these regions to 0.
2025-04-15 01:13:04,112 - root - WARNING - Subject 24358 has regions with zero variance (indices: [ 27  30  64  80 101 131 135 141 165 169]). Setting correlations for these regions to 0.
2025-04-15 01:13:04,128 - root - WARNING - Subject 24359 has regions with zero variance (indices: [ 27  30  64  80 101 131 135 141 165 169]). Setting correlations for these regions to 0.
2025-04-15 01:13:04,146 - root - WARNING - Subject 24360 has regions with zero variance (indices: [ 27  30  64  80 101 131 135 141 165 169]). Setting correlations for these regions to 0.
2025-04-15 01:13:04,163 - root - WARNING - Subject 24361 has regions with zero variance (indices: [ 27  30  64  80 101 131 135 141 165 169]). Setting correlations for these regions to 0.
2025-04-15 01:13:04,180 - root - WARNING - Subject 24362 has regions with zero variance (indices: [ 27  30  64  80 101 131 135 141 165 169]). Setting correlations for these regions to 0.
2025-04-15 01:13:04,197 - root - WARNING - Subject 24363 has regions with zero variance (indices: [ 27  30  64  80 101 131 135 141 165 169]). Setting correlations for these regions to 0.
2025-04-15 01:13:04,214 - root - WARNING - Subject 24364 has regions with zero variance (indices: [ 27  30  64  80 101 131 135 141 165 169]). Setting correlations for these regions to 0.
2025-04-15 01:13:04,231 - root - WARNING - Subject 24365 has regions with zero variance (indices: [ 27  30  64  80 101 131 135 141 165 169]). Setting correlations for these regions to 0.
2025-04-15 01:13:04,247 - root - WARNING - Subject 24366 has regions with zero variance (indices: [ 27  30  64  80 101 131 135 141 165 169]). Setting correlations for these regions to 0.
2025-04-15 01:13:04,264 - root - WARNING - Subject 24367 has regions with zero variance (indices: [ 27  30  64  80 101 131 135 141 165 169]). Setting correlations for these regions to 0.
2025-04-15 01:13:04,281 - root - WARNING - Subject 24368 has regions with zero variance (indices: [ 27  30  64  80 101 131 135 141 165 169]). Setting correlations for these regions to 0.
2025-04-15 01:13:04,298 - root - WARNING - Subject 24369 has regions with zero variance (indices: [ 27  30  64  80 101 131 135 141 165 169]). Setting correlations for these regions to 0.
2025-04-15 01:13:04,315 - root - WARNING - Subject 24370 has regions with zero variance (indices: [ 27  30  64  80 101 131 135 141 165 169]). Setting correlations for these regions to 0.
2025-04-15 01:13:04,332 - root - WARNING - Subject 24371 has regions with zero variance (indices: [ 27  30  64  80 101 131 135 141 165 169]). Setting correlations for these regions to 0.
2025-04-15 01:13:04,349 - root - WARNING - Subject 24372 has regions with zero variance (indices: [ 27  30  64  80 101 131 135 141 165 169]). Setting correlations for these regions to 0.
2025-04-15 01:13:04,366 - root - WARNING - Subject 24373 has regions with zero variance (indices: [ 27  30  64  80 101 131 135 141 165 169]). Setting correlations for these regions to 0.
2025-04-15 01:13:04,382 - root - WARNING - Subject 24374 has regions with zero variance (indices: [ 27  30  64  80 101 131 135 141 165 169]). Setting correlations for these regions to 0.
2025-04-15 01:13:04,399 - root - WARNING - Subject 24375 has regions with zero variance (indices: [ 27  30  64  80 101 131 135 141 165 169]). Setting correlations for these regions to 0.
2025-04-15 01:13:04,416 - root - WARNING - Subject 24376 has regions with zero variance (indices: [ 27  30  64  80 101 131 135 141 165 169]). Setting correlations for these regions to 0.
2025-04-15 01:13:04,433 - root - WARNING - Subject 24377 has regions with zero variance (indices: [ 27  30  64  80 101 131 135 141 165 169]). Setting correlations for these regions to 0.
2025-04-15 01:13:04,449 - root - WARNING - Subject 24378 has regions with zero variance (indices: [ 27  30  64  80 101 131 135 141 165 169]). Setting correlations for these regions to 0.
2025-04-15 01:13:04,466 - root - WARNING - Subject 24379 has regions with zero variance (indices: [ 27  30  64  80 101 131 135 141 165 169]). Setting correlations for these regions to 0.
2025-04-15 01:13:04,483 - root - WARNING - Subject 24380 has regions with zero variance (indices: [ 27  30  64  80 101 131 135 141 165 169]). Setting correlations for these regions to 0.
2025-04-15 01:13:04,500 - root - WARNING - Subject 24381 has regions with zero variance (indices: [ 27  30  64  80 101 131 135 141 165 169]). Setting correlations for these regions to 0.
2025-04-15 01:13:04,517 - root - WARNING - Subject 24382 has regions with zero variance (indices: [ 27  30  64  80 101 131 135 141 165 169]). Setting correlations for these regions to 0.
2025-04-15 01:13:04,534 - root - WARNING - Subject 24383 has regions with zero variance (indices: [ 27  30  64  80 101 131 135 141 165 169]). Setting correlations for these regions to 0.
2025-04-15 01:13:04,551 - root - WARNING - Subject 24384 has regions with zero variance (indices: [ 27  30  64  80 101 131 135 141 165 169]). Setting correlations for these regions to 0.
2025-04-15 01:13:04,568 - root - WARNING - Subject 24385 has regions with zero variance (indices: [ 27  30  64  80 101 131 135 141 165 169]). Setting correlations for these regions to 0.
2025-04-15 01:13:04,585 - root - WARNING - Subject 24386 has regions with zero variance (indices: [ 27  30  64  80 101 131 135 141 165 169]). Setting correlations for these regions to 0.
2025-04-15 01:13:04,601 - root - WARNING - Subject 24387 has regions with zero variance (indices: [ 27  30  64  80 101 131 135 141 165 169]). Setting correlations for these regions to 0.
2025-04-15 01:13:04,618 - root - WARNING - Subject 24388 has regions with zero variance (indices: [ 27  30  64  80 101 131 135 141 165 169]). Setting correlations for these regions to 0.
2025-04-15 01:13:04,635 - root - WARNING - Subject 24389 has regions with zero variance (indices: [ 27  30  64  80 101 131 135 141 165 169]). Setting correlations for these regions to 0.
2025-04-15 01:13:04,652 - root - WARNING - Subject 24390 has regions with zero variance (indices: [ 27  30  64  80 101 131 135 141 165 169]). Setting correlations for these regions to 0.
2025-04-15 01:13:04,669 - root - WARNING - Subject 24391 has regions with zero variance (indices: [ 27  30  64  80 101 131 135 141 165 169]). Setting correlations for these regions to 0.
2025-04-15 01:13:04,686 - root - WARNING - Subject 24392 has regions with zero variance (indices: [ 27  30  64  80 101 131 135 141 165 169]). Setting correlations for these regions to 0.
2025-04-15 01:13:04,703 - root - WARNING - Subject 24393 has regions with zero variance (indices: [ 27  30  64  80 101 131 135 141 165 169]). Setting correlations for these regions to 0.
2025-04-15 01:13:04,720 - root - WARNING - Subject 24394 has regions with zero variance (indices: [ 27  30  64  80 101 131 135 141 165 169]). Setting correlations for these regions to 0.
2025-04-15 01:13:04,737 - root - WARNING - Subject 24395 has regions with zero variance (indices: [ 27  30  64  80 101 131 135 141 165 169]). Setting correlations for these regions to 0.
2025-04-15 01:13:04,754 - root - WARNING - Subject 24396 has regions with zero variance (indices: [ 27  30  64  80 101 131 135 141 165 169]). Setting correlations for these regions to 0.
2025-04-15 01:13:04,771 - root - WARNING - Subject 24397 has regions with zero variance (indices: [ 27  30  64  80 101 131 135 141 165 169]). Setting correlations for these regions to 0.
2025-04-15 01:13:04,788 - root - WARNING - Subject 24398 has regions with zero variance (indices: [ 27  30  64  80 101 131 135 141 165 169]). Setting correlations for these regions to 0.
2025-04-15 01:13:04,804 - root - WARNING - Subject 24399 has regions with zero variance (indices: [ 27  30  64  80 101 131 135 141 165 169]). Setting correlations for these regions to 0.
2025-04-15 01:13:04,822 - root - WARNING - Subject 24400 has regions with zero variance (indices: [ 27  30  64  80 101 131 135 141 165 169]). Setting correlations for these regions to 0.
2025-04-15 01:13:04,839 - root - WARNING - Subject 24401 has regions with zero variance (indices: [ 27  30  64  80 101 131 135 141 165 169]). Setting correlations for these regions to 0.
2025-04-15 01:13:04,855 - root - WARNING - Subject 24402 has regions with zero variance (indices: [ 27  30  64  80 101 131 135 141 165 169]). Setting correlations for these regions to 0.
2025-04-15 01:13:04,872 - root - WARNING - Subject 24403 has regions with zero variance (indices: [ 27  30  64  80 101 131 135 141 165 169]). Setting correlations for these regions to 0.
2025-04-15 01:13:04,889 - root - WARNING - Subject 24404 has regions with zero variance (indices: [ 27  30  64  80 101 131 135 141 165 169]). Setting correlations for these regions to 0.
2025-04-15 01:13:04,906 - root - WARNING - Subject 24405 has regions with zero variance (indices: [ 27  30  64  80 101 131 135 141 165 169]). Setting correlations for these regions to 0.
2025-04-15 01:13:04,924 - root - WARNING - Subject 24406 has regions with zero variance (indices: [ 27  30  64  80 101 131 135 141 165 169]). Setting correlations for these regions to 0.
2025-04-15 01:13:04,940 - root - WARNING - Subject 24407 has regions with zero variance (indices: [ 27  30  64  80 101 131 135 141 165 169]). Setting correlations for these regions to 0.
2025-04-15 01:13:04,957 - root - WARNING - Subject 24408 has regions with zero variance (indices: [ 27  30  64  80 101 131 135 141 165 169]). Setting correlations for these regions to 0.
2025-04-15 01:13:04,974 - root - WARNING - Subject 24409 has regions with zero variance (indices: [ 27  30  64  80 101 131 135 141 165 169]). Setting correlations for these regions to 0.
2025-04-15 01:13:04,991 - root - WARNING - Subject 24410 has regions with zero variance (indices: [ 27  30  64  80 101 131 135 141 165 169]). Setting correlations for these regions to 0.
2025-04-15 01:13:05,008 - root - WARNING - Subject 24411 has regions with zero variance (indices: [ 27  30  64  80 101 131 135 141 165 169]). Setting correlations for these regions to 0.
2025-04-15 01:13:05,025 - root - WARNING - Subject 24412 has regions with zero variance (indices: [ 27  30  64  80 101 131 135 141 165 169]). Setting correlations for these regions to 0.
2025-04-15 01:13:05,043 - root - WARNING - Subject 24413 has regions with zero variance (indices: [ 27  30  64  80 101 131 135 141 165 169]). Setting correlations for these regions to 0.
2025-04-15 01:13:05,060 - root - WARNING - Subject 24414 has regions with zero variance (indices: [ 27  30  64  80 101 131 135 141 165 169]). Setting correlations for these regions to 0.
2025-04-15 01:13:05,077 - root - WARNING - Subject 24415 has regions with zero variance (indices: [ 27  30  64  80 101 131 135 141 165 169]). Setting correlations for these regions to 0.
2025-04-15 01:13:05,094 - root - WARNING - Subject 24416 has regions with zero variance (indices: [ 27  30  64  80 101 131 135 141 165 169]). Setting correlations for these regions to 0.
2025-04-15 01:13:05,111 - root - WARNING - Subject 24417 has regions with zero variance (indices: [ 27  30  64  80 101 131 135 141 165 169]). Setting correlations for these regions to 0.
2025-04-15 01:13:05,128 - root - WARNING - Subject 24418 has regions with zero variance (indices: [ 27  30  64  80 101 131 135 141 165 169]). Setting correlations for these regions to 0.
2025-04-15 01:13:05,145 - root - WARNING - Subject 24419 has regions with zero variance (indices: [ 27  30  64  80 101 131 135 141 165 169]). Setting correlations for these regions to 0.
2025-04-15 01:13:05,162 - root - WARNING - Subject 24420 has regions with zero variance (indices: [ 27  30  64  80 101 131 135 141 165 169]). Setting correlations for these regions to 0.
2025-04-15 01:13:05,179 - root - WARNING - Subject 24421 has regions with zero variance (indices: [ 27  30  64  80 101 131 135 141 165 169]). Setting correlations for these regions to 0.
2025-04-15 01:13:05,196 - root - WARNING - Subject 24422 has regions with zero variance (indices: [ 27  30  64  80 101 131 135 141 165 169]). Setting correlations for these regions to 0.
2025-04-15 01:13:05,214 - root - WARNING - Subject 24423 has regions with zero variance (indices: [ 27  30  64  80 101 131 135 141 165 169]). Setting correlations for these regions to 0.
2025-04-15 01:13:05,231 - root - WARNING - Subject 24424 has regions with zero variance (indices: [ 27  30  64  80 101 131 135 141 165 169]). Setting correlations for these regions to 0.
2025-04-15 01:13:05,248 - root - WARNING - Subject 24425 has regions with zero variance (indices: [ 27  30  64  80 101 131 135 141 165 169]). Setting correlations for these regions to 0.
2025-04-15 01:13:05,265 - root - WARNING - Subject 24426 has regions with zero variance (indices: [ 27  30  64  80 101 131 135 141 165 169]). Setting correlations for these regions to 0.
2025-04-15 01:13:05,282 - root - WARNING - Subject 24427 has regions with zero variance (indices: [ 27  30  64  80 101 131 135 141 165 169]). Setting correlations for these regions to 0.
2025-04-15 01:13:05,299 - root - WARNING - Subject 24428 has regions with zero variance (indices: [ 27  30  64  80 101 131 135 141 165 169]). Setting correlations for these regions to 0.
2025-04-15 01:13:05,316 - root - WARNING - Subject 24429 has regions with zero variance (indices: [ 27  30  64  80 101 131 135 141 165 169]). Setting correlations for these regions to 0.
2025-04-15 01:13:05,333 - root - WARNING - Subject 24430 has regions with zero variance (indices: [ 27  30  64  80 101 131 135 141 165 169]). Setting correlations for these regions to 0.
2025-04-15 01:13:05,350 - root - WARNING - Subject 24431 has regions with zero variance (indices: [ 27  30  64  80 101 131 135 141 165 169]). Setting correlations for these regions to 0.
2025-04-15 01:13:05,368 - root - WARNING - Subject 24432 has regions with zero variance (indices: [ 27  30  64  80 101 131 135 141 165 169]). Setting correlations for these regions to 0.
2025-04-15 01:13:05,384 - root - WARNING - Subject 24433 has regions with zero variance (indices: [ 27  30  64  80 101 131 135 141 165 169]). Setting correlations for these regions to 0.
2025-04-15 01:13:05,402 - root - WARNING - Subject 24434 has regions with zero variance (indices: [ 27  30  64  80 101 131 135 141 165 169]). Setting correlations for these regions to 0.
2025-04-15 01:13:05,419 - root - WARNING - Subject 24435 has regions with zero variance (indices: [ 27  30  64  80 101 131 135 141 165 169]). Setting correlations for these regions to 0.
2025-04-15 01:13:05,436 - root - WARNING - Subject 24436 has regions with zero variance (indices: [ 27  30  64  80 101 131 135 141 165 169]). Setting correlations for these regions to 0.
2025-04-15 01:13:05,453 - root - WARNING - Subject 24437 has regions with zero variance (indices: [ 27  30  64  80 101 131 135 141 165 169]). Setting correlations for these regions to 0.
2025-04-15 01:13:05,470 - root - WARNING - Subject 24438 has regions with zero variance (indices: [ 27  30  64  80 101 131 135 141 165 169]). Setting correlations for these regions to 0.
2025-04-15 01:13:05,487 - root - WARNING - Subject 24439 has regions with zero variance (indices: [ 27  30  64  80 101 131 135 141 165 169]). Setting correlations for these regions to 0.
2025-04-15 01:13:05,504 - root - WARNING - Subject 24440 has regions with zero variance (indices: [ 27  30  64  80 101 131 135 141 165 169]). Setting correlations for these regions to 0.
2025-04-15 01:13:05,522 - root - WARNING - Subject 24441 has regions with zero variance (indices: [ 27  30  64  80 101 131 135 141 165 169]). Setting correlations for these regions to 0.
2025-04-15 01:13:05,539 - root - WARNING - Subject 24442 has regions with zero variance (indices: [ 27  30  64  80 101 131 135 141 165 169]). Setting correlations for these regions to 0.
2025-04-15 01:13:05,556 - root - WARNING - Subject 24443 has regions with zero variance (indices: [ 27  30  64  80 101 131 135 141 165 169]). Setting correlations for these regions to 0.
2025-04-15 01:13:05,573 - root - WARNING - Subject 24444 has regions with zero variance (indices: [ 27  30  64  80 101 131 135 141 165 169]). Setting correlations for these regions to 0.
2025-04-15 01:13:05,590 - root - WARNING - Subject 24445 has regions with zero variance (indices: [ 27  30  64  80 101 131 135 141 165 169]). Setting correlations for these regions to 0.
2025-04-15 01:13:05,607 - root - WARNING - Subject 24446 has regions with zero variance (indices: [ 27  30  64  80 101 131 135 141 165 169]). Setting correlations for these regions to 0.
2025-04-15 01:13:05,625 - root - WARNING - Subject 24447 has regions with zero variance (indices: [ 27  30  64  80 101 131 135 141 165 169]). Setting correlations for these regions to 0.
2025-04-15 01:13:05,642 - root - WARNING - Subject 24448 has regions with zero variance (indices: [ 27  30  64  80 101 131 135 141 165 169]). Setting correlations for these regions to 0.
2025-04-15 01:13:05,659 - root - WARNING - Subject 24449 has regions with zero variance (indices: [ 27  30  64  80 101 131 135 141 165 169]). Setting correlations for these regions to 0.
2025-04-15 01:13:05,676 - root - WARNING - Subject 24450 has regions with zero variance (indices: [ 27  30  64  80 101 131 135 141 165 169]). Setting correlations for these regions to 0.
2025-04-15 01:13:05,693 - root - WARNING - Subject 24451 has regions with zero variance (indices: [ 27  30  64  80 101 131 135 141 165 169]). Setting correlations for these regions to 0.
2025-04-15 01:13:05,711 - root - WARNING - Subject 24452 has regions with zero variance (indices: [ 27  30  64  80 101 131 135 141 165 169]). Setting correlations for these regions to 0.
2025-04-15 01:13:05,727 - root - WARNING - Subject 24453 has regions with zero variance (indices: [ 27  30  64  80 101 131 135 141 165 169]). Setting correlations for these regions to 0.
2025-04-15 01:13:05,744 - root - WARNING - Subject 24454 has regions with zero variance (indices: [ 27  30  64  80 101 131 135 141 165 169]). Setting correlations for these regions to 0.
2025-04-15 01:13:05,762 - root - WARNING - Subject 24455 has regions with zero variance (indices: [ 27  30  64  80 101 131 135 141 165 169]). Setting correlations for these regions to 0.
2025-04-15 01:13:05,779 - root - WARNING - Subject 24456 has regions with zero variance (indices: [ 27  30  64  80 101 131 135 141 165 169]). Setting correlations for these regions to 0.
2025-04-15 01:13:05,796 - root - WARNING - Subject 24457 has regions with zero variance (indices: [ 27  30  64  80 101 131 135 141 165 169]). Setting correlations for these regions to 0.
2025-04-15 01:13:05,812 - root - WARNING - Subject 24458 has regions with zero variance (indices: [ 27  30  64  80 101 131 135 141 165 169]). Setting correlations for these regions to 0.
2025-04-15 01:13:05,829 - root - WARNING - Subject 24459 has regions with zero variance (indices: [ 27  30  64  80 101 131 135 141 165 169]). Setting correlations for these regions to 0.
2025-04-15 01:13:05,846 - root - WARNING - Subject 24460 has regions with zero variance (indices: [ 27  30  64  80 101 131 135 141 165 169]). Setting correlations for these regions to 0.
2025-04-15 01:13:05,863 - root - WARNING - Subject 24461 has regions with zero variance (indices: [ 27  30  64  80 101 131 135 141 165 169]). Setting correlations for these regions to 0.
2025-04-15 01:13:05,880 - root - WARNING - Subject 24462 has regions with zero variance (indices: [ 27  30  64  80 101 131 135 141 165 169]). Setting correlations for these regions to 0.
2025-04-15 01:13:05,896 - root - WARNING - Subject 24463 has regions with zero variance (indices: [ 27  30  64  80 101 131 135 141 165 169]). Setting correlations for these regions to 0.
2025-04-15 01:13:05,914 - root - WARNING - Subject 24464 has regions with zero variance (indices: [ 27  30  64  80 101 131 135 141 165 169]). Setting correlations for these regions to 0.
2025-04-15 01:13:05,930 - root - WARNING - Subject 24465 has regions with zero variance (indices: [ 27  30  64  80 101 131 135 141 165 169]). Setting correlations for these regions to 0.
2025-04-15 01:13:05,947 - root - WARNING - Subject 24466 has regions with zero variance (indices: [ 27  30  64  80 101 131 135 141 165 169]). Setting correlations for these regions to 0.
2025-04-15 01:13:05,964 - root - WARNING - Subject 24467 has regions with zero variance (indices: [ 27  30  64  80 101 131 135 141 165 169]). Setting correlations for these regions to 0.
2025-04-15 01:13:05,981 - root - WARNING - Subject 24468 has regions with zero variance (indices: [ 27  30  64  80 101 131 135 141 165 169]). Setting correlations for these regions to 0.
2025-04-15 01:13:05,998 - root - WARNING - Subject 24469 has regions with zero variance (indices: [ 27  30  64  80 101 131 135 141 165 169]). Setting correlations for these regions to 0.
2025-04-15 01:13:06,015 - root - WARNING - Subject 24470 has regions with zero variance (indices: [ 27  30  64  80 101 131 135 141 165 169]). Setting correlations for these regions to 0.
2025-04-15 01:13:06,032 - root - WARNING - Subject 24471 has regions with zero variance (indices: [ 27  30  64  80 101 131 135 141 165 169]). Setting correlations for these regions to 0.
2025-04-15 01:13:06,049 - root - WARNING - Subject 24472 has regions with zero variance (indices: [ 27  30  64  80 101 131 135 141 165 169]). Setting correlations for these regions to 0.
2025-04-15 01:13:06,066 - root - WARNING - Subject 24473 has regions with zero variance (indices: [ 27  30  64  80 101 131 135 141 165 169]). Setting correlations for these regions to 0.
2025-04-15 01:13:06,083 - root - WARNING - Subject 24474 has regions with zero variance (indices: [ 27  30  64  80 101 131 135 141 165 169]). Setting correlations for these regions to 0.
2025-04-15 01:13:06,100 - root - WARNING - Subject 24475 has regions with zero variance (indices: [ 27  30  64  80 101 131 135 141 165 169]). Setting correlations for these regions to 0.
2025-04-15 01:13:06,117 - root - WARNING - Subject 24476 has regions with zero variance (indices: [ 27  30  64  80 101 131 135 141 165 169]). Setting correlations for these regions to 0.
2025-04-15 01:13:06,134 - root - WARNING - Subject 24477 has regions with zero variance (indices: [ 27  30  64  80 101 131 135 141 165 169]). Setting correlations for these regions to 0.
2025-04-15 01:13:06,151 - root - WARNING - Subject 24478 has regions with zero variance (indices: [ 27  30  64  80 101 131 135 141 165 169]). Setting correlations for these regions to 0.
2025-04-15 01:13:06,168 - root - WARNING - Subject 24479 has regions with zero variance (indices: [ 27  30  64  80 101 131 135 141 165 169]). Setting correlations for these regions to 0.
2025-04-15 01:13:06,185 - root - WARNING - Subject 24480 has regions with zero variance (indices: [ 27  30  64  80 101 131 135 141 165 169]). Setting correlations for these regions to 0.
2025-04-15 01:13:06,202 - root - WARNING - Subject 24481 has regions with zero variance (indices: [ 27  30  64  80 101 131 135 141 165 169]). Setting correlations for these regions to 0.
2025-04-15 01:13:06,219 - root - WARNING - Subject 24482 has regions with zero variance (indices: [ 27  30  64  80 101 131 135 141 165 169]). Setting correlations for these regions to 0.
2025-04-15 01:13:06,236 - root - WARNING - Subject 24483 has regions with zero variance (indices: [ 27  30  64  80 101 131 135 141 165 169]). Setting correlations for these regions to 0.
2025-04-15 01:13:06,253 - root - WARNING - Subject 24484 has regions with zero variance (indices: [ 27  30  64  80 101 131 135 141 165 169]). Setting correlations for these regions to 0.
2025-04-15 01:13:06,270 - root - WARNING - Subject 24485 has regions with zero variance (indices: [ 27  30  64  80 101 131 135 141 165 169]). Setting correlations for these regions to 0.
2025-04-15 01:13:06,287 - root - WARNING - Subject 24486 has regions with zero variance (indices: [ 27  30  64  80 101 131 135 141 165 169]). Setting correlations for these regions to 0.
2025-04-15 01:13:06,304 - root - WARNING - Subject 24487 has regions with zero variance (indices: [ 27  30  64  80 101 131 135 141 165 169]). Setting correlations for these regions to 0.
2025-04-15 01:13:06,321 - root - WARNING - Subject 24488 has regions with zero variance (indices: [ 27  30  64  80 101 131 135 141 165 169]). Setting correlations for these regions to 0.
2025-04-15 01:13:06,338 - root - WARNING - Subject 24489 has regions with zero variance (indices: [ 27  30  64  80 101 131 135 141 165 169]). Setting correlations for these regions to 0.
2025-04-15 01:13:06,355 - root - WARNING - Subject 24490 has regions with zero variance (indices: [ 27  30  64  80 101 131 135 141 165 169]). Setting correlations for these regions to 0.
2025-04-15 01:13:06,372 - root - WARNING - Subject 24491 has regions with zero variance (indices: [ 27  30  64  80 101 131 135 141 165 169]). Setting correlations for these regions to 0.
2025-04-15 01:13:06,389 - root - WARNING - Subject 24492 has regions with zero variance (indices: [ 27  30  64  80 101 131 135 141 165 169]). Setting correlations for these regions to 0.
2025-04-15 01:13:06,406 - root - WARNING - Subject 24493 has regions with zero variance (indices: [ 27  30  64  80 101 131 135 141 165 169]). Setting correlations for these regions to 0.
2025-04-15 01:13:06,423 - root - WARNING - Subject 24494 has regions with zero variance (indices: [ 27  30  64  80 101 131 135 141 165 169]). Setting correlations for these regions to 0.
2025-04-15 01:13:06,439 - root - WARNING - Subject 24495 has regions with zero variance (indices: [ 27  30  64  80 101 131 135 141 165 169]). Setting correlations for these regions to 0.
2025-04-15 01:13:06,456 - root - WARNING - Subject 24496 has regions with zero variance (indices: [ 27  30  64  80 101 131 135 141 165 169]). Setting correlations for these regions to 0.
2025-04-15 01:13:06,473 - root - WARNING - Subject 24497 has regions with zero variance (indices: [ 27  30  64  80 101 131 135 141 165 169]). Setting correlations for these regions to 0.
2025-04-15 01:13:06,810 - root - WARNING - Subject 25030 has regions with zero variance (indices: [ 31 197]). Setting correlations for these regions to 0.
2025-04-15 01:13:06,828 - root - WARNING - Subject 25031 has regions with zero variance (indices: [ 31 197]). Setting correlations for these regions to 0.
2025-04-15 01:13:06,847 - root - WARNING - Subject 25032 has regions with zero variance (indices: [ 31 197]). Setting correlations for these regions to 0.
2025-04-15 01:13:06,866 - root - WARNING - Subject 25033 has regions with zero variance (indices: [ 31 197]). Setting correlations for these regions to 0.
2025-04-15 01:13:06,884 - root - WARNING - Subject 25034 has regions with zero variance (indices: [ 31 197]). Setting correlations for these regions to 0.
2025-04-15 01:13:06,903 - root - WARNING - Subject 25035 has regions with zero variance (indices: [ 31 197]). Setting correlations for these regions to 0.
2025-04-15 01:13:06,921 - root - WARNING - Subject 25036 has regions with zero variance (indices: [ 31 197]). Setting correlations for these regions to 0.
2025-04-15 01:13:06,940 - root - WARNING - Subject 25037 has regions with zero variance (indices: [ 31 197]). Setting correlations for these regions to 0.
2025-04-15 01:13:06,958 - root - WARNING - Subject 25038 has regions with zero variance (indices: [ 31 197]). Setting correlations for these regions to 0.
2025-04-15 01:13:06,977 - root - WARNING - Subject 25039 has regions with zero variance (indices: [ 31 197]). Setting correlations for these regions to 0.
2025-04-15 01:13:06,995 - root - WARNING - Subject 25040 has regions with zero variance (indices: [ 31 197]). Setting correlations for these regions to 0.
2025-04-15 01:13:07,013 - root - WARNING - Subject 25041 has regions with zero variance (indices: [ 31 197]). Setting correlations for these regions to 0.
2025-04-15 01:13:07,031 - root - WARNING - Subject 25042 has regions with zero variance (indices: [ 31 197]). Setting correlations for these regions to 0.
2025-04-15 01:13:07,050 - root - WARNING - Subject 25043 has regions with zero variance (indices: [ 31 197]). Setting correlations for these regions to 0.
2025-04-15 01:13:07,068 - root - WARNING - Subject 25044 has regions with zero variance (indices: [ 31 197]). Setting correlations for these regions to 0.
2025-04-15 01:13:07,086 - root - WARNING - Subject 25045 has regions with zero variance (indices: [ 31 197]). Setting correlations for these regions to 0.
2025-04-15 01:13:07,104 - root - WARNING - Subject 25046 has regions with zero variance (indices: [ 31 197]). Setting correlations for these regions to 0.
2025-04-15 01:13:07,122 - root - WARNING - Subject 25047 has regions with zero variance (indices: [ 31 197]). Setting correlations for these regions to 0.
2025-04-15 01:13:07,141 - root - WARNING - Subject 25048 has regions with zero variance (indices: [ 31 197]). Setting correlations for these regions to 0.
2025-04-15 01:13:07,159 - root - WARNING - Subject 25049 has regions with zero variance (indices: [ 31 197]). Setting correlations for these regions to 0.
2025-04-15 01:13:07,177 - root - WARNING - Subject 25050 has regions with zero variance (indices: [ 31 197]). Setting correlations for these regions to 0.
2025-04-15 01:13:07,196 - root - WARNING - Subject 25051 has regions with zero variance (indices: [ 31 197]). Setting correlations for these regions to 0.
2025-04-15 01:13:07,214 - root - WARNING - Subject 25052 has regions with zero variance (indices: [ 31 197]). Setting correlations for these regions to 0.
2025-04-15 01:13:07,232 - root - WARNING - Subject 25053 has regions with zero variance (indices: [ 31 197]). Setting correlations for these regions to 0.
2025-04-15 01:13:07,250 - root - WARNING - Subject 25054 has regions with zero variance (indices: [ 31 197]). Setting correlations for these regions to 0.
2025-04-15 01:13:07,268 - root - WARNING - Subject 25055 has regions with zero variance (indices: [ 31 197]). Setting correlations for these regions to 0.
2025-04-15 01:13:07,287 - root - WARNING - Subject 25056 has regions with zero variance (indices: [ 31 197]). Setting correlations for these regions to 0.
2025-04-15 01:13:07,305 - root - WARNING - Subject 25057 has regions with zero variance (indices: [ 31 197]). Setting correlations for these regions to 0.
2025-04-15 01:13:07,323 - root - WARNING - Subject 25058 has regions with zero variance (indices: [ 31 197]). Setting correlations for these regions to 0.
2025-04-15 01:13:07,342 - root - WARNING - Subject 25059 has regions with zero variance (indices: [ 31 197]). Setting correlations for these regions to 0.
2025-04-15 01:13:07,360 - root - WARNING - Subject 25060 has regions with zero variance (indices: [ 31 197]). Setting correlations for these regions to 0.
2025-04-15 01:13:07,378 - root - WARNING - Subject 25061 has regions with zero variance (indices: [ 31 197]). Setting correlations for these regions to 0.
2025-04-15 01:13:07,396 - root - WARNING - Subject 25062 has regions with zero variance (indices: [ 31 197]). Setting correlations for these regions to 0.
2025-04-15 01:13:07,415 - root - WARNING - Subject 25063 has regions with zero variance (indices: [ 31 197]). Setting correlations for these regions to 0.
2025-04-15 01:13:07,433 - root - WARNING - Subject 25064 has regions with zero variance (indices: [ 31 197]). Setting correlations for these regions to 0.
2025-04-15 01:13:07,451 - root - WARNING - Subject 25065 has regions with zero variance (indices: [ 31 197]). Setting correlations for these regions to 0.
2025-04-15 01:13:07,469 - root - WARNING - Subject 25066 has regions with zero variance (indices: [ 31 197]). Setting correlations for these regions to 0.
2025-04-15 01:13:07,487 - root - WARNING - Subject 25067 has regions with zero variance (indices: [ 31 197]). Setting correlations for these regions to 0.
2025-04-15 01:13:07,506 - root - WARNING - Subject 25068 has regions with zero variance (indices: [ 31 197]). Setting correlations for these regions to 0.
2025-04-15 01:13:07,524 - root - WARNING - Subject 25069 has regions with zero variance (indices: [ 31 197]). Setting correlations for these regions to 0.
2025-04-15 01:13:07,542 - root - WARNING - Subject 25070 has regions with zero variance (indices: [ 31 197]). Setting correlations for these regions to 0.
2025-04-15 01:13:07,560 - root - WARNING - Subject 25071 has regions with zero variance (indices: [ 31 197]). Setting correlations for these regions to 0.
2025-04-15 01:13:07,578 - root - WARNING - Subject 25072 has regions with zero variance (indices: [ 31 197]). Setting correlations for these regions to 0.
2025-04-15 01:13:07,596 - root - WARNING - Subject 25073 has regions with zero variance (indices: [ 31 197]). Setting correlations for these regions to 0.
2025-04-15 01:13:07,614 - root - WARNING - Subject 25074 has regions with zero variance (indices: [ 31 197]). Setting correlations for these regions to 0.
2025-04-15 01:13:07,632 - root - WARNING - Subject 25075 has regions with zero variance (indices: [ 31 197]). Setting correlations for these regions to 0.
2025-04-15 01:13:07,650 - root - WARNING - Subject 25076 has regions with zero variance (indices: [ 31 197]). Setting correlations for these regions to 0.
2025-04-15 01:13:07,668 - root - WARNING - Subject 25077 has regions with zero variance (indices: [ 31 197]). Setting correlations for these regions to 0.
2025-04-15 01:13:07,686 - root - WARNING - Subject 25078 has regions with zero variance (indices: [ 31 197]). Setting correlations for these regions to 0.
2025-04-15 01:13:07,704 - root - WARNING - Subject 25079 has regions with zero variance (indices: [ 31 197]). Setting correlations for these regions to 0.
2025-04-15 01:13:07,723 - root - WARNING - Subject 25080 has regions with zero variance (indices: [ 31 197]). Setting correlations for these regions to 0.
2025-04-15 01:13:07,741 - root - WARNING - Subject 25081 has regions with zero variance (indices: [ 31 197]). Setting correlations for these regions to 0.
2025-04-15 01:13:07,759 - root - WARNING - Subject 25082 has regions with zero variance (indices: [ 31 197]). Setting correlations for these regions to 0.
2025-04-15 01:13:07,777 - root - WARNING - Subject 25083 has regions with zero variance (indices: [ 31 197]). Setting correlations for these regions to 0.
2025-04-15 01:13:07,795 - root - WARNING - Subject 25084 has regions with zero variance (indices: [ 31 197]). Setting correlations for these regions to 0.
2025-04-15 01:13:07,813 - root - WARNING - Subject 25085 has regions with zero variance (indices: [ 31 197]). Setting correlations for these regions to 0.
2025-04-15 01:13:07,832 - root - WARNING - Subject 25086 has regions with zero variance (indices: [ 31 197]). Setting correlations for these regions to 0.
2025-04-15 01:13:07,850 - root - WARNING - Subject 25087 has regions with zero variance (indices: [ 31 197]). Setting correlations for these regions to 0.
2025-04-15 01:13:07,868 - root - WARNING - Subject 25088 has regions with zero variance (indices: [ 31 197]). Setting correlations for these regions to 0.
2025-04-15 01:13:07,886 - root - WARNING - Subject 25089 has regions with zero variance (indices: [ 31 197]). Setting correlations for these regions to 0.
2025-04-15 01:13:07,905 - root - WARNING - Subject 25090 has regions with zero variance (indices: [ 31 197]). Setting correlations for these regions to 0.
2025-04-15 01:13:07,923 - root - WARNING - Subject 25091 has regions with zero variance (indices: [ 31 197]). Setting correlations for these regions to 0.
2025-04-15 01:13:07,941 - root - WARNING - Subject 25092 has regions with zero variance (indices: [ 31 197]). Setting correlations for these regions to 0.
2025-04-15 01:13:07,959 - root - WARNING - Subject 25093 has regions with zero variance (indices: [ 31 197]). Setting correlations for these regions to 0.
2025-04-15 01:13:07,977 - root - WARNING - Subject 25094 has regions with zero variance (indices: [ 31 197]). Setting correlations for these regions to 0.
2025-04-15 01:13:07,995 - root - WARNING - Subject 25095 has regions with zero variance (indices: [ 31 197]). Setting correlations for these regions to 0.
2025-04-15 01:13:08,014 - root - WARNING - Subject 25096 has regions with zero variance (indices: [ 31 197]). Setting correlations for these regions to 0.
2025-04-15 01:13:08,032 - root - WARNING - Subject 25097 has regions with zero variance (indices: [ 31 197]). Setting correlations for these regions to 0.
2025-04-15 01:13:08,050 - root - WARNING - Subject 25098 has regions with zero variance (indices: [ 31 197]). Setting correlations for these regions to 0.
2025-04-15 01:13:08,069 - root - WARNING - Subject 25099 has regions with zero variance (indices: [ 31 197]). Setting correlations for these regions to 0.
2025-04-15 01:13:08,087 - root - WARNING - Subject 25100 has regions with zero variance (indices: [ 31 197]). Setting correlations for these regions to 0.
2025-04-15 01:13:08,106 - root - WARNING - Subject 25101 has regions with zero variance (indices: [ 31 197]). Setting correlations for these regions to 0.
2025-04-15 01:13:08,124 - root - WARNING - Subject 25102 has regions with zero variance (indices: [ 31 197]). Setting correlations for these regions to 0.
2025-04-15 01:13:08,143 - root - WARNING - Subject 25103 has regions with zero variance (indices: [ 31 197]). Setting correlations for these regions to 0.
2025-04-15 01:13:08,161 - root - WARNING - Subject 25104 has regions with zero variance (indices: [ 31 197]). Setting correlations for these regions to 0.
2025-04-15 01:13:08,179 - root - WARNING - Subject 25105 has regions with zero variance (indices: [ 31 197]). Setting correlations for these regions to 0.
2025-04-15 01:13:08,198 - root - WARNING - Subject 25106 has regions with zero variance (indices: [ 31 197]). Setting correlations for these regions to 0.
2025-04-15 01:13:08,216 - root - WARNING - Subject 25107 has regions with zero variance (indices: [ 31 197]). Setting correlations for these regions to 0.
2025-04-15 01:13:08,234 - root - WARNING - Subject 25108 has regions with zero variance (indices: [ 31 197]). Setting correlations for these regions to 0.
2025-04-15 01:13:08,252 - root - WARNING - Subject 25109 has regions with zero variance (indices: [ 31 197]). Setting correlations for these regions to 0.
2025-04-15 01:13:08,271 - root - WARNING - Subject 25110 has regions with zero variance (indices: [ 31 197]). Setting correlations for these regions to 0.
2025-04-15 01:13:08,290 - root - WARNING - Subject 25111 has regions with zero variance (indices: [ 31 197]). Setting correlations for these regions to 0.
2025-04-15 01:13:08,308 - root - WARNING - Subject 25112 has regions with zero variance (indices: [ 31 197]). Setting correlations for these regions to 0.
2025-04-15 01:13:08,326 - root - WARNING - Subject 25113 has regions with zero variance (indices: [ 31 197]). Setting correlations for these regions to 0.
2025-04-15 01:13:08,344 - root - WARNING - Subject 25114 has regions with zero variance (indices: [ 31 197]). Setting correlations for these regions to 0.
2025-04-15 01:13:08,363 - root - WARNING - Subject 25115 has regions with zero variance (indices: [ 31 197]). Setting correlations for these regions to 0.
2025-04-15 01:13:08,381 - root - WARNING - Subject 25116 has regions with zero variance (indices: [ 31 197]). Setting correlations for these regions to 0.
2025-04-15 01:13:08,399 - root - WARNING - Subject 25117 has regions with zero variance (indices: [ 31 197]). Setting correlations for these regions to 0.
2025-04-15 01:13:08,417 - root - WARNING - Subject 25118 has regions with zero variance (indices: [ 31 197]). Setting correlations for these regions to 0.
2025-04-15 01:13:08,435 - root - WARNING - Subject 25119 has regions with zero variance (indices: [ 31 197]). Setting correlations for these regions to 0.
2025-04-15 01:13:08,453 - root - WARNING - Subject 25120 has regions with zero variance (indices: [ 31 197]). Setting correlations for these regions to 0.
2025-04-15 01:13:08,471 - root - WARNING - Subject 25121 has regions with zero variance (indices: [ 31 197]). Setting correlations for these regions to 0.
2025-04-15 01:13:08,489 - root - WARNING - Subject 25122 has regions with zero variance (indices: [ 31 197]). Setting correlations for these regions to 0.
2025-04-15 01:13:08,508 - root - WARNING - Subject 25123 has regions with zero variance (indices: [ 31 197]). Setting correlations for these regions to 0.
2025-04-15 01:13:08,526 - root - WARNING - Subject 25124 has regions with zero variance (indices: [ 31 197]). Setting correlations for these regions to 0.
2025-04-15 01:13:08,544 - root - WARNING - Subject 25125 has regions with zero variance (indices: [ 31 197]). Setting correlations for these regions to 0.
2025-04-15 01:13:08,563 - root - WARNING - Subject 25126 has regions with zero variance (indices: [ 31 197]). Setting correlations for these regions to 0.
2025-04-15 01:13:08,581 - root - WARNING - Subject 25127 has regions with zero variance (indices: [ 31 197]). Setting correlations for these regions to 0.
2025-04-15 01:13:08,599 - root - WARNING - Subject 25128 has regions with zero variance (indices: [ 31 197]). Setting correlations for these regions to 0.
2025-04-15 01:13:08,617 - root - WARNING - Subject 25129 has regions with zero variance (indices: [ 31 197]). Setting correlations for these regions to 0.
2025-04-15 01:13:08,635 - root - WARNING - Subject 25130 has regions with zero variance (indices: [ 31 197]). Setting correlations for these regions to 0.
2025-04-15 01:13:08,653 - root - WARNING - Subject 25131 has regions with zero variance (indices: [ 31 197]). Setting correlations for these regions to 0.
2025-04-15 01:13:08,672 - root - WARNING - Subject 25132 has regions with zero variance (indices: [ 31 197]). Setting correlations for these regions to 0.
2025-04-15 01:13:08,690 - root - WARNING - Subject 25133 has regions with zero variance (indices: [ 31 197]). Setting correlations for these regions to 0.
2025-04-15 01:13:08,708 - root - WARNING - Subject 25134 has regions with zero variance (indices: [ 31 197]). Setting correlations for these regions to 0.
2025-04-15 01:13:08,726 - root - WARNING - Subject 25135 has regions with zero variance (indices: [ 31 197]). Setting correlations for these regions to 0.
2025-04-15 01:13:08,744 - root - WARNING - Subject 25136 has regions with zero variance (indices: [ 31 197]). Setting correlations for these regions to 0.
2025-04-15 01:13:08,762 - root - WARNING - Subject 25137 has regions with zero variance (indices: [ 31 197]). Setting correlations for these regions to 0.
2025-04-15 01:13:08,780 - root - WARNING - Subject 25138 has regions with zero variance (indices: [ 31 197]). Setting correlations for these regions to 0.
2025-04-15 01:13:08,799 - root - WARNING - Subject 25139 has regions with zero variance (indices: [ 31 197]). Setting correlations for these regions to 0.
2025-04-15 01:13:08,816 - root - WARNING - Subject 25140 has regions with zero variance (indices: [ 31 197]). Setting correlations for these regions to 0.
2025-04-15 01:13:08,835 - root - WARNING - Subject 25141 has regions with zero variance (indices: [ 31 197]). Setting correlations for these regions to 0.
2025-04-15 01:13:08,853 - root - WARNING - Subject 25142 has regions with zero variance (indices: [ 31 197]). Setting correlations for these regions to 0.
2025-04-15 01:13:08,871 - root - WARNING - Subject 25143 has regions with zero variance (indices: [ 31 197]). Setting correlations for these regions to 0.
2025-04-15 01:13:08,889 - root - WARNING - Subject 25144 has regions with zero variance (indices: [ 31 197]). Setting correlations for these regions to 0.
2025-04-15 01:13:08,908 - root - WARNING - Subject 25145 has regions with zero variance (indices: [ 31 197]). Setting correlations for these regions to 0.
2025-04-15 01:13:08,926 - root - WARNING - Subject 25146 has regions with zero variance (indices: [ 31 197]). Setting correlations for these regions to 0.
2025-04-15 01:13:08,944 - root - WARNING - Subject 25147 has regions with zero variance (indices: [ 31 197]). Setting correlations for these regions to 0.
2025-04-15 01:13:08,962 - root - WARNING - Subject 25148 has regions with zero variance (indices: [ 31 197]). Setting correlations for these regions to 0.
2025-04-15 01:13:08,980 - root - WARNING - Subject 25149 has regions with zero variance (indices: [ 31 197]). Setting correlations for these regions to 0.
2025-04-15 01:13:08,999 - root - WARNING - Subject 25150 has regions with zero variance (indices: [ 31 197]). Setting correlations for these regions to 0.
2025-04-15 01:13:09,017 - root - WARNING - Subject 25151 has regions with zero variance (indices: [ 31 197]). Setting correlations for these regions to 0.
2025-04-15 01:13:09,035 - root - WARNING - Subject 25152 has regions with zero variance (indices: [ 31 197]). Setting correlations for these regions to 0.
2025-04-15 01:13:09,053 - root - WARNING - Subject 25153 has regions with zero variance (indices: [ 31 197]). Setting correlations for these regions to 0.
2025-04-15 01:13:09,072 - root - WARNING - Subject 25154 has regions with zero variance (indices: [ 31 197]). Setting correlations for these regions to 0.
2025-04-15 01:13:09,090 - root - WARNING - Subject 25155 has regions with zero variance (indices: [ 31 197]). Setting correlations for these regions to 0.
2025-04-15 01:13:09,108 - root - WARNING - Subject 25156 has regions with zero variance (indices: [ 31 197]). Setting correlations for these regions to 0.
2025-04-15 01:13:09,126 - root - WARNING - Subject 25157 has regions with zero variance (indices: [ 31 197]). Setting correlations for these regions to 0.
2025-04-15 01:13:09,144 - root - WARNING - Subject 25158 has regions with zero variance (indices: [ 31 197]). Setting correlations for these regions to 0.
2025-04-15 01:13:09,163 - root - WARNING - Subject 25159 has regions with zero variance (indices: [ 31 197]). Setting correlations for these regions to 0.
2025-04-15 01:13:09,181 - root - WARNING - Subject 25160 has regions with zero variance (indices: [ 31 197]). Setting correlations for these regions to 0.
2025-04-15 01:13:09,199 - root - WARNING - Subject 25161 has regions with zero variance (indices: [ 31 197]). Setting correlations for these regions to 0.
2025-04-15 01:13:09,217 - root - WARNING - Subject 25162 has regions with zero variance (indices: [ 31 197]). Setting correlations for these regions to 0.
2025-04-15 01:13:09,235 - root - WARNING - Subject 25163 has regions with zero variance (indices: [ 31 197]). Setting correlations for these regions to 0.
2025-04-15 01:13:09,253 - root - WARNING - Subject 25164 has regions with zero variance (indices: [ 31 197]). Setting correlations for these regions to 0.
2025-04-15 01:13:09,271 - root - WARNING - Subject 25165 has regions with zero variance (indices: [ 31 197]). Setting correlations for these regions to 0.
2025-04-15 01:13:09,289 - root - WARNING - Subject 25166 has regions with zero variance (indices: [ 31 197]). Setting correlations for these regions to 0.
2025-04-15 01:13:09,307 - root - WARNING - Subject 25167 has regions with zero variance (indices: [ 31 197]). Setting correlations for these regions to 0.
2025-04-15 01:13:09,325 - root - WARNING - Subject 25168 has regions with zero variance (indices: [ 31 197]). Setting correlations for these regions to 0.
2025-04-15 01:13:09,344 - root - WARNING - Subject 25169 has regions with zero variance (indices: [ 31 197]). Setting correlations for these regions to 0.
2025-04-15 01:13:09,362 - root - WARNING - Subject 25170 has regions with zero variance (indices: [ 31 197]). Setting correlations for these regions to 0.
2025-04-15 01:13:09,380 - root - WARNING - Subject 25171 has regions with zero variance (indices: [ 31 197]). Setting correlations for these regions to 0.
2025-04-15 01:13:09,398 - root - WARNING - Subject 25172 has regions with zero variance (indices: [ 31 197]). Setting correlations for these regions to 0.
2025-04-15 01:13:09,416 - root - WARNING - Subject 25173 has regions with zero variance (indices: [ 31 197]). Setting correlations for these regions to 0.
2025-04-15 01:13:09,434 - root - WARNING - Subject 25174 has regions with zero variance (indices: [ 31 197]). Setting correlations for these regions to 0.
2025-04-15 01:13:09,453 - root - WARNING - Subject 25175 has regions with zero variance (indices: [ 31 197]). Setting correlations for these regions to 0.
2025-04-15 01:13:09,471 - root - WARNING - Subject 25176 has regions with zero variance (indices: [ 31 197]). Setting correlations for these regions to 0.
2025-04-15 01:13:09,489 - root - WARNING - Subject 25177 has regions with zero variance (indices: [ 31 197]). Setting correlations for these regions to 0.
2025-04-15 01:13:09,507 - root - WARNING - Subject 25178 has regions with zero variance (indices: [ 31 197]). Setting correlations for these regions to 0.
2025-04-15 01:13:09,525 - root - WARNING - Subject 25179 has regions with zero variance (indices: [ 31 197]). Setting correlations for these regions to 0.
2025-04-15 01:13:09,543 - root - WARNING - Subject 25180 has regions with zero variance (indices: [ 31 197]). Setting correlations for these regions to 0.
2025-04-15 01:13:09,561 - root - WARNING - Subject 25181 has regions with zero variance (indices: [ 31 197]). Setting correlations for these regions to 0.
2025-04-15 01:13:09,579 - root - WARNING - Subject 25182 has regions with zero variance (indices: [ 31 197]). Setting correlations for these regions to 0.
2025-04-15 01:13:09,597 - root - WARNING - Subject 25183 has regions with zero variance (indices: [ 31 197]). Setting correlations for these regions to 0.
2025-04-15 01:13:09,615 - root - WARNING - Subject 25184 has regions with zero variance (indices: [ 31 197]). Setting correlations for these regions to 0.
2025-04-15 01:13:09,633 - root - WARNING - Subject 25185 has regions with zero variance (indices: [ 31 197]). Setting correlations for these regions to 0.
2025-04-15 01:13:09,651 - root - WARNING - Subject 25186 has regions with zero variance (indices: [ 31 197]). Setting correlations for these regions to 0.
2025-04-15 01:13:09,670 - root - WARNING - Subject 25187 has regions with zero variance (indices: [ 31 197]). Setting correlations for these regions to 0.
2025-04-15 01:13:09,688 - root - WARNING - Subject 25188 has regions with zero variance (indices: [ 31 197]). Setting correlations for these regions to 0.
2025-04-15 01:13:09,706 - root - WARNING - Subject 25189 has regions with zero variance (indices: [ 31 197]). Setting correlations for these regions to 0.
2025-04-15 01:13:09,724 - root - WARNING - Subject 25190 has regions with zero variance (indices: [ 31 197]). Setting correlations for these regions to 0.
2025-04-15 01:13:09,742 - root - WARNING - Subject 25191 has regions with zero variance (indices: [ 31 197]). Setting correlations for these regions to 0.
2025-04-15 01:13:09,760 - root - WARNING - Subject 25192 has regions with zero variance (indices: [ 31 197]). Setting correlations for these regions to 0.
2025-04-15 01:13:09,778 - root - WARNING - Subject 25193 has regions with zero variance (indices: [ 31 197]). Setting correlations for these regions to 0.
2025-04-15 01:13:09,797 - root - WARNING - Subject 25194 has regions with zero variance (indices: [ 31 197]). Setting correlations for these regions to 0.
2025-04-15 01:13:09,815 - root - WARNING - Subject 25195 has regions with zero variance (indices: [ 31 197]). Setting correlations for these regions to 0.
2025-04-15 01:13:09,833 - root - WARNING - Subject 25196 has regions with zero variance (indices: [ 31 197]). Setting correlations for these regions to 0.
2025-04-15 01:13:09,851 - root - WARNING - Subject 25197 has regions with zero variance (indices: [ 31 197]). Setting correlations for these regions to 0.
2025-04-15 01:13:09,869 - root - WARNING - Subject 25198 has regions with zero variance (indices: [ 31 197]). Setting correlations for these regions to 0.
2025-04-15 01:13:09,888 - root - WARNING - Subject 25199 has regions with zero variance (indices: [ 31 197]). Setting correlations for these regions to 0.
2025-04-15 01:13:09,906 - root - WARNING - Subject 25200 has regions with zero variance (indices: [ 31 197]). Setting correlations for these regions to 0.
2025-04-15 01:13:09,924 - root - WARNING - Subject 25201 has regions with zero variance (indices: [ 31 197]). Setting correlations for these regions to 0.
2025-04-15 01:13:09,942 - root - WARNING - Subject 25202 has regions with zero variance (indices: [ 31 197]). Setting correlations for these regions to 0.
2025-04-15 01:13:09,960 - root - WARNING - Subject 25203 has regions with zero variance (indices: [ 31 197]). Setting correlations for these regions to 0.
2025-04-15 01:13:09,978 - root - WARNING - Subject 25204 has regions with zero variance (indices: [ 31 197]). Setting correlations for these regions to 0.
2025-04-15 01:13:09,996 - root - WARNING - Subject 25205 has regions with zero variance (indices: [ 31 197]). Setting correlations for these regions to 0.
2025-04-15 01:13:10,014 - root - WARNING - Subject 25206 has regions with zero variance (indices: [ 31 197]). Setting correlations for these regions to 0.
2025-04-15 01:13:10,032 - root - WARNING - Subject 25207 has regions with zero variance (indices: [ 31 197]). Setting correlations for these regions to 0.
2025-04-15 01:13:10,050 - root - WARNING - Subject 25208 has regions with zero variance (indices: [ 31 197]). Setting correlations for these regions to 0.
2025-04-15 01:13:10,068 - root - WARNING - Subject 25209 has regions with zero variance (indices: [ 31 197]). Setting correlations for these regions to 0.
2025-04-15 01:13:10,087 - root - WARNING - Subject 25210 has regions with zero variance (indices: [ 31 197]). Setting correlations for these regions to 0.
2025-04-15 01:13:10,105 - root - WARNING - Subject 25211 has regions with zero variance (indices: [ 31 197]). Setting correlations for these regions to 0.
2025-04-15 01:13:10,123 - root - WARNING - Subject 25212 has regions with zero variance (indices: [ 31 197]). Setting correlations for these regions to 0.
2025-04-15 01:13:10,141 - root - WARNING - Subject 25213 has regions with zero variance (indices: [ 31 197]). Setting correlations for these regions to 0.
2025-04-15 01:13:10,160 - root - WARNING - Subject 25214 has regions with zero variance (indices: [ 31 197]). Setting correlations for these regions to 0.
2025-04-15 01:13:10,178 - root - WARNING - Subject 25215 has regions with zero variance (indices: [ 31 197]). Setting correlations for these regions to 0.
2025-04-15 01:13:10,196 - root - WARNING - Subject 25216 has regions with zero variance (indices: [ 31 197]). Setting correlations for these regions to 0.
2025-04-15 01:13:10,214 - root - WARNING - Subject 25217 has regions with zero variance (indices: [ 31 197]). Setting correlations for these regions to 0.
2025-04-15 01:13:10,233 - root - WARNING - Subject 25218 has regions with zero variance (indices: [ 31 197]). Setting correlations for these regions to 0.
2025-04-15 01:13:10,251 - root - WARNING - Subject 25219 has regions with zero variance (indices: [ 31 197]). Setting correlations for these regions to 0.
2025-04-15 01:13:10,269 - root - WARNING - Subject 25220 has regions with zero variance (indices: [ 31 197]). Setting correlations for these regions to 0.
2025-04-15 01:13:10,287 - root - WARNING - Subject 25221 has regions with zero variance (indices: [ 31 197]). Setting correlations for these regions to 0.
2025-04-15 01:13:10,305 - root - WARNING - Subject 25222 has regions with zero variance (indices: [ 31 197]). Setting correlations for these regions to 0.
2025-04-15 01:13:10,324 - root - WARNING - Subject 25223 has regions with zero variance (indices: [ 31 197]). Setting correlations for these regions to 0.
2025-04-15 01:13:10,342 - root - WARNING - Subject 25224 has regions with zero variance (indices: [ 31 197]). Setting correlations for these regions to 0.
2025-04-15 01:13:10,360 - root - WARNING - Subject 25225 has regions with zero variance (indices: [ 31 197]). Setting correlations for these regions to 0.
2025-04-15 01:13:10,378 - root - WARNING - Subject 25226 has regions with zero variance (indices: [ 31 197]). Setting correlations for these regions to 0.
2025-04-15 01:13:10,396 - root - WARNING - Subject 25227 has regions with zero variance (indices: [ 31 197]). Setting correlations for these regions to 0.
2025-04-15 01:13:10,415 - root - WARNING - Subject 25228 has regions with zero variance (indices: [ 31 197]). Setting correlations for these regions to 0.
2025-04-15 01:13:10,433 - root - WARNING - Subject 25229 has regions with zero variance (indices: [ 31 197]). Setting correlations for these regions to 0.
2025-04-15 01:13:10,451 - root - WARNING - Subject 25230 has regions with zero variance (indices: [ 31 197]). Setting correlations for these regions to 0.
2025-04-15 01:13:10,469 - root - WARNING - Subject 25231 has regions with zero variance (indices: [ 31 197]). Setting correlations for these regions to 0.
2025-04-15 01:13:10,487 - root - WARNING - Subject 25232 has regions with zero variance (indices: [ 31 197]). Setting correlations for these regions to 0.
2025-04-15 01:13:10,505 - root - WARNING - Subject 25233 has regions with zero variance (indices: [ 31 197]). Setting correlations for these regions to 0.
2025-04-15 01:13:10,523 - root - WARNING - Subject 25234 has regions with zero variance (indices: [ 31 197]). Setting correlations for these regions to 0.
2025-04-15 01:13:10,541 - root - WARNING - Subject 25235 has regions with zero variance (indices: [ 31 197]). Setting correlations for these regions to 0.
2025-04-15 01:13:10,559 - root - WARNING - Subject 25236 has regions with zero variance (indices: [ 31 197]). Setting correlations for these regions to 0.
2025-04-15 01:13:10,578 - root - WARNING - Subject 25237 has regions with zero variance (indices: [ 31 197]). Setting correlations for these regions to 0.
2025-04-15 01:13:10,596 - root - WARNING - Subject 25238 has regions with zero variance (indices: [ 31 197]). Setting correlations for these regions to 0.
2025-04-15 01:13:10,614 - root - WARNING - Subject 25239 has regions with zero variance (indices: [ 31 197]). Setting correlations for these regions to 0.
2025-04-15 01:13:10,632 - root - WARNING - Subject 25240 has regions with zero variance (indices: [ 31 197]). Setting correlations for these regions to 0.
2025-04-15 01:13:10,651 - root - WARNING - Subject 25241 has regions with zero variance (indices: [ 31 197]). Setting correlations for these regions to 0.
2025-04-15 01:13:10,669 - root - WARNING - Subject 25242 has regions with zero variance (indices: [ 31 197]). Setting correlations for these regions to 0.
2025-04-15 01:13:10,687 - root - WARNING - Subject 25243 has regions with zero variance (indices: [ 31 197]). Setting correlations for these regions to 0.
2025-04-15 01:13:10,705 - root - WARNING - Subject 25244 has regions with zero variance (indices: [ 31 197]). Setting correlations for these regions to 0.
2025-04-15 01:13:10,723 - root - WARNING - Subject 25245 has regions with zero variance (indices: [ 31 197]). Setting correlations for these regions to 0.
2025-04-15 01:13:10,741 - root - WARNING - Subject 25246 has regions with zero variance (indices: [ 31 197]). Setting correlations for these regions to 0.
2025-04-15 01:13:10,760 - root - WARNING - Subject 25247 has regions with zero variance (indices: [ 31 197]). Setting correlations for these regions to 0.
2025-04-15 01:13:10,778 - root - WARNING - Subject 25248 has regions with zero variance (indices: [ 31 197]). Setting correlations for these regions to 0.
2025-04-15 01:13:10,796 - root - WARNING - Subject 25249 has regions with zero variance (indices: [ 31 197]). Setting correlations for these regions to 0.
2025-04-15 01:13:10,814 - root - WARNING - Subject 25250 has regions with zero variance (indices: [ 31 197]). Setting correlations for these regions to 0.
2025-04-15 01:13:10,833 - root - WARNING - Subject 25251 has regions with zero variance (indices: [ 31 197]). Setting correlations for these regions to 0.
2025-04-15 01:13:10,851 - root - WARNING - Subject 25252 has regions with zero variance (indices: [ 31 197]). Setting correlations for these regions to 0.
2025-04-15 01:13:10,869 - root - WARNING - Subject 25253 has regions with zero variance (indices: [ 31 197]). Setting correlations for these regions to 0.
2025-04-15 01:13:10,887 - root - WARNING - Subject 25254 has regions with zero variance (indices: [ 31 197]). Setting correlations for these regions to 0.
2025-04-15 01:13:10,905 - root - WARNING - Subject 25255 has regions with zero variance (indices: [ 31 197]). Setting correlations for these regions to 0.
2025-04-15 01:13:10,923 - root - WARNING - Subject 25256 has regions with zero variance (indices: [ 31 197]). Setting correlations for these regions to 0.
2025-04-15 01:13:10,942 - root - WARNING - Subject 25257 has regions with zero variance (indices: [ 31 197]). Setting correlations for these regions to 0.
2025-04-15 01:13:10,960 - root - WARNING - Subject 25258 has regions with zero variance (indices: [ 31 197]). Setting correlations for these regions to 0.
2025-04-15 01:13:10,978 - root - WARNING - Subject 25259 has regions with zero variance (indices: [ 31 197]). Setting correlations for these regions to 0.
2025-04-15 01:13:10,997 - root - WARNING - Subject 25260 has regions with zero variance (indices: [ 31 197]). Setting correlations for these regions to 0.
2025-04-15 01:13:11,016 - root - WARNING - Subject 25261 has regions with zero variance (indices: [ 31 197]). Setting correlations for these regions to 0.
2025-04-15 01:13:11,034 - root - WARNING - Subject 25262 has regions with zero variance (indices: [ 31 197]). Setting correlations for these regions to 0.
2025-04-15 01:13:11,053 - root - WARNING - Subject 25263 has regions with zero variance (indices: [ 31 197]). Setting correlations for these regions to 0.
2025-04-15 01:13:11,071 - root - WARNING - Subject 25264 has regions with zero variance (indices: [ 31 197]). Setting correlations for these regions to 0.
2025-04-15 01:13:11,090 - root - WARNING - Subject 25265 has regions with zero variance (indices: [ 31 197]). Setting correlations for these regions to 0.
2025-04-15 01:13:11,108 - root - WARNING - Subject 25266 has regions with zero variance (indices: [ 31 197]). Setting correlations for these regions to 0.
2025-04-15 01:13:11,127 - root - WARNING - Subject 25267 has regions with zero variance (indices: [ 31 197]). Setting correlations for these regions to 0.
2025-04-15 01:13:11,145 - root - WARNING - Subject 25268 has regions with zero variance (indices: [ 31 197]). Setting correlations for these regions to 0.
2025-04-15 01:13:11,163 - root - WARNING - Subject 25269 has regions with zero variance (indices: [ 31 197]). Setting correlations for these regions to 0.
2025-04-15 01:13:11,181 - root - WARNING - Subject 25270 has regions with zero variance (indices: [ 31 197]). Setting correlations for these regions to 0.
2025-04-15 01:13:11,199 - root - WARNING - Subject 25271 has regions with zero variance (indices: [ 31 197]). Setting correlations for these regions to 0.
2025-04-15 01:13:11,218 - root - WARNING - Subject 25272 has regions with zero variance (indices: [ 31 197]). Setting correlations for these regions to 0.
2025-04-15 01:13:11,236 - root - WARNING - Subject 25273 has regions with zero variance (indices: [ 31 197]). Setting correlations for these regions to 0.
2025-04-15 01:13:11,255 - root - WARNING - Subject 25274 has regions with zero variance (indices: [ 31 197]). Setting correlations for these regions to 0.
2025-04-15 01:13:11,273 - root - WARNING - Subject 25275 has regions with zero variance (indices: [ 31 197]). Setting correlations for these regions to 0.
2025-04-15 01:13:11,291 - root - WARNING - Subject 25276 has regions with zero variance (indices: [ 31 197]). Setting correlations for these regions to 0.
2025-04-15 01:13:11,310 - root - WARNING - Subject 25277 has regions with zero variance (indices: [ 31 197]). Setting correlations for these regions to 0.
2025-04-15 01:13:11,328 - root - WARNING - Subject 25278 has regions with zero variance (indices: [ 31 197]). Setting correlations for these regions to 0.
2025-04-15 01:13:11,346 - root - WARNING - Subject 25279 has regions with zero variance (indices: [ 31 197]). Setting correlations for these regions to 0.
2025-04-15 01:13:11,364 - root - WARNING - Subject 25280 has regions with zero variance (indices: [ 31 197]). Setting correlations for these regions to 0.
2025-04-15 01:13:11,382 - root - WARNING - Subject 25281 has regions with zero variance (indices: [ 31 197]). Setting correlations for these regions to 0.
2025-04-15 01:13:11,401 - root - WARNING - Subject 25282 has regions with zero variance (indices: [ 31 197]). Setting correlations for these regions to 0.
2025-04-15 01:13:11,419 - root - WARNING - Subject 25283 has regions with zero variance (indices: [ 31 197]). Setting correlations for these regions to 0.
2025-04-15 01:13:11,437 - root - WARNING - Subject 25284 has regions with zero variance (indices: [ 31 197]). Setting correlations for these regions to 0.
2025-04-15 01:13:11,455 - root - WARNING - Subject 25285 has regions with zero variance (indices: [ 31 197]). Setting correlations for these regions to 0.
2025-04-15 01:13:11,474 - root - WARNING - Subject 25286 has regions with zero variance (indices: [ 31 197]). Setting correlations for these regions to 0.
2025-04-15 01:13:11,492 - root - WARNING - Subject 25287 has regions with zero variance (indices: [ 31 197]). Setting correlations for these regions to 0.
2025-04-15 01:13:11,510 - root - WARNING - Subject 25288 has regions with zero variance (indices: [ 31 197]). Setting correlations for these regions to 0.
2025-04-15 01:13:11,528 - root - WARNING - Subject 25289 has regions with zero variance (indices: [ 31 197]). Setting correlations for these regions to 0.
2025-04-15 01:13:11,547 - root - WARNING - Subject 25290 has regions with zero variance (indices: [ 31 197]). Setting correlations for these regions to 0.
2025-04-15 01:13:11,565 - root - WARNING - Subject 25291 has regions with zero variance (indices: [ 31 197]). Setting correlations for these regions to 0.
2025-04-15 01:13:11,583 - root - WARNING - Subject 25292 has regions with zero variance (indices: [ 31 197]). Setting correlations for these regions to 0.
2025-04-15 01:13:11,601 - root - WARNING - Subject 25293 has regions with zero variance (indices: [ 31 197]). Setting correlations for these regions to 0.
2025-04-15 01:13:11,620 - root - WARNING - Subject 25294 has regions with zero variance (indices: [ 31 197]). Setting correlations for these regions to 0.
2025-04-15 01:13:11,638 - root - WARNING - Subject 25295 has regions with zero variance (indices: [ 31 197]). Setting correlations for these regions to 0.
2025-04-15 01:13:17,119 - root - WARNING - Subject 34074 has regions with zero variance (indices: [ 22 124 166 168 182]). Setting correlations for these regions to 0.
2025-04-15 01:13:17,137 - root - WARNING - Subject 34075 has regions with zero variance (indices: [ 22 124 166 168 182]). Setting correlations for these regions to 0.
2025-04-15 01:13:17,155 - root - WARNING - Subject 34076 has regions with zero variance (indices: [ 22 124 166 168 182]). Setting correlations for these regions to 0.
2025-04-15 01:13:17,173 - root - WARNING - Subject 34077 has regions with zero variance (indices: [ 22 124 166 168 182]). Setting correlations for these regions to 0.
2025-04-15 01:13:17,191 - root - WARNING - Subject 34078 has regions with zero variance (indices: [ 22 124 166 168 182]). Setting correlations for these regions to 0.
2025-04-15 01:13:17,209 - root - WARNING - Subject 34079 has regions with zero variance (indices: [ 22 124 166 168 182]). Setting correlations for these regions to 0.
2025-04-15 01:13:17,227 - root - WARNING - Subject 34080 has regions with zero variance (indices: [ 22 124 166 168 182]). Setting correlations for these regions to 0.
2025-04-15 01:13:17,245 - root - WARNING - Subject 34081 has regions with zero variance (indices: [ 22 124 166 168 182]). Setting correlations for these regions to 0.
2025-04-15 01:13:17,263 - root - WARNING - Subject 34082 has regions with zero variance (indices: [ 22 124 166 168 182]). Setting correlations for these regions to 0.
2025-04-15 01:13:17,281 - root - WARNING - Subject 34083 has regions with zero variance (indices: [ 22 124 166 168 182]). Setting correlations for these regions to 0.
2025-04-15 01:13:17,300 - root - WARNING - Subject 34084 has regions with zero variance (indices: [ 22 124 166 168 182]). Setting correlations for these regions to 0.
2025-04-15 01:13:17,318 - root - WARNING - Subject 34085 has regions with zero variance (indices: [ 22 124 166 168 182]). Setting correlations for these regions to 0.
2025-04-15 01:13:17,336 - root - WARNING - Subject 34086 has regions with zero variance (indices: [ 22 124 166 168 182]). Setting correlations for these regions to 0.
2025-04-15 01:13:17,354 - root - WARNING - Subject 34087 has regions with zero variance (indices: [ 22 124 166 168 182]). Setting correlations for these regions to 0.
2025-04-15 01:13:17,372 - root - WARNING - Subject 34088 has regions with zero variance (indices: [ 22 124 166 168 182]). Setting correlations for these regions to 0.
2025-04-15 01:13:17,391 - root - WARNING - Subject 34089 has regions with zero variance (indices: [ 22 124 166 168 182]). Setting correlations for these regions to 0.
2025-04-15 01:13:17,409 - root - WARNING - Subject 34090 has regions with zero variance (indices: [ 22 124 166 168 182]). Setting correlations for these regions to 0.
2025-04-15 01:13:17,427 - root - WARNING - Subject 34091 has regions with zero variance (indices: [ 22 124 166 168 182]). Setting correlations for these regions to 0.
2025-04-15 01:13:17,445 - root - WARNING - Subject 34092 has regions with zero variance (indices: [ 22 124 166 168 182]). Setting correlations for these regions to 0.
2025-04-15 01:13:17,464 - root - WARNING - Subject 34093 has regions with zero variance (indices: [ 22 124 166 168 182]). Setting correlations for these regions to 0.
2025-04-15 01:13:17,482 - root - WARNING - Subject 34094 has regions with zero variance (indices: [ 22 124 166 168 182]). Setting correlations for these regions to 0.
2025-04-15 01:13:17,500 - root - WARNING - Subject 34095 has regions with zero variance (indices: [ 22 124 166 168 182]). Setting correlations for these regions to 0.
2025-04-15 01:13:17,518 - root - WARNING - Subject 34096 has regions with zero variance (indices: [ 22 124 166 168 182]). Setting correlations for these regions to 0.
2025-04-15 01:13:17,536 - root - WARNING - Subject 34097 has regions with zero variance (indices: [ 22 124 166 168 182]). Setting correlations for these regions to 0.
2025-04-15 01:13:17,554 - root - WARNING - Subject 34098 has regions with zero variance (indices: [ 22 124 166 168 182]). Setting correlations for these regions to 0.
2025-04-15 01:13:17,572 - root - WARNING - Subject 34099 has regions with zero variance (indices: [ 22 124 166 168 182]). Setting correlations for these regions to 0.
2025-04-15 01:13:17,590 - root - WARNING - Subject 34100 has regions with zero variance (indices: [ 22 124 166 168 182]). Setting correlations for these regions to 0.
2025-04-15 01:13:17,608 - root - WARNING - Subject 34101 has regions with zero variance (indices: [ 22 124 166 168 182]). Setting correlations for these regions to 0.
2025-04-15 01:13:17,626 - root - WARNING - Subject 34102 has regions with zero variance (indices: [ 22 124 166 168 182]). Setting correlations for these regions to 0.
2025-04-15 01:13:17,644 - root - WARNING - Subject 34103 has regions with zero variance (indices: [ 22 124 166 168 182]). Setting correlations for these regions to 0.
2025-04-15 01:13:17,662 - root - WARNING - Subject 34104 has regions with zero variance (indices: [ 22 124 166 168 182]). Setting correlations for these regions to 0.
2025-04-15 01:13:17,681 - root - WARNING - Subject 34105 has regions with zero variance (indices: [ 22 124 166 168 182]). Setting correlations for these regions to 0.
2025-04-15 01:13:17,699 - root - WARNING - Subject 34106 has regions with zero variance (indices: [ 22 124 166 168 182]). Setting correlations for these regions to 0.
2025-04-15 01:13:17,717 - root - WARNING - Subject 34107 has regions with zero variance (indices: [ 22 124 166 168 182]). Setting correlations for these regions to 0.
2025-04-15 01:13:17,734 - root - WARNING - Subject 34108 has regions with zero variance (indices: [ 22 124 166 168 182]). Setting correlations for these regions to 0.
2025-04-15 01:13:17,753 - root - WARNING - Subject 34109 has regions with zero variance (indices: [ 22 124 166 168 182]). Setting correlations for these regions to 0.
2025-04-15 01:13:17,771 - root - WARNING - Subject 34110 has regions with zero variance (indices: [ 22 124 166 168 182]). Setting correlations for these regions to 0.
2025-04-15 01:13:17,789 - root - WARNING - Subject 34111 has regions with zero variance (indices: [ 22 124 166 168 182]). Setting correlations for these regions to 0.
2025-04-15 01:13:17,806 - root - WARNING - Subject 34112 has regions with zero variance (indices: [ 22 124 166 168 182]). Setting correlations for these regions to 0.
2025-04-15 01:13:17,825 - root - WARNING - Subject 34113 has regions with zero variance (indices: [ 22 124 166 168 182]). Setting correlations for these regions to 0.
2025-04-15 01:13:17,843 - root - WARNING - Subject 34114 has regions with zero variance (indices: [ 22 124 166 168 182]). Setting correlations for these regions to 0.
2025-04-15 01:13:17,861 - root - WARNING - Subject 34115 has regions with zero variance (indices: [ 22 124 166 168 182]). Setting correlations for these regions to 0.
2025-04-15 01:13:17,879 - root - WARNING - Subject 34116 has regions with zero variance (indices: [ 22 124 166 168 182]). Setting correlations for these regions to 0.
2025-04-15 01:13:17,896 - root - WARNING - Subject 34117 has regions with zero variance (indices: [ 22 124 166 168 182]). Setting correlations for these regions to 0.
2025-04-15 01:13:17,914 - root - WARNING - Subject 34118 has regions with zero variance (indices: [ 22 124 166 168 182]). Setting correlations for these regions to 0.
2025-04-15 01:13:17,933 - root - WARNING - Subject 34119 has regions with zero variance (indices: [ 22 124 166 168 182]). Setting correlations for these regions to 0.
2025-04-15 01:13:17,950 - root - WARNING - Subject 34120 has regions with zero variance (indices: [ 22 124 166 168 182]). Setting correlations for these regions to 0.
2025-04-15 01:13:17,968 - root - WARNING - Subject 34121 has regions with zero variance (indices: [ 22 124 166 168 182]). Setting correlations for these regions to 0.
2025-04-15 01:13:17,986 - root - WARNING - Subject 34122 has regions with zero variance (indices: [ 22 124 166 168 182]). Setting correlations for these regions to 0.
2025-04-15 01:13:18,004 - root - WARNING - Subject 34123 has regions with zero variance (indices: [ 22 124 166 168 182]). Setting correlations for these regions to 0.
2025-04-15 01:13:18,022 - root - WARNING - Subject 34124 has regions with zero variance (indices: [ 22 124 166 168 182]). Setting correlations for these regions to 0.
2025-04-15 01:13:18,040 - root - WARNING - Subject 34125 has regions with zero variance (indices: [ 22 124 166 168 182]). Setting correlations for these regions to 0.
2025-04-15 01:13:18,058 - root - WARNING - Subject 34126 has regions with zero variance (indices: [ 22 124 166 168 182]). Setting correlations for these regions to 0.
2025-04-15 01:13:18,076 - root - WARNING - Subject 34127 has regions with zero variance (indices: [ 22 124 166 168 182]). Setting correlations for these regions to 0.
2025-04-15 01:13:18,094 - root - WARNING - Subject 34128 has regions with zero variance (indices: [ 22 124 166 168 182]). Setting correlations for these regions to 0.
2025-04-15 01:13:18,112 - root - WARNING - Subject 34129 has regions with zero variance (indices: [ 22 124 166 168 182]). Setting correlations for these regions to 0.
2025-04-15 01:13:18,130 - root - WARNING - Subject 34130 has regions with zero variance (indices: [ 22 124 166 168 182]). Setting correlations for these regions to 0.
2025-04-15 01:13:18,148 - root - WARNING - Subject 34131 has regions with zero variance (indices: [ 22 124 166 168 182]). Setting correlations for these regions to 0.
2025-04-15 01:13:18,166 - root - WARNING - Subject 34132 has regions with zero variance (indices: [ 22 124 166 168 182]). Setting correlations for these regions to 0.
2025-04-15 01:13:18,184 - root - WARNING - Subject 34133 has regions with zero variance (indices: [ 22 124 166 168 182]). Setting correlations for these regions to 0.
2025-04-15 01:13:18,202 - root - WARNING - Subject 34134 has regions with zero variance (indices: [ 22 124 166 168 182]). Setting correlations for these regions to 0.
2025-04-15 01:13:18,220 - root - WARNING - Subject 34135 has regions with zero variance (indices: [ 22 124 166 168 182]). Setting correlations for these regions to 0.
2025-04-15 01:13:18,238 - root - WARNING - Subject 34136 has regions with zero variance (indices: [ 22 124 166 168 182]). Setting correlations for these regions to 0.
2025-04-15 01:13:18,256 - root - WARNING - Subject 34137 has regions with zero variance (indices: [ 22 124 166 168 182]). Setting correlations for these regions to 0.
2025-04-15 01:13:18,274 - root - WARNING - Subject 34138 has regions with zero variance (indices: [ 22 124 166 168 182]). Setting correlations for these regions to 0.
2025-04-15 01:13:18,292 - root - WARNING - Subject 34139 has regions with zero variance (indices: [ 22 124 166 168 182]). Setting correlations for these regions to 0.
2025-04-15 01:13:18,310 - root - WARNING - Subject 34140 has regions with zero variance (indices: [ 22 124 166 168 182]). Setting correlations for these regions to 0.
2025-04-15 01:13:18,328 - root - WARNING - Subject 34141 has regions with zero variance (indices: [ 22 124 166 168 182]). Setting correlations for these regions to 0.
2025-04-15 01:13:18,346 - root - WARNING - Subject 34142 has regions with zero variance (indices: [ 22 124 166 168 182]). Setting correlations for these regions to 0.
2025-04-15 01:13:18,364 - root - WARNING - Subject 34143 has regions with zero variance (indices: [ 22 124 166 168 182]). Setting correlations for these regions to 0.
2025-04-15 01:13:18,382 - root - WARNING - Subject 34144 has regions with zero variance (indices: [ 22 124 166 168 182]). Setting correlations for these regions to 0.
2025-04-15 01:13:18,400 - root - WARNING - Subject 34145 has regions with zero variance (indices: [ 22 124 166 168 182]). Setting correlations for these regions to 0.
2025-04-15 01:13:18,418 - root - WARNING - Subject 34146 has regions with zero variance (indices: [ 22 124 166 168 182]). Setting correlations for these regions to 0.
2025-04-15 01:13:18,436 - root - WARNING - Subject 34147 has regions with zero variance (indices: [ 22 124 166 168 182]). Setting correlations for these regions to 0.
2025-04-15 01:13:18,454 - root - WARNING - Subject 34148 has regions with zero variance (indices: [ 22 124 166 168 182]). Setting correlations for these regions to 0.
2025-04-15 01:13:18,472 - root - WARNING - Subject 34149 has regions with zero variance (indices: [ 22 124 166 168 182]). Setting correlations for these regions to 0.
2025-04-15 01:13:18,490 - root - WARNING - Subject 34150 has regions with zero variance (indices: [ 22 124 166 168 182]). Setting correlations for these regions to 0.
2025-04-15 01:13:18,508 - root - WARNING - Subject 34151 has regions with zero variance (indices: [ 22 124 166 168 182]). Setting correlations for these regions to 0.
2025-04-15 01:13:18,526 - root - WARNING - Subject 34152 has regions with zero variance (indices: [ 22 124 166 168 182]). Setting correlations for these regions to 0.
2025-04-15 01:13:18,544 - root - WARNING - Subject 34153 has regions with zero variance (indices: [ 22 124 166 168 182]). Setting correlations for these regions to 0.
2025-04-15 01:13:18,561 - root - WARNING - Subject 34154 has regions with zero variance (indices: [ 22 124 166 168 182]). Setting correlations for these regions to 0.
2025-04-15 01:13:18,581 - root - WARNING - Subject 34155 has regions with zero variance (indices: [ 22 124 166 168 182]). Setting correlations for these regions to 0.
2025-04-15 01:13:18,599 - root - WARNING - Subject 34156 has regions with zero variance (indices: [ 22 124 166 168 182]). Setting correlations for these regions to 0.
2025-04-15 01:13:18,617 - root - WARNING - Subject 34157 has regions with zero variance (indices: [ 22 124 166 168 182]). Setting correlations for these regions to 0.
2025-04-15 01:13:18,635 - root - WARNING - Subject 34158 has regions with zero variance (indices: [ 22 124 166 168 182]). Setting correlations for these regions to 0.
2025-04-15 01:13:18,653 - root - WARNING - Subject 34159 has regions with zero variance (indices: [ 22 124 166 168 182]). Setting correlations for these regions to 0.
2025-04-15 01:13:18,670 - root - WARNING - Subject 34160 has regions with zero variance (indices: [ 22 124 166 168 182]). Setting correlations for these regions to 0.
2025-04-15 01:13:18,688 - root - WARNING - Subject 34161 has regions with zero variance (indices: [ 22 124 166 168 182]). Setting correlations for these regions to 0.
2025-04-15 01:13:18,706 - root - WARNING - Subject 34162 has regions with zero variance (indices: [ 22 124 166 168 182]). Setting correlations for these regions to 0.
2025-04-15 01:13:18,724 - root - WARNING - Subject 34163 has regions with zero variance (indices: [ 22 124 166 168 182]). Setting correlations for these regions to 0.
2025-04-15 01:13:18,742 - root - WARNING - Subject 34164 has regions with zero variance (indices: [ 22 124 166 168 182]). Setting correlations for these regions to 0.
2025-04-15 01:13:18,760 - root - WARNING - Subject 34165 has regions with zero variance (indices: [ 22 124 166 168 182]). Setting correlations for these regions to 0.
2025-04-15 01:13:18,778 - root - WARNING - Subject 34166 has regions with zero variance (indices: [ 22 124 166 168 182]). Setting correlations for these regions to 0.
2025-04-15 01:13:18,795 - root - WARNING - Subject 34167 has regions with zero variance (indices: [ 22 124 166 168 182]). Setting correlations for these regions to 0.
2025-04-15 01:13:18,813 - root - WARNING - Subject 34168 has regions with zero variance (indices: [ 22 124 166 168 182]). Setting correlations for these regions to 0.
2025-04-15 01:13:18,831 - root - WARNING - Subject 34169 has regions with zero variance (indices: [ 22 124 166 168 182]). Setting correlations for these regions to 0.
2025-04-15 01:13:18,849 - root - WARNING - Subject 34170 has regions with zero variance (indices: [ 22 124 166 168 182]). Setting correlations for these regions to 0.
2025-04-15 01:13:18,867 - root - WARNING - Subject 34171 has regions with zero variance (indices: [ 22 124 166 168 182]). Setting correlations for these regions to 0.
2025-04-15 01:13:18,885 - root - WARNING - Subject 34172 has regions with zero variance (indices: [ 22 124 166 168 182]). Setting correlations for these regions to 0.
2025-04-15 01:13:18,903 - root - WARNING - Subject 34173 has regions with zero variance (indices: [ 22 124 166 168 182]). Setting correlations for these regions to 0.
2025-04-15 01:13:18,921 - root - WARNING - Subject 34174 has regions with zero variance (indices: [ 22 124 166 168 182]). Setting correlations for these regions to 0.
2025-04-15 01:13:18,939 - root - WARNING - Subject 34175 has regions with zero variance (indices: [ 22 124 166 168 182]). Setting correlations for these regions to 0.
2025-04-15 01:13:18,957 - root - WARNING - Subject 34176 has regions with zero variance (indices: [ 22 124 166 168 182]). Setting correlations for these regions to 0.
2025-04-15 01:13:18,975 - root - WARNING - Subject 34177 has regions with zero variance (indices: [ 22 124 166 168 182]). Setting correlations for these regions to 0.
2025-04-15 01:13:18,993 - root - WARNING - Subject 34178 has regions with zero variance (indices: [ 22 124 166 168 182]). Setting correlations for these regions to 0.
2025-04-15 01:13:19,011 - root - WARNING - Subject 34179 has regions with zero variance (indices: [ 22 124 166 168 182]). Setting correlations for these regions to 0.
2025-04-15 01:13:19,029 - root - WARNING - Subject 34180 has regions with zero variance (indices: [ 22 124 166 168 182]). Setting correlations for these regions to 0.
2025-04-15 01:13:19,047 - root - WARNING - Subject 34181 has regions with zero variance (indices: [ 22 124 166 168 182]). Setting correlations for these regions to 0.
2025-04-15 01:13:19,065 - root - WARNING - Subject 34182 has regions with zero variance (indices: [ 22 124 166 168 182]). Setting correlations for these regions to 0.
2025-04-15 01:13:19,083 - root - WARNING - Subject 34183 has regions with zero variance (indices: [ 22 124 166 168 182]). Setting correlations for these regions to 0.
2025-04-15 01:13:19,101 - root - WARNING - Subject 34184 has regions with zero variance (indices: [ 22 124 166 168 182]). Setting correlations for these regions to 0.
2025-04-15 01:13:19,120 - root - WARNING - Subject 34185 has regions with zero variance (indices: [ 22 124 166 168 182]). Setting correlations for these regions to 0.
2025-04-15 01:13:19,138 - root - WARNING - Subject 34186 has regions with zero variance (indices: [ 22 124 166 168 182]). Setting correlations for these regions to 0.
2025-04-15 01:13:19,156 - root - WARNING - Subject 34187 has regions with zero variance (indices: [ 22 124 166 168 182]). Setting correlations for these regions to 0.
2025-04-15 01:13:19,175 - root - WARNING - Subject 34188 has regions with zero variance (indices: [ 22 124 166 168 182]). Setting correlations for these regions to 0.
2025-04-15 01:13:19,193 - root - WARNING - Subject 34189 has regions with zero variance (indices: [ 22 124 166 168 182]). Setting correlations for these regions to 0.
2025-04-15 01:13:19,211 - root - WARNING - Subject 34190 has regions with zero variance (indices: [ 22 124 166 168 182]). Setting correlations for these regions to 0.
2025-04-15 01:13:19,229 - root - WARNING - Subject 34191 has regions with zero variance (indices: [ 22 124 166 168 182]). Setting correlations for these regions to 0.
2025-04-15 01:13:19,247 - root - WARNING - Subject 34192 has regions with zero variance (indices: [ 22 124 166 168 182]). Setting correlations for these regions to 0.
2025-04-15 01:13:19,265 - root - WARNING - Subject 34193 has regions with zero variance (indices: [ 22 124 166 168 182]). Setting correlations for these regions to 0.
2025-04-15 01:13:19,283 - root - WARNING - Subject 34194 has regions with zero variance (indices: [ 22 124 166 168 182]). Setting correlations for these regions to 0.
2025-04-15 01:13:19,301 - root - WARNING - Subject 34195 has regions with zero variance (indices: [ 22 124 166 168 182]). Setting correlations for these regions to 0.
2025-04-15 01:13:19,319 - root - WARNING - Subject 34196 has regions with zero variance (indices: [ 22 124 166 168 182]). Setting correlations for these regions to 0.
2025-04-15 01:13:19,337 - root - WARNING - Subject 34197 has regions with zero variance (indices: [ 22 124 166 168 182]). Setting correlations for these regions to 0.
2025-04-15 01:13:19,354 - root - WARNING - Subject 34198 has regions with zero variance (indices: [ 22 124 166 168 182]). Setting correlations for these regions to 0.
2025-04-15 01:13:19,372 - root - WARNING - Subject 34199 has regions with zero variance (indices: [ 22 124 166 168 182]). Setting correlations for these regions to 0.
2025-04-15 01:13:19,390 - root - WARNING - Subject 34200 has regions with zero variance (indices: [ 22 124 166 168 182]). Setting correlations for these regions to 0.
2025-04-15 01:13:19,408 - root - WARNING - Subject 34201 has regions with zero variance (indices: [ 22 124 166 168 182]). Setting correlations for these regions to 0.
2025-04-15 01:13:19,426 - root - WARNING - Subject 34202 has regions with zero variance (indices: [ 22 124 166 168 182]). Setting correlations for these regions to 0.
2025-04-15 01:13:19,444 - root - WARNING - Subject 34203 has regions with zero variance (indices: [ 22 124 166 168 182]). Setting correlations for these regions to 0.
2025-04-15 01:13:19,462 - root - WARNING - Subject 34204 has regions with zero variance (indices: [ 22 124 166 168 182]). Setting correlations for these regions to 0.
2025-04-15 01:13:19,480 - root - WARNING - Subject 34205 has regions with zero variance (indices: [ 22 124 166 168 182]). Setting correlations for these regions to 0.
2025-04-15 01:13:19,498 - root - WARNING - Subject 34206 has regions with zero variance (indices: [ 22 124 166 168 182]). Setting correlations for these regions to 0.
2025-04-15 01:13:19,516 - root - WARNING - Subject 34207 has regions with zero variance (indices: [ 22 124 166 168 182]). Setting correlations for these regions to 0.
2025-04-15 01:13:19,534 - root - WARNING - Subject 34208 has regions with zero variance (indices: [ 22 124 166 168 182]). Setting correlations for these regions to 0.
2025-04-15 01:13:19,552 - root - WARNING - Subject 34209 has regions with zero variance (indices: [ 22 124 166 168 182]). Setting correlations for these regions to 0.
2025-04-15 01:13:19,570 - root - WARNING - Subject 34210 has regions with zero variance (indices: [ 22 124 166 168 182]). Setting correlations for these regions to 0.
2025-04-15 01:13:19,588 - root - WARNING - Subject 34211 has regions with zero variance (indices: [ 22 124 166 168 182]). Setting correlations for these regions to 0.
2025-04-15 01:13:19,606 - root - WARNING - Subject 34212 has regions with zero variance (indices: [ 22 124 166 168 182]). Setting correlations for these regions to 0.
2025-04-15 01:13:19,624 - root - WARNING - Subject 34213 has regions with zero variance (indices: [ 22 124 166 168 182]). Setting correlations for these regions to 0.
2025-04-15 01:13:19,642 - root - WARNING - Subject 34214 has regions with zero variance (indices: [ 22 124 166 168 182]). Setting correlations for these regions to 0.
2025-04-15 01:13:19,660 - root - WARNING - Subject 34215 has regions with zero variance (indices: [ 22 124 166 168 182]). Setting correlations for these regions to 0.
2025-04-15 01:13:19,678 - root - WARNING - Subject 34216 has regions with zero variance (indices: [ 22 124 166 168 182]). Setting correlations for these regions to 0.
2025-04-15 01:13:19,696 - root - WARNING - Subject 34217 has regions with zero variance (indices: [ 22 124 166 168 182]). Setting correlations for these regions to 0.
2025-04-15 01:13:19,714 - root - WARNING - Subject 34218 has regions with zero variance (indices: [ 22 124 166 168 182]). Setting correlations for these regions to 0.
2025-04-15 01:13:19,732 - root - WARNING - Subject 34219 has regions with zero variance (indices: [ 22 124 166 168 182]). Setting correlations for these regions to 0.
2025-04-15 01:13:19,750 - root - WARNING - Subject 34220 has regions with zero variance (indices: [ 22 124 166 168 182]). Setting correlations for these regions to 0.
2025-04-15 01:13:19,768 - root - WARNING - Subject 34221 has regions with zero variance (indices: [ 22 124 166 168 182]). Setting correlations for these regions to 0.
2025-04-15 01:13:19,786 - root - WARNING - Subject 34222 has regions with zero variance (indices: [ 22 124 166 168 182]). Setting correlations for these regions to 0.
2025-04-15 01:13:19,804 - root - WARNING - Subject 34223 has regions with zero variance (indices: [ 22 124 166 168 182]). Setting correlations for these regions to 0.
2025-04-15 01:13:19,822 - root - WARNING - Subject 34224 has regions with zero variance (indices: [ 22 124 166 168 182]). Setting correlations for these regions to 0.
2025-04-15 01:13:19,840 - root - WARNING - Subject 34225 has regions with zero variance (indices: [ 22 124 166 168 182]). Setting correlations for these regions to 0.
2025-04-15 01:13:19,858 - root - WARNING - Subject 34226 has regions with zero variance (indices: [ 22 124 166 168 182]). Setting correlations for these regions to 0.
2025-04-15 01:13:19,876 - root - WARNING - Subject 34227 has regions with zero variance (indices: [ 22 124 166 168 182]). Setting correlations for these regions to 0.
2025-04-15 01:13:19,894 - root - WARNING - Subject 34228 has regions with zero variance (indices: [ 22 124 166 168 182]). Setting correlations for these regions to 0.
2025-04-15 01:13:19,912 - root - WARNING - Subject 34229 has regions with zero variance (indices: [ 22 124 166 168 182]). Setting correlations for these regions to 0.
2025-04-15 01:13:19,930 - root - WARNING - Subject 34230 has regions with zero variance (indices: [ 22 124 166 168 182]). Setting correlations for these regions to 0.
2025-04-15 01:13:19,948 - root - WARNING - Subject 34231 has regions with zero variance (indices: [ 22 124 166 168 182]). Setting correlations for these regions to 0.
2025-04-15 01:13:19,966 - root - WARNING - Subject 34232 has regions with zero variance (indices: [ 22 124 166 168 182]). Setting correlations for these regions to 0.
2025-04-15 01:13:19,984 - root - WARNING - Subject 34233 has regions with zero variance (indices: [ 22 124 166 168 182]). Setting correlations for these regions to 0.
2025-04-15 01:13:20,002 - root - WARNING - Subject 34234 has regions with zero variance (indices: [ 22 124 166 168 182]). Setting correlations for these regions to 0.
2025-04-15 01:13:20,020 - root - WARNING - Subject 34235 has regions with zero variance (indices: [ 22 124 166 168 182]). Setting correlations for these regions to 0.
2025-04-15 01:13:20,038 - root - WARNING - Subject 34236 has regions with zero variance (indices: [ 22 124 166 168 182]). Setting correlations for these regions to 0.
2025-04-15 01:13:20,056 - root - WARNING - Subject 34237 has regions with zero variance (indices: [ 22 124 166 168 182]). Setting correlations for these regions to 0.
2025-04-15 01:13:20,075 - root - WARNING - Subject 34238 has regions with zero variance (indices: [ 22 124 166 168 182]). Setting correlations for these regions to 0.
2025-04-15 01:13:20,093 - root - WARNING - Subject 34239 has regions with zero variance (indices: [ 22 124 166 168 182]). Setting correlations for these regions to 0.
2025-04-15 01:13:20,111 - root - WARNING - Subject 34240 has regions with zero variance (indices: [ 22 124 166 168 182]). Setting correlations for these regions to 0.
2025-04-15 01:13:20,129 - root - WARNING - Subject 34241 has regions with zero variance (indices: [ 22 124 166 168 182]). Setting correlations for these regions to 0.
2025-04-15 01:13:20,147 - root - WARNING - Subject 34242 has regions with zero variance (indices: [ 22 124 166 168 182]). Setting correlations for these regions to 0.
2025-04-15 01:13:20,166 - root - WARNING - Subject 34243 has regions with zero variance (indices: [ 22 124 166 168 182]). Setting correlations for these regions to 0.
2025-04-15 01:13:20,184 - root - WARNING - Subject 34244 has regions with zero variance (indices: [ 22 124 166 168 182]). Setting correlations for these regions to 0.
2025-04-15 01:13:20,201 - root - WARNING - Subject 34245 has regions with zero variance (indices: [ 22 124 166 168 182]). Setting correlations for these regions to 0.
2025-04-15 01:13:20,219 - root - WARNING - Subject 34246 has regions with zero variance (indices: [ 22 124 166 168 182]). Setting correlations for these regions to 0.
2025-04-15 01:13:20,237 - root - WARNING - Subject 34247 has regions with zero variance (indices: [ 22 124 166 168 182]). Setting correlations for these regions to 0.
2025-04-15 01:13:20,255 - root - WARNING - Subject 34248 has regions with zero variance (indices: [ 22 124 166 168 182]). Setting correlations for these regions to 0.
2025-04-15 01:13:20,273 - root - WARNING - Subject 34249 has regions with zero variance (indices: [ 22 124 166 168 182]). Setting correlations for these regions to 0.
2025-04-15 01:13:20,291 - root - WARNING - Subject 34250 has regions with zero variance (indices: [ 22 124 166 168 182]). Setting correlations for these regions to 0.
2025-04-15 01:13:20,309 - root - WARNING - Subject 34251 has regions with zero variance (indices: [ 22 124 166 168 182]). Setting correlations for these regions to 0.
2025-04-15 01:13:20,327 - root - WARNING - Subject 34252 has regions with zero variance (indices: [ 22 124 166 168 182]). Setting correlations for these regions to 0.
2025-04-15 01:13:20,345 - root - WARNING - Subject 34253 has regions with zero variance (indices: [ 22 124 166 168 182]). Setting correlations for these regions to 0.
2025-04-15 01:13:20,363 - root - WARNING - Subject 34254 has regions with zero variance (indices: [ 22 124 166 168 182]). Setting correlations for these regions to 0.
2025-04-15 01:13:20,381 - root - WARNING - Subject 34255 has regions with zero variance (indices: [ 22 124 166 168 182]). Setting correlations for these regions to 0.
2025-04-15 01:13:20,398 - root - WARNING - Subject 34256 has regions with zero variance (indices: [ 22 124 166 168 182]). Setting correlations for these regions to 0.
2025-04-15 01:13:20,417 - root - WARNING - Subject 34257 has regions with zero variance (indices: [ 22 124 166 168 182]). Setting correlations for these regions to 0.
2025-04-15 01:13:20,434 - root - WARNING - Subject 34258 has regions with zero variance (indices: [ 22 124 166 168 182]). Setting correlations for these regions to 0.
2025-04-15 01:13:20,452 - root - WARNING - Subject 34259 has regions with zero variance (indices: [ 22 124 166 168 182]). Setting correlations for these regions to 0.
2025-04-15 01:13:20,471 - root - WARNING - Subject 34260 has regions with zero variance (indices: [ 22 124 166 168 182]). Setting correlations for these regions to 0.
2025-04-15 01:13:20,489 - root - WARNING - Subject 34261 has regions with zero variance (indices: [ 22 124 166 168 182]). Setting correlations for these regions to 0.
2025-04-15 01:13:20,506 - root - WARNING - Subject 34262 has regions with zero variance (indices: [ 22 124 166 168 182]). Setting correlations for these regions to 0.
2025-04-15 01:13:20,524 - root - WARNING - Subject 34263 has regions with zero variance (indices: [ 22 124 166 168 182]). Setting correlations for these regions to 0.
2025-04-15 01:13:20,542 - root - WARNING - Subject 34264 has regions with zero variance (indices: [ 22 124 166 168 182]). Setting correlations for these regions to 0.
2025-04-15 01:13:20,560 - root - WARNING - Subject 34265 has regions with zero variance (indices: [ 22 124 166 168 182]). Setting correlations for these regions to 0.
2025-04-15 01:13:20,578 - root - WARNING - Subject 34266 has regions with zero variance (indices: [ 22 124 166 168 182]). Setting correlations for these regions to 0.
2025-04-15 01:13:20,596 - root - WARNING - Subject 34267 has regions with zero variance (indices: [ 22 124 166 168 182]). Setting correlations for these regions to 0.
2025-04-15 01:13:20,614 - root - WARNING - Subject 34268 has regions with zero variance (indices: [ 22 124 166 168 182]). Setting correlations for these regions to 0.
2025-04-15 01:13:20,631 - root - WARNING - Subject 34269 has regions with zero variance (indices: [ 22 124 166 168 182]). Setting correlations for these regions to 0.
2025-04-15 01:13:20,650 - root - WARNING - Subject 34270 has regions with zero variance (indices: [ 22 124 166 168 182]). Setting correlations for these regions to 0.
2025-04-15 01:13:20,668 - root - WARNING - Subject 34271 has regions with zero variance (indices: [ 22 124 166 168 182]). Setting correlations for these regions to 0.
2025-04-15 01:13:20,686 - root - WARNING - Subject 34272 has regions with zero variance (indices: [ 22 124 166 168 182]). Setting correlations for these regions to 0.
2025-04-15 01:13:20,704 - root - WARNING - Subject 34273 has regions with zero variance (indices: [ 22 124 166 168 182]). Setting correlations for these regions to 0.
2025-04-15 01:13:20,722 - root - WARNING - Subject 34274 has regions with zero variance (indices: [ 22 124 166 168 182]). Setting correlations for these regions to 0.
2025-04-15 01:13:20,740 - root - WARNING - Subject 34275 has regions with zero variance (indices: [ 22 124 166 168 182]). Setting correlations for these regions to 0.
2025-04-15 01:13:20,758 - root - WARNING - Subject 34276 has regions with zero variance (indices: [ 22 124 166 168 182]). Setting correlations for these regions to 0.
2025-04-15 01:13:20,776 - root - WARNING - Subject 34277 has regions with zero variance (indices: [ 22 124 166 168 182]). Setting correlations for these regions to 0.
2025-04-15 01:13:20,794 - root - WARNING - Subject 34278 has regions with zero variance (indices: [ 22 124 166 168 182]). Setting correlations for these regions to 0.
2025-04-15 01:13:20,812 - root - WARNING - Subject 34279 has regions with zero variance (indices: [ 22 124 166 168 182]). Setting correlations for these regions to 0.
2025-04-15 01:13:20,830 - root - WARNING - Subject 34280 has regions with zero variance (indices: [ 22 124 166 168 182]). Setting correlations for these regions to 0.
2025-04-15 01:13:20,848 - root - WARNING - Subject 34281 has regions with zero variance (indices: [ 22 124 166 168 182]). Setting correlations for these regions to 0.
2025-04-15 01:13:20,865 - root - WARNING - Subject 34282 has regions with zero variance (indices: [ 22 124 166 168 182]). Setting correlations for these regions to 0.
2025-04-15 01:13:20,883 - root - WARNING - Subject 34283 has regions with zero variance (indices: [ 22 124 166 168 182]). Setting correlations for these regions to 0.
2025-04-15 01:13:20,901 - root - WARNING - Subject 34284 has regions with zero variance (indices: [ 22 124 166 168 182]). Setting correlations for these regions to 0.
2025-04-15 01:13:20,919 - root - WARNING - Subject 34285 has regions with zero variance (indices: [ 22 124 166 168 182]). Setting correlations for these regions to 0.
2025-04-15 01:13:20,938 - root - WARNING - Subject 34286 has regions with zero variance (indices: [ 22 124 166 168 182]). Setting correlations for these regions to 0.
2025-04-15 01:13:20,956 - root - WARNING - Subject 34287 has regions with zero variance (indices: [ 22 124 166 168 182]). Setting correlations for these regions to 0.
2025-04-15 01:13:20,974 - root - WARNING - Subject 34288 has regions with zero variance (indices: [ 22 124 166 168 182]). Setting correlations for these regions to 0.
2025-04-15 01:13:20,992 - root - WARNING - Subject 34289 has regions with zero variance (indices: [ 22 124 166 168 182]). Setting correlations for these regions to 0.
2025-04-15 01:13:21,010 - root - WARNING - Subject 34290 has regions with zero variance (indices: [ 22 124 166 168 182]). Setting correlations for these regions to 0.
2025-04-15 01:13:21,027 - root - WARNING - Subject 34291 has regions with zero variance (indices: [ 22 124 166 168 182]). Setting correlations for these regions to 0.
2025-04-15 01:13:21,045 - root - WARNING - Subject 34292 has regions with zero variance (indices: [ 22 124 166 168 182]). Setting correlations for these regions to 0.
2025-04-15 01:13:21,063 - root - WARNING - Subject 34293 has regions with zero variance (indices: [ 22 124 166 168 182]). Setting correlations for these regions to 0.
2025-04-15 01:13:21,081 - root - WARNING - Subject 34294 has regions with zero variance (indices: [ 22 124 166 168 182]). Setting correlations for these regions to 0.
2025-04-15 01:13:21,100 - root - WARNING - Subject 34295 has regions with zero variance (indices: [ 22 124 166 168 182]). Setting correlations for these regions to 0.
2025-04-15 01:13:21,118 - root - WARNING - Subject 34296 has regions with zero variance (indices: [ 22 124 166 168 182]). Setting correlations for these regions to 0.
2025-04-15 01:13:21,136 - root - WARNING - Subject 34297 has regions with zero variance (indices: [ 22 124 166 168 182]). Setting correlations for these regions to 0.
2025-04-15 01:13:21,154 - root - WARNING - Subject 34298 has regions with zero variance (indices: [ 22 124 166 168 182]). Setting correlations for these regions to 0.
2025-04-15 01:13:21,171 - root - WARNING - Subject 34299 has regions with zero variance (indices: [ 22 124 166 168 182]). Setting correlations for these regions to 0.
2025-04-15 01:13:21,189 - root - WARNING - Subject 34300 has regions with zero variance (indices: [ 22 124 166 168 182]). Setting correlations for these regions to 0.
2025-04-15 01:13:21,207 - root - WARNING - Subject 34301 has regions with zero variance (indices: [ 22 124 166 168 182]). Setting correlations for these regions to 0.
2025-04-15 01:13:21,225 - root - WARNING - Subject 34302 has regions with zero variance (indices: [ 22 124 166 168 182]). Setting correlations for these regions to 0.
2025-04-15 01:13:21,243 - root - WARNING - Subject 34303 has regions with zero variance (indices: [ 22 124 166 168 182]). Setting correlations for these regions to 0.
2025-04-15 01:13:21,261 - root - WARNING - Subject 34304 has regions with zero variance (indices: [ 22 124 166 168 182]). Setting correlations for these regions to 0.
2025-04-15 01:13:21,279 - root - WARNING - Subject 34305 has regions with zero variance (indices: [ 22 124 166 168 182]). Setting correlations for these regions to 0.
2025-04-15 01:13:21,297 - root - WARNING - Subject 34306 has regions with zero variance (indices: [ 22 124 166 168 182]). Setting correlations for these regions to 0.
2025-04-15 01:13:21,315 - root - WARNING - Subject 34307 has regions with zero variance (indices: [ 22 124 166 168 182]). Setting correlations for these regions to 0.
2025-04-15 01:13:21,332 - root - WARNING - Subject 34308 has regions with zero variance (indices: [ 22 124 166 168 182]). Setting correlations for these regions to 0.
2025-04-15 01:13:21,350 - root - WARNING - Subject 34309 has regions with zero variance (indices: [ 22 124 166 168 182]). Setting correlations for these regions to 0.
2025-04-15 01:13:21,368 - root - WARNING - Subject 34310 has regions with zero variance (indices: [ 22 124 166 168 182]). Setting correlations for these regions to 0.
2025-04-15 01:13:21,386 - root - WARNING - Subject 34311 has regions with zero variance (indices: [ 22 124 166 168 182]). Setting correlations for these regions to 0.
2025-04-15 01:13:21,404 - root - WARNING - Subject 34312 has regions with zero variance (indices: [ 22 124 166 168 182]). Setting correlations for these regions to 0.
2025-04-15 01:13:21,422 - root - WARNING - Subject 34313 has regions with zero variance (indices: [ 22 124 166 168 182]). Setting correlations for these regions to 0.
2025-04-15 01:13:21,439 - root - WARNING - Subject 34314 has regions with zero variance (indices: [ 22 124 166 168 182]). Setting correlations for these regions to 0.
2025-04-15 01:13:21,458 - root - WARNING - Subject 34315 has regions with zero variance (indices: [ 22 124 166 168 182]). Setting correlations for these regions to 0.
2025-04-15 01:13:21,476 - root - WARNING - Subject 34316 has regions with zero variance (indices: [ 22 124 166 168 182]). Setting correlations for these regions to 0.
2025-04-15 01:13:21,494 - root - WARNING - Subject 34317 has regions with zero variance (indices: [ 22 124 166 168 182]). Setting correlations for these regions to 0.
2025-04-15 01:13:21,512 - root - WARNING - Subject 34318 has regions with zero variance (indices: [ 22 124 166 168 182]). Setting correlations for these regions to 0.
2025-04-15 01:13:21,530 - root - WARNING - Subject 34319 has regions with zero variance (indices: [ 22 124 166 168 182]). Setting correlations for these regions to 0.
2025-04-15 01:13:21,548 - root - WARNING - Subject 34320 has regions with zero variance (indices: [ 22 124 166 168 182]). Setting correlations for these regions to 0.
2025-04-15 01:13:21,565 - root - WARNING - Subject 34321 has regions with zero variance (indices: [ 22 124 166 168 182]). Setting correlations for these regions to 0.
2025-04-15 01:13:21,584 - root - WARNING - Subject 34322 has regions with zero variance (indices: [ 22 124 166 168 182]). Setting correlations for these regions to 0.
2025-04-15 01:13:21,603 - root - WARNING - Subject 34323 has regions with zero variance (indices: [ 22 124 166 168 182]). Setting correlations for these regions to 0.
2025-04-15 01:13:21,621 - root - WARNING - Subject 34324 has regions with zero variance (indices: [ 22 124 166 168 182]). Setting correlations for these regions to 0.
2025-04-15 01:13:21,639 - root - WARNING - Subject 34325 has regions with zero variance (indices: [ 22 124 166 168 182]). Setting correlations for these regions to 0.
2025-04-15 01:13:21,657 - root - WARNING - Subject 34326 has regions with zero variance (indices: [ 22 124 166 168 182]). Setting correlations for these regions to 0.
2025-04-15 01:13:21,675 - root - WARNING - Subject 34327 has regions with zero variance (indices: [ 22 124 166 168 182]). Setting correlations for these regions to 0.
2025-04-15 01:13:21,692 - root - WARNING - Subject 34328 has regions with zero variance (indices: [ 22 124 166 168 182]). Setting correlations for these regions to 0.
2025-04-15 01:13:21,711 - root - WARNING - Subject 34329 has regions with zero variance (indices: [ 22 124 166 168 182]). Setting correlations for these regions to 0.
2025-04-15 01:13:21,728 - root - WARNING - Subject 34330 has regions with zero variance (indices: [ 22 124 166 168 182]). Setting correlations for these regions to 0.
2025-04-15 01:13:21,746 - root - WARNING - Subject 34331 has regions with zero variance (indices: [ 22 124 166 168 182]). Setting correlations for these regions to 0.
2025-04-15 01:13:21,764 - root - WARNING - Subject 34332 has regions with zero variance (indices: [ 22 124 166 168 182]). Setting correlations for these regions to 0.
2025-04-15 01:13:21,782 - root - WARNING - Subject 34333 has regions with zero variance (indices: [ 22 124 166 168 182]). Setting correlations for these regions to 0.
2025-04-15 01:13:21,800 - root - WARNING - Subject 34334 has regions with zero variance (indices: [ 22 124 166 168 182]). Setting correlations for these regions to 0.
2025-04-15 01:13:21,818 - root - WARNING - Subject 34335 has regions with zero variance (indices: [ 22 124 166 168 182]). Setting correlations for these regions to 0.
2025-04-15 01:13:21,836 - root - WARNING - Subject 34336 has regions with zero variance (indices: [ 22 124 166 168 182]). Setting correlations for these regions to 0.
2025-04-15 01:13:21,854 - root - WARNING - Subject 34337 has regions with zero variance (indices: [ 22 124 166 168 182]). Setting correlations for these regions to 0.
2025-04-15 01:13:21,872 - root - WARNING - Subject 34338 has regions with zero variance (indices: [ 22 124 166 168 182]). Setting correlations for these regions to 0.
2025-04-15 01:13:21,890 - root - WARNING - Subject 34339 has regions with zero variance (indices: [ 22 124 166 168 182]). Setting correlations for these regions to 0.
2025-04-15 01:13:51,838 - root - WARNING - Subject 76342 has regions with zero variance (indices: [31]). Setting correlations for these regions to 0.
2025-04-15 01:13:51,857 - root - WARNING - Subject 76343 has regions with zero variance (indices: [31]). Setting correlations for these regions to 0.
2025-04-15 01:13:51,876 - root - WARNING - Subject 76344 has regions with zero variance (indices: [31]). Setting correlations for these regions to 0.
2025-04-15 01:13:51,894 - root - WARNING - Subject 76345 has regions with zero variance (indices: [31]). Setting correlations for these regions to 0.
2025-04-15 01:13:51,913 - root - WARNING - Subject 76346 has regions with zero variance (indices: [31]). Setting correlations for these regions to 0.
2025-04-15 01:13:51,931 - root - WARNING - Subject 76347 has regions with zero variance (indices: [31]). Setting correlations for these regions to 0.
2025-04-15 01:13:51,950 - root - WARNING - Subject 76348 has regions with zero variance (indices: [31]). Setting correlations for these regions to 0.
2025-04-15 01:13:51,969 - root - WARNING - Subject 76349 has regions with zero variance (indices: [31]). Setting correlations for these regions to 0.
2025-04-15 01:13:51,987 - root - WARNING - Subject 76350 has regions with zero variance (indices: [31]). Setting correlations for these regions to 0.
2025-04-15 01:13:52,005 - root - WARNING - Subject 76351 has regions with zero variance (indices: [31]). Setting correlations for these regions to 0.
2025-04-15 01:13:52,024 - root - WARNING - Subject 76352 has regions with zero variance (indices: [31]). Setting correlations for these regions to 0.
2025-04-15 01:13:52,042 - root - WARNING - Subject 76353 has regions with zero variance (indices: [31]). Setting correlations for these regions to 0.
2025-04-15 01:13:52,061 - root - WARNING - Subject 76354 has regions with zero variance (indices: [31]). Setting correlations for these regions to 0.
2025-04-15 01:13:52,080 - root - WARNING - Subject 76355 has regions with zero variance (indices: [31]). Setting correlations for these regions to 0.
2025-04-15 01:13:52,098 - root - WARNING - Subject 76356 has regions with zero variance (indices: [31]). Setting correlations for these regions to 0.
2025-04-15 01:13:52,117 - root - WARNING - Subject 76357 has regions with zero variance (indices: [31]). Setting correlations for these regions to 0.
2025-04-15 01:13:52,136 - root - WARNING - Subject 76358 has regions with zero variance (indices: [31]). Setting correlations for these regions to 0.
2025-04-15 01:13:52,154 - root - WARNING - Subject 76359 has regions with zero variance (indices: [31]). Setting correlations for these regions to 0.
2025-04-15 01:13:52,172 - root - WARNING - Subject 76360 has regions with zero variance (indices: [31]). Setting correlations for these regions to 0.
2025-04-15 01:13:52,191 - root - WARNING - Subject 76361 has regions with zero variance (indices: [31]). Setting correlations for these regions to 0.
2025-04-15 01:13:52,209 - root - WARNING - Subject 76362 has regions with zero variance (indices: [31]). Setting correlations for these regions to 0.
2025-04-15 01:13:52,227 - root - WARNING - Subject 76363 has regions with zero variance (indices: [31]). Setting correlations for these regions to 0.
2025-04-15 01:13:52,245 - root - WARNING - Subject 76364 has regions with zero variance (indices: [31]). Setting correlations for these regions to 0.
2025-04-15 01:13:52,264 - root - WARNING - Subject 76365 has regions with zero variance (indices: [31]). Setting correlations for these regions to 0.
2025-04-15 01:13:52,282 - root - WARNING - Subject 76366 has regions with zero variance (indices: [31]). Setting correlations for these regions to 0.
2025-04-15 01:13:52,301 - root - WARNING - Subject 76367 has regions with zero variance (indices: [31]). Setting correlations for these regions to 0.
2025-04-15 01:13:52,319 - root - WARNING - Subject 76368 has regions with zero variance (indices: [31]). Setting correlations for these regions to 0.
2025-04-15 01:13:52,338 - root - WARNING - Subject 76369 has regions with zero variance (indices: [31]). Setting correlations for these regions to 0.
2025-04-15 01:13:52,356 - root - WARNING - Subject 76370 has regions with zero variance (indices: [31]). Setting correlations for these regions to 0.
2025-04-15 01:13:52,374 - root - WARNING - Subject 76371 has regions with zero variance (indices: [31]). Setting correlations for these regions to 0.
2025-04-15 01:13:52,393 - root - WARNING - Subject 76372 has regions with zero variance (indices: [31]). Setting correlations for these regions to 0.
2025-04-15 01:13:52,412 - root - WARNING - Subject 76373 has regions with zero variance (indices: [31]). Setting correlations for these regions to 0.
2025-04-15 01:13:52,430 - root - WARNING - Subject 76374 has regions with zero variance (indices: [31]). Setting correlations for these regions to 0.
2025-04-15 01:13:52,449 - root - WARNING - Subject 76375 has regions with zero variance (indices: [31]). Setting correlations for these regions to 0.
2025-04-15 01:13:52,468 - root - WARNING - Subject 76376 has regions with zero variance (indices: [31]). Setting correlations for these regions to 0.
2025-04-15 01:13:52,486 - root - WARNING - Subject 76377 has regions with zero variance (indices: [31]). Setting correlations for these regions to 0.
2025-04-15 01:13:52,504 - root - WARNING - Subject 76378 has regions with zero variance (indices: [31]). Setting correlations for these regions to 0.
2025-04-15 01:13:52,523 - root - WARNING - Subject 76379 has regions with zero variance (indices: [31]). Setting correlations for these regions to 0.
2025-04-15 01:13:52,541 - root - WARNING - Subject 76380 has regions with zero variance (indices: [31]). Setting correlations for these regions to 0.
2025-04-15 01:13:52,559 - root - WARNING - Subject 76381 has regions with zero variance (indices: [31]). Setting correlations for these regions to 0.
2025-04-15 01:13:52,578 - root - WARNING - Subject 76382 has regions with zero variance (indices: [31]). Setting correlations for these regions to 0.
2025-04-15 01:13:52,596 - root - WARNING - Subject 76383 has regions with zero variance (indices: [31]). Setting correlations for these regions to 0.
2025-04-15 01:13:52,615 - root - WARNING - Subject 76384 has regions with zero variance (indices: [31]). Setting correlations for these regions to 0.
2025-04-15 01:13:52,633 - root - WARNING - Subject 76385 has regions with zero variance (indices: [31]). Setting correlations for these regions to 0.
2025-04-15 01:13:52,652 - root - WARNING - Subject 76386 has regions with zero variance (indices: [31]). Setting correlations for these regions to 0.
2025-04-15 01:13:52,671 - root - WARNING - Subject 76387 has regions with zero variance (indices: [31]). Setting correlations for these regions to 0.
2025-04-15 01:13:52,689 - root - WARNING - Subject 76388 has regions with zero variance (indices: [31]). Setting correlations for these regions to 0.
2025-04-15 01:13:52,707 - root - WARNING - Subject 76389 has regions with zero variance (indices: [31]). Setting correlations for these regions to 0.
2025-04-15 01:13:52,726 - root - WARNING - Subject 76390 has regions with zero variance (indices: [31]). Setting correlations for these regions to 0.
2025-04-15 01:13:52,744 - root - WARNING - Subject 76391 has regions with zero variance (indices: [31]). Setting correlations for these regions to 0.
2025-04-15 01:13:52,763 - root - WARNING - Subject 76392 has regions with zero variance (indices: [31]). Setting correlations for these regions to 0.
2025-04-15 01:13:52,782 - root - WARNING - Subject 76393 has regions with zero variance (indices: [31]). Setting correlations for these regions to 0.
2025-04-15 01:13:52,800 - root - WARNING - Subject 76394 has regions with zero variance (indices: [31]). Setting correlations for these regions to 0.
2025-04-15 01:13:52,818 - root - WARNING - Subject 76395 has regions with zero variance (indices: [31]). Setting correlations for these regions to 0.
2025-04-15 01:13:52,837 - root - WARNING - Subject 76396 has regions with zero variance (indices: [31]). Setting correlations for these regions to 0.
2025-04-15 01:13:52,856 - root - WARNING - Subject 76397 has regions with zero variance (indices: [31]). Setting correlations for these regions to 0.
2025-04-15 01:13:52,874 - root - WARNING - Subject 76398 has regions with zero variance (indices: [31]). Setting correlations for these regions to 0.
2025-04-15 01:13:52,893 - root - WARNING - Subject 76399 has regions with zero variance (indices: [31]). Setting correlations for these regions to 0.
2025-04-15 01:13:52,911 - root - WARNING - Subject 76400 has regions with zero variance (indices: [31]). Setting correlations for these regions to 0.
2025-04-15 01:13:52,930 - root - WARNING - Subject 76401 has regions with zero variance (indices: [31]). Setting correlations for these regions to 0.
2025-04-15 01:13:52,948 - root - WARNING - Subject 76402 has regions with zero variance (indices: [31]). Setting correlations for these regions to 0.
2025-04-15 01:13:52,967 - root - WARNING - Subject 76403 has regions with zero variance (indices: [31]). Setting correlations for these regions to 0.
2025-04-15 01:13:52,985 - root - WARNING - Subject 76404 has regions with zero variance (indices: [31]). Setting correlations for these regions to 0.
2025-04-15 01:13:53,003 - root - WARNING - Subject 76405 has regions with zero variance (indices: [31]). Setting correlations for these regions to 0.
2025-04-15 01:13:53,022 - root - WARNING - Subject 76406 has regions with zero variance (indices: [31]). Setting correlations for these regions to 0.
2025-04-15 01:13:53,040 - root - WARNING - Subject 76407 has regions with zero variance (indices: [31]). Setting correlations for these regions to 0.
2025-04-15 01:13:53,058 - root - WARNING - Subject 76408 has regions with zero variance (indices: [31]). Setting correlations for these regions to 0.
2025-04-15 01:13:53,077 - root - WARNING - Subject 76409 has regions with zero variance (indices: [31]). Setting correlations for these regions to 0.
2025-04-15 01:13:53,096 - root - WARNING - Subject 76410 has regions with zero variance (indices: [31]). Setting correlations for these regions to 0.
2025-04-15 01:13:53,114 - root - WARNING - Subject 76411 has regions with zero variance (indices: [31]). Setting correlations for these regions to 0.
2025-04-15 01:13:53,133 - root - WARNING - Subject 76412 has regions with zero variance (indices: [31]). Setting correlations for these regions to 0.
2025-04-15 01:13:53,151 - root - WARNING - Subject 76413 has regions with zero variance (indices: [31]). Setting correlations for these regions to 0.
2025-04-15 01:13:53,170 - root - WARNING - Subject 76414 has regions with zero variance (indices: [31]). Setting correlations for these regions to 0.
2025-04-15 01:13:53,188 - root - WARNING - Subject 76415 has regions with zero variance (indices: [31]). Setting correlations for these regions to 0.
2025-04-15 01:13:53,206 - root - WARNING - Subject 76416 has regions with zero variance (indices: [31]). Setting correlations for these regions to 0.
2025-04-15 01:13:53,225 - root - WARNING - Subject 76417 has regions with zero variance (indices: [31]). Setting correlations for these regions to 0.
2025-04-15 01:13:53,244 - root - WARNING - Subject 76418 has regions with zero variance (indices: [31]). Setting correlations for these regions to 0.
2025-04-15 01:13:53,262 - root - WARNING - Subject 76419 has regions with zero variance (indices: [31]). Setting correlations for these regions to 0.
2025-04-15 01:13:53,281 - root - WARNING - Subject 76420 has regions with zero variance (indices: [31]). Setting correlations for these regions to 0.
2025-04-15 01:13:53,299 - root - WARNING - Subject 76421 has regions with zero variance (indices: [31]). Setting correlations for these regions to 0.
2025-04-15 01:13:53,318 - root - WARNING - Subject 76422 has regions with zero variance (indices: [31]). Setting correlations for these regions to 0.
2025-04-15 01:13:53,337 - root - WARNING - Subject 76423 has regions with zero variance (indices: [31]). Setting correlations for these regions to 0.
2025-04-15 01:13:53,355 - root - WARNING - Subject 76424 has regions with zero variance (indices: [31]). Setting correlations for these regions to 0.
2025-04-15 01:13:53,374 - root - WARNING - Subject 76425 has regions with zero variance (indices: [31]). Setting correlations for these regions to 0.
2025-04-15 01:13:53,392 - root - WARNING - Subject 76426 has regions with zero variance (indices: [31]). Setting correlations for these regions to 0.
2025-04-15 01:13:53,411 - root - WARNING - Subject 76427 has regions with zero variance (indices: [31]). Setting correlations for these regions to 0.
2025-04-15 01:13:53,430 - root - WARNING - Subject 76428 has regions with zero variance (indices: [31]). Setting correlations for these regions to 0.
2025-04-15 01:13:53,448 - root - WARNING - Subject 76429 has regions with zero variance (indices: [31]). Setting correlations for these regions to 0.
2025-04-15 01:13:53,467 - root - WARNING - Subject 76430 has regions with zero variance (indices: [31]). Setting correlations for these regions to 0.
2025-04-15 01:13:53,485 - root - WARNING - Subject 76431 has regions with zero variance (indices: [31]). Setting correlations for these regions to 0.
2025-04-15 01:13:53,504 - root - WARNING - Subject 76432 has regions with zero variance (indices: [31]). Setting correlations for these regions to 0.
2025-04-15 01:13:53,522 - root - WARNING - Subject 76433 has regions with zero variance (indices: [31]). Setting correlations for these regions to 0.
2025-04-15 01:13:53,541 - root - WARNING - Subject 76434 has regions with zero variance (indices: [31]). Setting correlations for these regions to 0.
2025-04-15 01:13:53,559 - root - WARNING - Subject 76435 has regions with zero variance (indices: [31]). Setting correlations for these regions to 0.
2025-04-15 01:13:53,578 - root - WARNING - Subject 76436 has regions with zero variance (indices: [31]). Setting correlations for these regions to 0.
2025-04-15 01:13:53,596 - root - WARNING - Subject 76437 has regions with zero variance (indices: [31]). Setting correlations for these regions to 0.
2025-04-15 01:13:53,615 - root - WARNING - Subject 76438 has regions with zero variance (indices: [31]). Setting correlations for these regions to 0.
2025-04-15 01:13:53,634 - root - WARNING - Subject 76439 has regions with zero variance (indices: [31]). Setting correlations for these regions to 0.
2025-04-15 01:13:53,652 - root - WARNING - Subject 76440 has regions with zero variance (indices: [31]). Setting correlations for these regions to 0.
2025-04-15 01:13:53,671 - root - WARNING - Subject 76441 has regions with zero variance (indices: [31]). Setting correlations for these regions to 0.
2025-04-15 01:13:53,689 - root - WARNING - Subject 76442 has regions with zero variance (indices: [31]). Setting correlations for these regions to 0.
2025-04-15 01:13:53,708 - root - WARNING - Subject 76443 has regions with zero variance (indices: [31]). Setting correlations for these regions to 0.
2025-04-15 01:13:53,726 - root - WARNING - Subject 76444 has regions with zero variance (indices: [31]). Setting correlations for these regions to 0.
2025-04-15 01:13:53,745 - root - WARNING - Subject 76445 has regions with zero variance (indices: [31]). Setting correlations for these regions to 0.
2025-04-15 01:13:53,764 - root - WARNING - Subject 76446 has regions with zero variance (indices: [31]). Setting correlations for these regions to 0.
2025-04-15 01:13:53,783 - root - WARNING - Subject 76447 has regions with zero variance (indices: [31]). Setting correlations for these regions to 0.
2025-04-15 01:13:53,802 - root - WARNING - Subject 76448 has regions with zero variance (indices: [31]). Setting correlations for these regions to 0.
2025-04-15 01:13:53,820 - root - WARNING - Subject 76449 has regions with zero variance (indices: [31]). Setting correlations for these regions to 0.
2025-04-15 01:13:53,839 - root - WARNING - Subject 76450 has regions with zero variance (indices: [31]). Setting correlations for these regions to 0.
2025-04-15 01:13:53,858 - root - WARNING - Subject 76451 has regions with zero variance (indices: [31]). Setting correlations for these regions to 0.
2025-04-15 01:13:53,877 - root - WARNING - Subject 76452 has regions with zero variance (indices: [31]). Setting correlations for these regions to 0.
2025-04-15 01:13:53,895 - root - WARNING - Subject 76453 has regions with zero variance (indices: [31]). Setting correlations for these regions to 0.
2025-04-15 01:13:53,914 - root - WARNING - Subject 76454 has regions with zero variance (indices: [31]). Setting correlations for these regions to 0.
2025-04-15 01:13:53,932 - root - WARNING - Subject 76455 has regions with zero variance (indices: [31]). Setting correlations for these regions to 0.
2025-04-15 01:13:53,951 - root - WARNING - Subject 76456 has regions with zero variance (indices: [31]). Setting correlations for these regions to 0.
2025-04-15 01:13:53,970 - root - WARNING - Subject 76457 has regions with zero variance (indices: [31]). Setting correlations for these regions to 0.
2025-04-15 01:13:53,988 - root - WARNING - Subject 76458 has regions with zero variance (indices: [31]). Setting correlations for these regions to 0.
2025-04-15 01:13:54,007 - root - WARNING - Subject 76459 has regions with zero variance (indices: [31]). Setting correlations for these regions to 0.
2025-04-15 01:13:54,025 - root - WARNING - Subject 76460 has regions with zero variance (indices: [31]). Setting correlations for these regions to 0.
2025-04-15 01:13:54,044 - root - WARNING - Subject 76461 has regions with zero variance (indices: [31]). Setting correlations for these regions to 0.
2025-04-15 01:13:54,063 - root - WARNING - Subject 76462 has regions with zero variance (indices: [31]). Setting correlations for these regions to 0.
2025-04-15 01:13:54,081 - root - WARNING - Subject 76463 has regions with zero variance (indices: [31]). Setting correlations for these regions to 0.
2025-04-15 01:13:54,100 - root - WARNING - Subject 76464 has regions with zero variance (indices: [31]). Setting correlations for these regions to 0.
2025-04-15 01:13:54,119 - root - WARNING - Subject 76465 has regions with zero variance (indices: [31]). Setting correlations for these regions to 0.
2025-04-15 01:13:54,137 - root - WARNING - Subject 76466 has regions with zero variance (indices: [31]). Setting correlations for these regions to 0.
2025-04-15 01:13:54,155 - root - WARNING - Subject 76467 has regions with zero variance (indices: [31]). Setting correlations for these regions to 0.
2025-04-15 01:13:54,174 - root - WARNING - Subject 76468 has regions with zero variance (indices: [31]). Setting correlations for these regions to 0.
2025-04-15 01:13:54,193 - root - WARNING - Subject 76469 has regions with zero variance (indices: [31]). Setting correlations for these regions to 0.
2025-04-15 01:13:54,211 - root - WARNING - Subject 76470 has regions with zero variance (indices: [31]). Setting correlations for these regions to 0.
2025-04-15 01:13:54,229 - root - WARNING - Subject 76471 has regions with zero variance (indices: [31]). Setting correlations for these regions to 0.
2025-04-15 01:13:54,248 - root - WARNING - Subject 76472 has regions with zero variance (indices: [31]). Setting correlations for these regions to 0.
2025-04-15 01:13:54,266 - root - WARNING - Subject 76473 has regions with zero variance (indices: [31]). Setting correlations for these regions to 0.
2025-04-15 01:13:54,285 - root - WARNING - Subject 76474 has regions with zero variance (indices: [31]). Setting correlations for these regions to 0.
2025-04-15 01:13:54,303 - root - WARNING - Subject 76475 has regions with zero variance (indices: [31]). Setting correlations for these regions to 0.
2025-04-15 01:13:54,322 - root - WARNING - Subject 76476 has regions with zero variance (indices: [31]). Setting correlations for these regions to 0.
2025-04-15 01:13:54,341 - root - WARNING - Subject 76477 has regions with zero variance (indices: [31]). Setting correlations for these regions to 0.
2025-04-15 01:13:54,359 - root - WARNING - Subject 76478 has regions with zero variance (indices: [31]). Setting correlations for these regions to 0.
2025-04-15 01:13:54,378 - root - WARNING - Subject 76479 has regions with zero variance (indices: [31]). Setting correlations for these regions to 0.
2025-04-15 01:13:54,396 - root - WARNING - Subject 76480 has regions with zero variance (indices: [31]). Setting correlations for these regions to 0.
2025-04-15 01:13:54,415 - root - WARNING - Subject 76481 has regions with zero variance (indices: [31]). Setting correlations for these regions to 0.
2025-04-15 01:13:54,433 - root - WARNING - Subject 76482 has regions with zero variance (indices: [31]). Setting correlations for these regions to 0.
2025-04-15 01:13:54,452 - root - WARNING - Subject 76483 has regions with zero variance (indices: [31]). Setting correlations for these regions to 0.
2025-04-15 01:13:54,470 - root - WARNING - Subject 76484 has regions with zero variance (indices: [31]). Setting correlations for these regions to 0.
2025-04-15 01:13:54,489 - root - WARNING - Subject 76485 has regions with zero variance (indices: [31]). Setting correlations for these regions to 0.
2025-04-15 01:13:54,507 - root - WARNING - Subject 76486 has regions with zero variance (indices: [31]). Setting correlations for these regions to 0.
2025-04-15 01:13:54,525 - root - WARNING - Subject 76487 has regions with zero variance (indices: [31]). Setting correlations for these regions to 0.
2025-04-15 01:13:56,547 - root - WARNING - Subject 79846 has regions with zero variance (indices: [ 31 123 139 180 197]). Setting correlations for these regions to 0.
2025-04-15 01:13:56,565 - root - WARNING - Subject 79847 has regions with zero variance (indices: [ 31 123 139 180 197]). Setting correlations for these regions to 0.
2025-04-15 01:13:56,583 - root - WARNING - Subject 79848 has regions with zero variance (indices: [ 31 123 139 180 197]). Setting correlations for these regions to 0.
2025-04-15 01:13:56,601 - root - WARNING - Subject 79849 has regions with zero variance (indices: [ 31 123 139 180 197]). Setting correlations for these regions to 0.
2025-04-15 01:13:56,620 - root - WARNING - Subject 79850 has regions with zero variance (indices: [ 31 123 139 180 197]). Setting correlations for these regions to 0.
2025-04-15 01:13:56,637 - root - WARNING - Subject 79851 has regions with zero variance (indices: [ 31 123 139 180 197]). Setting correlations for these regions to 0.
2025-04-15 01:13:56,655 - root - WARNING - Subject 79852 has regions with zero variance (indices: [ 31 123 139 180 197]). Setting correlations for these regions to 0.
2025-04-15 01:13:56,672 - root - WARNING - Subject 79853 has regions with zero variance (indices: [ 31 123 139 180 197]). Setting correlations for these regions to 0.
2025-04-15 01:13:56,690 - root - WARNING - Subject 79854 has regions with zero variance (indices: [ 31 123 139 180 197]). Setting correlations for these regions to 0.
2025-04-15 01:13:56,708 - root - WARNING - Subject 79855 has regions with zero variance (indices: [ 31 123 139 180 197]). Setting correlations for these regions to 0.
2025-04-15 01:13:56,726 - root - WARNING - Subject 79856 has regions with zero variance (indices: [ 31 123 139 180 197]). Setting correlations for these regions to 0.
2025-04-15 01:13:56,744 - root - WARNING - Subject 79857 has regions with zero variance (indices: [ 31 123 139 180 197]). Setting correlations for these regions to 0.
2025-04-15 01:13:56,762 - root - WARNING - Subject 79858 has regions with zero variance (indices: [ 31 123 139 180 197]). Setting correlations for these regions to 0.
2025-04-15 01:13:56,780 - root - WARNING - Subject 79859 has regions with zero variance (indices: [ 31 123 139 180 197]). Setting correlations for these regions to 0.
2025-04-15 01:13:56,798 - root - WARNING - Subject 79860 has regions with zero variance (indices: [ 31 123 139 180 197]). Setting correlations for these regions to 0.
2025-04-15 01:13:56,816 - root - WARNING - Subject 79861 has regions with zero variance (indices: [ 31 123 139 180 197]). Setting correlations for these regions to 0.
2025-04-15 01:13:56,833 - root - WARNING - Subject 79862 has regions with zero variance (indices: [ 31 123 139 180 197]). Setting correlations for these regions to 0.
2025-04-15 01:13:56,852 - root - WARNING - Subject 79863 has regions with zero variance (indices: [ 31 123 139 180 197]). Setting correlations for these regions to 0.
2025-04-15 01:13:56,869 - root - WARNING - Subject 79864 has regions with zero variance (indices: [ 31 123 139 180 197]). Setting correlations for these regions to 0.
2025-04-15 01:13:56,887 - root - WARNING - Subject 79865 has regions with zero variance (indices: [ 31 123 139 180 197]). Setting correlations for these regions to 0.
2025-04-15 01:13:56,905 - root - WARNING - Subject 79866 has regions with zero variance (indices: [ 31 123 139 180 197]). Setting correlations for these regions to 0.
2025-04-15 01:13:56,923 - root - WARNING - Subject 79867 has regions with zero variance (indices: [ 31 123 139 180 197]). Setting correlations for these regions to 0.
2025-04-15 01:13:56,941 - root - WARNING - Subject 79868 has regions with zero variance (indices: [ 31 123 139 180 197]). Setting correlations for these regions to 0.
2025-04-15 01:13:56,958 - root - WARNING - Subject 79869 has regions with zero variance (indices: [ 31 123 139 180 197]). Setting correlations for these regions to 0.
2025-04-15 01:13:56,976 - root - WARNING - Subject 79870 has regions with zero variance (indices: [ 31 123 139 180 197]). Setting correlations for these regions to 0.
2025-04-15 01:13:56,994 - root - WARNING - Subject 79871 has regions with zero variance (indices: [ 31 123 139 180 197]). Setting correlations for these regions to 0.
2025-04-15 01:13:57,012 - root - WARNING - Subject 79872 has regions with zero variance (indices: [ 31 123 139 180 197]). Setting correlations for these regions to 0.
2025-04-15 01:13:57,030 - root - WARNING - Subject 79873 has regions with zero variance (indices: [ 31 123 139 180 197]). Setting correlations for these regions to 0.
2025-04-15 01:13:57,047 - root - WARNING - Subject 79874 has regions with zero variance (indices: [ 31 123 139 180 197]). Setting correlations for these regions to 0.
2025-04-15 01:13:57,065 - root - WARNING - Subject 79875 has regions with zero variance (indices: [ 31 123 139 180 197]). Setting correlations for these regions to 0.
2025-04-15 01:13:57,083 - root - WARNING - Subject 79876 has regions with zero variance (indices: [ 31 123 139 180 197]). Setting correlations for these regions to 0.
2025-04-15 01:13:57,101 - root - WARNING - Subject 79877 has regions with zero variance (indices: [ 31 123 139 180 197]). Setting correlations for these regions to 0.
2025-04-15 01:13:57,119 - root - WARNING - Subject 79878 has regions with zero variance (indices: [ 31 123 139 180 197]). Setting correlations for these regions to 0.
2025-04-15 01:13:57,137 - root - WARNING - Subject 79879 has regions with zero variance (indices: [ 31 123 139 180 197]). Setting correlations for these regions to 0.
2025-04-15 01:13:57,154 - root - WARNING - Subject 79880 has regions with zero variance (indices: [ 31 123 139 180 197]). Setting correlations for these regions to 0.
2025-04-15 01:13:57,172 - root - WARNING - Subject 79881 has regions with zero variance (indices: [ 31 123 139 180 197]). Setting correlations for these regions to 0.
2025-04-15 01:13:57,190 - root - WARNING - Subject 79882 has regions with zero variance (indices: [ 31 123 139 180 197]). Setting correlations for these regions to 0.
2025-04-15 01:13:57,208 - root - WARNING - Subject 79883 has regions with zero variance (indices: [ 31 123 139 180 197]). Setting correlations for these regions to 0.
2025-04-15 01:13:57,226 - root - WARNING - Subject 79884 has regions with zero variance (indices: [ 31 123 139 180 197]). Setting correlations for these regions to 0.
2025-04-15 01:13:57,244 - root - WARNING - Subject 79885 has regions with zero variance (indices: [ 31 123 139 180 197]). Setting correlations for these regions to 0.
2025-04-15 01:13:57,262 - root - WARNING - Subject 79886 has regions with zero variance (indices: [ 31 123 139 180 197]). Setting correlations for these regions to 0.
2025-04-15 01:13:57,280 - root - WARNING - Subject 79887 has regions with zero variance (indices: [ 31 123 139 180 197]). Setting correlations for these regions to 0.
2025-04-15 01:13:57,297 - root - WARNING - Subject 79888 has regions with zero variance (indices: [ 31 123 139 180 197]). Setting correlations for these regions to 0.
2025-04-15 01:13:57,315 - root - WARNING - Subject 79889 has regions with zero variance (indices: [ 31 123 139 180 197]). Setting correlations for these regions to 0.
2025-04-15 01:13:57,332 - root - WARNING - Subject 79890 has regions with zero variance (indices: [ 31 123 139 180 197]). Setting correlations for these regions to 0.
2025-04-15 01:13:57,350 - root - WARNING - Subject 79891 has regions with zero variance (indices: [ 31 123 139 180 197]). Setting correlations for these regions to 0.
2025-04-15 01:13:57,368 - root - WARNING - Subject 79892 has regions with zero variance (indices: [ 31 123 139 180 197]). Setting correlations for these regions to 0.
2025-04-15 01:13:57,386 - root - WARNING - Subject 79893 has regions with zero variance (indices: [ 31 123 139 180 197]). Setting correlations for these regions to 0.
2025-04-15 01:13:57,404 - root - WARNING - Subject 79894 has regions with zero variance (indices: [ 31 123 139 180 197]). Setting correlations for these regions to 0.
2025-04-15 01:13:57,422 - root - WARNING - Subject 79895 has regions with zero variance (indices: [ 31 123 139 180 197]). Setting correlations for these regions to 0.
2025-04-15 01:13:57,439 - root - WARNING - Subject 79896 has regions with zero variance (indices: [ 31 123 139 180 197]). Setting correlations for these regions to 0.
2025-04-15 01:13:57,457 - root - WARNING - Subject 79897 has regions with zero variance (indices: [ 31 123 139 180 197]). Setting correlations for these regions to 0.
2025-04-15 01:13:57,475 - root - WARNING - Subject 79898 has regions with zero variance (indices: [ 31 123 139 180 197]). Setting correlations for these regions to 0.
2025-04-15 01:13:57,493 - root - WARNING - Subject 79899 has regions with zero variance (indices: [ 31 123 139 180 197]). Setting correlations for these regions to 0.
2025-04-15 01:13:57,511 - root - WARNING - Subject 79900 has regions with zero variance (indices: [ 31 123 139 180 197]). Setting correlations for these regions to 0.
2025-04-15 01:13:57,528 - root - WARNING - Subject 79901 has regions with zero variance (indices: [ 31 123 139 180 197]). Setting correlations for these regions to 0.
2025-04-15 01:13:57,546 - root - WARNING - Subject 79902 has regions with zero variance (indices: [ 31 123 139 180 197]). Setting correlations for these regions to 0.
2025-04-15 01:13:57,564 - root - WARNING - Subject 79903 has regions with zero variance (indices: [ 31 123 139 180 197]). Setting correlations for these regions to 0.
2025-04-15 01:13:57,582 - root - WARNING - Subject 79904 has regions with zero variance (indices: [ 31 123 139 180 197]). Setting correlations for these regions to 0.
2025-04-15 01:13:57,600 - root - WARNING - Subject 79905 has regions with zero variance (indices: [ 31 123 139 180 197]). Setting correlations for these regions to 0.
2025-04-15 01:13:57,617 - root - WARNING - Subject 79906 has regions with zero variance (indices: [ 31 123 139 180 197]). Setting correlations for these regions to 0.
2025-04-15 01:13:57,635 - root - WARNING - Subject 79907 has regions with zero variance (indices: [ 31 123 139 180 197]). Setting correlations for these regions to 0.
2025-04-15 01:13:57,653 - root - WARNING - Subject 79908 has regions with zero variance (indices: [ 31 123 139 180 197]). Setting correlations for these regions to 0.
2025-04-15 01:13:57,671 - root - WARNING - Subject 79909 has regions with zero variance (indices: [ 31 123 139 180 197]). Setting correlations for these regions to 0.
2025-04-15 01:13:57,689 - root - WARNING - Subject 79910 has regions with zero variance (indices: [ 31 123 139 180 197]). Setting correlations for these regions to 0.
2025-04-15 01:13:57,707 - root - WARNING - Subject 79911 has regions with zero variance (indices: [ 31 123 139 180 197]). Setting correlations for these regions to 0.
2025-04-15 01:13:57,724 - root - WARNING - Subject 79912 has regions with zero variance (indices: [ 31 123 139 180 197]). Setting correlations for these regions to 0.
2025-04-15 01:13:57,742 - root - WARNING - Subject 79913 has regions with zero variance (indices: [ 31 123 139 180 197]). Setting correlations for these regions to 0.
2025-04-15 01:13:57,760 - root - WARNING - Subject 79914 has regions with zero variance (indices: [ 31 123 139 180 197]). Setting correlations for these regions to 0.
2025-04-15 01:13:57,778 - root - WARNING - Subject 79915 has regions with zero variance (indices: [ 31 123 139 180 197]). Setting correlations for these regions to 0.
2025-04-15 01:13:57,796 - root - WARNING - Subject 79916 has regions with zero variance (indices: [ 31 123 139 180 197]). Setting correlations for these regions to 0.
2025-04-15 01:13:57,813 - root - WARNING - Subject 79917 has regions with zero variance (indices: [ 31 123 139 180 197]). Setting correlations for these regions to 0.
2025-04-15 01:13:57,831 - root - WARNING - Subject 79918 has regions with zero variance (indices: [ 31 123 139 180 197]). Setting correlations for these regions to 0.
2025-04-15 01:13:57,849 - root - WARNING - Subject 79919 has regions with zero variance (indices: [ 31 123 139 180 197]). Setting correlations for these regions to 0.
2025-04-15 01:13:57,867 - root - WARNING - Subject 79920 has regions with zero variance (indices: [ 31 123 139 180 197]). Setting correlations for these regions to 0.
2025-04-15 01:13:57,885 - root - WARNING - Subject 79921 has regions with zero variance (indices: [ 31 123 139 180 197]). Setting correlations for these regions to 0.
2025-04-15 01:13:57,903 - root - WARNING - Subject 79922 has regions with zero variance (indices: [ 31 123 139 180 197]). Setting correlations for these regions to 0.
2025-04-15 01:13:57,921 - root - WARNING - Subject 79923 has regions with zero variance (indices: [ 31 123 139 180 197]). Setting correlations for these regions to 0.
2025-04-15 01:13:57,939 - root - WARNING - Subject 79924 has regions with zero variance (indices: [ 31 123 139 180 197]). Setting correlations for these regions to 0.
2025-04-15 01:13:57,956 - root - WARNING - Subject 79925 has regions with zero variance (indices: [ 31 123 139 180 197]). Setting correlations for these regions to 0.
2025-04-15 01:13:57,974 - root - WARNING - Subject 79926 has regions with zero variance (indices: [ 31 123 139 180 197]). Setting correlations for these regions to 0.
2025-04-15 01:13:57,992 - root - WARNING - Subject 79927 has regions with zero variance (indices: [ 31 123 139 180 197]). Setting correlations for these regions to 0.
2025-04-15 01:13:58,010 - root - WARNING - Subject 79928 has regions with zero variance (indices: [ 31 123 139 180 197]). Setting correlations for these regions to 0.
2025-04-15 01:13:58,028 - root - WARNING - Subject 79929 has regions with zero variance (indices: [ 31 123 139 180 197]). Setting correlations for these regions to 0.
2025-04-15 01:13:58,046 - root - WARNING - Subject 79930 has regions with zero variance (indices: [ 31 123 139 180 197]). Setting correlations for these regions to 0.
2025-04-15 01:13:58,064 - root - WARNING - Subject 79931 has regions with zero variance (indices: [ 31 123 139 180 197]). Setting correlations for these regions to 0.
2025-04-15 01:13:58,082 - root - WARNING - Subject 79932 has regions with zero variance (indices: [ 31 123 139 180 197]). Setting correlations for these regions to 0.
2025-04-15 01:13:58,100 - root - WARNING - Subject 79933 has regions with zero variance (indices: [ 31 123 139 180 197]). Setting correlations for these regions to 0.
2025-04-15 01:13:58,118 - root - WARNING - Subject 79934 has regions with zero variance (indices: [ 31 123 139 180 197]). Setting correlations for these regions to 0.
2025-04-15 01:13:58,136 - root - WARNING - Subject 79935 has regions with zero variance (indices: [ 31 123 139 180 197]). Setting correlations for these regions to 0.
2025-04-15 01:13:58,154 - root - WARNING - Subject 79936 has regions with zero variance (indices: [ 31 123 139 180 197]). Setting correlations for these regions to 0.
2025-04-15 01:13:58,171 - root - WARNING - Subject 79937 has regions with zero variance (indices: [ 31 123 139 180 197]). Setting correlations for these regions to 0.
2025-04-15 01:13:58,189 - root - WARNING - Subject 79938 has regions with zero variance (indices: [ 31 123 139 180 197]). Setting correlations for these regions to 0.
2025-04-15 01:13:58,207 - root - WARNING - Subject 79939 has regions with zero variance (indices: [ 31 123 139 180 197]). Setting correlations for these regions to 0.
2025-04-15 01:13:58,225 - root - WARNING - Subject 79940 has regions with zero variance (indices: [ 31 123 139 180 197]). Setting correlations for these regions to 0.
2025-04-15 01:13:58,243 - root - WARNING - Subject 79941 has regions with zero variance (indices: [ 31 123 139 180 197]). Setting correlations for these regions to 0.
2025-04-15 01:13:58,261 - root - WARNING - Subject 79942 has regions with zero variance (indices: [ 31 123 139 180 197]). Setting correlations for these regions to 0.
2025-04-15 01:13:58,279 - root - WARNING - Subject 79943 has regions with zero variance (indices: [ 31 123 139 180 197]). Setting correlations for these regions to 0.
2025-04-15 01:13:58,297 - root - WARNING - Subject 79944 has regions with zero variance (indices: [ 31 123 139 180 197]). Setting correlations for these regions to 0.
2025-04-15 01:13:58,315 - root - WARNING - Subject 79945 has regions with zero variance (indices: [ 31 123 139 180 197]). Setting correlations for these regions to 0.
2025-04-15 01:13:58,332 - root - WARNING - Subject 79946 has regions with zero variance (indices: [ 31 123 139 180 197]). Setting correlations for these regions to 0.
2025-04-15 01:13:58,350 - root - WARNING - Subject 79947 has regions with zero variance (indices: [ 31 123 139 180 197]). Setting correlations for these regions to 0.
2025-04-15 01:13:58,368 - root - WARNING - Subject 79948 has regions with zero variance (indices: [ 31 123 139 180 197]). Setting correlations for these regions to 0.
2025-04-15 01:13:58,386 - root - WARNING - Subject 79949 has regions with zero variance (indices: [ 31 123 139 180 197]). Setting correlations for these regions to 0.
2025-04-15 01:13:58,404 - root - WARNING - Subject 79950 has regions with zero variance (indices: [ 31 123 139 180 197]). Setting correlations for these regions to 0.
2025-04-15 01:13:58,422 - root - WARNING - Subject 79951 has regions with zero variance (indices: [ 31 123 139 180 197]). Setting correlations for these regions to 0.
2025-04-15 01:13:58,439 - root - WARNING - Subject 79952 has regions with zero variance (indices: [ 31 123 139 180 197]). Setting correlations for these regions to 0.
2025-04-15 01:13:58,457 - root - WARNING - Subject 79953 has regions with zero variance (indices: [ 31 123 139 180 197]). Setting correlations for these regions to 0.
2025-04-15 01:13:58,475 - root - WARNING - Subject 79954 has regions with zero variance (indices: [ 31 123 139 180 197]). Setting correlations for these regions to 0.
2025-04-15 01:13:58,493 - root - WARNING - Subject 79955 has regions with zero variance (indices: [ 31 123 139 180 197]). Setting correlations for these regions to 0.
2025-04-15 01:13:58,511 - root - WARNING - Subject 79956 has regions with zero variance (indices: [ 31 123 139 180 197]). Setting correlations for these regions to 0.
2025-04-15 01:13:58,529 - root - WARNING - Subject 79957 has regions with zero variance (indices: [ 31 123 139 180 197]). Setting correlations for these regions to 0.
2025-04-15 01:13:58,547 - root - WARNING - Subject 79958 has regions with zero variance (indices: [ 31 123 139 180 197]). Setting correlations for these regions to 0.
2025-04-15 01:13:58,564 - root - WARNING - Subject 79959 has regions with zero variance (indices: [ 31 123 139 180 197]). Setting correlations for these regions to 0.
2025-04-15 01:13:58,582 - root - WARNING - Subject 79960 has regions with zero variance (indices: [ 31 123 139 180 197]). Setting correlations for these regions to 0.
2025-04-15 01:13:58,600 - root - WARNING - Subject 79961 has regions with zero variance (indices: [ 31 123 139 180 197]). Setting correlations for these regions to 0.
2025-04-15 01:13:58,618 - root - WARNING - Subject 79962 has regions with zero variance (indices: [ 31 123 139 180 197]). Setting correlations for these regions to 0.
2025-04-15 01:13:58,636 - root - WARNING - Subject 79963 has regions with zero variance (indices: [ 31 123 139 180 197]). Setting correlations for these regions to 0.
2025-04-15 01:13:58,654 - root - WARNING - Subject 79964 has regions with zero variance (indices: [ 31 123 139 180 197]). Setting correlations for these regions to 0.
2025-04-15 01:13:58,672 - root - WARNING - Subject 79965 has regions with zero variance (indices: [ 31 123 139 180 197]). Setting correlations for these regions to 0.
2025-04-15 01:13:58,689 - root - WARNING - Subject 79966 has regions with zero variance (indices: [ 31 123 139 180 197]). Setting correlations for these regions to 0.
2025-04-15 01:13:58,707 - root - WARNING - Subject 79967 has regions with zero variance (indices: [ 31 123 139 180 197]). Setting correlations for these regions to 0.
2025-04-15 01:13:58,725 - root - WARNING - Subject 79968 has regions with zero variance (indices: [ 31 123 139 180 197]). Setting correlations for these regions to 0.
2025-04-15 01:13:58,743 - root - WARNING - Subject 79969 has regions with zero variance (indices: [ 31 123 139 180 197]). Setting correlations for these regions to 0.
2025-04-15 01:13:58,761 - root - WARNING - Subject 79970 has regions with zero variance (indices: [ 31 123 139 180 197]). Setting correlations for these regions to 0.
2025-04-15 01:13:58,779 - root - WARNING - Subject 79971 has regions with zero variance (indices: [ 31 123 139 180 197]). Setting correlations for these regions to 0.
2025-04-15 01:13:58,796 - root - WARNING - Subject 79972 has regions with zero variance (indices: [ 31 123 139 180 197]). Setting correlations for these regions to 0.
2025-04-15 01:13:58,814 - root - WARNING - Subject 79973 has regions with zero variance (indices: [ 31 123 139 180 197]). Setting correlations for these regions to 0.
2025-04-15 01:13:58,832 - root - WARNING - Subject 79974 has regions with zero variance (indices: [ 31 123 139 180 197]). Setting correlations for these regions to 0.
2025-04-15 01:13:58,851 - root - WARNING - Subject 79975 has regions with zero variance (indices: [ 31 123 139 180 197]). Setting correlations for these regions to 0.
2025-04-15 01:13:58,869 - root - WARNING - Subject 79976 has regions with zero variance (indices: [ 31 123 139 180 197]). Setting correlations for these regions to 0.
2025-04-15 01:13:58,887 - root - WARNING - Subject 79977 has regions with zero variance (indices: [ 31 123 139 180 197]). Setting correlations for these regions to 0.
2025-04-15 01:13:58,905 - root - WARNING - Subject 79978 has regions with zero variance (indices: [ 31 123 139 180 197]). Setting correlations for these regions to 0.
2025-04-15 01:13:58,922 - root - WARNING - Subject 79979 has regions with zero variance (indices: [ 31 123 139 180 197]). Setting correlations for these regions to 0.
2025-04-15 01:13:58,940 - root - WARNING - Subject 79980 has regions with zero variance (indices: [ 31 123 139 180 197]). Setting correlations for these regions to 0.
2025-04-15 01:13:58,958 - root - WARNING - Subject 79981 has regions with zero variance (indices: [ 31 123 139 180 197]). Setting correlations for these regions to 0.
2025-04-15 01:13:58,976 - root - WARNING - Subject 79982 has regions with zero variance (indices: [ 31 123 139 180 197]). Setting correlations for these regions to 0.
2025-04-15 01:13:58,994 - root - WARNING - Subject 79983 has regions with zero variance (indices: [ 31 123 139 180 197]). Setting correlations for these regions to 0.
2025-04-15 01:13:59,011 - root - WARNING - Subject 79984 has regions with zero variance (indices: [ 31 123 139 180 197]). Setting correlations for these regions to 0.
2025-04-15 01:13:59,030 - root - WARNING - Subject 79985 has regions with zero variance (indices: [ 31 123 139 180 197]). Setting correlations for these regions to 0.
2025-04-15 01:13:59,047 - root - WARNING - Subject 79986 has regions with zero variance (indices: [ 31 123 139 180 197]). Setting correlations for these regions to 0.
2025-04-15 01:13:59,065 - root - WARNING - Subject 79987 has regions with zero variance (indices: [ 31 123 139 180 197]). Setting correlations for these regions to 0.
2025-04-15 01:13:59,083 - root - WARNING - Subject 79988 has regions with zero variance (indices: [ 31 123 139 180 197]). Setting correlations for these regions to 0.
2025-04-15 01:13:59,101 - root - WARNING - Subject 79989 has regions with zero variance (indices: [ 31 123 139 180 197]). Setting correlations for these regions to 0.
2025-04-15 01:13:59,119 - root - WARNING - Subject 79990 has regions with zero variance (indices: [ 31 123 139 180 197]). Setting correlations for these regions to 0.
2025-04-15 01:13:59,138 - root - WARNING - Subject 79991 has regions with zero variance (indices: [ 31 123 139 180 197]). Setting correlations for these regions to 0.
Traceback (most recent call last):
  File "/home/pl217/connecto-hopfield/scripts/run_gnn_training.py", line 453, in <module>
    main(args.config) 
  File "/home/pl217/connecto-hopfield/scripts/run_gnn_training.py", line 266, in main
    data_loader.load_data(fc_matrices, labels)
  File "/home/pl217/connecto-hopfield/src/gnn_utils.py", line 638, in load_data
    dataset = BrainConnectivityDataset(
  File "/home/pl217/connecto-hopfield/src/gnn_utils.py", line 335, in __init__
    super(BrainConnectivityDataset, self).__init__(root, transform, pre_transform)
  File "/home/pl217/miniconda3/envs/connecto/lib/python3.10/site-packages/torch_geometric/data/in_memory_dataset.py", line 81, in __init__
    super().__init__(root, transform, pre_transform, pre_filter, log,
  File "/home/pl217/miniconda3/envs/connecto/lib/python3.10/site-packages/torch_geometric/data/dataset.py", line 112, in __init__
    self._download()
  File "/home/pl217/miniconda3/envs/connecto/lib/python3.10/site-packages/torch_geometric/data/dataset.py", line 229, in _download
    self.download()
  File "/home/pl217/connecto-hopfield/src/gnn_utils.py", line 354, in download
    torch.save((self.raw_matrices, self.labels), os.path.join(self.raw_dir, 'raw_data.pt'))
  File "/home/pl217/miniconda3/envs/connecto/lib/python3.10/site-packages/torch/serialization.py", line 944, in save
    _save(
  File "/home/pl217/miniconda3/envs/connecto/lib/python3.10/site-packages/torch/serialization.py", line 1190, in _save
    pickler.dump(obj)
OverflowError: serializing a string larger than 4 GiB requires pickle protocol 4 or higher
