Starting ACHNN regression training with 16 CPUs and 1 GPU at Wed Apr 16 02:17:41 AM EDT 2025
Loading configuration from config.yaml...
Using configured max_ts_length: 1500
Using configured num_regions: 122
Using configured encoder_batch_size: 64
Random seed set to 42
Using GPU: NVIDIA L40S
Loading phenotype data from: Phenotypic_V1_0b_preprocessed1.csv
Original selected data shape: (1112, 6)
Using target column: 'DX_GROUP'
Filtered out 0 rows with invalid/missing target values.
Phenotype data shape after filtering: (1112, 6)
Processing specified numerical features...
 Processing numerical columns: ['AGE_AT_SCAN', 'FIQ']
Processing specified categorical features...
 Processing categorical columns: ['SEX', 'SITE_ID']
  Encoded categorical columns: ['SEX_1', 'SEX_2', 'SITE_ID_CALTECH', 'SITE_ID_CMU', 'SITE_ID_KKI', 'SITE_ID_LEUVEN_1', 'SITE_ID_LEUVEN_2', 'SITE_ID_MAX_MUN', 'SITE_ID_NYU', 'SITE_ID_OHSU', 'SITE_ID_OLIN', 'SITE_ID_PITT', 'SITE_ID_SBL', 'SITE_ID_SDSU', 'SITE_ID_STANFORD', 'SITE_ID_TRINITY', 'SITE_ID_UCLA_1', 'SITE_ID_UCLA_2', 'SITE_ID_UM_1', 'SITE_ID_UM_2', 'SITE_ID_USM', 'SITE_ID_YALE']
Final phenotype features being used (24): ['AGE_AT_SCAN', 'FIQ', 'SEX_1', 'SEX_2', 'SITE_ID_CALTECH', 'SITE_ID_CMU', 'SITE_ID_KKI', 'SITE_ID_LEUVEN_1', 'SITE_ID_LEUVEN_2', 'SITE_ID_MAX_MUN', 'SITE_ID_NYU', 'SITE_ID_OHSU', 'SITE_ID_OLIN', 'SITE_ID_PITT', 'SITE_ID_SBL', 'SITE_ID_SDSU', 'SITE_ID_STANFORD', 'SITE_ID_TRINITY', 'SITE_ID_UCLA_1', 'SITE_ID_UCLA_2', 'SITE_ID_UM_1', 'SITE_ID_UM_2', 'SITE_ID_USM', 'SITE_ID_YALE']
Processed 1112 subjects from phenotype data with valid IDs and selected columns.
Matching time series files in: regions/
Found 866 potential TS files in directory.
Parsed 866 potential subject IDs from filenames.
Matched 866 subjects with both phenotype and time series data.
Total subjects available for K-Fold analysis: 866

--- Fold 1/10 ---
Loading time series for 866 subjects in fold...
Warning: Invalid shape (196, 169) or empty file for subject 50003 at regions/50003_timeseries.txt. Skipping.
Warning: Invalid shape (196, 169) or empty file for subject 50004 at regions/50004_timeseries.txt. Skipping.
Warning: Invalid shape (196, 169) or empty file for subject 50006 at regions/50006_timeseries.txt. Skipping.
Warning: Invalid shape (196, 169) or empty file for subject 50007 at regions/50007_timeseries.txt. Skipping.
Warning: Invalid shape (196, 169) or empty file for subject 50008 at regions/50008_timeseries.txt. Skipping.
Warning: Invalid shape (196, 169) or empty file for subject 50010 at regions/50010_timeseries.txt. Skipping.
Warning: Invalid shape (196, 169) or empty file for subject 50011 at regions/50011_timeseries.txt. Skipping.
Warning: Invalid shape (196, 169) or empty file for subject 50012 at regions/50012_timeseries.txt. Skipping.
Warning: Invalid shape (196, 169) or empty file for subject 50013 at regions/50013_timeseries.txt. Skipping.
Warning: Invalid shape (196, 169) or empty file for subject 50015 at regions/50015_timeseries.txt. Skipping.
Warning: Invalid shape (196, 169) or empty file for subject 50016 at regions/50016_timeseries.txt. Skipping.
Warning: Invalid shape (196, 169) or empty file for subject 50020 at regions/50020_timeseries.txt. Skipping.
Warning: Invalid shape (196, 169) or empty file for subject 50022 at regions/50022_timeseries.txt. Skipping.
Warning: Invalid shape (196, 169) or empty file for subject 50023 at regions/50023_timeseries.txt. Skipping.
Warning: Invalid shape (196, 169) or empty file for subject 50024 at regions/50024_timeseries.txt. Skipping.
Warning: Invalid shape (196, 169) or empty file for subject 50025 at regions/50025_timeseries.txt. Skipping.
Warning: Invalid shape (196, 169) or empty file for subject 50026 at regions/50026_timeseries.txt. Skipping.
Warning: Invalid shape (196, 169) or empty file for subject 50027 at regions/50027_timeseries.txt. Skipping.
Warning: Invalid shape (196, 169) or empty file for subject 50028 at regions/50028_timeseries.txt. Skipping.
Warning: Invalid shape (196, 169) or empty file for subject 50030 at regions/50030_timeseries.txt. Skipping.
Warning: Invalid shape (196, 169) or empty file for subject 50031 at regions/50031_timeseries.txt. Skipping.
Warning: Invalid shape (196, 169) or empty file for subject 50032 at regions/50032_timeseries.txt. Skipping.
Warning: Invalid shape (196, 169) or empty file for subject 50033 at regions/50033_timeseries.txt. Skipping.
Warning: Invalid shape (196, 169) or empty file for subject 50035 at regions/50035_timeseries.txt. Skipping.
Warning: Invalid shape (196, 169) or empty file for subject 50036 at regions/50036_timeseries.txt. Skipping.
Warning: Invalid shape (196, 169) or empty file for subject 50037 at regions/50037_timeseries.txt. Skipping.
Warning: Invalid shape (196, 169) or empty file for subject 50038 at regions/50038_timeseries.txt. Skipping.
Warning: Invalid shape (196, 169) or empty file for subject 50039 at regions/50039_timeseries.txt. Skipping.
Warning: Invalid shape (196, 169) or empty file for subject 50040 at regions/50040_timeseries.txt. Skipping.
Warning: Invalid shape (196, 169) or empty file for subject 50041 at regions/50041_timeseries.txt. Skipping.
Warning: Invalid shape (196, 169) or empty file for subject 50042 at regions/50042_timeseries.txt. Skipping.
Warning: Invalid shape (196, 169) or empty file for subject 50043 at regions/50043_timeseries.txt. Skipping.
Warning: Invalid shape (196, 169) or empty file for subject 50044 at regions/50044_timeseries.txt. Skipping.
Warning: Invalid shape (196, 169) or empty file for subject 50045 at regions/50045_timeseries.txt. Skipping.
Warning: Invalid shape (196, 169) or empty file for subject 50046 at regions/50046_timeseries.txt. Skipping.
Warning: Invalid shape (196, 169) or empty file for subject 50047 at regions/50047_timeseries.txt. Skipping.
Warning: Invalid shape (196, 169) or empty file for subject 50049 at regions/50049_timeseries.txt. Skipping.
Warning: Invalid shape (196, 169) or empty file for subject 50050 at regions/50050_timeseries.txt. Skipping.
Warning: Invalid shape (196, 169) or empty file for subject 50051 at regions/50051_timeseries.txt. Skipping.
Warning: Invalid shape (196, 169) or empty file for subject 50052 at regions/50052_timeseries.txt. Skipping.
Warning: Invalid shape (196, 169) or empty file for subject 50054 at regions/50054_timeseries.txt. Skipping.
Warning: Invalid shape (196, 169) or empty file for subject 50056 at regions/50056_timeseries.txt. Skipping.
Warning: Invalid shape (196, 169) or empty file for subject 50057 at regions/50057_timeseries.txt. Skipping.
Warning: Invalid shape (196, 169) or empty file for subject 50059 at regions/50059_timeseries.txt. Skipping.
Warning: Invalid shape (196, 169) or empty file for subject 50060 at regions/50060_timeseries.txt. Skipping.
Warning: Invalid shape (206, 169) or empty file for subject 50102 at regions/50102_timeseries.txt. Skipping.
Warning: Invalid shape (206, 169) or empty file for subject 50103 at regions/50103_timeseries.txt. Skipping.
Warning: Invalid shape (206, 169) or empty file for subject 50104 at regions/50104_timeseries.txt. Skipping.
Warning: Invalid shape (206, 169) or empty file for subject 50105 at regions/50105_timeseries.txt. Skipping.
Warning: Invalid shape (206, 169) or empty file for subject 50106 at regions/50106_timeseries.txt. Skipping.
Warning: Invalid shape (206, 169) or empty file for subject 50107 at regions/50107_timeseries.txt. Skipping.
Warning: Invalid shape (206, 169) or empty file for subject 50111 at regions/50111_timeseries.txt. Skipping.
Warning: Invalid shape (206, 169) or empty file for subject 50113 at regions/50113_timeseries.txt. Skipping.
Warning: Invalid shape (206, 169) or empty file for subject 50115 at regions/50115_timeseries.txt. Skipping.
Warning: Invalid shape (206, 169) or empty file for subject 50116 at regions/50116_timeseries.txt. Skipping.
Warning: Invalid shape (206, 169) or empty file for subject 50117 at regions/50117_timeseries.txt. Skipping.
Warning: Invalid shape (206, 169) or empty file for subject 50119 at regions/50119_timeseries.txt. Skipping.
Warning: Invalid shape (206, 169) or empty file for subject 50121 at regions/50121_timeseries.txt. Skipping.
Warning: Invalid shape (206, 169) or empty file for subject 50123 at regions/50123_timeseries.txt. Skipping.
Warning: Invalid shape (206, 169) or empty file for subject 50124 at regions/50124_timeseries.txt. Skipping.
Warning: Invalid shape (206, 169) or empty file for subject 50125 at regions/50125_timeseries.txt. Skipping.
Warning: Invalid shape (206, 169) or empty file for subject 50127 at regions/50127_timeseries.txt. Skipping.
Warning: Invalid shape (206, 169) or empty file for subject 50128 at regions/50128_timeseries.txt. Skipping.
Warning: Invalid shape (206, 169) or empty file for subject 50129 at regions/50129_timeseries.txt. Skipping.
Warning: Invalid shape (206, 169) or empty file for subject 50130 at regions/50130_timeseries.txt. Skipping.
Warning: Invalid shape (206, 169) or empty file for subject 50131 at regions/50131_timeseries.txt. Skipping.
Warning: Invalid shape (206, 169) or empty file for subject 50132 at regions/50132_timeseries.txt. Skipping.
Warning: Invalid shape (206, 169) or empty file for subject 50134 at regions/50134_timeseries.txt. Skipping.
Warning: Invalid shape (206, 169) or empty file for subject 50135 at regions/50135_timeseries.txt. Skipping.
Warning: Invalid shape (78, 169) or empty file for subject 50142 at regions/50142_timeseries.txt. Skipping.
Warning: Invalid shape (78, 169) or empty file for subject 50143 at regions/50143_timeseries.txt. Skipping.
Warning: Invalid shape (78, 169) or empty file for subject 50144 at regions/50144_timeseries.txt. Skipping.
Warning: Invalid shape (78, 169) or empty file for subject 50145 at regions/50145_timeseries.txt. Skipping.
Warning: Invalid shape (78, 169) or empty file for subject 50146 at regions/50146_timeseries.txt. Skipping.
Warning: Invalid shape (78, 169) or empty file for subject 50148 at regions/50148_timeseries.txt. Skipping.
Warning: Invalid shape (78, 169) or empty file for subject 50149 at regions/50149_timeseries.txt. Skipping.
Warning: Invalid shape (78, 169) or empty file for subject 50150 at regions/50150_timeseries.txt. Skipping.
Warning: Invalid shape (78, 169) or empty file for subject 50152 at regions/50152_timeseries.txt. Skipping.
Warning: Invalid shape (78, 169) or empty file for subject 50156 at regions/50156_timeseries.txt. Skipping.
Warning: Invalid shape (78, 169) or empty file for subject 50157 at regions/50157_timeseries.txt. Skipping.
Warning: Invalid shape (78, 169) or empty file for subject 50158 at regions/50158_timeseries.txt. Skipping.
Warning: Invalid shape (78, 169) or empty file for subject 50159 at regions/50159_timeseries.txt. Skipping.
Warning: Invalid shape (78, 169) or empty file for subject 50160 at regions/50160_timeseries.txt. Skipping.
Warning: Invalid shape (78, 169) or empty file for subject 50161 at regions/50161_timeseries.txt. Skipping.
Warning: Invalid shape (78, 169) or empty file for subject 50162 at regions/50162_timeseries.txt. Skipping.
Warning: Invalid shape (78, 169) or empty file for subject 50164 at regions/50164_timeseries.txt. Skipping.
Warning: Invalid shape (78, 169) or empty file for subject 50167 at regions/50167_timeseries.txt. Skipping.
Warning: Invalid shape (78, 169) or empty file for subject 50168 at regions/50168_timeseries.txt. Skipping.
Warning: Invalid shape (78, 169) or empty file for subject 50169 at regions/50169_timeseries.txt. Skipping.
Warning: Invalid shape (78, 169) or empty file for subject 50171 at regions/50171_timeseries.txt. Skipping.
Warning: Invalid shape (176, 169) or empty file for subject 50182 at regions/50182_timeseries.txt. Skipping.
Warning: Invalid shape (176, 169) or empty file for subject 50183 at regions/50183_timeseries.txt. Skipping.
Warning: Invalid shape (176, 169) or empty file for subject 50184 at regions/50184_timeseries.txt. Skipping.
Warning: Invalid shape (176, 169) or empty file for subject 50186 at regions/50186_timeseries.txt. Skipping.
Warning: Invalid shape (176, 169) or empty file for subject 50187 at regions/50187_timeseries.txt. Skipping.
Warning: Invalid shape (176, 169) or empty file for subject 50189 at regions/50189_timeseries.txt. Skipping.
Warning: Invalid shape (176, 169) or empty file for subject 50190 at regions/50190_timeseries.txt. Skipping.
Warning: Invalid shape (176, 169) or empty file for subject 50193 at regions/50193_timeseries.txt. Skipping.
Warning: Invalid shape (176, 169) or empty file for subject 50194 at regions/50194_timeseries.txt. Skipping.
Warning: Invalid shape (176, 169) or empty file for subject 50195 at regions/50195_timeseries.txt. Skipping.
Warning: Invalid shape (176, 169) or empty file for subject 50196 at regions/50196_timeseries.txt. Skipping.
Warning: Invalid shape (176, 169) or empty file for subject 50198 at regions/50198_timeseries.txt. Skipping.
Warning: Invalid shape (176, 169) or empty file for subject 50199 at regions/50199_timeseries.txt. Skipping.
Warning: Invalid shape (176, 169) or empty file for subject 50200 at regions/50200_timeseries.txt. Skipping.
Warning: Invalid shape (176, 169) or empty file for subject 50201 at regions/50201_timeseries.txt. Skipping.
Warning: Invalid shape (176, 169) or empty file for subject 50203 at regions/50203_timeseries.txt. Skipping.
Warning: Invalid shape (176, 169) or empty file for subject 50205 at regions/50205_timeseries.txt. Skipping.
Warning: Invalid shape (176, 169) or empty file for subject 50206 at regions/50206_timeseries.txt. Skipping.
Warning: Invalid shape (176, 169) or empty file for subject 50208 at regions/50208_timeseries.txt. Skipping.
Warning: Invalid shape (176, 169) or empty file for subject 50210 at regions/50210_timeseries.txt. Skipping.
Warning: Invalid shape (176, 169) or empty file for subject 50213 at regions/50213_timeseries.txt. Skipping.
Warning: Invalid shape (176, 169) or empty file for subject 50214 at regions/50214_timeseries.txt. Skipping.
Warning: Invalid shape (176, 169) or empty file for subject 50215 at regions/50215_timeseries.txt. Skipping.
Warning: Invalid shape (176, 169) or empty file for subject 50217 at regions/50217_timeseries.txt. Skipping.
Warning: Invalid shape (146, 169) or empty file for subject 50233 at regions/50233_timeseries.txt. Skipping.
Warning: Invalid shape (146, 169) or empty file for subject 50234 at regions/50234_timeseries.txt. Skipping.
Warning: Invalid shape (146, 169) or empty file for subject 50236 at regions/50236_timeseries.txt. Skipping.
Warning: Invalid shape (146, 169) or empty file for subject 50237 at regions/50237_timeseries.txt. Skipping.
Warning: Invalid shape (146, 169) or empty file for subject 50239 at regions/50239_timeseries.txt. Skipping.
Warning: Invalid shape (146, 169) or empty file for subject 50240 at regions/50240_timeseries.txt. Skipping.
Warning: Invalid shape (146, 169) or empty file for subject 50243 at regions/50243_timeseries.txt. Skipping.
Warning: Invalid shape (146, 169) or empty file for subject 50245 at regions/50245_timeseries.txt. Skipping.
Warning: Invalid shape (146, 169) or empty file for subject 50247 at regions/50247_timeseries.txt. Skipping.
Warning: Invalid shape (146, 169) or empty file for subject 50248 at regions/50248_timeseries.txt. Skipping.
Warning: Invalid shape (146, 169) or empty file for subject 50249 at regions/50249_timeseries.txt. Skipping.
Warning: Invalid shape (146, 169) or empty file for subject 50250 at regions/50250_timeseries.txt. Skipping.
Warning: Invalid shape (146, 169) or empty file for subject 50252 at regions/50252_timeseries.txt. Skipping.
Warning: Invalid shape (146, 169) or empty file for subject 50253 at regions/50253_timeseries.txt. Skipping.
Warning: Invalid shape (146, 169) or empty file for subject 50254 at regions/50254_timeseries.txt. Skipping.
Warning: Invalid shape (146, 169) or empty file for subject 50255 at regions/50255_timeseries.txt. Skipping.
Warning: Invalid shape (146, 169) or empty file for subject 50257 at regions/50257_timeseries.txt. Skipping.
Warning: Invalid shape (146, 169) or empty file for subject 50259 at regions/50259_timeseries.txt. Skipping.
Warning: Invalid shape (146, 169) or empty file for subject 50260 at regions/50260_timeseries.txt. Skipping.
Warning: Invalid shape (146, 169) or empty file for subject 50261 at regions/50261_timeseries.txt. Skipping.
Warning: Invalid shape (146, 169) or empty file for subject 50262 at regions/50262_timeseries.txt. Skipping.
Warning: Invalid shape (146, 169) or empty file for subject 50263 at regions/50263_timeseries.txt. Skipping.
Warning: Invalid shape (146, 169) or empty file for subject 50264 at regions/50264_timeseries.txt. Skipping.
Warning: Invalid shape (146, 169) or empty file for subject 50265 at regions/50265_timeseries.txt. Skipping.
Warning: Invalid shape (146, 169) or empty file for subject 50266 at regions/50266_timeseries.txt. Skipping.
Warning: Invalid shape (146, 169) or empty file for subject 50267 at regions/50267_timeseries.txt. Skipping.
Warning: Invalid shape (146, 169) or empty file for subject 50268 at regions/50268_timeseries.txt. Skipping.
Warning: Invalid shape (146, 169) or empty file for subject 50269 at regions/50269_timeseries.txt. Skipping.
Warning: Invalid shape (146, 169) or empty file for subject 50271 at regions/50271_timeseries.txt. Skipping.
Warning: Invalid shape (296, 169) or empty file for subject 50272 at regions/50272_timeseries.txt. Skipping.
Warning: Invalid shape (296, 169) or empty file for subject 50273 at regions/50273_timeseries.txt. Skipping.
Warning: Invalid shape (296, 169) or empty file for subject 50274 at regions/50274_timeseries.txt. Skipping.
Warning: Invalid shape (296, 169) or empty file for subject 50278 at regions/50278_timeseries.txt. Skipping.
Warning: Invalid shape (296, 169) or empty file for subject 50282 at regions/50282_timeseries.txt. Skipping.
Warning: Invalid shape (296, 169) or empty file for subject 50284 at regions/50284_timeseries.txt. Skipping.
Warning: Invalid shape (296, 169) or empty file for subject 50285 at regions/50285_timeseries.txt. Skipping.
Warning: Invalid shape (296, 169) or empty file for subject 50287 at regions/50287_timeseries.txt. Skipping.
Warning: Invalid shape (296, 169) or empty file for subject 50290 at regions/50290_timeseries.txt. Skipping.
Warning: Invalid shape (296, 169) or empty file for subject 50291 at regions/50291_timeseries.txt. Skipping.
Warning: Invalid shape (296, 169) or empty file for subject 50292 at regions/50292_timeseries.txt. Skipping.
Warning: Invalid shape (296, 169) or empty file for subject 50293 at regions/50293_timeseries.txt. Skipping.
Warning: Invalid shape (296, 169) or empty file for subject 50294 at regions/50294_timeseries.txt. Skipping.
Warning: Invalid shape (296, 169) or empty file for subject 50295 at regions/50295_timeseries.txt. Skipping.
Warning: Invalid shape (296, 169) or empty file for subject 50297 at regions/50297_timeseries.txt. Skipping.
Warning: Invalid shape (296, 169) or empty file for subject 50298 at regions/50298_timeseries.txt. Skipping.
Warning: Invalid shape (296, 169) or empty file for subject 50300 at regions/50300_timeseries.txt. Skipping.
Warning: Invalid shape (296, 169) or empty file for subject 50301 at regions/50301_timeseries.txt. Skipping.
Warning: Invalid shape (296, 169) or empty file for subject 50302 at regions/50302_timeseries.txt. Skipping.
Warning: Invalid shape (296, 169) or empty file for subject 50304 at regions/50304_timeseries.txt. Skipping.
Warning: Invalid shape (296, 169) or empty file for subject 50308 at regions/50308_timeseries.txt. Skipping.
Warning: Invalid shape (296, 169) or empty file for subject 50310 at regions/50310_timeseries.txt. Skipping.
Warning: Invalid shape (296, 169) or empty file for subject 50312 at regions/50312_timeseries.txt. Skipping.
Warning: Invalid shape (296, 169) or empty file for subject 50315 at regions/50315_timeseries.txt. Skipping.
Warning: Invalid shape (296, 169) or empty file for subject 50318 at regions/50318_timeseries.txt. Skipping.
Warning: Invalid shape (296, 169) or empty file for subject 50321 at regions/50321_timeseries.txt. Skipping.
Warning: Invalid shape (296, 169) or empty file for subject 50324 at regions/50324_timeseries.txt. Skipping.
Warning: Invalid shape (296, 169) or empty file for subject 50325 at regions/50325_timeseries.txt. Skipping.
Warning: Invalid shape (296, 169) or empty file for subject 50327 at regions/50327_timeseries.txt. Skipping.
Warning: Invalid shape (296, 169) or empty file for subject 50329 at regions/50329_timeseries.txt. Skipping.
Warning: Invalid shape (296, 169) or empty file for subject 50330 at regions/50330_timeseries.txt. Skipping.
Warning: Invalid shape (296, 169) or empty file for subject 50331 at regions/50331_timeseries.txt. Skipping.
Warning: Invalid shape (296, 169) or empty file for subject 50332 at regions/50332_timeseries.txt. Skipping.
Warning: Invalid shape (296, 169) or empty file for subject 50333 at regions/50333_timeseries.txt. Skipping.
Warning: Invalid shape (296, 169) or empty file for subject 50334 at regions/50334_timeseries.txt. Skipping.
Warning: Invalid shape (296, 169) or empty file for subject 50335 at regions/50335_timeseries.txt. Skipping.
Warning: Invalid shape (296, 169) or empty file for subject 50336 at regions/50336_timeseries.txt. Skipping.
Warning: Invalid shape (296, 169) or empty file for subject 50337 at regions/50337_timeseries.txt. Skipping.
Warning: Invalid shape (296, 169) or empty file for subject 50338 at regions/50338_timeseries.txt. Skipping.
Warning: Invalid shape (296, 169) or empty file for subject 50339 at regions/50339_timeseries.txt. Skipping.
Warning: Invalid shape (296, 169) or empty file for subject 50340 at regions/50340_timeseries.txt. Skipping.
Warning: Invalid shape (296, 169) or empty file for subject 50341 at regions/50341_timeseries.txt. Skipping.
Warning: Invalid shape (296, 169) or empty file for subject 50342 at regions/50342_timeseries.txt. Skipping.
Warning: Invalid shape (296, 169) or empty file for subject 50343 at regions/50343_timeseries.txt. Skipping.
Warning: Invalid shape (296, 169) or empty file for subject 50344 at regions/50344_timeseries.txt. Skipping.
Warning: Invalid shape (296, 169) or empty file for subject 50345 at regions/50345_timeseries.txt. Skipping.
Warning: Invalid shape (296, 169) or empty file for subject 50346 at regions/50346_timeseries.txt. Skipping.
Warning: Invalid shape (296, 169) or empty file for subject 50347 at regions/50347_timeseries.txt. Skipping.
Warning: Invalid shape (296, 169) or empty file for subject 50348 at regions/50348_timeseries.txt. Skipping.
Warning: Invalid shape (296, 169) or empty file for subject 50349 at regions/50349_timeseries.txt. Skipping.
Warning: Invalid shape (296, 169) or empty file for subject 50350 at regions/50350_timeseries.txt. Skipping.
Warning: Invalid shape (296, 169) or empty file for subject 50351 at regions/50351_timeseries.txt. Skipping.
Warning: Invalid shape (296, 169) or empty file for subject 50354 at regions/50354_timeseries.txt. Skipping.
Warning: Invalid shape (296, 169) or empty file for subject 50355 at regions/50355_timeseries.txt. Skipping.
Warning: Invalid shape (296, 169) or empty file for subject 50356 at regions/50356_timeseries.txt. Skipping.
Warning: Invalid shape (296, 169) or empty file for subject 50357 at regions/50357_timeseries.txt. Skipping.
Warning: Invalid shape (296, 169) or empty file for subject 50358 at regions/50358_timeseries.txt. Skipping.
Warning: Invalid shape (296, 169) or empty file for subject 50359 at regions/50359_timeseries.txt. Skipping.
Warning: Invalid shape (296, 169) or empty file for subject 50360 at regions/50360_timeseries.txt. Skipping.
Warning: Invalid shape (296, 169) or empty file for subject 50361 at regions/50361_timeseries.txt. Skipping.
Warning: Invalid shape (296, 169) or empty file for subject 50362 at regions/50362_timeseries.txt. Skipping.
Warning: Invalid shape (296, 169) or empty file for subject 50363 at regions/50363_timeseries.txt. Skipping.
Warning: Invalid shape (296, 169) or empty file for subject 50364 at regions/50364_timeseries.txt. Skipping.
Warning: Invalid shape (296, 169) or empty file for subject 50365 at regions/50365_timeseries.txt. Skipping.
Warning: Invalid shape (296, 169) or empty file for subject 50367 at regions/50367_timeseries.txt. Skipping.
Warning: Invalid shape (296, 169) or empty file for subject 50368 at regions/50368_timeseries.txt. Skipping.
Warning: Invalid shape (296, 169) or empty file for subject 50369 at regions/50369_timeseries.txt. Skipping.
Warning: Invalid shape (296, 169) or empty file for subject 50370 at regions/50370_timeseries.txt. Skipping.
Warning: Invalid shape (296, 169) or empty file for subject 50372 at regions/50372_timeseries.txt. Skipping.
Warning: Invalid shape (296, 169) or empty file for subject 50373 at regions/50373_timeseries.txt. Skipping.
Warning: Invalid shape (296, 169) or empty file for subject 50374 at regions/50374_timeseries.txt. Skipping.
Warning: Invalid shape (296, 169) or empty file for subject 50375 at regions/50375_timeseries.txt. Skipping.
Warning: Invalid shape (296, 169) or empty file for subject 50376 at regions/50376_timeseries.txt. Skipping.
Warning: Invalid shape (296, 169) or empty file for subject 50379 at regions/50379_timeseries.txt. Skipping.
Warning: Invalid shape (296, 169) or empty file for subject 50380 at regions/50380_timeseries.txt. Skipping.
Warning: Invalid shape (296, 169) or empty file for subject 50381 at regions/50381_timeseries.txt. Skipping.
Warning: Invalid shape (296, 169) or empty file for subject 50382 at regions/50382_timeseries.txt. Skipping.
Warning: Invalid shape (296, 169) or empty file for subject 50383 at regions/50383_timeseries.txt. Skipping.
Warning: Invalid shape (296, 169) or empty file for subject 50386 at regions/50386_timeseries.txt. Skipping.
Warning: Invalid shape (296, 169) or empty file for subject 50387 at regions/50387_timeseries.txt. Skipping.
Warning: Invalid shape (296, 169) or empty file for subject 50388 at regions/50388_timeseries.txt. Skipping.
Warning: Invalid shape (296, 169) or empty file for subject 50391 at regions/50391_timeseries.txt. Skipping.
Warning: Invalid shape (296, 169) or empty file for subject 50397 at regions/50397_timeseries.txt. Skipping.
Warning: Invalid shape (296, 169) or empty file for subject 50399 at regions/50399_timeseries.txt. Skipping.
Warning: Invalid shape (296, 169) or empty file for subject 50402 at regions/50402_timeseries.txt. Skipping.
Warning: Invalid shape (296, 169) or empty file for subject 50403 at regions/50403_timeseries.txt. Skipping.
Warning: Invalid shape (296, 169) or empty file for subject 50404 at regions/50404_timeseries.txt. Skipping.
Warning: Invalid shape (296, 169) or empty file for subject 50405 at regions/50405_timeseries.txt. Skipping.
Warning: Invalid shape (296, 169) or empty file for subject 50406 at regions/50406_timeseries.txt. Skipping.
Warning: Invalid shape (296, 169) or empty file for subject 50407 at regions/50407_timeseries.txt. Skipping.
Warning: Invalid shape (296, 169) or empty file for subject 50408 at regions/50408_timeseries.txt. Skipping.
Warning: Invalid shape (296, 169) or empty file for subject 50410 at regions/50410_timeseries.txt. Skipping.
Warning: Invalid shape (296, 169) or empty file for subject 50411 at regions/50411_timeseries.txt. Skipping.
Warning: Invalid shape (296, 169) or empty file for subject 50412 at regions/50412_timeseries.txt. Skipping.
Warning: Invalid shape (296, 169) or empty file for subject 50415 at regions/50415_timeseries.txt. Skipping.
Warning: Invalid shape (296, 169) or empty file for subject 50416 at regions/50416_timeseries.txt. Skipping.
Warning: Invalid shape (296, 169) or empty file for subject 50417 at regions/50417_timeseries.txt. Skipping.
Warning: Invalid shape (296, 169) or empty file for subject 50418 at regions/50418_timeseries.txt. Skipping.
Warning: Invalid shape (296, 169) or empty file for subject 50419 at regions/50419_timeseries.txt. Skipping.
Warning: Invalid shape (296, 169) or empty file for subject 50421 at regions/50421_timeseries.txt. Skipping.
Warning: Invalid shape (296, 169) or empty file for subject 50422 at regions/50422_timeseries.txt. Skipping.
Warning: Invalid shape (296, 169) or empty file for subject 50425 at regions/50425_timeseries.txt. Skipping.
Warning: Invalid shape (296, 169) or empty file for subject 50426 at regions/50426_timeseries.txt. Skipping.
Warning: Invalid shape (296, 169) or empty file for subject 50427 at regions/50427_timeseries.txt. Skipping.
Warning: Invalid shape (296, 169) or empty file for subject 50428 at regions/50428_timeseries.txt. Skipping.
Warning: Invalid shape (236, 169) or empty file for subject 50433 at regions/50433_timeseries.txt. Skipping.
Warning: Invalid shape (236, 169) or empty file for subject 50434 at regions/50434_timeseries.txt. Skipping.
Warning: Invalid shape (236, 169) or empty file for subject 50435 at regions/50435_timeseries.txt. Skipping.
Warning: Invalid shape (236, 169) or empty file for subject 50436 at regions/50436_timeseries.txt. Skipping.
Warning: Invalid shape (236, 169) or empty file for subject 50438 at regions/50438_timeseries.txt. Skipping.
Warning: Invalid shape (236, 169) or empty file for subject 50439 at regions/50439_timeseries.txt. Skipping.
Warning: Invalid shape (236, 169) or empty file for subject 50440 at regions/50440_timeseries.txt. Skipping.
Warning: Invalid shape (236, 169) or empty file for subject 50441 at regions/50441_timeseries.txt. Skipping.
Warning: Invalid shape (236, 169) or empty file for subject 50442 at regions/50442_timeseries.txt. Skipping.
Warning: Invalid shape (236, 169) or empty file for subject 50444 at regions/50444_timeseries.txt. Skipping.
Warning: Invalid shape (236, 169) or empty file for subject 50446 at regions/50446_timeseries.txt. Skipping.
Warning: Invalid shape (236, 169) or empty file for subject 50447 at regions/50447_timeseries.txt. Skipping.
Warning: Invalid shape (236, 169) or empty file for subject 50448 at regions/50448_timeseries.txt. Skipping.
Warning: Invalid shape (236, 169) or empty file for subject 50449 at regions/50449_timeseries.txt. Skipping.
Warning: Invalid shape (236, 169) or empty file for subject 50453 at regions/50453_timeseries.txt. Skipping.
Warning: Invalid shape (236, 169) or empty file for subject 50463 at regions/50463_timeseries.txt. Skipping.
Warning: Invalid shape (236, 169) or empty file for subject 50467 at regions/50467_timeseries.txt. Skipping.
Warning: Invalid shape (236, 169) or empty file for subject 50468 at regions/50468_timeseries.txt. Skipping.
Warning: Invalid shape (236, 169) or empty file for subject 50469 at regions/50469_timeseries.txt. Skipping.
Warning: Invalid shape (236, 169) or empty file for subject 50470 at regions/50470_timeseries.txt. Skipping.
Warning: Invalid shape (236, 169) or empty file for subject 50477 at regions/50477_timeseries.txt. Skipping.
Warning: Invalid shape (236, 169) or empty file for subject 50481 at regions/50481_timeseries.txt. Skipping.
Warning: Invalid shape (236, 169) or empty file for subject 50482 at regions/50482_timeseries.txt. Skipping.
Warning: Invalid shape (236, 169) or empty file for subject 50483 at regions/50483_timeseries.txt. Skipping.
Warning: Invalid shape (236, 169) or empty file for subject 50485 at regions/50485_timeseries.txt. Skipping.
Warning: Invalid shape (236, 169) or empty file for subject 50486 at regions/50486_timeseries.txt. Skipping.
Warning: Invalid shape (236, 169) or empty file for subject 50487 at regions/50487_timeseries.txt. Skipping.
Warning: Invalid shape (236, 169) or empty file for subject 50488 at regions/50488_timeseries.txt. Skipping.
Warning: Invalid shape (236, 169) or empty file for subject 50490 at regions/50490_timeseries.txt. Skipping.
Warning: Invalid shape (236, 169) or empty file for subject 50491 at regions/50491_timeseries.txt. Skipping.
Warning: Invalid shape (236, 169) or empty file for subject 50492 at regions/50492_timeseries.txt. Skipping.
Warning: Invalid shape (236, 169) or empty file for subject 50493 at regions/50493_timeseries.txt. Skipping.
Warning: Invalid shape (236, 169) or empty file for subject 50494 at regions/50494_timeseries.txt. Skipping.
Warning: Invalid shape (236, 169) or empty file for subject 50496 at regions/50496_timeseries.txt. Skipping.
Warning: Invalid shape (236, 169) or empty file for subject 50497 at regions/50497_timeseries.txt. Skipping.
Warning: Invalid shape (236, 169) or empty file for subject 50498 at regions/50498_timeseries.txt. Skipping.
Warning: Invalid shape (236, 169) or empty file for subject 50500 at regions/50500_timeseries.txt. Skipping.
Warning: Invalid shape (236, 169) or empty file for subject 50501 at regions/50501_timeseries.txt. Skipping.
Warning: Invalid shape (236, 169) or empty file for subject 50502 at regions/50502_timeseries.txt. Skipping.
Warning: Invalid shape (236, 169) or empty file for subject 50503 at regions/50503_timeseries.txt. Skipping.
Warning: Invalid shape (236, 169) or empty file for subject 50504 at regions/50504_timeseries.txt. Skipping.
Warning: Invalid shape (236, 169) or empty file for subject 50507 at regions/50507_timeseries.txt. Skipping.
Warning: Invalid shape (236, 169) or empty file for subject 50509 at regions/50509_timeseries.txt. Skipping.
Warning: Invalid shape (236, 169) or empty file for subject 50510 at regions/50510_timeseries.txt. Skipping.
Warning: Invalid shape (236, 169) or empty file for subject 50514 at regions/50514_timeseries.txt. Skipping.
Warning: Invalid shape (236, 169) or empty file for subject 50516 at regions/50516_timeseries.txt. Skipping.
Warning: Invalid shape (236, 169) or empty file for subject 50518 at regions/50518_timeseries.txt. Skipping.
Warning: Invalid shape (236, 169) or empty file for subject 50519 at regions/50519_timeseries.txt. Skipping.
Warning: Invalid shape (236, 169) or empty file for subject 50521 at regions/50521_timeseries.txt. Skipping.
Warning: Invalid shape (236, 169) or empty file for subject 50523 at regions/50523_timeseries.txt. Skipping.
Warning: Invalid shape (236, 169) or empty file for subject 50524 at regions/50524_timeseries.txt. Skipping.
Warning: Invalid shape (236, 169) or empty file for subject 50525 at regions/50525_timeseries.txt. Skipping.
Warning: Invalid shape (232, 169) or empty file for subject 50526 at regions/50526_timeseries.txt. Skipping.
Warning: Invalid shape (236, 169) or empty file for subject 50527 at regions/50527_timeseries.txt. Skipping.
Warning: Invalid shape (236, 169) or empty file for subject 50528 at regions/50528_timeseries.txt. Skipping.
Warning: Invalid shape (236, 169) or empty file for subject 50529 at regions/50529_timeseries.txt. Skipping.
Warning: Invalid shape (236, 169) or empty file for subject 50530 at regions/50530_timeseries.txt. Skipping.
Warning: Invalid shape (236, 169) or empty file for subject 50531 at regions/50531_timeseries.txt. Skipping.
Warning: Invalid shape (236, 169) or empty file for subject 50532 at regions/50532_timeseries.txt. Skipping.
Warning: Invalid shape (196, 169) or empty file for subject 50551 at regions/50551_timeseries.txt. Skipping.
Warning: Invalid shape (196, 169) or empty file for subject 50552 at regions/50552_timeseries.txt. Skipping.
Warning: Invalid shape (196, 169) or empty file for subject 50555 at regions/50555_timeseries.txt. Skipping.
Warning: Invalid shape (196, 169) or empty file for subject 50557 at regions/50557_timeseries.txt. Skipping.
Warning: Invalid shape (196, 169) or empty file for subject 50558 at regions/50558_timeseries.txt. Skipping.
Warning: Invalid shape (196, 169) or empty file for subject 50563 at regions/50563_timeseries.txt. Skipping.
Warning: Invalid shape (196, 169) or empty file for subject 50565 at regions/50565_timeseries.txt. Skipping.
Warning: Invalid shape (196, 169) or empty file for subject 50568 at regions/50568_timeseries.txt. Skipping.
Warning: Invalid shape (196, 169) or empty file for subject 50569 at regions/50569_timeseries.txt. Skipping.
Warning: Invalid shape (196, 169) or empty file for subject 50570 at regions/50570_timeseries.txt. Skipping.
Warning: Invalid shape (196, 169) or empty file for subject 50572 at regions/50572_timeseries.txt. Skipping.
Warning: Invalid shape (196, 169) or empty file for subject 50574 at regions/50574_timeseries.txt. Skipping.
Warning: Invalid shape (196, 169) or empty file for subject 50575 at regions/50575_timeseries.txt. Skipping.
Warning: Invalid shape (196, 169) or empty file for subject 50576 at regions/50576_timeseries.txt. Skipping.
Warning: Invalid shape (196, 169) or empty file for subject 50577 at regions/50577_timeseries.txt. Skipping.
Warning: Invalid shape (196, 169) or empty file for subject 50601 at regions/50601_timeseries.txt. Skipping.
Warning: Invalid shape (196, 169) or empty file for subject 50602 at regions/50602_timeseries.txt. Skipping.
Warning: Invalid shape (196, 169) or empty file for subject 50603 at regions/50603_timeseries.txt. Skipping.
Warning: Invalid shape (196, 169) or empty file for subject 50604 at regions/50604_timeseries.txt. Skipping.
Warning: Invalid shape (196, 169) or empty file for subject 50606 at regions/50606_timeseries.txt. Skipping.
Warning: Invalid shape (196, 169) or empty file for subject 50607 at regions/50607_timeseries.txt. Skipping.
Warning: Invalid shape (196, 169) or empty file for subject 50608 at regions/50608_timeseries.txt. Skipping.
Warning: Invalid shape (196, 169) or empty file for subject 50612 at regions/50612_timeseries.txt. Skipping.
Warning: Invalid shape (196, 169) or empty file for subject 50613 at regions/50613_timeseries.txt. Skipping.
Warning: Invalid shape (196, 169) or empty file for subject 50614 at regions/50614_timeseries.txt. Skipping.
Warning: Invalid shape (196, 169) or empty file for subject 50615 at regions/50615_timeseries.txt. Skipping.
Warning: Invalid shape (196, 169) or empty file for subject 50616 at regions/50616_timeseries.txt. Skipping.
Warning: Invalid shape (196, 169) or empty file for subject 50619 at regions/50619_timeseries.txt. Skipping.
Warning: Invalid shape (196, 169) or empty file for subject 50622 at regions/50622_timeseries.txt. Skipping.
Warning: Invalid shape (196, 169) or empty file for subject 50623 at regions/50623_timeseries.txt. Skipping.
Warning: Invalid shape (196, 169) or empty file for subject 50624 at regions/50624_timeseries.txt. Skipping.
Warning: Invalid shape (196, 169) or empty file for subject 50625 at regions/50625_timeseries.txt. Skipping.
Warning: Invalid shape (196, 169) or empty file for subject 50626 at regions/50626_timeseries.txt. Skipping.
Warning: Invalid shape (196, 169) or empty file for subject 50627 at regions/50627_timeseries.txt. Skipping.
Warning: Invalid shape (196, 169) or empty file for subject 50628 at regions/50628_timeseries.txt. Skipping.
Warning: Invalid shape (236, 169) or empty file for subject 50642 at regions/50642_timeseries.txt. Skipping.
Warning: Invalid shape (316, 169) or empty file for subject 50644 at regions/50644_timeseries.txt. Skipping.
Warning: Invalid shape (202, 169) or empty file for subject 50647 at regions/50647_timeseries.txt. Skipping.
Warning: Invalid shape (316, 169) or empty file for subject 50648 at regions/50648_timeseries.txt. Skipping.
Warning: Invalid shape (236, 169) or empty file for subject 50649 at regions/50649_timeseries.txt. Skipping.
Warning: Invalid shape (236, 169) or empty file for subject 50654 at regions/50654_timeseries.txt. Skipping.
Warning: Invalid shape (236, 169) or empty file for subject 50656 at regions/50656_timeseries.txt. Skipping.
Warning: Invalid shape (236, 169) or empty file for subject 50659 at regions/50659_timeseries.txt. Skipping.
Warning: Invalid shape (236, 169) or empty file for subject 50665 at regions/50665_timeseries.txt. Skipping.
Warning: Invalid shape (316, 169) or empty file for subject 50669 at regions/50669_timeseries.txt. Skipping.
Warning: Invalid shape (246, 169) or empty file for subject 50682 at regions/50682_timeseries.txt. Skipping.
Warning: Invalid shape (246, 169) or empty file for subject 50683 at regions/50683_timeseries.txt. Skipping.
Warning: Invalid shape (246, 169) or empty file for subject 50685 at regions/50685_timeseries.txt. Skipping.
Warning: Invalid shape (246, 169) or empty file for subject 50686 at regions/50686_timeseries.txt. Skipping.
Warning: Invalid shape (246, 169) or empty file for subject 50687 at regions/50687_timeseries.txt. Skipping.
Warning: Invalid shape (246, 169) or empty file for subject 50688 at regions/50688_timeseries.txt. Skipping.
Warning: Invalid shape (246, 169) or empty file for subject 50689 at regions/50689_timeseries.txt. Skipping.
Warning: Invalid shape (246, 169) or empty file for subject 50690 at regions/50690_timeseries.txt. Skipping.
Warning: Invalid shape (246, 169) or empty file for subject 50691 at regions/50691_timeseries.txt. Skipping.
Warning: Invalid shape (246, 169) or empty file for subject 50692 at regions/50692_timeseries.txt. Skipping.
Warning: Invalid shape (246, 169) or empty file for subject 50693 at regions/50693_timeseries.txt. Skipping.
Warning: Invalid shape (246, 169) or empty file for subject 50694 at regions/50694_timeseries.txt. Skipping.
Warning: Invalid shape (246, 169) or empty file for subject 50695 at regions/50695_timeseries.txt. Skipping.
Warning: Invalid shape (246, 169) or empty file for subject 50696 at regions/50696_timeseries.txt. Skipping.
Warning: Invalid shape (246, 169) or empty file for subject 50697 at regions/50697_timeseries.txt. Skipping.
Warning: Invalid shape (246, 169) or empty file for subject 50698 at regions/50698_timeseries.txt. Skipping.
Warning: Invalid shape (246, 169) or empty file for subject 50699 at regions/50699_timeseries.txt. Skipping.
Warning: Invalid shape (246, 169) or empty file for subject 50700 at regions/50700_timeseries.txt. Skipping.
Warning: Invalid shape (246, 169) or empty file for subject 50701 at regions/50701_timeseries.txt. Skipping.
Warning: Invalid shape (246, 169) or empty file for subject 50702 at regions/50702_timeseries.txt. Skipping.
Warning: Invalid shape (246, 169) or empty file for subject 50703 at regions/50703_timeseries.txt. Skipping.
Warning: Invalid shape (246, 169) or empty file for subject 50704 at regions/50704_timeseries.txt. Skipping.
Warning: Invalid shape (246, 169) or empty file for subject 50705 at regions/50705_timeseries.txt. Skipping.
Warning: Invalid shape (246, 169) or empty file for subject 50706 at regions/50706_timeseries.txt. Skipping.
Warning: Invalid shape (246, 169) or empty file for subject 50707 at regions/50707_timeseries.txt. Skipping.
Warning: Invalid shape (246, 169) or empty file for subject 50708 at regions/50708_timeseries.txt. Skipping.
Warning: Invalid shape (246, 169) or empty file for subject 50709 at regions/50709_timeseries.txt. Skipping.
Warning: Invalid shape (246, 169) or empty file for subject 50722 at regions/50722_timeseries.txt. Skipping.
Warning: Invalid shape (246, 169) or empty file for subject 50723 at regions/50723_timeseries.txt. Skipping.
Warning: Invalid shape (246, 169) or empty file for subject 50724 at regions/50724_timeseries.txt. Skipping.
Warning: Invalid shape (246, 169) or empty file for subject 50725 at regions/50725_timeseries.txt. Skipping.
Warning: Invalid shape (246, 169) or empty file for subject 50726 at regions/50726_timeseries.txt. Skipping.
Warning: Invalid shape (246, 169) or empty file for subject 50728 at regions/50728_timeseries.txt. Skipping.
Warning: Invalid shape (246, 169) or empty file for subject 50730 at regions/50730_timeseries.txt. Skipping.
Warning: Invalid shape (246, 169) or empty file for subject 50731 at regions/50731_timeseries.txt. Skipping.
Warning: Invalid shape (246, 169) or empty file for subject 50733 at regions/50733_timeseries.txt. Skipping.
Warning: Invalid shape (246, 169) or empty file for subject 50735 at regions/50735_timeseries.txt. Skipping.
Warning: Invalid shape (246, 169) or empty file for subject 50737 at regions/50737_timeseries.txt. Skipping.
Warning: Invalid shape (246, 169) or empty file for subject 50738 at regions/50738_timeseries.txt. Skipping.
Warning: Invalid shape (246, 169) or empty file for subject 50739 at regions/50739_timeseries.txt. Skipping.
Warning: Invalid shape (246, 169) or empty file for subject 50740 at regions/50740_timeseries.txt. Skipping.
Warning: Invalid shape (246, 169) or empty file for subject 50741 at regions/50741_timeseries.txt. Skipping.
Warning: Invalid shape (246, 169) or empty file for subject 50742 at regions/50742_timeseries.txt. Skipping.
Warning: Invalid shape (246, 169) or empty file for subject 50744 at regions/50744_timeseries.txt. Skipping.
Warning: Invalid shape (246, 169) or empty file for subject 50745 at regions/50745_timeseries.txt. Skipping.
Warning: Invalid shape (246, 169) or empty file for subject 50748 at regions/50748_timeseries.txt. Skipping.
Warning: Invalid shape (246, 169) or empty file for subject 50749 at regions/50749_timeseries.txt. Skipping.
Warning: Invalid shape (246, 169) or empty file for subject 50750 at regions/50750_timeseries.txt. Skipping.
Warning: Invalid shape (246, 169) or empty file for subject 50751 at regions/50751_timeseries.txt. Skipping.
Warning: Invalid shape (246, 169) or empty file for subject 50752 at regions/50752_timeseries.txt. Skipping.
Warning: Invalid shape (246, 169) or empty file for subject 50754 at regions/50754_timeseries.txt. Skipping.
Warning: Invalid shape (246, 169) or empty file for subject 50755 at regions/50755_timeseries.txt. Skipping.
Warning: Invalid shape (246, 169) or empty file for subject 50756 at regions/50756_timeseries.txt. Skipping.
Warning: Invalid shape (246, 169) or empty file for subject 50757 at regions/50757_timeseries.txt. Skipping.
Warning: Invalid shape (152, 169) or empty file for subject 50772 at regions/50772_timeseries.txt. Skipping.
Warning: Invalid shape (152, 169) or empty file for subject 50773 at regions/50773_timeseries.txt. Skipping.
Warning: Invalid shape (152, 169) or empty file for subject 50774 at regions/50774_timeseries.txt. Skipping.
Warning: Invalid shape (152, 169) or empty file for subject 50775 at regions/50775_timeseries.txt. Skipping.
Warning: Invalid shape (152, 169) or empty file for subject 50776 at regions/50776_timeseries.txt. Skipping.
Warning: Invalid shape (152, 169) or empty file for subject 50777 at regions/50777_timeseries.txt. Skipping.
Warning: Invalid shape (152, 169) or empty file for subject 50778 at regions/50778_timeseries.txt. Skipping.
Warning: Invalid shape (152, 169) or empty file for subject 50780 at regions/50780_timeseries.txt. Skipping.
Warning: Invalid shape (152, 169) or empty file for subject 50781 at regions/50781_timeseries.txt. Skipping.
Warning: Invalid shape (152, 169) or empty file for subject 50782 at regions/50782_timeseries.txt. Skipping.
Warning: Invalid shape (152, 169) or empty file for subject 50783 at regions/50783_timeseries.txt. Skipping.
Warning: Invalid shape (152, 169) or empty file for subject 50786 at regions/50786_timeseries.txt. Skipping.
Warning: Invalid shape (152, 169) or empty file for subject 50790 at regions/50790_timeseries.txt. Skipping.
Warning: Invalid shape (124, 169) or empty file for subject 50791 at regions/50791_timeseries.txt. Skipping.
Warning: Invalid shape (124, 169) or empty file for subject 50792 at regions/50792_timeseries.txt. Skipping.
Warning: Invalid shape (152, 169) or empty file for subject 50796 at regions/50796_timeseries.txt. Skipping.
Warning: Invalid shape (152, 169) or empty file for subject 50797 at regions/50797_timeseries.txt. Skipping.
Warning: Invalid shape (152, 169) or empty file for subject 50798 at regions/50798_timeseries.txt. Skipping.
Warning: Invalid shape (152, 169) or empty file for subject 50799 at regions/50799_timeseries.txt. Skipping.
Warning: Invalid shape (152, 169) or empty file for subject 50800 at regions/50800_timeseries.txt. Skipping.
Warning: Invalid shape (152, 169) or empty file for subject 50801 at regions/50801_timeseries.txt. Skipping.
Warning: Invalid shape (152, 169) or empty file for subject 50803 at regions/50803_timeseries.txt. Skipping.
Warning: Invalid shape (152, 169) or empty file for subject 50812 at regions/50812_timeseries.txt. Skipping.
Warning: Invalid shape (152, 169) or empty file for subject 50814 at regions/50814_timeseries.txt. Skipping.
Warning: Invalid shape (124, 169) or empty file for subject 50816 at regions/50816_timeseries.txt. Skipping.
Warning: Invalid shape (124, 169) or empty file for subject 50817 at regions/50817_timeseries.txt. Skipping.
Warning: Invalid shape (152, 169) or empty file for subject 50818 at regions/50818_timeseries.txt. Skipping.
Warning: Invalid shape (152, 169) or empty file for subject 50820 at regions/50820_timeseries.txt. Skipping.
Warning: Invalid shape (152, 169) or empty file for subject 50821 at regions/50821_timeseries.txt. Skipping.
Warning: Invalid shape (152, 169) or empty file for subject 50823 at regions/50823_timeseries.txt. Skipping.
Warning: Invalid shape (152, 169) or empty file for subject 50824 at regions/50824_timeseries.txt. Skipping.
Warning: Invalid shape (176, 169) or empty file for subject 50952 at regions/50952_timeseries.txt. Skipping.
Warning: Invalid shape (176, 169) or empty file for subject 50954 at regions/50954_timeseries.txt. Skipping.
Warning: Invalid shape (176, 169) or empty file for subject 50956 at regions/50956_timeseries.txt. Skipping.
Warning: Invalid shape (176, 169) or empty file for subject 50957 at regions/50957_timeseries.txt. Skipping.
Warning: Invalid shape (176, 169) or empty file for subject 50958 at regions/50958_timeseries.txt. Skipping.
Warning: Invalid shape (176, 169) or empty file for subject 50959 at regions/50959_timeseries.txt. Skipping.
Warning: Invalid shape (176, 169) or empty file for subject 50960 at regions/50960_timeseries.txt. Skipping.
Warning: Invalid shape (176, 169) or empty file for subject 50961 at regions/50961_timeseries.txt. Skipping.
Warning: Invalid shape (176, 169) or empty file for subject 50962 at regions/50962_timeseries.txt. Skipping.
Warning: Invalid shape (176, 169) or empty file for subject 50964 at regions/50964_timeseries.txt. Skipping.
Warning: Invalid shape (176, 169) or empty file for subject 50965 at regions/50965_timeseries.txt. Skipping.
Warning: Invalid shape (176, 169) or empty file for subject 50966 at regions/50966_timeseries.txt. Skipping.
Warning: Invalid shape (176, 169) or empty file for subject 50968 at regions/50968_timeseries.txt. Skipping.
Warning: Invalid shape (176, 169) or empty file for subject 50969 at regions/50969_timeseries.txt. Skipping.
Warning: Invalid shape (176, 169) or empty file for subject 50970 at regions/50970_timeseries.txt. Skipping.
Warning: Invalid shape (176, 169) or empty file for subject 50972 at regions/50972_timeseries.txt. Skipping.
Warning: Invalid shape (176, 169) or empty file for subject 50973 at regions/50973_timeseries.txt. Skipping.
Warning: Invalid shape (176, 169) or empty file for subject 50974 at regions/50974_timeseries.txt. Skipping.
Warning: Invalid shape (176, 169) or empty file for subject 50976 at regions/50976_timeseries.txt. Skipping.
Warning: Invalid shape (176, 169) or empty file for subject 50977 at regions/50977_timeseries.txt. Skipping.
Warning: Invalid shape (176, 169) or empty file for subject 50978 at regions/50978_timeseries.txt. Skipping.
Warning: Invalid shape (176, 169) or empty file for subject 50979 at regions/50979_timeseries.txt. Skipping.
Warning: Invalid shape (176, 169) or empty file for subject 50981 at regions/50981_timeseries.txt. Skipping.
Warning: Invalid shape (176, 169) or empty file for subject 50982 at regions/50982_timeseries.txt. Skipping.
Warning: Invalid shape (176, 169) or empty file for subject 50983 at regions/50983_timeseries.txt. Skipping.
Warning: Invalid shape (176, 169) or empty file for subject 50984 at regions/50984_timeseries.txt. Skipping.
Warning: Invalid shape (176, 169) or empty file for subject 50985 at regions/50985_timeseries.txt. Skipping.
Warning: Invalid shape (176, 169) or empty file for subject 50986 at regions/50986_timeseries.txt. Skipping.
Warning: Invalid shape (176, 169) or empty file for subject 50990 at regions/50990_timeseries.txt. Skipping.
Warning: Invalid shape (176, 169) or empty file for subject 50991 at regions/50991_timeseries.txt. Skipping.
Warning: Invalid shape (176, 169) or empty file for subject 50992 at regions/50992_timeseries.txt. Skipping.
Warning: Invalid shape (176, 169) or empty file for subject 50993 at regions/50993_timeseries.txt. Skipping.
Warning: Invalid shape (176, 169) or empty file for subject 50994 at regions/50994_timeseries.txt. Skipping.
Warning: Invalid shape (176, 169) or empty file for subject 50995 at regions/50995_timeseries.txt. Skipping.
Warning: Invalid shape (176, 169) or empty file for subject 50996 at regions/50996_timeseries.txt. Skipping.
Warning: Invalid shape (176, 169) or empty file for subject 50997 at regions/50997_timeseries.txt. Skipping.
Warning: Invalid shape (176, 169) or empty file for subject 50999 at regions/50999_timeseries.txt. Skipping.
Warning: Invalid shape (176, 169) or empty file for subject 51000 at regions/51000_timeseries.txt. Skipping.
Warning: Invalid shape (176, 169) or empty file for subject 51001 at regions/51001_timeseries.txt. Skipping.
Warning: Invalid shape (176, 169) or empty file for subject 51002 at regions/51002_timeseries.txt. Skipping.
Warning: Invalid shape (176, 169) or empty file for subject 51003 at regions/51003_timeseries.txt. Skipping.
Warning: Invalid shape (176, 169) or empty file for subject 51006 at regions/51006_timeseries.txt. Skipping.
Warning: Invalid shape (176, 169) or empty file for subject 51007 at regions/51007_timeseries.txt. Skipping.
Warning: Invalid shape (176, 169) or empty file for subject 51008 at regions/51008_timeseries.txt. Skipping.
Warning: Invalid shape (176, 169) or empty file for subject 51010 at regions/51010_timeseries.txt. Skipping.
Warning: Invalid shape (176, 169) or empty file for subject 51011 at regions/51011_timeseries.txt. Skipping.
Warning: Invalid shape (176, 169) or empty file for subject 51012 at regions/51012_timeseries.txt. Skipping.
Warning: Invalid shape (176, 169) or empty file for subject 51013 at regions/51013_timeseries.txt. Skipping.
Warning: Invalid shape (176, 169) or empty file for subject 51014 at regions/51014_timeseries.txt. Skipping.
Warning: Invalid shape (176, 169) or empty file for subject 51015 at regions/51015_timeseries.txt. Skipping.
Warning: Invalid shape (176, 169) or empty file for subject 51016 at regions/51016_timeseries.txt. Skipping.
Warning: Invalid shape (176, 169) or empty file for subject 51017 at regions/51017_timeseries.txt. Skipping.
Warning: Invalid shape (176, 169) or empty file for subject 51018 at regions/51018_timeseries.txt. Skipping.
Warning: Invalid shape (176, 169) or empty file for subject 51019 at regions/51019_timeseries.txt. Skipping.
Warning: Invalid shape (176, 169) or empty file for subject 51020 at regions/51020_timeseries.txt. Skipping.
Warning: Invalid shape (176, 169) or empty file for subject 51023 at regions/51023_timeseries.txt. Skipping.
Warning: Invalid shape (176, 169) or empty file for subject 51024 at regions/51024_timeseries.txt. Skipping.
Warning: Invalid shape (176, 169) or empty file for subject 51025 at regions/51025_timeseries.txt. Skipping.
Warning: Invalid shape (176, 169) or empty file for subject 51027 at regions/51027_timeseries.txt. Skipping.
Warning: Invalid shape (176, 169) or empty file for subject 51028 at regions/51028_timeseries.txt. Skipping.
Warning: Invalid shape (176, 169) or empty file for subject 51029 at regions/51029_timeseries.txt. Skipping.
Warning: Invalid shape (176, 169) or empty file for subject 51030 at regions/51030_timeseries.txt. Skipping.
Warning: Invalid shape (176, 169) or empty file for subject 51032 at regions/51032_timeseries.txt. Skipping.
Warning: Invalid shape (176, 169) or empty file for subject 51033 at regions/51033_timeseries.txt. Skipping.
Warning: Invalid shape (176, 169) or empty file for subject 51034 at regions/51034_timeseries.txt. Skipping.
Warning: Invalid shape (176, 169) or empty file for subject 51035 at regions/51035_timeseries.txt. Skipping.
Warning: Invalid shape (176, 169) or empty file for subject 51036 at regions/51036_timeseries.txt. Skipping.
Warning: Invalid shape (176, 169) or empty file for subject 51039 at regions/51039_timeseries.txt. Skipping.
Warning: Invalid shape (176, 169) or empty file for subject 51040 at regions/51040_timeseries.txt. Skipping.
Warning: Invalid shape (176, 169) or empty file for subject 51041 at regions/51041_timeseries.txt. Skipping.
Warning: Invalid shape (176, 169) or empty file for subject 51042 at regions/51042_timeseries.txt. Skipping.
Warning: Invalid shape (176, 169) or empty file for subject 51045 at regions/51045_timeseries.txt. Skipping.
Warning: Invalid shape (176, 169) or empty file for subject 51046 at regions/51046_timeseries.txt. Skipping.
Warning: Invalid shape (176, 169) or empty file for subject 51047 at regions/51047_timeseries.txt. Skipping.
Warning: Invalid shape (176, 169) or empty file for subject 51048 at regions/51048_timeseries.txt. Skipping.
Warning: Invalid shape (176, 169) or empty file for subject 51049 at regions/51049_timeseries.txt. Skipping.
Warning: Invalid shape (176, 169) or empty file for subject 51050 at regions/51050_timeseries.txt. Skipping.
Warning: Invalid shape (176, 169) or empty file for subject 51051 at regions/51051_timeseries.txt. Skipping.
Warning: Invalid shape (176, 169) or empty file for subject 51053 at regions/51053_timeseries.txt. Skipping.
Warning: Invalid shape (176, 169) or empty file for subject 51054 at regions/51054_timeseries.txt. Skipping.
Warning: Invalid shape (176, 169) or empty file for subject 51055 at regions/51055_timeseries.txt. Skipping.
Warning: Invalid shape (176, 169) or empty file for subject 51057 at regions/51057_timeseries.txt. Skipping.
Warning: Invalid shape (176, 169) or empty file for subject 51058 at regions/51058_timeseries.txt. Skipping.
Warning: Invalid shape (176, 169) or empty file for subject 51059 at regions/51059_timeseries.txt. Skipping.
Warning: Invalid shape (176, 169) or empty file for subject 51060 at regions/51060_timeseries.txt. Skipping.
Warning: Invalid shape (176, 169) or empty file for subject 51061 at regions/51061_timeseries.txt. Skipping.
Warning: Invalid shape (176, 169) or empty file for subject 51062 at regions/51062_timeseries.txt. Skipping.
Warning: Invalid shape (176, 169) or empty file for subject 51063 at regions/51063_timeseries.txt. Skipping.
Warning: Invalid shape (176, 169) or empty file for subject 51064 at regions/51064_timeseries.txt. Skipping.
Warning: Invalid shape (176, 169) or empty file for subject 51065 at regions/51065_timeseries.txt. Skipping.
Warning: Invalid shape (176, 169) or empty file for subject 51066 at regions/51066_timeseries.txt. Skipping.
Warning: Invalid shape (176, 169) or empty file for subject 51067 at regions/51067_timeseries.txt. Skipping.
Warning: Invalid shape (176, 169) or empty file for subject 51069 at regions/51069_timeseries.txt. Skipping.
Warning: Invalid shape (176, 169) or empty file for subject 51070 at regions/51070_timeseries.txt. Skipping.
Warning: Invalid shape (176, 169) or empty file for subject 51072 at regions/51072_timeseries.txt. Skipping.
Warning: Invalid shape (176, 169) or empty file for subject 51073 at regions/51073_timeseries.txt. Skipping.
Warning: Invalid shape (176, 169) or empty file for subject 51074 at regions/51074_timeseries.txt. Skipping.
Warning: Invalid shape (176, 169) or empty file for subject 51075 at regions/51075_timeseries.txt. Skipping.
Warning: Invalid shape (176, 169) or empty file for subject 51076 at regions/51076_timeseries.txt. Skipping.
Warning: Invalid shape (176, 169) or empty file for subject 51078 at regions/51078_timeseries.txt. Skipping.
Warning: Invalid shape (176, 169) or empty file for subject 51079 at regions/51079_timeseries.txt. Skipping.
Warning: Invalid shape (176, 169) or empty file for subject 51080 at regions/51080_timeseries.txt. Skipping.
Warning: Invalid shape (176, 169) or empty file for subject 51081 at regions/51081_timeseries.txt. Skipping.
Warning: Invalid shape (176, 169) or empty file for subject 51082 at regions/51082_timeseries.txt. Skipping.
Warning: Invalid shape (176, 169) or empty file for subject 51083 at regions/51083_timeseries.txt. Skipping.
Warning: Invalid shape (176, 169) or empty file for subject 51084 at regions/51084_timeseries.txt. Skipping.
Warning: Invalid shape (176, 169) or empty file for subject 51085 at regions/51085_timeseries.txt. Skipping.
Warning: Invalid shape (176, 169) or empty file for subject 51086 at regions/51086_timeseries.txt. Skipping.
Warning: Invalid shape (176, 169) or empty file for subject 51087 at regions/51087_timeseries.txt. Skipping.
Warning: Invalid shape (176, 169) or empty file for subject 51088 at regions/51088_timeseries.txt. Skipping.
Warning: Invalid shape (176, 169) or empty file for subject 51089 at regions/51089_timeseries.txt. Skipping.
Warning: Invalid shape (176, 169) or empty file for subject 51091 at regions/51091_timeseries.txt. Skipping.
Warning: Invalid shape (176, 169) or empty file for subject 51093 at regions/51093_timeseries.txt. Skipping.
Warning: Invalid shape (176, 169) or empty file for subject 51094 at regions/51094_timeseries.txt. Skipping.
Warning: Invalid shape (176, 169) or empty file for subject 51095 at regions/51095_timeseries.txt. Skipping.
Warning: Invalid shape (176, 169) or empty file for subject 51096 at regions/51096_timeseries.txt. Skipping.
Warning: Invalid shape (176, 169) or empty file for subject 51097 at regions/51097_timeseries.txt. Skipping.
Warning: Invalid shape (176, 169) or empty file for subject 51098 at regions/51098_timeseries.txt. Skipping.
Warning: Invalid shape (176, 169) or empty file for subject 51099 at regions/51099_timeseries.txt. Skipping.
Warning: Invalid shape (176, 169) or empty file for subject 51101 at regions/51101_timeseries.txt. Skipping.
Warning: Invalid shape (176, 169) or empty file for subject 51102 at regions/51102_timeseries.txt. Skipping.
Warning: Invalid shape (176, 169) or empty file for subject 51104 at regions/51104_timeseries.txt. Skipping.
Warning: Invalid shape (176, 169) or empty file for subject 51105 at regions/51105_timeseries.txt. Skipping.
Warning: Invalid shape (176, 169) or empty file for subject 51106 at regions/51106_timeseries.txt. Skipping.
Warning: Invalid shape (176, 169) or empty file for subject 51107 at regions/51107_timeseries.txt. Skipping.
Warning: Invalid shape (176, 169) or empty file for subject 51109 at regions/51109_timeseries.txt. Skipping.
Warning: Invalid shape (176, 169) or empty file for subject 51111 at regions/51111_timeseries.txt. Skipping.
Warning: Invalid shape (176, 169) or empty file for subject 51112 at regions/51112_timeseries.txt. Skipping.
Warning: Invalid shape (176, 169) or empty file for subject 51113 at regions/51113_timeseries.txt. Skipping.
Warning: Invalid shape (176, 169) or empty file for subject 51114 at regions/51114_timeseries.txt. Skipping.
Warning: Invalid shape (176, 169) or empty file for subject 51116 at regions/51116_timeseries.txt. Skipping.
Warning: Invalid shape (176, 169) or empty file for subject 51117 at regions/51117_timeseries.txt. Skipping.
Warning: Invalid shape (176, 169) or empty file for subject 51118 at regions/51118_timeseries.txt. Skipping.
Warning: Invalid shape (176, 169) or empty file for subject 51122 at regions/51122_timeseries.txt. Skipping.
Warning: Invalid shape (176, 169) or empty file for subject 51123 at regions/51123_timeseries.txt. Skipping.
Warning: Invalid shape (176, 169) or empty file for subject 51124 at regions/51124_timeseries.txt. Skipping.
Warning: Invalid shape (176, 169) or empty file for subject 51126 at regions/51126_timeseries.txt. Skipping.
Warning: Invalid shape (176, 169) or empty file for subject 51127 at regions/51127_timeseries.txt. Skipping.
Warning: Invalid shape (176, 169) or empty file for subject 51128 at regions/51128_timeseries.txt. Skipping.
Warning: Invalid shape (176, 169) or empty file for subject 51129 at regions/51129_timeseries.txt. Skipping.
Warning: Invalid shape (176, 169) or empty file for subject 51130 at regions/51130_timeseries.txt. Skipping.
Warning: Invalid shape (176, 169) or empty file for subject 51131 at regions/51131_timeseries.txt. Skipping.
Warning: Invalid shape (146, 169) or empty file for subject 51132 at regions/51132_timeseries.txt. Skipping.
Warning: Invalid shape (146, 169) or empty file for subject 51133 at regions/51133_timeseries.txt. Skipping.
Warning: Invalid shape (146, 169) or empty file for subject 51134 at regions/51134_timeseries.txt. Skipping.
Warning: Invalid shape (146, 169) or empty file for subject 51135 at regions/51135_timeseries.txt. Skipping.
Warning: Invalid shape (146, 169) or empty file for subject 51137 at regions/51137_timeseries.txt. Skipping.
Warning: Invalid shape (146, 169) or empty file for subject 51138 at regions/51138_timeseries.txt. Skipping.
Warning: Invalid shape (146, 169) or empty file for subject 51139 at regions/51139_timeseries.txt. Skipping.
Warning: Invalid shape (146, 169) or empty file for subject 51140 at regions/51140_timeseries.txt. Skipping.
Warning: Invalid shape (146, 169) or empty file for subject 51142 at regions/51142_timeseries.txt. Skipping.
Warning: Invalid shape (176, 169) or empty file for subject 51148 at regions/51148_timeseries.txt. Skipping.
Warning: Invalid shape (176, 169) or empty file for subject 51149 at regions/51149_timeseries.txt. Skipping.
Warning: Invalid shape (176, 169) or empty file for subject 51150 at regions/51150_timeseries.txt. Skipping.
Warning: Invalid shape (176, 169) or empty file for subject 51151 at regions/51151_timeseries.txt. Skipping.
Warning: Invalid shape (176, 169) or empty file for subject 51152 at regions/51152_timeseries.txt. Skipping.
Warning: Invalid shape (176, 169) or empty file for subject 51153 at regions/51153_timeseries.txt. Skipping.
Warning: Invalid shape (176, 169) or empty file for subject 51154 at regions/51154_timeseries.txt. Skipping.
Warning: Invalid shape (176, 169) or empty file for subject 51156 at regions/51156_timeseries.txt. Skipping.
Warning: Invalid shape (176, 169) or empty file for subject 51159 at regions/51159_timeseries.txt. Skipping.
Warning: Invalid shape (176, 169) or empty file for subject 51161 at regions/51161_timeseries.txt. Skipping.
Warning: Invalid shape (176, 169) or empty file for subject 51162 at regions/51162_timeseries.txt. Skipping.
Warning: Invalid shape (176, 169) or empty file for subject 51164 at regions/51164_timeseries.txt. Skipping.
Warning: Invalid shape (176, 169) or empty file for subject 51168 at regions/51168_timeseries.txt. Skipping.
Warning: Invalid shape (176, 169) or empty file for subject 51170 at regions/51170_timeseries.txt. Skipping.
Warning: Invalid shape (176, 169) or empty file for subject 51173 at regions/51173_timeseries.txt. Skipping.
Warning: Invalid shape (176, 169) or empty file for subject 51177 at regions/51177_timeseries.txt. Skipping.
Warning: Invalid shape (176, 169) or empty file for subject 51178 at regions/51178_timeseries.txt. Skipping.
Warning: Invalid shape (176, 169) or empty file for subject 51179 at regions/51179_timeseries.txt. Skipping.
Warning: Invalid shape (236, 169) or empty file for subject 51180 at regions/51180_timeseries.txt. Skipping.
Warning: Invalid shape (236, 169) or empty file for subject 51181 at regions/51181_timeseries.txt. Skipping.
Warning: Invalid shape (236, 169) or empty file for subject 51182 at regions/51182_timeseries.txt. Skipping.
Warning: Invalid shape (236, 169) or empty file for subject 51183 at regions/51183_timeseries.txt. Skipping.
Warning: Invalid shape (236, 169) or empty file for subject 51184 at regions/51184_timeseries.txt. Skipping.
Warning: Invalid shape (236, 169) or empty file for subject 51185 at regions/51185_timeseries.txt. Skipping.
Warning: Invalid shape (236, 169) or empty file for subject 51187 at regions/51187_timeseries.txt. Skipping.
Warning: Invalid shape (236, 169) or empty file for subject 51192 at regions/51192_timeseries.txt. Skipping.
Warning: Invalid shape (236, 169) or empty file for subject 51194 at regions/51194_timeseries.txt. Skipping.
Warning: Invalid shape (236, 169) or empty file for subject 51197 at regions/51197_timeseries.txt. Skipping.
Warning: Invalid shape (236, 169) or empty file for subject 51198 at regions/51198_timeseries.txt. Skipping.
Warning: Invalid shape (116, 169) or empty file for subject 51201 at regions/51201_timeseries.txt. Skipping.
Warning: Invalid shape (116, 169) or empty file for subject 51202 at regions/51202_timeseries.txt. Skipping.
Warning: Invalid shape (116, 169) or empty file for subject 51203 at regions/51203_timeseries.txt. Skipping.
Warning: Invalid shape (116, 169) or empty file for subject 51204 at regions/51204_timeseries.txt. Skipping.
Warning: Invalid shape (116, 169) or empty file for subject 51205 at regions/51205_timeseries.txt. Skipping.
Warning: Invalid shape (116, 169) or empty file for subject 51206 at regions/51206_timeseries.txt. Skipping.
Warning: Invalid shape (116, 169) or empty file for subject 51207 at regions/51207_timeseries.txt. Skipping.
Warning: Invalid shape (116, 169) or empty file for subject 51208 at regions/51208_timeseries.txt. Skipping.
Warning: Invalid shape (116, 169) or empty file for subject 51210 at regions/51210_timeseries.txt. Skipping.
Warning: Invalid shape (116, 169) or empty file for subject 51211 at regions/51211_timeseries.txt. Skipping.
Warning: Invalid shape (116, 169) or empty file for subject 51212 at regions/51212_timeseries.txt. Skipping.
Warning: Invalid shape (116, 169) or empty file for subject 51214 at regions/51214_timeseries.txt. Skipping.
Warning: Invalid shape (116, 169) or empty file for subject 51215 at regions/51215_timeseries.txt. Skipping.
Warning: Invalid shape (116, 169) or empty file for subject 51216 at regions/51216_timeseries.txt. Skipping.
Warning: Invalid shape (116, 169) or empty file for subject 51217 at regions/51217_timeseries.txt. Skipping.
Warning: Invalid shape (116, 169) or empty file for subject 51218 at regions/51218_timeseries.txt. Skipping.
Warning: Invalid shape (116, 169) or empty file for subject 51219 at regions/51219_timeseries.txt. Skipping.
Warning: Invalid shape (116, 169) or empty file for subject 51220 at regions/51220_timeseries.txt. Skipping.
Warning: Invalid shape (116, 169) or empty file for subject 51221 at regions/51221_timeseries.txt. Skipping.
Warning: Invalid shape (116, 169) or empty file for subject 51222 at regions/51222_timeseries.txt. Skipping.
Warning: Invalid shape (116, 169) or empty file for subject 51224 at regions/51224_timeseries.txt. Skipping.
Warning: Invalid shape (116, 169) or empty file for subject 51225 at regions/51225_timeseries.txt. Skipping.
Warning: Invalid shape (116, 169) or empty file for subject 51226 at regions/51226_timeseries.txt. Skipping.
Warning: Invalid shape (116, 169) or empty file for subject 51229 at regions/51229_timeseries.txt. Skipping.
Warning: Invalid shape (116, 169) or empty file for subject 51230 at regions/51230_timeseries.txt. Skipping.
Warning: Invalid shape (116, 169) or empty file for subject 51231 at regions/51231_timeseries.txt. Skipping.
Warning: Invalid shape (116, 169) or empty file for subject 51234 at regions/51234_timeseries.txt. Skipping.
Warning: Invalid shape (116, 169) or empty file for subject 51235 at regions/51235_timeseries.txt. Skipping.
Warning: Invalid shape (116, 169) or empty file for subject 51236 at regions/51236_timeseries.txt. Skipping.
Warning: Invalid shape (116, 169) or empty file for subject 51237 at regions/51237_timeseries.txt. Skipping.
Warning: Invalid shape (116, 169) or empty file for subject 51240 at regions/51240_timeseries.txt. Skipping.
Warning: Invalid shape (116, 169) or empty file for subject 51241 at regions/51241_timeseries.txt. Skipping.
Warning: Invalid shape (116, 169) or empty file for subject 51248 at regions/51248_timeseries.txt. Skipping.
Warning: Invalid shape (116, 169) or empty file for subject 51249 at regions/51249_timeseries.txt. Skipping.
Warning: Invalid shape (116, 169) or empty file for subject 51250 at regions/51250_timeseries.txt. Skipping.
Warning: Invalid shape (116, 169) or empty file for subject 51251 at regions/51251_timeseries.txt. Skipping.
Warning: Invalid shape (116, 169) or empty file for subject 51252 at regions/51252_timeseries.txt. Skipping.
Warning: Invalid shape (116, 169) or empty file for subject 51253 at regions/51253_timeseries.txt. Skipping.
Warning: Invalid shape (116, 169) or empty file for subject 51254 at regions/51254_timeseries.txt. Skipping.
Warning: Invalid shape (116, 169) or empty file for subject 51255 at regions/51255_timeseries.txt. Skipping.
Warning: Invalid shape (116, 169) or empty file for subject 51256 at regions/51256_timeseries.txt. Skipping.
Warning: Invalid shape (116, 169) or empty file for subject 51260 at regions/51260_timeseries.txt. Skipping.
Warning: Invalid shape (116, 169) or empty file for subject 51262 at regions/51262_timeseries.txt. Skipping.
Warning: Invalid shape (116, 169) or empty file for subject 51264 at regions/51264_timeseries.txt. Skipping.
Warning: Invalid shape (116, 169) or empty file for subject 51265 at regions/51265_timeseries.txt. Skipping.
Warning: Invalid shape (116, 169) or empty file for subject 51266 at regions/51266_timeseries.txt. Skipping.
Warning: Invalid shape (116, 169) or empty file for subject 51267 at regions/51267_timeseries.txt. Skipping.
Warning: Invalid shape (116, 169) or empty file for subject 51269 at regions/51269_timeseries.txt. Skipping.
Warning: Invalid shape (116, 169) or empty file for subject 51271 at regions/51271_timeseries.txt. Skipping.
Warning: Invalid shape (116, 169) or empty file for subject 51272 at regions/51272_timeseries.txt. Skipping.
Warning: Invalid shape (116, 169) or empty file for subject 51273 at regions/51273_timeseries.txt. Skipping.
Warning: Invalid shape (116, 169) or empty file for subject 51275 at regions/51275_timeseries.txt. Skipping.
Warning: Invalid shape (116, 169) or empty file for subject 51276 at regions/51276_timeseries.txt. Skipping.
Warning: Invalid shape (116, 169) or empty file for subject 51277 at regions/51277_timeseries.txt. Skipping.
Warning: Invalid shape (116, 169) or empty file for subject 51278 at regions/51278_timeseries.txt. Skipping.
Warning: Invalid shape (116, 169) or empty file for subject 51279 at regions/51279_timeseries.txt. Skipping.
Warning: Invalid shape (116, 169) or empty file for subject 51280 at regions/51280_timeseries.txt. Skipping.
Warning: Invalid shape (116, 169) or empty file for subject 51281 at regions/51281_timeseries.txt. Skipping.
Warning: Invalid shape (116, 169) or empty file for subject 51291 at regions/51291_timeseries.txt. Skipping.
Warning: Invalid shape (116, 169) or empty file for subject 51292 at regions/51292_timeseries.txt. Skipping.
Warning: Invalid shape (116, 169) or empty file for subject 51293 at regions/51293_timeseries.txt. Skipping.
Warning: Invalid shape (116, 169) or empty file for subject 51294 at regions/51294_timeseries.txt. Skipping.
Warning: Invalid shape (116, 169) or empty file for subject 51295 at regions/51295_timeseries.txt. Skipping.
Warning: Invalid shape (116, 169) or empty file for subject 51297 at regions/51297_timeseries.txt. Skipping.
Warning: Invalid shape (116, 169) or empty file for subject 51298 at regions/51298_timeseries.txt. Skipping.
Warning: Invalid shape (116, 169) or empty file for subject 51299 at regions/51299_timeseries.txt. Skipping.
Warning: Invalid shape (116, 169) or empty file for subject 51300 at regions/51300_timeseries.txt. Skipping.
Warning: Invalid shape (116, 169) or empty file for subject 51301 at regions/51301_timeseries.txt. Skipping.
Warning: Invalid shape (116, 169) or empty file for subject 51302 at regions/51302_timeseries.txt. Skipping.
Warning: Invalid shape (116, 169) or empty file for subject 51303 at regions/51303_timeseries.txt. Skipping.
Warning: Invalid shape (116, 169) or empty file for subject 51304 at regions/51304_timeseries.txt. Skipping.
Warning: Invalid shape (116, 169) or empty file for subject 51305 at regions/51305_timeseries.txt. Skipping.
Warning: Invalid shape (116, 169) or empty file for subject 51306 at regions/51306_timeseries.txt. Skipping.
Warning: Invalid shape (116, 169) or empty file for subject 51307 at regions/51307_timeseries.txt. Skipping.
Warning: Invalid shape (116, 169) or empty file for subject 51308 at regions/51308_timeseries.txt. Skipping.
Warning: Invalid shape (116, 169) or empty file for subject 51309 at regions/51309_timeseries.txt. Skipping.
Warning: Invalid shape (116, 169) or empty file for subject 51311 at regions/51311_timeseries.txt. Skipping.
Warning: Invalid shape (116, 169) or empty file for subject 51313 at regions/51313_timeseries.txt. Skipping.
Warning: Invalid shape (116, 169) or empty file for subject 51315 at regions/51315_timeseries.txt. Skipping.
Warning: Invalid shape (116, 169) or empty file for subject 51318 at regions/51318_timeseries.txt. Skipping.
Warning: Invalid shape (116, 169) or empty file for subject 51319 at regions/51319_timeseries.txt. Skipping.
Warning: Invalid shape (116, 169) or empty file for subject 51320 at regions/51320_timeseries.txt. Skipping.
Warning: Invalid shape (116, 169) or empty file for subject 51321 at regions/51321_timeseries.txt. Skipping.
Warning: Invalid shape (116, 169) or empty file for subject 51322 at regions/51322_timeseries.txt. Skipping.
Warning: Invalid shape (116, 169) or empty file for subject 51323 at regions/51323_timeseries.txt. Skipping.
Warning: Invalid shape (116, 169) or empty file for subject 51325 at regions/51325_timeseries.txt. Skipping.
Warning: Invalid shape (116, 169) or empty file for subject 51326 at regions/51326_timeseries.txt. Skipping.
Warning: Invalid shape (116, 169) or empty file for subject 51327 at regions/51327_timeseries.txt. Skipping.
Warning: Invalid shape (196, 169) or empty file for subject 51329 at regions/51329_timeseries.txt. Skipping.
Warning: Invalid shape (196, 169) or empty file for subject 51330 at regions/51330_timeseries.txt. Skipping.
Warning: Invalid shape (196, 169) or empty file for subject 51331 at regions/51331_timeseries.txt. Skipping.
Warning: Invalid shape (116, 169) or empty file for subject 51332 at regions/51332_timeseries.txt. Skipping.
Warning: Invalid shape (116, 169) or empty file for subject 51333 at regions/51333_timeseries.txt. Skipping.
Warning: Invalid shape (116, 169) or empty file for subject 51334 at regions/51334_timeseries.txt. Skipping.
Warning: Invalid shape (116, 169) or empty file for subject 51335 at regions/51335_timeseries.txt. Skipping.
Warning: Invalid shape (116, 169) or empty file for subject 51336 at regions/51336_timeseries.txt. Skipping.
Warning: Invalid shape (116, 169) or empty file for subject 51338 at regions/51338_timeseries.txt. Skipping.
Warning: Invalid shape (116, 169) or empty file for subject 51339 at regions/51339_timeseries.txt. Skipping.
Warning: Invalid shape (116, 169) or empty file for subject 51340 at regions/51340_timeseries.txt. Skipping.
Warning: Invalid shape (116, 169) or empty file for subject 51341 at regions/51341_timeseries.txt. Skipping.
Warning: Invalid shape (116, 169) or empty file for subject 51342 at regions/51342_timeseries.txt. Skipping.
Warning: Invalid shape (116, 169) or empty file for subject 51344 at regions/51344_timeseries.txt. Skipping.
Warning: Invalid shape (116, 169) or empty file for subject 51345 at regions/51345_timeseries.txt. Skipping.
Warning: Invalid shape (116, 169) or empty file for subject 51346 at regions/51346_timeseries.txt. Skipping.
Warning: Invalid shape (116, 169) or empty file for subject 51347 at regions/51347_timeseries.txt. Skipping.
Warning: Invalid shape (196, 169) or empty file for subject 51349 at regions/51349_timeseries.txt. Skipping.
Warning: Invalid shape (196, 169) or empty file for subject 51350 at regions/51350_timeseries.txt. Skipping.
Warning: Invalid shape (196, 169) or empty file for subject 51351 at regions/51351_timeseries.txt. Skipping.
Warning: Invalid shape (196, 169) or empty file for subject 51354 at regions/51354_timeseries.txt. Skipping.
Warning: Invalid shape (196, 169) or empty file for subject 51356 at regions/51356_timeseries.txt. Skipping.
Warning: Invalid shape (196, 169) or empty file for subject 51357 at regions/51357_timeseries.txt. Skipping.
Warning: Invalid shape (196, 169) or empty file for subject 51359 at regions/51359_timeseries.txt. Skipping.
Warning: Invalid shape (196, 169) or empty file for subject 51360 at regions/51360_timeseries.txt. Skipping.
Warning: Invalid shape (196, 169) or empty file for subject 51361 at regions/51361_timeseries.txt. Skipping.
Warning: Invalid shape (116, 169) or empty file for subject 51362 at regions/51362_timeseries.txt. Skipping.
Warning: Invalid shape (116, 169) or empty file for subject 51363 at regions/51363_timeseries.txt. Skipping.
Warning: Invalid shape (116, 169) or empty file for subject 51364 at regions/51364_timeseries.txt. Skipping.
Warning: Invalid shape (116, 169) or empty file for subject 51365 at regions/51365_timeseries.txt. Skipping.
Warning: Invalid shape (116, 169) or empty file for subject 51369 at regions/51369_timeseries.txt. Skipping.
Warning: Invalid shape (116, 169) or empty file for subject 51370 at regions/51370_timeseries.txt. Skipping.
Warning: Invalid shape (116, 169) or empty file for subject 51373 at regions/51373_timeseries.txt. Skipping.
Warning: Invalid shape (146, 169) or empty file for subject 51461 at regions/51461_timeseries.txt. Skipping.
Warning: Invalid shape (146, 169) or empty file for subject 51463 at regions/51463_timeseries.txt. Skipping.
Warning: Invalid shape (146, 169) or empty file for subject 51464 at regions/51464_timeseries.txt. Skipping.
Warning: Invalid shape (146, 169) or empty file for subject 51465 at regions/51465_timeseries.txt. Skipping.
Warning: Invalid shape (146, 169) or empty file for subject 51473 at regions/51473_timeseries.txt. Skipping.
Warning: Invalid shape (146, 169) or empty file for subject 51477 at regions/51477_timeseries.txt. Skipping.
Warning: Invalid shape (146, 169) or empty file for subject 51479 at regions/51479_timeseries.txt. Skipping.
Warning: Invalid shape (146, 169) or empty file for subject 51480 at regions/51480_timeseries.txt. Skipping.
Warning: Invalid shape (146, 169) or empty file for subject 51481 at regions/51481_timeseries.txt. Skipping.
Warning: Invalid shape (146, 169) or empty file for subject 51482 at regions/51482_timeseries.txt. Skipping.
Warning: Invalid shape (146, 169) or empty file for subject 51484 at regions/51484_timeseries.txt. Skipping.
Warning: Invalid shape (146, 169) or empty file for subject 51487 at regions/51487_timeseries.txt. Skipping.
Warning: Invalid shape (146, 169) or empty file for subject 51488 at regions/51488_timeseries.txt. Skipping.
Warning: Invalid shape (146, 169) or empty file for subject 51491 at regions/51491_timeseries.txt. Skipping.
Warning: Invalid shape (146, 169) or empty file for subject 51493 at regions/51493_timeseries.txt. Skipping.
Warning: Invalid shape (196, 169) or empty file for subject 51556 at regions/51556_timeseries.txt. Skipping.
Warning: Invalid shape (196, 169) or empty file for subject 51557 at regions/51557_timeseries.txt. Skipping.
Warning: Invalid shape (196, 169) or empty file for subject 51558 at regions/51558_timeseries.txt. Skipping.
Warning: Invalid shape (196, 169) or empty file for subject 51559 at regions/51559_timeseries.txt. Skipping.
Warning: Invalid shape (196, 169) or empty file for subject 51560 at regions/51560_timeseries.txt. Skipping.
Warning: Invalid shape (196, 169) or empty file for subject 51562 at regions/51562_timeseries.txt. Skipping.
Warning: Invalid shape (196, 169) or empty file for subject 51563 at regions/51563_timeseries.txt. Skipping.
Warning: Invalid shape (196, 169) or empty file for subject 51564 at regions/51564_timeseries.txt. Skipping.
Warning: Invalid shape (196, 169) or empty file for subject 51565 at regions/51565_timeseries.txt. Skipping.
Warning: Invalid shape (196, 169) or empty file for subject 51567 at regions/51567_timeseries.txt. Skipping.
Warning: Invalid shape (196, 169) or empty file for subject 51568 at regions/51568_timeseries.txt. Skipping.
Warning: Invalid shape (196, 169) or empty file for subject 51569 at regions/51569_timeseries.txt. Skipping.
Warning: Invalid shape (196, 169) or empty file for subject 51570 at regions/51570_timeseries.txt. Skipping.
Warning: Invalid shape (196, 169) or empty file for subject 51572 at regions/51572_timeseries.txt. Skipping.
Warning: Invalid shape (196, 169) or empty file for subject 51573 at regions/51573_timeseries.txt. Skipping.
Warning: Invalid shape (196, 169) or empty file for subject 51574 at regions/51574_timeseries.txt. Skipping.
Warning: Invalid shape (196, 169) or empty file for subject 51576 at regions/51576_timeseries.txt. Skipping.
Warning: Invalid shape (196, 169) or empty file for subject 51577 at regions/51577_timeseries.txt. Skipping.
Warning: Invalid shape (196, 169) or empty file for subject 51578 at regions/51578_timeseries.txt. Skipping.
Warning: Invalid shape (196, 169) or empty file for subject 51579 at regions/51579_timeseries.txt. Skipping.
Warning: Invalid shape (196, 169) or empty file for subject 51582 at regions/51582_timeseries.txt. Skipping.
Warning: Invalid shape (196, 169) or empty file for subject 51583 at regions/51583_timeseries.txt. Skipping.
Warning: Invalid shape (196, 169) or empty file for subject 51584 at regions/51584_timeseries.txt. Skipping.
Warning: Invalid shape (196, 169) or empty file for subject 51585 at regions/51585_timeseries.txt. Skipping.
Warning: Invalid shape (116, 169) or empty file for subject 51606 at regions/51606_timeseries.txt. Skipping.
Warning: Invalid shape (116, 169) or empty file for subject 51607 at regions/51607_timeseries.txt. Skipping.
Warning: Invalid shape (196, 169) or empty file for subject 50005 at regions/50005_timeseries.txt. Skipping.
Warning: Invalid shape (196, 169) or empty file for subject 50014 at regions/50014_timeseries.txt. Skipping.
Warning: Invalid shape (196, 169) or empty file for subject 50034 at regions/50034_timeseries.txt. Skipping.
Warning: Invalid shape (196, 169) or empty file for subject 50048 at regions/50048_timeseries.txt. Skipping.
Warning: Invalid shape (196, 169) or empty file for subject 50053 at regions/50053_timeseries.txt. Skipping.
Warning: Invalid shape (206, 169) or empty file for subject 50109 at regions/50109_timeseries.txt. Skipping.
Warning: Invalid shape (206, 169) or empty file for subject 50112 at regions/50112_timeseries.txt. Skipping.
Warning: Invalid shape (206, 169) or empty file for subject 50114 at regions/50114_timeseries.txt. Skipping.
Warning: Invalid shape (206, 169) or empty file for subject 50118 at regions/50118_timeseries.txt. Skipping.
Warning: Invalid shape (78, 169) or empty file for subject 50147 at regions/50147_timeseries.txt. Skipping.
Warning: Invalid shape (78, 169) or empty file for subject 50153 at regions/50153_timeseries.txt. Skipping.
Warning: Invalid shape (78, 169) or empty file for subject 50163 at regions/50163_timeseries.txt. Skipping.
Warning: Invalid shape (78, 169) or empty file for subject 50170 at regions/50170_timeseries.txt. Skipping.
Warning: Invalid shape (176, 169) or empty file for subject 50188 at regions/50188_timeseries.txt. Skipping.
Warning: Invalid shape (176, 169) or empty file for subject 50202 at regions/50202_timeseries.txt. Skipping.
Warning: Invalid shape (146, 169) or empty file for subject 50232 at regions/50232_timeseries.txt. Skipping.
Warning: Invalid shape (146, 169) or empty file for subject 50241 at regions/50241_timeseries.txt. Skipping.
Warning: Invalid shape (146, 169) or empty file for subject 50251 at regions/50251_timeseries.txt. Skipping.
Warning: Invalid shape (146, 169) or empty file for subject 50270 at regions/50270_timeseries.txt. Skipping.
Warning: Invalid shape (296, 169) or empty file for subject 50275 at regions/50275_timeseries.txt. Skipping.
Warning: Invalid shape (296, 169) or empty file for subject 50276 at regions/50276_timeseries.txt. Skipping.
Warning: Invalid shape (296, 169) or empty file for subject 50314 at regions/50314_timeseries.txt. Skipping.
Warning: Invalid shape (296, 169) or empty file for subject 50319 at regions/50319_timeseries.txt. Skipping.
Warning: Invalid shape (296, 169) or empty file for subject 50320 at regions/50320_timeseries.txt. Skipping.
Warning: Invalid shape (296, 169) or empty file for subject 50352 at regions/50352_timeseries.txt. Skipping.
Warning: Invalid shape (296, 169) or empty file for subject 50353 at regions/50353_timeseries.txt. Skipping.
Warning: Invalid shape (296, 169) or empty file for subject 50366 at regions/50366_timeseries.txt. Skipping.
Warning: Invalid shape (296, 169) or empty file for subject 50377 at regions/50377_timeseries.txt. Skipping.
Warning: Invalid shape (296, 169) or empty file for subject 50385 at regions/50385_timeseries.txt. Skipping.
Warning: Invalid shape (296, 169) or empty file for subject 50390 at regions/50390_timeseries.txt. Skipping.
Warning: Invalid shape (296, 169) or empty file for subject 50413 at regions/50413_timeseries.txt. Skipping.
Warning: Invalid shape (296, 169) or empty file for subject 50414 at regions/50414_timeseries.txt. Skipping.
Warning: Invalid shape (296, 169) or empty file for subject 50424 at regions/50424_timeseries.txt. Skipping.
Warning: Invalid shape (236, 169) or empty file for subject 50437 at regions/50437_timeseries.txt. Skipping.
Warning: Invalid shape (236, 169) or empty file for subject 50443 at regions/50443_timeseries.txt. Skipping.
Warning: Invalid shape (236, 169) or empty file for subject 50445 at regions/50445_timeseries.txt. Skipping.
Warning: Invalid shape (236, 169) or empty file for subject 50466 at regions/50466_timeseries.txt. Skipping.
Warning: Invalid shape (236, 169) or empty file for subject 50480 at regions/50480_timeseries.txt. Skipping.
Warning: Invalid shape (236, 169) or empty file for subject 50499 at regions/50499_timeseries.txt. Skipping.
Warning: Invalid shape (236, 169) or empty file for subject 50515 at regions/50515_timeseries.txt. Skipping.
Warning: Invalid shape (236, 169) or empty file for subject 50520 at regions/50520_timeseries.txt. Skipping.
Warning: Invalid shape (196, 169) or empty file for subject 50561 at regions/50561_timeseries.txt. Skipping.
Warning: Invalid shape (196, 169) or empty file for subject 50573 at regions/50573_timeseries.txt. Skipping.
Warning: Invalid shape (196, 169) or empty file for subject 50578 at regions/50578_timeseries.txt. Skipping.
Warning: Invalid shape (196, 169) or empty file for subject 50620 at regions/50620_timeseries.txt. Skipping.
Warning: Invalid shape (196, 169) or empty file for subject 50621 at regions/50621_timeseries.txt. Skipping.
Warning: Invalid shape (246, 169) or empty file for subject 50711 at regions/50711_timeseries.txt. Skipping.
Warning: Invalid shape (246, 169) or empty file for subject 50743 at regions/50743_timeseries.txt. Skipping.
Warning: Invalid shape (152, 169) or empty file for subject 50807 at regions/50807_timeseries.txt. Skipping.
Warning: Invalid shape (176, 169) or empty file for subject 50955 at regions/50955_timeseries.txt. Skipping.
Warning: Invalid shape (176, 169) or empty file for subject 50967 at regions/50967_timeseries.txt. Skipping.
Warning: Invalid shape (176, 169) or empty file for subject 50987 at regions/50987_timeseries.txt. Skipping.
Warning: Invalid shape (176, 169) or empty file for subject 50988 at regions/50988_timeseries.txt. Skipping.
Warning: Invalid shape (176, 169) or empty file for subject 50989 at regions/50989_timeseries.txt. Skipping.
Warning: Invalid shape (176, 169) or empty file for subject 51009 at regions/51009_timeseries.txt. Skipping.
Warning: Invalid shape (176, 169) or empty file for subject 51021 at regions/51021_timeseries.txt. Skipping.
Warning: Invalid shape (176, 169) or empty file for subject 51026 at regions/51026_timeseries.txt. Skipping.
Warning: Invalid shape (176, 169) or empty file for subject 51038 at regions/51038_timeseries.txt. Skipping.
Warning: Invalid shape (176, 169) or empty file for subject 51044 at regions/51044_timeseries.txt. Skipping.
Warning: Invalid shape (176, 169) or empty file for subject 51052 at regions/51052_timeseries.txt. Skipping.
Warning: Invalid shape (176, 169) or empty file for subject 51056 at regions/51056_timeseries.txt. Skipping.
Warning: Invalid shape (176, 169) or empty file for subject 51068 at regions/51068_timeseries.txt. Skipping.
Warning: Invalid shape (176, 169) or empty file for subject 51077 at regions/51077_timeseries.txt. Skipping.
Warning: Invalid shape (176, 169) or empty file for subject 51090 at regions/51090_timeseries.txt. Skipping.
Warning: Invalid shape (176, 169) or empty file for subject 51100 at regions/51100_timeseries.txt. Skipping.
Warning: Invalid shape (176, 169) or empty file for subject 51103 at regions/51103_timeseries.txt. Skipping.
Warning: Invalid shape (176, 169) or empty file for subject 51110 at regions/51110_timeseries.txt. Skipping.
Warning: Invalid shape (146, 169) or empty file for subject 51136 at regions/51136_timeseries.txt. Skipping.
Warning: Invalid shape (146, 169) or empty file for subject 51141 at regions/51141_timeseries.txt. Skipping.
Warning: Invalid shape (176, 169) or empty file for subject 51146 at regions/51146_timeseries.txt. Skipping.
Warning: Invalid shape (176, 169) or empty file for subject 51147 at regions/51147_timeseries.txt. Skipping.
Warning: Invalid shape (176, 169) or empty file for subject 51155 at regions/51155_timeseries.txt. Skipping.
Warning: Invalid shape (176, 169) or empty file for subject 51163 at regions/51163_timeseries.txt. Skipping.
Warning: Invalid shape (176, 169) or empty file for subject 51169 at regions/51169_timeseries.txt. Skipping.
Warning: Invalid shape (176, 169) or empty file for subject 51171 at regions/51171_timeseries.txt. Skipping.
Warning: Invalid shape (236, 169) or empty file for subject 51188 at regions/51188_timeseries.txt. Skipping.
Warning: Invalid shape (236, 169) or empty file for subject 51189 at regions/51189_timeseries.txt. Skipping.
Warning: Invalid shape (116, 169) or empty file for subject 51223 at regions/51223_timeseries.txt. Skipping.
Warning: Invalid shape (116, 169) or empty file for subject 51228 at regions/51228_timeseries.txt. Skipping.
Warning: Invalid shape (116, 169) or empty file for subject 51239 at regions/51239_timeseries.txt. Skipping.
Warning: Invalid shape (116, 169) or empty file for subject 51257 at regions/51257_timeseries.txt. Skipping.
Warning: Invalid shape (116, 169) or empty file for subject 51261 at regions/51261_timeseries.txt. Skipping.
Warning: Invalid shape (116, 169) or empty file for subject 51268 at regions/51268_timeseries.txt. Skipping.
Warning: Invalid shape (116, 169) or empty file for subject 51328 at regions/51328_timeseries.txt. Skipping.
Warning: Invalid shape (116, 169) or empty file for subject 51343 at regions/51343_timeseries.txt. Skipping.
Warning: Invalid shape (196, 169) or empty file for subject 51566 at regions/51566_timeseries.txt. Skipping.
Warning: Invalid shape (196, 169) or empty file for subject 51580 at regions/51580_timeseries.txt. Skipping.
Error: No time series could be loaded successfully for this fold.
Critical Error: Could not load/pad time series for Fold 1. Skipping fold.

--- Fold 2/10 ---
Loading time series for 866 subjects in fold...
Warning: Invalid shape (196, 169) or empty file for subject 50003 at regions/50003_timeseries.txt. Skipping.
Warning: Invalid shape (196, 169) or empty file for subject 50004 at regions/50004_timeseries.txt. Skipping.
Warning: Invalid shape (196, 169) or empty file for subject 50005 at regions/50005_timeseries.txt. Skipping.
Warning: Invalid shape (196, 169) or empty file for subject 50006 at regions/50006_timeseries.txt. Skipping.
Warning: Invalid shape (196, 169) or empty file for subject 50007 at regions/50007_timeseries.txt. Skipping.
Warning: Invalid shape (196, 169) or empty file for subject 50008 at regions/50008_timeseries.txt. Skipping.
Warning: Invalid shape (196, 169) or empty file for subject 50010 at regions/50010_timeseries.txt. Skipping.
Warning: Invalid shape (196, 169) or empty file for subject 50011 at regions/50011_timeseries.txt. Skipping.
Warning: Invalid shape (196, 169) or empty file for subject 50012 at regions/50012_timeseries.txt. Skipping.
Warning: Invalid shape (196, 169) or empty file for subject 50013 at regions/50013_timeseries.txt. Skipping.
Warning: Invalid shape (196, 169) or empty file for subject 50014 at regions/50014_timeseries.txt. Skipping.
Warning: Invalid shape (196, 169) or empty file for subject 50015 at regions/50015_timeseries.txt. Skipping.
Warning: Invalid shape (196, 169) or empty file for subject 50022 at regions/50022_timeseries.txt. Skipping.
Warning: Invalid shape (196, 169) or empty file for subject 50024 at regions/50024_timeseries.txt. Skipping.
Warning: Invalid shape (196, 169) or empty file for subject 50025 at regions/50025_timeseries.txt. Skipping.
Warning: Invalid shape (196, 169) or empty file for subject 50026 at regions/50026_timeseries.txt. Skipping.
Warning: Invalid shape (196, 169) or empty file for subject 50027 at regions/50027_timeseries.txt. Skipping.
Warning: Invalid shape (196, 169) or empty file for subject 50030 at regions/50030_timeseries.txt. Skipping.
Warning: Invalid shape (196, 169) or empty file for subject 50031 at regions/50031_timeseries.txt. Skipping.
Warning: Invalid shape (196, 169) or empty file for subject 50033 at regions/50033_timeseries.txt. Skipping.
Warning: Invalid shape (196, 169) or empty file for subject 50034 at regions/50034_timeseries.txt. Skipping.
Warning: Invalid shape (196, 169) or empty file for subject 50035 at regions/50035_timeseries.txt. Skipping.
Warning: Invalid shape (196, 169) or empty file for subject 50036 at regions/50036_timeseries.txt. Skipping.
Warning: Invalid shape (196, 169) or empty file for subject 50037 at regions/50037_timeseries.txt. Skipping.
Warning: Invalid shape (196, 169) or empty file for subject 50038 at regions/50038_timeseries.txt. Skipping.
Warning: Invalid shape (196, 169) or empty file for subject 50039 at regions/50039_timeseries.txt. Skipping.
Warning: Invalid shape (196, 169) or empty file for subject 50040 at regions/50040_timeseries.txt. Skipping.
Warning: Invalid shape (196, 169) or empty file for subject 50041 at regions/50041_timeseries.txt. Skipping.
Warning: Invalid shape (196, 169) or empty file for subject 50042 at regions/50042_timeseries.txt. Skipping.
Warning: Invalid shape (196, 169) or empty file for subject 50043 at regions/50043_timeseries.txt. Skipping.
Warning: Invalid shape (196, 169) or empty file for subject 50044 at regions/50044_timeseries.txt. Skipping.
Warning: Invalid shape (196, 169) or empty file for subject 50045 at regions/50045_timeseries.txt. Skipping.
Warning: Invalid shape (196, 169) or empty file for subject 50047 at regions/50047_timeseries.txt. Skipping.
Warning: Invalid shape (196, 169) or empty file for subject 50048 at regions/50048_timeseries.txt. Skipping.
Warning: Invalid shape (196, 169) or empty file for subject 50049 at regions/50049_timeseries.txt. Skipping.
Warning: Invalid shape (196, 169) or empty file for subject 50050 at regions/50050_timeseries.txt. Skipping.
Warning: Invalid shape (196, 169) or empty file for subject 50051 at regions/50051_timeseries.txt. Skipping.
Warning: Invalid shape (196, 169) or empty file for subject 50053 at regions/50053_timeseries.txt. Skipping.
Warning: Invalid shape (196, 169) or empty file for subject 50054 at regions/50054_timeseries.txt. Skipping.
Warning: Invalid shape (196, 169) or empty file for subject 50056 at regions/50056_timeseries.txt. Skipping.
Warning: Invalid shape (196, 169) or empty file for subject 50057 at regions/50057_timeseries.txt. Skipping.
Warning: Invalid shape (196, 169) or empty file for subject 50060 at regions/50060_timeseries.txt. Skipping.
Warning: Invalid shape (206, 169) or empty file for subject 50102 at regions/50102_timeseries.txt. Skipping.
Warning: Invalid shape (206, 169) or empty file for subject 50103 at regions/50103_timeseries.txt. Skipping.
Warning: Invalid shape (206, 169) or empty file for subject 50104 at regions/50104_timeseries.txt. Skipping.
Warning: Invalid shape (206, 169) or empty file for subject 50105 at regions/50105_timeseries.txt. Skipping.
Warning: Invalid shape (206, 169) or empty file for subject 50106 at regions/50106_timeseries.txt. Skipping.
Warning: Invalid shape (206, 169) or empty file for subject 50107 at regions/50107_timeseries.txt. Skipping.
Warning: Invalid shape (206, 169) or empty file for subject 50109 at regions/50109_timeseries.txt. Skipping.
Warning: Invalid shape (206, 169) or empty file for subject 50111 at regions/50111_timeseries.txt. Skipping.
Warning: Invalid shape (206, 169) or empty file for subject 50112 at regions/50112_timeseries.txt. Skipping.
Warning: Invalid shape (206, 169) or empty file for subject 50113 at regions/50113_timeseries.txt. Skipping.
Warning: Invalid shape (206, 169) or empty file for subject 50114 at regions/50114_timeseries.txt. Skipping.
Warning: Invalid shape (206, 169) or empty file for subject 50115 at regions/50115_timeseries.txt. Skipping.
Warning: Invalid shape (206, 169) or empty file for subject 50116 at regions/50116_timeseries.txt. Skipping.
Warning: Invalid shape (206, 169) or empty file for subject 50118 at regions/50118_timeseries.txt. Skipping.
Warning: Invalid shape (206, 169) or empty file for subject 50119 at regions/50119_timeseries.txt. Skipping.
Warning: Invalid shape (206, 169) or empty file for subject 50121 at regions/50121_timeseries.txt. Skipping.
Warning: Invalid shape (206, 169) or empty file for subject 50123 at regions/50123_timeseries.txt. Skipping.
Warning: Invalid shape (206, 169) or empty file for subject 50124 at regions/50124_timeseries.txt. Skipping.
Warning: Invalid shape (206, 169) or empty file for subject 50125 at regions/50125_timeseries.txt. Skipping.
Warning: Invalid shape (206, 169) or empty file for subject 50127 at regions/50127_timeseries.txt. Skipping.
Warning: Invalid shape (206, 169) or empty file for subject 50128 at regions/50128_timeseries.txt. Skipping.
Warning: Invalid shape (206, 169) or empty file for subject 50129 at regions/50129_timeseries.txt. Skipping.
Warning: Invalid shape (206, 169) or empty file for subject 50131 at regions/50131_timeseries.txt. Skipping.
Warning: Invalid shape (206, 169) or empty file for subject 50132 at regions/50132_timeseries.txt. Skipping.
Warning: Invalid shape (206, 169) or empty file for subject 50134 at regions/50134_timeseries.txt. Skipping.
Warning: Invalid shape (206, 169) or empty file for subject 50135 at regions/50135_timeseries.txt. Skipping.
Warning: Invalid shape (78, 169) or empty file for subject 50142 at regions/50142_timeseries.txt. Skipping.
Warning: Invalid shape (78, 169) or empty file for subject 50143 at regions/50143_timeseries.txt. Skipping.
Warning: Invalid shape (78, 169) or empty file for subject 50144 at regions/50144_timeseries.txt. Skipping.
Warning: Invalid shape (78, 169) or empty file for subject 50147 at regions/50147_timeseries.txt. Skipping.
Warning: Invalid shape (78, 169) or empty file for subject 50148 at regions/50148_timeseries.txt. Skipping.
Warning: Invalid shape (78, 169) or empty file for subject 50149 at regions/50149_timeseries.txt. Skipping.
Warning: Invalid shape (78, 169) or empty file for subject 50150 at regions/50150_timeseries.txt. Skipping.
Warning: Invalid shape (78, 169) or empty file for subject 50152 at regions/50152_timeseries.txt. Skipping.
Warning: Invalid shape (78, 169) or empty file for subject 50153 at regions/50153_timeseries.txt. Skipping.
Warning: Invalid shape (78, 169) or empty file for subject 50156 at regions/50156_timeseries.txt. Skipping.
Warning: Invalid shape (78, 169) or empty file for subject 50157 at regions/50157_timeseries.txt. Skipping.
Warning: Invalid shape (78, 169) or empty file for subject 50158 at regions/50158_timeseries.txt. Skipping.
Warning: Invalid shape (78, 169) or empty file for subject 50159 at regions/50159_timeseries.txt. Skipping.
Warning: Invalid shape (78, 169) or empty file for subject 50160 at regions/50160_timeseries.txt. Skipping.
Warning: Invalid shape (78, 169) or empty file for subject 50161 at regions/50161_timeseries.txt. Skipping.
Warning: Invalid shape (78, 169) or empty file for subject 50162 at regions/50162_timeseries.txt. Skipping.
Warning: Invalid shape (78, 169) or empty file for subject 50163 at regions/50163_timeseries.txt. Skipping.
Warning: Invalid shape (78, 169) or empty file for subject 50164 at regions/50164_timeseries.txt. Skipping.
Warning: Invalid shape (78, 169) or empty file for subject 50167 at regions/50167_timeseries.txt. Skipping.
Warning: Invalid shape (78, 169) or empty file for subject 50168 at regions/50168_timeseries.txt. Skipping.
Warning: Invalid shape (78, 169) or empty file for subject 50169 at regions/50169_timeseries.txt. Skipping.
Warning: Invalid shape (78, 169) or empty file for subject 50170 at regions/50170_timeseries.txt. Skipping.
Warning: Invalid shape (78, 169) or empty file for subject 50171 at regions/50171_timeseries.txt. Skipping.
Warning: Invalid shape (176, 169) or empty file for subject 50183 at regions/50183_timeseries.txt. Skipping.
Warning: Invalid shape (176, 169) or empty file for subject 50184 at regions/50184_timeseries.txt. Skipping.
Warning: Invalid shape (176, 169) or empty file for subject 50187 at regions/50187_timeseries.txt. Skipping.
Warning: Invalid shape (176, 169) or empty file for subject 50188 at regions/50188_timeseries.txt. Skipping.
Warning: Invalid shape (176, 169) or empty file for subject 50189 at regions/50189_timeseries.txt. Skipping.
Warning: Invalid shape (176, 169) or empty file for subject 50190 at regions/50190_timeseries.txt. Skipping.
Warning: Invalid shape (176, 169) or empty file for subject 50193 at regions/50193_timeseries.txt. Skipping.
Warning: Invalid shape (176, 169) or empty file for subject 50194 at regions/50194_timeseries.txt. Skipping.
Warning: Invalid shape (176, 169) or empty file for subject 50195 at regions/50195_timeseries.txt. Skipping.
Warning: Invalid shape (176, 169) or empty file for subject 50196 at regions/50196_timeseries.txt. Skipping.
Warning: Invalid shape (176, 169) or empty file for subject 50198 at regions/50198_timeseries.txt. Skipping.
Warning: Invalid shape (176, 169) or empty file for subject 50199 at regions/50199_timeseries.txt. Skipping.
Warning: Invalid shape (176, 169) or empty file for subject 50200 at regions/50200_timeseries.txt. Skipping.
Warning: Invalid shape (176, 169) or empty file for subject 50201 at regions/50201_timeseries.txt. Skipping.
Warning: Invalid shape (176, 169) or empty file for subject 50202 at regions/50202_timeseries.txt. Skipping.
Warning: Invalid shape (176, 169) or empty file for subject 50203 at regions/50203_timeseries.txt. Skipping.
Warning: Invalid shape (176, 169) or empty file for subject 50205 at regions/50205_timeseries.txt. Skipping.
Warning: Invalid shape (176, 169) or empty file for subject 50206 at regions/50206_timeseries.txt. Skipping.
Warning: Invalid shape (176, 169) or empty file for subject 50210 at regions/50210_timeseries.txt. Skipping.
Warning: Invalid shape (176, 169) or empty file for subject 50213 at regions/50213_timeseries.txt. Skipping.
Warning: Invalid shape (176, 169) or empty file for subject 50214 at regions/50214_timeseries.txt. Skipping.
Warning: Invalid shape (176, 169) or empty file for subject 50215 at regions/50215_timeseries.txt. Skipping.
Warning: Invalid shape (176, 169) or empty file for subject 50217 at regions/50217_timeseries.txt. Skipping.
Warning: Invalid shape (146, 169) or empty file for subject 50232 at regions/50232_timeseries.txt. Skipping.
Warning: Invalid shape (146, 169) or empty file for subject 50233 at regions/50233_timeseries.txt. Skipping.
Warning: Invalid shape (146, 169) or empty file for subject 50234 at regions/50234_timeseries.txt. Skipping.
Warning: Invalid shape (146, 169) or empty file for subject 50236 at regions/50236_timeseries.txt. Skipping.
Warning: Invalid shape (146, 169) or empty file for subject 50237 at regions/50237_timeseries.txt. Skipping.
Warning: Invalid shape (146, 169) or empty file for subject 50240 at regions/50240_timeseries.txt. Skipping.
Warning: Invalid shape (146, 169) or empty file for subject 50241 at regions/50241_timeseries.txt. Skipping.
Warning: Invalid shape (146, 169) or empty file for subject 50243 at regions/50243_timeseries.txt. Skipping.
Warning: Invalid shape (146, 169) or empty file for subject 50245 at regions/50245_timeseries.txt. Skipping.
Warning: Invalid shape (146, 169) or empty file for subject 50247 at regions/50247_timeseries.txt. Skipping.
Warning: Invalid shape (146, 169) or empty file for subject 50249 at regions/50249_timeseries.txt. Skipping.
Warning: Invalid shape (146, 169) or empty file for subject 50250 at regions/50250_timeseries.txt. Skipping.
Warning: Invalid shape (146, 169) or empty file for subject 50251 at regions/50251_timeseries.txt. Skipping.
Warning: Invalid shape (146, 169) or empty file for subject 50253 at regions/50253_timeseries.txt. Skipping.
Warning: Invalid shape (146, 169) or empty file for subject 50254 at regions/50254_timeseries.txt. Skipping.
Warning: Invalid shape (146, 169) or empty file for subject 50255 at regions/50255_timeseries.txt. Skipping.
Warning: Invalid shape (146, 169) or empty file for subject 50257 at regions/50257_timeseries.txt. Skipping.
Warning: Invalid shape (146, 169) or empty file for subject 50259 at regions/50259_timeseries.txt. Skipping.
Warning: Invalid shape (146, 169) or empty file for subject 50260 at regions/50260_timeseries.txt. Skipping.
Warning: Invalid shape (146, 169) or empty file for subject 50261 at regions/50261_timeseries.txt. Skipping.
Warning: Invalid shape (146, 169) or empty file for subject 50262 at regions/50262_timeseries.txt. Skipping.
Warning: Invalid shape (146, 169) or empty file for subject 50263 at regions/50263_timeseries.txt. Skipping.
Warning: Invalid shape (146, 169) or empty file for subject 50264 at regions/50264_timeseries.txt. Skipping.
Warning: Invalid shape (146, 169) or empty file for subject 50265 at regions/50265_timeseries.txt. Skipping.
Warning: Invalid shape (146, 169) or empty file for subject 50266 at regions/50266_timeseries.txt. Skipping.
Warning: Invalid shape (146, 169) or empty file for subject 50267 at regions/50267_timeseries.txt. Skipping.
Warning: Invalid shape (146, 169) or empty file for subject 50268 at regions/50268_timeseries.txt. Skipping.
Warning: Invalid shape (146, 169) or empty file for subject 50270 at regions/50270_timeseries.txt. Skipping.
Warning: Invalid shape (146, 169) or empty file for subject 50271 at regions/50271_timeseries.txt. Skipping.
Warning: Invalid shape (296, 169) or empty file for subject 50272 at regions/50272_timeseries.txt. Skipping.
Warning: Invalid shape (296, 169) or empty file for subject 50273 at regions/50273_timeseries.txt. Skipping.
Warning: Invalid shape (296, 169) or empty file for subject 50274 at regions/50274_timeseries.txt. Skipping.
Warning: Invalid shape (296, 169) or empty file for subject 50275 at regions/50275_timeseries.txt. Skipping.
Warning: Invalid shape (296, 169) or empty file for subject 50276 at regions/50276_timeseries.txt. Skipping.
Warning: Invalid shape (296, 169) or empty file for subject 50278 at regions/50278_timeseries.txt. Skipping.
Warning: Invalid shape (296, 169) or empty file for subject 50282 at regions/50282_timeseries.txt. Skipping.
Warning: Invalid shape (296, 169) or empty file for subject 50284 at regions/50284_timeseries.txt. Skipping.
Warning: Invalid shape (296, 169) or empty file for subject 50287 at regions/50287_timeseries.txt. Skipping.
Warning: Invalid shape (296, 169) or empty file for subject 50290 at regions/50290_timeseries.txt. Skipping.
Warning: Invalid shape (296, 169) or empty file for subject 50291 at regions/50291_timeseries.txt. Skipping.
Warning: Invalid shape (296, 169) or empty file for subject 50292 at regions/50292_timeseries.txt. Skipping.
Warning: Invalid shape (296, 169) or empty file for subject 50293 at regions/50293_timeseries.txt. Skipping.
Warning: Invalid shape (296, 169) or empty file for subject 50294 at regions/50294_timeseries.txt. Skipping.
Warning: Invalid shape (296, 169) or empty file for subject 50295 at regions/50295_timeseries.txt. Skipping.
Warning: Invalid shape (296, 169) or empty file for subject 50297 at regions/50297_timeseries.txt. Skipping.
Warning: Invalid shape (296, 169) or empty file for subject 50298 at regions/50298_timeseries.txt. Skipping.
Warning: Invalid shape (296, 169) or empty file for subject 50300 at regions/50300_timeseries.txt. Skipping.
Warning: Invalid shape (296, 169) or empty file for subject 50301 at regions/50301_timeseries.txt. Skipping.
Warning: Invalid shape (296, 169) or empty file for subject 50302 at regions/50302_timeseries.txt. Skipping.
Warning: Invalid shape (296, 169) or empty file for subject 50304 at regions/50304_timeseries.txt. Skipping.
Warning: Invalid shape (296, 169) or empty file for subject 50310 at regions/50310_timeseries.txt. Skipping.
Warning: Invalid shape (296, 169) or empty file for subject 50312 at regions/50312_timeseries.txt. Skipping.
Warning: Invalid shape (296, 169) or empty file for subject 50314 at regions/50314_timeseries.txt. Skipping.
Warning: Invalid shape (296, 169) or empty file for subject 50318 at regions/50318_timeseries.txt. Skipping.
Warning: Invalid shape (296, 169) or empty file for subject 50319 at regions/50319_timeseries.txt. Skipping.
Warning: Invalid shape (296, 169) or empty file for subject 50320 at regions/50320_timeseries.txt. Skipping.
Warning: Invalid shape (296, 169) or empty file for subject 50321 at regions/50321_timeseries.txt. Skipping.
Warning: Invalid shape (296, 169) or empty file for subject 50324 at regions/50324_timeseries.txt. Skipping.
Warning: Invalid shape (296, 169) or empty file for subject 50325 at regions/50325_timeseries.txt. Skipping.
Warning: Invalid shape (296, 169) or empty file for subject 50327 at regions/50327_timeseries.txt. Skipping.
Warning: Invalid shape (296, 169) or empty file for subject 50330 at regions/50330_timeseries.txt. Skipping.
Warning: Invalid shape (296, 169) or empty file for subject 50331 at regions/50331_timeseries.txt. Skipping.
Warning: Invalid shape (296, 169) or empty file for subject 50333 at regions/50333_timeseries.txt. Skipping.
Warning: Invalid shape (296, 169) or empty file for subject 50334 at regions/50334_timeseries.txt. Skipping.
Warning: Invalid shape (296, 169) or empty file for subject 50335 at regions/50335_timeseries.txt. Skipping.
Warning: Invalid shape (296, 169) or empty file for subject 50336 at regions/50336_timeseries.txt. Skipping.
Warning: Invalid shape (296, 169) or empty file for subject 50337 at regions/50337_timeseries.txt. Skipping.
Warning: Invalid shape (296, 169) or empty file for subject 50338 at regions/50338_timeseries.txt. Skipping.
Warning: Invalid shape (296, 169) or empty file for subject 50339 at regions/50339_timeseries.txt. Skipping.
Warning: Invalid shape (296, 169) or empty file for subject 50340 at regions/50340_timeseries.txt. Skipping.
Warning: Invalid shape (296, 169) or empty file for subject 50341 at regions/50341_timeseries.txt. Skipping.
Warning: Invalid shape (296, 169) or empty file for subject 50342 at regions/50342_timeseries.txt. Skipping.
Warning: Invalid shape (296, 169) or empty file for subject 50344 at regions/50344_timeseries.txt. Skipping.
Warning: Invalid shape (296, 169) or empty file for subject 50345 at regions/50345_timeseries.txt. Skipping.
Warning: Invalid shape (296, 169) or empty file for subject 50346 at regions/50346_timeseries.txt. Skipping.
Warning: Invalid shape (296, 169) or empty file for subject 50347 at regions/50347_timeseries.txt. Skipping.
Warning: Invalid shape (296, 169) or empty file for subject 50348 at regions/50348_timeseries.txt. Skipping.
Warning: Invalid shape (296, 169) or empty file for subject 50350 at regions/50350_timeseries.txt. Skipping.
Warning: Invalid shape (296, 169) or empty file for subject 50351 at regions/50351_timeseries.txt. Skipping.
Warning: Invalid shape (296, 169) or empty file for subject 50352 at regions/50352_timeseries.txt. Skipping.
Warning: Invalid shape (296, 169) or empty file for subject 50353 at regions/50353_timeseries.txt. Skipping.
Warning: Invalid shape (296, 169) or empty file for subject 50354 at regions/50354_timeseries.txt. Skipping.
Warning: Invalid shape (296, 169) or empty file for subject 50355 at regions/50355_timeseries.txt. Skipping.
Warning: Invalid shape (296, 169) or empty file for subject 50356 at regions/50356_timeseries.txt. Skipping.
Warning: Invalid shape (296, 169) or empty file for subject 50357 at regions/50357_timeseries.txt. Skipping.
Warning: Invalid shape (296, 169) or empty file for subject 50359 at regions/50359_timeseries.txt. Skipping.
Warning: Invalid shape (296, 169) or empty file for subject 50361 at regions/50361_timeseries.txt. Skipping.
Warning: Invalid shape (296, 169) or empty file for subject 50362 at regions/50362_timeseries.txt. Skipping.
Warning: Invalid shape (296, 169) or empty file for subject 50365 at regions/50365_timeseries.txt. Skipping.
Warning: Invalid shape (296, 169) or empty file for subject 50366 at regions/50366_timeseries.txt. Skipping.
Warning: Invalid shape (296, 169) or empty file for subject 50368 at regions/50368_timeseries.txt. Skipping.
Warning: Invalid shape (296, 169) or empty file for subject 50369 at regions/50369_timeseries.txt. Skipping.
Warning: Invalid shape (296, 169) or empty file for subject 50370 at regions/50370_timeseries.txt. Skipping.
Warning: Invalid shape (296, 169) or empty file for subject 50372 at regions/50372_timeseries.txt. Skipping.
Warning: Invalid shape (296, 169) or empty file for subject 50373 at regions/50373_timeseries.txt. Skipping.
Warning: Invalid shape (296, 169) or empty file for subject 50374 at regions/50374_timeseries.txt. Skipping.
Warning: Invalid shape (296, 169) or empty file for subject 50375 at regions/50375_timeseries.txt. Skipping.
Warning: Invalid shape (296, 169) or empty file for subject 50376 at regions/50376_timeseries.txt. Skipping.
Warning: Invalid shape (296, 169) or empty file for subject 50377 at regions/50377_timeseries.txt. Skipping.
Warning: Invalid shape (296, 169) or empty file for subject 50380 at regions/50380_timeseries.txt. Skipping.
Warning: Invalid shape (296, 169) or empty file for subject 50381 at regions/50381_timeseries.txt. Skipping.
Warning: Invalid shape (296, 169) or empty file for subject 50382 at regions/50382_timeseries.txt. Skipping.
Warning: Invalid shape (296, 169) or empty file for subject 50383 at regions/50383_timeseries.txt. Skipping.
Warning: Invalid shape (296, 169) or empty file for subject 50385 at regions/50385_timeseries.txt. Skipping.
Warning: Invalid shape (296, 169) or empty file for subject 50387 at regions/50387_timeseries.txt. Skipping.
Warning: Invalid shape (296, 169) or empty file for subject 50390 at regions/50390_timeseries.txt. Skipping.
Warning: Invalid shape (296, 169) or empty file for subject 50397 at regions/50397_timeseries.txt. Skipping.
Warning: Invalid shape (296, 169) or empty file for subject 50399 at regions/50399_timeseries.txt. Skipping.
Warning: Invalid shape (296, 169) or empty file for subject 50402 at regions/50402_timeseries.txt. Skipping.
Warning: Invalid shape (296, 169) or empty file for subject 50403 at regions/50403_timeseries.txt. Skipping.
Warning: Invalid shape (296, 169) or empty file for subject 50404 at regions/50404_timeseries.txt. Skipping.
Warning: Invalid shape (296, 169) or empty file for subject 50407 at regions/50407_timeseries.txt. Skipping.
Warning: Invalid shape (296, 169) or empty file for subject 50408 at regions/50408_timeseries.txt. Skipping.
Warning: Invalid shape (296, 169) or empty file for subject 50410 at regions/50410_timeseries.txt. Skipping.
Warning: Invalid shape (296, 169) or empty file for subject 50411 at regions/50411_timeseries.txt. Skipping.
Warning: Invalid shape (296, 169) or empty file for subject 50412 at regions/50412_timeseries.txt. Skipping.
Warning: Invalid shape (296, 169) or empty file for subject 50413 at regions/50413_timeseries.txt. Skipping.
Warning: Invalid shape (296, 169) or empty file for subject 50414 at regions/50414_timeseries.txt. Skipping.
Warning: Invalid shape (296, 169) or empty file for subject 50415 at regions/50415_timeseries.txt. Skipping.
Warning: Invalid shape (296, 169) or empty file for subject 50416 at regions/50416_timeseries.txt. Skipping.
Warning: Invalid shape (296, 169) or empty file for subject 50417 at regions/50417_timeseries.txt. Skipping.
Warning: Invalid shape (296, 169) or empty file for subject 50418 at regions/50418_timeseries.txt. Skipping.
Warning: Invalid shape (296, 169) or empty file for subject 50419 at regions/50419_timeseries.txt. Skipping.
Warning: Invalid shape (296, 169) or empty file for subject 50421 at regions/50421_timeseries.txt. Skipping.
Warning: Invalid shape (296, 169) or empty file for subject 50422 at regions/50422_timeseries.txt. Skipping.
Warning: Invalid shape (296, 169) or empty file for subject 50424 at regions/50424_timeseries.txt. Skipping.
Warning: Invalid shape (296, 169) or empty file for subject 50425 at regions/50425_timeseries.txt. Skipping.
Warning: Invalid shape (296, 169) or empty file for subject 50426 at regions/50426_timeseries.txt. Skipping.
Warning: Invalid shape (296, 169) or empty file for subject 50427 at regions/50427_timeseries.txt. Skipping.
Warning: Invalid shape (296, 169) or empty file for subject 50428 at regions/50428_timeseries.txt. Skipping.
Warning: Invalid shape (236, 169) or empty file for subject 50433 at regions/50433_timeseries.txt. Skipping.
Warning: Invalid shape (236, 169) or empty file for subject 50435 at regions/50435_timeseries.txt. Skipping.
Warning: Invalid shape (236, 169) or empty file for subject 50436 at regions/50436_timeseries.txt. Skipping.
Warning: Invalid shape (236, 169) or empty file for subject 50437 at regions/50437_timeseries.txt. Skipping.
Warning: Invalid shape (236, 169) or empty file for subject 50438 at regions/50438_timeseries.txt. Skipping.
Warning: Invalid shape (236, 169) or empty file for subject 50439 at regions/50439_timeseries.txt. Skipping.
Warning: Invalid shape (236, 169) or empty file for subject 50440 at regions/50440_timeseries.txt. Skipping.
Warning: Invalid shape (236, 169) or empty file for subject 50441 at regions/50441_timeseries.txt. Skipping.
Warning: Invalid shape (236, 169) or empty file for subject 50442 at regions/50442_timeseries.txt. Skipping.
Warning: Invalid shape (236, 169) or empty file for subject 50443 at regions/50443_timeseries.txt. Skipping.
Warning: Invalid shape (236, 169) or empty file for subject 50444 at regions/50444_timeseries.txt. Skipping.
Warning: Invalid shape (236, 169) or empty file for subject 50445 at regions/50445_timeseries.txt. Skipping.
Warning: Invalid shape (236, 169) or empty file for subject 50446 at regions/50446_timeseries.txt. Skipping.
Warning: Invalid shape (236, 169) or empty file for subject 50447 at regions/50447_timeseries.txt. Skipping.
Warning: Invalid shape (236, 169) or empty file for subject 50448 at regions/50448_timeseries.txt. Skipping.
Warning: Invalid shape (236, 169) or empty file for subject 50449 at regions/50449_timeseries.txt. Skipping.
Warning: Invalid shape (236, 169) or empty file for subject 50453 at regions/50453_timeseries.txt. Skipping.
Warning: Invalid shape (236, 169) or empty file for subject 50463 at regions/50463_timeseries.txt. Skipping.
Warning: Invalid shape (236, 169) or empty file for subject 50466 at regions/50466_timeseries.txt. Skipping.
Warning: Invalid shape (236, 169) or empty file for subject 50467 at regions/50467_timeseries.txt. Skipping.
Warning: Invalid shape (236, 169) or empty file for subject 50468 at regions/50468_timeseries.txt. Skipping.
Warning: Invalid shape (236, 169) or empty file for subject 50469 at regions/50469_timeseries.txt. Skipping.
Warning: Invalid shape (236, 169) or empty file for subject 50470 at regions/50470_timeseries.txt. Skipping.
Warning: Invalid shape (236, 169) or empty file for subject 50477 at regions/50477_timeseries.txt. Skipping.
Warning: Invalid shape (236, 169) or empty file for subject 50480 at regions/50480_timeseries.txt. Skipping.
Warning: Invalid shape (236, 169) or empty file for subject 50481 at regions/50481_timeseries.txt. Skipping.
Warning: Invalid shape (236, 169) or empty file for subject 50482 at regions/50482_timeseries.txt. Skipping.
Warning: Invalid shape (236, 169) or empty file for subject 50483 at regions/50483_timeseries.txt. Skipping.
Warning: Invalid shape (236, 169) or empty file for subject 50485 at regions/50485_timeseries.txt. Skipping.
Warning: Invalid shape (236, 169) or empty file for subject 50486 at regions/50486_timeseries.txt. Skipping.
Warning: Invalid shape (236, 169) or empty file for subject 50487 at regions/50487_timeseries.txt. Skipping.
Warning: Invalid shape (236, 169) or empty file for subject 50488 at regions/50488_timeseries.txt. Skipping.
Warning: Invalid shape (236, 169) or empty file for subject 50490 at regions/50490_timeseries.txt. Skipping.
Warning: Invalid shape (236, 169) or empty file for subject 50491 at regions/50491_timeseries.txt. Skipping.
Warning: Invalid shape (236, 169) or empty file for subject 50492 at regions/50492_timeseries.txt. Skipping.
Warning: Invalid shape (236, 169) or empty file for subject 50493 at regions/50493_timeseries.txt. Skipping.
Warning: Invalid shape (236, 169) or empty file for subject 50494 at regions/50494_timeseries.txt. Skipping.
Warning: Invalid shape (236, 169) or empty file for subject 50496 at regions/50496_timeseries.txt. Skipping.
Warning: Invalid shape (236, 169) or empty file for subject 50497 at regions/50497_timeseries.txt. Skipping.
Warning: Invalid shape (236, 169) or empty file for subject 50498 at regions/50498_timeseries.txt. Skipping.
Warning: Invalid shape (236, 169) or empty file for subject 50499 at regions/50499_timeseries.txt. Skipping.
Warning: Invalid shape (236, 169) or empty file for subject 50500 at regions/50500_timeseries.txt. Skipping.
Warning: Invalid shape (236, 169) or empty file for subject 50501 at regions/50501_timeseries.txt. Skipping.
Warning: Invalid shape (236, 169) or empty file for subject 50502 at regions/50502_timeseries.txt. Skipping.
Warning: Invalid shape (236, 169) or empty file for subject 50503 at regions/50503_timeseries.txt. Skipping.
Warning: Invalid shape (236, 169) or empty file for subject 50504 at regions/50504_timeseries.txt. Skipping.
Warning: Invalid shape (236, 169) or empty file for subject 50509 at regions/50509_timeseries.txt. Skipping.
Warning: Invalid shape (236, 169) or empty file for subject 50510 at regions/50510_timeseries.txt. Skipping.
Warning: Invalid shape (236, 169) or empty file for subject 50514 at regions/50514_timeseries.txt. Skipping.
Warning: Invalid shape (236, 169) or empty file for subject 50515 at regions/50515_timeseries.txt. Skipping.
Warning: Invalid shape (236, 169) or empty file for subject 50516 at regions/50516_timeseries.txt. Skipping.
Warning: Invalid shape (236, 169) or empty file for subject 50518 at regions/50518_timeseries.txt. Skipping.
Warning: Invalid shape (236, 169) or empty file for subject 50519 at regions/50519_timeseries.txt. Skipping.
Warning: Invalid shape (236, 169) or empty file for subject 50520 at regions/50520_timeseries.txt. Skipping.
Warning: Invalid shape (236, 169) or empty file for subject 50521 at regions/50521_timeseries.txt. Skipping.
Warning: Invalid shape (236, 169) or empty file for subject 50523 at regions/50523_timeseries.txt. Skipping.
Warning: Invalid shape (236, 169) or empty file for subject 50525 at regions/50525_timeseries.txt. Skipping.
Warning: Invalid shape (232, 169) or empty file for subject 50526 at regions/50526_timeseries.txt. Skipping.
Warning: Invalid shape (236, 169) or empty file for subject 50527 at regions/50527_timeseries.txt. Skipping.
Warning: Invalid shape (236, 169) or empty file for subject 50528 at regions/50528_timeseries.txt. Skipping.
Warning: Invalid shape (236, 169) or empty file for subject 50529 at regions/50529_timeseries.txt. Skipping.
Warning: Invalid shape (236, 169) or empty file for subject 50530 at regions/50530_timeseries.txt. Skipping.
Warning: Invalid shape (236, 169) or empty file for subject 50531 at regions/50531_timeseries.txt. Skipping.
Warning: Invalid shape (236, 169) or empty file for subject 50532 at regions/50532_timeseries.txt. Skipping.
Warning: Invalid shape (196, 169) or empty file for subject 50551 at regions/50551_timeseries.txt. Skipping.
Warning: Invalid shape (196, 169) or empty file for subject 50552 at regions/50552_timeseries.txt. Skipping.
Warning: Invalid shape (196, 169) or empty file for subject 50555 at regions/50555_timeseries.txt. Skipping.
Warning: Invalid shape (196, 169) or empty file for subject 50557 at regions/50557_timeseries.txt. Skipping.
Warning: Invalid shape (196, 169) or empty file for subject 50558 at regions/50558_timeseries.txt. Skipping.
Warning: Invalid shape (196, 169) or empty file for subject 50561 at regions/50561_timeseries.txt. Skipping.
Warning: Invalid shape (196, 169) or empty file for subject 50563 at regions/50563_timeseries.txt. Skipping.
Warning: Invalid shape (196, 169) or empty file for subject 50568 at regions/50568_timeseries.txt. Skipping.
Warning: Invalid shape (196, 169) or empty file for subject 50569 at regions/50569_timeseries.txt. Skipping.
Warning: Invalid shape (196, 169) or empty file for subject 50570 at regions/50570_timeseries.txt. Skipping.
Warning: Invalid shape (196, 169) or empty file for subject 50572 at regions/50572_timeseries.txt. Skipping.
Warning: Invalid shape (196, 169) or empty file for subject 50573 at regions/50573_timeseries.txt. Skipping.
Warning: Invalid shape (196, 169) or empty file for subject 50575 at regions/50575_timeseries.txt. Skipping.
Warning: Invalid shape (196, 169) or empty file for subject 50576 at regions/50576_timeseries.txt. Skipping.
Warning: Invalid shape (196, 169) or empty file for subject 50577 at regions/50577_timeseries.txt. Skipping.
Warning: Invalid shape (196, 169) or empty file for subject 50578 at regions/50578_timeseries.txt. Skipping.
Warning: Invalid shape (196, 169) or empty file for subject 50601 at regions/50601_timeseries.txt. Skipping.
Warning: Invalid shape (196, 169) or empty file for subject 50602 at regions/50602_timeseries.txt. Skipping.
Warning: Invalid shape (196, 169) or empty file for subject 50603 at regions/50603_timeseries.txt. Skipping.
Warning: Invalid shape (196, 169) or empty file for subject 50604 at regions/50604_timeseries.txt. Skipping.
Warning: Invalid shape (196, 169) or empty file for subject 50606 at regions/50606_timeseries.txt. Skipping.
Warning: Invalid shape (196, 169) or empty file for subject 50608 at regions/50608_timeseries.txt. Skipping.
Warning: Invalid shape (196, 169) or empty file for subject 50612 at regions/50612_timeseries.txt. Skipping.
Warning: Invalid shape (196, 169) or empty file for subject 50613 at regions/50613_timeseries.txt. Skipping.
Warning: Invalid shape (196, 169) or empty file for subject 50614 at regions/50614_timeseries.txt. Skipping.
Warning: Invalid shape (196, 169) or empty file for subject 50615 at regions/50615_timeseries.txt. Skipping.
Warning: Invalid shape (196, 169) or empty file for subject 50616 at regions/50616_timeseries.txt. Skipping.
Warning: Invalid shape (196, 169) or empty file for subject 50620 at regions/50620_timeseries.txt. Skipping.
Warning: Invalid shape (196, 169) or empty file for subject 50621 at regions/50621_timeseries.txt. Skipping.
Warning: Invalid shape (196, 169) or empty file for subject 50622 at regions/50622_timeseries.txt. Skipping.
Warning: Invalid shape (196, 169) or empty file for subject 50623 at regions/50623_timeseries.txt. Skipping.
Warning: Invalid shape (196, 169) or empty file for subject 50624 at regions/50624_timeseries.txt. Skipping.
Warning: Invalid shape (196, 169) or empty file for subject 50625 at regions/50625_timeseries.txt. Skipping.
Warning: Invalid shape (196, 169) or empty file for subject 50627 at regions/50627_timeseries.txt. Skipping.
Warning: Invalid shape (196, 169) or empty file for subject 50628 at regions/50628_timeseries.txt. Skipping.
Warning: Invalid shape (236, 169) or empty file for subject 50642 at regions/50642_timeseries.txt. Skipping.
Warning: Invalid shape (316, 169) or empty file for subject 50644 at regions/50644_timeseries.txt. Skipping.
Warning: Invalid shape (202, 169) or empty file for subject 50647 at regions/50647_timeseries.txt. Skipping.
Warning: Invalid shape (316, 169) or empty file for subject 50648 at regions/50648_timeseries.txt. Skipping.
Warning: Invalid shape (236, 169) or empty file for subject 50649 at regions/50649_timeseries.txt. Skipping.
Warning: Invalid shape (236, 169) or empty file for subject 50654 at regions/50654_timeseries.txt. Skipping.
Warning: Invalid shape (236, 169) or empty file for subject 50656 at regions/50656_timeseries.txt. Skipping.
Warning: Invalid shape (236, 169) or empty file for subject 50659 at regions/50659_timeseries.txt. Skipping.
Warning: Invalid shape (236, 169) or empty file for subject 50665 at regions/50665_timeseries.txt. Skipping.
Warning: Invalid shape (316, 169) or empty file for subject 50669 at regions/50669_timeseries.txt. Skipping.
Warning: Invalid shape (246, 169) or empty file for subject 50683 at regions/50683_timeseries.txt. Skipping.
Warning: Invalid shape (246, 169) or empty file for subject 50685 at regions/50685_timeseries.txt. Skipping.
Warning: Invalid shape (246, 169) or empty file for subject 50686 at regions/50686_timeseries.txt. Skipping.
Warning: Invalid shape (246, 169) or empty file for subject 50687 at regions/50687_timeseries.txt. Skipping.
Warning: Invalid shape (246, 169) or empty file for subject 50688 at regions/50688_timeseries.txt. Skipping.
Warning: Invalid shape (246, 169) or empty file for subject 50689 at regions/50689_timeseries.txt. Skipping.
Warning: Invalid shape (246, 169) or empty file for subject 50690 at regions/50690_timeseries.txt. Skipping.
Warning: Invalid shape (246, 169) or empty file for subject 50691 at regions/50691_timeseries.txt. Skipping.
Warning: Invalid shape (246, 169) or empty file for subject 50692 at regions/50692_timeseries.txt. Skipping.
Warning: Invalid shape (246, 169) or empty file for subject 50693 at regions/50693_timeseries.txt. Skipping.
Warning: Invalid shape (246, 169) or empty file for subject 50694 at regions/50694_timeseries.txt. Skipping.
Warning: Invalid shape (246, 169) or empty file for subject 50695 at regions/50695_timeseries.txt. Skipping.
Warning: Invalid shape (246, 169) or empty file for subject 50696 at regions/50696_timeseries.txt. Skipping.
Warning: Invalid shape (246, 169) or empty file for subject 50697 at regions/50697_timeseries.txt. Skipping.
Warning: Invalid shape (246, 169) or empty file for subject 50698 at regions/50698_timeseries.txt. Skipping.
Warning: Invalid shape (246, 169) or empty file for subject 50699 at regions/50699_timeseries.txt. Skipping.
Warning: Invalid shape (246, 169) or empty file for subject 50700 at regions/50700_timeseries.txt. Skipping.
Warning: Invalid shape (246, 169) or empty file for subject 50701 at regions/50701_timeseries.txt. Skipping.
Warning: Invalid shape (246, 169) or empty file for subject 50702 at regions/50702_timeseries.txt. Skipping.
Warning: Invalid shape (246, 169) or empty file for subject 50703 at regions/50703_timeseries.txt. Skipping.
Warning: Invalid shape (246, 169) or empty file for subject 50704 at regions/50704_timeseries.txt. Skipping.
Warning: Invalid shape (246, 169) or empty file for subject 50705 at regions/50705_timeseries.txt. Skipping.
Warning: Invalid shape (246, 169) or empty file for subject 50706 at regions/50706_timeseries.txt. Skipping.
Warning: Invalid shape (246, 169) or empty file for subject 50707 at regions/50707_timeseries.txt. Skipping.
Warning: Invalid shape (246, 169) or empty file for subject 50708 at regions/50708_timeseries.txt. Skipping.
Warning: Invalid shape (246, 169) or empty file for subject 50711 at regions/50711_timeseries.txt. Skipping.
Warning: Invalid shape (246, 169) or empty file for subject 50722 at regions/50722_timeseries.txt. Skipping.
Warning: Invalid shape (246, 169) or empty file for subject 50723 at regions/50723_timeseries.txt. Skipping.
Warning: Invalid shape (246, 169) or empty file for subject 50724 at regions/50724_timeseries.txt. Skipping.
Warning: Invalid shape (246, 169) or empty file for subject 50725 at regions/50725_timeseries.txt. Skipping.
Warning: Invalid shape (246, 169) or empty file for subject 50726 at regions/50726_timeseries.txt. Skipping.
Warning: Invalid shape (246, 169) or empty file for subject 50728 at regions/50728_timeseries.txt. Skipping.
Warning: Invalid shape (246, 169) or empty file for subject 50730 at regions/50730_timeseries.txt. Skipping.
Warning: Invalid shape (246, 169) or empty file for subject 50731 at regions/50731_timeseries.txt. Skipping.
Warning: Invalid shape (246, 169) or empty file for subject 50733 at regions/50733_timeseries.txt. Skipping.
Warning: Invalid shape (246, 169) or empty file for subject 50735 at regions/50735_timeseries.txt. Skipping.
Warning: Invalid shape (246, 169) or empty file for subject 50737 at regions/50737_timeseries.txt. Skipping.
Warning: Invalid shape (246, 169) or empty file for subject 50739 at regions/50739_timeseries.txt. Skipping.
Warning: Invalid shape (246, 169) or empty file for subject 50740 at regions/50740_timeseries.txt. Skipping.
Warning: Invalid shape (246, 169) or empty file for subject 50741 at regions/50741_timeseries.txt. Skipping.
Warning: Invalid shape (246, 169) or empty file for subject 50742 at regions/50742_timeseries.txt. Skipping.
Warning: Invalid shape (246, 169) or empty file for subject 50743 at regions/50743_timeseries.txt. Skipping.
Warning: Invalid shape (246, 169) or empty file for subject 50744 at regions/50744_timeseries.txt. Skipping.
Warning: Invalid shape (246, 169) or empty file for subject 50745 at regions/50745_timeseries.txt. Skipping.
Warning: Invalid shape (246, 169) or empty file for subject 50748 at regions/50748_timeseries.txt. Skipping.
Warning: Invalid shape (246, 169) or empty file for subject 50749 at regions/50749_timeseries.txt. Skipping.
Warning: Invalid shape (246, 169) or empty file for subject 50750 at regions/50750_timeseries.txt. Skipping.
Warning: Invalid shape (246, 169) or empty file for subject 50751 at regions/50751_timeseries.txt. Skipping.
Warning: Invalid shape (246, 169) or empty file for subject 50752 at regions/50752_timeseries.txt. Skipping.
Warning: Invalid shape (246, 169) or empty file for subject 50754 at regions/50754_timeseries.txt. Skipping.
Warning: Invalid shape (246, 169) or empty file for subject 50755 at regions/50755_timeseries.txt. Skipping.
Warning: Invalid shape (246, 169) or empty file for subject 50756 at regions/50756_timeseries.txt. Skipping.
Warning: Invalid shape (246, 169) or empty file for subject 50757 at regions/50757_timeseries.txt. Skipping.
Warning: Invalid shape (152, 169) or empty file for subject 50772 at regions/50772_timeseries.txt. Skipping.
Warning: Invalid shape (152, 169) or empty file for subject 50773 at regions/50773_timeseries.txt. Skipping.
Warning: Invalid shape (152, 169) or empty file for subject 50774 at regions/50774_timeseries.txt. Skipping.
Warning: Invalid shape (152, 169) or empty file for subject 50775 at regions/50775_timeseries.txt. Skipping.
Warning: Invalid shape (152, 169) or empty file for subject 50776 at regions/50776_timeseries.txt. Skipping.
Warning: Invalid shape (152, 169) or empty file for subject 50777 at regions/50777_timeseries.txt. Skipping.
Warning: Invalid shape (152, 169) or empty file for subject 50778 at regions/50778_timeseries.txt. Skipping.
Warning: Invalid shape (152, 169) or empty file for subject 50780 at regions/50780_timeseries.txt. Skipping.
Warning: Invalid shape (152, 169) or empty file for subject 50781 at regions/50781_timeseries.txt. Skipping.
Warning: Invalid shape (152, 169) or empty file for subject 50782 at regions/50782_timeseries.txt. Skipping.
Warning: Invalid shape (152, 169) or empty file for subject 50786 at regions/50786_timeseries.txt. Skipping.
Warning: Invalid shape (152, 169) or empty file for subject 50790 at regions/50790_timeseries.txt. Skipping.
Warning: Invalid shape (124, 169) or empty file for subject 50791 at regions/50791_timeseries.txt. Skipping.
Warning: Invalid shape (124, 169) or empty file for subject 50792 at regions/50792_timeseries.txt. Skipping.
Warning: Invalid shape (152, 169) or empty file for subject 50796 at regions/50796_timeseries.txt. Skipping.
Warning: Invalid shape (152, 169) or empty file for subject 50797 at regions/50797_timeseries.txt. Skipping.
Warning: Invalid shape (152, 169) or empty file for subject 50798 at regions/50798_timeseries.txt. Skipping.
Warning: Invalid shape (152, 169) or empty file for subject 50799 at regions/50799_timeseries.txt. Skipping.
Warning: Invalid shape (152, 169) or empty file for subject 50800 at regions/50800_timeseries.txt. Skipping.
Warning: Invalid shape (152, 169) or empty file for subject 50801 at regions/50801_timeseries.txt. Skipping.
Warning: Invalid shape (152, 169) or empty file for subject 50803 at regions/50803_timeseries.txt. Skipping.
Warning: Invalid shape (152, 169) or empty file for subject 50807 at regions/50807_timeseries.txt. Skipping.
Warning: Invalid shape (152, 169) or empty file for subject 50812 at regions/50812_timeseries.txt. Skipping.
Warning: Invalid shape (152, 169) or empty file for subject 50814 at regions/50814_timeseries.txt. Skipping.
Warning: Invalid shape (124, 169) or empty file for subject 50816 at regions/50816_timeseries.txt. Skipping.
Warning: Invalid shape (124, 169) or empty file for subject 50817 at regions/50817_timeseries.txt. Skipping.
Warning: Invalid shape (152, 169) or empty file for subject 50818 at regions/50818_timeseries.txt. Skipping.
Warning: Invalid shape (152, 169) or empty file for subject 50821 at regions/50821_timeseries.txt. Skipping.
Warning: Invalid shape (152, 169) or empty file for subject 50823 at regions/50823_timeseries.txt. Skipping.
Warning: Invalid shape (152, 169) or empty file for subject 50824 at regions/50824_timeseries.txt. Skipping.
Warning: Invalid shape (176, 169) or empty file for subject 50952 at regions/50952_timeseries.txt. Skipping.
Warning: Invalid shape (176, 169) or empty file for subject 50954 at regions/50954_timeseries.txt. Skipping.
Warning: Invalid shape (176, 169) or empty file for subject 50955 at regions/50955_timeseries.txt. Skipping.
Warning: Invalid shape (176, 169) or empty file for subject 50956 at regions/50956_timeseries.txt. Skipping.
Warning: Invalid shape (176, 169) or empty file for subject 50957 at regions/50957_timeseries.txt. Skipping.
Warning: Invalid shape (176, 169) or empty file for subject 50958 at regions/50958_timeseries.txt. Skipping.
Warning: Invalid shape (176, 169) or empty file for subject 50959 at regions/50959_timeseries.txt. Skipping.
Warning: Invalid shape (176, 169) or empty file for subject 50960 at regions/50960_timeseries.txt. Skipping.
Warning: Invalid shape (176, 169) or empty file for subject 50961 at regions/50961_timeseries.txt. Skipping.
Warning: Invalid shape (176, 169) or empty file for subject 50962 at regions/50962_timeseries.txt. Skipping.
Warning: Invalid shape (176, 169) or empty file for subject 50964 at regions/50964_timeseries.txt. Skipping.
Warning: Invalid shape (176, 169) or empty file for subject 50966 at regions/50966_timeseries.txt. Skipping.
Warning: Invalid shape (176, 169) or empty file for subject 50967 at regions/50967_timeseries.txt. Skipping.
Warning: Invalid shape (176, 169) or empty file for subject 50968 at regions/50968_timeseries.txt. Skipping.
Warning: Invalid shape (176, 169) or empty file for subject 50969 at regions/50969_timeseries.txt. Skipping.
Warning: Invalid shape (176, 169) or empty file for subject 50970 at regions/50970_timeseries.txt. Skipping.
Warning: Invalid shape (176, 169) or empty file for subject 50972 at regions/50972_timeseries.txt. Skipping.
Warning: Invalid shape (176, 169) or empty file for subject 50973 at regions/50973_timeseries.txt. Skipping.
Warning: Invalid shape (176, 169) or empty file for subject 50974 at regions/50974_timeseries.txt. Skipping.
Warning: Invalid shape (176, 169) or empty file for subject 50976 at regions/50976_timeseries.txt. Skipping.
Warning: Invalid shape (176, 169) or empty file for subject 50977 at regions/50977_timeseries.txt. Skipping.
Warning: Invalid shape (176, 169) or empty file for subject 50978 at regions/50978_timeseries.txt. Skipping.
Warning: Invalid shape (176, 169) or empty file for subject 50981 at regions/50981_timeseries.txt. Skipping.
Warning: Invalid shape (176, 169) or empty file for subject 50983 at regions/50983_timeseries.txt. Skipping.
Warning: Invalid shape (176, 169) or empty file for subject 50984 at regions/50984_timeseries.txt. Skipping.
Warning: Invalid shape (176, 169) or empty file for subject 50985 at regions/50985_timeseries.txt. Skipping.
Warning: Invalid shape (176, 169) or empty file for subject 50986 at regions/50986_timeseries.txt. Skipping.
Warning: Invalid shape (176, 169) or empty file for subject 50987 at regions/50987_timeseries.txt. Skipping.
Warning: Invalid shape (176, 169) or empty file for subject 50988 at regions/50988_timeseries.txt. Skipping.
Warning: Invalid shape (176, 169) or empty file for subject 50989 at regions/50989_timeseries.txt. Skipping.
Warning: Invalid shape (176, 169) or empty file for subject 50990 at regions/50990_timeseries.txt. Skipping.
Warning: Invalid shape (176, 169) or empty file for subject 50991 at regions/50991_timeseries.txt. Skipping.
Warning: Invalid shape (176, 169) or empty file for subject 50992 at regions/50992_timeseries.txt. Skipping.
Warning: Invalid shape (176, 169) or empty file for subject 50993 at regions/50993_timeseries.txt. Skipping.
Warning: Invalid shape (176, 169) or empty file for subject 50994 at regions/50994_timeseries.txt. Skipping.
Warning: Invalid shape (176, 169) or empty file for subject 50995 at regions/50995_timeseries.txt. Skipping.
Warning: Invalid shape (176, 169) or empty file for subject 50997 at regions/50997_timeseries.txt. Skipping.
Warning: Invalid shape (176, 169) or empty file for subject 50999 at regions/50999_timeseries.txt. Skipping.
Warning: Invalid shape (176, 169) or empty file for subject 51000 at regions/51000_timeseries.txt. Skipping.
Warning: Invalid shape (176, 169) or empty file for subject 51001 at regions/51001_timeseries.txt. Skipping.
Warning: Invalid shape (176, 169) or empty file for subject 51003 at regions/51003_timeseries.txt. Skipping.
Warning: Invalid shape (176, 169) or empty file for subject 51006 at regions/51006_timeseries.txt. Skipping.
Warning: Invalid shape (176, 169) or empty file for subject 51007 at regions/51007_timeseries.txt. Skipping.
Warning: Invalid shape (176, 169) or empty file for subject 51008 at regions/51008_timeseries.txt. Skipping.
Warning: Invalid shape (176, 169) or empty file for subject 51009 at regions/51009_timeseries.txt. Skipping.
Warning: Invalid shape (176, 169) or empty file for subject 51010 at regions/51010_timeseries.txt. Skipping.
Warning: Invalid shape (176, 169) or empty file for subject 51011 at regions/51011_timeseries.txt. Skipping.
Warning: Invalid shape (176, 169) or empty file for subject 51012 at regions/51012_timeseries.txt. Skipping.
Warning: Invalid shape (176, 169) or empty file for subject 51013 at regions/51013_timeseries.txt. Skipping.
Warning: Invalid shape (176, 169) or empty file for subject 51014 at regions/51014_timeseries.txt. Skipping.
Warning: Invalid shape (176, 169) or empty file for subject 51015 at regions/51015_timeseries.txt. Skipping.
Warning: Invalid shape (176, 169) or empty file for subject 51016 at regions/51016_timeseries.txt. Skipping.
Warning: Invalid shape (176, 169) or empty file for subject 51017 at regions/51017_timeseries.txt. Skipping.
Warning: Invalid shape (176, 169) or empty file for subject 51018 at regions/51018_timeseries.txt. Skipping.
Warning: Invalid shape (176, 169) or empty file for subject 51021 at regions/51021_timeseries.txt. Skipping.
Warning: Invalid shape (176, 169) or empty file for subject 51023 at regions/51023_timeseries.txt. Skipping.
Warning: Invalid shape (176, 169) or empty file for subject 51024 at regions/51024_timeseries.txt. Skipping.
Warning: Invalid shape (176, 169) or empty file for subject 51025 at regions/51025_timeseries.txt. Skipping.
Warning: Invalid shape (176, 169) or empty file for subject 51026 at regions/51026_timeseries.txt. Skipping.
Warning: Invalid shape (176, 169) or empty file for subject 51027 at regions/51027_timeseries.txt. Skipping.
Warning: Invalid shape (176, 169) or empty file for subject 51028 at regions/51028_timeseries.txt. Skipping.
Warning: Invalid shape (176, 169) or empty file for subject 51029 at regions/51029_timeseries.txt. Skipping.
Warning: Invalid shape (176, 169) or empty file for subject 51030 at regions/51030_timeseries.txt. Skipping.
Warning: Invalid shape (176, 169) or empty file for subject 51032 at regions/51032_timeseries.txt. Skipping.
Warning: Invalid shape (176, 169) or empty file for subject 51033 at regions/51033_timeseries.txt. Skipping.
Warning: Invalid shape (176, 169) or empty file for subject 51034 at regions/51034_timeseries.txt. Skipping.
Warning: Invalid shape (176, 169) or empty file for subject 51036 at regions/51036_timeseries.txt. Skipping.
Warning: Invalid shape (176, 169) or empty file for subject 51038 at regions/51038_timeseries.txt. Skipping.
Warning: Invalid shape (176, 169) or empty file for subject 51039 at regions/51039_timeseries.txt. Skipping.
Warning: Invalid shape (176, 169) or empty file for subject 51040 at regions/51040_timeseries.txt. Skipping.
Warning: Invalid shape (176, 169) or empty file for subject 51041 at regions/51041_timeseries.txt. Skipping.
Warning: Invalid shape (176, 169) or empty file for subject 51042 at regions/51042_timeseries.txt. Skipping.
Warning: Invalid shape (176, 169) or empty file for subject 51044 at regions/51044_timeseries.txt. Skipping.
Warning: Invalid shape (176, 169) or empty file for subject 51045 at regions/51045_timeseries.txt. Skipping.
Warning: Invalid shape (176, 169) or empty file for subject 51046 at regions/51046_timeseries.txt. Skipping.
Warning: Invalid shape (176, 169) or empty file for subject 51047 at regions/51047_timeseries.txt. Skipping.
Warning: Invalid shape (176, 169) or empty file for subject 51048 at regions/51048_timeseries.txt. Skipping.
Warning: Invalid shape (176, 169) or empty file for subject 51049 at regions/51049_timeseries.txt. Skipping.
Warning: Invalid shape (176, 169) or empty file for subject 51050 at regions/51050_timeseries.txt. Skipping.
Warning: Invalid shape (176, 169) or empty file for subject 51051 at regions/51051_timeseries.txt. Skipping.
Warning: Invalid shape (176, 169) or empty file for subject 51052 at regions/51052_timeseries.txt. Skipping.
Warning: Invalid shape (176, 169) or empty file for subject 51053 at regions/51053_timeseries.txt. Skipping.
Warning: Invalid shape (176, 169) or empty file for subject 51054 at regions/51054_timeseries.txt. Skipping.
Warning: Invalid shape (176, 169) or empty file for subject 51056 at regions/51056_timeseries.txt. Skipping.
Warning: Invalid shape (176, 169) or empty file for subject 51057 at regions/51057_timeseries.txt. Skipping.
Warning: Invalid shape (176, 169) or empty file for subject 51058 at regions/51058_timeseries.txt. Skipping.
Warning: Invalid shape (176, 169) or empty file for subject 51059 at regions/51059_timeseries.txt. Skipping.
Warning: Invalid shape (176, 169) or empty file for subject 51060 at regions/51060_timeseries.txt. Skipping.
Warning: Invalid shape (176, 169) or empty file for subject 51061 at regions/51061_timeseries.txt. Skipping.
Warning: Invalid shape (176, 169) or empty file for subject 51062 at regions/51062_timeseries.txt. Skipping.
Warning: Invalid shape (176, 169) or empty file for subject 51063 at regions/51063_timeseries.txt. Skipping.
Warning: Invalid shape (176, 169) or empty file for subject 51064 at regions/51064_timeseries.txt. Skipping.
Warning: Invalid shape (176, 169) or empty file for subject 51065 at regions/51065_timeseries.txt. Skipping.
Warning: Invalid shape (176, 169) or empty file for subject 51066 at regions/51066_timeseries.txt. Skipping.
Warning: Invalid shape (176, 169) or empty file for subject 51067 at regions/51067_timeseries.txt. Skipping.
Warning: Invalid shape (176, 169) or empty file for subject 51068 at regions/51068_timeseries.txt. Skipping.
Warning: Invalid shape (176, 169) or empty file for subject 51069 at regions/51069_timeseries.txt. Skipping.
Warning: Invalid shape (176, 169) or empty file for subject 51070 at regions/51070_timeseries.txt. Skipping.
Warning: Invalid shape (176, 169) or empty file for subject 51072 at regions/51072_timeseries.txt. Skipping.
Warning: Invalid shape (176, 169) or empty file for subject 51074 at regions/51074_timeseries.txt. Skipping.
Warning: Invalid shape (176, 169) or empty file for subject 51075 at regions/51075_timeseries.txt. Skipping.
Warning: Invalid shape (176, 169) or empty file for subject 51076 at regions/51076_timeseries.txt. Skipping.
Warning: Invalid shape (176, 169) or empty file for subject 51077 at regions/51077_timeseries.txt. Skipping.
Warning: Invalid shape (176, 169) or empty file for subject 51078 at regions/51078_timeseries.txt. Skipping.
Warning: Invalid shape (176, 169) or empty file for subject 51079 at regions/51079_timeseries.txt. Skipping.
Warning: Invalid shape (176, 169) or empty file for subject 51080 at regions/51080_timeseries.txt. Skipping.
Warning: Invalid shape (176, 169) or empty file for subject 51082 at regions/51082_timeseries.txt. Skipping.
Warning: Invalid shape (176, 169) or empty file for subject 51083 at regions/51083_timeseries.txt. Skipping.
Warning: Invalid shape (176, 169) or empty file for subject 51084 at regions/51084_timeseries.txt. Skipping.
Warning: Invalid shape (176, 169) or empty file for subject 51085 at regions/51085_timeseries.txt. Skipping.
Warning: Invalid shape (176, 169) or empty file for subject 51086 at regions/51086_timeseries.txt. Skipping.
Warning: Invalid shape (176, 169) or empty file for subject 51087 at regions/51087_timeseries.txt. Skipping.
Warning: Invalid shape (176, 169) or empty file for subject 51088 at regions/51088_timeseries.txt. Skipping.
Warning: Invalid shape (176, 169) or empty file for subject 51089 at regions/51089_timeseries.txt. Skipping.
Warning: Invalid shape (176, 169) or empty file for subject 51090 at regions/51090_timeseries.txt. Skipping.
Warning: Invalid shape (176, 169) or empty file for subject 51091 at regions/51091_timeseries.txt. Skipping.
Warning: Invalid shape (176, 169) or empty file for subject 51093 at regions/51093_timeseries.txt. Skipping.
Warning: Invalid shape (176, 169) or empty file for subject 51096 at regions/51096_timeseries.txt. Skipping.
Warning: Invalid shape (176, 169) or empty file for subject 51097 at regions/51097_timeseries.txt. Skipping.
Warning: Invalid shape (176, 169) or empty file for subject 51098 at regions/51098_timeseries.txt. Skipping.
Warning: Invalid shape (176, 169) or empty file for subject 51099 at regions/51099_timeseries.txt. Skipping.
Warning: Invalid shape (176, 169) or empty file for subject 51100 at regions/51100_timeseries.txt. Skipping.
Warning: Invalid shape (176, 169) or empty file for subject 51101 at regions/51101_timeseries.txt. Skipping.
Warning: Invalid shape (176, 169) or empty file for subject 51102 at regions/51102_timeseries.txt. Skipping.
Warning: Invalid shape (176, 169) or empty file for subject 51103 at regions/51103_timeseries.txt. Skipping.
Warning: Invalid shape (176, 169) or empty file for subject 51104 at regions/51104_timeseries.txt. Skipping.
Warning: Invalid shape (176, 169) or empty file for subject 51105 at regions/51105_timeseries.txt. Skipping.
Warning: Invalid shape (176, 169) or empty file for subject 51106 at regions/51106_timeseries.txt. Skipping.
Warning: Invalid shape (176, 169) or empty file for subject 51107 at regions/51107_timeseries.txt. Skipping.
Warning: Invalid shape (176, 169) or empty file for subject 51109 at regions/51109_timeseries.txt. Skipping.
Warning: Invalid shape (176, 169) or empty file for subject 51110 at regions/51110_timeseries.txt. Skipping.
Warning: Invalid shape (176, 169) or empty file for subject 51111 at regions/51111_timeseries.txt. Skipping.
Warning: Invalid shape (176, 169) or empty file for subject 51112 at regions/51112_timeseries.txt. Skipping.
Warning: Invalid shape (176, 169) or empty file for subject 51113 at regions/51113_timeseries.txt. Skipping.
Warning: Invalid shape (176, 169) or empty file for subject 51114 at regions/51114_timeseries.txt. Skipping.
Warning: Invalid shape (176, 169) or empty file for subject 51116 at regions/51116_timeseries.txt. Skipping.
Warning: Invalid shape (176, 169) or empty file for subject 51117 at regions/51117_timeseries.txt. Skipping.
Warning: Invalid shape (176, 169) or empty file for subject 51118 at regions/51118_timeseries.txt. Skipping.
Warning: Invalid shape (176, 169) or empty file for subject 51122 at regions/51122_timeseries.txt. Skipping.
Warning: Invalid shape (176, 169) or empty file for subject 51124 at regions/51124_timeseries.txt. Skipping.
Warning: Invalid shape (176, 169) or empty file for subject 51126 at regions/51126_timeseries.txt. Skipping.
Warning: Invalid shape (176, 169) or empty file for subject 51127 at regions/51127_timeseries.txt. Skipping.
Warning: Invalid shape (176, 169) or empty file for subject 51128 at regions/51128_timeseries.txt. Skipping.
Warning: Invalid shape (176, 169) or empty file for subject 51129 at regions/51129_timeseries.txt. Skipping.
Warning: Invalid shape (176, 169) or empty file for subject 51130 at regions/51130_timeseries.txt. Skipping.
Warning: Invalid shape (176, 169) or empty file for subject 51131 at regions/51131_timeseries.txt. Skipping.
Warning: Invalid shape (146, 169) or empty file for subject 51132 at regions/51132_timeseries.txt. Skipping.
Warning: Invalid shape (146, 169) or empty file for subject 51134 at regions/51134_timeseries.txt. Skipping.
Warning: Invalid shape (146, 169) or empty file for subject 51135 at regions/51135_timeseries.txt. Skipping.
Warning: Invalid shape (146, 169) or empty file for subject 51136 at regions/51136_timeseries.txt. Skipping.
Warning: Invalid shape (146, 169) or empty file for subject 51137 at regions/51137_timeseries.txt. Skipping.
Warning: Invalid shape (146, 169) or empty file for subject 51138 at regions/51138_timeseries.txt. Skipping.
Warning: Invalid shape (146, 169) or empty file for subject 51139 at regions/51139_timeseries.txt. Skipping.
Warning: Invalid shape (146, 169) or empty file for subject 51140 at regions/51140_timeseries.txt. Skipping.
Warning: Invalid shape (146, 169) or empty file for subject 51141 at regions/51141_timeseries.txt. Skipping.
Warning: Invalid shape (146, 169) or empty file for subject 51142 at regions/51142_timeseries.txt. Skipping.
Warning: Invalid shape (176, 169) or empty file for subject 51146 at regions/51146_timeseries.txt. Skipping.
Warning: Invalid shape (176, 169) or empty file for subject 51147 at regions/51147_timeseries.txt. Skipping.
Warning: Invalid shape (176, 169) or empty file for subject 51148 at regions/51148_timeseries.txt. Skipping.
Warning: Invalid shape (176, 169) or empty file for subject 51149 at regions/51149_timeseries.txt. Skipping.
Warning: Invalid shape (176, 169) or empty file for subject 51151 at regions/51151_timeseries.txt. Skipping.
Warning: Invalid shape (176, 169) or empty file for subject 51152 at regions/51152_timeseries.txt. Skipping.
Warning: Invalid shape (176, 169) or empty file for subject 51153 at regions/51153_timeseries.txt. Skipping.
Warning: Invalid shape (176, 169) or empty file for subject 51154 at regions/51154_timeseries.txt. Skipping.
Warning: Invalid shape (176, 169) or empty file for subject 51155 at regions/51155_timeseries.txt. Skipping.
Warning: Invalid shape (176, 169) or empty file for subject 51156 at regions/51156_timeseries.txt. Skipping.
Warning: Invalid shape (176, 169) or empty file for subject 51159 at regions/51159_timeseries.txt. Skipping.
Warning: Invalid shape (176, 169) or empty file for subject 51161 at regions/51161_timeseries.txt. Skipping.
Warning: Invalid shape (176, 169) or empty file for subject 51162 at regions/51162_timeseries.txt. Skipping.
Warning: Invalid shape (176, 169) or empty file for subject 51163 at regions/51163_timeseries.txt. Skipping.
Warning: Invalid shape (176, 169) or empty file for subject 51168 at regions/51168_timeseries.txt. Skipping.
Warning: Invalid shape (176, 169) or empty file for subject 51169 at regions/51169_timeseries.txt. Skipping.
Warning: Invalid shape (176, 169) or empty file for subject 51170 at regions/51170_timeseries.txt. Skipping.
Warning: Invalid shape (176, 169) or empty file for subject 51171 at regions/51171_timeseries.txt. Skipping.
Warning: Invalid shape (176, 169) or empty file for subject 51173 at regions/51173_timeseries.txt. Skipping.
Warning: Invalid shape (176, 169) or empty file for subject 51177 at regions/51177_timeseries.txt. Skipping.
Warning: Invalid shape (176, 169) or empty file for subject 51178 at regions/51178_timeseries.txt. Skipping.
Warning: Invalid shape (176, 169) or empty file for subject 51179 at regions/51179_timeseries.txt. Skipping.
Warning: Invalid shape (236, 169) or empty file for subject 51180 at regions/51180_timeseries.txt. Skipping.
Warning: Invalid shape (236, 169) or empty file for subject 51181 at regions/51181_timeseries.txt. Skipping.
Warning: Invalid shape (236, 169) or empty file for subject 51182 at regions/51182_timeseries.txt. Skipping.
Warning: Invalid shape (236, 169) or empty file for subject 51183 at regions/51183_timeseries.txt. Skipping.
Warning: Invalid shape (236, 169) or empty file for subject 51184 at regions/51184_timeseries.txt. Skipping.
Warning: Invalid shape (236, 169) or empty file for subject 51185 at regions/51185_timeseries.txt. Skipping.
Warning: Invalid shape (236, 169) or empty file for subject 51187 at regions/51187_timeseries.txt. Skipping.
Warning: Invalid shape (236, 169) or empty file for subject 51188 at regions/51188_timeseries.txt. Skipping.
Warning: Invalid shape (236, 169) or empty file for subject 51189 at regions/51189_timeseries.txt. Skipping.
Warning: Invalid shape (236, 169) or empty file for subject 51192 at regions/51192_timeseries.txt. Skipping.
Warning: Invalid shape (236, 169) or empty file for subject 51194 at regions/51194_timeseries.txt. Skipping.
Warning: Invalid shape (236, 169) or empty file for subject 51197 at regions/51197_timeseries.txt. Skipping.
Warning: Invalid shape (236, 169) or empty file for subject 51198 at regions/51198_timeseries.txt. Skipping.
Warning: Invalid shape (116, 169) or empty file for subject 51201 at regions/51201_timeseries.txt. Skipping.
Warning: Invalid shape (116, 169) or empty file for subject 51202 at regions/51202_timeseries.txt. Skipping.
Warning: Invalid shape (116, 169) or empty file for subject 51203 at regions/51203_timeseries.txt. Skipping.
Warning: Invalid shape (116, 169) or empty file for subject 51204 at regions/51204_timeseries.txt. Skipping.
Warning: Invalid shape (116, 169) or empty file for subject 51205 at regions/51205_timeseries.txt. Skipping.
Warning: Invalid shape (116, 169) or empty file for subject 51206 at regions/51206_timeseries.txt. Skipping.
Warning: Invalid shape (116, 169) or empty file for subject 51207 at regions/51207_timeseries.txt. Skipping.
Warning: Invalid shape (116, 169) or empty file for subject 51208 at regions/51208_timeseries.txt. Skipping.
Warning: Invalid shape (116, 169) or empty file for subject 51210 at regions/51210_timeseries.txt. Skipping.
Warning: Invalid shape (116, 169) or empty file for subject 51211 at regions/51211_timeseries.txt. Skipping.
Warning: Invalid shape (116, 169) or empty file for subject 51212 at regions/51212_timeseries.txt. Skipping.
Warning: Invalid shape (116, 169) or empty file for subject 51214 at regions/51214_timeseries.txt. Skipping.
Warning: Invalid shape (116, 169) or empty file for subject 51215 at regions/51215_timeseries.txt. Skipping.
Warning: Invalid shape (116, 169) or empty file for subject 51217 at regions/51217_timeseries.txt. Skipping.
Warning: Invalid shape (116, 169) or empty file for subject 51218 at regions/51218_timeseries.txt. Skipping.
Warning: Invalid shape (116, 169) or empty file for subject 51219 at regions/51219_timeseries.txt. Skipping.
Warning: Invalid shape (116, 169) or empty file for subject 51220 at regions/51220_timeseries.txt. Skipping.
Warning: Invalid shape (116, 169) or empty file for subject 51221 at regions/51221_timeseries.txt. Skipping.
Warning: Invalid shape (116, 169) or empty file for subject 51223 at regions/51223_timeseries.txt. Skipping.
Warning: Invalid shape (116, 169) or empty file for subject 51226 at regions/51226_timeseries.txt. Skipping.
Warning: Invalid shape (116, 169) or empty file for subject 51228 at regions/51228_timeseries.txt. Skipping.
Warning: Invalid shape (116, 169) or empty file for subject 51229 at regions/51229_timeseries.txt. Skipping.
Warning: Invalid shape (116, 169) or empty file for subject 51230 at regions/51230_timeseries.txt. Skipping.
Warning: Invalid shape (116, 169) or empty file for subject 51231 at regions/51231_timeseries.txt. Skipping.
Warning: Invalid shape (116, 169) or empty file for subject 51235 at regions/51235_timeseries.txt. Skipping.
Warning: Invalid shape (116, 169) or empty file for subject 51236 at regions/51236_timeseries.txt. Skipping.
Warning: Invalid shape (116, 169) or empty file for subject 51237 at regions/51237_timeseries.txt. Skipping.
Warning: Invalid shape (116, 169) or empty file for subject 51239 at regions/51239_timeseries.txt. Skipping.
Warning: Invalid shape (116, 169) or empty file for subject 51240 at regions/51240_timeseries.txt. Skipping.
Warning: Invalid shape (116, 169) or empty file for subject 51241 at regions/51241_timeseries.txt. Skipping.
Warning: Invalid shape (116, 169) or empty file for subject 51248 at regions/51248_timeseries.txt. Skipping.
Warning: Invalid shape (116, 169) or empty file for subject 51249 at regions/51249_timeseries.txt. Skipping.
Warning: Invalid shape (116, 169) or empty file for subject 51250 at regions/51250_timeseries.txt. Skipping.
Warning: Invalid shape (116, 169) or empty file for subject 51251 at regions/51251_timeseries.txt. Skipping.
Warning: Invalid shape (116, 169) or empty file for subject 51252 at regions/51252_timeseries.txt. Skipping.
Warning: Invalid shape (116, 169) or empty file for subject 51253 at regions/51253_timeseries.txt. Skipping.
Warning: Invalid shape (116, 169) or empty file for subject 51254 at regions/51254_timeseries.txt. Skipping.
Warning: Invalid shape (116, 169) or empty file for subject 51255 at regions/51255_timeseries.txt. Skipping.
Warning: Invalid shape (116, 169) or empty file for subject 51256 at regions/51256_timeseries.txt. Skipping.
Warning: Invalid shape (116, 169) or empty file for subject 51257 at regions/51257_timeseries.txt. Skipping.
Warning: Invalid shape (116, 169) or empty file for subject 51260 at regions/51260_timeseries.txt. Skipping.
Warning: Invalid shape (116, 169) or empty file for subject 51261 at regions/51261_timeseries.txt. Skipping.
Warning: Invalid shape (116, 169) or empty file for subject 51262 at regions/51262_timeseries.txt. Skipping.
Warning: Invalid shape (116, 169) or empty file for subject 51264 at regions/51264_timeseries.txt. Skipping.
Warning: Invalid shape (116, 169) or empty file for subject 51265 at regions/51265_timeseries.txt. Skipping.
Warning: Invalid shape (116, 169) or empty file for subject 51266 at regions/51266_timeseries.txt. Skipping.
Warning: Invalid shape (116, 169) or empty file for subject 51267 at regions/51267_timeseries.txt. Skipping.
Warning: Invalid shape (116, 169) or empty file for subject 51268 at regions/51268_timeseries.txt. Skipping.
Warning: Invalid shape (116, 169) or empty file for subject 51269 at regions/51269_timeseries.txt. Skipping.
Warning: Invalid shape (116, 169) or empty file for subject 51271 at regions/51271_timeseries.txt. Skipping.
Warning: Invalid shape (116, 169) or empty file for subject 51272 at regions/51272_timeseries.txt. Skipping.
Warning: Invalid shape (116, 169) or empty file for subject 51273 at regions/51273_timeseries.txt. Skipping.
Warning: Invalid shape (116, 169) or empty file for subject 51275 at regions/51275_timeseries.txt. Skipping.
Warning: Invalid shape (116, 169) or empty file for subject 51276 at regions/51276_timeseries.txt. Skipping.
Warning: Invalid shape (116, 169) or empty file for subject 51277 at regions/51277_timeseries.txt. Skipping.
Warning: Invalid shape (116, 169) or empty file for subject 51278 at regions/51278_timeseries.txt. Skipping.
Warning: Invalid shape (116, 169) or empty file for subject 51279 at regions/51279_timeseries.txt. Skipping.
Warning: Invalid shape (116, 169) or empty file for subject 51280 at regions/51280_timeseries.txt. Skipping.
Warning: Invalid shape (116, 169) or empty file for subject 51291 at regions/51291_timeseries.txt. Skipping.
Warning: Invalid shape (116, 169) or empty file for subject 51292 at regions/51292_timeseries.txt. Skipping.
Warning: Invalid shape (116, 169) or empty file for subject 51293 at regions/51293_timeseries.txt. Skipping.
Warning: Invalid shape (116, 169) or empty file for subject 51294 at regions/51294_timeseries.txt. Skipping.
Warning: Invalid shape (116, 169) or empty file for subject 51295 at regions/51295_timeseries.txt. Skipping.
Warning: Invalid shape (116, 169) or empty file for subject 51297 at regions/51297_timeseries.txt. Skipping.
Warning: Invalid shape (116, 169) or empty file for subject 51298 at regions/51298_timeseries.txt. Skipping.
Warning: Invalid shape (116, 169) or empty file for subject 51300 at regions/51300_timeseries.txt. Skipping.
Warning: Invalid shape (116, 169) or empty file for subject 51302 at regions/51302_timeseries.txt. Skipping.
Warning: Invalid shape (116, 169) or empty file for subject 51303 at regions/51303_timeseries.txt. Skipping.
Warning: Invalid shape (116, 169) or empty file for subject 51304 at regions/51304_timeseries.txt. Skipping.
Warning: Invalid shape (116, 169) or empty file for subject 51306 at regions/51306_timeseries.txt. Skipping.
Warning: Invalid shape (116, 169) or empty file for subject 51307 at regions/51307_timeseries.txt. Skipping.
Warning: Invalid shape (116, 169) or empty file for subject 51308 at regions/51308_timeseries.txt. Skipping.
Warning: Invalid shape (116, 169) or empty file for subject 51311 at regions/51311_timeseries.txt. Skipping.
Warning: Invalid shape (116, 169) or empty file for subject 51313 at regions/51313_timeseries.txt. Skipping.
Warning: Invalid shape (116, 169) or empty file for subject 51315 at regions/51315_timeseries.txt. Skipping.
Warning: Invalid shape (116, 169) or empty file for subject 51318 at regions/51318_timeseries.txt. Skipping.
Warning: Invalid shape (116, 169) or empty file for subject 51319 at regions/51319_timeseries.txt. Skipping.
Warning: Invalid shape (116, 169) or empty file for subject 51320 at regions/51320_timeseries.txt. Skipping.
Warning: Invalid shape (116, 169) or empty file for subject 51321 at regions/51321_timeseries.txt. Skipping.
Warning: Invalid shape (116, 169) or empty file for subject 51325 at regions/51325_timeseries.txt. Skipping.
Warning: Invalid shape (116, 169) or empty file for subject 51326 at regions/51326_timeseries.txt. Skipping.
Warning: Invalid shape (116, 169) or empty file for subject 51327 at regions/51327_timeseries.txt. Skipping.
Warning: Invalid shape (116, 169) or empty file for subject 51328 at regions/51328_timeseries.txt. Skipping.
Warning: Invalid shape (196, 169) or empty file for subject 51329 at regions/51329_timeseries.txt. Skipping.
Warning: Invalid shape (196, 169) or empty file for subject 51330 at regions/51330_timeseries.txt. Skipping.
Warning: Invalid shape (196, 169) or empty file for subject 51331 at regions/51331_timeseries.txt. Skipping.
Warning: Invalid shape (116, 169) or empty file for subject 51332 at regions/51332_timeseries.txt. Skipping.
Warning: Invalid shape (116, 169) or empty file for subject 51333 at regions/51333_timeseries.txt. Skipping.
Warning: Invalid shape (116, 169) or empty file for subject 51334 at regions/51334_timeseries.txt. Skipping.
Warning: Invalid shape (116, 169) or empty file for subject 51338 at regions/51338_timeseries.txt. Skipping.
Warning: Invalid shape (116, 169) or empty file for subject 51339 at regions/51339_timeseries.txt. Skipping.
Warning: Invalid shape (116, 169) or empty file for subject 51340 at regions/51340_timeseries.txt. Skipping.
Warning: Invalid shape (116, 169) or empty file for subject 51341 at regions/51341_timeseries.txt. Skipping.
Warning: Invalid shape (116, 169) or empty file for subject 51342 at regions/51342_timeseries.txt. Skipping.
Warning: Invalid shape (116, 169) or empty file for subject 51343 at regions/51343_timeseries.txt. Skipping.
Warning: Invalid shape (116, 169) or empty file for subject 51344 at regions/51344_timeseries.txt. Skipping.
Warning: Invalid shape (116, 169) or empty file for subject 51345 at regions/51345_timeseries.txt. Skipping.
Warning: Invalid shape (116, 169) or empty file for subject 51346 at regions/51346_timeseries.txt. Skipping.
Warning: Invalid shape (116, 169) or empty file for subject 51347 at regions/51347_timeseries.txt. Skipping.
Warning: Invalid shape (196, 169) or empty file for subject 51349 at regions/51349_timeseries.txt. Skipping.
Warning: Invalid shape (196, 169) or empty file for subject 51350 at regions/51350_timeseries.txt. Skipping.
Warning: Invalid shape (196, 169) or empty file for subject 51351 at regions/51351_timeseries.txt. Skipping.
Warning: Invalid shape (196, 169) or empty file for subject 51354 at regions/51354_timeseries.txt. Skipping.
Warning: Invalid shape (196, 169) or empty file for subject 51356 at regions/51356_timeseries.txt. Skipping.
Warning: Invalid shape (196, 169) or empty file for subject 51357 at regions/51357_timeseries.txt. Skipping.
Warning: Invalid shape (196, 169) or empty file for subject 51359 at regions/51359_timeseries.txt. Skipping.
Warning: Invalid shape (196, 169) or empty file for subject 51360 at regions/51360_timeseries.txt. Skipping.
Warning: Invalid shape (196, 169) or empty file for subject 51361 at regions/51361_timeseries.txt. Skipping.
Warning: Invalid shape (116, 169) or empty file for subject 51362 at regions/51362_timeseries.txt. Skipping.
Warning: Invalid shape (116, 169) or empty file for subject 51363 at regions/51363_timeseries.txt. Skipping.
Warning: Invalid shape (116, 169) or empty file for subject 51369 at regions/51369_timeseries.txt. Skipping.
Warning: Invalid shape (116, 169) or empty file for subject 51370 at regions/51370_timeseries.txt. Skipping.
Warning: Invalid shape (116, 169) or empty file for subject 51373 at regions/51373_timeseries.txt. Skipping.
Warning: Invalid shape (146, 169) or empty file for subject 51461 at regions/51461_timeseries.txt. Skipping.
Warning: Invalid shape (146, 169) or empty file for subject 51463 at regions/51463_timeseries.txt. Skipping.
Warning: Invalid shape (146, 169) or empty file for subject 51464 at regions/51464_timeseries.txt. Skipping.
Warning: Invalid shape (146, 169) or empty file for subject 51465 at regions/51465_timeseries.txt. Skipping.
Warning: Invalid shape (146, 169) or empty file for subject 51473 at regions/51473_timeseries.txt. Skipping.
Warning: Invalid shape (146, 169) or empty file for subject 51477 at regions/51477_timeseries.txt. Skipping.
Warning: Invalid shape (146, 169) or empty file for subject 51479 at regions/51479_timeseries.txt. Skipping.
Warning: Invalid shape (146, 169) or empty file for subject 51480 at regions/51480_timeseries.txt. Skipping.
Warning: Invalid shape (146, 169) or empty file for subject 51481 at regions/51481_timeseries.txt. Skipping.
Warning: Invalid shape (146, 169) or empty file for subject 51482 at regions/51482_timeseries.txt. Skipping.
Warning: Invalid shape (146, 169) or empty file for subject 51484 at regions/51484_timeseries.txt. Skipping.
Warning: Invalid shape (146, 169) or empty file for subject 51487 at regions/51487_timeseries.txt. Skipping.
Warning: Invalid shape (146, 169) or empty file for subject 51488 at regions/51488_timeseries.txt. Skipping.
Warning: Invalid shape (146, 169) or empty file for subject 51491 at regions/51491_timeseries.txt. Skipping.
Warning: Invalid shape (146, 169) or empty file for subject 51493 at regions/51493_timeseries.txt. Skipping.
Warning: Invalid shape (196, 169) or empty file for subject 51556 at regions/51556_timeseries.txt. Skipping.
Warning: Invalid shape (196, 169) or empty file for subject 51557 at regions/51557_timeseries.txt. Skipping.
Warning: Invalid shape (196, 169) or empty file for subject 51559 at regions/51559_timeseries.txt. Skipping.
Warning: Invalid shape (196, 169) or empty file for subject 51560 at regions/51560_timeseries.txt. Skipping.
Warning: Invalid shape (196, 169) or empty file for subject 51562 at regions/51562_timeseries.txt. Skipping.
Warning: Invalid shape (196, 169) or empty file for subject 51563 at regions/51563_timeseries.txt. Skipping.
Warning: Invalid shape (196, 169) or empty file for subject 51564 at regions/51564_timeseries.txt. Skipping.
Warning: Invalid shape (196, 169) or empty file for subject 51565 at regions/51565_timeseries.txt. Skipping.
Warning: Invalid shape (196, 169) or empty file for subject 51566 at regions/51566_timeseries.txt. Skipping.
Warning: Invalid shape (196, 169) or empty file for subject 51567 at regions/51567_timeseries.txt. Skipping.
Warning: Invalid shape (196, 169) or empty file for subject 51570 at regions/51570_timeseries.txt. Skipping.
Warning: Invalid shape (196, 169) or empty file for subject 51572 at regions/51572_timeseries.txt. Skipping.
Warning: Invalid shape (196, 169) or empty file for subject 51573 at regions/51573_timeseries.txt. Skipping.
Warning: Invalid shape (196, 169) or empty file for subject 51574 at regions/51574_timeseries.txt. Skipping.
Warning: Invalid shape (196, 169) or empty file for subject 51576 at regions/51576_timeseries.txt. Skipping.
Warning: Invalid shape (196, 169) or empty file for subject 51577 at regions/51577_timeseries.txt. Skipping.
Warning: Invalid shape (196, 169) or empty file for subject 51578 at regions/51578_timeseries.txt. Skipping.
Warning: Invalid shape (196, 169) or empty file for subject 51579 at regions/51579_timeseries.txt. Skipping.
Warning: Invalid shape (196, 169) or empty file for subject 51580 at regions/51580_timeseries.txt. Skipping.
Warning: Invalid shape (196, 169) or empty file for subject 51582 at regions/51582_timeseries.txt. Skipping.
Warning: Invalid shape (196, 169) or empty file for subject 51584 at regions/51584_timeseries.txt. Skipping.
Warning: Invalid shape (196, 169) or empty file for subject 51585 at regions/51585_timeseries.txt. Skipping.
Warning: Invalid shape (116, 169) or empty file for subject 51606 at regions/51606_timeseries.txt. Skipping.
Warning: Invalid shape (116, 169) or empty file for subject 51607 at regions/51607_timeseries.txt. Skipping.
Warning: Invalid shape (196, 169) or empty file for subject 50016 at regions/50016_timeseries.txt. Skipping.
Warning: Invalid shape (196, 169) or empty file for subject 50020 at regions/50020_timeseries.txt. Skipping.
Warning: Invalid shape (196, 169) or empty file for subject 50023 at regions/50023_timeseries.txt. Skipping.
Warning: Invalid shape (196, 169) or empty file for subject 50028 at regions/50028_timeseries.txt. Skipping.
Warning: Invalid shape (196, 169) or empty file for subject 50032 at regions/50032_timeseries.txt. Skipping.
Warning: Invalid shape (196, 169) or empty file for subject 50046 at regions/50046_timeseries.txt. Skipping.
Warning: Invalid shape (196, 169) or empty file for subject 50052 at regions/50052_timeseries.txt. Skipping.
Warning: Invalid shape (196, 169) or empty file for subject 50059 at regions/50059_timeseries.txt. Skipping.
Warning: Invalid shape (206, 169) or empty file for subject 50117 at regions/50117_timeseries.txt. Skipping.
Warning: Invalid shape (206, 169) or empty file for subject 50130 at regions/50130_timeseries.txt. Skipping.
Warning: Invalid shape (78, 169) or empty file for subject 50145 at regions/50145_timeseries.txt. Skipping.
Warning: Invalid shape (78, 169) or empty file for subject 50146 at regions/50146_timeseries.txt. Skipping.
Warning: Invalid shape (176, 169) or empty file for subject 50182 at regions/50182_timeseries.txt. Skipping.
Warning: Invalid shape (176, 169) or empty file for subject 50186 at regions/50186_timeseries.txt. Skipping.
Warning: Invalid shape (176, 169) or empty file for subject 50208 at regions/50208_timeseries.txt. Skipping.
Warning: Invalid shape (146, 169) or empty file for subject 50239 at regions/50239_timeseries.txt. Skipping.
Warning: Invalid shape (146, 169) or empty file for subject 50248 at regions/50248_timeseries.txt. Skipping.
Warning: Invalid shape (146, 169) or empty file for subject 50252 at regions/50252_timeseries.txt. Skipping.
Warning: Invalid shape (146, 169) or empty file for subject 50269 at regions/50269_timeseries.txt. Skipping.
Warning: Invalid shape (296, 169) or empty file for subject 50285 at regions/50285_timeseries.txt. Skipping.
Warning: Invalid shape (296, 169) or empty file for subject 50308 at regions/50308_timeseries.txt. Skipping.
Warning: Invalid shape (296, 169) or empty file for subject 50315 at regions/50315_timeseries.txt. Skipping.
Warning: Invalid shape (296, 169) or empty file for subject 50329 at regions/50329_timeseries.txt. Skipping.
Warning: Invalid shape (296, 169) or empty file for subject 50332 at regions/50332_timeseries.txt. Skipping.
Warning: Invalid shape (296, 169) or empty file for subject 50343 at regions/50343_timeseries.txt. Skipping.
Warning: Invalid shape (296, 169) or empty file for subject 50349 at regions/50349_timeseries.txt. Skipping.
Warning: Invalid shape (296, 169) or empty file for subject 50358 at regions/50358_timeseries.txt. Skipping.
Warning: Invalid shape (296, 169) or empty file for subject 50360 at regions/50360_timeseries.txt. Skipping.
Warning: Invalid shape (296, 169) or empty file for subject 50363 at regions/50363_timeseries.txt. Skipping.
Warning: Invalid shape (296, 169) or empty file for subject 50364 at regions/50364_timeseries.txt. Skipping.
Warning: Invalid shape (296, 169) or empty file for subject 50367 at regions/50367_timeseries.txt. Skipping.
Warning: Invalid shape (296, 169) or empty file for subject 50379 at regions/50379_timeseries.txt. Skipping.
Warning: Invalid shape (296, 169) or empty file for subject 50386 at regions/50386_timeseries.txt. Skipping.
Warning: Invalid shape (296, 169) or empty file for subject 50388 at regions/50388_timeseries.txt. Skipping.
Warning: Invalid shape (296, 169) or empty file for subject 50391 at regions/50391_timeseries.txt. Skipping.
Warning: Invalid shape (296, 169) or empty file for subject 50405 at regions/50405_timeseries.txt. Skipping.
Warning: Invalid shape (296, 169) or empty file for subject 50406 at regions/50406_timeseries.txt. Skipping.
Warning: Invalid shape (236, 169) or empty file for subject 50434 at regions/50434_timeseries.txt. Skipping.
Warning: Invalid shape (236, 169) or empty file for subject 50507 at regions/50507_timeseries.txt. Skipping.
Warning: Invalid shape (236, 169) or empty file for subject 50524 at regions/50524_timeseries.txt. Skipping.
Warning: Invalid shape (196, 169) or empty file for subject 50565 at regions/50565_timeseries.txt. Skipping.
Warning: Invalid shape (196, 169) or empty file for subject 50574 at regions/50574_timeseries.txt. Skipping.
Warning: Invalid shape (196, 169) or empty file for subject 50607 at regions/50607_timeseries.txt. Skipping.
Warning: Invalid shape (196, 169) or empty file for subject 50619 at regions/50619_timeseries.txt. Skipping.
Warning: Invalid shape (196, 169) or empty file for subject 50626 at regions/50626_timeseries.txt. Skipping.
Warning: Invalid shape (246, 169) or empty file for subject 50682 at regions/50682_timeseries.txt. Skipping.
Warning: Invalid shape (246, 169) or empty file for subject 50709 at regions/50709_timeseries.txt. Skipping.
Warning: Invalid shape (246, 169) or empty file for subject 50738 at regions/50738_timeseries.txt. Skipping.
Warning: Invalid shape (152, 169) or empty file for subject 50783 at regions/50783_timeseries.txt. Skipping.
Warning: Invalid shape (152, 169) or empty file for subject 50820 at regions/50820_timeseries.txt. Skipping.
Warning: Invalid shape (176, 169) or empty file for subject 50965 at regions/50965_timeseries.txt. Skipping.
Warning: Invalid shape (176, 169) or empty file for subject 50979 at regions/50979_timeseries.txt. Skipping.
Warning: Invalid shape (176, 169) or empty file for subject 50982 at regions/50982_timeseries.txt. Skipping.
Warning: Invalid shape (176, 169) or empty file for subject 50996 at regions/50996_timeseries.txt. Skipping.
Warning: Invalid shape (176, 169) or empty file for subject 51002 at regions/51002_timeseries.txt. Skipping.
Warning: Invalid shape (176, 169) or empty file for subject 51019 at regions/51019_timeseries.txt. Skipping.
Warning: Invalid shape (176, 169) or empty file for subject 51020 at regions/51020_timeseries.txt. Skipping.
Warning: Invalid shape (176, 169) or empty file for subject 51035 at regions/51035_timeseries.txt. Skipping.
Warning: Invalid shape (176, 169) or empty file for subject 51055 at regions/51055_timeseries.txt. Skipping.
Warning: Invalid shape (176, 169) or empty file for subject 51073 at regions/51073_timeseries.txt. Skipping.
Warning: Invalid shape (176, 169) or empty file for subject 51081 at regions/51081_timeseries.txt. Skipping.
Warning: Invalid shape (176, 169) or empty file for subject 51094 at regions/51094_timeseries.txt. Skipping.
Warning: Invalid shape (176, 169) or empty file for subject 51095 at regions/51095_timeseries.txt. Skipping.
Warning: Invalid shape (176, 169) or empty file for subject 51123 at regions/51123_timeseries.txt. Skipping.
Warning: Invalid shape (146, 169) or empty file for subject 51133 at regions/51133_timeseries.txt. Skipping.
Warning: Invalid shape (176, 169) or empty file for subject 51150 at regions/51150_timeseries.txt. Skipping.
Warning: Invalid shape (176, 169) or empty file for subject 51164 at regions/51164_timeseries.txt. Skipping.
Warning: Invalid shape (116, 169) or empty file for subject 51216 at regions/51216_timeseries.txt. Skipping.
Warning: Invalid shape (116, 169) or empty file for subject 51222 at regions/51222_timeseries.txt. Skipping.
Warning: Invalid shape (116, 169) or empty file for subject 51224 at regions/51224_timeseries.txt. Skipping.
Warning: Invalid shape (116, 169) or empty file for subject 51225 at regions/51225_timeseries.txt. Skipping.
Warning: Invalid shape (116, 169) or empty file for subject 51234 at regions/51234_timeseries.txt. Skipping.
Warning: Invalid shape (116, 169) or empty file for subject 51281 at regions/51281_timeseries.txt. Skipping.
Warning: Invalid shape (116, 169) or empty file for subject 51299 at regions/51299_timeseries.txt. Skipping.
Warning: Invalid shape (116, 169) or empty file for subject 51301 at regions/51301_timeseries.txt. Skipping.
Warning: Invalid shape (116, 169) or empty file for subject 51305 at regions/51305_timeseries.txt. Skipping.
Warning: Invalid shape (116, 169) or empty file for subject 51309 at regions/51309_timeseries.txt. Skipping.
Warning: Invalid shape (116, 169) or empty file for subject 51322 at regions/51322_timeseries.txt. Skipping.
Warning: Invalid shape (116, 169) or empty file for subject 51323 at regions/51323_timeseries.txt. Skipping.
Warning: Invalid shape (116, 169) or empty file for subject 51335 at regions/51335_timeseries.txt. Skipping.
Warning: Invalid shape (116, 169) or empty file for subject 51336 at regions/51336_timeseries.txt. Skipping.
Warning: Invalid shape (116, 169) or empty file for subject 51364 at regions/51364_timeseries.txt. Skipping.
Warning: Invalid shape (116, 169) or empty file for subject 51365 at regions/51365_timeseries.txt. Skipping.
Warning: Invalid shape (196, 169) or empty file for subject 51558 at regions/51558_timeseries.txt. Skipping.
Warning: Invalid shape (196, 169) or empty file for subject 51568 at regions/51568_timeseries.txt. Skipping.
Warning: Invalid shape (196, 169) or empty file for subject 51569 at regions/51569_timeseries.txt. Skipping.
Warning: Invalid shape (196, 169) or empty file for subject 51583 at regions/51583_timeseries.txt. Skipping.
Error: No time series could be loaded successfully for this fold.
Critical Error: Could not load/pad time series for Fold 2. Skipping fold.

--- Fold 3/10 ---
Loading time series for 866 subjects in fold...
Warning: Invalid shape (196, 169) or empty file for subject 50003 at regions/50003_timeseries.txt. Skipping.
Warning: Invalid shape (196, 169) or empty file for subject 50004 at regions/50004_timeseries.txt. Skipping.
Warning: Invalid shape (196, 169) or empty file for subject 50005 at regions/50005_timeseries.txt. Skipping.
Warning: Invalid shape (196, 169) or empty file for subject 50006 at regions/50006_timeseries.txt. Skipping.
Warning: Invalid shape (196, 169) or empty file for subject 50010 at regions/50010_timeseries.txt. Skipping.
Warning: Invalid shape (196, 169) or empty file for subject 50012 at regions/50012_timeseries.txt. Skipping.
Warning: Invalid shape (196, 169) or empty file for subject 50013 at regions/50013_timeseries.txt. Skipping.
Warning: Invalid shape (196, 169) or empty file for subject 50014 at regions/50014_timeseries.txt. Skipping.
Warning: Invalid shape (196, 169) or empty file for subject 50015 at regions/50015_timeseries.txt. Skipping.
Warning: Invalid shape (196, 169) or empty file for subject 50016 at regions/50016_timeseries.txt. Skipping.
Warning: Invalid shape (196, 169) or empty file for subject 50020 at regions/50020_timeseries.txt. Skipping.
Warning: Invalid shape (196, 169) or empty file for subject 50022 at regions/50022_timeseries.txt. Skipping.
Warning: Invalid shape (196, 169) or empty file for subject 50023 at regions/50023_timeseries.txt. Skipping.
Warning: Invalid shape (196, 169) or empty file for subject 50024 at regions/50024_timeseries.txt. Skipping.
Warning: Invalid shape (196, 169) or empty file for subject 50025 at regions/50025_timeseries.txt. Skipping.
Warning: Invalid shape (196, 169) or empty file for subject 50026 at regions/50026_timeseries.txt. Skipping.
Warning: Invalid shape (196, 169) or empty file for subject 50027 at regions/50027_timeseries.txt. Skipping.
Warning: Invalid shape (196, 169) or empty file for subject 50028 at regions/50028_timeseries.txt. Skipping.
Warning: Invalid shape (196, 169) or empty file for subject 50030 at regions/50030_timeseries.txt. Skipping.
Warning: Invalid shape (196, 169) or empty file for subject 50031 at regions/50031_timeseries.txt. Skipping.
Warning: Invalid shape (196, 169) or empty file for subject 50032 at regions/50032_timeseries.txt. Skipping.
Warning: Invalid shape (196, 169) or empty file for subject 50033 at regions/50033_timeseries.txt. Skipping.
Warning: Invalid shape (196, 169) or empty file for subject 50034 at regions/50034_timeseries.txt. Skipping.
Warning: Invalid shape (196, 169) or empty file for subject 50035 at regions/50035_timeseries.txt. Skipping.
Warning: Invalid shape (196, 169) or empty file for subject 50037 at regions/50037_timeseries.txt. Skipping.
Warning: Invalid shape (196, 169) or empty file for subject 50039 at regions/50039_timeseries.txt. Skipping.
Warning: Invalid shape (196, 169) or empty file for subject 50040 at regions/50040_timeseries.txt. Skipping.
Warning: Invalid shape (196, 169) or empty file for subject 50041 at regions/50041_timeseries.txt. Skipping.
Warning: Invalid shape (196, 169) or empty file for subject 50042 at regions/50042_timeseries.txt. Skipping.
Warning: Invalid shape (196, 169) or empty file for subject 50043 at regions/50043_timeseries.txt. Skipping.
Warning: Invalid shape (196, 169) or empty file for subject 50044 at regions/50044_timeseries.txt. Skipping.
Warning: Invalid shape (196, 169) or empty file for subject 50045 at regions/50045_timeseries.txt. Skipping.
Warning: Invalid shape (196, 169) or empty file for subject 50046 at regions/50046_timeseries.txt. Skipping.
Warning: Invalid shape (196, 169) or empty file for subject 50047 at regions/50047_timeseries.txt. Skipping.
Warning: Invalid shape (196, 169) or empty file for subject 50048 at regions/50048_timeseries.txt. Skipping.
Warning: Invalid shape (196, 169) or empty file for subject 50050 at regions/50050_timeseries.txt. Skipping.
Warning: Invalid shape (196, 169) or empty file for subject 50051 at regions/50051_timeseries.txt. Skipping.
Warning: Invalid shape (196, 169) or empty file for subject 50052 at regions/50052_timeseries.txt. Skipping.
Warning: Invalid shape (196, 169) or empty file for subject 50053 at regions/50053_timeseries.txt. Skipping.
Warning: Invalid shape (196, 169) or empty file for subject 50054 at regions/50054_timeseries.txt. Skipping.
Warning: Invalid shape (196, 169) or empty file for subject 50056 at regions/50056_timeseries.txt. Skipping.
Warning: Invalid shape (196, 169) or empty file for subject 50057 at regions/50057_timeseries.txt. Skipping.
Warning: Invalid shape (196, 169) or empty file for subject 50059 at regions/50059_timeseries.txt. Skipping.
Warning: Invalid shape (206, 169) or empty file for subject 50102 at regions/50102_timeseries.txt. Skipping.
Warning: Invalid shape (206, 169) or empty file for subject 50103 at regions/50103_timeseries.txt. Skipping.
Warning: Invalid shape (206, 169) or empty file for subject 50104 at regions/50104_timeseries.txt. Skipping.
Warning: Invalid shape (206, 169) or empty file for subject 50105 at regions/50105_timeseries.txt. Skipping.
Warning: Invalid shape (206, 169) or empty file for subject 50109 at regions/50109_timeseries.txt. Skipping.
Warning: Invalid shape (206, 169) or empty file for subject 50111 at regions/50111_timeseries.txt. Skipping.
Warning: Invalid shape (206, 169) or empty file for subject 50112 at regions/50112_timeseries.txt. Skipping.
Warning: Invalid shape (206, 169) or empty file for subject 50114 at regions/50114_timeseries.txt. Skipping.
Warning: Invalid shape (206, 169) or empty file for subject 50115 at regions/50115_timeseries.txt. Skipping.
Warning: Invalid shape (206, 169) or empty file for subject 50116 at regions/50116_timeseries.txt. Skipping.
Warning: Invalid shape (206, 169) or empty file for subject 50117 at regions/50117_timeseries.txt. Skipping.
Warning: Invalid shape (206, 169) or empty file for subject 50118 at regions/50118_timeseries.txt. Skipping.
Warning: Invalid shape (206, 169) or empty file for subject 50119 at regions/50119_timeseries.txt. Skipping.
Warning: Invalid shape (206, 169) or empty file for subject 50123 at regions/50123_timeseries.txt. Skipping.
Warning: Invalid shape (206, 169) or empty file for subject 50124 at regions/50124_timeseries.txt. Skipping.
Warning: Invalid shape (206, 169) or empty file for subject 50127 at regions/50127_timeseries.txt. Skipping.
Warning: Invalid shape (206, 169) or empty file for subject 50128 at regions/50128_timeseries.txt. Skipping.
Warning: Invalid shape (206, 169) or empty file for subject 50129 at regions/50129_timeseries.txt. Skipping.
Warning: Invalid shape (206, 169) or empty file for subject 50130 at regions/50130_timeseries.txt. Skipping.
Warning: Invalid shape (206, 169) or empty file for subject 50131 at regions/50131_timeseries.txt. Skipping.
Warning: Invalid shape (206, 169) or empty file for subject 50135 at regions/50135_timeseries.txt. Skipping.
Warning: Invalid shape (78, 169) or empty file for subject 50142 at regions/50142_timeseries.txt. Skipping.
Warning: Invalid shape (78, 169) or empty file for subject 50143 at regions/50143_timeseries.txt. Skipping.
Warning: Invalid shape (78, 169) or empty file for subject 50144 at regions/50144_timeseries.txt. Skipping.
Warning: Invalid shape (78, 169) or empty file for subject 50145 at regions/50145_timeseries.txt. Skipping.
Warning: Invalid shape (78, 169) or empty file for subject 50146 at regions/50146_timeseries.txt. Skipping.
Warning: Invalid shape (78, 169) or empty file for subject 50147 at regions/50147_timeseries.txt. Skipping.
Warning: Invalid shape (78, 169) or empty file for subject 50149 at regions/50149_timeseries.txt. Skipping.
Warning: Invalid shape (78, 169) or empty file for subject 50150 at regions/50150_timeseries.txt. Skipping.
Warning: Invalid shape (78, 169) or empty file for subject 50152 at regions/50152_timeseries.txt. Skipping.
Warning: Invalid shape (78, 169) or empty file for subject 50153 at regions/50153_timeseries.txt. Skipping.
Warning: Invalid shape (78, 169) or empty file for subject 50156 at regions/50156_timeseries.txt. Skipping.
Warning: Invalid shape (78, 169) or empty file for subject 50157 at regions/50157_timeseries.txt. Skipping.
Warning: Invalid shape (78, 169) or empty file for subject 50158 at regions/50158_timeseries.txt. Skipping.
Warning: Invalid shape (78, 169) or empty file for subject 50160 at regions/50160_timeseries.txt. Skipping.
Warning: Invalid shape (78, 169) or empty file for subject 50161 at regions/50161_timeseries.txt. Skipping.
Warning: Invalid shape (78, 169) or empty file for subject 50162 at regions/50162_timeseries.txt. Skipping.
Warning: Invalid shape (78, 169) or empty file for subject 50163 at regions/50163_timeseries.txt. Skipping.
Warning: Invalid shape (78, 169) or empty file for subject 50164 at regions/50164_timeseries.txt. Skipping.
Warning: Invalid shape (78, 169) or empty file for subject 50167 at regions/50167_timeseries.txt. Skipping.
Warning: Invalid shape (78, 169) or empty file for subject 50169 at regions/50169_timeseries.txt. Skipping.
Warning: Invalid shape (78, 169) or empty file for subject 50170 at regions/50170_timeseries.txt. Skipping.
Warning: Invalid shape (78, 169) or empty file for subject 50171 at regions/50171_timeseries.txt. Skipping.
Warning: Invalid shape (176, 169) or empty file for subject 50182 at regions/50182_timeseries.txt. Skipping.
Warning: Invalid shape (176, 169) or empty file for subject 50183 at regions/50183_timeseries.txt. Skipping.
Warning: Invalid shape (176, 169) or empty file for subject 50184 at regions/50184_timeseries.txt. Skipping.
Warning: Invalid shape (176, 169) or empty file for subject 50186 at regions/50186_timeseries.txt. Skipping.
Warning: Invalid shape (176, 169) or empty file for subject 50187 at regions/50187_timeseries.txt. Skipping.
Warning: Invalid shape (176, 169) or empty file for subject 50188 at regions/50188_timeseries.txt. Skipping.
Warning: Invalid shape (176, 169) or empty file for subject 50189 at regions/50189_timeseries.txt. Skipping.
Warning: Invalid shape (176, 169) or empty file for subject 50190 at regions/50190_timeseries.txt. Skipping.
Warning: Invalid shape (176, 169) or empty file for subject 50193 at regions/50193_timeseries.txt. Skipping.
Warning: Invalid shape (176, 169) or empty file for subject 50194 at regions/50194_timeseries.txt. Skipping.
Warning: Invalid shape (176, 169) or empty file for subject 50196 at regions/50196_timeseries.txt. Skipping.
Warning: Invalid shape (176, 169) or empty file for subject 50198 at regions/50198_timeseries.txt. Skipping.
Warning: Invalid shape (176, 169) or empty file for subject 50199 at regions/50199_timeseries.txt. Skipping.
Warning: Invalid shape (176, 169) or empty file for subject 50200 at regions/50200_timeseries.txt. Skipping.
Warning: Invalid shape (176, 169) or empty file for subject 50201 at regions/50201_timeseries.txt. Skipping.
Warning: Invalid shape (176, 169) or empty file for subject 50202 at regions/50202_timeseries.txt. Skipping.
Warning: Invalid shape (176, 169) or empty file for subject 50203 at regions/50203_timeseries.txt. Skipping.
Warning: Invalid shape (176, 169) or empty file for subject 50205 at regions/50205_timeseries.txt. Skipping.
Warning: Invalid shape (176, 169) or empty file for subject 50208 at regions/50208_timeseries.txt. Skipping.
Warning: Invalid shape (176, 169) or empty file for subject 50210 at regions/50210_timeseries.txt. Skipping.
Warning: Invalid shape (176, 169) or empty file for subject 50213 at regions/50213_timeseries.txt. Skipping.
Warning: Invalid shape (176, 169) or empty file for subject 50214 at regions/50214_timeseries.txt. Skipping.
Warning: Invalid shape (176, 169) or empty file for subject 50215 at regions/50215_timeseries.txt. Skipping.
Warning: Invalid shape (176, 169) or empty file for subject 50217 at regions/50217_timeseries.txt. Skipping.
Warning: Invalid shape (146, 169) or empty file for subject 50232 at regions/50232_timeseries.txt. Skipping.
Warning: Invalid shape (146, 169) or empty file for subject 50233 at regions/50233_timeseries.txt. Skipping.
Warning: Invalid shape (146, 169) or empty file for subject 50234 at regions/50234_timeseries.txt. Skipping.
Warning: Invalid shape (146, 169) or empty file for subject 50236 at regions/50236_timeseries.txt. Skipping.
Warning: Invalid shape (146, 169) or empty file for subject 50237 at regions/50237_timeseries.txt. Skipping.
Warning: Invalid shape (146, 169) or empty file for subject 50239 at regions/50239_timeseries.txt. Skipping.
Warning: Invalid shape (146, 169) or empty file for subject 50241 at regions/50241_timeseries.txt. Skipping.
Warning: Invalid shape (146, 169) or empty file for subject 50243 at regions/50243_timeseries.txt. Skipping.
Warning: Invalid shape (146, 169) or empty file for subject 50245 at regions/50245_timeseries.txt. Skipping.
Warning: Invalid shape (146, 169) or empty file for subject 50247 at regions/50247_timeseries.txt. Skipping.
Warning: Invalid shape (146, 169) or empty file for subject 50248 at regions/50248_timeseries.txt. Skipping.
Warning: Invalid shape (146, 169) or empty file for subject 50249 at regions/50249_timeseries.txt. Skipping.
Warning: Invalid shape (146, 169) or empty file for subject 50250 at regions/50250_timeseries.txt. Skipping.
Warning: Invalid shape (146, 169) or empty file for subject 50251 at regions/50251_timeseries.txt. Skipping.
Warning: Invalid shape (146, 169) or empty file for subject 50252 at regions/50252_timeseries.txt. Skipping.
Warning: Invalid shape (146, 169) or empty file for subject 50253 at regions/50253_timeseries.txt. Skipping.
Warning: Invalid shape (146, 169) or empty file for subject 50254 at regions/50254_timeseries.txt. Skipping.
Warning: Invalid shape (146, 169) or empty file for subject 50255 at regions/50255_timeseries.txt. Skipping.
Warning: Invalid shape (146, 169) or empty file for subject 50259 at regions/50259_timeseries.txt. Skipping.
Warning: Invalid shape (146, 169) or empty file for subject 50260 at regions/50260_timeseries.txt. Skipping.
Warning: Invalid shape (146, 169) or empty file for subject 50261 at regions/50261_timeseries.txt. Skipping.
Warning: Invalid shape (146, 169) or empty file for subject 50262 at regions/50262_timeseries.txt. Skipping.
Warning: Invalid shape (146, 169) or empty file for subject 50263 at regions/50263_timeseries.txt. Skipping.
Warning: Invalid shape (146, 169) or empty file for subject 50264 at regions/50264_timeseries.txt. Skipping.
Warning: Invalid shape (146, 169) or empty file for subject 50265 at regions/50265_timeseries.txt. Skipping.
Warning: Invalid shape (146, 169) or empty file for subject 50266 at regions/50266_timeseries.txt. Skipping.
Warning: Invalid shape (146, 169) or empty file for subject 50267 at regions/50267_timeseries.txt. Skipping.
Warning: Invalid shape (146, 169) or empty file for subject 50268 at regions/50268_timeseries.txt. Skipping.
Warning: Invalid shape (146, 169) or empty file for subject 50269 at regions/50269_timeseries.txt. Skipping.
Warning: Invalid shape (146, 169) or empty file for subject 50270 at regions/50270_timeseries.txt. Skipping.
Warning: Invalid shape (146, 169) or empty file for subject 50271 at regions/50271_timeseries.txt. Skipping.
Warning: Invalid shape (296, 169) or empty file for subject 50272 at regions/50272_timeseries.txt. Skipping.
Warning: Invalid shape (296, 169) or empty file for subject 50273 at regions/50273_timeseries.txt. Skipping.
Warning: Invalid shape (296, 169) or empty file for subject 50274 at regions/50274_timeseries.txt. Skipping.
Warning: Invalid shape (296, 169) or empty file for subject 50275 at regions/50275_timeseries.txt. Skipping.
Warning: Invalid shape (296, 169) or empty file for subject 50276 at regions/50276_timeseries.txt. Skipping.
Warning: Invalid shape (296, 169) or empty file for subject 50278 at regions/50278_timeseries.txt. Skipping.
Warning: Invalid shape (296, 169) or empty file for subject 50282 at regions/50282_timeseries.txt. Skipping.
Warning: Invalid shape (296, 169) or empty file for subject 50284 at regions/50284_timeseries.txt. Skipping.
Warning: Invalid shape (296, 169) or empty file for subject 50285 at regions/50285_timeseries.txt. Skipping.
Warning: Invalid shape (296, 169) or empty file for subject 50287 at regions/50287_timeseries.txt. Skipping.
Warning: Invalid shape (296, 169) or empty file for subject 50290 at regions/50290_timeseries.txt. Skipping.
Warning: Invalid shape (296, 169) or empty file for subject 50293 at regions/50293_timeseries.txt. Skipping.
Warning: Invalid shape (296, 169) or empty file for subject 50294 at regions/50294_timeseries.txt. Skipping.
Warning: Invalid shape (296, 169) or empty file for subject 50297 at regions/50297_timeseries.txt. Skipping.
Warning: Invalid shape (296, 169) or empty file for subject 50298 at regions/50298_timeseries.txt. Skipping.
Warning: Invalid shape (296, 169) or empty file for subject 50300 at regions/50300_timeseries.txt. Skipping.
Warning: Invalid shape (296, 169) or empty file for subject 50301 at regions/50301_timeseries.txt. Skipping.
Warning: Invalid shape (296, 169) or empty file for subject 50302 at regions/50302_timeseries.txt. Skipping.
Warning: Invalid shape (296, 169) or empty file for subject 50304 at regions/50304_timeseries.txt. Skipping.
Warning: Invalid shape (296, 169) or empty file for subject 50308 at regions/50308_timeseries.txt. Skipping.
Warning: Invalid shape (296, 169) or empty file for subject 50310 at regions/50310_timeseries.txt. Skipping.
Warning: Invalid shape (296, 169) or empty file for subject 50314 at regions/50314_timeseries.txt. Skipping.
Warning: Invalid shape (296, 169) or empty file for subject 50315 at regions/50315_timeseries.txt. Skipping.
Warning: Invalid shape (296, 169) or empty file for subject 50318 at regions/50318_timeseries.txt. Skipping.
Warning: Invalid shape (296, 169) or empty file for subject 50319 at regions/50319_timeseries.txt. Skipping.
Warning: Invalid shape (296, 169) or empty file for subject 50320 at regions/50320_timeseries.txt. Skipping.
Warning: Invalid shape (296, 169) or empty file for subject 50321 at regions/50321_timeseries.txt. Skipping.
Warning: Invalid shape (296, 169) or empty file for subject 50324 at regions/50324_timeseries.txt. Skipping.
Warning: Invalid shape (296, 169) or empty file for subject 50325 at regions/50325_timeseries.txt. Skipping.
Warning: Invalid shape (296, 169) or empty file for subject 50327 at regions/50327_timeseries.txt. Skipping.
Warning: Invalid shape (296, 169) or empty file for subject 50329 at regions/50329_timeseries.txt. Skipping.
Warning: Invalid shape (296, 169) or empty file for subject 50330 at regions/50330_timeseries.txt. Skipping.
Warning: Invalid shape (296, 169) or empty file for subject 50332 at regions/50332_timeseries.txt. Skipping.
Warning: Invalid shape (296, 169) or empty file for subject 50334 at regions/50334_timeseries.txt. Skipping.
Warning: Invalid shape (296, 169) or empty file for subject 50335 at regions/50335_timeseries.txt. Skipping.
Warning: Invalid shape (296, 169) or empty file for subject 50336 at regions/50336_timeseries.txt. Skipping.
Warning: Invalid shape (296, 169) or empty file for subject 50337 at regions/50337_timeseries.txt. Skipping.
Warning: Invalid shape (296, 169) or empty file for subject 50338 at regions/50338_timeseries.txt. Skipping.
Warning: Invalid shape (296, 169) or empty file for subject 50339 at regions/50339_timeseries.txt. Skipping.
Warning: Invalid shape (296, 169) or empty file for subject 50340 at regions/50340_timeseries.txt. Skipping.
Warning: Invalid shape (296, 169) or empty file for subject 50341 at regions/50341_timeseries.txt. Skipping.
Warning: Invalid shape (296, 169) or empty file for subject 50342 at regions/50342_timeseries.txt. Skipping.
Warning: Invalid shape (296, 169) or empty file for subject 50343 at regions/50343_timeseries.txt. Skipping.
Warning: Invalid shape (296, 169) or empty file for subject 50344 at regions/50344_timeseries.txt. Skipping.
Warning: Invalid shape (296, 169) or empty file for subject 50345 at regions/50345_timeseries.txt. Skipping.
Warning: Invalid shape (296, 169) or empty file for subject 50346 at regions/50346_timeseries.txt. Skipping.
Warning: Invalid shape (296, 169) or empty file for subject 50347 at regions/50347_timeseries.txt. Skipping.
Warning: Invalid shape (296, 169) or empty file for subject 50348 at regions/50348_timeseries.txt. Skipping.
Warning: Invalid shape (296, 169) or empty file for subject 50349 at regions/50349_timeseries.txt. Skipping.
Warning: Invalid shape (296, 169) or empty file for subject 50350 at regions/50350_timeseries.txt. Skipping.
Warning: Invalid shape (296, 169) or empty file for subject 50351 at regions/50351_timeseries.txt. Skipping.
Warning: Invalid shape (296, 169) or empty file for subject 50352 at regions/50352_timeseries.txt. Skipping.
Warning: Invalid shape (296, 169) or empty file for subject 50353 at regions/50353_timeseries.txt. Skipping.
Warning: Invalid shape (296, 169) or empty file for subject 50355 at regions/50355_timeseries.txt. Skipping.
Warning: Invalid shape (296, 169) or empty file for subject 50356 at regions/50356_timeseries.txt. Skipping.
Warning: Invalid shape (296, 169) or empty file for subject 50357 at regions/50357_timeseries.txt. Skipping.
Warning: Invalid shape (296, 169) or empty file for subject 50358 at regions/50358_timeseries.txt. Skipping.
Warning: Invalid shape (296, 169) or empty file for subject 50359 at regions/50359_timeseries.txt. Skipping.
Warning: Invalid shape (296, 169) or empty file for subject 50360 at regions/50360_timeseries.txt. Skipping.
Warning: Invalid shape (296, 169) or empty file for subject 50361 at regions/50361_timeseries.txt. Skipping.
Warning: Invalid shape (296, 169) or empty file for subject 50363 at regions/50363_timeseries.txt. Skipping.
Warning: Invalid shape (296, 169) or empty file for subject 50364 at regions/50364_timeseries.txt. Skipping.
Warning: Invalid shape (296, 169) or empty file for subject 50365 at regions/50365_timeseries.txt. Skipping.
Warning: Invalid shape (296, 169) or empty file for subject 50366 at regions/50366_timeseries.txt. Skipping.
Warning: Invalid shape (296, 169) or empty file for subject 50367 at regions/50367_timeseries.txt. Skipping.
Warning: Invalid shape (296, 169) or empty file for subject 50368 at regions/50368_timeseries.txt. Skipping.
Warning: Invalid shape (296, 169) or empty file for subject 50369 at regions/50369_timeseries.txt. Skipping.
Warning: Invalid shape (296, 169) or empty file for subject 50370 at regions/50370_timeseries.txt. Skipping.
Warning: Invalid shape (296, 169) or empty file for subject 50372 at regions/50372_timeseries.txt. Skipping.
Warning: Invalid shape (296, 169) or empty file for subject 50373 at regions/50373_timeseries.txt. Skipping.
Warning: Invalid shape (296, 169) or empty file for subject 50374 at regions/50374_timeseries.txt. Skipping.
Warning: Invalid shape (296, 169) or empty file for subject 50375 at regions/50375_timeseries.txt. Skipping.
Warning: Invalid shape (296, 169) or empty file for subject 50376 at regions/50376_timeseries.txt. Skipping.
Warning: Invalid shape (296, 169) or empty file for subject 50377 at regions/50377_timeseries.txt. Skipping.
Warning: Invalid shape (296, 169) or empty file for subject 50379 at regions/50379_timeseries.txt. Skipping.
Warning: Invalid shape (296, 169) or empty file for subject 50380 at regions/50380_timeseries.txt. Skipping.
Warning: Invalid shape (296, 169) or empty file for subject 50381 at regions/50381_timeseries.txt. Skipping.
Warning: Invalid shape (296, 169) or empty file for subject 50382 at regions/50382_timeseries.txt. Skipping.
Warning: Invalid shape (296, 169) or empty file for subject 50385 at regions/50385_timeseries.txt. Skipping.
Warning: Invalid shape (296, 169) or empty file for subject 50386 at regions/50386_timeseries.txt. Skipping.
Warning: Invalid shape (296, 169) or empty file for subject 50387 at regions/50387_timeseries.txt. Skipping.
Warning: Invalid shape (296, 169) or empty file for subject 50388 at regions/50388_timeseries.txt. Skipping.
Warning: Invalid shape (296, 169) or empty file for subject 50390 at regions/50390_timeseries.txt. Skipping.
Warning: Invalid shape (296, 169) or empty file for subject 50391 at regions/50391_timeseries.txt. Skipping.
Warning: Invalid shape (296, 169) or empty file for subject 50397 at regions/50397_timeseries.txt. Skipping.
Warning: Invalid shape (296, 169) or empty file for subject 50399 at regions/50399_timeseries.txt. Skipping.
Warning: Invalid shape (296, 169) or empty file for subject 50402 at regions/50402_timeseries.txt. Skipping.
Warning: Invalid shape (296, 169) or empty file for subject 50403 at regions/50403_timeseries.txt. Skipping.
Warning: Invalid shape (296, 169) or empty file for subject 50404 at regions/50404_timeseries.txt. Skipping.
Warning: Invalid shape (296, 169) or empty file for subject 50405 at regions/50405_timeseries.txt. Skipping.
Warning: Invalid shape (296, 169) or empty file for subject 50406 at regions/50406_timeseries.txt. Skipping.
Warning: Invalid shape (296, 169) or empty file for subject 50407 at regions/50407_timeseries.txt. Skipping.
Warning: Invalid shape (296, 169) or empty file for subject 50408 at regions/50408_timeseries.txt. Skipping.
Warning: Invalid shape (296, 169) or empty file for subject 50410 at regions/50410_timeseries.txt. Skipping.
Warning: Invalid shape (296, 169) or empty file for subject 50411 at regions/50411_timeseries.txt. Skipping.
Warning: Invalid shape (296, 169) or empty file for subject 50413 at regions/50413_timeseries.txt. Skipping.
Warning: Invalid shape (296, 169) or empty file for subject 50414 at regions/50414_timeseries.txt. Skipping.
Warning: Invalid shape (296, 169) or empty file for subject 50415 at regions/50415_timeseries.txt. Skipping.
Warning: Invalid shape (296, 169) or empty file for subject 50416 at regions/50416_timeseries.txt. Skipping.
Warning: Invalid shape (296, 169) or empty file for subject 50417 at regions/50417_timeseries.txt. Skipping.
Warning: Invalid shape (296, 169) or empty file for subject 50418 at regions/50418_timeseries.txt. Skipping.
Warning: Invalid shape (296, 169) or empty file for subject 50421 at regions/50421_timeseries.txt. Skipping.
Warning: Invalid shape (296, 169) or empty file for subject 50422 at regions/50422_timeseries.txt. Skipping.
Warning: Invalid shape (296, 169) or empty file for subject 50424 at regions/50424_timeseries.txt. Skipping.
Warning: Invalid shape (296, 169) or empty file for subject 50425 at regions/50425_timeseries.txt. Skipping.
Warning: Invalid shape (296, 169) or empty file for subject 50426 at regions/50426_timeseries.txt. Skipping.
Warning: Invalid shape (296, 169) or empty file for subject 50427 at regions/50427_timeseries.txt. Skipping.
Warning: Invalid shape (296, 169) or empty file for subject 50428 at regions/50428_timeseries.txt. Skipping.
Warning: Invalid shape (236, 169) or empty file for subject 50433 at regions/50433_timeseries.txt. Skipping.
Warning: Invalid shape (236, 169) or empty file for subject 50434 at regions/50434_timeseries.txt. Skipping.
Warning: Invalid shape (236, 169) or empty file for subject 50435 at regions/50435_timeseries.txt. Skipping.
Warning: Invalid shape (236, 169) or empty file for subject 50436 at regions/50436_timeseries.txt. Skipping.
Warning: Invalid shape (236, 169) or empty file for subject 50437 at regions/50437_timeseries.txt. Skipping.
Warning: Invalid shape (236, 169) or empty file for subject 50438 at regions/50438_timeseries.txt. Skipping.
Warning: Invalid shape (236, 169) or empty file for subject 50439 at regions/50439_timeseries.txt. Skipping.
Warning: Invalid shape (236, 169) or empty file for subject 50440 at regions/50440_timeseries.txt. Skipping.
Warning: Invalid shape (236, 169) or empty file for subject 50441 at regions/50441_timeseries.txt. Skipping.
Warning: Invalid shape (236, 169) or empty file for subject 50442 at regions/50442_timeseries.txt. Skipping.
Warning: Invalid shape (236, 169) or empty file for subject 50443 at regions/50443_timeseries.txt. Skipping.
Warning: Invalid shape (236, 169) or empty file for subject 50444 at regions/50444_timeseries.txt. Skipping.
Warning: Invalid shape (236, 169) or empty file for subject 50445 at regions/50445_timeseries.txt. Skipping.
Warning: Invalid shape (236, 169) or empty file for subject 50446 at regions/50446_timeseries.txt. Skipping.
Warning: Invalid shape (236, 169) or empty file for subject 50447 at regions/50447_timeseries.txt. Skipping.
Warning: Invalid shape (236, 169) or empty file for subject 50448 at regions/50448_timeseries.txt. Skipping.
Warning: Invalid shape (236, 169) or empty file for subject 50449 at regions/50449_timeseries.txt. Skipping.
Warning: Invalid shape (236, 169) or empty file for subject 50453 at regions/50453_timeseries.txt. Skipping.
Warning: Invalid shape (236, 169) or empty file for subject 50463 at regions/50463_timeseries.txt. Skipping.
Warning: Invalid shape (236, 169) or empty file for subject 50466 at regions/50466_timeseries.txt. Skipping.
Warning: Invalid shape (236, 169) or empty file for subject 50467 at regions/50467_timeseries.txt. Skipping.
Warning: Invalid shape (236, 169) or empty file for subject 50468 at regions/50468_timeseries.txt. Skipping.
Warning: Invalid shape (236, 169) or empty file for subject 50469 at regions/50469_timeseries.txt. Skipping.
Warning: Invalid shape (236, 169) or empty file for subject 50477 at regions/50477_timeseries.txt. Skipping.
Warning: Invalid shape (236, 169) or empty file for subject 50480 at regions/50480_timeseries.txt. Skipping.
Warning: Invalid shape (236, 169) or empty file for subject 50481 at regions/50481_timeseries.txt. Skipping.
Warning: Invalid shape (236, 169) or empty file for subject 50482 at regions/50482_timeseries.txt. Skipping.
Warning: Invalid shape (236, 169) or empty file for subject 50483 at regions/50483_timeseries.txt. Skipping.
Warning: Invalid shape (236, 169) or empty file for subject 50485 at regions/50485_timeseries.txt. Skipping.
Warning: Invalid shape (236, 169) or empty file for subject 50486 at regions/50486_timeseries.txt. Skipping.
Warning: Invalid shape (236, 169) or empty file for subject 50487 at regions/50487_timeseries.txt. Skipping.
Warning: Invalid shape (236, 169) or empty file for subject 50488 at regions/50488_timeseries.txt. Skipping.
Warning: Invalid shape (236, 169) or empty file for subject 50490 at regions/50490_timeseries.txt. Skipping.
Warning: Invalid shape (236, 169) or empty file for subject 50491 at regions/50491_timeseries.txt. Skipping.
Warning: Invalid shape (236, 169) or empty file for subject 50493 at regions/50493_timeseries.txt. Skipping.
Warning: Invalid shape (236, 169) or empty file for subject 50494 at regions/50494_timeseries.txt. Skipping.
Warning: Invalid shape (236, 169) or empty file for subject 50496 at regions/50496_timeseries.txt. Skipping.
Warning: Invalid shape (236, 169) or empty file for subject 50497 at regions/50497_timeseries.txt. Skipping.
Warning: Invalid shape (236, 169) or empty file for subject 50498 at regions/50498_timeseries.txt. Skipping.
Warning: Invalid shape (236, 169) or empty file for subject 50499 at regions/50499_timeseries.txt. Skipping.
Warning: Invalid shape (236, 169) or empty file for subject 50500 at regions/50500_timeseries.txt. Skipping.
Warning: Invalid shape (236, 169) or empty file for subject 50501 at regions/50501_timeseries.txt. Skipping.
Warning: Invalid shape (236, 169) or empty file for subject 50502 at regions/50502_timeseries.txt. Skipping.
Warning: Invalid shape (236, 169) or empty file for subject 50503 at regions/50503_timeseries.txt. Skipping.
Warning: Invalid shape (236, 169) or empty file for subject 50504 at regions/50504_timeseries.txt. Skipping.
Warning: Invalid shape (236, 169) or empty file for subject 50507 at regions/50507_timeseries.txt. Skipping.
Warning: Invalid shape (236, 169) or empty file for subject 50510 at regions/50510_timeseries.txt. Skipping.
Warning: Invalid shape (236, 169) or empty file for subject 50514 at regions/50514_timeseries.txt. Skipping.
Warning: Invalid shape (236, 169) or empty file for subject 50515 at regions/50515_timeseries.txt. Skipping.
Warning: Invalid shape (236, 169) or empty file for subject 50516 at regions/50516_timeseries.txt. Skipping.
Warning: Invalid shape (236, 169) or empty file for subject 50518 at regions/50518_timeseries.txt. Skipping.
Warning: Invalid shape (236, 169) or empty file for subject 50519 at regions/50519_timeseries.txt. Skipping.
Warning: Invalid shape (236, 169) or empty file for subject 50520 at regions/50520_timeseries.txt. Skipping.
Warning: Invalid shape (236, 169) or empty file for subject 50521 at regions/50521_timeseries.txt. Skipping.
Warning: Invalid shape (236, 169) or empty file for subject 50524 at regions/50524_timeseries.txt. Skipping.
Warning: Invalid shape (236, 169) or empty file for subject 50525 at regions/50525_timeseries.txt. Skipping.
Warning: Invalid shape (232, 169) or empty file for subject 50526 at regions/50526_timeseries.txt. Skipping.
Warning: Invalid shape (236, 169) or empty file for subject 50527 at regions/50527_timeseries.txt. Skipping.
Warning: Invalid shape (236, 169) or empty file for subject 50528 at regions/50528_timeseries.txt. Skipping.
Warning: Invalid shape (236, 169) or empty file for subject 50529 at regions/50529_timeseries.txt. Skipping.
Warning: Invalid shape (236, 169) or empty file for subject 50530 at regions/50530_timeseries.txt. Skipping.
Warning: Invalid shape (236, 169) or empty file for subject 50531 at regions/50531_timeseries.txt. Skipping.
Warning: Invalid shape (196, 169) or empty file for subject 50551 at regions/50551_timeseries.txt. Skipping.
Warning: Invalid shape (196, 169) or empty file for subject 50552 at regions/50552_timeseries.txt. Skipping.
Warning: Invalid shape (196, 169) or empty file for subject 50555 at regions/50555_timeseries.txt. Skipping.
Warning: Invalid shape (196, 169) or empty file for subject 50557 at regions/50557_timeseries.txt. Skipping.
Warning: Invalid shape (196, 169) or empty file for subject 50558 at regions/50558_timeseries.txt. Skipping.
Warning: Invalid shape (196, 169) or empty file for subject 50561 at regions/50561_timeseries.txt. Skipping.
Warning: Invalid shape (196, 169) or empty file for subject 50563 at regions/50563_timeseries.txt. Skipping.
Warning: Invalid shape (196, 169) or empty file for subject 50565 at regions/50565_timeseries.txt. Skipping.
Warning: Invalid shape (196, 169) or empty file for subject 50568 at regions/50568_timeseries.txt. Skipping.
Warning: Invalid shape (196, 169) or empty file for subject 50569 at regions/50569_timeseries.txt. Skipping.
Warning: Invalid shape (196, 169) or empty file for subject 50570 at regions/50570_timeseries.txt. Skipping.
Warning: Invalid shape (196, 169) or empty file for subject 50572 at regions/50572_timeseries.txt. Skipping.
Warning: Invalid shape (196, 169) or empty file for subject 50573 at regions/50573_timeseries.txt. Skipping.
Warning: Invalid shape (196, 169) or empty file for subject 50574 at regions/50574_timeseries.txt. Skipping.
Warning: Invalid shape (196, 169) or empty file for subject 50575 at regions/50575_timeseries.txt. Skipping.
Warning: Invalid shape (196, 169) or empty file for subject 50576 at regions/50576_timeseries.txt. Skipping.
Warning: Invalid shape (196, 169) or empty file for subject 50577 at regions/50577_timeseries.txt. Skipping.
Warning: Invalid shape (196, 169) or empty file for subject 50578 at regions/50578_timeseries.txt. Skipping.
Warning: Invalid shape (196, 169) or empty file for subject 50601 at regions/50601_timeseries.txt. Skipping.
Warning: Invalid shape (196, 169) or empty file for subject 50602 at regions/50602_timeseries.txt. Skipping.
Warning: Invalid shape (196, 169) or empty file for subject 50603 at regions/50603_timeseries.txt. Skipping.
Warning: Invalid shape (196, 169) or empty file for subject 50604 at regions/50604_timeseries.txt. Skipping.
Warning: Invalid shape (196, 169) or empty file for subject 50607 at regions/50607_timeseries.txt. Skipping.
Warning: Invalid shape (196, 169) or empty file for subject 50608 at regions/50608_timeseries.txt. Skipping.
Warning: Invalid shape (196, 169) or empty file for subject 50613 at regions/50613_timeseries.txt. Skipping.
Warning: Invalid shape (196, 169) or empty file for subject 50614 at regions/50614_timeseries.txt. Skipping.
Warning: Invalid shape (196, 169) or empty file for subject 50616 at regions/50616_timeseries.txt. Skipping.
Warning: Invalid shape (196, 169) or empty file for subject 50619 at regions/50619_timeseries.txt. Skipping.
Warning: Invalid shape (196, 169) or empty file for subject 50620 at regions/50620_timeseries.txt. Skipping.
Warning: Invalid shape (196, 169) or empty file for subject 50621 at regions/50621_timeseries.txt. Skipping.
Warning: Invalid shape (196, 169) or empty file for subject 50622 at regions/50622_timeseries.txt. Skipping.
Warning: Invalid shape (196, 169) or empty file for subject 50623 at regions/50623_timeseries.txt. Skipping.
Warning: Invalid shape (196, 169) or empty file for subject 50624 at regions/50624_timeseries.txt. Skipping.
Warning: Invalid shape (196, 169) or empty file for subject 50625 at regions/50625_timeseries.txt. Skipping.
Warning: Invalid shape (196, 169) or empty file for subject 50626 at regions/50626_timeseries.txt. Skipping.
Warning: Invalid shape (196, 169) or empty file for subject 50627 at regions/50627_timeseries.txt. Skipping.
Warning: Invalid shape (196, 169) or empty file for subject 50628 at regions/50628_timeseries.txt. Skipping.
Warning: Invalid shape (236, 169) or empty file for subject 50642 at regions/50642_timeseries.txt. Skipping.
Warning: Invalid shape (316, 169) or empty file for subject 50644 at regions/50644_timeseries.txt. Skipping.
Warning: Invalid shape (202, 169) or empty file for subject 50647 at regions/50647_timeseries.txt. Skipping.
Warning: Invalid shape (316, 169) or empty file for subject 50648 at regions/50648_timeseries.txt. Skipping.
Warning: Invalid shape (236, 169) or empty file for subject 50649 at regions/50649_timeseries.txt. Skipping.
Warning: Invalid shape (236, 169) or empty file for subject 50654 at regions/50654_timeseries.txt. Skipping.
Warning: Invalid shape (236, 169) or empty file for subject 50656 at regions/50656_timeseries.txt. Skipping.
Warning: Invalid shape (236, 169) or empty file for subject 50659 at regions/50659_timeseries.txt. Skipping.
Warning: Invalid shape (236, 169) or empty file for subject 50665 at regions/50665_timeseries.txt. Skipping.
Warning: Invalid shape (316, 169) or empty file for subject 50669 at regions/50669_timeseries.txt. Skipping.
Warning: Invalid shape (246, 169) or empty file for subject 50682 at regions/50682_timeseries.txt. Skipping.
Warning: Invalid shape (246, 169) or empty file for subject 50683 at regions/50683_timeseries.txt. Skipping.
Warning: Invalid shape (246, 169) or empty file for subject 50685 at regions/50685_timeseries.txt. Skipping.
Warning: Invalid shape (246, 169) or empty file for subject 50687 at regions/50687_timeseries.txt. Skipping.
Warning: Invalid shape (246, 169) or empty file for subject 50688 at regions/50688_timeseries.txt. Skipping.
Warning: Invalid shape (246, 169) or empty file for subject 50689 at regions/50689_timeseries.txt. Skipping.
Warning: Invalid shape (246, 169) or empty file for subject 50690 at regions/50690_timeseries.txt. Skipping.
Warning: Invalid shape (246, 169) or empty file for subject 50691 at regions/50691_timeseries.txt. Skipping.
Warning: Invalid shape (246, 169) or empty file for subject 50692 at regions/50692_timeseries.txt. Skipping.
Warning: Invalid shape (246, 169) or empty file for subject 50693 at regions/50693_timeseries.txt. Skipping.
Warning: Invalid shape (246, 169) or empty file for subject 50694 at regions/50694_timeseries.txt. Skipping.
Warning: Invalid shape (246, 169) or empty file for subject 50695 at regions/50695_timeseries.txt. Skipping.
Warning: Invalid shape (246, 169) or empty file for subject 50696 at regions/50696_timeseries.txt. Skipping.
Warning: Invalid shape (246, 169) or empty file for subject 50697 at regions/50697_timeseries.txt. Skipping.
Warning: Invalid shape (246, 169) or empty file for subject 50698 at regions/50698_timeseries.txt. Skipping.
Warning: Invalid shape (246, 169) or empty file for subject 50699 at regions/50699_timeseries.txt. Skipping.
Warning: Invalid shape (246, 169) or empty file for subject 50700 at regions/50700_timeseries.txt. Skipping.
Warning: Invalid shape (246, 169) or empty file for subject 50702 at regions/50702_timeseries.txt. Skipping.
Warning: Invalid shape (246, 169) or empty file for subject 50703 at regions/50703_timeseries.txt. Skipping.
Warning: Invalid shape (246, 169) or empty file for subject 50704 at regions/50704_timeseries.txt. Skipping.
Warning: Invalid shape (246, 169) or empty file for subject 50705 at regions/50705_timeseries.txt. Skipping.
Warning: Invalid shape (246, 169) or empty file for subject 50706 at regions/50706_timeseries.txt. Skipping.
Warning: Invalid shape (246, 169) or empty file for subject 50707 at regions/50707_timeseries.txt. Skipping.
Warning: Invalid shape (246, 169) or empty file for subject 50708 at regions/50708_timeseries.txt. Skipping.
Warning: Invalid shape (246, 169) or empty file for subject 50709 at regions/50709_timeseries.txt. Skipping.
Warning: Invalid shape (246, 169) or empty file for subject 50711 at regions/50711_timeseries.txt. Skipping.
Warning: Invalid shape (246, 169) or empty file for subject 50722 at regions/50722_timeseries.txt. Skipping.
Warning: Invalid shape (246, 169) or empty file for subject 50724 at regions/50724_timeseries.txt. Skipping.
Warning: Invalid shape (246, 169) or empty file for subject 50725 at regions/50725_timeseries.txt. Skipping.
Warning: Invalid shape (246, 169) or empty file for subject 50726 at regions/50726_timeseries.txt. Skipping.
Warning: Invalid shape (246, 169) or empty file for subject 50728 at regions/50728_timeseries.txt. Skipping.
Warning: Invalid shape (246, 169) or empty file for subject 50731 at regions/50731_timeseries.txt. Skipping.
Warning: Invalid shape (246, 169) or empty file for subject 50733 at regions/50733_timeseries.txt. Skipping.
Warning: Invalid shape (246, 169) or empty file for subject 50735 at regions/50735_timeseries.txt. Skipping.
Warning: Invalid shape (246, 169) or empty file for subject 50737 at regions/50737_timeseries.txt. Skipping.
Warning: Invalid shape (246, 169) or empty file for subject 50738 at regions/50738_timeseries.txt. Skipping.
Warning: Invalid shape (246, 169) or empty file for subject 50739 at regions/50739_timeseries.txt. Skipping.
Warning: Invalid shape (246, 169) or empty file for subject 50740 at regions/50740_timeseries.txt. Skipping.
Warning: Invalid shape (246, 169) or empty file for subject 50741 at regions/50741_timeseries.txt. Skipping.
Warning: Invalid shape (246, 169) or empty file for subject 50742 at regions/50742_timeseries.txt. Skipping.
Warning: Invalid shape (246, 169) or empty file for subject 50743 at regions/50743_timeseries.txt. Skipping.
Warning: Invalid shape (246, 169) or empty file for subject 50744 at regions/50744_timeseries.txt. Skipping.
Warning: Invalid shape (246, 169) or empty file for subject 50745 at regions/50745_timeseries.txt. Skipping.
Warning: Invalid shape (246, 169) or empty file for subject 50748 at regions/50748_timeseries.txt. Skipping.
Warning: Invalid shape (246, 169) or empty file for subject 50750 at regions/50750_timeseries.txt. Skipping.
Warning: Invalid shape (246, 169) or empty file for subject 50751 at regions/50751_timeseries.txt. Skipping.
Warning: Invalid shape (246, 169) or empty file for subject 50752 at regions/50752_timeseries.txt. Skipping.
Warning: Invalid shape (246, 169) or empty file for subject 50755 at regions/50755_timeseries.txt. Skipping.
Warning: Invalid shape (246, 169) or empty file for subject 50756 at regions/50756_timeseries.txt. Skipping.
Warning: Invalid shape (246, 169) or empty file for subject 50757 at regions/50757_timeseries.txt. Skipping.
Warning: Invalid shape (152, 169) or empty file for subject 50772 at regions/50772_timeseries.txt. Skipping.
Warning: Invalid shape (152, 169) or empty file for subject 50773 at regions/50773_timeseries.txt. Skipping.
Warning: Invalid shape (152, 169) or empty file for subject 50774 at regions/50774_timeseries.txt. Skipping.
Warning: Invalid shape (152, 169) or empty file for subject 50775 at regions/50775_timeseries.txt. Skipping.
Warning: Invalid shape (152, 169) or empty file for subject 50776 at regions/50776_timeseries.txt. Skipping.
Warning: Invalid shape (152, 169) or empty file for subject 50777 at regions/50777_timeseries.txt. Skipping.
Warning: Invalid shape (152, 169) or empty file for subject 50778 at regions/50778_timeseries.txt. Skipping.
Warning: Invalid shape (152, 169) or empty file for subject 50780 at regions/50780_timeseries.txt. Skipping.
Warning: Invalid shape (152, 169) or empty file for subject 50781 at regions/50781_timeseries.txt. Skipping.
Warning: Invalid shape (152, 169) or empty file for subject 50782 at regions/50782_timeseries.txt. Skipping.
Warning: Invalid shape (152, 169) or empty file for subject 50783 at regions/50783_timeseries.txt. Skipping.
Warning: Invalid shape (152, 169) or empty file for subject 50786 at regions/50786_timeseries.txt. Skipping.
Warning: Invalid shape (152, 169) or empty file for subject 50790 at regions/50790_timeseries.txt. Skipping.
Warning: Invalid shape (124, 169) or empty file for subject 50791 at regions/50791_timeseries.txt. Skipping.
Warning: Invalid shape (124, 169) or empty file for subject 50792 at regions/50792_timeseries.txt. Skipping.
Warning: Invalid shape (152, 169) or empty file for subject 50796 at regions/50796_timeseries.txt. Skipping.
Warning: Invalid shape (152, 169) or empty file for subject 50797 at regions/50797_timeseries.txt. Skipping.
Warning: Invalid shape (152, 169) or empty file for subject 50798 at regions/50798_timeseries.txt. Skipping.
Warning: Invalid shape (152, 169) or empty file for subject 50799 at regions/50799_timeseries.txt. Skipping.
Warning: Invalid shape (152, 169) or empty file for subject 50800 at regions/50800_timeseries.txt. Skipping.
Warning: Invalid shape (152, 169) or empty file for subject 50801 at regions/50801_timeseries.txt. Skipping.
Warning: Invalid shape (152, 169) or empty file for subject 50803 at regions/50803_timeseries.txt. Skipping.
Warning: Invalid shape (152, 169) or empty file for subject 50807 at regions/50807_timeseries.txt. Skipping.
Warning: Invalid shape (152, 169) or empty file for subject 50812 at regions/50812_timeseries.txt. Skipping.
Warning: Invalid shape (152, 169) or empty file for subject 50814 at regions/50814_timeseries.txt. Skipping.
Warning: Invalid shape (124, 169) or empty file for subject 50816 at regions/50816_timeseries.txt. Skipping.
Warning: Invalid shape (124, 169) or empty file for subject 50817 at regions/50817_timeseries.txt. Skipping.
Warning: Invalid shape (152, 169) or empty file for subject 50818 at regions/50818_timeseries.txt. Skipping.
Warning: Invalid shape (152, 169) or empty file for subject 50820 at regions/50820_timeseries.txt. Skipping.
Warning: Invalid shape (152, 169) or empty file for subject 50821 at regions/50821_timeseries.txt. Skipping.
Warning: Invalid shape (152, 169) or empty file for subject 50823 at regions/50823_timeseries.txt. Skipping.
Warning: Invalid shape (176, 169) or empty file for subject 50952 at regions/50952_timeseries.txt. Skipping.
Warning: Invalid shape (176, 169) or empty file for subject 50954 at regions/50954_timeseries.txt. Skipping.
Warning: Invalid shape (176, 169) or empty file for subject 50955 at regions/50955_timeseries.txt. Skipping.
Warning: Invalid shape (176, 169) or empty file for subject 50957 at regions/50957_timeseries.txt. Skipping.
Warning: Invalid shape (176, 169) or empty file for subject 50958 at regions/50958_timeseries.txt. Skipping.
Warning: Invalid shape (176, 169) or empty file for subject 50959 at regions/50959_timeseries.txt. Skipping.
Warning: Invalid shape (176, 169) or empty file for subject 50960 at regions/50960_timeseries.txt. Skipping.
Warning: Invalid shape (176, 169) or empty file for subject 50961 at regions/50961_timeseries.txt. Skipping.
Warning: Invalid shape (176, 169) or empty file for subject 50962 at regions/50962_timeseries.txt. Skipping.
Warning: Invalid shape (176, 169) or empty file for subject 50964 at regions/50964_timeseries.txt. Skipping.
Warning: Invalid shape (176, 169) or empty file for subject 50965 at regions/50965_timeseries.txt. Skipping.
Warning: Invalid shape (176, 169) or empty file for subject 50966 at regions/50966_timeseries.txt. Skipping.
Warning: Invalid shape (176, 169) or empty file for subject 50967 at regions/50967_timeseries.txt. Skipping.
Warning: Invalid shape (176, 169) or empty file for subject 50969 at regions/50969_timeseries.txt. Skipping.
Warning: Invalid shape (176, 169) or empty file for subject 50972 at regions/50972_timeseries.txt. Skipping.
Warning: Invalid shape (176, 169) or empty file for subject 50973 at regions/50973_timeseries.txt. Skipping.
Warning: Invalid shape (176, 169) or empty file for subject 50974 at regions/50974_timeseries.txt. Skipping.
Warning: Invalid shape (176, 169) or empty file for subject 50976 at regions/50976_timeseries.txt. Skipping.
Warning: Invalid shape (176, 169) or empty file for subject 50977 at regions/50977_timeseries.txt. Skipping.
Warning: Invalid shape (176, 169) or empty file for subject 50978 at regions/50978_timeseries.txt. Skipping.
Warning: Invalid shape (176, 169) or empty file for subject 50979 at regions/50979_timeseries.txt. Skipping.
Warning: Invalid shape (176, 169) or empty file for subject 50981 at regions/50981_timeseries.txt. Skipping.
Warning: Invalid shape (176, 169) or empty file for subject 50982 at regions/50982_timeseries.txt. Skipping.
Warning: Invalid shape (176, 169) or empty file for subject 50984 at regions/50984_timeseries.txt. Skipping.
Warning: Invalid shape (176, 169) or empty file for subject 50985 at regions/50985_timeseries.txt. Skipping.
Warning: Invalid shape (176, 169) or empty file for subject 50986 at regions/50986_timeseries.txt. Skipping.
Warning: Invalid shape (176, 169) or empty file for subject 50987 at regions/50987_timeseries.txt. Skipping.
Warning: Invalid shape (176, 169) or empty file for subject 50988 at regions/50988_timeseries.txt. Skipping.
Warning: Invalid shape (176, 169) or empty file for subject 50989 at regions/50989_timeseries.txt. Skipping.
Warning: Invalid shape (176, 169) or empty file for subject 50990 at regions/50990_timeseries.txt. Skipping.
Warning: Invalid shape (176, 169) or empty file for subject 50991 at regions/50991_timeseries.txt. Skipping.
Warning: Invalid shape (176, 169) or empty file for subject 50992 at regions/50992_timeseries.txt. Skipping.
Warning: Invalid shape (176, 169) or empty file for subject 50993 at regions/50993_timeseries.txt. Skipping.
Warning: Invalid shape (176, 169) or empty file for subject 50994 at regions/50994_timeseries.txt. Skipping.
Warning: Invalid shape (176, 169) or empty file for subject 50996 at regions/50996_timeseries.txt. Skipping.
Warning: Invalid shape (176, 169) or empty file for subject 50997 at regions/50997_timeseries.txt. Skipping.
Warning: Invalid shape (176, 169) or empty file for subject 50999 at regions/50999_timeseries.txt. Skipping.
Warning: Invalid shape (176, 169) or empty file for subject 51000 at regions/51000_timeseries.txt. Skipping.
Warning: Invalid shape (176, 169) or empty file for subject 51001 at regions/51001_timeseries.txt. Skipping.
Warning: Invalid shape (176, 169) or empty file for subject 51002 at regions/51002_timeseries.txt. Skipping.
Warning: Invalid shape (176, 169) or empty file for subject 51003 at regions/51003_timeseries.txt. Skipping.
Warning: Invalid shape (176, 169) or empty file for subject 51006 at regions/51006_timeseries.txt. Skipping.
Warning: Invalid shape (176, 169) or empty file for subject 51007 at regions/51007_timeseries.txt. Skipping.
Warning: Invalid shape (176, 169) or empty file for subject 51008 at regions/51008_timeseries.txt. Skipping.
Warning: Invalid shape (176, 169) or empty file for subject 51009 at regions/51009_timeseries.txt. Skipping.
Warning: Invalid shape (176, 169) or empty file for subject 51010 at regions/51010_timeseries.txt. Skipping.
Warning: Invalid shape (176, 169) or empty file for subject 51011 at regions/51011_timeseries.txt. Skipping.
Warning: Invalid shape (176, 169) or empty file for subject 51013 at regions/51013_timeseries.txt. Skipping.
Warning: Invalid shape (176, 169) or empty file for subject 51014 at regions/51014_timeseries.txt. Skipping.
Warning: Invalid shape (176, 169) or empty file for subject 51015 at regions/51015_timeseries.txt. Skipping.
Warning: Invalid shape (176, 169) or empty file for subject 51016 at regions/51016_timeseries.txt. Skipping.
Warning: Invalid shape (176, 169) or empty file for subject 51018 at regions/51018_timeseries.txt. Skipping.
Warning: Invalid shape (176, 169) or empty file for subject 51019 at regions/51019_timeseries.txt. Skipping.
Warning: Invalid shape (176, 169) or empty file for subject 51020 at regions/51020_timeseries.txt. Skipping.
Warning: Invalid shape (176, 169) or empty file for subject 51021 at regions/51021_timeseries.txt. Skipping.
Warning: Invalid shape (176, 169) or empty file for subject 51023 at regions/51023_timeseries.txt. Skipping.
Warning: Invalid shape (176, 169) or empty file for subject 51024 at regions/51024_timeseries.txt. Skipping.
Warning: Invalid shape (176, 169) or empty file for subject 51025 at regions/51025_timeseries.txt. Skipping.
Warning: Invalid shape (176, 169) or empty file for subject 51026 at regions/51026_timeseries.txt. Skipping.
Warning: Invalid shape (176, 169) or empty file for subject 51027 at regions/51027_timeseries.txt. Skipping.
Warning: Invalid shape (176, 169) or empty file for subject 51028 at regions/51028_timeseries.txt. Skipping.
Warning: Invalid shape (176, 169) or empty file for subject 51029 at regions/51029_timeseries.txt. Skipping.
Warning: Invalid shape (176, 169) or empty file for subject 51030 at regions/51030_timeseries.txt. Skipping.
Warning: Invalid shape (176, 169) or empty file for subject 51032 at regions/51032_timeseries.txt. Skipping.
Warning: Invalid shape (176, 169) or empty file for subject 51033 at regions/51033_timeseries.txt. Skipping.
Warning: Invalid shape (176, 169) or empty file for subject 51034 at regions/51034_timeseries.txt. Skipping.
Warning: Invalid shape (176, 169) or empty file for subject 51035 at regions/51035_timeseries.txt. Skipping.
Warning: Invalid shape (176, 169) or empty file for subject 51038 at regions/51038_timeseries.txt. Skipping.
Warning: Invalid shape (176, 169) or empty file for subject 51039 at regions/51039_timeseries.txt. Skipping.
Warning: Invalid shape (176, 169) or empty file for subject 51040 at regions/51040_timeseries.txt. Skipping.
Warning: Invalid shape (176, 169) or empty file for subject 51042 at regions/51042_timeseries.txt. Skipping.
Warning: Invalid shape (176, 169) or empty file for subject 51044 at regions/51044_timeseries.txt. Skipping.
Warning: Invalid shape (176, 169) or empty file for subject 51045 at regions/51045_timeseries.txt. Skipping.
Warning: Invalid shape (176, 169) or empty file for subject 51046 at regions/51046_timeseries.txt. Skipping.
Warning: Invalid shape (176, 169) or empty file for subject 51047 at regions/51047_timeseries.txt. Skipping.
Warning: Invalid shape (176, 169) or empty file for subject 51048 at regions/51048_timeseries.txt. Skipping.
Warning: Invalid shape (176, 169) or empty file for subject 51049 at regions/51049_timeseries.txt. Skipping.
Warning: Invalid shape (176, 169) or empty file for subject 51050 at regions/51050_timeseries.txt. Skipping.
Warning: Invalid shape (176, 169) or empty file for subject 51051 at regions/51051_timeseries.txt. Skipping.
Warning: Invalid shape (176, 169) or empty file for subject 51052 at regions/51052_timeseries.txt. Skipping.
Warning: Invalid shape (176, 169) or empty file for subject 51053 at regions/51053_timeseries.txt. Skipping.
Warning: Invalid shape (176, 169) or empty file for subject 51054 at regions/51054_timeseries.txt. Skipping.
Warning: Invalid shape (176, 169) or empty file for subject 51055 at regions/51055_timeseries.txt. Skipping.
Warning: Invalid shape (176, 169) or empty file for subject 51056 at regions/51056_timeseries.txt. Skipping.
Warning: Invalid shape (176, 169) or empty file for subject 51057 at regions/51057_timeseries.txt. Skipping.
Warning: Invalid shape (176, 169) or empty file for subject 51058 at regions/51058_timeseries.txt. Skipping.
Warning: Invalid shape (176, 169) or empty file for subject 51059 at regions/51059_timeseries.txt. Skipping.
Warning: Invalid shape (176, 169) or empty file for subject 51060 at regions/51060_timeseries.txt. Skipping.
Warning: Invalid shape (176, 169) or empty file for subject 51061 at regions/51061_timeseries.txt. Skipping.
Warning: Invalid shape (176, 169) or empty file for subject 51062 at regions/51062_timeseries.txt. Skipping.
Warning: Invalid shape (176, 169) or empty file for subject 51063 at regions/51063_timeseries.txt. Skipping.
Warning: Invalid shape (176, 169) or empty file for subject 51065 at regions/51065_timeseries.txt. Skipping.
Warning: Invalid shape (176, 169) or empty file for subject 51066 at regions/51066_timeseries.txt. Skipping.
Warning: Invalid shape (176, 169) or empty file for subject 51067 at regions/51067_timeseries.txt. Skipping.
Warning: Invalid shape (176, 169) or empty file for subject 51068 at regions/51068_timeseries.txt. Skipping.
Warning: Invalid shape (176, 169) or empty file for subject 51069 at regions/51069_timeseries.txt. Skipping.
Warning: Invalid shape (176, 169) or empty file for subject 51072 at regions/51072_timeseries.txt. Skipping.
Warning: Invalid shape (176, 169) or empty file for subject 51073 at regions/51073_timeseries.txt. Skipping.
Warning: Invalid shape (176, 169) or empty file for subject 51074 at regions/51074_timeseries.txt. Skipping.
Warning: Invalid shape (176, 169) or empty file for subject 51075 at regions/51075_timeseries.txt. Skipping.
Warning: Invalid shape (176, 169) or empty file for subject 51076 at regions/51076_timeseries.txt. Skipping.
Warning: Invalid shape (176, 169) or empty file for subject 51077 at regions/51077_timeseries.txt. Skipping.
Warning: Invalid shape (176, 169) or empty file for subject 51078 at regions/51078_timeseries.txt. Skipping.
Warning: Invalid shape (176, 169) or empty file for subject 51079 at regions/51079_timeseries.txt. Skipping.
Warning: Invalid shape (176, 169) or empty file for subject 51080 at regions/51080_timeseries.txt. Skipping.
Warning: Invalid shape (176, 169) or empty file for subject 51081 at regions/51081_timeseries.txt. Skipping.
Warning: Invalid shape (176, 169) or empty file for subject 51082 at regions/51082_timeseries.txt. Skipping.
Warning: Invalid shape (176, 169) or empty file for subject 51083 at regions/51083_timeseries.txt. Skipping.
Warning: Invalid shape (176, 169) or empty file for subject 51084 at regions/51084_timeseries.txt. Skipping.
Warning: Invalid shape (176, 169) or empty file for subject 51085 at regions/51085_timeseries.txt. Skipping.
Warning: Invalid shape (176, 169) or empty file for subject 51086 at regions/51086_timeseries.txt. Skipping.
Warning: Invalid shape (176, 169) or empty file for subject 51087 at regions/51087_timeseries.txt. Skipping.
Warning: Invalid shape (176, 169) or empty file for subject 51088 at regions/51088_timeseries.txt. Skipping.
Warning: Invalid shape (176, 169) or empty file for subject 51089 at regions/51089_timeseries.txt. Skipping.
Warning: Invalid shape (176, 169) or empty file for subject 51090 at regions/51090_timeseries.txt. Skipping.
Warning: Invalid shape (176, 169) or empty file for subject 51091 at regions/51091_timeseries.txt. Skipping.
Warning: Invalid shape (176, 169) or empty file for subject 51093 at regions/51093_timeseries.txt. Skipping.
Warning: Invalid shape (176, 169) or empty file for subject 51094 at regions/51094_timeseries.txt. Skipping.
Warning: Invalid shape (176, 169) or empty file for subject 51095 at regions/51095_timeseries.txt. Skipping.
Warning: Invalid shape (176, 169) or empty file for subject 51096 at regions/51096_timeseries.txt. Skipping.
Warning: Invalid shape (176, 169) or empty file for subject 51097 at regions/51097_timeseries.txt. Skipping.
Warning: Invalid shape (176, 169) or empty file for subject 51098 at regions/51098_timeseries.txt. Skipping.
Warning: Invalid shape (176, 169) or empty file for subject 51099 at regions/51099_timeseries.txt. Skipping.
Warning: Invalid shape (176, 169) or empty file for subject 51100 at regions/51100_timeseries.txt. Skipping.
Warning: Invalid shape (176, 169) or empty file for subject 51101 at regions/51101_timeseries.txt. Skipping.
Warning: Invalid shape (176, 169) or empty file for subject 51102 at regions/51102_timeseries.txt. Skipping.
Warning: Invalid shape (176, 169) or empty file for subject 51103 at regions/51103_timeseries.txt. Skipping.
Warning: Invalid shape (176, 169) or empty file for subject 51104 at regions/51104_timeseries.txt. Skipping.
Warning: Invalid shape (176, 169) or empty file for subject 51105 at regions/51105_timeseries.txt. Skipping.
Warning: Invalid shape (176, 169) or empty file for subject 51106 at regions/51106_timeseries.txt. Skipping.
Warning: Invalid shape (176, 169) or empty file for subject 51107 at regions/51107_timeseries.txt. Skipping.
Warning: Invalid shape (176, 169) or empty file for subject 51109 at regions/51109_timeseries.txt. Skipping.
Warning: Invalid shape (176, 169) or empty file for subject 51110 at regions/51110_timeseries.txt. Skipping.
Warning: Invalid shape (176, 169) or empty file for subject 51112 at regions/51112_timeseries.txt. Skipping.
Warning: Invalid shape (176, 169) or empty file for subject 51113 at regions/51113_timeseries.txt. Skipping.
Warning: Invalid shape (176, 169) or empty file for subject 51114 at regions/51114_timeseries.txt. Skipping.
Warning: Invalid shape (176, 169) or empty file for subject 51116 at regions/51116_timeseries.txt. Skipping.
Warning: Invalid shape (176, 169) or empty file for subject 51117 at regions/51117_timeseries.txt. Skipping.
Warning: Invalid shape (176, 169) or empty file for subject 51118 at regions/51118_timeseries.txt. Skipping.
Warning: Invalid shape (176, 169) or empty file for subject 51122 at regions/51122_timeseries.txt. Skipping.
Warning: Invalid shape (176, 169) or empty file for subject 51123 at regions/51123_timeseries.txt. Skipping.
Warning: Invalid shape (176, 169) or empty file for subject 51126 at regions/51126_timeseries.txt. Skipping.
Warning: Invalid shape (176, 169) or empty file for subject 51127 at regions/51127_timeseries.txt. Skipping.
Warning: Invalid shape (176, 169) or empty file for subject 51130 at regions/51130_timeseries.txt. Skipping.
Warning: Invalid shape (146, 169) or empty file for subject 51132 at regions/51132_timeseries.txt. Skipping.
Warning: Invalid shape (146, 169) or empty file for subject 51133 at regions/51133_timeseries.txt. Skipping.
Warning: Invalid shape (146, 169) or empty file for subject 51134 at regions/51134_timeseries.txt. Skipping.
Warning: Invalid shape (146, 169) or empty file for subject 51135 at regions/51135_timeseries.txt. Skipping.
Warning: Invalid shape (146, 169) or empty file for subject 51136 at regions/51136_timeseries.txt. Skipping.
Warning: Invalid shape (146, 169) or empty file for subject 51137 at regions/51137_timeseries.txt. Skipping.
Warning: Invalid shape (146, 169) or empty file for subject 51138 at regions/51138_timeseries.txt. Skipping.
Warning: Invalid shape (146, 169) or empty file for subject 51139 at regions/51139_timeseries.txt. Skipping.
Warning: Invalid shape (146, 169) or empty file for subject 51141 at regions/51141_timeseries.txt. Skipping.
Warning: Invalid shape (146, 169) or empty file for subject 51142 at regions/51142_timeseries.txt. Skipping.
Warning: Invalid shape (176, 169) or empty file for subject 51146 at regions/51146_timeseries.txt. Skipping.
Warning: Invalid shape (176, 169) or empty file for subject 51147 at regions/51147_timeseries.txt. Skipping.
Warning: Invalid shape (176, 169) or empty file for subject 51148 at regions/51148_timeseries.txt. Skipping.
Warning: Invalid shape (176, 169) or empty file for subject 51149 at regions/51149_timeseries.txt. Skipping.
Warning: Invalid shape (176, 169) or empty file for subject 51150 at regions/51150_timeseries.txt. Skipping.
Warning: Invalid shape (176, 169) or empty file for subject 51151 at regions/51151_timeseries.txt. Skipping.
Warning: Invalid shape (176, 169) or empty file for subject 51152 at regions/51152_timeseries.txt. Skipping.
Warning: Invalid shape (176, 169) or empty file for subject 51154 at regions/51154_timeseries.txt. Skipping.
Warning: Invalid shape (176, 169) or empty file for subject 51155 at regions/51155_timeseries.txt. Skipping.
Warning: Invalid shape (176, 169) or empty file for subject 51156 at regions/51156_timeseries.txt. Skipping.
Warning: Invalid shape (176, 169) or empty file for subject 51159 at regions/51159_timeseries.txt. Skipping.
Warning: Invalid shape (176, 169) or empty file for subject 51161 at regions/51161_timeseries.txt. Skipping.
Warning: Invalid shape (176, 169) or empty file for subject 51162 at regions/51162_timeseries.txt. Skipping.
Warning: Invalid shape (176, 169) or empty file for subject 51163 at regions/51163_timeseries.txt. Skipping.
Warning: Invalid shape (176, 169) or empty file for subject 51164 at regions/51164_timeseries.txt. Skipping.
Warning: Invalid shape (176, 169) or empty file for subject 51168 at regions/51168_timeseries.txt. Skipping.
Warning: Invalid shape (176, 169) or empty file for subject 51169 at regions/51169_timeseries.txt. Skipping.
Warning: Invalid shape (176, 169) or empty file for subject 51170 at regions/51170_timeseries.txt. Skipping.
Warning: Invalid shape (176, 169) or empty file for subject 51171 at regions/51171_timeseries.txt. Skipping.
Warning: Invalid shape (176, 169) or empty file for subject 51173 at regions/51173_timeseries.txt. Skipping.
Warning: Invalid shape (176, 169) or empty file for subject 51177 at regions/51177_timeseries.txt. Skipping.
Warning: Invalid shape (176, 169) or empty file for subject 51178 at regions/51178_timeseries.txt. Skipping.
Warning: Invalid shape (176, 169) or empty file for subject 51179 at regions/51179_timeseries.txt. Skipping.
Warning: Invalid shape (236, 169) or empty file for subject 51180 at regions/51180_timeseries.txt. Skipping.
Warning: Invalid shape (236, 169) or empty file for subject 51181 at regions/51181_timeseries.txt. Skipping.
Warning: Invalid shape (236, 169) or empty file for subject 51182 at regions/51182_timeseries.txt. Skipping.
Warning: Invalid shape (236, 169) or empty file for subject 51183 at regions/51183_timeseries.txt. Skipping.
Warning: Invalid shape (236, 169) or empty file for subject 51184 at regions/51184_timeseries.txt. Skipping.
Warning: Invalid shape (236, 169) or empty file for subject 51185 at regions/51185_timeseries.txt. Skipping.
Warning: Invalid shape (236, 169) or empty file for subject 51187 at regions/51187_timeseries.txt. Skipping.
Warning: Invalid shape (236, 169) or empty file for subject 51188 at regions/51188_timeseries.txt. Skipping.
Warning: Invalid shape (236, 169) or empty file for subject 51189 at regions/51189_timeseries.txt. Skipping.
Warning: Invalid shape (236, 169) or empty file for subject 51192 at regions/51192_timeseries.txt. Skipping.
Warning: Invalid shape (236, 169) or empty file for subject 51194 at regions/51194_timeseries.txt. Skipping.
Warning: Invalid shape (236, 169) or empty file for subject 51197 at regions/51197_timeseries.txt. Skipping.
Warning: Invalid shape (236, 169) or empty file for subject 51198 at regions/51198_timeseries.txt. Skipping.
Warning: Invalid shape (116, 169) or empty file for subject 51201 at regions/51201_timeseries.txt. Skipping.
Warning: Invalid shape (116, 169) or empty file for subject 51202 at regions/51202_timeseries.txt. Skipping.
Warning: Invalid shape (116, 169) or empty file for subject 51203 at regions/51203_timeseries.txt. Skipping.
Warning: Invalid shape (116, 169) or empty file for subject 51204 at regions/51204_timeseries.txt. Skipping.
Warning: Invalid shape (116, 169) or empty file for subject 51205 at regions/51205_timeseries.txt. Skipping.
Warning: Invalid shape (116, 169) or empty file for subject 51206 at regions/51206_timeseries.txt. Skipping.
Warning: Invalid shape (116, 169) or empty file for subject 51207 at regions/51207_timeseries.txt. Skipping.
Warning: Invalid shape (116, 169) or empty file for subject 51208 at regions/51208_timeseries.txt. Skipping.
Warning: Invalid shape (116, 169) or empty file for subject 51210 at regions/51210_timeseries.txt. Skipping.
Warning: Invalid shape (116, 169) or empty file for subject 51211 at regions/51211_timeseries.txt. Skipping.
Warning: Invalid shape (116, 169) or empty file for subject 51212 at regions/51212_timeseries.txt. Skipping.
Warning: Invalid shape (116, 169) or empty file for subject 51214 at regions/51214_timeseries.txt. Skipping.
Warning: Invalid shape (116, 169) or empty file for subject 51215 at regions/51215_timeseries.txt. Skipping.
Warning: Invalid shape (116, 169) or empty file for subject 51216 at regions/51216_timeseries.txt. Skipping.
Warning: Invalid shape (116, 169) or empty file for subject 51217 at regions/51217_timeseries.txt. Skipping.
Warning: Invalid shape (116, 169) or empty file for subject 51218 at regions/51218_timeseries.txt. Skipping.
Warning: Invalid shape (116, 169) or empty file for subject 51219 at regions/51219_timeseries.txt. Skipping.
Warning: Invalid shape (116, 169) or empty file for subject 51220 at regions/51220_timeseries.txt. Skipping.
Warning: Invalid shape (116, 169) or empty file for subject 51222 at regions/51222_timeseries.txt. Skipping.
Warning: Invalid shape (116, 169) or empty file for subject 51223 at regions/51223_timeseries.txt. Skipping.
Warning: Invalid shape (116, 169) or empty file for subject 51224 at regions/51224_timeseries.txt. Skipping.
Warning: Invalid shape (116, 169) or empty file for subject 51225 at regions/51225_timeseries.txt. Skipping.
Warning: Invalid shape (116, 169) or empty file for subject 51226 at regions/51226_timeseries.txt. Skipping.
Warning: Invalid shape (116, 169) or empty file for subject 51228 at regions/51228_timeseries.txt. Skipping.
Warning: Invalid shape (116, 169) or empty file for subject 51229 at regions/51229_timeseries.txt. Skipping.
Warning: Invalid shape (116, 169) or empty file for subject 51231 at regions/51231_timeseries.txt. Skipping.
Warning: Invalid shape (116, 169) or empty file for subject 51234 at regions/51234_timeseries.txt. Skipping.
Warning: Invalid shape (116, 169) or empty file for subject 51235 at regions/51235_timeseries.txt. Skipping.
Warning: Invalid shape (116, 169) or empty file for subject 51236 at regions/51236_timeseries.txt. Skipping.
Warning: Invalid shape (116, 169) or empty file for subject 51237 at regions/51237_timeseries.txt. Skipping.
Warning: Invalid shape (116, 169) or empty file for subject 51239 at regions/51239_timeseries.txt. Skipping.
Warning: Invalid shape (116, 169) or empty file for subject 51240 at regions/51240_timeseries.txt. Skipping.
Warning: Invalid shape (116, 169) or empty file for subject 51248 at regions/51248_timeseries.txt. Skipping.
Warning: Invalid shape (116, 169) or empty file for subject 51249 at regions/51249_timeseries.txt. Skipping.
Warning: Invalid shape (116, 169) or empty file for subject 51250 at regions/51250_timeseries.txt. Skipping.
Warning: Invalid shape (116, 169) or empty file for subject 51251 at regions/51251_timeseries.txt. Skipping.
Warning: Invalid shape (116, 169) or empty file for subject 51252 at regions/51252_timeseries.txt. Skipping.
Warning: Invalid shape (116, 169) or empty file for subject 51253 at regions/51253_timeseries.txt. Skipping.
Warning: Invalid shape (116, 169) or empty file for subject 51254 at regions/51254_timeseries.txt. Skipping.
Warning: Invalid shape (116, 169) or empty file for subject 51255 at regions/51255_timeseries.txt. Skipping.
Warning: Invalid shape (116, 169) or empty file for subject 51256 at regions/51256_timeseries.txt. Skipping.
Warning: Invalid shape (116, 169) or empty file for subject 51257 at regions/51257_timeseries.txt. Skipping.
Warning: Invalid shape (116, 169) or empty file for subject 51260 at regions/51260_timeseries.txt. Skipping.
Warning: Invalid shape (116, 169) or empty file for subject 51261 at regions/51261_timeseries.txt. Skipping.
Warning: Invalid shape (116, 169) or empty file for subject 51262 at regions/51262_timeseries.txt. Skipping.
Warning: Invalid shape (116, 169) or empty file for subject 51264 at regions/51264_timeseries.txt. Skipping.
Warning: Invalid shape (116, 169) or empty file for subject 51265 at regions/51265_timeseries.txt. Skipping.
Warning: Invalid shape (116, 169) or empty file for subject 51266 at regions/51266_timeseries.txt. Skipping.
Warning: Invalid shape (116, 169) or empty file for subject 51268 at regions/51268_timeseries.txt. Skipping.
Warning: Invalid shape (116, 169) or empty file for subject 51269 at regions/51269_timeseries.txt. Skipping.
Warning: Invalid shape (116, 169) or empty file for subject 51271 at regions/51271_timeseries.txt. Skipping.
Warning: Invalid shape (116, 169) or empty file for subject 51272 at regions/51272_timeseries.txt. Skipping.
Warning: Invalid shape (116, 169) or empty file for subject 51273 at regions/51273_timeseries.txt. Skipping.
Warning: Invalid shape (116, 169) or empty file for subject 51276 at regions/51276_timeseries.txt. Skipping.
Warning: Invalid shape (116, 169) or empty file for subject 51277 at regions/51277_timeseries.txt. Skipping.
Warning: Invalid shape (116, 169) or empty file for subject 51278 at regions/51278_timeseries.txt. Skipping.
Warning: Invalid shape (116, 169) or empty file for subject 51279 at regions/51279_timeseries.txt. Skipping.
Warning: Invalid shape (116, 169) or empty file for subject 51280 at regions/51280_timeseries.txt. Skipping.
Warning: Invalid shape (116, 169) or empty file for subject 51281 at regions/51281_timeseries.txt. Skipping.
Warning: Invalid shape (116, 169) or empty file for subject 51291 at regions/51291_timeseries.txt. Skipping.
Warning: Invalid shape (116, 169) or empty file for subject 51292 at regions/51292_timeseries.txt. Skipping.
Warning: Invalid shape (116, 169) or empty file for subject 51293 at regions/51293_timeseries.txt. Skipping.
Warning: Invalid shape (116, 169) or empty file for subject 51294 at regions/51294_timeseries.txt. Skipping.
Warning: Invalid shape (116, 169) or empty file for subject 51295 at regions/51295_timeseries.txt. Skipping.
Warning: Invalid shape (116, 169) or empty file for subject 51297 at regions/51297_timeseries.txt. Skipping.
Warning: Invalid shape (116, 169) or empty file for subject 51298 at regions/51298_timeseries.txt. Skipping.
Warning: Invalid shape (116, 169) or empty file for subject 51299 at regions/51299_timeseries.txt. Skipping.
Warning: Invalid shape (116, 169) or empty file for subject 51300 at regions/51300_timeseries.txt. Skipping.
Warning: Invalid shape (116, 169) or empty file for subject 51301 at regions/51301_timeseries.txt. Skipping.
Warning: Invalid shape (116, 169) or empty file for subject 51302 at regions/51302_timeseries.txt. Skipping.
Warning: Invalid shape (116, 169) or empty file for subject 51303 at regions/51303_timeseries.txt. Skipping.
Warning: Invalid shape (116, 169) or empty file for subject 51304 at regions/51304_timeseries.txt. Skipping.
Warning: Invalid shape (116, 169) or empty file for subject 51305 at regions/51305_timeseries.txt. Skipping.
Warning: Invalid shape (116, 169) or empty file for subject 51306 at regions/51306_timeseries.txt. Skipping.
Warning: Invalid shape (116, 169) or empty file for subject 51307 at regions/51307_timeseries.txt. Skipping.
Warning: Invalid shape (116, 169) or empty file for subject 51308 at regions/51308_timeseries.txt. Skipping.
Warning: Invalid shape (116, 169) or empty file for subject 51309 at regions/51309_timeseries.txt. Skipping.
Warning: Invalid shape (116, 169) or empty file for subject 51311 at regions/51311_timeseries.txt. Skipping.
Warning: Invalid shape (116, 169) or empty file for subject 51313 at regions/51313_timeseries.txt. Skipping.
Warning: Invalid shape (116, 169) or empty file for subject 51315 at regions/51315_timeseries.txt. Skipping.
Warning: Invalid shape (116, 169) or empty file for subject 51318 at regions/51318_timeseries.txt. Skipping.
Warning: Invalid shape (116, 169) or empty file for subject 51319 at regions/51319_timeseries.txt. Skipping.
Warning: Invalid shape (116, 169) or empty file for subject 51320 at regions/51320_timeseries.txt. Skipping.
Warning: Invalid shape (116, 169) or empty file for subject 51321 at regions/51321_timeseries.txt. Skipping.
Warning: Invalid shape (116, 169) or empty file for subject 51322 at regions/51322_timeseries.txt. Skipping.
Warning: Invalid shape (116, 169) or empty file for subject 51323 at regions/51323_timeseries.txt. Skipping.
Warning: Invalid shape (116, 169) or empty file for subject 51325 at regions/51325_timeseries.txt. Skipping.
Warning: Invalid shape (116, 169) or empty file for subject 51326 at regions/51326_timeseries.txt. Skipping.
Warning: Invalid shape (116, 169) or empty file for subject 51327 at regions/51327_timeseries.txt. Skipping.
Warning: Invalid shape (116, 169) or empty file for subject 51328 at regions/51328_timeseries.txt. Skipping.
Warning: Invalid shape (196, 169) or empty file for subject 51329 at regions/51329_timeseries.txt. Skipping.
Warning: Invalid shape (196, 169) or empty file for subject 51330 at regions/51330_timeseries.txt. Skipping.
Warning: Invalid shape (196, 169) or empty file for subject 51331 at regions/51331_timeseries.txt. Skipping.
Warning: Invalid shape (116, 169) or empty file for subject 51332 at regions/51332_timeseries.txt. Skipping.
Warning: Invalid shape (116, 169) or empty file for subject 51333 at regions/51333_timeseries.txt. Skipping.
Warning: Invalid shape (116, 169) or empty file for subject 51334 at regions/51334_timeseries.txt. Skipping.
Warning: Invalid shape (116, 169) or empty file for subject 51335 at regions/51335_timeseries.txt. Skipping.
Warning: Invalid shape (116, 169) or empty file for subject 51336 at regions/51336_timeseries.txt. Skipping.
Warning: Invalid shape (116, 169) or empty file for subject 51341 at regions/51341_timeseries.txt. Skipping.
Warning: Invalid shape (116, 169) or empty file for subject 51342 at regions/51342_timeseries.txt. Skipping.
Warning: Invalid shape (116, 169) or empty file for subject 51343 at regions/51343_timeseries.txt. Skipping.
Warning: Invalid shape (116, 169) or empty file for subject 51345 at regions/51345_timeseries.txt. Skipping.
Warning: Invalid shape (116, 169) or empty file for subject 51347 at regions/51347_timeseries.txt. Skipping.
Warning: Invalid shape (196, 169) or empty file for subject 51349 at regions/51349_timeseries.txt. Skipping.
Warning: Invalid shape (196, 169) or empty file for subject 51350 at regions/51350_timeseries.txt. Skipping.
Warning: Invalid shape (196, 169) or empty file for subject 51351 at regions/51351_timeseries.txt. Skipping.
Warning: Invalid shape (196, 169) or empty file for subject 51354 at regions/51354_timeseries.txt. Skipping.
Warning: Invalid shape (196, 169) or empty file for subject 51356 at regions/51356_timeseries.txt. Skipping.
Warning: Invalid shape (196, 169) or empty file for subject 51359 at regions/51359_timeseries.txt. Skipping.
Warning: Invalid shape (196, 169) or empty file for subject 51360 at regions/51360_timeseries.txt. Skipping.
Warning: Invalid shape (116, 169) or empty file for subject 51362 at regions/51362_timeseries.txt. Skipping.
Warning: Invalid shape (116, 169) or empty file for subject 51363 at regions/51363_timeseries.txt. Skipping.
Warning: Invalid shape (116, 169) or empty file for subject 51364 at regions/51364_timeseries.txt. Skipping.
Warning: Invalid shape (116, 169) or empty file for subject 51365 at regions/51365_timeseries.txt. Skipping.
Warning: Invalid shape (116, 169) or empty file for subject 51369 at regions/51369_timeseries.txt. Skipping.
Warning: Invalid shape (116, 169) or empty file for subject 51370 at regions/51370_timeseries.txt. Skipping.
Warning: Invalid shape (146, 169) or empty file for subject 51461 at regions/51461_timeseries.txt. Skipping.
Warning: Invalid shape (146, 169) or empty file for subject 51463 at regions/51463_timeseries.txt. Skipping.
Warning: Invalid shape (146, 169) or empty file for subject 51464 at regions/51464_timeseries.txt. Skipping.
Warning: Invalid shape (146, 169) or empty file for subject 51465 at regions/51465_timeseries.txt. Skipping.
Warning: Invalid shape (146, 169) or empty file for subject 51473 at regions/51473_timeseries.txt. Skipping.
Warning: Invalid shape (146, 169) or empty file for subject 51477 at regions/51477_timeseries.txt. Skipping.
Warning: Invalid shape (146, 169) or empty file for subject 51479 at regions/51479_timeseries.txt. Skipping.
Warning: Invalid shape (146, 169) or empty file for subject 51480 at regions/51480_timeseries.txt. Skipping.
Warning: Invalid shape (146, 169) or empty file for subject 51484 at regions/51484_timeseries.txt. Skipping.
Warning: Invalid shape (146, 169) or empty file for subject 51487 at regions/51487_timeseries.txt. Skipping.
Warning: Invalid shape (146, 169) or empty file for subject 51488 at regions/51488_timeseries.txt. Skipping.
Warning: Invalid shape (146, 169) or empty file for subject 51491 at regions/51491_timeseries.txt. Skipping.
Warning: Invalid shape (146, 169) or empty file for subject 51493 at regions/51493_timeseries.txt. Skipping.
Warning: Invalid shape (196, 169) or empty file for subject 51556 at regions/51556_timeseries.txt. Skipping.
Warning: Invalid shape (196, 169) or empty file for subject 51557 at regions/51557_timeseries.txt. Skipping.
Warning: Invalid shape (196, 169) or empty file for subject 51558 at regions/51558_timeseries.txt. Skipping.
Warning: Invalid shape (196, 169) or empty file for subject 51559 at regions/51559_timeseries.txt. Skipping.
Warning: Invalid shape (196, 169) or empty file for subject 51560 at regions/51560_timeseries.txt. Skipping.
Warning: Invalid shape (196, 169) or empty file for subject 51562 at regions/51562_timeseries.txt. Skipping.
Warning: Invalid shape (196, 169) or empty file for subject 51563 at regions/51563_timeseries.txt. Skipping.
Warning: Invalid shape (196, 169) or empty file for subject 51564 at regions/51564_timeseries.txt. Skipping.
Warning: Invalid shape (196, 169) or empty file for subject 51566 at regions/51566_timeseries.txt. Skipping.
Warning: Invalid shape (196, 169) or empty file for subject 51568 at regions/51568_timeseries.txt. Skipping.
Warning: Invalid shape (196, 169) or empty file for subject 51569 at regions/51569_timeseries.txt. Skipping.
Warning: Invalid shape (196, 169) or empty file for subject 51570 at regions/51570_timeseries.txt. Skipping.
Warning: Invalid shape (196, 169) or empty file for subject 51573 at regions/51573_timeseries.txt. Skipping.
Warning: Invalid shape (196, 169) or empty file for subject 51576 at regions/51576_timeseries.txt. Skipping.
Warning: Invalid shape (196, 169) or empty file for subject 51577 at regions/51577_timeseries.txt. Skipping.
Warning: Invalid shape (196, 169) or empty file for subject 51579 at regions/51579_timeseries.txt. Skipping.
Warning: Invalid shape (196, 169) or empty file for subject 51580 at regions/51580_timeseries.txt. Skipping.
Warning: Invalid shape (196, 169) or empty file for subject 51582 at regions/51582_timeseries.txt. Skipping.
Warning: Invalid shape (196, 169) or empty file for subject 51583 at regions/51583_timeseries.txt. Skipping.
Warning: Invalid shape (196, 169) or empty file for subject 51585 at regions/51585_timeseries.txt. Skipping.
Warning: Invalid shape (116, 169) or empty file for subject 51606 at regions/51606_timeseries.txt. Skipping.
Warning: Invalid shape (196, 169) or empty file for subject 50007 at regions/50007_timeseries.txt. Skipping.
Warning: Invalid shape (196, 169) or empty file for subject 50008 at regions/50008_timeseries.txt. Skipping.
Warning: Invalid shape (196, 169) or empty file for subject 50011 at regions/50011_timeseries.txt. Skipping.
Warning: Invalid shape (196, 169) or empty file for subject 50036 at regions/50036_timeseries.txt. Skipping.
Warning: Invalid shape (196, 169) or empty file for subject 50038 at regions/50038_timeseries.txt. Skipping.
Warning: Invalid shape (196, 169) or empty file for subject 50049 at regions/50049_timeseries.txt. Skipping.
Warning: Invalid shape (196, 169) or empty file for subject 50060 at regions/50060_timeseries.txt. Skipping.
Warning: Invalid shape (206, 169) or empty file for subject 50106 at regions/50106_timeseries.txt. Skipping.
Warning: Invalid shape (206, 169) or empty file for subject 50107 at regions/50107_timeseries.txt. Skipping.
Warning: Invalid shape (206, 169) or empty file for subject 50113 at regions/50113_timeseries.txt. Skipping.
Warning: Invalid shape (206, 169) or empty file for subject 50121 at regions/50121_timeseries.txt. Skipping.
Warning: Invalid shape (206, 169) or empty file for subject 50125 at regions/50125_timeseries.txt. Skipping.
Warning: Invalid shape (206, 169) or empty file for subject 50132 at regions/50132_timeseries.txt. Skipping.
Warning: Invalid shape (206, 169) or empty file for subject 50134 at regions/50134_timeseries.txt. Skipping.
Warning: Invalid shape (78, 169) or empty file for subject 50148 at regions/50148_timeseries.txt. Skipping.
Warning: Invalid shape (78, 169) or empty file for subject 50159 at regions/50159_timeseries.txt. Skipping.
Warning: Invalid shape (78, 169) or empty file for subject 50168 at regions/50168_timeseries.txt. Skipping.
Warning: Invalid shape (176, 169) or empty file for subject 50195 at regions/50195_timeseries.txt. Skipping.
Warning: Invalid shape (176, 169) or empty file for subject 50206 at regions/50206_timeseries.txt. Skipping.
Warning: Invalid shape (146, 169) or empty file for subject 50240 at regions/50240_timeseries.txt. Skipping.
Warning: Invalid shape (146, 169) or empty file for subject 50257 at regions/50257_timeseries.txt. Skipping.
Warning: Invalid shape (296, 169) or empty file for subject 50291 at regions/50291_timeseries.txt. Skipping.
Warning: Invalid shape (296, 169) or empty file for subject 50292 at regions/50292_timeseries.txt. Skipping.
Warning: Invalid shape (296, 169) or empty file for subject 50295 at regions/50295_timeseries.txt. Skipping.
Warning: Invalid shape (296, 169) or empty file for subject 50312 at regions/50312_timeseries.txt. Skipping.
Warning: Invalid shape (296, 169) or empty file for subject 50331 at regions/50331_timeseries.txt. Skipping.
Warning: Invalid shape (296, 169) or empty file for subject 50333 at regions/50333_timeseries.txt. Skipping.
Warning: Invalid shape (296, 169) or empty file for subject 50354 at regions/50354_timeseries.txt. Skipping.
Warning: Invalid shape (296, 169) or empty file for subject 50362 at regions/50362_timeseries.txt. Skipping.
Warning: Invalid shape (296, 169) or empty file for subject 50383 at regions/50383_timeseries.txt. Skipping.
Warning: Invalid shape (296, 169) or empty file for subject 50412 at regions/50412_timeseries.txt. Skipping.
Warning: Invalid shape (296, 169) or empty file for subject 50419 at regions/50419_timeseries.txt. Skipping.
Warning: Invalid shape (236, 169) or empty file for subject 50470 at regions/50470_timeseries.txt. Skipping.
Warning: Invalid shape (236, 169) or empty file for subject 50492 at regions/50492_timeseries.txt. Skipping.
Warning: Invalid shape (236, 169) or empty file for subject 50509 at regions/50509_timeseries.txt. Skipping.
Warning: Invalid shape (236, 169) or empty file for subject 50523 at regions/50523_timeseries.txt. Skipping.
Warning: Invalid shape (236, 169) or empty file for subject 50532 at regions/50532_timeseries.txt. Skipping.
Warning: Invalid shape (196, 169) or empty file for subject 50606 at regions/50606_timeseries.txt. Skipping.
Warning: Invalid shape (196, 169) or empty file for subject 50612 at regions/50612_timeseries.txt. Skipping.
Warning: Invalid shape (196, 169) or empty file for subject 50615 at regions/50615_timeseries.txt. Skipping.
Warning: Invalid shape (246, 169) or empty file for subject 50686 at regions/50686_timeseries.txt. Skipping.
Warning: Invalid shape (246, 169) or empty file for subject 50701 at regions/50701_timeseries.txt. Skipping.
Warning: Invalid shape (246, 169) or empty file for subject 50723 at regions/50723_timeseries.txt. Skipping.
Warning: Invalid shape (246, 169) or empty file for subject 50730 at regions/50730_timeseries.txt. Skipping.
Warning: Invalid shape (246, 169) or empty file for subject 50749 at regions/50749_timeseries.txt. Skipping.
Warning: Invalid shape (246, 169) or empty file for subject 50754 at regions/50754_timeseries.txt. Skipping.
Warning: Invalid shape (152, 169) or empty file for subject 50824 at regions/50824_timeseries.txt. Skipping.
Warning: Invalid shape (176, 169) or empty file for subject 50956 at regions/50956_timeseries.txt. Skipping.
Warning: Invalid shape (176, 169) or empty file for subject 50968 at regions/50968_timeseries.txt. Skipping.
Warning: Invalid shape (176, 169) or empty file for subject 50970 at regions/50970_timeseries.txt. Skipping.
Warning: Invalid shape (176, 169) or empty file for subject 50983 at regions/50983_timeseries.txt. Skipping.
Warning: Invalid shape (176, 169) or empty file for subject 50995 at regions/50995_timeseries.txt. Skipping.
Warning: Invalid shape (176, 169) or empty file for subject 51012 at regions/51012_timeseries.txt. Skipping.
Warning: Invalid shape (176, 169) or empty file for subject 51017 at regions/51017_timeseries.txt. Skipping.
Warning: Invalid shape (176, 169) or empty file for subject 51036 at regions/51036_timeseries.txt. Skipping.
Warning: Invalid shape (176, 169) or empty file for subject 51041 at regions/51041_timeseries.txt. Skipping.
Warning: Invalid shape (176, 169) or empty file for subject 51064 at regions/51064_timeseries.txt. Skipping.
Warning: Invalid shape (176, 169) or empty file for subject 51070 at regions/51070_timeseries.txt. Skipping.
Warning: Invalid shape (176, 169) or empty file for subject 51111 at regions/51111_timeseries.txt. Skipping.
Warning: Invalid shape (176, 169) or empty file for subject 51124 at regions/51124_timeseries.txt. Skipping.
Warning: Invalid shape (176, 169) or empty file for subject 51128 at regions/51128_timeseries.txt. Skipping.
Warning: Invalid shape (176, 169) or empty file for subject 51129 at regions/51129_timeseries.txt. Skipping.
Warning: Invalid shape (176, 169) or empty file for subject 51131 at regions/51131_timeseries.txt. Skipping.
Warning: Invalid shape (146, 169) or empty file for subject 51140 at regions/51140_timeseries.txt. Skipping.
Warning: Invalid shape (176, 169) or empty file for subject 51153 at regions/51153_timeseries.txt. Skipping.
Warning: Invalid shape (116, 169) or empty file for subject 51221 at regions/51221_timeseries.txt. Skipping.
Warning: Invalid shape (116, 169) or empty file for subject 51230 at regions/51230_timeseries.txt. Skipping.
Warning: Invalid shape (116, 169) or empty file for subject 51241 at regions/51241_timeseries.txt. Skipping.
Warning: Invalid shape (116, 169) or empty file for subject 51267 at regions/51267_timeseries.txt. Skipping.
Warning: Invalid shape (116, 169) or empty file for subject 51275 at regions/51275_timeseries.txt. Skipping.
Warning: Invalid shape (116, 169) or empty file for subject 51338 at regions/51338_timeseries.txt. Skipping.
Warning: Invalid shape (116, 169) or empty file for subject 51339 at regions/51339_timeseries.txt. Skipping.
Warning: Invalid shape (116, 169) or empty file for subject 51340 at regions/51340_timeseries.txt. Skipping.
Warning: Invalid shape (116, 169) or empty file for subject 51344 at regions/51344_timeseries.txt. Skipping.
Warning: Invalid shape (116, 169) or empty file for subject 51346 at regions/51346_timeseries.txt. Skipping.
Warning: Invalid shape (196, 169) or empty file for subject 51357 at regions/51357_timeseries.txt. Skipping.
Warning: Invalid shape (196, 169) or empty file for subject 51361 at regions/51361_timeseries.txt. Skipping.
Warning: Invalid shape (116, 169) or empty file for subject 51373 at regions/51373_timeseries.txt. Skipping.
Warning: Invalid shape (146, 169) or empty file for subject 51481 at regions/51481_timeseries.txt. Skipping.
Warning: Invalid shape (146, 169) or empty file for subject 51482 at regions/51482_timeseries.txt. Skipping.
Warning: Invalid shape (196, 169) or empty file for subject 51565 at regions/51565_timeseries.txt. Skipping.
Warning: Invalid shape (196, 169) or empty file for subject 51567 at regions/51567_timeseries.txt. Skipping.
Warning: Invalid shape (196, 169) or empty file for subject 51572 at regions/51572_timeseries.txt. Skipping.
Warning: Invalid shape (196, 169) or empty file for subject 51574 at regions/51574_timeseries.txt. Skipping.
Warning: Invalid shape (196, 169) or empty file for subject 51578 at regions/51578_timeseries.txt. Skipping.
Warning: Invalid shape (196, 169) or empty file for subject 51584 at regions/51584_timeseries.txt. Skipping.
Warning: Invalid shape (116, 169) or empty file for subject 51607 at regions/51607_timeseries.txt. Skipping.
Error: No time series could be loaded successfully for this fold.
Critical Error: Could not load/pad time series for Fold 3. Skipping fold.

--- Fold 4/10 ---
Loading time series for 866 subjects in fold...
Warning: Invalid shape (196, 169) or empty file for subject 50003 at regions/50003_timeseries.txt. Skipping.
Warning: Invalid shape (196, 169) or empty file for subject 50004 at regions/50004_timeseries.txt. Skipping.
Warning: Invalid shape (196, 169) or empty file for subject 50005 at regions/50005_timeseries.txt. Skipping.
Warning: Invalid shape (196, 169) or empty file for subject 50006 at regions/50006_timeseries.txt. Skipping.
Warning: Invalid shape (196, 169) or empty file for subject 50007 at regions/50007_timeseries.txt. Skipping.
Warning: Invalid shape (196, 169) or empty file for subject 50008 at regions/50008_timeseries.txt. Skipping.
Warning: Invalid shape (196, 169) or empty file for subject 50010 at regions/50010_timeseries.txt. Skipping.
Warning: Invalid shape (196, 169) or empty file for subject 50011 at regions/50011_timeseries.txt. Skipping.
Warning: Invalid shape (196, 169) or empty file for subject 50012 at regions/50012_timeseries.txt. Skipping.
Warning: Invalid shape (196, 169) or empty file for subject 50014 at regions/50014_timeseries.txt. Skipping.
Warning: Invalid shape (196, 169) or empty file for subject 50015 at regions/50015_timeseries.txt. Skipping.
Warning: Invalid shape (196, 169) or empty file for subject 50016 at regions/50016_timeseries.txt. Skipping.
Warning: Invalid shape (196, 169) or empty file for subject 50020 at regions/50020_timeseries.txt. Skipping.
Warning: Invalid shape (196, 169) or empty file for subject 50023 at regions/50023_timeseries.txt. Skipping.
Warning: Invalid shape (196, 169) or empty file for subject 50024 at regions/50024_timeseries.txt. Skipping.
Warning: Invalid shape (196, 169) or empty file for subject 50025 at regions/50025_timeseries.txt. Skipping.
Warning: Invalid shape (196, 169) or empty file for subject 50026 at regions/50026_timeseries.txt. Skipping.
Warning: Invalid shape (196, 169) or empty file for subject 50027 at regions/50027_timeseries.txt. Skipping.
Warning: Invalid shape (196, 169) or empty file for subject 50028 at regions/50028_timeseries.txt. Skipping.
Warning: Invalid shape (196, 169) or empty file for subject 50030 at regions/50030_timeseries.txt. Skipping.
Warning: Invalid shape (196, 169) or empty file for subject 50031 at regions/50031_timeseries.txt. Skipping.
Warning: Invalid shape (196, 169) or empty file for subject 50032 at regions/50032_timeseries.txt. Skipping.
Warning: Invalid shape (196, 169) or empty file for subject 50033 at regions/50033_timeseries.txt. Skipping.
Warning: Invalid shape (196, 169) or empty file for subject 50034 at regions/50034_timeseries.txt. Skipping.
Warning: Invalid shape (196, 169) or empty file for subject 50036 at regions/50036_timeseries.txt. Skipping.
Warning: Invalid shape (196, 169) or empty file for subject 50037 at regions/50037_timeseries.txt. Skipping.
Warning: Invalid shape (196, 169) or empty file for subject 50038 at regions/50038_timeseries.txt. Skipping.
Warning: Invalid shape (196, 169) or empty file for subject 50039 at regions/50039_timeseries.txt. Skipping.
Warning: Invalid shape (196, 169) or empty file for subject 50041 at regions/50041_timeseries.txt. Skipping.
Warning: Invalid shape (196, 169) or empty file for subject 50042 at regions/50042_timeseries.txt. Skipping.
Warning: Invalid shape (196, 169) or empty file for subject 50043 at regions/50043_timeseries.txt. Skipping.
Warning: Invalid shape (196, 169) or empty file for subject 50044 at regions/50044_timeseries.txt. Skipping.
Warning: Invalid shape (196, 169) or empty file for subject 50046 at regions/50046_timeseries.txt. Skipping.
Warning: Invalid shape (196, 169) or empty file for subject 50048 at regions/50048_timeseries.txt. Skipping.
Warning: Invalid shape (196, 169) or empty file for subject 50049 at regions/50049_timeseries.txt. Skipping.
Warning: Invalid shape (196, 169) or empty file for subject 50050 at regions/50050_timeseries.txt. Skipping.
Warning: Invalid shape (196, 169) or empty file for subject 50051 at regions/50051_timeseries.txt. Skipping.
Warning: Invalid shape (196, 169) or empty file for subject 50052 at regions/50052_timeseries.txt. Skipping.
Warning: Invalid shape (196, 169) or empty file for subject 50053 at regions/50053_timeseries.txt. Skipping.
Warning: Invalid shape (196, 169) or empty file for subject 50054 at regions/50054_timeseries.txt. Skipping.
Warning: Invalid shape (196, 169) or empty file for subject 50056 at regions/50056_timeseries.txt. Skipping.
Warning: Invalid shape (196, 169) or empty file for subject 50057 at regions/50057_timeseries.txt. Skipping.
Warning: Invalid shape (196, 169) or empty file for subject 50059 at regions/50059_timeseries.txt. Skipping.
Warning: Invalid shape (196, 169) or empty file for subject 50060 at regions/50060_timeseries.txt. Skipping.
Warning: Invalid shape (206, 169) or empty file for subject 50102 at regions/50102_timeseries.txt. Skipping.
Warning: Invalid shape (206, 169) or empty file for subject 50103 at regions/50103_timeseries.txt. Skipping.
Warning: Invalid shape (206, 169) or empty file for subject 50104 at regions/50104_timeseries.txt. Skipping.
Warning: Invalid shape (206, 169) or empty file for subject 50105 at regions/50105_timeseries.txt. Skipping.
Warning: Invalid shape (206, 169) or empty file for subject 50106 at regions/50106_timeseries.txt. Skipping.
Warning: Invalid shape (206, 169) or empty file for subject 50107 at regions/50107_timeseries.txt. Skipping.
Warning: Invalid shape (206, 169) or empty file for subject 50109 at regions/50109_timeseries.txt. Skipping.
Warning: Invalid shape (206, 169) or empty file for subject 50112 at regions/50112_timeseries.txt. Skipping.
Warning: Invalid shape (206, 169) or empty file for subject 50113 at regions/50113_timeseries.txt. Skipping.
Warning: Invalid shape (206, 169) or empty file for subject 50114 at regions/50114_timeseries.txt. Skipping.
Warning: Invalid shape (206, 169) or empty file for subject 50115 at regions/50115_timeseries.txt. Skipping.
Warning: Invalid shape (206, 169) or empty file for subject 50117 at regions/50117_timeseries.txt. Skipping.
Warning: Invalid shape (206, 169) or empty file for subject 50118 at regions/50118_timeseries.txt. Skipping.
Warning: Invalid shape (206, 169) or empty file for subject 50119 at regions/50119_timeseries.txt. Skipping.
Warning: Invalid shape (206, 169) or empty file for subject 50121 at regions/50121_timeseries.txt. Skipping.
Warning: Invalid shape (206, 169) or empty file for subject 50123 at regions/50123_timeseries.txt. Skipping.
Warning: Invalid shape (206, 169) or empty file for subject 50124 at regions/50124_timeseries.txt. Skipping.
Warning: Invalid shape (206, 169) or empty file for subject 50125 at regions/50125_timeseries.txt. Skipping.
Warning: Invalid shape (206, 169) or empty file for subject 50127 at regions/50127_timeseries.txt. Skipping.
Warning: Invalid shape (206, 169) or empty file for subject 50128 at regions/50128_timeseries.txt. Skipping.
Warning: Invalid shape (206, 169) or empty file for subject 50129 at regions/50129_timeseries.txt. Skipping.
Warning: Invalid shape (206, 169) or empty file for subject 50130 at regions/50130_timeseries.txt. Skipping.
Warning: Invalid shape (206, 169) or empty file for subject 50131 at regions/50131_timeseries.txt. Skipping.
Warning: Invalid shape (206, 169) or empty file for subject 50132 at regions/50132_timeseries.txt. Skipping.
Warning: Invalid shape (206, 169) or empty file for subject 50134 at regions/50134_timeseries.txt. Skipping.
Warning: Invalid shape (206, 169) or empty file for subject 50135 at regions/50135_timeseries.txt. Skipping.
Warning: Invalid shape (78, 169) or empty file for subject 50144 at regions/50144_timeseries.txt. Skipping.
Warning: Invalid shape (78, 169) or empty file for subject 50145 at regions/50145_timeseries.txt. Skipping.
Warning: Invalid shape (78, 169) or empty file for subject 50146 at regions/50146_timeseries.txt. Skipping.
Warning: Invalid shape (78, 169) or empty file for subject 50147 at regions/50147_timeseries.txt. Skipping.
Warning: Invalid shape (78, 169) or empty file for subject 50148 at regions/50148_timeseries.txt. Skipping.
Warning: Invalid shape (78, 169) or empty file for subject 50149 at regions/50149_timeseries.txt. Skipping.
Warning: Invalid shape (78, 169) or empty file for subject 50152 at regions/50152_timeseries.txt. Skipping.
Warning: Invalid shape (78, 169) or empty file for subject 50153 at regions/50153_timeseries.txt. Skipping.
Warning: Invalid shape (78, 169) or empty file for subject 50156 at regions/50156_timeseries.txt. Skipping.
Warning: Invalid shape (78, 169) or empty file for subject 50158 at regions/50158_timeseries.txt. Skipping.
Warning: Invalid shape (78, 169) or empty file for subject 50159 at regions/50159_timeseries.txt. Skipping.
Warning: Invalid shape (78, 169) or empty file for subject 50160 at regions/50160_timeseries.txt. Skipping.
Warning: Invalid shape (78, 169) or empty file for subject 50161 at regions/50161_timeseries.txt. Skipping.
Warning: Invalid shape (78, 169) or empty file for subject 50162 at regions/50162_timeseries.txt. Skipping.
Warning: Invalid shape (78, 169) or empty file for subject 50163 at regions/50163_timeseries.txt. Skipping.
Warning: Invalid shape (78, 169) or empty file for subject 50164 at regions/50164_timeseries.txt. Skipping.
Warning: Invalid shape (78, 169) or empty file for subject 50167 at regions/50167_timeseries.txt. Skipping.
Warning: Invalid shape (78, 169) or empty file for subject 50168 at regions/50168_timeseries.txt. Skipping.
Warning: Invalid shape (78, 169) or empty file for subject 50169 at regions/50169_timeseries.txt. Skipping.
Warning: Invalid shape (78, 169) or empty file for subject 50170 at regions/50170_timeseries.txt. Skipping.
Warning: Invalid shape (78, 169) or empty file for subject 50171 at regions/50171_timeseries.txt. Skipping.
Warning: Invalid shape (176, 169) or empty file for subject 50182 at regions/50182_timeseries.txt. Skipping.
Warning: Invalid shape (176, 169) or empty file for subject 50183 at regions/50183_timeseries.txt. Skipping.
Warning: Invalid shape (176, 169) or empty file for subject 50184 at regions/50184_timeseries.txt. Skipping.
Warning: Invalid shape (176, 169) or empty file for subject 50186 at regions/50186_timeseries.txt. Skipping.
Warning: Invalid shape (176, 169) or empty file for subject 50187 at regions/50187_timeseries.txt. Skipping.
Warning: Invalid shape (176, 169) or empty file for subject 50188 at regions/50188_timeseries.txt. Skipping.
Warning: Invalid shape (176, 169) or empty file for subject 50189 at regions/50189_timeseries.txt. Skipping.
Warning: Invalid shape (176, 169) or empty file for subject 50190 at regions/50190_timeseries.txt. Skipping.
Warning: Invalid shape (176, 169) or empty file for subject 50193 at regions/50193_timeseries.txt. Skipping.
Warning: Invalid shape (176, 169) or empty file for subject 50194 at regions/50194_timeseries.txt. Skipping.
Warning: Invalid shape (176, 169) or empty file for subject 50195 at regions/50195_timeseries.txt. Skipping.
Warning: Invalid shape (176, 169) or empty file for subject 50196 at regions/50196_timeseries.txt. Skipping.
Warning: Invalid shape (176, 169) or empty file for subject 50198 at regions/50198_timeseries.txt. Skipping.
Warning: Invalid shape (176, 169) or empty file for subject 50200 at regions/50200_timeseries.txt. Skipping.
Warning: Invalid shape (176, 169) or empty file for subject 50201 at regions/50201_timeseries.txt. Skipping.
Warning: Invalid shape (176, 169) or empty file for subject 50202 at regions/50202_timeseries.txt. Skipping.
Warning: Invalid shape (176, 169) or empty file for subject 50203 at regions/50203_timeseries.txt. Skipping.
Warning: Invalid shape (176, 169) or empty file for subject 50205 at regions/50205_timeseries.txt. Skipping.
Warning: Invalid shape (176, 169) or empty file for subject 50206 at regions/50206_timeseries.txt. Skipping.
Warning: Invalid shape (176, 169) or empty file for subject 50208 at regions/50208_timeseries.txt. Skipping.
Warning: Invalid shape (176, 169) or empty file for subject 50210 at regions/50210_timeseries.txt. Skipping.
Warning: Invalid shape (176, 169) or empty file for subject 50213 at regions/50213_timeseries.txt. Skipping.
Warning: Invalid shape (176, 169) or empty file for subject 50214 at regions/50214_timeseries.txt. Skipping.
Warning: Invalid shape (176, 169) or empty file for subject 50215 at regions/50215_timeseries.txt. Skipping.
Warning: Invalid shape (176, 169) or empty file for subject 50217 at regions/50217_timeseries.txt. Skipping.
Warning: Invalid shape (146, 169) or empty file for subject 50232 at regions/50232_timeseries.txt. Skipping.
Warning: Invalid shape (146, 169) or empty file for subject 50236 at regions/50236_timeseries.txt. Skipping.
Warning: Invalid shape (146, 169) or empty file for subject 50237 at regions/50237_timeseries.txt. Skipping.
Warning: Invalid shape (146, 169) or empty file for subject 50239 at regions/50239_timeseries.txt. Skipping.
Warning: Invalid shape (146, 169) or empty file for subject 50240 at regions/50240_timeseries.txt. Skipping.
Warning: Invalid shape (146, 169) or empty file for subject 50241 at regions/50241_timeseries.txt. Skipping.
Warning: Invalid shape (146, 169) or empty file for subject 50243 at regions/50243_timeseries.txt. Skipping.
Warning: Invalid shape (146, 169) or empty file for subject 50245 at regions/50245_timeseries.txt. Skipping.
Warning: Invalid shape (146, 169) or empty file for subject 50247 at regions/50247_timeseries.txt. Skipping.
Warning: Invalid shape (146, 169) or empty file for subject 50248 at regions/50248_timeseries.txt. Skipping.
Warning: Invalid shape (146, 169) or empty file for subject 50249 at regions/50249_timeseries.txt. Skipping.
Warning: Invalid shape (146, 169) or empty file for subject 50251 at regions/50251_timeseries.txt. Skipping.
Warning: Invalid shape (146, 169) or empty file for subject 50252 at regions/50252_timeseries.txt. Skipping.
Warning: Invalid shape (146, 169) or empty file for subject 50253 at regions/50253_timeseries.txt. Skipping.
Warning: Invalid shape (146, 169) or empty file for subject 50254 at regions/50254_timeseries.txt. Skipping.
Warning: Invalid shape (146, 169) or empty file for subject 50255 at regions/50255_timeseries.txt. Skipping.
Warning: Invalid shape (146, 169) or empty file for subject 50257 at regions/50257_timeseries.txt. Skipping.
Warning: Invalid shape (146, 169) or empty file for subject 50259 at regions/50259_timeseries.txt. Skipping.
Warning: Invalid shape (146, 169) or empty file for subject 50260 at regions/50260_timeseries.txt. Skipping.
Warning: Invalid shape (146, 169) or empty file for subject 50261 at regions/50261_timeseries.txt. Skipping.
Warning: Invalid shape (146, 169) or empty file for subject 50262 at regions/50262_timeseries.txt. Skipping.
Warning: Invalid shape (146, 169) or empty file for subject 50263 at regions/50263_timeseries.txt. Skipping.
Warning: Invalid shape (146, 169) or empty file for subject 50264 at regions/50264_timeseries.txt. Skipping.
Warning: Invalid shape (146, 169) or empty file for subject 50265 at regions/50265_timeseries.txt. Skipping.
Warning: Invalid shape (146, 169) or empty file for subject 50266 at regions/50266_timeseries.txt. Skipping.
Warning: Invalid shape (146, 169) or empty file for subject 50267 at regions/50267_timeseries.txt. Skipping.
Warning: Invalid shape (146, 169) or empty file for subject 50268 at regions/50268_timeseries.txt. Skipping.
Warning: Invalid shape (146, 169) or empty file for subject 50269 at regions/50269_timeseries.txt. Skipping.
Warning: Invalid shape (146, 169) or empty file for subject 50270 at regions/50270_timeseries.txt. Skipping.
Warning: Invalid shape (146, 169) or empty file for subject 50271 at regions/50271_timeseries.txt. Skipping.
Warning: Invalid shape (296, 169) or empty file for subject 50272 at regions/50272_timeseries.txt. Skipping.
Warning: Invalid shape (296, 169) or empty file for subject 50273 at regions/50273_timeseries.txt. Skipping.
Warning: Invalid shape (296, 169) or empty file for subject 50274 at regions/50274_timeseries.txt. Skipping.
Warning: Invalid shape (296, 169) or empty file for subject 50275 at regions/50275_timeseries.txt. Skipping.
Warning: Invalid shape (296, 169) or empty file for subject 50276 at regions/50276_timeseries.txt. Skipping.
Warning: Invalid shape (296, 169) or empty file for subject 50278 at regions/50278_timeseries.txt. Skipping.
Warning: Invalid shape (296, 169) or empty file for subject 50282 at regions/50282_timeseries.txt. Skipping.
Warning: Invalid shape (296, 169) or empty file for subject 50284 at regions/50284_timeseries.txt. Skipping.
Warning: Invalid shape (296, 169) or empty file for subject 50285 at regions/50285_timeseries.txt. Skipping.
Warning: Invalid shape (296, 169) or empty file for subject 50287 at regions/50287_timeseries.txt. Skipping.
Warning: Invalid shape (296, 169) or empty file for subject 50290 at regions/50290_timeseries.txt. Skipping.
Warning: Invalid shape (296, 169) or empty file for subject 50291 at regions/50291_timeseries.txt. Skipping.
Warning: Invalid shape (296, 169) or empty file for subject 50292 at regions/50292_timeseries.txt. Skipping.
Warning: Invalid shape (296, 169) or empty file for subject 50293 at regions/50293_timeseries.txt. Skipping.
Warning: Invalid shape (296, 169) or empty file for subject 50294 at regions/50294_timeseries.txt. Skipping.
Warning: Invalid shape (296, 169) or empty file for subject 50295 at regions/50295_timeseries.txt. Skipping.
Warning: Invalid shape (296, 169) or empty file for subject 50297 at regions/50297_timeseries.txt. Skipping.
Warning: Invalid shape (296, 169) or empty file for subject 50298 at regions/50298_timeseries.txt. Skipping.
Warning: Invalid shape (296, 169) or empty file for subject 50300 at regions/50300_timeseries.txt. Skipping.
Warning: Invalid shape (296, 169) or empty file for subject 50301 at regions/50301_timeseries.txt. Skipping.
Warning: Invalid shape (296, 169) or empty file for subject 50302 at regions/50302_timeseries.txt. Skipping.
Warning: Invalid shape (296, 169) or empty file for subject 50304 at regions/50304_timeseries.txt. Skipping.
Warning: Invalid shape (296, 169) or empty file for subject 50308 at regions/50308_timeseries.txt. Skipping.
Warning: Invalid shape (296, 169) or empty file for subject 50310 at regions/50310_timeseries.txt. Skipping.
Warning: Invalid shape (296, 169) or empty file for subject 50312 at regions/50312_timeseries.txt. Skipping.
Warning: Invalid shape (296, 169) or empty file for subject 50314 at regions/50314_timeseries.txt. Skipping.
Warning: Invalid shape (296, 169) or empty file for subject 50315 at regions/50315_timeseries.txt. Skipping.
Warning: Invalid shape (296, 169) or empty file for subject 50319 at regions/50319_timeseries.txt. Skipping.
Warning: Invalid shape (296, 169) or empty file for subject 50320 at regions/50320_timeseries.txt. Skipping.
Warning: Invalid shape (296, 169) or empty file for subject 50324 at regions/50324_timeseries.txt. Skipping.
Warning: Invalid shape (296, 169) or empty file for subject 50325 at regions/50325_timeseries.txt. Skipping.
Warning: Invalid shape (296, 169) or empty file for subject 50327 at regions/50327_timeseries.txt. Skipping.
Warning: Invalid shape (296, 169) or empty file for subject 50329 at regions/50329_timeseries.txt. Skipping.
Warning: Invalid shape (296, 169) or empty file for subject 50330 at regions/50330_timeseries.txt. Skipping.
Warning: Invalid shape (296, 169) or empty file for subject 50331 at regions/50331_timeseries.txt. Skipping.
Warning: Invalid shape (296, 169) or empty file for subject 50332 at regions/50332_timeseries.txt. Skipping.
Warning: Invalid shape (296, 169) or empty file for subject 50333 at regions/50333_timeseries.txt. Skipping.
Warning: Invalid shape (296, 169) or empty file for subject 50334 at regions/50334_timeseries.txt. Skipping.
Warning: Invalid shape (296, 169) or empty file for subject 50335 at regions/50335_timeseries.txt. Skipping.
Warning: Invalid shape (296, 169) or empty file for subject 50336 at regions/50336_timeseries.txt. Skipping.
Warning: Invalid shape (296, 169) or empty file for subject 50337 at regions/50337_timeseries.txt. Skipping.
Warning: Invalid shape (296, 169) or empty file for subject 50338 at regions/50338_timeseries.txt. Skipping.
Warning: Invalid shape (296, 169) or empty file for subject 50339 at regions/50339_timeseries.txt. Skipping.
Warning: Invalid shape (296, 169) or empty file for subject 50340 at regions/50340_timeseries.txt. Skipping.
Warning: Invalid shape (296, 169) or empty file for subject 50341 at regions/50341_timeseries.txt. Skipping.
Warning: Invalid shape (296, 169) or empty file for subject 50342 at regions/50342_timeseries.txt. Skipping.
Warning: Invalid shape (296, 169) or empty file for subject 50343 at regions/50343_timeseries.txt. Skipping.
Warning: Invalid shape (296, 169) or empty file for subject 50344 at regions/50344_timeseries.txt. Skipping.
Warning: Invalid shape (296, 169) or empty file for subject 50345 at regions/50345_timeseries.txt. Skipping.
Warning: Invalid shape (296, 169) or empty file for subject 50346 at regions/50346_timeseries.txt. Skipping.
Warning: Invalid shape (296, 169) or empty file for subject 50347 at regions/50347_timeseries.txt. Skipping.
Warning: Invalid shape (296, 169) or empty file for subject 50348 at regions/50348_timeseries.txt. Skipping.
Warning: Invalid shape (296, 169) or empty file for subject 50349 at regions/50349_timeseries.txt. Skipping.
Warning: Invalid shape (296, 169) or empty file for subject 50350 at regions/50350_timeseries.txt. Skipping.
Warning: Invalid shape (296, 169) or empty file for subject 50352 at regions/50352_timeseries.txt. Skipping.
Warning: Invalid shape (296, 169) or empty file for subject 50353 at regions/50353_timeseries.txt. Skipping.
Warning: Invalid shape (296, 169) or empty file for subject 50354 at regions/50354_timeseries.txt. Skipping.
Warning: Invalid shape (296, 169) or empty file for subject 50355 at regions/50355_timeseries.txt. Skipping.
Warning: Invalid shape (296, 169) or empty file for subject 50356 at regions/50356_timeseries.txt. Skipping.
Warning: Invalid shape (296, 169) or empty file for subject 50357 at regions/50357_timeseries.txt. Skipping.
Warning: Invalid shape (296, 169) or empty file for subject 50358 at regions/50358_timeseries.txt. Skipping.
Warning: Invalid shape (296, 169) or empty file for subject 50359 at regions/50359_timeseries.txt. Skipping.
Warning: Invalid shape (296, 169) or empty file for subject 50360 at regions/50360_timeseries.txt. Skipping.
Warning: Invalid shape (296, 169) or empty file for subject 50361 at regions/50361_timeseries.txt. Skipping.
Warning: Invalid shape (296, 169) or empty file for subject 50362 at regions/50362_timeseries.txt. Skipping.
Warning: Invalid shape (296, 169) or empty file for subject 50363 at regions/50363_timeseries.txt. Skipping.
Warning: Invalid shape (296, 169) or empty file for subject 50364 at regions/50364_timeseries.txt. Skipping.
Warning: Invalid shape (296, 169) or empty file for subject 50365 at regions/50365_timeseries.txt. Skipping.
Warning: Invalid shape (296, 169) or empty file for subject 50366 at regions/50366_timeseries.txt. Skipping.
Warning: Invalid shape (296, 169) or empty file for subject 50367 at regions/50367_timeseries.txt. Skipping.
Warning: Invalid shape (296, 169) or empty file for subject 50368 at regions/50368_timeseries.txt. Skipping.
Warning: Invalid shape (296, 169) or empty file for subject 50370 at regions/50370_timeseries.txt. Skipping.
Warning: Invalid shape (296, 169) or empty file for subject 50372 at regions/50372_timeseries.txt. Skipping.
Warning: Invalid shape (296, 169) or empty file for subject 50373 at regions/50373_timeseries.txt. Skipping.
Warning: Invalid shape (296, 169) or empty file for subject 50374 at regions/50374_timeseries.txt. Skipping.
Warning: Invalid shape (296, 169) or empty file for subject 50375 at regions/50375_timeseries.txt. Skipping.
Warning: Invalid shape (296, 169) or empty file for subject 50376 at regions/50376_timeseries.txt. Skipping.
Warning: Invalid shape (296, 169) or empty file for subject 50377 at regions/50377_timeseries.txt. Skipping.
Warning: Invalid shape (296, 169) or empty file for subject 50379 at regions/50379_timeseries.txt. Skipping.
Warning: Invalid shape (296, 169) or empty file for subject 50380 at regions/50380_timeseries.txt. Skipping.
Warning: Invalid shape (296, 169) or empty file for subject 50381 at regions/50381_timeseries.txt. Skipping.
Warning: Invalid shape (296, 169) or empty file for subject 50382 at regions/50382_timeseries.txt. Skipping.
Warning: Invalid shape (296, 169) or empty file for subject 50383 at regions/50383_timeseries.txt. Skipping.
Warning: Invalid shape (296, 169) or empty file for subject 50385 at regions/50385_timeseries.txt. Skipping.
Warning: Invalid shape (296, 169) or empty file for subject 50386 at regions/50386_timeseries.txt. Skipping.
Warning: Invalid shape (296, 169) or empty file for subject 50387 at regions/50387_timeseries.txt. Skipping.
Warning: Invalid shape (296, 169) or empty file for subject 50388 at regions/50388_timeseries.txt. Skipping.
Warning: Invalid shape (296, 169) or empty file for subject 50390 at regions/50390_timeseries.txt. Skipping.
Warning: Invalid shape (296, 169) or empty file for subject 50391 at regions/50391_timeseries.txt. Skipping.
Warning: Invalid shape (296, 169) or empty file for subject 50399 at regions/50399_timeseries.txt. Skipping.
Warning: Invalid shape (296, 169) or empty file for subject 50402 at regions/50402_timeseries.txt. Skipping.
Warning: Invalid shape (296, 169) or empty file for subject 50403 at regions/50403_timeseries.txt. Skipping.
Warning: Invalid shape (296, 169) or empty file for subject 50404 at regions/50404_timeseries.txt. Skipping.
Warning: Invalid shape (296, 169) or empty file for subject 50405 at regions/50405_timeseries.txt. Skipping.
Warning: Invalid shape (296, 169) or empty file for subject 50406 at regions/50406_timeseries.txt. Skipping.
Warning: Invalid shape (296, 169) or empty file for subject 50407 at regions/50407_timeseries.txt. Skipping.
Warning: Invalid shape (296, 169) or empty file for subject 50408 at regions/50408_timeseries.txt. Skipping.
Warning: Invalid shape (296, 169) or empty file for subject 50410 at regions/50410_timeseries.txt. Skipping.
Warning: Invalid shape (296, 169) or empty file for subject 50412 at regions/50412_timeseries.txt. Skipping.
Warning: Invalid shape (296, 169) or empty file for subject 50413 at regions/50413_timeseries.txt. Skipping.
Warning: Invalid shape (296, 169) or empty file for subject 50414 at regions/50414_timeseries.txt. Skipping.
Warning: Invalid shape (296, 169) or empty file for subject 50415 at regions/50415_timeseries.txt. Skipping.
Warning: Invalid shape (296, 169) or empty file for subject 50416 at regions/50416_timeseries.txt. Skipping.
Warning: Invalid shape (296, 169) or empty file for subject 50417 at regions/50417_timeseries.txt. Skipping.
Warning: Invalid shape (296, 169) or empty file for subject 50418 at regions/50418_timeseries.txt. Skipping.
Warning: Invalid shape (296, 169) or empty file for subject 50419 at regions/50419_timeseries.txt. Skipping.
Warning: Invalid shape (296, 169) or empty file for subject 50421 at regions/50421_timeseries.txt. Skipping.
Warning: Invalid shape (296, 169) or empty file for subject 50422 at regions/50422_timeseries.txt. Skipping.
Warning: Invalid shape (296, 169) or empty file for subject 50424 at regions/50424_timeseries.txt. Skipping.
Warning: Invalid shape (296, 169) or empty file for subject 50425 at regions/50425_timeseries.txt. Skipping.
Warning: Invalid shape (296, 169) or empty file for subject 50426 at regions/50426_timeseries.txt. Skipping.
Warning: Invalid shape (296, 169) or empty file for subject 50427 at regions/50427_timeseries.txt. Skipping.
Warning: Invalid shape (296, 169) or empty file for subject 50428 at regions/50428_timeseries.txt. Skipping.
Warning: Invalid shape (236, 169) or empty file for subject 50433 at regions/50433_timeseries.txt. Skipping.
Warning: Invalid shape (236, 169) or empty file for subject 50434 at regions/50434_timeseries.txt. Skipping.
Warning: Invalid shape (236, 169) or empty file for subject 50435 at regions/50435_timeseries.txt. Skipping.
Warning: Invalid shape (236, 169) or empty file for subject 50436 at regions/50436_timeseries.txt. Skipping.
Warning: Invalid shape (236, 169) or empty file for subject 50437 at regions/50437_timeseries.txt. Skipping.
Warning: Invalid shape (236, 169) or empty file for subject 50438 at regions/50438_timeseries.txt. Skipping.
Warning: Invalid shape (236, 169) or empty file for subject 50440 at regions/50440_timeseries.txt. Skipping.
Warning: Invalid shape (236, 169) or empty file for subject 50441 at regions/50441_timeseries.txt. Skipping.
Warning: Invalid shape (236, 169) or empty file for subject 50443 at regions/50443_timeseries.txt. Skipping.
Warning: Invalid shape (236, 169) or empty file for subject 50444 at regions/50444_timeseries.txt. Skipping.
Warning: Invalid shape (236, 169) or empty file for subject 50445 at regions/50445_timeseries.txt. Skipping.
Warning: Invalid shape (236, 169) or empty file for subject 50446 at regions/50446_timeseries.txt. Skipping.
Warning: Invalid shape (236, 169) or empty file for subject 50447 at regions/50447_timeseries.txt. Skipping.
Warning: Invalid shape (236, 169) or empty file for subject 50448 at regions/50448_timeseries.txt. Skipping.
Warning: Invalid shape (236, 169) or empty file for subject 50449 at regions/50449_timeseries.txt. Skipping.
Warning: Invalid shape (236, 169) or empty file for subject 50453 at regions/50453_timeseries.txt. Skipping.
Warning: Invalid shape (236, 169) or empty file for subject 50463 at regions/50463_timeseries.txt. Skipping.
Warning: Invalid shape (236, 169) or empty file for subject 50466 at regions/50466_timeseries.txt. Skipping.
Warning: Invalid shape (236, 169) or empty file for subject 50467 at regions/50467_timeseries.txt. Skipping.
Warning: Invalid shape (236, 169) or empty file for subject 50469 at regions/50469_timeseries.txt. Skipping.
Warning: Invalid shape (236, 169) or empty file for subject 50470 at regions/50470_timeseries.txt. Skipping.
Warning: Invalid shape (236, 169) or empty file for subject 50477 at regions/50477_timeseries.txt. Skipping.
Warning: Invalid shape (236, 169) or empty file for subject 50480 at regions/50480_timeseries.txt. Skipping.
Warning: Invalid shape (236, 169) or empty file for subject 50481 at regions/50481_timeseries.txt. Skipping.
Warning: Invalid shape (236, 169) or empty file for subject 50482 at regions/50482_timeseries.txt. Skipping.
Warning: Invalid shape (236, 169) or empty file for subject 50483 at regions/50483_timeseries.txt. Skipping.
Warning: Invalid shape (236, 169) or empty file for subject 50485 at regions/50485_timeseries.txt. Skipping.
Warning: Invalid shape (236, 169) or empty file for subject 50486 at regions/50486_timeseries.txt. Skipping.
Warning: Invalid shape (236, 169) or empty file for subject 50487 at regions/50487_timeseries.txt. Skipping.
Warning: Invalid shape (236, 169) or empty file for subject 50490 at regions/50490_timeseries.txt. Skipping.
Warning: Invalid shape (236, 169) or empty file for subject 50491 at regions/50491_timeseries.txt. Skipping.
Warning: Invalid shape (236, 169) or empty file for subject 50492 at regions/50492_timeseries.txt. Skipping.
Warning: Invalid shape (236, 169) or empty file for subject 50493 at regions/50493_timeseries.txt. Skipping.
Warning: Invalid shape (236, 169) or empty file for subject 50494 at regions/50494_timeseries.txt. Skipping.
Warning: Invalid shape (236, 169) or empty file for subject 50496 at regions/50496_timeseries.txt. Skipping.
Warning: Invalid shape (236, 169) or empty file for subject 50497 at regions/50497_timeseries.txt. Skipping.
Warning: Invalid shape (236, 169) or empty file for subject 50498 at regions/50498_timeseries.txt. Skipping.
Warning: Invalid shape (236, 169) or empty file for subject 50499 at regions/50499_timeseries.txt. Skipping.
Warning: Invalid shape (236, 169) or empty file for subject 50501 at regions/50501_timeseries.txt. Skipping.
Warning: Invalid shape (236, 169) or empty file for subject 50503 at regions/50503_timeseries.txt. Skipping.
Warning: Invalid shape (236, 169) or empty file for subject 50504 at regions/50504_timeseries.txt. Skipping.
Warning: Invalid shape (236, 169) or empty file for subject 50507 at regions/50507_timeseries.txt. Skipping.
Warning: Invalid shape (236, 169) or empty file for subject 50509 at regions/50509_timeseries.txt. Skipping.
Warning: Invalid shape (236, 169) or empty file for subject 50510 at regions/50510_timeseries.txt. Skipping.
Warning: Invalid shape (236, 169) or empty file for subject 50514 at regions/50514_timeseries.txt. Skipping.
Warning: Invalid shape (236, 169) or empty file for subject 50515 at regions/50515_timeseries.txt. Skipping.
Warning: Invalid shape (236, 169) or empty file for subject 50516 at regions/50516_timeseries.txt. Skipping.
Warning: Invalid shape (236, 169) or empty file for subject 50518 at regions/50518_timeseries.txt. Skipping.
Warning: Invalid shape (236, 169) or empty file for subject 50520 at regions/50520_timeseries.txt. Skipping.
Warning: Invalid shape (236, 169) or empty file for subject 50521 at regions/50521_timeseries.txt. Skipping.
Warning: Invalid shape (236, 169) or empty file for subject 50523 at regions/50523_timeseries.txt. Skipping.
Warning: Invalid shape (236, 169) or empty file for subject 50524 at regions/50524_timeseries.txt. Skipping.
Warning: Invalid shape (236, 169) or empty file for subject 50525 at regions/50525_timeseries.txt. Skipping.
Warning: Invalid shape (232, 169) or empty file for subject 50526 at regions/50526_timeseries.txt. Skipping.
Warning: Invalid shape (236, 169) or empty file for subject 50527 at regions/50527_timeseries.txt. Skipping.
Warning: Invalid shape (236, 169) or empty file for subject 50528 at regions/50528_timeseries.txt. Skipping.
Warning: Invalid shape (236, 169) or empty file for subject 50529 at regions/50529_timeseries.txt. Skipping.
Warning: Invalid shape (236, 169) or empty file for subject 50530 at regions/50530_timeseries.txt. Skipping.
Warning: Invalid shape (236, 169) or empty file for subject 50531 at regions/50531_timeseries.txt. Skipping.
Warning: Invalid shape (236, 169) or empty file for subject 50532 at regions/50532_timeseries.txt. Skipping.
Warning: Invalid shape (196, 169) or empty file for subject 50551 at regions/50551_timeseries.txt. Skipping.
Warning: Invalid shape (196, 169) or empty file for subject 50552 at regions/50552_timeseries.txt. Skipping.
Warning: Invalid shape (196, 169) or empty file for subject 50555 at regions/50555_timeseries.txt. Skipping.
Warning: Invalid shape (196, 169) or empty file for subject 50557 at regions/50557_timeseries.txt. Skipping.
Warning: Invalid shape (196, 169) or empty file for subject 50558 at regions/50558_timeseries.txt. Skipping.
Warning: Invalid shape (196, 169) or empty file for subject 50561 at regions/50561_timeseries.txt. Skipping.
Warning: Invalid shape (196, 169) or empty file for subject 50563 at regions/50563_timeseries.txt. Skipping.
Warning: Invalid shape (196, 169) or empty file for subject 50565 at regions/50565_timeseries.txt. Skipping.
Warning: Invalid shape (196, 169) or empty file for subject 50568 at regions/50568_timeseries.txt. Skipping.
Warning: Invalid shape (196, 169) or empty file for subject 50569 at regions/50569_timeseries.txt. Skipping.
Warning: Invalid shape (196, 169) or empty file for subject 50570 at regions/50570_timeseries.txt. Skipping.
Warning: Invalid shape (196, 169) or empty file for subject 50573 at regions/50573_timeseries.txt. Skipping.
Warning: Invalid shape (196, 169) or empty file for subject 50574 at regions/50574_timeseries.txt. Skipping.
Warning: Invalid shape (196, 169) or empty file for subject 50575 at regions/50575_timeseries.txt. Skipping.
Warning: Invalid shape (196, 169) or empty file for subject 50576 at regions/50576_timeseries.txt. Skipping.
Warning: Invalid shape (196, 169) or empty file for subject 50577 at regions/50577_timeseries.txt. Skipping.
Warning: Invalid shape (196, 169) or empty file for subject 50578 at regions/50578_timeseries.txt. Skipping.
Warning: Invalid shape (196, 169) or empty file for subject 50601 at regions/50601_timeseries.txt. Skipping.
Warning: Invalid shape (196, 169) or empty file for subject 50602 at regions/50602_timeseries.txt. Skipping.
Warning: Invalid shape (196, 169) or empty file for subject 50604 at regions/50604_timeseries.txt. Skipping.
Warning: Invalid shape (196, 169) or empty file for subject 50606 at regions/50606_timeseries.txt. Skipping.
Warning: Invalid shape (196, 169) or empty file for subject 50607 at regions/50607_timeseries.txt. Skipping.
Warning: Invalid shape (196, 169) or empty file for subject 50612 at regions/50612_timeseries.txt. Skipping.
Warning: Invalid shape (196, 169) or empty file for subject 50614 at regions/50614_timeseries.txt. Skipping.
Warning: Invalid shape (196, 169) or empty file for subject 50615 at regions/50615_timeseries.txt. Skipping.
Warning: Invalid shape (196, 169) or empty file for subject 50616 at regions/50616_timeseries.txt. Skipping.
Warning: Invalid shape (196, 169) or empty file for subject 50619 at regions/50619_timeseries.txt. Skipping.
Warning: Invalid shape (196, 169) or empty file for subject 50620 at regions/50620_timeseries.txt. Skipping.
Warning: Invalid shape (196, 169) or empty file for subject 50621 at regions/50621_timeseries.txt. Skipping.
Warning: Invalid shape (196, 169) or empty file for subject 50624 at regions/50624_timeseries.txt. Skipping.
Warning: Invalid shape (196, 169) or empty file for subject 50625 at regions/50625_timeseries.txt. Skipping.
Warning: Invalid shape (196, 169) or empty file for subject 50626 at regions/50626_timeseries.txt. Skipping.
Warning: Invalid shape (196, 169) or empty file for subject 50627 at regions/50627_timeseries.txt. Skipping.
Warning: Invalid shape (196, 169) or empty file for subject 50628 at regions/50628_timeseries.txt. Skipping.
Warning: Invalid shape (236, 169) or empty file for subject 50642 at regions/50642_timeseries.txt. Skipping.
Warning: Invalid shape (316, 169) or empty file for subject 50644 at regions/50644_timeseries.txt. Skipping.
Warning: Invalid shape (202, 169) or empty file for subject 50647 at regions/50647_timeseries.txt. Skipping.
Warning: Invalid shape (236, 169) or empty file for subject 50654 at regions/50654_timeseries.txt. Skipping.
Warning: Invalid shape (236, 169) or empty file for subject 50656 at regions/50656_timeseries.txt. Skipping.
Warning: Invalid shape (236, 169) or empty file for subject 50659 at regions/50659_timeseries.txt. Skipping.
Warning: Invalid shape (236, 169) or empty file for subject 50665 at regions/50665_timeseries.txt. Skipping.
Warning: Invalid shape (316, 169) or empty file for subject 50669 at regions/50669_timeseries.txt. Skipping.
Warning: Invalid shape (246, 169) or empty file for subject 50682 at regions/50682_timeseries.txt. Skipping.
Warning: Invalid shape (246, 169) or empty file for subject 50685 at regions/50685_timeseries.txt. Skipping.
Warning: Invalid shape (246, 169) or empty file for subject 50686 at regions/50686_timeseries.txt. Skipping.
Warning: Invalid shape (246, 169) or empty file for subject 50687 at regions/50687_timeseries.txt. Skipping.
Warning: Invalid shape (246, 169) or empty file for subject 50688 at regions/50688_timeseries.txt. Skipping.
Warning: Invalid shape (246, 169) or empty file for subject 50689 at regions/50689_timeseries.txt. Skipping.
Warning: Invalid shape (246, 169) or empty file for subject 50690 at regions/50690_timeseries.txt. Skipping.
Warning: Invalid shape (246, 169) or empty file for subject 50691 at regions/50691_timeseries.txt. Skipping.
Warning: Invalid shape (246, 169) or empty file for subject 50692 at regions/50692_timeseries.txt. Skipping.
Warning: Invalid shape (246, 169) or empty file for subject 50693 at regions/50693_timeseries.txt. Skipping.
Warning: Invalid shape (246, 169) or empty file for subject 50694 at regions/50694_timeseries.txt. Skipping.
Warning: Invalid shape (246, 169) or empty file for subject 50695 at regions/50695_timeseries.txt. Skipping.
Warning: Invalid shape (246, 169) or empty file for subject 50696 at regions/50696_timeseries.txt. Skipping.
Warning: Invalid shape (246, 169) or empty file for subject 50697 at regions/50697_timeseries.txt. Skipping.
Warning: Invalid shape (246, 169) or empty file for subject 50698 at regions/50698_timeseries.txt. Skipping.
Warning: Invalid shape (246, 169) or empty file for subject 50699 at regions/50699_timeseries.txt. Skipping.
Warning: Invalid shape (246, 169) or empty file for subject 50700 at regions/50700_timeseries.txt. Skipping.
Warning: Invalid shape (246, 169) or empty file for subject 50701 at regions/50701_timeseries.txt. Skipping.
Warning: Invalid shape (246, 169) or empty file for subject 50702 at regions/50702_timeseries.txt. Skipping.
Warning: Invalid shape (246, 169) or empty file for subject 50703 at regions/50703_timeseries.txt. Skipping.
Warning: Invalid shape (246, 169) or empty file for subject 50704 at regions/50704_timeseries.txt. Skipping.
Warning: Invalid shape (246, 169) or empty file for subject 50705 at regions/50705_timeseries.txt. Skipping.
Warning: Invalid shape (246, 169) or empty file for subject 50709 at regions/50709_timeseries.txt. Skipping.
Warning: Invalid shape (246, 169) or empty file for subject 50711 at regions/50711_timeseries.txt. Skipping.
Warning: Invalid shape (246, 169) or empty file for subject 50723 at regions/50723_timeseries.txt. Skipping.
Warning: Invalid shape (246, 169) or empty file for subject 50724 at regions/50724_timeseries.txt. Skipping.
Warning: Invalid shape (246, 169) or empty file for subject 50725 at regions/50725_timeseries.txt. Skipping.
Warning: Invalid shape (246, 169) or empty file for subject 50726 at regions/50726_timeseries.txt. Skipping.
Warning: Invalid shape (246, 169) or empty file for subject 50728 at regions/50728_timeseries.txt. Skipping.
Warning: Invalid shape (246, 169) or empty file for subject 50730 at regions/50730_timeseries.txt. Skipping.
Warning: Invalid shape (246, 169) or empty file for subject 50731 at regions/50731_timeseries.txt. Skipping.
Warning: Invalid shape (246, 169) or empty file for subject 50733 at regions/50733_timeseries.txt. Skipping.
Warning: Invalid shape (246, 169) or empty file for subject 50735 at regions/50735_timeseries.txt. Skipping.
Warning: Invalid shape (246, 169) or empty file for subject 50737 at regions/50737_timeseries.txt. Skipping.
Warning: Invalid shape (246, 169) or empty file for subject 50738 at regions/50738_timeseries.txt. Skipping.
Warning: Invalid shape (246, 169) or empty file for subject 50739 at regions/50739_timeseries.txt. Skipping.
Warning: Invalid shape (246, 169) or empty file for subject 50740 at regions/50740_timeseries.txt. Skipping.
Warning: Invalid shape (246, 169) or empty file for subject 50742 at regions/50742_timeseries.txt. Skipping.
Warning: Invalid shape (246, 169) or empty file for subject 50743 at regions/50743_timeseries.txt. Skipping.
Warning: Invalid shape (246, 169) or empty file for subject 50744 at regions/50744_timeseries.txt. Skipping.
Warning: Invalid shape (246, 169) or empty file for subject 50745 at regions/50745_timeseries.txt. Skipping.
Warning: Invalid shape (246, 169) or empty file for subject 50748 at regions/50748_timeseries.txt. Skipping.
Warning: Invalid shape (246, 169) or empty file for subject 50749 at regions/50749_timeseries.txt. Skipping.
Warning: Invalid shape (246, 169) or empty file for subject 50750 at regions/50750_timeseries.txt. Skipping.
Warning: Invalid shape (246, 169) or empty file for subject 50751 at regions/50751_timeseries.txt. Skipping.
Warning: Invalid shape (246, 169) or empty file for subject 50752 at regions/50752_timeseries.txt. Skipping.
Warning: Invalid shape (246, 169) or empty file for subject 50754 at regions/50754_timeseries.txt. Skipping.
Warning: Invalid shape (246, 169) or empty file for subject 50755 at regions/50755_timeseries.txt. Skipping.
Warning: Invalid shape (246, 169) or empty file for subject 50756 at regions/50756_timeseries.txt. Skipping.
Warning: Invalid shape (246, 169) or empty file for subject 50757 at regions/50757_timeseries.txt. Skipping.
Warning: Invalid shape (152, 169) or empty file for subject 50772 at regions/50772_timeseries.txt. Skipping.
Warning: Invalid shape (152, 169) or empty file for subject 50773 at regions/50773_timeseries.txt. Skipping.
Warning: Invalid shape (152, 169) or empty file for subject 50774 at regions/50774_timeseries.txt. Skipping.
Warning: Invalid shape (152, 169) or empty file for subject 50776 at regions/50776_timeseries.txt. Skipping.
Warning: Invalid shape (152, 169) or empty file for subject 50777 at regions/50777_timeseries.txt. Skipping.
Warning: Invalid shape (152, 169) or empty file for subject 50778 at regions/50778_timeseries.txt. Skipping.
Warning: Invalid shape (152, 169) or empty file for subject 50780 at regions/50780_timeseries.txt. Skipping.
Warning: Invalid shape (152, 169) or empty file for subject 50781 at regions/50781_timeseries.txt. Skipping.
Warning: Invalid shape (152, 169) or empty file for subject 50782 at regions/50782_timeseries.txt. Skipping.
Warning: Invalid shape (152, 169) or empty file for subject 50783 at regions/50783_timeseries.txt. Skipping.
Warning: Invalid shape (124, 169) or empty file for subject 50791 at regions/50791_timeseries.txt. Skipping.
Warning: Invalid shape (124, 169) or empty file for subject 50792 at regions/50792_timeseries.txt. Skipping.
Warning: Invalid shape (152, 169) or empty file for subject 50796 at regions/50796_timeseries.txt. Skipping.
Warning: Invalid shape (152, 169) or empty file for subject 50797 at regions/50797_timeseries.txt. Skipping.
Warning: Invalid shape (152, 169) or empty file for subject 50800 at regions/50800_timeseries.txt. Skipping.
Warning: Invalid shape (152, 169) or empty file for subject 50801 at regions/50801_timeseries.txt. Skipping.
Warning: Invalid shape (152, 169) or empty file for subject 50803 at regions/50803_timeseries.txt. Skipping.
Warning: Invalid shape (152, 169) or empty file for subject 50807 at regions/50807_timeseries.txt. Skipping.
Warning: Invalid shape (152, 169) or empty file for subject 50812 at regions/50812_timeseries.txt. Skipping.
Warning: Invalid shape (152, 169) or empty file for subject 50814 at regions/50814_timeseries.txt. Skipping.
Warning: Invalid shape (124, 169) or empty file for subject 50816 at regions/50816_timeseries.txt. Skipping.
Warning: Invalid shape (152, 169) or empty file for subject 50818 at regions/50818_timeseries.txt. Skipping.
Warning: Invalid shape (152, 169) or empty file for subject 50820 at regions/50820_timeseries.txt. Skipping.
Warning: Invalid shape (152, 169) or empty file for subject 50821 at regions/50821_timeseries.txt. Skipping.
Warning: Invalid shape (152, 169) or empty file for subject 50823 at regions/50823_timeseries.txt. Skipping.
Warning: Invalid shape (152, 169) or empty file for subject 50824 at regions/50824_timeseries.txt. Skipping.
Warning: Invalid shape (176, 169) or empty file for subject 50952 at regions/50952_timeseries.txt. Skipping.
Warning: Invalid shape (176, 169) or empty file for subject 50954 at regions/50954_timeseries.txt. Skipping.
Warning: Invalid shape (176, 169) or empty file for subject 50955 at regions/50955_timeseries.txt. Skipping.
Warning: Invalid shape (176, 169) or empty file for subject 50956 at regions/50956_timeseries.txt. Skipping.
Warning: Invalid shape (176, 169) or empty file for subject 50957 at regions/50957_timeseries.txt. Skipping.
Warning: Invalid shape (176, 169) or empty file for subject 50958 at regions/50958_timeseries.txt. Skipping.
Warning: Invalid shape (176, 169) or empty file for subject 50959 at regions/50959_timeseries.txt. Skipping.
Warning: Invalid shape (176, 169) or empty file for subject 50960 at regions/50960_timeseries.txt. Skipping.
Warning: Invalid shape (176, 169) or empty file for subject 50961 at regions/50961_timeseries.txt. Skipping.
Warning: Invalid shape (176, 169) or empty file for subject 50962 at regions/50962_timeseries.txt. Skipping.
Warning: Invalid shape (176, 169) or empty file for subject 50965 at regions/50965_timeseries.txt. Skipping.
Warning: Invalid shape (176, 169) or empty file for subject 50966 at regions/50966_timeseries.txt. Skipping.
Warning: Invalid shape (176, 169) or empty file for subject 50967 at regions/50967_timeseries.txt. Skipping.
Warning: Invalid shape (176, 169) or empty file for subject 50968 at regions/50968_timeseries.txt. Skipping.
Warning: Invalid shape (176, 169) or empty file for subject 50969 at regions/50969_timeseries.txt. Skipping.
Warning: Invalid shape (176, 169) or empty file for subject 50970 at regions/50970_timeseries.txt. Skipping.
Warning: Invalid shape (176, 169) or empty file for subject 50972 at regions/50972_timeseries.txt. Skipping.
Warning: Invalid shape (176, 169) or empty file for subject 50973 at regions/50973_timeseries.txt. Skipping.
Warning: Invalid shape (176, 169) or empty file for subject 50976 at regions/50976_timeseries.txt. Skipping.
Warning: Invalid shape (176, 169) or empty file for subject 50977 at regions/50977_timeseries.txt. Skipping.
Warning: Invalid shape (176, 169) or empty file for subject 50978 at regions/50978_timeseries.txt. Skipping.
Warning: Invalid shape (176, 169) or empty file for subject 50979 at regions/50979_timeseries.txt. Skipping.
Warning: Invalid shape (176, 169) or empty file for subject 50981 at regions/50981_timeseries.txt. Skipping.
Warning: Invalid shape (176, 169) or empty file for subject 50982 at regions/50982_timeseries.txt. Skipping.
Warning: Invalid shape (176, 169) or empty file for subject 50983 at regions/50983_timeseries.txt. Skipping.
Warning: Invalid shape (176, 169) or empty file for subject 50984 at regions/50984_timeseries.txt. Skipping.
Warning: Invalid shape (176, 169) or empty file for subject 50985 at regions/50985_timeseries.txt. Skipping.
Warning: Invalid shape (176, 169) or empty file for subject 50987 at regions/50987_timeseries.txt. Skipping.
Warning: Invalid shape (176, 169) or empty file for subject 50988 at regions/50988_timeseries.txt. Skipping.
Warning: Invalid shape (176, 169) or empty file for subject 50989 at regions/50989_timeseries.txt. Skipping.
Warning: Invalid shape (176, 169) or empty file for subject 50990 at regions/50990_timeseries.txt. Skipping.
Warning: Invalid shape (176, 169) or empty file for subject 50992 at regions/50992_timeseries.txt. Skipping.
Warning: Invalid shape (176, 169) or empty file for subject 50993 at regions/50993_timeseries.txt. Skipping.
Warning: Invalid shape (176, 169) or empty file for subject 50994 at regions/50994_timeseries.txt. Skipping.
Warning: Invalid shape (176, 169) or empty file for subject 50995 at regions/50995_timeseries.txt. Skipping.
Warning: Invalid shape (176, 169) or empty file for subject 50996 at regions/50996_timeseries.txt. Skipping.
Warning: Invalid shape (176, 169) or empty file for subject 50997 at regions/50997_timeseries.txt. Skipping.
Warning: Invalid shape (176, 169) or empty file for subject 50999 at regions/50999_timeseries.txt. Skipping.
Warning: Invalid shape (176, 169) or empty file for subject 51000 at regions/51000_timeseries.txt. Skipping.
Warning: Invalid shape (176, 169) or empty file for subject 51001 at regions/51001_timeseries.txt. Skipping.
Warning: Invalid shape (176, 169) or empty file for subject 51002 at regions/51002_timeseries.txt. Skipping.
Warning: Invalid shape (176, 169) or empty file for subject 51003 at regions/51003_timeseries.txt. Skipping.
Warning: Invalid shape (176, 169) or empty file for subject 51006 at regions/51006_timeseries.txt. Skipping.
Warning: Invalid shape (176, 169) or empty file for subject 51007 at regions/51007_timeseries.txt. Skipping.
Warning: Invalid shape (176, 169) or empty file for subject 51008 at regions/51008_timeseries.txt. Skipping.
Warning: Invalid shape (176, 169) or empty file for subject 51009 at regions/51009_timeseries.txt. Skipping.
Warning: Invalid shape (176, 169) or empty file for subject 51010 at regions/51010_timeseries.txt. Skipping.
Warning: Invalid shape (176, 169) or empty file for subject 51011 at regions/51011_timeseries.txt. Skipping.
Warning: Invalid shape (176, 169) or empty file for subject 51012 at regions/51012_timeseries.txt. Skipping.
Warning: Invalid shape (176, 169) or empty file for subject 51013 at regions/51013_timeseries.txt. Skipping.
Warning: Invalid shape (176, 169) or empty file for subject 51014 at regions/51014_timeseries.txt. Skipping.
Warning: Invalid shape (176, 169) or empty file for subject 51015 at regions/51015_timeseries.txt. Skipping.
Warning: Invalid shape (176, 169) or empty file for subject 51016 at regions/51016_timeseries.txt. Skipping.
Warning: Invalid shape (176, 169) or empty file for subject 51017 at regions/51017_timeseries.txt. Skipping.
Warning: Invalid shape (176, 169) or empty file for subject 51018 at regions/51018_timeseries.txt. Skipping.
Warning: Invalid shape (176, 169) or empty file for subject 51019 at regions/51019_timeseries.txt. Skipping.
Warning: Invalid shape (176, 169) or empty file for subject 51020 at regions/51020_timeseries.txt. Skipping.
Warning: Invalid shape (176, 169) or empty file for subject 51021 at regions/51021_timeseries.txt. Skipping.
Warning: Invalid shape (176, 169) or empty file for subject 51023 at regions/51023_timeseries.txt. Skipping.
Warning: Invalid shape (176, 169) or empty file for subject 51024 at regions/51024_timeseries.txt. Skipping.
Warning: Invalid shape (176, 169) or empty file for subject 51025 at regions/51025_timeseries.txt. Skipping.
Warning: Invalid shape (176, 169) or empty file for subject 51026 at regions/51026_timeseries.txt. Skipping.
Warning: Invalid shape (176, 169) or empty file for subject 51027 at regions/51027_timeseries.txt. Skipping.
Warning: Invalid shape (176, 169) or empty file for subject 51028 at regions/51028_timeseries.txt. Skipping.
Warning: Invalid shape (176, 169) or empty file for subject 51029 at regions/51029_timeseries.txt. Skipping.
Warning: Invalid shape (176, 169) or empty file for subject 51030 at regions/51030_timeseries.txt. Skipping.
Warning: Invalid shape (176, 169) or empty file for subject 51032 at regions/51032_timeseries.txt. Skipping.
Warning: Invalid shape (176, 169) or empty file for subject 51033 at regions/51033_timeseries.txt. Skipping.
Warning: Invalid shape (176, 169) or empty file for subject 51035 at regions/51035_timeseries.txt. Skipping.
Warning: Invalid shape (176, 169) or empty file for subject 51036 at regions/51036_timeseries.txt. Skipping.
Warning: Invalid shape (176, 169) or empty file for subject 51038 at regions/51038_timeseries.txt. Skipping.
Warning: Invalid shape (176, 169) or empty file for subject 51039 at regions/51039_timeseries.txt. Skipping.
Warning: Invalid shape (176, 169) or empty file for subject 51040 at regions/51040_timeseries.txt. Skipping.
Warning: Invalid shape (176, 169) or empty file for subject 51041 at regions/51041_timeseries.txt. Skipping.
Warning: Invalid shape (176, 169) or empty file for subject 51044 at regions/51044_timeseries.txt. Skipping.
Warning: Invalid shape (176, 169) or empty file for subject 51045 at regions/51045_timeseries.txt. Skipping.
Warning: Invalid shape (176, 169) or empty file for subject 51046 at regions/51046_timeseries.txt. Skipping.
Warning: Invalid shape (176, 169) or empty file for subject 51047 at regions/51047_timeseries.txt. Skipping.
Warning: Invalid shape (176, 169) or empty file for subject 51049 at regions/51049_timeseries.txt. Skipping.
Warning: Invalid shape (176, 169) or empty file for subject 51052 at regions/51052_timeseries.txt. Skipping.
Warning: Invalid shape (176, 169) or empty file for subject 51053 at regions/51053_timeseries.txt. Skipping.
Warning: Invalid shape (176, 169) or empty file for subject 51054 at regions/51054_timeseries.txt. Skipping.
Warning: Invalid shape (176, 169) or empty file for subject 51055 at regions/51055_timeseries.txt. Skipping.
Warning: Invalid shape (176, 169) or empty file for subject 51056 at regions/51056_timeseries.txt. Skipping.
Warning: Invalid shape (176, 169) or empty file for subject 51057 at regions/51057_timeseries.txt. Skipping.
Warning: Invalid shape (176, 169) or empty file for subject 51058 at regions/51058_timeseries.txt. Skipping.
Warning: Invalid shape (176, 169) or empty file for subject 51060 at regions/51060_timeseries.txt. Skipping.
Warning: Invalid shape (176, 169) or empty file for subject 51061 at regions/51061_timeseries.txt. Skipping.
Warning: Invalid shape (176, 169) or empty file for subject 51062 at regions/51062_timeseries.txt. Skipping.
Warning: Invalid shape (176, 169) or empty file for subject 51063 at regions/51063_timeseries.txt. Skipping.
Warning: Invalid shape (176, 169) or empty file for subject 51064 at regions/51064_timeseries.txt. Skipping.
Warning: Invalid shape (176, 169) or empty file for subject 51065 at regions/51065_timeseries.txt. Skipping.
Warning: Invalid shape (176, 169) or empty file for subject 51066 at regions/51066_timeseries.txt. Skipping.
Warning: Invalid shape (176, 169) or empty file for subject 51068 at regions/51068_timeseries.txt. Skipping.
Warning: Invalid shape (176, 169) or empty file for subject 51070 at regions/51070_timeseries.txt. Skipping.
Warning: Invalid shape (176, 169) or empty file for subject 51072 at regions/51072_timeseries.txt. Skipping.
Warning: Invalid shape (176, 169) or empty file for subject 51073 at regions/51073_timeseries.txt. Skipping.
Warning: Invalid shape (176, 169) or empty file for subject 51074 at regions/51074_timeseries.txt. Skipping.
Warning: Invalid shape (176, 169) or empty file for subject 51075 at regions/51075_timeseries.txt. Skipping.
Warning: Invalid shape (176, 169) or empty file for subject 51076 at regions/51076_timeseries.txt. Skipping.
Warning: Invalid shape (176, 169) or empty file for subject 51077 at regions/51077_timeseries.txt. Skipping.
Warning: Invalid shape (176, 169) or empty file for subject 51078 at regions/51078_timeseries.txt. Skipping.
Warning: Invalid shape (176, 169) or empty file for subject 51079 at regions/51079_timeseries.txt. Skipping.
Warning: Invalid shape (176, 169) or empty file for subject 51080 at regions/51080_timeseries.txt. Skipping.
Warning: Invalid shape (176, 169) or empty file for subject 51081 at regions/51081_timeseries.txt. Skipping.
Warning: Invalid shape (176, 169) or empty file for subject 51082 at regions/51082_timeseries.txt. Skipping.
Warning: Invalid shape (176, 169) or empty file for subject 51083 at regions/51083_timeseries.txt. Skipping.
Warning: Invalid shape (176, 169) or empty file for subject 51084 at regions/51084_timeseries.txt. Skipping.
Warning: Invalid shape (176, 169) or empty file for subject 51085 at regions/51085_timeseries.txt. Skipping.
Warning: Invalid shape (176, 169) or empty file for subject 51086 at regions/51086_timeseries.txt. Skipping.
Warning: Invalid shape (176, 169) or empty file for subject 51087 at regions/51087_timeseries.txt. Skipping.
Warning: Invalid shape (176, 169) or empty file for subject 51088 at regions/51088_timeseries.txt. Skipping.
Warning: Invalid shape (176, 169) or empty file for subject 51089 at regions/51089_timeseries.txt. Skipping.
Warning: Invalid shape (176, 169) or empty file for subject 51090 at regions/51090_timeseries.txt. Skipping.
Warning: Invalid shape (176, 169) or empty file for subject 51091 at regions/51091_timeseries.txt. Skipping.
Warning: Invalid shape (176, 169) or empty file for subject 51093 at regions/51093_timeseries.txt. Skipping.
Warning: Invalid shape (176, 169) or empty file for subject 51094 at regions/51094_timeseries.txt. Skipping.
Warning: Invalid shape (176, 169) or empty file for subject 51095 at regions/51095_timeseries.txt. Skipping.
Warning: Invalid shape (176, 169) or empty file for subject 51096 at regions/51096_timeseries.txt. Skipping.
Warning: Invalid shape (176, 169) or empty file for subject 51097 at regions/51097_timeseries.txt. Skipping.
Warning: Invalid shape (176, 169) or empty file for subject 51098 at regions/51098_timeseries.txt. Skipping.
Warning: Invalid shape (176, 169) or empty file for subject 51099 at regions/51099_timeseries.txt. Skipping.
Warning: Invalid shape (176, 169) or empty file for subject 51100 at regions/51100_timeseries.txt. Skipping.
Warning: Invalid shape (176, 169) or empty file for subject 51102 at regions/51102_timeseries.txt. Skipping.
Warning: Invalid shape (176, 169) or empty file for subject 51103 at regions/51103_timeseries.txt. Skipping.
Warning: Invalid shape (176, 169) or empty file for subject 51104 at regions/51104_timeseries.txt. Skipping.
Warning: Invalid shape (176, 169) or empty file for subject 51105 at regions/51105_timeseries.txt. Skipping.
Warning: Invalid shape (176, 169) or empty file for subject 51107 at regions/51107_timeseries.txt. Skipping.
Warning: Invalid shape (176, 169) or empty file for subject 51109 at regions/51109_timeseries.txt. Skipping.
Warning: Invalid shape (176, 169) or empty file for subject 51110 at regions/51110_timeseries.txt. Skipping.
Warning: Invalid shape (176, 169) or empty file for subject 51111 at regions/51111_timeseries.txt. Skipping.
Warning: Invalid shape (176, 169) or empty file for subject 51113 at regions/51113_timeseries.txt. Skipping.
Warning: Invalid shape (176, 169) or empty file for subject 51114 at regions/51114_timeseries.txt. Skipping.
Warning: Invalid shape (176, 169) or empty file for subject 51117 at regions/51117_timeseries.txt. Skipping.
Warning: Invalid shape (176, 169) or empty file for subject 51118 at regions/51118_timeseries.txt. Skipping.
Warning: Invalid shape (176, 169) or empty file for subject 51122 at regions/51122_timeseries.txt. Skipping.
Warning: Invalid shape (176, 169) or empty file for subject 51123 at regions/51123_timeseries.txt. Skipping.
Warning: Invalid shape (176, 169) or empty file for subject 51124 at regions/51124_timeseries.txt. Skipping.
Warning: Invalid shape (176, 169) or empty file for subject 51126 at regions/51126_timeseries.txt. Skipping.
Warning: Invalid shape (176, 169) or empty file for subject 51127 at regions/51127_timeseries.txt. Skipping.
Warning: Invalid shape (176, 169) or empty file for subject 51128 at regions/51128_timeseries.txt. Skipping.
Warning: Invalid shape (176, 169) or empty file for subject 51129 at regions/51129_timeseries.txt. Skipping.
Warning: Invalid shape (176, 169) or empty file for subject 51130 at regions/51130_timeseries.txt. Skipping.
Warning: Invalid shape (176, 169) or empty file for subject 51131 at regions/51131_timeseries.txt. Skipping.
Warning: Invalid shape (146, 169) or empty file for subject 51132 at regions/51132_timeseries.txt. Skipping.
Warning: Invalid shape (146, 169) or empty file for subject 51133 at regions/51133_timeseries.txt. Skipping.
Warning: Invalid shape (146, 169) or empty file for subject 51134 at regions/51134_timeseries.txt. Skipping.
Warning: Invalid shape (146, 169) or empty file for subject 51135 at regions/51135_timeseries.txt. Skipping.
Warning: Invalid shape (146, 169) or empty file for subject 51136 at regions/51136_timeseries.txt. Skipping.
Warning: Invalid shape (146, 169) or empty file for subject 51137 at regions/51137_timeseries.txt. Skipping.
Warning: Invalid shape (146, 169) or empty file for subject 51138 at regions/51138_timeseries.txt. Skipping.
Warning: Invalid shape (146, 169) or empty file for subject 51139 at regions/51139_timeseries.txt. Skipping.
Warning: Invalid shape (146, 169) or empty file for subject 51140 at regions/51140_timeseries.txt. Skipping.
Warning: Invalid shape (146, 169) or empty file for subject 51141 at regions/51141_timeseries.txt. Skipping.
Warning: Invalid shape (146, 169) or empty file for subject 51142 at regions/51142_timeseries.txt. Skipping.
Warning: Invalid shape (176, 169) or empty file for subject 51146 at regions/51146_timeseries.txt. Skipping.
Warning: Invalid shape (176, 169) or empty file for subject 51147 at regions/51147_timeseries.txt. Skipping.
Warning: Invalid shape (176, 169) or empty file for subject 51148 at regions/51148_timeseries.txt. Skipping.
Warning: Invalid shape (176, 169) or empty file for subject 51150 at regions/51150_timeseries.txt. Skipping.
Warning: Invalid shape (176, 169) or empty file for subject 51151 at regions/51151_timeseries.txt. Skipping.
Warning: Invalid shape (176, 169) or empty file for subject 51152 at regions/51152_timeseries.txt. Skipping.
Warning: Invalid shape (176, 169) or empty file for subject 51153 at regions/51153_timeseries.txt. Skipping.
Warning: Invalid shape (176, 169) or empty file for subject 51155 at regions/51155_timeseries.txt. Skipping.
Warning: Invalid shape (176, 169) or empty file for subject 51163 at regions/51163_timeseries.txt. Skipping.
Warning: Invalid shape (176, 169) or empty file for subject 51164 at regions/51164_timeseries.txt. Skipping.
Warning: Invalid shape (176, 169) or empty file for subject 51168 at regions/51168_timeseries.txt. Skipping.
Warning: Invalid shape (176, 169) or empty file for subject 51169 at regions/51169_timeseries.txt. Skipping.
Warning: Invalid shape (176, 169) or empty file for subject 51171 at regions/51171_timeseries.txt. Skipping.
Warning: Invalid shape (176, 169) or empty file for subject 51173 at regions/51173_timeseries.txt. Skipping.
Warning: Invalid shape (176, 169) or empty file for subject 51177 at regions/51177_timeseries.txt. Skipping.
Warning: Invalid shape (176, 169) or empty file for subject 51178 at regions/51178_timeseries.txt. Skipping.
Warning: Invalid shape (176, 169) or empty file for subject 51179 at regions/51179_timeseries.txt. Skipping.
Warning: Invalid shape (236, 169) or empty file for subject 51181 at regions/51181_timeseries.txt. Skipping.
Warning: Invalid shape (236, 169) or empty file for subject 51183 at regions/51183_timeseries.txt. Skipping.
Warning: Invalid shape (236, 169) or empty file for subject 51184 at regions/51184_timeseries.txt. Skipping.
Warning: Invalid shape (236, 169) or empty file for subject 51185 at regions/51185_timeseries.txt. Skipping.
Warning: Invalid shape (236, 169) or empty file for subject 51187 at regions/51187_timeseries.txt. Skipping.
Warning: Invalid shape (236, 169) or empty file for subject 51188 at regions/51188_timeseries.txt. Skipping.
Warning: Invalid shape (236, 169) or empty file for subject 51189 at regions/51189_timeseries.txt. Skipping.
Warning: Invalid shape (236, 169) or empty file for subject 51192 at regions/51192_timeseries.txt. Skipping.
Warning: Invalid shape (236, 169) or empty file for subject 51194 at regions/51194_timeseries.txt. Skipping.
Warning: Invalid shape (236, 169) or empty file for subject 51197 at regions/51197_timeseries.txt. Skipping.
Warning: Invalid shape (236, 169) or empty file for subject 51198 at regions/51198_timeseries.txt. Skipping.
Warning: Invalid shape (116, 169) or empty file for subject 51201 at regions/51201_timeseries.txt. Skipping.
Warning: Invalid shape (116, 169) or empty file for subject 51202 at regions/51202_timeseries.txt. Skipping.
Warning: Invalid shape (116, 169) or empty file for subject 51203 at regions/51203_timeseries.txt. Skipping.
Warning: Invalid shape (116, 169) or empty file for subject 51204 at regions/51204_timeseries.txt. Skipping.
Warning: Invalid shape (116, 169) or empty file for subject 51205 at regions/51205_timeseries.txt. Skipping.
Warning: Invalid shape (116, 169) or empty file for subject 51206 at regions/51206_timeseries.txt. Skipping.
Warning: Invalid shape (116, 169) or empty file for subject 51207 at regions/51207_timeseries.txt. Skipping.
Warning: Invalid shape (116, 169) or empty file for subject 51208 at regions/51208_timeseries.txt. Skipping.
Warning: Invalid shape (116, 169) or empty file for subject 51210 at regions/51210_timeseries.txt. Skipping.
Warning: Invalid shape (116, 169) or empty file for subject 51211 at regions/51211_timeseries.txt. Skipping.
Warning: Invalid shape (116, 169) or empty file for subject 51212 at regions/51212_timeseries.txt. Skipping.
Warning: Invalid shape (116, 169) or empty file for subject 51214 at regions/51214_timeseries.txt. Skipping.
Warning: Invalid shape (116, 169) or empty file for subject 51216 at regions/51216_timeseries.txt. Skipping.
Warning: Invalid shape (116, 169) or empty file for subject 51217 at regions/51217_timeseries.txt. Skipping.
Warning: Invalid shape (116, 169) or empty file for subject 51218 at regions/51218_timeseries.txt. Skipping.
Warning: Invalid shape (116, 169) or empty file for subject 51219 at regions/51219_timeseries.txt. Skipping.
Warning: Invalid shape (116, 169) or empty file for subject 51220 at regions/51220_timeseries.txt. Skipping.
Warning: Invalid shape (116, 169) or empty file for subject 51221 at regions/51221_timeseries.txt. Skipping.
Warning: Invalid shape (116, 169) or empty file for subject 51222 at regions/51222_timeseries.txt. Skipping.
Warning: Invalid shape (116, 169) or empty file for subject 51223 at regions/51223_timeseries.txt. Skipping.
Warning: Invalid shape (116, 169) or empty file for subject 51224 at regions/51224_timeseries.txt. Skipping.
Warning: Invalid shape (116, 169) or empty file for subject 51225 at regions/51225_timeseries.txt. Skipping.
Warning: Invalid shape (116, 169) or empty file for subject 51226 at regions/51226_timeseries.txt. Skipping.
Warning: Invalid shape (116, 169) or empty file for subject 51228 at regions/51228_timeseries.txt. Skipping.
Warning: Invalid shape (116, 169) or empty file for subject 51229 at regions/51229_timeseries.txt. Skipping.
Warning: Invalid shape (116, 169) or empty file for subject 51230 at regions/51230_timeseries.txt. Skipping.
Warning: Invalid shape (116, 169) or empty file for subject 51231 at regions/51231_timeseries.txt. Skipping.
Warning: Invalid shape (116, 169) or empty file for subject 51234 at regions/51234_timeseries.txt. Skipping.
Warning: Invalid shape (116, 169) or empty file for subject 51235 at regions/51235_timeseries.txt. Skipping.
Warning: Invalid shape (116, 169) or empty file for subject 51236 at regions/51236_timeseries.txt. Skipping.
Warning: Invalid shape (116, 169) or empty file for subject 51237 at regions/51237_timeseries.txt. Skipping.
Warning: Invalid shape (116, 169) or empty file for subject 51239 at regions/51239_timeseries.txt. Skipping.
Warning: Invalid shape (116, 169) or empty file for subject 51240 at regions/51240_timeseries.txt. Skipping.
Warning: Invalid shape (116, 169) or empty file for subject 51241 at regions/51241_timeseries.txt. Skipping.
Warning: Invalid shape (116, 169) or empty file for subject 51248 at regions/51248_timeseries.txt. Skipping.
Warning: Invalid shape (116, 169) or empty file for subject 51249 at regions/51249_timeseries.txt. Skipping.
Warning: Invalid shape (116, 169) or empty file for subject 51250 at regions/51250_timeseries.txt. Skipping.
Warning: Invalid shape (116, 169) or empty file for subject 51251 at regions/51251_timeseries.txt. Skipping.
Warning: Invalid shape (116, 169) or empty file for subject 51253 at regions/51253_timeseries.txt. Skipping.
Warning: Invalid shape (116, 169) or empty file for subject 51254 at regions/51254_timeseries.txt. Skipping.
Warning: Invalid shape (116, 169) or empty file for subject 51255 at regions/51255_timeseries.txt. Skipping.
Warning: Invalid shape (116, 169) or empty file for subject 51256 at regions/51256_timeseries.txt. Skipping.
Warning: Invalid shape (116, 169) or empty file for subject 51257 at regions/51257_timeseries.txt. Skipping.
Warning: Invalid shape (116, 169) or empty file for subject 51260 at regions/51260_timeseries.txt. Skipping.
Warning: Invalid shape (116, 169) or empty file for subject 51261 at regions/51261_timeseries.txt. Skipping.
Warning: Invalid shape (116, 169) or empty file for subject 51262 at regions/51262_timeseries.txt. Skipping.
Warning: Invalid shape (116, 169) or empty file for subject 51264 at regions/51264_timeseries.txt. Skipping.
Warning: Invalid shape (116, 169) or empty file for subject 51265 at regions/51265_timeseries.txt. Skipping.
Warning: Invalid shape (116, 169) or empty file for subject 51266 at regions/51266_timeseries.txt. Skipping.
Warning: Invalid shape (116, 169) or empty file for subject 51267 at regions/51267_timeseries.txt. Skipping.
Warning: Invalid shape (116, 169) or empty file for subject 51268 at regions/51268_timeseries.txt. Skipping.
Warning: Invalid shape (116, 169) or empty file for subject 51269 at regions/51269_timeseries.txt. Skipping.
Warning: Invalid shape (116, 169) or empty file for subject 51271 at regions/51271_timeseries.txt. Skipping.
Warning: Invalid shape (116, 169) or empty file for subject 51272 at regions/51272_timeseries.txt. Skipping.
Warning: Invalid shape (116, 169) or empty file for subject 51273 at regions/51273_timeseries.txt. Skipping.
Warning: Invalid shape (116, 169) or empty file for subject 51275 at regions/51275_timeseries.txt. Skipping.
Warning: Invalid shape (116, 169) or empty file for subject 51276 at regions/51276_timeseries.txt. Skipping.
Warning: Invalid shape (116, 169) or empty file for subject 51277 at regions/51277_timeseries.txt. Skipping.
Warning: Invalid shape (116, 169) or empty file for subject 51278 at regions/51278_timeseries.txt. Skipping.
Warning: Invalid shape (116, 169) or empty file for subject 51279 at regions/51279_timeseries.txt. Skipping.
Warning: Invalid shape (116, 169) or empty file for subject 51281 at regions/51281_timeseries.txt. Skipping.
Warning: Invalid shape (116, 169) or empty file for subject 51291 at regions/51291_timeseries.txt. Skipping.
Warning: Invalid shape (116, 169) or empty file for subject 51292 at regions/51292_timeseries.txt. Skipping.
Warning: Invalid shape (116, 169) or empty file for subject 51294 at regions/51294_timeseries.txt. Skipping.
Warning: Invalid shape (116, 169) or empty file for subject 51295 at regions/51295_timeseries.txt. Skipping.
Warning: Invalid shape (116, 169) or empty file for subject 51297 at regions/51297_timeseries.txt. Skipping.
Warning: Invalid shape (116, 169) or empty file for subject 51298 at regions/51298_timeseries.txt. Skipping.
Warning: Invalid shape (116, 169) or empty file for subject 51299 at regions/51299_timeseries.txt. Skipping.
Warning: Invalid shape (116, 169) or empty file for subject 51300 at regions/51300_timeseries.txt. Skipping.
Warning: Invalid shape (116, 169) or empty file for subject 51301 at regions/51301_timeseries.txt. Skipping.
Warning: Invalid shape (116, 169) or empty file for subject 51302 at regions/51302_timeseries.txt. Skipping.
Warning: Invalid shape (116, 169) or empty file for subject 51303 at regions/51303_timeseries.txt. Skipping.
Warning: Invalid shape (116, 169) or empty file for subject 51305 at regions/51305_timeseries.txt. Skipping.
Warning: Invalid shape (116, 169) or empty file for subject 51306 at regions/51306_timeseries.txt. Skipping.
Warning: Invalid shape (116, 169) or empty file for subject 51307 at regions/51307_timeseries.txt. Skipping.
Warning: Invalid shape (116, 169) or empty file for subject 51308 at regions/51308_timeseries.txt. Skipping.
Warning: Invalid shape (116, 169) or empty file for subject 51309 at regions/51309_timeseries.txt. Skipping.
Warning: Invalid shape (116, 169) or empty file for subject 51311 at regions/51311_timeseries.txt. Skipping.
Warning: Invalid shape (116, 169) or empty file for subject 51313 at regions/51313_timeseries.txt. Skipping.
Warning: Invalid shape (116, 169) or empty file for subject 51315 at regions/51315_timeseries.txt. Skipping.
Warning: Invalid shape (116, 169) or empty file for subject 51318 at regions/51318_timeseries.txt. Skipping.
Warning: Invalid shape (116, 169) or empty file for subject 51319 at regions/51319_timeseries.txt. Skipping.
Warning: Invalid shape (116, 169) or empty file for subject 51320 at regions/51320_timeseries.txt. Skipping.
Warning: Invalid shape (116, 169) or empty file for subject 51321 at regions/51321_timeseries.txt. Skipping.
Warning: Invalid shape (116, 169) or empty file for subject 51322 at regions/51322_timeseries.txt. Skipping.
Warning: Invalid shape (116, 169) or empty file for subject 51323 at regions/51323_timeseries.txt. Skipping.
Warning: Invalid shape (116, 169) or empty file for subject 51325 at regions/51325_timeseries.txt. Skipping.
Warning: Invalid shape (116, 169) or empty file for subject 51326 at regions/51326_timeseries.txt. Skipping.
Warning: Invalid shape (116, 169) or empty file for subject 51327 at regions/51327_timeseries.txt. Skipping.
Warning: Invalid shape (116, 169) or empty file for subject 51328 at regions/51328_timeseries.txt. Skipping.
Warning: Invalid shape (196, 169) or empty file for subject 51329 at regions/51329_timeseries.txt. Skipping.
Warning: Invalid shape (196, 169) or empty file for subject 51331 at regions/51331_timeseries.txt. Skipping.
Warning: Invalid shape (116, 169) or empty file for subject 51332 at regions/51332_timeseries.txt. Skipping.
Warning: Invalid shape (116, 169) or empty file for subject 51333 at regions/51333_timeseries.txt. Skipping.
Warning: Invalid shape (116, 169) or empty file for subject 51334 at regions/51334_timeseries.txt. Skipping.
Warning: Invalid shape (116, 169) or empty file for subject 51335 at regions/51335_timeseries.txt. Skipping.
Warning: Invalid shape (116, 169) or empty file for subject 51336 at regions/51336_timeseries.txt. Skipping.
Warning: Invalid shape (116, 169) or empty file for subject 51338 at regions/51338_timeseries.txt. Skipping.
Warning: Invalid shape (116, 169) or empty file for subject 51339 at regions/51339_timeseries.txt. Skipping.
Warning: Invalid shape (116, 169) or empty file for subject 51340 at regions/51340_timeseries.txt. Skipping.
Warning: Invalid shape (116, 169) or empty file for subject 51341 at regions/51341_timeseries.txt. Skipping.
Warning: Invalid shape (116, 169) or empty file for subject 51342 at regions/51342_timeseries.txt. Skipping.
Warning: Invalid shape (116, 169) or empty file for subject 51343 at regions/51343_timeseries.txt. Skipping.
Warning: Invalid shape (116, 169) or empty file for subject 51344 at regions/51344_timeseries.txt. Skipping.
Warning: Invalid shape (116, 169) or empty file for subject 51345 at regions/51345_timeseries.txt. Skipping.
Warning: Invalid shape (116, 169) or empty file for subject 51346 at regions/51346_timeseries.txt. Skipping.
Warning: Invalid shape (116, 169) or empty file for subject 51347 at regions/51347_timeseries.txt. Skipping.
Warning: Invalid shape (196, 169) or empty file for subject 51349 at regions/51349_timeseries.txt. Skipping.
Warning: Invalid shape (196, 169) or empty file for subject 51350 at regions/51350_timeseries.txt. Skipping.
Warning: Invalid shape (196, 169) or empty file for subject 51351 at regions/51351_timeseries.txt. Skipping.
Warning: Invalid shape (196, 169) or empty file for subject 51354 at regions/51354_timeseries.txt. Skipping.
Warning: Invalid shape (196, 169) or empty file for subject 51356 at regions/51356_timeseries.txt. Skipping.
Warning: Invalid shape (196, 169) or empty file for subject 51357 at regions/51357_timeseries.txt. Skipping.
Warning: Invalid shape (196, 169) or empty file for subject 51359 at regions/51359_timeseries.txt. Skipping.
Warning: Invalid shape (196, 169) or empty file for subject 51360 at regions/51360_timeseries.txt. Skipping.
Warning: Invalid shape (196, 169) or empty file for subject 51361 at regions/51361_timeseries.txt. Skipping.
Warning: Invalid shape (116, 169) or empty file for subject 51362 at regions/51362_timeseries.txt. Skipping.
Warning: Invalid shape (116, 169) or empty file for subject 51363 at regions/51363_timeseries.txt. Skipping.
Warning: Invalid shape (116, 169) or empty file for subject 51364 at regions/51364_timeseries.txt. Skipping.
Warning: Invalid shape (116, 169) or empty file for subject 51365 at regions/51365_timeseries.txt. Skipping.
Warning: Invalid shape (116, 169) or empty file for subject 51369 at regions/51369_timeseries.txt. Skipping.
Warning: Invalid shape (116, 169) or empty file for subject 51370 at regions/51370_timeseries.txt. Skipping.
Warning: Invalid shape (116, 169) or empty file for subject 51373 at regions/51373_timeseries.txt. Skipping.
Warning: Invalid shape (146, 169) or empty file for subject 51461 at regions/51461_timeseries.txt. Skipping.
Warning: Invalid shape (146, 169) or empty file for subject 51473 at regions/51473_timeseries.txt. Skipping.
Warning: Invalid shape (146, 169) or empty file for subject 51481 at regions/51481_timeseries.txt. Skipping.
Warning: Invalid shape (146, 169) or empty file for subject 51482 at regions/51482_timeseries.txt. Skipping.
Warning: Invalid shape (146, 169) or empty file for subject 51484 at regions/51484_timeseries.txt. Skipping.
Warning: Invalid shape (146, 169) or empty file for subject 51487 at regions/51487_timeseries.txt. Skipping.
Warning: Invalid shape (146, 169) or empty file for subject 51491 at regions/51491_timeseries.txt. Skipping.
Warning: Invalid shape (146, 169) or empty file for subject 51493 at regions/51493_timeseries.txt. Skipping.
Warning: Invalid shape (196, 169) or empty file for subject 51556 at regions/51556_timeseries.txt. Skipping.
Warning: Invalid shape (196, 169) or empty file for subject 51557 at regions/51557_timeseries.txt. Skipping.
Warning: Invalid shape (196, 169) or empty file for subject 51558 at regions/51558_timeseries.txt. Skipping.
Warning: Invalid shape (196, 169) or empty file for subject 51559 at regions/51559_timeseries.txt. Skipping.
Warning: Invalid shape (196, 169) or empty file for subject 51560 at regions/51560_timeseries.txt. Skipping.
Warning: Invalid shape (196, 169) or empty file for subject 51562 at regions/51562_timeseries.txt. Skipping.
Warning: Invalid shape (196, 169) or empty file for subject 51563 at regions/51563_timeseries.txt. Skipping.
Warning: Invalid shape (196, 169) or empty file for subject 51564 at regions/51564_timeseries.txt. Skipping.
Warning: Invalid shape (196, 169) or empty file for subject 51565 at regions/51565_timeseries.txt. Skipping.
Warning: Invalid shape (196, 169) or empty file for subject 51566 at regions/51566_timeseries.txt. Skipping.
Warning: Invalid shape (196, 169) or empty file for subject 51567 at regions/51567_timeseries.txt. Skipping.
Warning: Invalid shape (196, 169) or empty file for subject 51568 at regions/51568_timeseries.txt. Skipping.
Warning: Invalid shape (196, 169) or empty file for subject 51569 at regions/51569_timeseries.txt. Skipping.
Warning: Invalid shape (196, 169) or empty file for subject 51570 at regions/51570_timeseries.txt. Skipping.
Warning: Invalid shape (196, 169) or empty file for subject 51572 at regions/51572_timeseries.txt. Skipping.
Warning: Invalid shape (196, 169) or empty file for subject 51573 at regions/51573_timeseries.txt. Skipping.
Warning: Invalid shape (196, 169) or empty file for subject 51574 at regions/51574_timeseries.txt. Skipping.
Warning: Invalid shape (196, 169) or empty file for subject 51576 at regions/51576_timeseries.txt. Skipping.
Warning: Invalid shape (196, 169) or empty file for subject 51577 at regions/51577_timeseries.txt. Skipping.
Warning: Invalid shape (196, 169) or empty file for subject 51578 at regions/51578_timeseries.txt. Skipping.
Warning: Invalid shape (196, 169) or empty file for subject 51579 at regions/51579_timeseries.txt. Skipping.
Warning: Invalid shape (196, 169) or empty file for subject 51580 at regions/51580_timeseries.txt. Skipping.
Warning: Invalid shape (196, 169) or empty file for subject 51582 at regions/51582_timeseries.txt. Skipping.
Warning: Invalid shape (196, 169) or empty file for subject 51583 at regions/51583_timeseries.txt. Skipping.
Warning: Invalid shape (196, 169) or empty file for subject 51584 at regions/51584_timeseries.txt. Skipping.
Warning: Invalid shape (196, 169) or empty file for subject 51585 at regions/51585_timeseries.txt. Skipping.
Warning: Invalid shape (116, 169) or empty file for subject 51606 at regions/51606_timeseries.txt. Skipping.
Warning: Invalid shape (116, 169) or empty file for subject 51607 at regions/51607_timeseries.txt. Skipping.
Warning: Invalid shape (196, 169) or empty file for subject 50013 at regions/50013_timeseries.txt. Skipping.
Warning: Invalid shape (196, 169) or empty file for subject 50022 at regions/50022_timeseries.txt. Skipping.
Warning: Invalid shape (196, 169) or empty file for subject 50035 at regions/50035_timeseries.txt. Skipping.
Warning: Invalid shape (196, 169) or empty file for subject 50040 at regions/50040_timeseries.txt. Skipping.
Warning: Invalid shape (196, 169) or empty file for subject 50045 at regions/50045_timeseries.txt. Skipping.
Warning: Invalid shape (196, 169) or empty file for subject 50047 at regions/50047_timeseries.txt. Skipping.
Warning: Invalid shape (206, 169) or empty file for subject 50111 at regions/50111_timeseries.txt. Skipping.
Warning: Invalid shape (206, 169) or empty file for subject 50116 at regions/50116_timeseries.txt. Skipping.
Warning: Invalid shape (78, 169) or empty file for subject 50142 at regions/50142_timeseries.txt. Skipping.
Warning: Invalid shape (78, 169) or empty file for subject 50143 at regions/50143_timeseries.txt. Skipping.
Warning: Invalid shape (78, 169) or empty file for subject 50150 at regions/50150_timeseries.txt. Skipping.
Warning: Invalid shape (78, 169) or empty file for subject 50157 at regions/50157_timeseries.txt. Skipping.
Warning: Invalid shape (176, 169) or empty file for subject 50199 at regions/50199_timeseries.txt. Skipping.
Warning: Invalid shape (146, 169) or empty file for subject 50233 at regions/50233_timeseries.txt. Skipping.
Warning: Invalid shape (146, 169) or empty file for subject 50234 at regions/50234_timeseries.txt. Skipping.
Warning: Invalid shape (146, 169) or empty file for subject 50250 at regions/50250_timeseries.txt. Skipping.
Warning: Invalid shape (296, 169) or empty file for subject 50318 at regions/50318_timeseries.txt. Skipping.
Warning: Invalid shape (296, 169) or empty file for subject 50321 at regions/50321_timeseries.txt. Skipping.
Warning: Invalid shape (296, 169) or empty file for subject 50351 at regions/50351_timeseries.txt. Skipping.
Warning: Invalid shape (296, 169) or empty file for subject 50369 at regions/50369_timeseries.txt. Skipping.
Warning: Invalid shape (296, 169) or empty file for subject 50397 at regions/50397_timeseries.txt. Skipping.
Warning: Invalid shape (296, 169) or empty file for subject 50411 at regions/50411_timeseries.txt. Skipping.
Warning: Invalid shape (236, 169) or empty file for subject 50439 at regions/50439_timeseries.txt. Skipping.
Warning: Invalid shape (236, 169) or empty file for subject 50442 at regions/50442_timeseries.txt. Skipping.
Warning: Invalid shape (236, 169) or empty file for subject 50468 at regions/50468_timeseries.txt. Skipping.
Warning: Invalid shape (236, 169) or empty file for subject 50488 at regions/50488_timeseries.txt. Skipping.
Warning: Invalid shape (236, 169) or empty file for subject 50500 at regions/50500_timeseries.txt. Skipping.
Warning: Invalid shape (236, 169) or empty file for subject 50502 at regions/50502_timeseries.txt. Skipping.
Warning: Invalid shape (236, 169) or empty file for subject 50519 at regions/50519_timeseries.txt. Skipping.
Warning: Invalid shape (196, 169) or empty file for subject 50572 at regions/50572_timeseries.txt. Skipping.
Warning: Invalid shape (196, 169) or empty file for subject 50603 at regions/50603_timeseries.txt. Skipping.
Warning: Invalid shape (196, 169) or empty file for subject 50608 at regions/50608_timeseries.txt. Skipping.
Warning: Invalid shape (196, 169) or empty file for subject 50613 at regions/50613_timeseries.txt. Skipping.
Warning: Invalid shape (196, 169) or empty file for subject 50622 at regions/50622_timeseries.txt. Skipping.
Warning: Invalid shape (196, 169) or empty file for subject 50623 at regions/50623_timeseries.txt. Skipping.
Warning: Invalid shape (316, 169) or empty file for subject 50648 at regions/50648_timeseries.txt. Skipping.
Warning: Invalid shape (236, 169) or empty file for subject 50649 at regions/50649_timeseries.txt. Skipping.
Warning: Invalid shape (246, 169) or empty file for subject 50683 at regions/50683_timeseries.txt. Skipping.
Warning: Invalid shape (246, 169) or empty file for subject 50706 at regions/50706_timeseries.txt. Skipping.
Warning: Invalid shape (246, 169) or empty file for subject 50707 at regions/50707_timeseries.txt. Skipping.
Warning: Invalid shape (246, 169) or empty file for subject 50708 at regions/50708_timeseries.txt. Skipping.
Warning: Invalid shape (246, 169) or empty file for subject 50722 at regions/50722_timeseries.txt. Skipping.
Warning: Invalid shape (246, 169) or empty file for subject 50741 at regions/50741_timeseries.txt. Skipping.
Warning: Invalid shape (152, 169) or empty file for subject 50775 at regions/50775_timeseries.txt. Skipping.
Warning: Invalid shape (152, 169) or empty file for subject 50786 at regions/50786_timeseries.txt. Skipping.
Warning: Invalid shape (152, 169) or empty file for subject 50790 at regions/50790_timeseries.txt. Skipping.
Warning: Invalid shape (152, 169) or empty file for subject 50798 at regions/50798_timeseries.txt. Skipping.
Warning: Invalid shape (152, 169) or empty file for subject 50799 at regions/50799_timeseries.txt. Skipping.
Warning: Invalid shape (124, 169) or empty file for subject 50817 at regions/50817_timeseries.txt. Skipping.
Warning: Invalid shape (176, 169) or empty file for subject 50964 at regions/50964_timeseries.txt. Skipping.
Warning: Invalid shape (176, 169) or empty file for subject 50974 at regions/50974_timeseries.txt. Skipping.
Warning: Invalid shape (176, 169) or empty file for subject 50986 at regions/50986_timeseries.txt. Skipping.
Warning: Invalid shape (176, 169) or empty file for subject 50991 at regions/50991_timeseries.txt. Skipping.
Warning: Invalid shape (176, 169) or empty file for subject 51034 at regions/51034_timeseries.txt. Skipping.
Warning: Invalid shape (176, 169) or empty file for subject 51042 at regions/51042_timeseries.txt. Skipping.
Warning: Invalid shape (176, 169) or empty file for subject 51048 at regions/51048_timeseries.txt. Skipping.
Warning: Invalid shape (176, 169) or empty file for subject 51050 at regions/51050_timeseries.txt. Skipping.
Warning: Invalid shape (176, 169) or empty file for subject 51051 at regions/51051_timeseries.txt. Skipping.
Warning: Invalid shape (176, 169) or empty file for subject 51059 at regions/51059_timeseries.txt. Skipping.
Warning: Invalid shape (176, 169) or empty file for subject 51067 at regions/51067_timeseries.txt. Skipping.
Warning: Invalid shape (176, 169) or empty file for subject 51069 at regions/51069_timeseries.txt. Skipping.
Warning: Invalid shape (176, 169) or empty file for subject 51101 at regions/51101_timeseries.txt. Skipping.
Warning: Invalid shape (176, 169) or empty file for subject 51106 at regions/51106_timeseries.txt. Skipping.
Warning: Invalid shape (176, 169) or empty file for subject 51112 at regions/51112_timeseries.txt. Skipping.
Warning: Invalid shape (176, 169) or empty file for subject 51116 at regions/51116_timeseries.txt. Skipping.
Warning: Invalid shape (176, 169) or empty file for subject 51149 at regions/51149_timeseries.txt. Skipping.
Warning: Invalid shape (176, 169) or empty file for subject 51154 at regions/51154_timeseries.txt. Skipping.
Warning: Invalid shape (176, 169) or empty file for subject 51156 at regions/51156_timeseries.txt. Skipping.
Warning: Invalid shape (176, 169) or empty file for subject 51159 at regions/51159_timeseries.txt. Skipping.
Warning: Invalid shape (176, 169) or empty file for subject 51161 at regions/51161_timeseries.txt. Skipping.
Warning: Invalid shape (176, 169) or empty file for subject 51162 at regions/51162_timeseries.txt. Skipping.
Warning: Invalid shape (176, 169) or empty file for subject 51170 at regions/51170_timeseries.txt. Skipping.
Warning: Invalid shape (236, 169) or empty file for subject 51180 at regions/51180_timeseries.txt. Skipping.
Warning: Invalid shape (236, 169) or empty file for subject 51182 at regions/51182_timeseries.txt. Skipping.
Warning: Invalid shape (116, 169) or empty file for subject 51215 at regions/51215_timeseries.txt. Skipping.
Warning: Invalid shape (116, 169) or empty file for subject 51252 at regions/51252_timeseries.txt. Skipping.
Warning: Invalid shape (116, 169) or empty file for subject 51280 at regions/51280_timeseries.txt. Skipping.
Warning: Invalid shape (116, 169) or empty file for subject 51293 at regions/51293_timeseries.txt. Skipping.
Warning: Invalid shape (116, 169) or empty file for subject 51304 at regions/51304_timeseries.txt. Skipping.
Warning: Invalid shape (196, 169) or empty file for subject 51330 at regions/51330_timeseries.txt. Skipping.
Warning: Invalid shape (146, 169) or empty file for subject 51463 at regions/51463_timeseries.txt. Skipping.
Warning: Invalid shape (146, 169) or empty file for subject 51464 at regions/51464_timeseries.txt. Skipping.
Warning: Invalid shape (146, 169) or empty file for subject 51465 at regions/51465_timeseries.txt. Skipping.
Warning: Invalid shape (146, 169) or empty file for subject 51477 at regions/51477_timeseries.txt. Skipping.
Warning: Invalid shape (146, 169) or empty file for subject 51479 at regions/51479_timeseries.txt. Skipping.
Warning: Invalid shape (146, 169) or empty file for subject 51480 at regions/51480_timeseries.txt. Skipping.
Warning: Invalid shape (146, 169) or empty file for subject 51488 at regions/51488_timeseries.txt. Skipping.
Error: No time series could be loaded successfully for this fold.
Critical Error: Could not load/pad time series for Fold 4. Skipping fold.

--- Fold 5/10 ---
Loading time series for 866 subjects in fold...
Warning: Invalid shape (196, 169) or empty file for subject 50003 at regions/50003_timeseries.txt. Skipping.
Warning: Invalid shape (196, 169) or empty file for subject 50004 at regions/50004_timeseries.txt. Skipping.
Warning: Invalid shape (196, 169) or empty file for subject 50005 at regions/50005_timeseries.txt. Skipping.
Warning: Invalid shape (196, 169) or empty file for subject 50006 at regions/50006_timeseries.txt. Skipping.
Warning: Invalid shape (196, 169) or empty file for subject 50007 at regions/50007_timeseries.txt. Skipping.
Warning: Invalid shape (196, 169) or empty file for subject 50008 at regions/50008_timeseries.txt. Skipping.
Warning: Invalid shape (196, 169) or empty file for subject 50010 at regions/50010_timeseries.txt. Skipping.
Warning: Invalid shape (196, 169) or empty file for subject 50011 at regions/50011_timeseries.txt. Skipping.
Warning: Invalid shape (196, 169) or empty file for subject 50012 at regions/50012_timeseries.txt. Skipping.
Warning: Invalid shape (196, 169) or empty file for subject 50013 at regions/50013_timeseries.txt. Skipping.
Warning: Invalid shape (196, 169) or empty file for subject 50014 at regions/50014_timeseries.txt. Skipping.
Warning: Invalid shape (196, 169) or empty file for subject 50015 at regions/50015_timeseries.txt. Skipping.
Warning: Invalid shape (196, 169) or empty file for subject 50016 at regions/50016_timeseries.txt. Skipping.
Warning: Invalid shape (196, 169) or empty file for subject 50020 at regions/50020_timeseries.txt. Skipping.
Warning: Invalid shape (196, 169) or empty file for subject 50022 at regions/50022_timeseries.txt. Skipping.
Warning: Invalid shape (196, 169) or empty file for subject 50023 at regions/50023_timeseries.txt. Skipping.
Warning: Invalid shape (196, 169) or empty file for subject 50024 at regions/50024_timeseries.txt. Skipping.
Warning: Invalid shape (196, 169) or empty file for subject 50025 at regions/50025_timeseries.txt. Skipping.
Warning: Invalid shape (196, 169) or empty file for subject 50026 at regions/50026_timeseries.txt. Skipping.
Warning: Invalid shape (196, 169) or empty file for subject 50027 at regions/50027_timeseries.txt. Skipping.
Warning: Invalid shape (196, 169) or empty file for subject 50028 at regions/50028_timeseries.txt. Skipping.
Warning: Invalid shape (196, 169) or empty file for subject 50031 at regions/50031_timeseries.txt. Skipping.
Warning: Invalid shape (196, 169) or empty file for subject 50032 at regions/50032_timeseries.txt. Skipping.
Warning: Invalid shape (196, 169) or empty file for subject 50033 at regions/50033_timeseries.txt. Skipping.
Warning: Invalid shape (196, 169) or empty file for subject 50034 at regions/50034_timeseries.txt. Skipping.
Warning: Invalid shape (196, 169) or empty file for subject 50035 at regions/50035_timeseries.txt. Skipping.
Warning: Invalid shape (196, 169) or empty file for subject 50036 at regions/50036_timeseries.txt. Skipping.
Warning: Invalid shape (196, 169) or empty file for subject 50037 at regions/50037_timeseries.txt. Skipping.
Warning: Invalid shape (196, 169) or empty file for subject 50038 at regions/50038_timeseries.txt. Skipping.
Warning: Invalid shape (196, 169) or empty file for subject 50039 at regions/50039_timeseries.txt. Skipping.
Warning: Invalid shape (196, 169) or empty file for subject 50040 at regions/50040_timeseries.txt. Skipping.
Warning: Invalid shape (196, 169) or empty file for subject 50041 at regions/50041_timeseries.txt. Skipping.
Warning: Invalid shape (196, 169) or empty file for subject 50042 at regions/50042_timeseries.txt. Skipping.
Warning: Invalid shape (196, 169) or empty file for subject 50043 at regions/50043_timeseries.txt. Skipping.
Warning: Invalid shape (196, 169) or empty file for subject 50044 at regions/50044_timeseries.txt. Skipping.
Warning: Invalid shape (196, 169) or empty file for subject 50045 at regions/50045_timeseries.txt. Skipping.
Warning: Invalid shape (196, 169) or empty file for subject 50046 at regions/50046_timeseries.txt. Skipping.
Warning: Invalid shape (196, 169) or empty file for subject 50047 at regions/50047_timeseries.txt. Skipping.
Warning: Invalid shape (196, 169) or empty file for subject 50048 at regions/50048_timeseries.txt. Skipping.
Warning: Invalid shape (196, 169) or empty file for subject 50049 at regions/50049_timeseries.txt. Skipping.
Warning: Invalid shape (196, 169) or empty file for subject 50051 at regions/50051_timeseries.txt. Skipping.
Warning: Invalid shape (196, 169) or empty file for subject 50052 at regions/50052_timeseries.txt. Skipping.
Warning: Invalid shape (196, 169) or empty file for subject 50053 at regions/50053_timeseries.txt. Skipping.
Warning: Invalid shape (196, 169) or empty file for subject 50054 at regions/50054_timeseries.txt. Skipping.
Warning: Invalid shape (196, 169) or empty file for subject 50056 at regions/50056_timeseries.txt. Skipping.
Warning: Invalid shape (196, 169) or empty file for subject 50057 at regions/50057_timeseries.txt. Skipping.
Warning: Invalid shape (196, 169) or empty file for subject 50059 at regions/50059_timeseries.txt. Skipping.
Warning: Invalid shape (196, 169) or empty file for subject 50060 at regions/50060_timeseries.txt. Skipping.
Warning: Invalid shape (206, 169) or empty file for subject 50102 at regions/50102_timeseries.txt. Skipping.
Warning: Invalid shape (206, 169) or empty file for subject 50103 at regions/50103_timeseries.txt. Skipping.
Warning: Invalid shape (206, 169) or empty file for subject 50104 at regions/50104_timeseries.txt. Skipping.
Warning: Invalid shape (206, 169) or empty file for subject 50105 at regions/50105_timeseries.txt. Skipping.
Warning: Invalid shape (206, 169) or empty file for subject 50106 at regions/50106_timeseries.txt. Skipping.
Warning: Invalid shape (206, 169) or empty file for subject 50107 at regions/50107_timeseries.txt. Skipping.
Warning: Invalid shape (206, 169) or empty file for subject 50109 at regions/50109_timeseries.txt. Skipping.
Warning: Invalid shape (206, 169) or empty file for subject 50111 at regions/50111_timeseries.txt. Skipping.
Warning: Invalid shape (206, 169) or empty file for subject 50112 at regions/50112_timeseries.txt. Skipping.
Warning: Invalid shape (206, 169) or empty file for subject 50113 at regions/50113_timeseries.txt. Skipping.
Warning: Invalid shape (206, 169) or empty file for subject 50114 at regions/50114_timeseries.txt. Skipping.
Warning: Invalid shape (206, 169) or empty file for subject 50115 at regions/50115_timeseries.txt. Skipping.
Warning: Invalid shape (206, 169) or empty file for subject 50116 at regions/50116_timeseries.txt. Skipping.
Warning: Invalid shape (206, 169) or empty file for subject 50117 at regions/50117_timeseries.txt. Skipping.
Warning: Invalid shape (206, 169) or empty file for subject 50118 at regions/50118_timeseries.txt. Skipping.
Warning: Invalid shape (206, 169) or empty file for subject 50119 at regions/50119_timeseries.txt. Skipping.
Warning: Invalid shape (206, 169) or empty file for subject 50121 at regions/50121_timeseries.txt. Skipping.
Warning: Invalid shape (206, 169) or empty file for subject 50123 at regions/50123_timeseries.txt. Skipping.
Warning: Invalid shape (206, 169) or empty file for subject 50124 at regions/50124_timeseries.txt. Skipping.
Warning: Invalid shape (206, 169) or empty file for subject 50125 at regions/50125_timeseries.txt. Skipping.
Warning: Invalid shape (206, 169) or empty file for subject 50127 at regions/50127_timeseries.txt. Skipping.
Warning: Invalid shape (206, 169) or empty file for subject 50129 at regions/50129_timeseries.txt. Skipping.
Warning: Invalid shape (206, 169) or empty file for subject 50130 at regions/50130_timeseries.txt. Skipping.
Warning: Invalid shape (206, 169) or empty file for subject 50131 at regions/50131_timeseries.txt. Skipping.
Warning: Invalid shape (206, 169) or empty file for subject 50132 at regions/50132_timeseries.txt. Skipping.
Warning: Invalid shape (206, 169) or empty file for subject 50134 at regions/50134_timeseries.txt. Skipping.
Warning: Invalid shape (206, 169) or empty file for subject 50135 at regions/50135_timeseries.txt. Skipping.
Warning: Invalid shape (78, 169) or empty file for subject 50142 at regions/50142_timeseries.txt. Skipping.
Warning: Invalid shape (78, 169) or empty file for subject 50143 at regions/50143_timeseries.txt. Skipping.
Warning: Invalid shape (78, 169) or empty file for subject 50144 at regions/50144_timeseries.txt. Skipping.
Warning: Invalid shape (78, 169) or empty file for subject 50145 at regions/50145_timeseries.txt. Skipping.
Warning: Invalid shape (78, 169) or empty file for subject 50146 at regions/50146_timeseries.txt. Skipping.
Warning: Invalid shape (78, 169) or empty file for subject 50147 at regions/50147_timeseries.txt. Skipping.
Warning: Invalid shape (78, 169) or empty file for subject 50148 at regions/50148_timeseries.txt. Skipping.
Warning: Invalid shape (78, 169) or empty file for subject 50149 at regions/50149_timeseries.txt. Skipping.
Warning: Invalid shape (78, 169) or empty file for subject 50150 at regions/50150_timeseries.txt. Skipping.
Warning: Invalid shape (78, 169) or empty file for subject 50153 at regions/50153_timeseries.txt. Skipping.
Warning: Invalid shape (78, 169) or empty file for subject 50157 at regions/50157_timeseries.txt. Skipping.
Warning: Invalid shape (78, 169) or empty file for subject 50159 at regions/50159_timeseries.txt. Skipping.
Warning: Invalid shape (78, 169) or empty file for subject 50160 at regions/50160_timeseries.txt. Skipping.
Warning: Invalid shape (78, 169) or empty file for subject 50161 at regions/50161_timeseries.txt. Skipping.
Warning: Invalid shape (78, 169) or empty file for subject 50163 at regions/50163_timeseries.txt. Skipping.
Warning: Invalid shape (78, 169) or empty file for subject 50164 at regions/50164_timeseries.txt. Skipping.
Warning: Invalid shape (78, 169) or empty file for subject 50167 at regions/50167_timeseries.txt. Skipping.
Warning: Invalid shape (78, 169) or empty file for subject 50168 at regions/50168_timeseries.txt. Skipping.
Warning: Invalid shape (78, 169) or empty file for subject 50169 at regions/50169_timeseries.txt. Skipping.
Warning: Invalid shape (78, 169) or empty file for subject 50170 at regions/50170_timeseries.txt. Skipping.
Warning: Invalid shape (78, 169) or empty file for subject 50171 at regions/50171_timeseries.txt. Skipping.
Warning: Invalid shape (176, 169) or empty file for subject 50182 at regions/50182_timeseries.txt. Skipping.
Warning: Invalid shape (176, 169) or empty file for subject 50183 at regions/50183_timeseries.txt. Skipping.
Warning: Invalid shape (176, 169) or empty file for subject 50184 at regions/50184_timeseries.txt. Skipping.
Warning: Invalid shape (176, 169) or empty file for subject 50186 at regions/50186_timeseries.txt. Skipping.
Warning: Invalid shape (176, 169) or empty file for subject 50187 at regions/50187_timeseries.txt. Skipping.
Warning: Invalid shape (176, 169) or empty file for subject 50188 at regions/50188_timeseries.txt. Skipping.
Warning: Invalid shape (176, 169) or empty file for subject 50189 at regions/50189_timeseries.txt. Skipping.
Warning: Invalid shape (176, 169) or empty file for subject 50193 at regions/50193_timeseries.txt. Skipping.
Warning: Invalid shape (176, 169) or empty file for subject 50194 at regions/50194_timeseries.txt. Skipping.
Warning: Invalid shape (176, 169) or empty file for subject 50195 at regions/50195_timeseries.txt. Skipping.
Warning: Invalid shape (176, 169) or empty file for subject 50198 at regions/50198_timeseries.txt. Skipping.
Warning: Invalid shape (176, 169) or empty file for subject 50199 at regions/50199_timeseries.txt. Skipping.
Warning: Invalid shape (176, 169) or empty file for subject 50200 at regions/50200_timeseries.txt. Skipping.
Warning: Invalid shape (176, 169) or empty file for subject 50201 at regions/50201_timeseries.txt. Skipping.
Warning: Invalid shape (176, 169) or empty file for subject 50202 at regions/50202_timeseries.txt. Skipping.
Warning: Invalid shape (176, 169) or empty file for subject 50206 at regions/50206_timeseries.txt. Skipping.
Warning: Invalid shape (176, 169) or empty file for subject 50208 at regions/50208_timeseries.txt. Skipping.
Warning: Invalid shape (176, 169) or empty file for subject 50210 at regions/50210_timeseries.txt. Skipping.
Warning: Invalid shape (176, 169) or empty file for subject 50213 at regions/50213_timeseries.txt. Skipping.
Warning: Invalid shape (176, 169) or empty file for subject 50214 at regions/50214_timeseries.txt. Skipping.
Warning: Invalid shape (176, 169) or empty file for subject 50217 at regions/50217_timeseries.txt. Skipping.
Warning: Invalid shape (146, 169) or empty file for subject 50232 at regions/50232_timeseries.txt. Skipping.
Warning: Invalid shape (146, 169) or empty file for subject 50233 at regions/50233_timeseries.txt. Skipping.
Warning: Invalid shape (146, 169) or empty file for subject 50234 at regions/50234_timeseries.txt. Skipping.
Warning: Invalid shape (146, 169) or empty file for subject 50236 at regions/50236_timeseries.txt. Skipping.
Warning: Invalid shape (146, 169) or empty file for subject 50237 at regions/50237_timeseries.txt. Skipping.
Warning: Invalid shape (146, 169) or empty file for subject 50239 at regions/50239_timeseries.txt. Skipping.
Warning: Invalid shape (146, 169) or empty file for subject 50240 at regions/50240_timeseries.txt. Skipping.
Warning: Invalid shape (146, 169) or empty file for subject 50241 at regions/50241_timeseries.txt. Skipping.
Warning: Invalid shape (146, 169) or empty file for subject 50243 at regions/50243_timeseries.txt. Skipping.
Warning: Invalid shape (146, 169) or empty file for subject 50245 at regions/50245_timeseries.txt. Skipping.
Warning: Invalid shape (146, 169) or empty file for subject 50247 at regions/50247_timeseries.txt. Skipping.
Warning: Invalid shape (146, 169) or empty file for subject 50248 at regions/50248_timeseries.txt. Skipping.
Warning: Invalid shape (146, 169) or empty file for subject 50249 at regions/50249_timeseries.txt. Skipping.
Warning: Invalid shape (146, 169) or empty file for subject 50250 at regions/50250_timeseries.txt. Skipping.
Warning: Invalid shape (146, 169) or empty file for subject 50251 at regions/50251_timeseries.txt. Skipping.
Warning: Invalid shape (146, 169) or empty file for subject 50252 at regions/50252_timeseries.txt. Skipping.
Warning: Invalid shape (146, 169) or empty file for subject 50253 at regions/50253_timeseries.txt. Skipping.
Warning: Invalid shape (146, 169) or empty file for subject 50254 at regions/50254_timeseries.txt. Skipping.
Warning: Invalid shape (146, 169) or empty file for subject 50255 at regions/50255_timeseries.txt. Skipping.
Warning: Invalid shape (146, 169) or empty file for subject 50257 at regions/50257_timeseries.txt. Skipping.
Warning: Invalid shape (146, 169) or empty file for subject 50259 at regions/50259_timeseries.txt. Skipping.
Warning: Invalid shape (146, 169) or empty file for subject 50260 at regions/50260_timeseries.txt. Skipping.
Warning: Invalid shape (146, 169) or empty file for subject 50262 at regions/50262_timeseries.txt. Skipping.
Warning: Invalid shape (146, 169) or empty file for subject 50263 at regions/50263_timeseries.txt. Skipping.
Warning: Invalid shape (146, 169) or empty file for subject 50264 at regions/50264_timeseries.txt. Skipping.
Warning: Invalid shape (146, 169) or empty file for subject 50265 at regions/50265_timeseries.txt. Skipping.
Warning: Invalid shape (146, 169) or empty file for subject 50266 at regions/50266_timeseries.txt. Skipping.
Warning: Invalid shape (146, 169) or empty file for subject 50267 at regions/50267_timeseries.txt. Skipping.
Warning: Invalid shape (146, 169) or empty file for subject 50268 at regions/50268_timeseries.txt. Skipping.
Warning: Invalid shape (146, 169) or empty file for subject 50269 at regions/50269_timeseries.txt. Skipping.
Warning: Invalid shape (146, 169) or empty file for subject 50270 at regions/50270_timeseries.txt. Skipping.
Warning: Invalid shape (146, 169) or empty file for subject 50271 at regions/50271_timeseries.txt. Skipping.
Warning: Invalid shape (296, 169) or empty file for subject 50272 at regions/50272_timeseries.txt. Skipping.
Warning: Invalid shape (296, 169) or empty file for subject 50274 at regions/50274_timeseries.txt. Skipping.
Warning: Invalid shape (296, 169) or empty file for subject 50275 at regions/50275_timeseries.txt. Skipping.
Warning: Invalid shape (296, 169) or empty file for subject 50276 at regions/50276_timeseries.txt. Skipping.
Warning: Invalid shape (296, 169) or empty file for subject 50278 at regions/50278_timeseries.txt. Skipping.
Warning: Invalid shape (296, 169) or empty file for subject 50282 at regions/50282_timeseries.txt. Skipping.
Warning: Invalid shape (296, 169) or empty file for subject 50284 at regions/50284_timeseries.txt. Skipping.
Warning: Invalid shape (296, 169) or empty file for subject 50285 at regions/50285_timeseries.txt. Skipping.
Warning: Invalid shape (296, 169) or empty file for subject 50287 at regions/50287_timeseries.txt. Skipping.
Warning: Invalid shape (296, 169) or empty file for subject 50290 at regions/50290_timeseries.txt. Skipping.
Warning: Invalid shape (296, 169) or empty file for subject 50291 at regions/50291_timeseries.txt. Skipping.
Warning: Invalid shape (296, 169) or empty file for subject 50292 at regions/50292_timeseries.txt. Skipping.
Warning: Invalid shape (296, 169) or empty file for subject 50293 at regions/50293_timeseries.txt. Skipping.
Warning: Invalid shape (296, 169) or empty file for subject 50294 at regions/50294_timeseries.txt. Skipping.
Warning: Invalid shape (296, 169) or empty file for subject 50295 at regions/50295_timeseries.txt. Skipping.
Warning: Invalid shape (296, 169) or empty file for subject 50297 at regions/50297_timeseries.txt. Skipping.
Warning: Invalid shape (296, 169) or empty file for subject 50300 at regions/50300_timeseries.txt. Skipping.
Warning: Invalid shape (296, 169) or empty file for subject 50301 at regions/50301_timeseries.txt. Skipping.
Warning: Invalid shape (296, 169) or empty file for subject 50302 at regions/50302_timeseries.txt. Skipping.
Warning: Invalid shape (296, 169) or empty file for subject 50304 at regions/50304_timeseries.txt. Skipping.
Warning: Invalid shape (296, 169) or empty file for subject 50308 at regions/50308_timeseries.txt. Skipping.
Warning: Invalid shape (296, 169) or empty file for subject 50310 at regions/50310_timeseries.txt. Skipping.
Warning: Invalid shape (296, 169) or empty file for subject 50312 at regions/50312_timeseries.txt. Skipping.
Warning: Invalid shape (296, 169) or empty file for subject 50314 at regions/50314_timeseries.txt. Skipping.
Warning: Invalid shape (296, 169) or empty file for subject 50315 at regions/50315_timeseries.txt. Skipping.
Warning: Invalid shape (296, 169) or empty file for subject 50318 at regions/50318_timeseries.txt. Skipping.
Warning: Invalid shape (296, 169) or empty file for subject 50319 at regions/50319_timeseries.txt. Skipping.
Warning: Invalid shape (296, 169) or empty file for subject 50320 at regions/50320_timeseries.txt. Skipping.
Warning: Invalid shape (296, 169) or empty file for subject 50321 at regions/50321_timeseries.txt. Skipping.
Warning: Invalid shape (296, 169) or empty file for subject 50324 at regions/50324_timeseries.txt. Skipping.
Warning: Invalid shape (296, 169) or empty file for subject 50325 at regions/50325_timeseries.txt. Skipping.
Warning: Invalid shape (296, 169) or empty file for subject 50327 at regions/50327_timeseries.txt. Skipping.
Warning: Invalid shape (296, 169) or empty file for subject 50329 at regions/50329_timeseries.txt. Skipping.
Warning: Invalid shape (296, 169) or empty file for subject 50330 at regions/50330_timeseries.txt. Skipping.
Warning: Invalid shape (296, 169) or empty file for subject 50331 at regions/50331_timeseries.txt. Skipping.
Warning: Invalid shape (296, 169) or empty file for subject 50332 at regions/50332_timeseries.txt. Skipping.
Warning: Invalid shape (296, 169) or empty file for subject 50333 at regions/50333_timeseries.txt. Skipping.
Warning: Invalid shape (296, 169) or empty file for subject 50334 at regions/50334_timeseries.txt. Skipping.
Warning: Invalid shape (296, 169) or empty file for subject 50335 at regions/50335_timeseries.txt. Skipping.
Warning: Invalid shape (296, 169) or empty file for subject 50336 at regions/50336_timeseries.txt. Skipping.
Warning: Invalid shape (296, 169) or empty file for subject 50337 at regions/50337_timeseries.txt. Skipping.
Warning: Invalid shape (296, 169) or empty file for subject 50338 at regions/50338_timeseries.txt. Skipping.
Warning: Invalid shape (296, 169) or empty file for subject 50339 at regions/50339_timeseries.txt. Skipping.
Warning: Invalid shape (296, 169) or empty file for subject 50340 at regions/50340_timeseries.txt. Skipping.
Warning: Invalid shape (296, 169) or empty file for subject 50342 at regions/50342_timeseries.txt. Skipping.
Warning: Invalid shape (296, 169) or empty file for subject 50343 at regions/50343_timeseries.txt. Skipping.
Warning: Invalid shape (296, 169) or empty file for subject 50345 at regions/50345_timeseries.txt. Skipping.
Warning: Invalid shape (296, 169) or empty file for subject 50346 at regions/50346_timeseries.txt. Skipping.
Warning: Invalid shape (296, 169) or empty file for subject 50347 at regions/50347_timeseries.txt. Skipping.
Warning: Invalid shape (296, 169) or empty file for subject 50348 at regions/50348_timeseries.txt. Skipping.
Warning: Invalid shape (296, 169) or empty file for subject 50349 at regions/50349_timeseries.txt. Skipping.
Warning: Invalid shape (296, 169) or empty file for subject 50350 at regions/50350_timeseries.txt. Skipping.
Warning: Invalid shape (296, 169) or empty file for subject 50351 at regions/50351_timeseries.txt. Skipping.
Warning: Invalid shape (296, 169) or empty file for subject 50352 at regions/50352_timeseries.txt. Skipping.
Warning: Invalid shape (296, 169) or empty file for subject 50353 at regions/50353_timeseries.txt. Skipping.
Warning: Invalid shape (296, 169) or empty file for subject 50354 at regions/50354_timeseries.txt. Skipping.
Warning: Invalid shape (296, 169) or empty file for subject 50355 at regions/50355_timeseries.txt. Skipping.
Warning: Invalid shape (296, 169) or empty file for subject 50356 at regions/50356_timeseries.txt. Skipping.
Warning: Invalid shape (296, 169) or empty file for subject 50357 at regions/50357_timeseries.txt. Skipping.
Warning: Invalid shape (296, 169) or empty file for subject 50358 at regions/50358_timeseries.txt. Skipping.
Warning: Invalid shape (296, 169) or empty file for subject 50359 at regions/50359_timeseries.txt. Skipping.
Warning: Invalid shape (296, 169) or empty file for subject 50360 at regions/50360_timeseries.txt. Skipping.
Warning: Invalid shape (296, 169) or empty file for subject 50361 at regions/50361_timeseries.txt. Skipping.
Warning: Invalid shape (296, 169) or empty file for subject 50362 at regions/50362_timeseries.txt. Skipping.
Warning: Invalid shape (296, 169) or empty file for subject 50363 at regions/50363_timeseries.txt. Skipping.
Warning: Invalid shape (296, 169) or empty file for subject 50364 at regions/50364_timeseries.txt. Skipping.
Warning: Invalid shape (296, 169) or empty file for subject 50365 at regions/50365_timeseries.txt. Skipping.
Warning: Invalid shape (296, 169) or empty file for subject 50366 at regions/50366_timeseries.txt. Skipping.
Warning: Invalid shape (296, 169) or empty file for subject 50367 at regions/50367_timeseries.txt. Skipping.
Warning: Invalid shape (296, 169) or empty file for subject 50368 at regions/50368_timeseries.txt. Skipping.
Warning: Invalid shape (296, 169) or empty file for subject 50369 at regions/50369_timeseries.txt. Skipping.
Warning: Invalid shape (296, 169) or empty file for subject 50370 at regions/50370_timeseries.txt. Skipping.
Warning: Invalid shape (296, 169) or empty file for subject 50372 at regions/50372_timeseries.txt. Skipping.
Warning: Invalid shape (296, 169) or empty file for subject 50373 at regions/50373_timeseries.txt. Skipping.
Warning: Invalid shape (296, 169) or empty file for subject 50375 at regions/50375_timeseries.txt. Skipping.
Warning: Invalid shape (296, 169) or empty file for subject 50376 at regions/50376_timeseries.txt. Skipping.
Warning: Invalid shape (296, 169) or empty file for subject 50377 at regions/50377_timeseries.txt. Skipping.
Warning: Invalid shape (296, 169) or empty file for subject 50379 at regions/50379_timeseries.txt. Skipping.
Warning: Invalid shape (296, 169) or empty file for subject 50380 at regions/50380_timeseries.txt. Skipping.
Warning: Invalid shape (296, 169) or empty file for subject 50381 at regions/50381_timeseries.txt. Skipping.
Warning: Invalid shape (296, 169) or empty file for subject 50383 at regions/50383_timeseries.txt. Skipping.
Warning: Invalid shape (296, 169) or empty file for subject 50385 at regions/50385_timeseries.txt. Skipping.
Warning: Invalid shape (296, 169) or empty file for subject 50386 at regions/50386_timeseries.txt. Skipping.
Warning: Invalid shape (296, 169) or empty file for subject 50387 at regions/50387_timeseries.txt. Skipping.
Warning: Invalid shape (296, 169) or empty file for subject 50388 at regions/50388_timeseries.txt. Skipping.
Warning: Invalid shape (296, 169) or empty file for subject 50390 at regions/50390_timeseries.txt. Skipping.
Warning: Invalid shape (296, 169) or empty file for subject 50391 at regions/50391_timeseries.txt. Skipping.
Warning: Invalid shape (296, 169) or empty file for subject 50397 at regions/50397_timeseries.txt. Skipping.
Warning: Invalid shape (296, 169) or empty file for subject 50399 at regions/50399_timeseries.txt. Skipping.
Warning: Invalid shape (296, 169) or empty file for subject 50402 at regions/50402_timeseries.txt. Skipping.
Warning: Invalid shape (296, 169) or empty file for subject 50403 at regions/50403_timeseries.txt. Skipping.
Warning: Invalid shape (296, 169) or empty file for subject 50404 at regions/50404_timeseries.txt. Skipping.
Warning: Invalid shape (296, 169) or empty file for subject 50405 at regions/50405_timeseries.txt. Skipping.
Warning: Invalid shape (296, 169) or empty file for subject 50406 at regions/50406_timeseries.txt. Skipping.
Warning: Invalid shape (296, 169) or empty file for subject 50407 at regions/50407_timeseries.txt. Skipping.
Warning: Invalid shape (296, 169) or empty file for subject 50408 at regions/50408_timeseries.txt. Skipping.
Warning: Invalid shape (296, 169) or empty file for subject 50410 at regions/50410_timeseries.txt. Skipping.
Warning: Invalid shape (296, 169) or empty file for subject 50411 at regions/50411_timeseries.txt. Skipping.
Warning: Invalid shape (296, 169) or empty file for subject 50412 at regions/50412_timeseries.txt. Skipping.
Warning: Invalid shape (296, 169) or empty file for subject 50413 at regions/50413_timeseries.txt. Skipping.
Warning: Invalid shape (296, 169) or empty file for subject 50414 at regions/50414_timeseries.txt. Skipping.
Warning: Invalid shape (296, 169) or empty file for subject 50416 at regions/50416_timeseries.txt. Skipping.
Warning: Invalid shape (296, 169) or empty file for subject 50417 at regions/50417_timeseries.txt. Skipping.
Warning: Invalid shape (296, 169) or empty file for subject 50418 at regions/50418_timeseries.txt. Skipping.
Warning: Invalid shape (296, 169) or empty file for subject 50419 at regions/50419_timeseries.txt. Skipping.
Warning: Invalid shape (296, 169) or empty file for subject 50421 at regions/50421_timeseries.txt. Skipping.
Warning: Invalid shape (296, 169) or empty file for subject 50422 at regions/50422_timeseries.txt. Skipping.
Warning: Invalid shape (296, 169) or empty file for subject 50424 at regions/50424_timeseries.txt. Skipping.
Warning: Invalid shape (296, 169) or empty file for subject 50425 at regions/50425_timeseries.txt. Skipping.
Warning: Invalid shape (296, 169) or empty file for subject 50426 at regions/50426_timeseries.txt. Skipping.
Warning: Invalid shape (236, 169) or empty file for subject 50433 at regions/50433_timeseries.txt. Skipping.
Warning: Invalid shape (236, 169) or empty file for subject 50434 at regions/50434_timeseries.txt. Skipping.
Warning: Invalid shape (236, 169) or empty file for subject 50436 at regions/50436_timeseries.txt. Skipping.
Warning: Invalid shape (236, 169) or empty file for subject 50437 at regions/50437_timeseries.txt. Skipping.
Warning: Invalid shape (236, 169) or empty file for subject 50438 at regions/50438_timeseries.txt. Skipping.
Warning: Invalid shape (236, 169) or empty file for subject 50439 at regions/50439_timeseries.txt. Skipping.
Warning: Invalid shape (236, 169) or empty file for subject 50440 at regions/50440_timeseries.txt. Skipping.
Warning: Invalid shape (236, 169) or empty file for subject 50441 at regions/50441_timeseries.txt. Skipping.
Warning: Invalid shape (236, 169) or empty file for subject 50442 at regions/50442_timeseries.txt. Skipping.
Warning: Invalid shape (236, 169) or empty file for subject 50443 at regions/50443_timeseries.txt. Skipping.
Warning: Invalid shape (236, 169) or empty file for subject 50444 at regions/50444_timeseries.txt. Skipping.
Warning: Invalid shape (236, 169) or empty file for subject 50445 at regions/50445_timeseries.txt. Skipping.
Warning: Invalid shape (236, 169) or empty file for subject 50446 at regions/50446_timeseries.txt. Skipping.
Warning: Invalid shape (236, 169) or empty file for subject 50447 at regions/50447_timeseries.txt. Skipping.
Warning: Invalid shape (236, 169) or empty file for subject 50448 at regions/50448_timeseries.txt. Skipping.
Warning: Invalid shape (236, 169) or empty file for subject 50449 at regions/50449_timeseries.txt. Skipping.
Warning: Invalid shape (236, 169) or empty file for subject 50453 at regions/50453_timeseries.txt. Skipping.
Warning: Invalid shape (236, 169) or empty file for subject 50463 at regions/50463_timeseries.txt. Skipping.
Warning: Invalid shape (236, 169) or empty file for subject 50466 at regions/50466_timeseries.txt. Skipping.
Warning: Invalid shape (236, 169) or empty file for subject 50467 at regions/50467_timeseries.txt. Skipping.
Warning: Invalid shape (236, 169) or empty file for subject 50468 at regions/50468_timeseries.txt. Skipping.
Warning: Invalid shape (236, 169) or empty file for subject 50469 at regions/50469_timeseries.txt. Skipping.
Warning: Invalid shape (236, 169) or empty file for subject 50470 at regions/50470_timeseries.txt. Skipping.
Warning: Invalid shape (236, 169) or empty file for subject 50477 at regions/50477_timeseries.txt. Skipping.
Warning: Invalid shape (236, 169) or empty file for subject 50480 at regions/50480_timeseries.txt. Skipping.
Warning: Invalid shape (236, 169) or empty file for subject 50482 at regions/50482_timeseries.txt. Skipping.
Warning: Invalid shape (236, 169) or empty file for subject 50483 at regions/50483_timeseries.txt. Skipping.
Warning: Invalid shape (236, 169) or empty file for subject 50486 at regions/50486_timeseries.txt. Skipping.
Warning: Invalid shape (236, 169) or empty file for subject 50487 at regions/50487_timeseries.txt. Skipping.
Warning: Invalid shape (236, 169) or empty file for subject 50488 at regions/50488_timeseries.txt. Skipping.
Warning: Invalid shape (236, 169) or empty file for subject 50490 at regions/50490_timeseries.txt. Skipping.
Warning: Invalid shape (236, 169) or empty file for subject 50492 at regions/50492_timeseries.txt. Skipping.
Warning: Invalid shape (236, 169) or empty file for subject 50494 at regions/50494_timeseries.txt. Skipping.
Warning: Invalid shape (236, 169) or empty file for subject 50496 at regions/50496_timeseries.txt. Skipping.
Warning: Invalid shape (236, 169) or empty file for subject 50497 at regions/50497_timeseries.txt. Skipping.
Warning: Invalid shape (236, 169) or empty file for subject 50498 at regions/50498_timeseries.txt. Skipping.
Warning: Invalid shape (236, 169) or empty file for subject 50499 at regions/50499_timeseries.txt. Skipping.
Warning: Invalid shape (236, 169) or empty file for subject 50500 at regions/50500_timeseries.txt. Skipping.
Warning: Invalid shape (236, 169) or empty file for subject 50501 at regions/50501_timeseries.txt. Skipping.
Warning: Invalid shape (236, 169) or empty file for subject 50502 at regions/50502_timeseries.txt. Skipping.
Warning: Invalid shape (236, 169) or empty file for subject 50503 at regions/50503_timeseries.txt. Skipping.
Warning: Invalid shape (236, 169) or empty file for subject 50507 at regions/50507_timeseries.txt. Skipping.
Warning: Invalid shape (236, 169) or empty file for subject 50509 at regions/50509_timeseries.txt. Skipping.
Warning: Invalid shape (236, 169) or empty file for subject 50514 at regions/50514_timeseries.txt. Skipping.
Warning: Invalid shape (236, 169) or empty file for subject 50515 at regions/50515_timeseries.txt. Skipping.
Warning: Invalid shape (236, 169) or empty file for subject 50516 at regions/50516_timeseries.txt. Skipping.
Warning: Invalid shape (236, 169) or empty file for subject 50518 at regions/50518_timeseries.txt. Skipping.
Warning: Invalid shape (236, 169) or empty file for subject 50519 at regions/50519_timeseries.txt. Skipping.
Warning: Invalid shape (236, 169) or empty file for subject 50520 at regions/50520_timeseries.txt. Skipping.
Warning: Invalid shape (236, 169) or empty file for subject 50523 at regions/50523_timeseries.txt. Skipping.
Warning: Invalid shape (236, 169) or empty file for subject 50524 at regions/50524_timeseries.txt. Skipping.
Warning: Invalid shape (236, 169) or empty file for subject 50525 at regions/50525_timeseries.txt. Skipping.
Warning: Invalid shape (232, 169) or empty file for subject 50526 at regions/50526_timeseries.txt. Skipping.
Warning: Invalid shape (236, 169) or empty file for subject 50527 at regions/50527_timeseries.txt. Skipping.
Warning: Invalid shape (236, 169) or empty file for subject 50528 at regions/50528_timeseries.txt. Skipping.
Warning: Invalid shape (236, 169) or empty file for subject 50529 at regions/50529_timeseries.txt. Skipping.
Warning: Invalid shape (236, 169) or empty file for subject 50531 at regions/50531_timeseries.txt. Skipping.
Warning: Invalid shape (236, 169) or empty file for subject 50532 at regions/50532_timeseries.txt. Skipping.
Warning: Invalid shape (196, 169) or empty file for subject 50551 at regions/50551_timeseries.txt. Skipping.
Warning: Invalid shape (196, 169) or empty file for subject 50552 at regions/50552_timeseries.txt. Skipping.
Warning: Invalid shape (196, 169) or empty file for subject 50555 at regions/50555_timeseries.txt. Skipping.
Warning: Invalid shape (196, 169) or empty file for subject 50558 at regions/50558_timeseries.txt. Skipping.
Warning: Invalid shape (196, 169) or empty file for subject 50561 at regions/50561_timeseries.txt. Skipping.
Warning: Invalid shape (196, 169) or empty file for subject 50563 at regions/50563_timeseries.txt. Skipping.
Warning: Invalid shape (196, 169) or empty file for subject 50565 at regions/50565_timeseries.txt. Skipping.
Warning: Invalid shape (196, 169) or empty file for subject 50568 at regions/50568_timeseries.txt. Skipping.
Warning: Invalid shape (196, 169) or empty file for subject 50570 at regions/50570_timeseries.txt. Skipping.
Warning: Invalid shape (196, 169) or empty file for subject 50572 at regions/50572_timeseries.txt. Skipping.
Warning: Invalid shape (196, 169) or empty file for subject 50573 at regions/50573_timeseries.txt. Skipping.
Warning: Invalid shape (196, 169) or empty file for subject 50574 at regions/50574_timeseries.txt. Skipping.
Warning: Invalid shape (196, 169) or empty file for subject 50576 at regions/50576_timeseries.txt. Skipping.
Warning: Invalid shape (196, 169) or empty file for subject 50577 at regions/50577_timeseries.txt. Skipping.
Warning: Invalid shape (196, 169) or empty file for subject 50578 at regions/50578_timeseries.txt. Skipping.
Warning: Invalid shape (196, 169) or empty file for subject 50603 at regions/50603_timeseries.txt. Skipping.
Warning: Invalid shape (196, 169) or empty file for subject 50604 at regions/50604_timeseries.txt. Skipping.
Warning: Invalid shape (196, 169) or empty file for subject 50606 at regions/50606_timeseries.txt. Skipping.
Warning: Invalid shape (196, 169) or empty file for subject 50607 at regions/50607_timeseries.txt. Skipping.
Warning: Invalid shape (196, 169) or empty file for subject 50608 at regions/50608_timeseries.txt. Skipping.
Warning: Invalid shape (196, 169) or empty file for subject 50612 at regions/50612_timeseries.txt. Skipping.
Warning: Invalid shape (196, 169) or empty file for subject 50613 at regions/50613_timeseries.txt. Skipping.
Warning: Invalid shape (196, 169) or empty file for subject 50614 at regions/50614_timeseries.txt. Skipping.
Warning: Invalid shape (196, 169) or empty file for subject 50615 at regions/50615_timeseries.txt. Skipping.
Warning: Invalid shape (196, 169) or empty file for subject 50616 at regions/50616_timeseries.txt. Skipping.
Warning: Invalid shape (196, 169) or empty file for subject 50619 at regions/50619_timeseries.txt. Skipping.
Warning: Invalid shape (196, 169) or empty file for subject 50620 at regions/50620_timeseries.txt. Skipping.
Warning: Invalid shape (196, 169) or empty file for subject 50621 at regions/50621_timeseries.txt. Skipping.
Warning: Invalid shape (196, 169) or empty file for subject 50622 at regions/50622_timeseries.txt. Skipping.
Warning: Invalid shape (196, 169) or empty file for subject 50623 at regions/50623_timeseries.txt. Skipping.
Warning: Invalid shape (196, 169) or empty file for subject 50624 at regions/50624_timeseries.txt. Skipping.
Warning: Invalid shape (196, 169) or empty file for subject 50626 at regions/50626_timeseries.txt. Skipping.
Warning: Invalid shape (196, 169) or empty file for subject 50627 at regions/50627_timeseries.txt. Skipping.
Warning: Invalid shape (196, 169) or empty file for subject 50628 at regions/50628_timeseries.txt. Skipping.
Warning: Invalid shape (236, 169) or empty file for subject 50642 at regions/50642_timeseries.txt. Skipping.
Warning: Invalid shape (316, 169) or empty file for subject 50644 at regions/50644_timeseries.txt. Skipping.
Warning: Invalid shape (316, 169) or empty file for subject 50648 at regions/50648_timeseries.txt. Skipping.
Warning: Invalid shape (236, 169) or empty file for subject 50649 at regions/50649_timeseries.txt. Skipping.
Warning: Invalid shape (236, 169) or empty file for subject 50654 at regions/50654_timeseries.txt. Skipping.
Warning: Invalid shape (236, 169) or empty file for subject 50656 at regions/50656_timeseries.txt. Skipping.
Warning: Invalid shape (236, 169) or empty file for subject 50659 at regions/50659_timeseries.txt. Skipping.
Warning: Invalid shape (316, 169) or empty file for subject 50669 at regions/50669_timeseries.txt. Skipping.
Warning: Invalid shape (246, 169) or empty file for subject 50682 at regions/50682_timeseries.txt. Skipping.
Warning: Invalid shape (246, 169) or empty file for subject 50683 at regions/50683_timeseries.txt. Skipping.
Warning: Invalid shape (246, 169) or empty file for subject 50685 at regions/50685_timeseries.txt. Skipping.
Warning: Invalid shape (246, 169) or empty file for subject 50686 at regions/50686_timeseries.txt. Skipping.
Warning: Invalid shape (246, 169) or empty file for subject 50687 at regions/50687_timeseries.txt. Skipping.
Warning: Invalid shape (246, 169) or empty file for subject 50689 at regions/50689_timeseries.txt. Skipping.
Warning: Invalid shape (246, 169) or empty file for subject 50690 at regions/50690_timeseries.txt. Skipping.
Warning: Invalid shape (246, 169) or empty file for subject 50691 at regions/50691_timeseries.txt. Skipping.
Warning: Invalid shape (246, 169) or empty file for subject 50692 at regions/50692_timeseries.txt. Skipping.
Warning: Invalid shape (246, 169) or empty file for subject 50693 at regions/50693_timeseries.txt. Skipping.
Warning: Invalid shape (246, 169) or empty file for subject 50694 at regions/50694_timeseries.txt. Skipping.
Warning: Invalid shape (246, 169) or empty file for subject 50695 at regions/50695_timeseries.txt. Skipping.
Warning: Invalid shape (246, 169) or empty file for subject 50696 at regions/50696_timeseries.txt. Skipping.
Warning: Invalid shape (246, 169) or empty file for subject 50698 at regions/50698_timeseries.txt. Skipping.
Warning: Invalid shape (246, 169) or empty file for subject 50699 at regions/50699_timeseries.txt. Skipping.
Warning: Invalid shape (246, 169) or empty file for subject 50700 at regions/50700_timeseries.txt. Skipping.
Warning: Invalid shape (246, 169) or empty file for subject 50701 at regions/50701_timeseries.txt. Skipping.
Warning: Invalid shape (246, 169) or empty file for subject 50702 at regions/50702_timeseries.txt. Skipping.
Warning: Invalid shape (246, 169) or empty file for subject 50703 at regions/50703_timeseries.txt. Skipping.
Warning: Invalid shape (246, 169) or empty file for subject 50704 at regions/50704_timeseries.txt. Skipping.
Warning: Invalid shape (246, 169) or empty file for subject 50705 at regions/50705_timeseries.txt. Skipping.
Warning: Invalid shape (246, 169) or empty file for subject 50706 at regions/50706_timeseries.txt. Skipping.
Warning: Invalid shape (246, 169) or empty file for subject 50707 at regions/50707_timeseries.txt. Skipping.
Warning: Invalid shape (246, 169) or empty file for subject 50708 at regions/50708_timeseries.txt. Skipping.
Warning: Invalid shape (246, 169) or empty file for subject 50709 at regions/50709_timeseries.txt. Skipping.
Warning: Invalid shape (246, 169) or empty file for subject 50711 at regions/50711_timeseries.txt. Skipping.
Warning: Invalid shape (246, 169) or empty file for subject 50722 at regions/50722_timeseries.txt. Skipping.
Warning: Invalid shape (246, 169) or empty file for subject 50723 at regions/50723_timeseries.txt. Skipping.
Warning: Invalid shape (246, 169) or empty file for subject 50725 at regions/50725_timeseries.txt. Skipping.
Warning: Invalid shape (246, 169) or empty file for subject 50726 at regions/50726_timeseries.txt. Skipping.
Warning: Invalid shape (246, 169) or empty file for subject 50730 at regions/50730_timeseries.txt. Skipping.
Warning: Invalid shape (246, 169) or empty file for subject 50731 at regions/50731_timeseries.txt. Skipping.
Warning: Invalid shape (246, 169) or empty file for subject 50733 at regions/50733_timeseries.txt. Skipping.
Warning: Invalid shape (246, 169) or empty file for subject 50735 at regions/50735_timeseries.txt. Skipping.
Warning: Invalid shape (246, 169) or empty file for subject 50737 at regions/50737_timeseries.txt. Skipping.
Warning: Invalid shape (246, 169) or empty file for subject 50738 at regions/50738_timeseries.txt. Skipping.
Warning: Invalid shape (246, 169) or empty file for subject 50740 at regions/50740_timeseries.txt. Skipping.
Warning: Invalid shape (246, 169) or empty file for subject 50741 at regions/50741_timeseries.txt. Skipping.
Warning: Invalid shape (246, 169) or empty file for subject 50742 at regions/50742_timeseries.txt. Skipping.
Warning: Invalid shape (246, 169) or empty file for subject 50743 at regions/50743_timeseries.txt. Skipping.
Warning: Invalid shape (246, 169) or empty file for subject 50744 at regions/50744_timeseries.txt. Skipping.
Warning: Invalid shape (246, 169) or empty file for subject 50748 at regions/50748_timeseries.txt. Skipping.
Warning: Invalid shape (246, 169) or empty file for subject 50749 at regions/50749_timeseries.txt. Skipping.
Warning: Invalid shape (246, 169) or empty file for subject 50751 at regions/50751_timeseries.txt. Skipping.
Warning: Invalid shape (246, 169) or empty file for subject 50752 at regions/50752_timeseries.txt. Skipping.
Warning: Invalid shape (246, 169) or empty file for subject 50754 at regions/50754_timeseries.txt. Skipping.
Warning: Invalid shape (246, 169) or empty file for subject 50755 at regions/50755_timeseries.txt. Skipping.
Warning: Invalid shape (246, 169) or empty file for subject 50756 at regions/50756_timeseries.txt. Skipping.
Warning: Invalid shape (246, 169) or empty file for subject 50757 at regions/50757_timeseries.txt. Skipping.
Warning: Invalid shape (152, 169) or empty file for subject 50772 at regions/50772_timeseries.txt. Skipping.
Warning: Invalid shape (152, 169) or empty file for subject 50773 at regions/50773_timeseries.txt. Skipping.
Warning: Invalid shape (152, 169) or empty file for subject 50774 at regions/50774_timeseries.txt. Skipping.
Warning: Invalid shape (152, 169) or empty file for subject 50775 at regions/50775_timeseries.txt. Skipping.
Warning: Invalid shape (152, 169) or empty file for subject 50777 at regions/50777_timeseries.txt. Skipping.
Warning: Invalid shape (152, 169) or empty file for subject 50778 at regions/50778_timeseries.txt. Skipping.
Warning: Invalid shape (152, 169) or empty file for subject 50780 at regions/50780_timeseries.txt. Skipping.
Warning: Invalid shape (152, 169) or empty file for subject 50781 at regions/50781_timeseries.txt. Skipping.
Warning: Invalid shape (152, 169) or empty file for subject 50783 at regions/50783_timeseries.txt. Skipping.
Warning: Invalid shape (152, 169) or empty file for subject 50786 at regions/50786_timeseries.txt. Skipping.
Warning: Invalid shape (152, 169) or empty file for subject 50790 at regions/50790_timeseries.txt. Skipping.
Warning: Invalid shape (124, 169) or empty file for subject 50791 at regions/50791_timeseries.txt. Skipping.
Warning: Invalid shape (124, 169) or empty file for subject 50792 at regions/50792_timeseries.txt. Skipping.
Warning: Invalid shape (152, 169) or empty file for subject 50797 at regions/50797_timeseries.txt. Skipping.
Warning: Invalid shape (152, 169) or empty file for subject 50798 at regions/50798_timeseries.txt. Skipping.
Warning: Invalid shape (152, 169) or empty file for subject 50799 at regions/50799_timeseries.txt. Skipping.
Warning: Invalid shape (152, 169) or empty file for subject 50803 at regions/50803_timeseries.txt. Skipping.
Warning: Invalid shape (152, 169) or empty file for subject 50807 at regions/50807_timeseries.txt. Skipping.
Warning: Invalid shape (152, 169) or empty file for subject 50812 at regions/50812_timeseries.txt. Skipping.
Warning: Invalid shape (152, 169) or empty file for subject 50814 at regions/50814_timeseries.txt. Skipping.
Warning: Invalid shape (124, 169) or empty file for subject 50816 at regions/50816_timeseries.txt. Skipping.
Warning: Invalid shape (124, 169) or empty file for subject 50817 at regions/50817_timeseries.txt. Skipping.
Warning: Invalid shape (152, 169) or empty file for subject 50818 at regions/50818_timeseries.txt. Skipping.
Warning: Invalid shape (152, 169) or empty file for subject 50820 at regions/50820_timeseries.txt. Skipping.
Warning: Invalid shape (152, 169) or empty file for subject 50821 at regions/50821_timeseries.txt. Skipping.
Warning: Invalid shape (152, 169) or empty file for subject 50823 at regions/50823_timeseries.txt. Skipping.
Warning: Invalid shape (152, 169) or empty file for subject 50824 at regions/50824_timeseries.txt. Skipping.
Warning: Invalid shape (176, 169) or empty file for subject 50952 at regions/50952_timeseries.txt. Skipping.
Warning: Invalid shape (176, 169) or empty file for subject 50954 at regions/50954_timeseries.txt. Skipping.
Warning: Invalid shape (176, 169) or empty file for subject 50955 at regions/50955_timeseries.txt. Skipping.
Warning: Invalid shape (176, 169) or empty file for subject 50956 at regions/50956_timeseries.txt. Skipping.
Warning: Invalid shape (176, 169) or empty file for subject 50957 at regions/50957_timeseries.txt. Skipping.
Warning: Invalid shape (176, 169) or empty file for subject 50958 at regions/50958_timeseries.txt. Skipping.
Warning: Invalid shape (176, 169) or empty file for subject 50959 at regions/50959_timeseries.txt. Skipping.
Warning: Invalid shape (176, 169) or empty file for subject 50960 at regions/50960_timeseries.txt. Skipping.
Warning: Invalid shape (176, 169) or empty file for subject 50961 at regions/50961_timeseries.txt. Skipping.
Warning: Invalid shape (176, 169) or empty file for subject 50962 at regions/50962_timeseries.txt. Skipping.
Warning: Invalid shape (176, 169) or empty file for subject 50964 at regions/50964_timeseries.txt. Skipping.
Warning: Invalid shape (176, 169) or empty file for subject 50965 at regions/50965_timeseries.txt. Skipping.
Warning: Invalid shape (176, 169) or empty file for subject 50966 at regions/50966_timeseries.txt. Skipping.
Warning: Invalid shape (176, 169) or empty file for subject 50967 at regions/50967_timeseries.txt. Skipping.
Warning: Invalid shape (176, 169) or empty file for subject 50968 at regions/50968_timeseries.txt. Skipping.
Warning: Invalid shape (176, 169) or empty file for subject 50969 at regions/50969_timeseries.txt. Skipping.
Warning: Invalid shape (176, 169) or empty file for subject 50970 at regions/50970_timeseries.txt. Skipping.
Warning: Invalid shape (176, 169) or empty file for subject 50972 at regions/50972_timeseries.txt. Skipping.
Warning: Invalid shape (176, 169) or empty file for subject 50973 at regions/50973_timeseries.txt. Skipping.
Warning: Invalid shape (176, 169) or empty file for subject 50974 at regions/50974_timeseries.txt. Skipping.
Warning: Invalid shape (176, 169) or empty file for subject 50976 at regions/50976_timeseries.txt. Skipping.
Warning: Invalid shape (176, 169) or empty file for subject 50978 at regions/50978_timeseries.txt. Skipping.
Warning: Invalid shape (176, 169) or empty file for subject 50979 at regions/50979_timeseries.txt. Skipping.
Warning: Invalid shape (176, 169) or empty file for subject 50981 at regions/50981_timeseries.txt. Skipping.
Warning: Invalid shape (176, 169) or empty file for subject 50982 at regions/50982_timeseries.txt. Skipping.
Warning: Invalid shape (176, 169) or empty file for subject 50983 at regions/50983_timeseries.txt. Skipping.
Warning: Invalid shape (176, 169) or empty file for subject 50984 at regions/50984_timeseries.txt. Skipping.
Warning: Invalid shape (176, 169) or empty file for subject 50986 at regions/50986_timeseries.txt. Skipping.
Warning: Invalid shape (176, 169) or empty file for subject 50987 at regions/50987_timeseries.txt. Skipping.
Warning: Invalid shape (176, 169) or empty file for subject 50988 at regions/50988_timeseries.txt. Skipping.
Warning: Invalid shape (176, 169) or empty file for subject 50989 at regions/50989_timeseries.txt. Skipping.
Warning: Invalid shape (176, 169) or empty file for subject 50991 at regions/50991_timeseries.txt. Skipping.
Warning: Invalid shape (176, 169) or empty file for subject 50992 at regions/50992_timeseries.txt. Skipping.
Warning: Invalid shape (176, 169) or empty file for subject 50993 at regions/50993_timeseries.txt. Skipping.
Warning: Invalid shape (176, 169) or empty file for subject 50994 at regions/50994_timeseries.txt. Skipping.
Warning: Invalid shape (176, 169) or empty file for subject 50995 at regions/50995_timeseries.txt. Skipping.
Warning: Invalid shape (176, 169) or empty file for subject 50996 at regions/50996_timeseries.txt. Skipping.
Warning: Invalid shape (176, 169) or empty file for subject 50997 at regions/50997_timeseries.txt. Skipping.
Warning: Invalid shape (176, 169) or empty file for subject 50999 at regions/50999_timeseries.txt. Skipping.
Warning: Invalid shape (176, 169) or empty file for subject 51000 at regions/51000_timeseries.txt. Skipping.
Warning: Invalid shape (176, 169) or empty file for subject 51002 at regions/51002_timeseries.txt. Skipping.
Warning: Invalid shape (176, 169) or empty file for subject 51003 at regions/51003_timeseries.txt. Skipping.
Warning: Invalid shape (176, 169) or empty file for subject 51006 at regions/51006_timeseries.txt. Skipping.
Warning: Invalid shape (176, 169) or empty file for subject 51007 at regions/51007_timeseries.txt. Skipping.
Warning: Invalid shape (176, 169) or empty file for subject 51008 at regions/51008_timeseries.txt. Skipping.
Warning: Invalid shape (176, 169) or empty file for subject 51009 at regions/51009_timeseries.txt. Skipping.
Warning: Invalid shape (176, 169) or empty file for subject 51010 at regions/51010_timeseries.txt. Skipping.
Warning: Invalid shape (176, 169) or empty file for subject 51011 at regions/51011_timeseries.txt. Skipping.
Warning: Invalid shape (176, 169) or empty file for subject 51012 at regions/51012_timeseries.txt. Skipping.
Warning: Invalid shape (176, 169) or empty file for subject 51013 at regions/51013_timeseries.txt. Skipping.
Warning: Invalid shape (176, 169) or empty file for subject 51014 at regions/51014_timeseries.txt. Skipping.
Warning: Invalid shape (176, 169) or empty file for subject 51015 at regions/51015_timeseries.txt. Skipping.
Warning: Invalid shape (176, 169) or empty file for subject 51017 at regions/51017_timeseries.txt. Skipping.
Warning: Invalid shape (176, 169) or empty file for subject 51018 at regions/51018_timeseries.txt. Skipping.
Warning: Invalid shape (176, 169) or empty file for subject 51019 at regions/51019_timeseries.txt. Skipping.
Warning: Invalid shape (176, 169) or empty file for subject 51020 at regions/51020_timeseries.txt. Skipping.
Warning: Invalid shape (176, 169) or empty file for subject 51021 at regions/51021_timeseries.txt. Skipping.
Warning: Invalid shape (176, 169) or empty file for subject 51023 at regions/51023_timeseries.txt. Skipping.
Warning: Invalid shape (176, 169) or empty file for subject 51025 at regions/51025_timeseries.txt. Skipping.
Warning: Invalid shape (176, 169) or empty file for subject 51026 at regions/51026_timeseries.txt. Skipping.
Warning: Invalid shape (176, 169) or empty file for subject 51027 at regions/51027_timeseries.txt. Skipping.
Warning: Invalid shape (176, 169) or empty file for subject 51028 at regions/51028_timeseries.txt. Skipping.
Warning: Invalid shape (176, 169) or empty file for subject 51029 at regions/51029_timeseries.txt. Skipping.
Warning: Invalid shape (176, 169) or empty file for subject 51030 at regions/51030_timeseries.txt. Skipping.
Warning: Invalid shape (176, 169) or empty file for subject 51033 at regions/51033_timeseries.txt. Skipping.
Warning: Invalid shape (176, 169) or empty file for subject 51034 at regions/51034_timeseries.txt. Skipping.
Warning: Invalid shape (176, 169) or empty file for subject 51035 at regions/51035_timeseries.txt. Skipping.
Warning: Invalid shape (176, 169) or empty file for subject 51036 at regions/51036_timeseries.txt. Skipping.
Warning: Invalid shape (176, 169) or empty file for subject 51038 at regions/51038_timeseries.txt. Skipping.
Warning: Invalid shape (176, 169) or empty file for subject 51039 at regions/51039_timeseries.txt. Skipping.
Warning: Invalid shape (176, 169) or empty file for subject 51040 at regions/51040_timeseries.txt. Skipping.
Warning: Invalid shape (176, 169) or empty file for subject 51041 at regions/51041_timeseries.txt. Skipping.
Warning: Invalid shape (176, 169) or empty file for subject 51042 at regions/51042_timeseries.txt. Skipping.
Warning: Invalid shape (176, 169) or empty file for subject 51044 at regions/51044_timeseries.txt. Skipping.
Warning: Invalid shape (176, 169) or empty file for subject 51045 at regions/51045_timeseries.txt. Skipping.
Warning: Invalid shape (176, 169) or empty file for subject 51047 at regions/51047_timeseries.txt. Skipping.
Warning: Invalid shape (176, 169) or empty file for subject 51048 at regions/51048_timeseries.txt. Skipping.
Warning: Invalid shape (176, 169) or empty file for subject 51049 at regions/51049_timeseries.txt. Skipping.
Warning: Invalid shape (176, 169) or empty file for subject 51050 at regions/51050_timeseries.txt. Skipping.
Warning: Invalid shape (176, 169) or empty file for subject 51051 at regions/51051_timeseries.txt. Skipping.
Warning: Invalid shape (176, 169) or empty file for subject 51052 at regions/51052_timeseries.txt. Skipping.
Warning: Invalid shape (176, 169) or empty file for subject 51054 at regions/51054_timeseries.txt. Skipping.
Warning: Invalid shape (176, 169) or empty file for subject 51055 at regions/51055_timeseries.txt. Skipping.
Warning: Invalid shape (176, 169) or empty file for subject 51056 at regions/51056_timeseries.txt. Skipping.
Warning: Invalid shape (176, 169) or empty file for subject 51057 at regions/51057_timeseries.txt. Skipping.
Warning: Invalid shape (176, 169) or empty file for subject 51058 at regions/51058_timeseries.txt. Skipping.
Warning: Invalid shape (176, 169) or empty file for subject 51059 at regions/51059_timeseries.txt. Skipping.
Warning: Invalid shape (176, 169) or empty file for subject 51060 at regions/51060_timeseries.txt. Skipping.
Warning: Invalid shape (176, 169) or empty file for subject 51062 at regions/51062_timeseries.txt. Skipping.
Warning: Invalid shape (176, 169) or empty file for subject 51063 at regions/51063_timeseries.txt. Skipping.
Warning: Invalid shape (176, 169) or empty file for subject 51064 at regions/51064_timeseries.txt. Skipping.
Warning: Invalid shape (176, 169) or empty file for subject 51065 at regions/51065_timeseries.txt. Skipping.
Warning: Invalid shape (176, 169) or empty file for subject 51066 at regions/51066_timeseries.txt. Skipping.
Warning: Invalid shape (176, 169) or empty file for subject 51067 at regions/51067_timeseries.txt. Skipping.
Warning: Invalid shape (176, 169) or empty file for subject 51068 at regions/51068_timeseries.txt. Skipping.
Warning: Invalid shape (176, 169) or empty file for subject 51069 at regions/51069_timeseries.txt. Skipping.
Warning: Invalid shape (176, 169) or empty file for subject 51070 at regions/51070_timeseries.txt. Skipping.
Warning: Invalid shape (176, 169) or empty file for subject 51072 at regions/51072_timeseries.txt. Skipping.
Warning: Invalid shape (176, 169) or empty file for subject 51073 at regions/51073_timeseries.txt. Skipping.
Warning: Invalid shape (176, 169) or empty file for subject 51074 at regions/51074_timeseries.txt. Skipping.
Warning: Invalid shape (176, 169) or empty file for subject 51075 at regions/51075_timeseries.txt. Skipping.
Warning: Invalid shape (176, 169) or empty file for subject 51076 at regions/51076_timeseries.txt. Skipping.
Warning: Invalid shape (176, 169) or empty file for subject 51077 at regions/51077_timeseries.txt. Skipping.
Warning: Invalid shape (176, 169) or empty file for subject 51078 at regions/51078_timeseries.txt. Skipping.
Warning: Invalid shape (176, 169) or empty file for subject 51079 at regions/51079_timeseries.txt. Skipping.
Warning: Invalid shape (176, 169) or empty file for subject 51080 at regions/51080_timeseries.txt. Skipping.
Warning: Invalid shape (176, 169) or empty file for subject 51081 at regions/51081_timeseries.txt. Skipping.
Warning: Invalid shape (176, 169) or empty file for subject 51082 at regions/51082_timeseries.txt. Skipping.
Warning: Invalid shape (176, 169) or empty file for subject 51084 at regions/51084_timeseries.txt. Skipping.
Warning: Invalid shape (176, 169) or empty file for subject 51085 at regions/51085_timeseries.txt. Skipping.
Warning: Invalid shape (176, 169) or empty file for subject 51086 at regions/51086_timeseries.txt. Skipping.
Warning: Invalid shape (176, 169) or empty file for subject 51088 at regions/51088_timeseries.txt. Skipping.
Warning: Invalid shape (176, 169) or empty file for subject 51089 at regions/51089_timeseries.txt. Skipping.
Warning: Invalid shape (176, 169) or empty file for subject 51090 at regions/51090_timeseries.txt. Skipping.
Warning: Invalid shape (176, 169) or empty file for subject 51093 at regions/51093_timeseries.txt. Skipping.
Warning: Invalid shape (176, 169) or empty file for subject 51094 at regions/51094_timeseries.txt. Skipping.
Warning: Invalid shape (176, 169) or empty file for subject 51095 at regions/51095_timeseries.txt. Skipping.
Warning: Invalid shape (176, 169) or empty file for subject 51096 at regions/51096_timeseries.txt. Skipping.
Warning: Invalid shape (176, 169) or empty file for subject 51097 at regions/51097_timeseries.txt. Skipping.
Warning: Invalid shape (176, 169) or empty file for subject 51098 at regions/51098_timeseries.txt. Skipping.
Warning: Invalid shape (176, 169) or empty file for subject 51099 at regions/51099_timeseries.txt. Skipping.
Warning: Invalid shape (176, 169) or empty file for subject 51100 at regions/51100_timeseries.txt. Skipping.
Warning: Invalid shape (176, 169) or empty file for subject 51101 at regions/51101_timeseries.txt. Skipping.
Warning: Invalid shape (176, 169) or empty file for subject 51102 at regions/51102_timeseries.txt. Skipping.
Warning: Invalid shape (176, 169) or empty file for subject 51103 at regions/51103_timeseries.txt. Skipping.
Warning: Invalid shape (176, 169) or empty file for subject 51106 at regions/51106_timeseries.txt. Skipping.
Warning: Invalid shape (176, 169) or empty file for subject 51107 at regions/51107_timeseries.txt. Skipping.
Warning: Invalid shape (176, 169) or empty file for subject 51109 at regions/51109_timeseries.txt. Skipping.
Warning: Invalid shape (176, 169) or empty file for subject 51110 at regions/51110_timeseries.txt. Skipping.
Warning: Invalid shape (176, 169) or empty file for subject 51111 at regions/51111_timeseries.txt. Skipping.
Warning: Invalid shape (176, 169) or empty file for subject 51112 at regions/51112_timeseries.txt. Skipping.
Warning: Invalid shape (176, 169) or empty file for subject 51114 at regions/51114_timeseries.txt. Skipping.
Warning: Invalid shape (176, 169) or empty file for subject 51116 at regions/51116_timeseries.txt. Skipping.
Warning: Invalid shape (176, 169) or empty file for subject 51117 at regions/51117_timeseries.txt. Skipping.
Warning: Invalid shape (176, 169) or empty file for subject 51118 at regions/51118_timeseries.txt. Skipping.
Warning: Invalid shape (176, 169) or empty file for subject 51123 at regions/51123_timeseries.txt. Skipping.
Warning: Invalid shape (176, 169) or empty file for subject 51124 at regions/51124_timeseries.txt. Skipping.
Warning: Invalid shape (176, 169) or empty file for subject 51126 at regions/51126_timeseries.txt. Skipping.
Warning: Invalid shape (176, 169) or empty file for subject 51127 at regions/51127_timeseries.txt. Skipping.
Warning: Invalid shape (176, 169) or empty file for subject 51128 at regions/51128_timeseries.txt. Skipping.
Warning: Invalid shape (176, 169) or empty file for subject 51129 at regions/51129_timeseries.txt. Skipping.
Warning: Invalid shape (176, 169) or empty file for subject 51130 at regions/51130_timeseries.txt. Skipping.
Warning: Invalid shape (176, 169) or empty file for subject 51131 at regions/51131_timeseries.txt. Skipping.
Warning: Invalid shape (146, 169) or empty file for subject 51132 at regions/51132_timeseries.txt. Skipping.
Warning: Invalid shape (146, 169) or empty file for subject 51133 at regions/51133_timeseries.txt. Skipping.
Warning: Invalid shape (146, 169) or empty file for subject 51134 at regions/51134_timeseries.txt. Skipping.
Warning: Invalid shape (146, 169) or empty file for subject 51136 at regions/51136_timeseries.txt. Skipping.
Warning: Invalid shape (146, 169) or empty file for subject 51137 at regions/51137_timeseries.txt. Skipping.
Warning: Invalid shape (146, 169) or empty file for subject 51138 at regions/51138_timeseries.txt. Skipping.
Warning: Invalid shape (146, 169) or empty file for subject 51139 at regions/51139_timeseries.txt. Skipping.
Warning: Invalid shape (146, 169) or empty file for subject 51140 at regions/51140_timeseries.txt. Skipping.
Warning: Invalid shape (146, 169) or empty file for subject 51141 at regions/51141_timeseries.txt. Skipping.
Warning: Invalid shape (146, 169) or empty file for subject 51142 at regions/51142_timeseries.txt. Skipping.
Warning: Invalid shape (176, 169) or empty file for subject 51146 at regions/51146_timeseries.txt. Skipping.
Warning: Invalid shape (176, 169) or empty file for subject 51147 at regions/51147_timeseries.txt. Skipping.
Warning: Invalid shape (176, 169) or empty file for subject 51148 at regions/51148_timeseries.txt. Skipping.
Warning: Invalid shape (176, 169) or empty file for subject 51149 at regions/51149_timeseries.txt. Skipping.
Warning: Invalid shape (176, 169) or empty file for subject 51150 at regions/51150_timeseries.txt. Skipping.
Warning: Invalid shape (176, 169) or empty file for subject 51151 at regions/51151_timeseries.txt. Skipping.
Warning: Invalid shape (176, 169) or empty file for subject 51152 at regions/51152_timeseries.txt. Skipping.
Warning: Invalid shape (176, 169) or empty file for subject 51153 at regions/51153_timeseries.txt. Skipping.
Warning: Invalid shape (176, 169) or empty file for subject 51154 at regions/51154_timeseries.txt. Skipping.
Warning: Invalid shape (176, 169) or empty file for subject 51155 at regions/51155_timeseries.txt. Skipping.
Warning: Invalid shape (176, 169) or empty file for subject 51156 at regions/51156_timeseries.txt. Skipping.
Warning: Invalid shape (176, 169) or empty file for subject 51159 at regions/51159_timeseries.txt. Skipping.
Warning: Invalid shape (176, 169) or empty file for subject 51161 at regions/51161_timeseries.txt. Skipping.
Warning: Invalid shape (176, 169) or empty file for subject 51162 at regions/51162_timeseries.txt. Skipping.
Warning: Invalid shape (176, 169) or empty file for subject 51163 at regions/51163_timeseries.txt. Skipping.
Warning: Invalid shape (176, 169) or empty file for subject 51164 at regions/51164_timeseries.txt. Skipping.
Warning: Invalid shape (176, 169) or empty file for subject 51168 at regions/51168_timeseries.txt. Skipping.
Warning: Invalid shape (176, 169) or empty file for subject 51169 at regions/51169_timeseries.txt. Skipping.
Warning: Invalid shape (176, 169) or empty file for subject 51170 at regions/51170_timeseries.txt. Skipping.
Warning: Invalid shape (176, 169) or empty file for subject 51171 at regions/51171_timeseries.txt. Skipping.
Warning: Invalid shape (176, 169) or empty file for subject 51173 at regions/51173_timeseries.txt. Skipping.
Warning: Invalid shape (176, 169) or empty file for subject 51177 at regions/51177_timeseries.txt. Skipping.
Warning: Invalid shape (176, 169) or empty file for subject 51178 at regions/51178_timeseries.txt. Skipping.
Warning: Invalid shape (176, 169) or empty file for subject 51179 at regions/51179_timeseries.txt. Skipping.
Warning: Invalid shape (236, 169) or empty file for subject 51180 at regions/51180_timeseries.txt. Skipping.
Warning: Invalid shape (236, 169) or empty file for subject 51181 at regions/51181_timeseries.txt. Skipping.
Warning: Invalid shape (236, 169) or empty file for subject 51182 at regions/51182_timeseries.txt. Skipping.
Warning: Invalid shape (236, 169) or empty file for subject 51183 at regions/51183_timeseries.txt. Skipping.
Warning: Invalid shape (236, 169) or empty file for subject 51184 at regions/51184_timeseries.txt. Skipping.
Warning: Invalid shape (236, 169) or empty file for subject 51185 at regions/51185_timeseries.txt. Skipping.
Warning: Invalid shape (236, 169) or empty file for subject 51187 at regions/51187_timeseries.txt. Skipping.
Warning: Invalid shape (236, 169) or empty file for subject 51188 at regions/51188_timeseries.txt. Skipping.
Warning: Invalid shape (236, 169) or empty file for subject 51189 at regions/51189_timeseries.txt. Skipping.
Warning: Invalid shape (236, 169) or empty file for subject 51192 at regions/51192_timeseries.txt. Skipping.
Warning: Invalid shape (236, 169) or empty file for subject 51194 at regions/51194_timeseries.txt. Skipping.
Warning: Invalid shape (236, 169) or empty file for subject 51197 at regions/51197_timeseries.txt. Skipping.
Warning: Invalid shape (236, 169) or empty file for subject 51198 at regions/51198_timeseries.txt. Skipping.
Warning: Invalid shape (116, 169) or empty file for subject 51201 at regions/51201_timeseries.txt. Skipping.
Warning: Invalid shape (116, 169) or empty file for subject 51202 at regions/51202_timeseries.txt. Skipping.
Warning: Invalid shape (116, 169) or empty file for subject 51203 at regions/51203_timeseries.txt. Skipping.
Warning: Invalid shape (116, 169) or empty file for subject 51204 at regions/51204_timeseries.txt. Skipping.
Warning: Invalid shape (116, 169) or empty file for subject 51205 at regions/51205_timeseries.txt. Skipping.
Warning: Invalid shape (116, 169) or empty file for subject 51206 at regions/51206_timeseries.txt. Skipping.
Warning: Invalid shape (116, 169) or empty file for subject 51207 at regions/51207_timeseries.txt. Skipping.
Warning: Invalid shape (116, 169) or empty file for subject 51208 at regions/51208_timeseries.txt. Skipping.
Warning: Invalid shape (116, 169) or empty file for subject 51210 at regions/51210_timeseries.txt. Skipping.
Warning: Invalid shape (116, 169) or empty file for subject 51211 at regions/51211_timeseries.txt. Skipping.
Warning: Invalid shape (116, 169) or empty file for subject 51212 at regions/51212_timeseries.txt. Skipping.
Warning: Invalid shape (116, 169) or empty file for subject 51215 at regions/51215_timeseries.txt. Skipping.
Warning: Invalid shape (116, 169) or empty file for subject 51216 at regions/51216_timeseries.txt. Skipping.
Warning: Invalid shape (116, 169) or empty file for subject 51217 at regions/51217_timeseries.txt. Skipping.
Warning: Invalid shape (116, 169) or empty file for subject 51219 at regions/51219_timeseries.txt. Skipping.
Warning: Invalid shape (116, 169) or empty file for subject 51220 at regions/51220_timeseries.txt. Skipping.
Warning: Invalid shape (116, 169) or empty file for subject 51221 at regions/51221_timeseries.txt. Skipping.
Warning: Invalid shape (116, 169) or empty file for subject 51222 at regions/51222_timeseries.txt. Skipping.
Warning: Invalid shape (116, 169) or empty file for subject 51223 at regions/51223_timeseries.txt. Skipping.
Warning: Invalid shape (116, 169) or empty file for subject 51224 at regions/51224_timeseries.txt. Skipping.
Warning: Invalid shape (116, 169) or empty file for subject 51225 at regions/51225_timeseries.txt. Skipping.
Warning: Invalid shape (116, 169) or empty file for subject 51226 at regions/51226_timeseries.txt. Skipping.
Warning: Invalid shape (116, 169) or empty file for subject 51228 at regions/51228_timeseries.txt. Skipping.
Warning: Invalid shape (116, 169) or empty file for subject 51229 at regions/51229_timeseries.txt. Skipping.
Warning: Invalid shape (116, 169) or empty file for subject 51230 at regions/51230_timeseries.txt. Skipping.
Warning: Invalid shape (116, 169) or empty file for subject 51231 at regions/51231_timeseries.txt. Skipping.
Warning: Invalid shape (116, 169) or empty file for subject 51234 at regions/51234_timeseries.txt. Skipping.
Warning: Invalid shape (116, 169) or empty file for subject 51235 at regions/51235_timeseries.txt. Skipping.
Warning: Invalid shape (116, 169) or empty file for subject 51236 at regions/51236_timeseries.txt. Skipping.
Warning: Invalid shape (116, 169) or empty file for subject 51237 at regions/51237_timeseries.txt. Skipping.
Warning: Invalid shape (116, 169) or empty file for subject 51239 at regions/51239_timeseries.txt. Skipping.
Warning: Invalid shape (116, 169) or empty file for subject 51240 at regions/51240_timeseries.txt. Skipping.
Warning: Invalid shape (116, 169) or empty file for subject 51241 at regions/51241_timeseries.txt. Skipping.
Warning: Invalid shape (116, 169) or empty file for subject 51248 at regions/51248_timeseries.txt. Skipping.
Warning: Invalid shape (116, 169) or empty file for subject 51250 at regions/51250_timeseries.txt. Skipping.
Warning: Invalid shape (116, 169) or empty file for subject 51252 at regions/51252_timeseries.txt. Skipping.
Warning: Invalid shape (116, 169) or empty file for subject 51253 at regions/51253_timeseries.txt. Skipping.
Warning: Invalid shape (116, 169) or empty file for subject 51254 at regions/51254_timeseries.txt. Skipping.
Warning: Invalid shape (116, 169) or empty file for subject 51255 at regions/51255_timeseries.txt. Skipping.
Warning: Invalid shape (116, 169) or empty file for subject 51256 at regions/51256_timeseries.txt. Skipping.
Warning: Invalid shape (116, 169) or empty file for subject 51257 at regions/51257_timeseries.txt. Skipping.
Warning: Invalid shape (116, 169) or empty file for subject 51260 at regions/51260_timeseries.txt. Skipping.
Warning: Invalid shape (116, 169) or empty file for subject 51261 at regions/51261_timeseries.txt. Skipping.
Warning: Invalid shape (116, 169) or empty file for subject 51262 at regions/51262_timeseries.txt. Skipping.
Warning: Invalid shape (116, 169) or empty file for subject 51265 at regions/51265_timeseries.txt. Skipping.
Warning: Invalid shape (116, 169) or empty file for subject 51266 at regions/51266_timeseries.txt. Skipping.
Warning: Invalid shape (116, 169) or empty file for subject 51267 at regions/51267_timeseries.txt. Skipping.
Warning: Invalid shape (116, 169) or empty file for subject 51268 at regions/51268_timeseries.txt. Skipping.
Warning: Invalid shape (116, 169) or empty file for subject 51269 at regions/51269_timeseries.txt. Skipping.
Warning: Invalid shape (116, 169) or empty file for subject 51273 at regions/51273_timeseries.txt. Skipping.
Warning: Invalid shape (116, 169) or empty file for subject 51275 at regions/51275_timeseries.txt. Skipping.
Warning: Invalid shape (116, 169) or empty file for subject 51276 at regions/51276_timeseries.txt. Skipping.
Warning: Invalid shape (116, 169) or empty file for subject 51277 at regions/51277_timeseries.txt. Skipping.
Warning: Invalid shape (116, 169) or empty file for subject 51279 at regions/51279_timeseries.txt. Skipping.
Warning: Invalid shape (116, 169) or empty file for subject 51280 at regions/51280_timeseries.txt. Skipping.
Warning: Invalid shape (116, 169) or empty file for subject 51281 at regions/51281_timeseries.txt. Skipping.
Warning: Invalid shape (116, 169) or empty file for subject 51291 at regions/51291_timeseries.txt. Skipping.
Warning: Invalid shape (116, 169) or empty file for subject 51292 at regions/51292_timeseries.txt. Skipping.
Warning: Invalid shape (116, 169) or empty file for subject 51293 at regions/51293_timeseries.txt. Skipping.
Warning: Invalid shape (116, 169) or empty file for subject 51294 at regions/51294_timeseries.txt. Skipping.
Warning: Invalid shape (116, 169) or empty file for subject 51295 at regions/51295_timeseries.txt. Skipping.
Warning: Invalid shape (116, 169) or empty file for subject 51297 at regions/51297_timeseries.txt. Skipping.
Warning: Invalid shape (116, 169) or empty file for subject 51298 at regions/51298_timeseries.txt. Skipping.
Warning: Invalid shape (116, 169) or empty file for subject 51299 at regions/51299_timeseries.txt. Skipping.
Warning: Invalid shape (116, 169) or empty file for subject 51300 at regions/51300_timeseries.txt. Skipping.
Warning: Invalid shape (116, 169) or empty file for subject 51301 at regions/51301_timeseries.txt. Skipping.
Warning: Invalid shape (116, 169) or empty file for subject 51303 at regions/51303_timeseries.txt. Skipping.
Warning: Invalid shape (116, 169) or empty file for subject 51304 at regions/51304_timeseries.txt. Skipping.
Warning: Invalid shape (116, 169) or empty file for subject 51305 at regions/51305_timeseries.txt. Skipping.
Warning: Invalid shape (116, 169) or empty file for subject 51306 at regions/51306_timeseries.txt. Skipping.
Warning: Invalid shape (116, 169) or empty file for subject 51307 at regions/51307_timeseries.txt. Skipping.
Warning: Invalid shape (116, 169) or empty file for subject 51308 at regions/51308_timeseries.txt. Skipping.
Warning: Invalid shape (116, 169) or empty file for subject 51309 at regions/51309_timeseries.txt. Skipping.
Warning: Invalid shape (116, 169) or empty file for subject 51315 at regions/51315_timeseries.txt. Skipping.
Warning: Invalid shape (116, 169) or empty file for subject 51319 at regions/51319_timeseries.txt. Skipping.
Warning: Invalid shape (116, 169) or empty file for subject 51322 at regions/51322_timeseries.txt. Skipping.
Warning: Invalid shape (116, 169) or empty file for subject 51323 at regions/51323_timeseries.txt. Skipping.
Warning: Invalid shape (116, 169) or empty file for subject 51325 at regions/51325_timeseries.txt. Skipping.
Warning: Invalid shape (116, 169) or empty file for subject 51326 at regions/51326_timeseries.txt. Skipping.
Warning: Invalid shape (116, 169) or empty file for subject 51327 at regions/51327_timeseries.txt. Skipping.
Warning: Invalid shape (116, 169) or empty file for subject 51328 at regions/51328_timeseries.txt. Skipping.
Warning: Invalid shape (196, 169) or empty file for subject 51329 at regions/51329_timeseries.txt. Skipping.
Warning: Invalid shape (196, 169) or empty file for subject 51330 at regions/51330_timeseries.txt. Skipping.
Warning: Invalid shape (196, 169) or empty file for subject 51331 at regions/51331_timeseries.txt. Skipping.
Warning: Invalid shape (116, 169) or empty file for subject 51332 at regions/51332_timeseries.txt. Skipping.
Warning: Invalid shape (116, 169) or empty file for subject 51333 at regions/51333_timeseries.txt. Skipping.
Warning: Invalid shape (116, 169) or empty file for subject 51334 at regions/51334_timeseries.txt. Skipping.
Warning: Invalid shape (116, 169) or empty file for subject 51335 at regions/51335_timeseries.txt. Skipping.
Warning: Invalid shape (116, 169) or empty file for subject 51336 at regions/51336_timeseries.txt. Skipping.
Warning: Invalid shape (116, 169) or empty file for subject 51338 at regions/51338_timeseries.txt. Skipping.
Warning: Invalid shape (116, 169) or empty file for subject 51339 at regions/51339_timeseries.txt. Skipping.
Warning: Invalid shape (116, 169) or empty file for subject 51340 at regions/51340_timeseries.txt. Skipping.
Warning: Invalid shape (116, 169) or empty file for subject 51341 at regions/51341_timeseries.txt. Skipping.
Warning: Invalid shape (116, 169) or empty file for subject 51342 at regions/51342_timeseries.txt. Skipping.
Warning: Invalid shape (116, 169) or empty file for subject 51343 at regions/51343_timeseries.txt. Skipping.
Warning: Invalid shape (116, 169) or empty file for subject 51344 at regions/51344_timeseries.txt. Skipping.
Warning: Invalid shape (116, 169) or empty file for subject 51345 at regions/51345_timeseries.txt. Skipping.
Warning: Invalid shape (116, 169) or empty file for subject 51346 at regions/51346_timeseries.txt. Skipping.
Warning: Invalid shape (116, 169) or empty file for subject 51347 at regions/51347_timeseries.txt. Skipping.
Warning: Invalid shape (196, 169) or empty file for subject 51350 at regions/51350_timeseries.txt. Skipping.
Warning: Invalid shape (196, 169) or empty file for subject 51351 at regions/51351_timeseries.txt. Skipping.
Warning: Invalid shape (196, 169) or empty file for subject 51354 at regions/51354_timeseries.txt. Skipping.
Warning: Invalid shape (196, 169) or empty file for subject 51356 at regions/51356_timeseries.txt. Skipping.
Warning: Invalid shape (196, 169) or empty file for subject 51357 at regions/51357_timeseries.txt. Skipping.
Warning: Invalid shape (196, 169) or empty file for subject 51359 at regions/51359_timeseries.txt. Skipping.
Warning: Invalid shape (196, 169) or empty file for subject 51360 at regions/51360_timeseries.txt. Skipping.
Warning: Invalid shape (196, 169) or empty file for subject 51361 at regions/51361_timeseries.txt. Skipping.
Warning: Invalid shape (116, 169) or empty file for subject 51363 at regions/51363_timeseries.txt. Skipping.
Warning: Invalid shape (116, 169) or empty file for subject 51364 at regions/51364_timeseries.txt. Skipping.
Warning: Invalid shape (116, 169) or empty file for subject 51365 at regions/51365_timeseries.txt. Skipping.
Warning: Invalid shape (116, 169) or empty file for subject 51369 at regions/51369_timeseries.txt. Skipping.
Warning: Invalid shape (116, 169) or empty file for subject 51370 at regions/51370_timeseries.txt. Skipping.
Warning: Invalid shape (116, 169) or empty file for subject 51373 at regions/51373_timeseries.txt. Skipping.
Warning: Invalid shape (146, 169) or empty file for subject 51461 at regions/51461_timeseries.txt. Skipping.
Warning: Invalid shape (146, 169) or empty file for subject 51463 at regions/51463_timeseries.txt. Skipping.
Warning: Invalid shape (146, 169) or empty file for subject 51464 at regions/51464_timeseries.txt. Skipping.
Warning: Invalid shape (146, 169) or empty file for subject 51465 at regions/51465_timeseries.txt. Skipping.
Warning: Invalid shape (146, 169) or empty file for subject 51473 at regions/51473_timeseries.txt. Skipping.
Warning: Invalid shape (146, 169) or empty file for subject 51477 at regions/51477_timeseries.txt. Skipping.
Warning: Invalid shape (146, 169) or empty file for subject 51479 at regions/51479_timeseries.txt. Skipping.
Warning: Invalid shape (146, 169) or empty file for subject 51480 at regions/51480_timeseries.txt. Skipping.
Warning: Invalid shape (146, 169) or empty file for subject 51481 at regions/51481_timeseries.txt. Skipping.
Warning: Invalid shape (146, 169) or empty file for subject 51482 at regions/51482_timeseries.txt. Skipping.
Warning: Invalid shape (146, 169) or empty file for subject 51484 at regions/51484_timeseries.txt. Skipping.
Warning: Invalid shape (146, 169) or empty file for subject 51487 at regions/51487_timeseries.txt. Skipping.
Warning: Invalid shape (146, 169) or empty file for subject 51488 at regions/51488_timeseries.txt. Skipping.
Warning: Invalid shape (146, 169) or empty file for subject 51491 at regions/51491_timeseries.txt. Skipping.
Warning: Invalid shape (146, 169) or empty file for subject 51493 at regions/51493_timeseries.txt. Skipping.
Warning: Invalid shape (196, 169) or empty file for subject 51556 at regions/51556_timeseries.txt. Skipping.
Warning: Invalid shape (196, 169) or empty file for subject 51557 at regions/51557_timeseries.txt. Skipping.
Warning: Invalid shape (196, 169) or empty file for subject 51558 at regions/51558_timeseries.txt. Skipping.
Warning: Invalid shape (196, 169) or empty file for subject 51559 at regions/51559_timeseries.txt. Skipping.
Warning: Invalid shape (196, 169) or empty file for subject 51560 at regions/51560_timeseries.txt. Skipping.
Warning: Invalid shape (196, 169) or empty file for subject 51562 at regions/51562_timeseries.txt. Skipping.
Warning: Invalid shape (196, 169) or empty file for subject 51563 at regions/51563_timeseries.txt. Skipping.
Warning: Invalid shape (196, 169) or empty file for subject 51565 at regions/51565_timeseries.txt. Skipping.
Warning: Invalid shape (196, 169) or empty file for subject 51566 at regions/51566_timeseries.txt. Skipping.
Warning: Invalid shape (196, 169) or empty file for subject 51567 at regions/51567_timeseries.txt. Skipping.
Warning: Invalid shape (196, 169) or empty file for subject 51568 at regions/51568_timeseries.txt. Skipping.
Warning: Invalid shape (196, 169) or empty file for subject 51569 at regions/51569_timeseries.txt. Skipping.
Warning: Invalid shape (196, 169) or empty file for subject 51570 at regions/51570_timeseries.txt. Skipping.
Warning: Invalid shape (196, 169) or empty file for subject 51572 at regions/51572_timeseries.txt. Skipping.
Warning: Invalid shape (196, 169) or empty file for subject 51573 at regions/51573_timeseries.txt. Skipping.
Warning: Invalid shape (196, 169) or empty file for subject 51574 at regions/51574_timeseries.txt. Skipping.
Warning: Invalid shape (196, 169) or empty file for subject 51576 at regions/51576_timeseries.txt. Skipping.
Warning: Invalid shape (196, 169) or empty file for subject 51577 at regions/51577_timeseries.txt. Skipping.
Warning: Invalid shape (196, 169) or empty file for subject 51578 at regions/51578_timeseries.txt. Skipping.
Warning: Invalid shape (196, 169) or empty file for subject 51579 at regions/51579_timeseries.txt. Skipping.
Warning: Invalid shape (196, 169) or empty file for subject 51580 at regions/51580_timeseries.txt. Skipping.
Warning: Invalid shape (196, 169) or empty file for subject 51583 at regions/51583_timeseries.txt. Skipping.
Warning: Invalid shape (196, 169) or empty file for subject 51584 at regions/51584_timeseries.txt. Skipping.
Warning: Invalid shape (196, 169) or empty file for subject 51585 at regions/51585_timeseries.txt. Skipping.
Warning: Invalid shape (116, 169) or empty file for subject 51606 at regions/51606_timeseries.txt. Skipping.
Warning: Invalid shape (116, 169) or empty file for subject 51607 at regions/51607_timeseries.txt. Skipping.
Warning: Invalid shape (196, 169) or empty file for subject 50030 at regions/50030_timeseries.txt. Skipping.
Warning: Invalid shape (196, 169) or empty file for subject 50050 at regions/50050_timeseries.txt. Skipping.
Warning: Invalid shape (206, 169) or empty file for subject 50128 at regions/50128_timeseries.txt. Skipping.
Warning: Invalid shape (78, 169) or empty file for subject 50152 at regions/50152_timeseries.txt. Skipping.
Warning: Invalid shape (78, 169) or empty file for subject 50156 at regions/50156_timeseries.txt. Skipping.
Warning: Invalid shape (78, 169) or empty file for subject 50158 at regions/50158_timeseries.txt. Skipping.
Warning: Invalid shape (78, 169) or empty file for subject 50162 at regions/50162_timeseries.txt. Skipping.
Warning: Invalid shape (176, 169) or empty file for subject 50190 at regions/50190_timeseries.txt. Skipping.
Warning: Invalid shape (176, 169) or empty file for subject 50196 at regions/50196_timeseries.txt. Skipping.
Warning: Invalid shape (176, 169) or empty file for subject 50203 at regions/50203_timeseries.txt. Skipping.
Warning: Invalid shape (176, 169) or empty file for subject 50205 at regions/50205_timeseries.txt. Skipping.
Warning: Invalid shape (176, 169) or empty file for subject 50215 at regions/50215_timeseries.txt. Skipping.
Warning: Invalid shape (146, 169) or empty file for subject 50261 at regions/50261_timeseries.txt. Skipping.
Warning: Invalid shape (296, 169) or empty file for subject 50273 at regions/50273_timeseries.txt. Skipping.
Warning: Invalid shape (296, 169) or empty file for subject 50298 at regions/50298_timeseries.txt. Skipping.
Warning: Invalid shape (296, 169) or empty file for subject 50341 at regions/50341_timeseries.txt. Skipping.
Warning: Invalid shape (296, 169) or empty file for subject 50344 at regions/50344_timeseries.txt. Skipping.
Warning: Invalid shape (296, 169) or empty file for subject 50374 at regions/50374_timeseries.txt. Skipping.
Warning: Invalid shape (296, 169) or empty file for subject 50382 at regions/50382_timeseries.txt. Skipping.
Warning: Invalid shape (296, 169) or empty file for subject 50415 at regions/50415_timeseries.txt. Skipping.
Warning: Invalid shape (296, 169) or empty file for subject 50427 at regions/50427_timeseries.txt. Skipping.
Warning: Invalid shape (296, 169) or empty file for subject 50428 at regions/50428_timeseries.txt. Skipping.
Warning: Invalid shape (236, 169) or empty file for subject 50435 at regions/50435_timeseries.txt. Skipping.
Warning: Invalid shape (236, 169) or empty file for subject 50481 at regions/50481_timeseries.txt. Skipping.
Warning: Invalid shape (236, 169) or empty file for subject 50485 at regions/50485_timeseries.txt. Skipping.
Warning: Invalid shape (236, 169) or empty file for subject 50491 at regions/50491_timeseries.txt. Skipping.
Warning: Invalid shape (236, 169) or empty file for subject 50493 at regions/50493_timeseries.txt. Skipping.
Warning: Invalid shape (236, 169) or empty file for subject 50504 at regions/50504_timeseries.txt. Skipping.
Warning: Invalid shape (236, 169) or empty file for subject 50510 at regions/50510_timeseries.txt. Skipping.
Warning: Invalid shape (236, 169) or empty file for subject 50521 at regions/50521_timeseries.txt. Skipping.
Warning: Invalid shape (236, 169) or empty file for subject 50530 at regions/50530_timeseries.txt. Skipping.
Warning: Invalid shape (196, 169) or empty file for subject 50557 at regions/50557_timeseries.txt. Skipping.
Warning: Invalid shape (196, 169) or empty file for subject 50569 at regions/50569_timeseries.txt. Skipping.
Warning: Invalid shape (196, 169) or empty file for subject 50575 at regions/50575_timeseries.txt. Skipping.
Warning: Invalid shape (196, 169) or empty file for subject 50601 at regions/50601_timeseries.txt. Skipping.
Warning: Invalid shape (196, 169) or empty file for subject 50602 at regions/50602_timeseries.txt. Skipping.
Warning: Invalid shape (196, 169) or empty file for subject 50625 at regions/50625_timeseries.txt. Skipping.
Warning: Invalid shape (202, 169) or empty file for subject 50647 at regions/50647_timeseries.txt. Skipping.
Warning: Invalid shape (236, 169) or empty file for subject 50665 at regions/50665_timeseries.txt. Skipping.
Warning: Invalid shape (246, 169) or empty file for subject 50688 at regions/50688_timeseries.txt. Skipping.
Warning: Invalid shape (246, 169) or empty file for subject 50697 at regions/50697_timeseries.txt. Skipping.
Warning: Invalid shape (246, 169) or empty file for subject 50724 at regions/50724_timeseries.txt. Skipping.
Warning: Invalid shape (246, 169) or empty file for subject 50728 at regions/50728_timeseries.txt. Skipping.
Warning: Invalid shape (246, 169) or empty file for subject 50739 at regions/50739_timeseries.txt. Skipping.
Warning: Invalid shape (246, 169) or empty file for subject 50745 at regions/50745_timeseries.txt. Skipping.
Warning: Invalid shape (246, 169) or empty file for subject 50750 at regions/50750_timeseries.txt. Skipping.
Warning: Invalid shape (152, 169) or empty file for subject 50776 at regions/50776_timeseries.txt. Skipping.
Warning: Invalid shape (152, 169) or empty file for subject 50782 at regions/50782_timeseries.txt. Skipping.
Warning: Invalid shape (152, 169) or empty file for subject 50796 at regions/50796_timeseries.txt. Skipping.
Warning: Invalid shape (152, 169) or empty file for subject 50800 at regions/50800_timeseries.txt. Skipping.
Warning: Invalid shape (152, 169) or empty file for subject 50801 at regions/50801_timeseries.txt. Skipping.
Warning: Invalid shape (176, 169) or empty file for subject 50977 at regions/50977_timeseries.txt. Skipping.
Warning: Invalid shape (176, 169) or empty file for subject 50985 at regions/50985_timeseries.txt. Skipping.
Warning: Invalid shape (176, 169) or empty file for subject 50990 at regions/50990_timeseries.txt. Skipping.
Warning: Invalid shape (176, 169) or empty file for subject 51001 at regions/51001_timeseries.txt. Skipping.
Warning: Invalid shape (176, 169) or empty file for subject 51016 at regions/51016_timeseries.txt. Skipping.
Warning: Invalid shape (176, 169) or empty file for subject 51024 at regions/51024_timeseries.txt. Skipping.
Warning: Invalid shape (176, 169) or empty file for subject 51032 at regions/51032_timeseries.txt. Skipping.
Warning: Invalid shape (176, 169) or empty file for subject 51046 at regions/51046_timeseries.txt. Skipping.
Warning: Invalid shape (176, 169) or empty file for subject 51053 at regions/51053_timeseries.txt. Skipping.
Warning: Invalid shape (176, 169) or empty file for subject 51061 at regions/51061_timeseries.txt. Skipping.
Warning: Invalid shape (176, 169) or empty file for subject 51083 at regions/51083_timeseries.txt. Skipping.
Warning: Invalid shape (176, 169) or empty file for subject 51087 at regions/51087_timeseries.txt. Skipping.
Warning: Invalid shape (176, 169) or empty file for subject 51091 at regions/51091_timeseries.txt. Skipping.
Warning: Invalid shape (176, 169) or empty file for subject 51104 at regions/51104_timeseries.txt. Skipping.
Warning: Invalid shape (176, 169) or empty file for subject 51105 at regions/51105_timeseries.txt. Skipping.
Warning: Invalid shape (176, 169) or empty file for subject 51113 at regions/51113_timeseries.txt. Skipping.
Warning: Invalid shape (176, 169) or empty file for subject 51122 at regions/51122_timeseries.txt. Skipping.
Warning: Invalid shape (146, 169) or empty file for subject 51135 at regions/51135_timeseries.txt. Skipping.
Warning: Invalid shape (116, 169) or empty file for subject 51214 at regions/51214_timeseries.txt. Skipping.
Warning: Invalid shape (116, 169) or empty file for subject 51218 at regions/51218_timeseries.txt. Skipping.
Warning: Invalid shape (116, 169) or empty file for subject 51249 at regions/51249_timeseries.txt. Skipping.
Warning: Invalid shape (116, 169) or empty file for subject 51251 at regions/51251_timeseries.txt. Skipping.
Warning: Invalid shape (116, 169) or empty file for subject 51264 at regions/51264_timeseries.txt. Skipping.
Warning: Invalid shape (116, 169) or empty file for subject 51271 at regions/51271_timeseries.txt. Skipping.
Warning: Invalid shape (116, 169) or empty file for subject 51272 at regions/51272_timeseries.txt. Skipping.
Warning: Invalid shape (116, 169) or empty file for subject 51278 at regions/51278_timeseries.txt. Skipping.
Warning: Invalid shape (116, 169) or empty file for subject 51302 at regions/51302_timeseries.txt. Skipping.
Warning: Invalid shape (116, 169) or empty file for subject 51311 at regions/51311_timeseries.txt. Skipping.
Warning: Invalid shape (116, 169) or empty file for subject 51313 at regions/51313_timeseries.txt. Skipping.
Warning: Invalid shape (116, 169) or empty file for subject 51318 at regions/51318_timeseries.txt. Skipping.
Warning: Invalid shape (116, 169) or empty file for subject 51320 at regions/51320_timeseries.txt. Skipping.
Warning: Invalid shape (116, 169) or empty file for subject 51321 at regions/51321_timeseries.txt. Skipping.
Warning: Invalid shape (196, 169) or empty file for subject 51349 at regions/51349_timeseries.txt. Skipping.
Warning: Invalid shape (116, 169) or empty file for subject 51362 at regions/51362_timeseries.txt. Skipping.
Warning: Invalid shape (196, 169) or empty file for subject 51564 at regions/51564_timeseries.txt. Skipping.
Warning: Invalid shape (196, 169) or empty file for subject 51582 at regions/51582_timeseries.txt. Skipping.
Error: No time series could be loaded successfully for this fold.
Critical Error: Could not load/pad time series for Fold 5. Skipping fold.

--- Fold 6/10 ---
Loading time series for 866 subjects in fold...
Warning: Invalid shape (196, 169) or empty file for subject 50003 at regions/50003_timeseries.txt. Skipping.
Warning: Invalid shape (196, 169) or empty file for subject 50004 at regions/50004_timeseries.txt. Skipping.
Warning: Invalid shape (196, 169) or empty file for subject 50005 at regions/50005_timeseries.txt. Skipping.
Warning: Invalid shape (196, 169) or empty file for subject 50007 at regions/50007_timeseries.txt. Skipping.
Warning: Invalid shape (196, 169) or empty file for subject 50008 at regions/50008_timeseries.txt. Skipping.
Warning: Invalid shape (196, 169) or empty file for subject 50010 at regions/50010_timeseries.txt. Skipping.
Warning: Invalid shape (196, 169) or empty file for subject 50011 at regions/50011_timeseries.txt. Skipping.
Warning: Invalid shape (196, 169) or empty file for subject 50013 at regions/50013_timeseries.txt. Skipping.
Warning: Invalid shape (196, 169) or empty file for subject 50014 at regions/50014_timeseries.txt. Skipping.
Warning: Invalid shape (196, 169) or empty file for subject 50015 at regions/50015_timeseries.txt. Skipping.
Warning: Invalid shape (196, 169) or empty file for subject 50016 at regions/50016_timeseries.txt. Skipping.
Warning: Invalid shape (196, 169) or empty file for subject 50020 at regions/50020_timeseries.txt. Skipping.
Warning: Invalid shape (196, 169) or empty file for subject 50022 at regions/50022_timeseries.txt. Skipping.
Warning: Invalid shape (196, 169) or empty file for subject 50023 at regions/50023_timeseries.txt. Skipping.
Warning: Invalid shape (196, 169) or empty file for subject 50024 at regions/50024_timeseries.txt. Skipping.
Warning: Invalid shape (196, 169) or empty file for subject 50025 at regions/50025_timeseries.txt. Skipping.
Warning: Invalid shape (196, 169) or empty file for subject 50028 at regions/50028_timeseries.txt. Skipping.
Warning: Invalid shape (196, 169) or empty file for subject 50030 at regions/50030_timeseries.txt. Skipping.
Warning: Invalid shape (196, 169) or empty file for subject 50031 at regions/50031_timeseries.txt. Skipping.
Warning: Invalid shape (196, 169) or empty file for subject 50032 at regions/50032_timeseries.txt. Skipping.
Warning: Invalid shape (196, 169) or empty file for subject 50034 at regions/50034_timeseries.txt. Skipping.
Warning: Invalid shape (196, 169) or empty file for subject 50035 at regions/50035_timeseries.txt. Skipping.
Warning: Invalid shape (196, 169) or empty file for subject 50036 at regions/50036_timeseries.txt. Skipping.
Warning: Invalid shape (196, 169) or empty file for subject 50037 at regions/50037_timeseries.txt. Skipping.
Warning: Invalid shape (196, 169) or empty file for subject 50038 at regions/50038_timeseries.txt. Skipping.
Warning: Invalid shape (196, 169) or empty file for subject 50039 at regions/50039_timeseries.txt. Skipping.
Warning: Invalid shape (196, 169) or empty file for subject 50040 at regions/50040_timeseries.txt. Skipping.
Warning: Invalid shape (196, 169) or empty file for subject 50041 at regions/50041_timeseries.txt. Skipping.
Warning: Invalid shape (196, 169) or empty file for subject 50042 at regions/50042_timeseries.txt. Skipping.
Warning: Invalid shape (196, 169) or empty file for subject 50043 at regions/50043_timeseries.txt. Skipping.
Warning: Invalid shape (196, 169) or empty file for subject 50044 at regions/50044_timeseries.txt. Skipping.
Warning: Invalid shape (196, 169) or empty file for subject 50045 at regions/50045_timeseries.txt. Skipping.
Warning: Invalid shape (196, 169) or empty file for subject 50046 at regions/50046_timeseries.txt. Skipping.
Warning: Invalid shape (196, 169) or empty file for subject 50047 at regions/50047_timeseries.txt. Skipping.
Warning: Invalid shape (196, 169) or empty file for subject 50048 at regions/50048_timeseries.txt. Skipping.
Warning: Invalid shape (196, 169) or empty file for subject 50049 at regions/50049_timeseries.txt. Skipping.
Warning: Invalid shape (196, 169) or empty file for subject 50050 at regions/50050_timeseries.txt. Skipping.
Warning: Invalid shape (196, 169) or empty file for subject 50051 at regions/50051_timeseries.txt. Skipping.
Warning: Invalid shape (196, 169) or empty file for subject 50052 at regions/50052_timeseries.txt. Skipping.
Warning: Invalid shape (196, 169) or empty file for subject 50053 at regions/50053_timeseries.txt. Skipping.
Warning: Invalid shape (196, 169) or empty file for subject 50054 at regions/50054_timeseries.txt. Skipping.
Warning: Invalid shape (196, 169) or empty file for subject 50056 at regions/50056_timeseries.txt. Skipping.
Warning: Invalid shape (196, 169) or empty file for subject 50057 at regions/50057_timeseries.txt. Skipping.
Warning: Invalid shape (196, 169) or empty file for subject 50059 at regions/50059_timeseries.txt. Skipping.
Warning: Invalid shape (196, 169) or empty file for subject 50060 at regions/50060_timeseries.txt. Skipping.
Warning: Invalid shape (206, 169) or empty file for subject 50102 at regions/50102_timeseries.txt. Skipping.
Warning: Invalid shape (206, 169) or empty file for subject 50103 at regions/50103_timeseries.txt. Skipping.
Warning: Invalid shape (206, 169) or empty file for subject 50104 at regions/50104_timeseries.txt. Skipping.
Warning: Invalid shape (206, 169) or empty file for subject 50105 at regions/50105_timeseries.txt. Skipping.
Warning: Invalid shape (206, 169) or empty file for subject 50106 at regions/50106_timeseries.txt. Skipping.
Warning: Invalid shape (206, 169) or empty file for subject 50107 at regions/50107_timeseries.txt. Skipping.
Warning: Invalid shape (206, 169) or empty file for subject 50109 at regions/50109_timeseries.txt. Skipping.
Warning: Invalid shape (206, 169) or empty file for subject 50111 at regions/50111_timeseries.txt. Skipping.
Warning: Invalid shape (206, 169) or empty file for subject 50112 at regions/50112_timeseries.txt. Skipping.
Warning: Invalid shape (206, 169) or empty file for subject 50113 at regions/50113_timeseries.txt. Skipping.
Warning: Invalid shape (206, 169) or empty file for subject 50114 at regions/50114_timeseries.txt. Skipping.
Warning: Invalid shape (206, 169) or empty file for subject 50115 at regions/50115_timeseries.txt. Skipping.
Warning: Invalid shape (206, 169) or empty file for subject 50116 at regions/50116_timeseries.txt. Skipping.
Warning: Invalid shape (206, 169) or empty file for subject 50117 at regions/50117_timeseries.txt. Skipping.
Warning: Invalid shape (206, 169) or empty file for subject 50118 at regions/50118_timeseries.txt. Skipping.
Warning: Invalid shape (206, 169) or empty file for subject 50119 at regions/50119_timeseries.txt. Skipping.
Warning: Invalid shape (206, 169) or empty file for subject 50121 at regions/50121_timeseries.txt. Skipping.
Warning: Invalid shape (206, 169) or empty file for subject 50123 at regions/50123_timeseries.txt. Skipping.
Warning: Invalid shape (206, 169) or empty file for subject 50124 at regions/50124_timeseries.txt. Skipping.
Warning: Invalid shape (206, 169) or empty file for subject 50125 at regions/50125_timeseries.txt. Skipping.
Warning: Invalid shape (206, 169) or empty file for subject 50127 at regions/50127_timeseries.txt. Skipping.
Warning: Invalid shape (206, 169) or empty file for subject 50128 at regions/50128_timeseries.txt. Skipping.
Warning: Invalid shape (206, 169) or empty file for subject 50129 at regions/50129_timeseries.txt. Skipping.
Warning: Invalid shape (206, 169) or empty file for subject 50130 at regions/50130_timeseries.txt. Skipping.
Warning: Invalid shape (206, 169) or empty file for subject 50131 at regions/50131_timeseries.txt. Skipping.
Warning: Invalid shape (206, 169) or empty file for subject 50132 at regions/50132_timeseries.txt. Skipping.
Warning: Invalid shape (206, 169) or empty file for subject 50134 at regions/50134_timeseries.txt. Skipping.
Warning: Invalid shape (206, 169) or empty file for subject 50135 at regions/50135_timeseries.txt. Skipping.
Warning: Invalid shape (78, 169) or empty file for subject 50142 at regions/50142_timeseries.txt. Skipping.
Warning: Invalid shape (78, 169) or empty file for subject 50143 at regions/50143_timeseries.txt. Skipping.
Warning: Invalid shape (78, 169) or empty file for subject 50144 at regions/50144_timeseries.txt. Skipping.
Warning: Invalid shape (78, 169) or empty file for subject 50145 at regions/50145_timeseries.txt. Skipping.
Warning: Invalid shape (78, 169) or empty file for subject 50146 at regions/50146_timeseries.txt. Skipping.
Warning: Invalid shape (78, 169) or empty file for subject 50147 at regions/50147_timeseries.txt. Skipping.
Warning: Invalid shape (78, 169) or empty file for subject 50148 at regions/50148_timeseries.txt. Skipping.
Warning: Invalid shape (78, 169) or empty file for subject 50149 at regions/50149_timeseries.txt. Skipping.
Warning: Invalid shape (78, 169) or empty file for subject 50150 at regions/50150_timeseries.txt. Skipping.
Warning: Invalid shape (78, 169) or empty file for subject 50152 at regions/50152_timeseries.txt. Skipping.
Warning: Invalid shape (78, 169) or empty file for subject 50153 at regions/50153_timeseries.txt. Skipping.
Warning: Invalid shape (78, 169) or empty file for subject 50156 at regions/50156_timeseries.txt. Skipping.
Warning: Invalid shape (78, 169) or empty file for subject 50157 at regions/50157_timeseries.txt. Skipping.
Warning: Invalid shape (78, 169) or empty file for subject 50158 at regions/50158_timeseries.txt. Skipping.
Warning: Invalid shape (78, 169) or empty file for subject 50159 at regions/50159_timeseries.txt. Skipping.
Warning: Invalid shape (78, 169) or empty file for subject 50161 at regions/50161_timeseries.txt. Skipping.
Warning: Invalid shape (78, 169) or empty file for subject 50162 at regions/50162_timeseries.txt. Skipping.
Warning: Invalid shape (78, 169) or empty file for subject 50163 at regions/50163_timeseries.txt. Skipping.
Warning: Invalid shape (78, 169) or empty file for subject 50167 at regions/50167_timeseries.txt. Skipping.
Warning: Invalid shape (78, 169) or empty file for subject 50168 at regions/50168_timeseries.txt. Skipping.
Warning: Invalid shape (78, 169) or empty file for subject 50170 at regions/50170_timeseries.txt. Skipping.
Warning: Invalid shape (78, 169) or empty file for subject 50171 at regions/50171_timeseries.txt. Skipping.
Warning: Invalid shape (176, 169) or empty file for subject 50182 at regions/50182_timeseries.txt. Skipping.
Warning: Invalid shape (176, 169) or empty file for subject 50183 at regions/50183_timeseries.txt. Skipping.
Warning: Invalid shape (176, 169) or empty file for subject 50184 at regions/50184_timeseries.txt. Skipping.
Warning: Invalid shape (176, 169) or empty file for subject 50186 at regions/50186_timeseries.txt. Skipping.
Warning: Invalid shape (176, 169) or empty file for subject 50187 at regions/50187_timeseries.txt. Skipping.
Warning: Invalid shape (176, 169) or empty file for subject 50188 at regions/50188_timeseries.txt. Skipping.
Warning: Invalid shape (176, 169) or empty file for subject 50190 at regions/50190_timeseries.txt. Skipping.
Warning: Invalid shape (176, 169) or empty file for subject 50195 at regions/50195_timeseries.txt. Skipping.
Warning: Invalid shape (176, 169) or empty file for subject 50196 at regions/50196_timeseries.txt. Skipping.
Warning: Invalid shape (176, 169) or empty file for subject 50198 at regions/50198_timeseries.txt. Skipping.
Warning: Invalid shape (176, 169) or empty file for subject 50199 at regions/50199_timeseries.txt. Skipping.
Warning: Invalid shape (176, 169) or empty file for subject 50200 at regions/50200_timeseries.txt. Skipping.
Warning: Invalid shape (176, 169) or empty file for subject 50201 at regions/50201_timeseries.txt. Skipping.
Warning: Invalid shape (176, 169) or empty file for subject 50202 at regions/50202_timeseries.txt. Skipping.
Warning: Invalid shape (176, 169) or empty file for subject 50203 at regions/50203_timeseries.txt. Skipping.
Warning: Invalid shape (176, 169) or empty file for subject 50205 at regions/50205_timeseries.txt. Skipping.
Warning: Invalid shape (176, 169) or empty file for subject 50206 at regions/50206_timeseries.txt. Skipping.
Warning: Invalid shape (176, 169) or empty file for subject 50208 at regions/50208_timeseries.txt. Skipping.
Warning: Invalid shape (176, 169) or empty file for subject 50210 at regions/50210_timeseries.txt. Skipping.
Warning: Invalid shape (176, 169) or empty file for subject 50214 at regions/50214_timeseries.txt. Skipping.
Warning: Invalid shape (176, 169) or empty file for subject 50215 at regions/50215_timeseries.txt. Skipping.
Warning: Invalid shape (146, 169) or empty file for subject 50232 at regions/50232_timeseries.txt. Skipping.
Warning: Invalid shape (146, 169) or empty file for subject 50233 at regions/50233_timeseries.txt. Skipping.
Warning: Invalid shape (146, 169) or empty file for subject 50234 at regions/50234_timeseries.txt. Skipping.
Warning: Invalid shape (146, 169) or empty file for subject 50236 at regions/50236_timeseries.txt. Skipping.
Warning: Invalid shape (146, 169) or empty file for subject 50237 at regions/50237_timeseries.txt. Skipping.
Warning: Invalid shape (146, 169) or empty file for subject 50239 at regions/50239_timeseries.txt. Skipping.
Warning: Invalid shape (146, 169) or empty file for subject 50240 at regions/50240_timeseries.txt. Skipping.
Warning: Invalid shape (146, 169) or empty file for subject 50241 at regions/50241_timeseries.txt. Skipping.
Warning: Invalid shape (146, 169) or empty file for subject 50243 at regions/50243_timeseries.txt. Skipping.
Warning: Invalid shape (146, 169) or empty file for subject 50248 at regions/50248_timeseries.txt. Skipping.
Warning: Invalid shape (146, 169) or empty file for subject 50249 at regions/50249_timeseries.txt. Skipping.
Warning: Invalid shape (146, 169) or empty file for subject 50250 at regions/50250_timeseries.txt. Skipping.
Warning: Invalid shape (146, 169) or empty file for subject 50251 at regions/50251_timeseries.txt. Skipping.
Warning: Invalid shape (146, 169) or empty file for subject 50252 at regions/50252_timeseries.txt. Skipping.
Warning: Invalid shape (146, 169) or empty file for subject 50253 at regions/50253_timeseries.txt. Skipping.
Warning: Invalid shape (146, 169) or empty file for subject 50254 at regions/50254_timeseries.txt. Skipping.
Warning: Invalid shape (146, 169) or empty file for subject 50257 at regions/50257_timeseries.txt. Skipping.
Warning: Invalid shape (146, 169) or empty file for subject 50259 at regions/50259_timeseries.txt. Skipping.
Warning: Invalid shape (146, 169) or empty file for subject 50260 at regions/50260_timeseries.txt. Skipping.
Warning: Invalid shape (146, 169) or empty file for subject 50261 at regions/50261_timeseries.txt. Skipping.
Warning: Invalid shape (146, 169) or empty file for subject 50262 at regions/50262_timeseries.txt. Skipping.
Warning: Invalid shape (146, 169) or empty file for subject 50264 at regions/50264_timeseries.txt. Skipping.
Warning: Invalid shape (146, 169) or empty file for subject 50265 at regions/50265_timeseries.txt. Skipping.
Warning: Invalid shape (146, 169) or empty file for subject 50266 at regions/50266_timeseries.txt. Skipping.
Warning: Invalid shape (146, 169) or empty file for subject 50267 at regions/50267_timeseries.txt. Skipping.
Warning: Invalid shape (146, 169) or empty file for subject 50268 at regions/50268_timeseries.txt. Skipping.
Warning: Invalid shape (146, 169) or empty file for subject 50269 at regions/50269_timeseries.txt. Skipping.
Warning: Invalid shape (146, 169) or empty file for subject 50270 at regions/50270_timeseries.txt. Skipping.
Warning: Invalid shape (146, 169) or empty file for subject 50271 at regions/50271_timeseries.txt. Skipping.
Warning: Invalid shape (296, 169) or empty file for subject 50272 at regions/50272_timeseries.txt. Skipping.
Warning: Invalid shape (296, 169) or empty file for subject 50273 at regions/50273_timeseries.txt. Skipping.
Warning: Invalid shape (296, 169) or empty file for subject 50274 at regions/50274_timeseries.txt. Skipping.
Warning: Invalid shape (296, 169) or empty file for subject 50275 at regions/50275_timeseries.txt. Skipping.
Warning: Invalid shape (296, 169) or empty file for subject 50276 at regions/50276_timeseries.txt. Skipping.
Warning: Invalid shape (296, 169) or empty file for subject 50282 at regions/50282_timeseries.txt. Skipping.
Warning: Invalid shape (296, 169) or empty file for subject 50284 at regions/50284_timeseries.txt. Skipping.
Warning: Invalid shape (296, 169) or empty file for subject 50285 at regions/50285_timeseries.txt. Skipping.
Warning: Invalid shape (296, 169) or empty file for subject 50287 at regions/50287_timeseries.txt. Skipping.
Warning: Invalid shape (296, 169) or empty file for subject 50290 at regions/50290_timeseries.txt. Skipping.
Warning: Invalid shape (296, 169) or empty file for subject 50291 at regions/50291_timeseries.txt. Skipping.
Warning: Invalid shape (296, 169) or empty file for subject 50292 at regions/50292_timeseries.txt. Skipping.
Warning: Invalid shape (296, 169) or empty file for subject 50294 at regions/50294_timeseries.txt. Skipping.
Warning: Invalid shape (296, 169) or empty file for subject 50295 at regions/50295_timeseries.txt. Skipping.
Warning: Invalid shape (296, 169) or empty file for subject 50297 at regions/50297_timeseries.txt. Skipping.
Warning: Invalid shape (296, 169) or empty file for subject 50298 at regions/50298_timeseries.txt. Skipping.
Warning: Invalid shape (296, 169) or empty file for subject 50300 at regions/50300_timeseries.txt. Skipping.
Warning: Invalid shape (296, 169) or empty file for subject 50301 at regions/50301_timeseries.txt. Skipping.
Warning: Invalid shape (296, 169) or empty file for subject 50302 at regions/50302_timeseries.txt. Skipping.
Warning: Invalid shape (296, 169) or empty file for subject 50304 at regions/50304_timeseries.txt. Skipping.
Warning: Invalid shape (296, 169) or empty file for subject 50308 at regions/50308_timeseries.txt. Skipping.
Warning: Invalid shape (296, 169) or empty file for subject 50310 at regions/50310_timeseries.txt. Skipping.
Warning: Invalid shape (296, 169) or empty file for subject 50312 at regions/50312_timeseries.txt. Skipping.
Warning: Invalid shape (296, 169) or empty file for subject 50314 at regions/50314_timeseries.txt. Skipping.
Warning: Invalid shape (296, 169) or empty file for subject 50315 at regions/50315_timeseries.txt. Skipping.
Warning: Invalid shape (296, 169) or empty file for subject 50318 at regions/50318_timeseries.txt. Skipping.
Warning: Invalid shape (296, 169) or empty file for subject 50319 at regions/50319_timeseries.txt. Skipping.
Warning: Invalid shape (296, 169) or empty file for subject 50320 at regions/50320_timeseries.txt. Skipping.
Warning: Invalid shape (296, 169) or empty file for subject 50321 at regions/50321_timeseries.txt. Skipping.
Warning: Invalid shape (296, 169) or empty file for subject 50324 at regions/50324_timeseries.txt. Skipping.
Warning: Invalid shape (296, 169) or empty file for subject 50325 at regions/50325_timeseries.txt. Skipping.
Warning: Invalid shape (296, 169) or empty file for subject 50327 at regions/50327_timeseries.txt. Skipping.
Warning: Invalid shape (296, 169) or empty file for subject 50329 at regions/50329_timeseries.txt. Skipping.
Warning: Invalid shape (296, 169) or empty file for subject 50330 at regions/50330_timeseries.txt. Skipping.
Warning: Invalid shape (296, 169) or empty file for subject 50331 at regions/50331_timeseries.txt. Skipping.
Warning: Invalid shape (296, 169) or empty file for subject 50332 at regions/50332_timeseries.txt. Skipping.
Warning: Invalid shape (296, 169) or empty file for subject 50333 at regions/50333_timeseries.txt. Skipping.
Warning: Invalid shape (296, 169) or empty file for subject 50334 at regions/50334_timeseries.txt. Skipping.
Warning: Invalid shape (296, 169) or empty file for subject 50335 at regions/50335_timeseries.txt. Skipping.
Warning: Invalid shape (296, 169) or empty file for subject 50336 at regions/50336_timeseries.txt. Skipping.
Warning: Invalid shape (296, 169) or empty file for subject 50337 at regions/50337_timeseries.txt. Skipping.
Warning: Invalid shape (296, 169) or empty file for subject 50338 at regions/50338_timeseries.txt. Skipping.
Warning: Invalid shape (296, 169) or empty file for subject 50339 at regions/50339_timeseries.txt. Skipping.
Warning: Invalid shape (296, 169) or empty file for subject 50340 at regions/50340_timeseries.txt. Skipping.
Warning: Invalid shape (296, 169) or empty file for subject 50341 at regions/50341_timeseries.txt. Skipping.
Warning: Invalid shape (296, 169) or empty file for subject 50342 at regions/50342_timeseries.txt. Skipping.
Warning: Invalid shape (296, 169) or empty file for subject 50343 at regions/50343_timeseries.txt. Skipping.
Warning: Invalid shape (296, 169) or empty file for subject 50344 at regions/50344_timeseries.txt. Skipping.
Warning: Invalid shape (296, 169) or empty file for subject 50345 at regions/50345_timeseries.txt. Skipping.
Warning: Invalid shape (296, 169) or empty file for subject 50346 at regions/50346_timeseries.txt. Skipping.
Warning: Invalid shape (296, 169) or empty file for subject 50347 at regions/50347_timeseries.txt. Skipping.
Warning: Invalid shape (296, 169) or empty file for subject 50349 at regions/50349_timeseries.txt. Skipping.
Warning: Invalid shape (296, 169) or empty file for subject 50350 at regions/50350_timeseries.txt. Skipping.
Warning: Invalid shape (296, 169) or empty file for subject 50351 at regions/50351_timeseries.txt. Skipping.
Warning: Invalid shape (296, 169) or empty file for subject 50352 at regions/50352_timeseries.txt. Skipping.
Warning: Invalid shape (296, 169) or empty file for subject 50353 at regions/50353_timeseries.txt. Skipping.
Warning: Invalid shape (296, 169) or empty file for subject 50354 at regions/50354_timeseries.txt. Skipping.
Warning: Invalid shape (296, 169) or empty file for subject 50355 at regions/50355_timeseries.txt. Skipping.
Warning: Invalid shape (296, 169) or empty file for subject 50356 at regions/50356_timeseries.txt. Skipping.
Warning: Invalid shape (296, 169) or empty file for subject 50357 at regions/50357_timeseries.txt. Skipping.
Warning: Invalid shape (296, 169) or empty file for subject 50358 at regions/50358_timeseries.txt. Skipping.
Warning: Invalid shape (296, 169) or empty file for subject 50360 at regions/50360_timeseries.txt. Skipping.
Warning: Invalid shape (296, 169) or empty file for subject 50361 at regions/50361_timeseries.txt. Skipping.
Warning: Invalid shape (296, 169) or empty file for subject 50362 at regions/50362_timeseries.txt. Skipping.
Warning: Invalid shape (296, 169) or empty file for subject 50363 at regions/50363_timeseries.txt. Skipping.
Warning: Invalid shape (296, 169) or empty file for subject 50364 at regions/50364_timeseries.txt. Skipping.
Warning: Invalid shape (296, 169) or empty file for subject 50365 at regions/50365_timeseries.txt. Skipping.
Warning: Invalid shape (296, 169) or empty file for subject 50366 at regions/50366_timeseries.txt. Skipping.
Warning: Invalid shape (296, 169) or empty file for subject 50367 at regions/50367_timeseries.txt. Skipping.
Warning: Invalid shape (296, 169) or empty file for subject 50368 at regions/50368_timeseries.txt. Skipping.
Warning: Invalid shape (296, 169) or empty file for subject 50369 at regions/50369_timeseries.txt. Skipping.
Warning: Invalid shape (296, 169) or empty file for subject 50370 at regions/50370_timeseries.txt. Skipping.
Warning: Invalid shape (296, 169) or empty file for subject 50372 at regions/50372_timeseries.txt. Skipping.
Warning: Invalid shape (296, 169) or empty file for subject 50373 at regions/50373_timeseries.txt. Skipping.
Warning: Invalid shape (296, 169) or empty file for subject 50374 at regions/50374_timeseries.txt. Skipping.
Warning: Invalid shape (296, 169) or empty file for subject 50375 at regions/50375_timeseries.txt. Skipping.
Warning: Invalid shape (296, 169) or empty file for subject 50376 at regions/50376_timeseries.txt. Skipping.
Warning: Invalid shape (296, 169) or empty file for subject 50377 at regions/50377_timeseries.txt. Skipping.
Warning: Invalid shape (296, 169) or empty file for subject 50379 at regions/50379_timeseries.txt. Skipping.
Warning: Invalid shape (296, 169) or empty file for subject 50380 at regions/50380_timeseries.txt. Skipping.
Warning: Invalid shape (296, 169) or empty file for subject 50381 at regions/50381_timeseries.txt. Skipping.
Warning: Invalid shape (296, 169) or empty file for subject 50382 at regions/50382_timeseries.txt. Skipping.
Warning: Invalid shape (296, 169) or empty file for subject 50383 at regions/50383_timeseries.txt. Skipping.
Warning: Invalid shape (296, 169) or empty file for subject 50385 at regions/50385_timeseries.txt. Skipping.
Warning: Invalid shape (296, 169) or empty file for subject 50386 at regions/50386_timeseries.txt. Skipping.
Warning: Invalid shape (296, 169) or empty file for subject 50387 at regions/50387_timeseries.txt. Skipping.
Warning: Invalid shape (296, 169) or empty file for subject 50388 at regions/50388_timeseries.txt. Skipping.
Warning: Invalid shape (296, 169) or empty file for subject 50390 at regions/50390_timeseries.txt. Skipping.
Warning: Invalid shape (296, 169) or empty file for subject 50391 at regions/50391_timeseries.txt. Skipping.
Warning: Invalid shape (296, 169) or empty file for subject 50397 at regions/50397_timeseries.txt. Skipping.
Warning: Invalid shape (296, 169) or empty file for subject 50402 at regions/50402_timeseries.txt. Skipping.
Warning: Invalid shape (296, 169) or empty file for subject 50403 at regions/50403_timeseries.txt. Skipping.
Warning: Invalid shape (296, 169) or empty file for subject 50404 at regions/50404_timeseries.txt. Skipping.
Warning: Invalid shape (296, 169) or empty file for subject 50405 at regions/50405_timeseries.txt. Skipping.
Warning: Invalid shape (296, 169) or empty file for subject 50406 at regions/50406_timeseries.txt. Skipping.
Warning: Invalid shape (296, 169) or empty file for subject 50407 at regions/50407_timeseries.txt. Skipping.
Warning: Invalid shape (296, 169) or empty file for subject 50408 at regions/50408_timeseries.txt. Skipping.
Warning: Invalid shape (296, 169) or empty file for subject 50410 at regions/50410_timeseries.txt. Skipping.
Warning: Invalid shape (296, 169) or empty file for subject 50411 at regions/50411_timeseries.txt. Skipping.
Warning: Invalid shape (296, 169) or empty file for subject 50412 at regions/50412_timeseries.txt. Skipping.
Warning: Invalid shape (296, 169) or empty file for subject 50413 at regions/50413_timeseries.txt. Skipping.
Warning: Invalid shape (296, 169) or empty file for subject 50414 at regions/50414_timeseries.txt. Skipping.
Warning: Invalid shape (296, 169) or empty file for subject 50415 at regions/50415_timeseries.txt. Skipping.
Warning: Invalid shape (296, 169) or empty file for subject 50416 at regions/50416_timeseries.txt. Skipping.
Warning: Invalid shape (296, 169) or empty file for subject 50417 at regions/50417_timeseries.txt. Skipping.
Warning: Invalid shape (296, 169) or empty file for subject 50418 at regions/50418_timeseries.txt. Skipping.
Warning: Invalid shape (296, 169) or empty file for subject 50419 at regions/50419_timeseries.txt. Skipping.
Warning: Invalid shape (296, 169) or empty file for subject 50421 at regions/50421_timeseries.txt. Skipping.
Warning: Invalid shape (296, 169) or empty file for subject 50422 at regions/50422_timeseries.txt. Skipping.
Warning: Invalid shape (296, 169) or empty file for subject 50424 at regions/50424_timeseries.txt. Skipping.
Warning: Invalid shape (296, 169) or empty file for subject 50425 at regions/50425_timeseries.txt. Skipping.
Warning: Invalid shape (296, 169) or empty file for subject 50426 at regions/50426_timeseries.txt. Skipping.
Warning: Invalid shape (296, 169) or empty file for subject 50427 at regions/50427_timeseries.txt. Skipping.
Warning: Invalid shape (296, 169) or empty file for subject 50428 at regions/50428_timeseries.txt. Skipping.
Warning: Invalid shape (236, 169) or empty file for subject 50433 at regions/50433_timeseries.txt. Skipping.
Warning: Invalid shape (236, 169) or empty file for subject 50434 at regions/50434_timeseries.txt. Skipping.
Warning: Invalid shape (236, 169) or empty file for subject 50435 at regions/50435_timeseries.txt. Skipping.
Warning: Invalid shape (236, 169) or empty file for subject 50436 at regions/50436_timeseries.txt. Skipping.
Warning: Invalid shape (236, 169) or empty file for subject 50437 at regions/50437_timeseries.txt. Skipping.
Warning: Invalid shape (236, 169) or empty file for subject 50438 at regions/50438_timeseries.txt. Skipping.
Warning: Invalid shape (236, 169) or empty file for subject 50439 at regions/50439_timeseries.txt. Skipping.
Warning: Invalid shape (236, 169) or empty file for subject 50440 at regions/50440_timeseries.txt. Skipping.
Warning: Invalid shape (236, 169) or empty file for subject 50441 at regions/50441_timeseries.txt. Skipping.
Warning: Invalid shape (236, 169) or empty file for subject 50442 at regions/50442_timeseries.txt. Skipping.
Warning: Invalid shape (236, 169) or empty file for subject 50443 at regions/50443_timeseries.txt. Skipping.
Warning: Invalid shape (236, 169) or empty file for subject 50444 at regions/50444_timeseries.txt. Skipping.
Warning: Invalid shape (236, 169) or empty file for subject 50445 at regions/50445_timeseries.txt. Skipping.
Warning: Invalid shape (236, 169) or empty file for subject 50446 at regions/50446_timeseries.txt. Skipping.
Warning: Invalid shape (236, 169) or empty file for subject 50453 at regions/50453_timeseries.txt. Skipping.
Warning: Invalid shape (236, 169) or empty file for subject 50463 at regions/50463_timeseries.txt. Skipping.
Warning: Invalid shape (236, 169) or empty file for subject 50466 at regions/50466_timeseries.txt. Skipping.
Warning: Invalid shape (236, 169) or empty file for subject 50467 at regions/50467_timeseries.txt. Skipping.
Warning: Invalid shape (236, 169) or empty file for subject 50468 at regions/50468_timeseries.txt. Skipping.
Warning: Invalid shape (236, 169) or empty file for subject 50469 at regions/50469_timeseries.txt. Skipping.
Warning: Invalid shape (236, 169) or empty file for subject 50470 at regions/50470_timeseries.txt. Skipping.
Warning: Invalid shape (236, 169) or empty file for subject 50477 at regions/50477_timeseries.txt. Skipping.
Warning: Invalid shape (236, 169) or empty file for subject 50480 at regions/50480_timeseries.txt. Skipping.
Warning: Invalid shape (236, 169) or empty file for subject 50481 at regions/50481_timeseries.txt. Skipping.
Warning: Invalid shape (236, 169) or empty file for subject 50482 at regions/50482_timeseries.txt. Skipping.
Warning: Invalid shape (236, 169) or empty file for subject 50483 at regions/50483_timeseries.txt. Skipping.
Warning: Invalid shape (236, 169) or empty file for subject 50485 at regions/50485_timeseries.txt. Skipping.
Warning: Invalid shape (236, 169) or empty file for subject 50486 at regions/50486_timeseries.txt. Skipping.
Warning: Invalid shape (236, 169) or empty file for subject 50487 at regions/50487_timeseries.txt. Skipping.
Warning: Invalid shape (236, 169) or empty file for subject 50488 at regions/50488_timeseries.txt. Skipping.
Warning: Invalid shape (236, 169) or empty file for subject 50490 at regions/50490_timeseries.txt. Skipping.
Warning: Invalid shape (236, 169) or empty file for subject 50491 at regions/50491_timeseries.txt. Skipping.
Warning: Invalid shape (236, 169) or empty file for subject 50492 at regions/50492_timeseries.txt. Skipping.
Warning: Invalid shape (236, 169) or empty file for subject 50493 at regions/50493_timeseries.txt. Skipping.
Warning: Invalid shape (236, 169) or empty file for subject 50494 at regions/50494_timeseries.txt. Skipping.
Warning: Invalid shape (236, 169) or empty file for subject 50496 at regions/50496_timeseries.txt. Skipping.
Warning: Invalid shape (236, 169) or empty file for subject 50498 at regions/50498_timeseries.txt. Skipping.
Warning: Invalid shape (236, 169) or empty file for subject 50499 at regions/50499_timeseries.txt. Skipping.
Warning: Invalid shape (236, 169) or empty file for subject 50500 at regions/50500_timeseries.txt. Skipping.
Warning: Invalid shape (236, 169) or empty file for subject 50501 at regions/50501_timeseries.txt. Skipping.
Warning: Invalid shape (236, 169) or empty file for subject 50502 at regions/50502_timeseries.txt. Skipping.
Warning: Invalid shape (236, 169) or empty file for subject 50504 at regions/50504_timeseries.txt. Skipping.
Warning: Invalid shape (236, 169) or empty file for subject 50507 at regions/50507_timeseries.txt. Skipping.
Warning: Invalid shape (236, 169) or empty file for subject 50509 at regions/50509_timeseries.txt. Skipping.
Warning: Invalid shape (236, 169) or empty file for subject 50510 at regions/50510_timeseries.txt. Skipping.
Warning: Invalid shape (236, 169) or empty file for subject 50514 at regions/50514_timeseries.txt. Skipping.
Warning: Invalid shape (236, 169) or empty file for subject 50515 at regions/50515_timeseries.txt. Skipping.
Warning: Invalid shape (236, 169) or empty file for subject 50516 at regions/50516_timeseries.txt. Skipping.
Warning: Invalid shape (236, 169) or empty file for subject 50518 at regions/50518_timeseries.txt. Skipping.
Warning: Invalid shape (236, 169) or empty file for subject 50519 at regions/50519_timeseries.txt. Skipping.
Warning: Invalid shape (236, 169) or empty file for subject 50520 at regions/50520_timeseries.txt. Skipping.
Warning: Invalid shape (236, 169) or empty file for subject 50521 at regions/50521_timeseries.txt. Skipping.
Warning: Invalid shape (236, 169) or empty file for subject 50523 at regions/50523_timeseries.txt. Skipping.
Warning: Invalid shape (236, 169) or empty file for subject 50524 at regions/50524_timeseries.txt. Skipping.
Warning: Invalid shape (236, 169) or empty file for subject 50525 at regions/50525_timeseries.txt. Skipping.
Warning: Invalid shape (232, 169) or empty file for subject 50526 at regions/50526_timeseries.txt. Skipping.
Warning: Invalid shape (236, 169) or empty file for subject 50527 at regions/50527_timeseries.txt. Skipping.
Warning: Invalid shape (236, 169) or empty file for subject 50529 at regions/50529_timeseries.txt. Skipping.
Warning: Invalid shape (236, 169) or empty file for subject 50530 at regions/50530_timeseries.txt. Skipping.
Warning: Invalid shape (236, 169) or empty file for subject 50531 at regions/50531_timeseries.txt. Skipping.
Warning: Invalid shape (236, 169) or empty file for subject 50532 at regions/50532_timeseries.txt. Skipping.
Warning: Invalid shape (196, 169) or empty file for subject 50551 at regions/50551_timeseries.txt. Skipping.
Warning: Invalid shape (196, 169) or empty file for subject 50552 at regions/50552_timeseries.txt. Skipping.
Warning: Invalid shape (196, 169) or empty file for subject 50555 at regions/50555_timeseries.txt. Skipping.
Warning: Invalid shape (196, 169) or empty file for subject 50557 at regions/50557_timeseries.txt. Skipping.
Warning: Invalid shape (196, 169) or empty file for subject 50558 at regions/50558_timeseries.txt. Skipping.
Warning: Invalid shape (196, 169) or empty file for subject 50561 at regions/50561_timeseries.txt. Skipping.
Warning: Invalid shape (196, 169) or empty file for subject 50563 at regions/50563_timeseries.txt. Skipping.
Warning: Invalid shape (196, 169) or empty file for subject 50565 at regions/50565_timeseries.txt. Skipping.
Warning: Invalid shape (196, 169) or empty file for subject 50568 at regions/50568_timeseries.txt. Skipping.
Warning: Invalid shape (196, 169) or empty file for subject 50569 at regions/50569_timeseries.txt. Skipping.
Warning: Invalid shape (196, 169) or empty file for subject 50572 at regions/50572_timeseries.txt. Skipping.
Warning: Invalid shape (196, 169) or empty file for subject 50573 at regions/50573_timeseries.txt. Skipping.
Warning: Invalid shape (196, 169) or empty file for subject 50574 at regions/50574_timeseries.txt. Skipping.
Warning: Invalid shape (196, 169) or empty file for subject 50575 at regions/50575_timeseries.txt. Skipping.
Warning: Invalid shape (196, 169) or empty file for subject 50577 at regions/50577_timeseries.txt. Skipping.
Warning: Invalid shape (196, 169) or empty file for subject 50578 at regions/50578_timeseries.txt. Skipping.
Warning: Invalid shape (196, 169) or empty file for subject 50601 at regions/50601_timeseries.txt. Skipping.
Warning: Invalid shape (196, 169) or empty file for subject 50602 at regions/50602_timeseries.txt. Skipping.
Warning: Invalid shape (196, 169) or empty file for subject 50603 at regions/50603_timeseries.txt. Skipping.
Warning: Invalid shape (196, 169) or empty file for subject 50606 at regions/50606_timeseries.txt. Skipping.
Warning: Invalid shape (196, 169) or empty file for subject 50607 at regions/50607_timeseries.txt. Skipping.
Warning: Invalid shape (196, 169) or empty file for subject 50608 at regions/50608_timeseries.txt. Skipping.
Warning: Invalid shape (196, 169) or empty file for subject 50612 at regions/50612_timeseries.txt. Skipping.
Warning: Invalid shape (196, 169) or empty file for subject 50613 at regions/50613_timeseries.txt. Skipping.
Warning: Invalid shape (196, 169) or empty file for subject 50614 at regions/50614_timeseries.txt. Skipping.
Warning: Invalid shape (196, 169) or empty file for subject 50615 at regions/50615_timeseries.txt. Skipping.
Warning: Invalid shape (196, 169) or empty file for subject 50619 at regions/50619_timeseries.txt. Skipping.
Warning: Invalid shape (196, 169) or empty file for subject 50620 at regions/50620_timeseries.txt. Skipping.
Warning: Invalid shape (196, 169) or empty file for subject 50621 at regions/50621_timeseries.txt. Skipping.
Warning: Invalid shape (196, 169) or empty file for subject 50622 at regions/50622_timeseries.txt. Skipping.
Warning: Invalid shape (196, 169) or empty file for subject 50623 at regions/50623_timeseries.txt. Skipping.
Warning: Invalid shape (196, 169) or empty file for subject 50624 at regions/50624_timeseries.txt. Skipping.
Warning: Invalid shape (196, 169) or empty file for subject 50625 at regions/50625_timeseries.txt. Skipping.
Warning: Invalid shape (196, 169) or empty file for subject 50626 at regions/50626_timeseries.txt. Skipping.
Warning: Invalid shape (196, 169) or empty file for subject 50627 at regions/50627_timeseries.txt. Skipping.
Warning: Invalid shape (196, 169) or empty file for subject 50628 at regions/50628_timeseries.txt. Skipping.
Warning: Invalid shape (316, 169) or empty file for subject 50644 at regions/50644_timeseries.txt. Skipping.
Warning: Invalid shape (202, 169) or empty file for subject 50647 at regions/50647_timeseries.txt. Skipping.
Warning: Invalid shape (316, 169) or empty file for subject 50648 at regions/50648_timeseries.txt. Skipping.
Warning: Invalid shape (236, 169) or empty file for subject 50649 at regions/50649_timeseries.txt. Skipping.
Warning: Invalid shape (236, 169) or empty file for subject 50654 at regions/50654_timeseries.txt. Skipping.
Warning: Invalid shape (236, 169) or empty file for subject 50656 at regions/50656_timeseries.txt. Skipping.
Warning: Invalid shape (236, 169) or empty file for subject 50659 at regions/50659_timeseries.txt. Skipping.
Warning: Invalid shape (236, 169) or empty file for subject 50665 at regions/50665_timeseries.txt. Skipping.
Warning: Invalid shape (316, 169) or empty file for subject 50669 at regions/50669_timeseries.txt. Skipping.
Warning: Invalid shape (246, 169) or empty file for subject 50682 at regions/50682_timeseries.txt. Skipping.
Warning: Invalid shape (246, 169) or empty file for subject 50683 at regions/50683_timeseries.txt. Skipping.
Warning: Invalid shape (246, 169) or empty file for subject 50685 at regions/50685_timeseries.txt. Skipping.
Warning: Invalid shape (246, 169) or empty file for subject 50686 at regions/50686_timeseries.txt. Skipping.
Warning: Invalid shape (246, 169) or empty file for subject 50688 at regions/50688_timeseries.txt. Skipping.
Warning: Invalid shape (246, 169) or empty file for subject 50689 at regions/50689_timeseries.txt. Skipping.
Warning: Invalid shape (246, 169) or empty file for subject 50691 at regions/50691_timeseries.txt. Skipping.
Warning: Invalid shape (246, 169) or empty file for subject 50692 at regions/50692_timeseries.txt. Skipping.
Warning: Invalid shape (246, 169) or empty file for subject 50693 at regions/50693_timeseries.txt. Skipping.
Warning: Invalid shape (246, 169) or empty file for subject 50695 at regions/50695_timeseries.txt. Skipping.
Warning: Invalid shape (246, 169) or empty file for subject 50696 at regions/50696_timeseries.txt. Skipping.
Warning: Invalid shape (246, 169) or empty file for subject 50697 at regions/50697_timeseries.txt. Skipping.
Warning: Invalid shape (246, 169) or empty file for subject 50698 at regions/50698_timeseries.txt. Skipping.
Warning: Invalid shape (246, 169) or empty file for subject 50701 at regions/50701_timeseries.txt. Skipping.
Warning: Invalid shape (246, 169) or empty file for subject 50702 at regions/50702_timeseries.txt. Skipping.
Warning: Invalid shape (246, 169) or empty file for subject 50703 at regions/50703_timeseries.txt. Skipping.
Warning: Invalid shape (246, 169) or empty file for subject 50704 at regions/50704_timeseries.txt. Skipping.
Warning: Invalid shape (246, 169) or empty file for subject 50705 at regions/50705_timeseries.txt. Skipping.
Warning: Invalid shape (246, 169) or empty file for subject 50706 at regions/50706_timeseries.txt. Skipping.
Warning: Invalid shape (246, 169) or empty file for subject 50707 at regions/50707_timeseries.txt. Skipping.
Warning: Invalid shape (246, 169) or empty file for subject 50708 at regions/50708_timeseries.txt. Skipping.
Warning: Invalid shape (246, 169) or empty file for subject 50709 at regions/50709_timeseries.txt. Skipping.
Warning: Invalid shape (246, 169) or empty file for subject 50711 at regions/50711_timeseries.txt. Skipping.
Warning: Invalid shape (246, 169) or empty file for subject 50722 at regions/50722_timeseries.txt. Skipping.
Warning: Invalid shape (246, 169) or empty file for subject 50723 at regions/50723_timeseries.txt. Skipping.
Warning: Invalid shape (246, 169) or empty file for subject 50724 at regions/50724_timeseries.txt. Skipping.
Warning: Invalid shape (246, 169) or empty file for subject 50725 at regions/50725_timeseries.txt. Skipping.
Warning: Invalid shape (246, 169) or empty file for subject 50726 at regions/50726_timeseries.txt. Skipping.
Warning: Invalid shape (246, 169) or empty file for subject 50728 at regions/50728_timeseries.txt. Skipping.
Warning: Invalid shape (246, 169) or empty file for subject 50730 at regions/50730_timeseries.txt. Skipping.
Warning: Invalid shape (246, 169) or empty file for subject 50731 at regions/50731_timeseries.txt. Skipping.
Warning: Invalid shape (246, 169) or empty file for subject 50733 at regions/50733_timeseries.txt. Skipping.
Warning: Invalid shape (246, 169) or empty file for subject 50735 at regions/50735_timeseries.txt. Skipping.
Warning: Invalid shape (246, 169) or empty file for subject 50737 at regions/50737_timeseries.txt. Skipping.
Warning: Invalid shape (246, 169) or empty file for subject 50738 at regions/50738_timeseries.txt. Skipping.
Warning: Invalid shape (246, 169) or empty file for subject 50739 at regions/50739_timeseries.txt. Skipping.
Warning: Invalid shape (246, 169) or empty file for subject 50741 at regions/50741_timeseries.txt. Skipping.
Warning: Invalid shape (246, 169) or empty file for subject 50742 at regions/50742_timeseries.txt. Skipping.
Warning: Invalid shape (246, 169) or empty file for subject 50743 at regions/50743_timeseries.txt. Skipping.
Warning: Invalid shape (246, 169) or empty file for subject 50744 at regions/50744_timeseries.txt. Skipping.
Warning: Invalid shape (246, 169) or empty file for subject 50745 at regions/50745_timeseries.txt. Skipping.
Warning: Invalid shape (246, 169) or empty file for subject 50749 at regions/50749_timeseries.txt. Skipping.
Warning: Invalid shape (246, 169) or empty file for subject 50750 at regions/50750_timeseries.txt. Skipping.
Warning: Invalid shape (246, 169) or empty file for subject 50751 at regions/50751_timeseries.txt. Skipping.
Warning: Invalid shape (246, 169) or empty file for subject 50752 at regions/50752_timeseries.txt. Skipping.
Warning: Invalid shape (246, 169) or empty file for subject 50754 at regions/50754_timeseries.txt. Skipping.
Warning: Invalid shape (246, 169) or empty file for subject 50755 at regions/50755_timeseries.txt. Skipping.
Warning: Invalid shape (246, 169) or empty file for subject 50756 at regions/50756_timeseries.txt. Skipping.
Warning: Invalid shape (246, 169) or empty file for subject 50757 at regions/50757_timeseries.txt. Skipping.
Warning: Invalid shape (152, 169) or empty file for subject 50773 at regions/50773_timeseries.txt. Skipping.
Warning: Invalid shape (152, 169) or empty file for subject 50775 at regions/50775_timeseries.txt. Skipping.
Warning: Invalid shape (152, 169) or empty file for subject 50776 at regions/50776_timeseries.txt. Skipping.
Warning: Invalid shape (152, 169) or empty file for subject 50777 at regions/50777_timeseries.txt. Skipping.
Warning: Invalid shape (152, 169) or empty file for subject 50778 at regions/50778_timeseries.txt. Skipping.
Warning: Invalid shape (152, 169) or empty file for subject 50780 at regions/50780_timeseries.txt. Skipping.
Warning: Invalid shape (152, 169) or empty file for subject 50781 at regions/50781_timeseries.txt. Skipping.
Warning: Invalid shape (152, 169) or empty file for subject 50782 at regions/50782_timeseries.txt. Skipping.
Warning: Invalid shape (152, 169) or empty file for subject 50783 at regions/50783_timeseries.txt. Skipping.
Warning: Invalid shape (152, 169) or empty file for subject 50786 at regions/50786_timeseries.txt. Skipping.
Warning: Invalid shape (152, 169) or empty file for subject 50790 at regions/50790_timeseries.txt. Skipping.
Warning: Invalid shape (124, 169) or empty file for subject 50791 at regions/50791_timeseries.txt. Skipping.
Warning: Invalid shape (124, 169) or empty file for subject 50792 at regions/50792_timeseries.txt. Skipping.
Warning: Invalid shape (152, 169) or empty file for subject 50796 at regions/50796_timeseries.txt. Skipping.
Warning: Invalid shape (152, 169) or empty file for subject 50797 at regions/50797_timeseries.txt. Skipping.
Warning: Invalid shape (152, 169) or empty file for subject 50798 at regions/50798_timeseries.txt. Skipping.
Warning: Invalid shape (152, 169) or empty file for subject 50799 at regions/50799_timeseries.txt. Skipping.
Warning: Invalid shape (152, 169) or empty file for subject 50800 at regions/50800_timeseries.txt. Skipping.
Warning: Invalid shape (152, 169) or empty file for subject 50801 at regions/50801_timeseries.txt. Skipping.
Warning: Invalid shape (152, 169) or empty file for subject 50803 at regions/50803_timeseries.txt. Skipping.
Warning: Invalid shape (152, 169) or empty file for subject 50807 at regions/50807_timeseries.txt. Skipping.
Warning: Invalid shape (152, 169) or empty file for subject 50812 at regions/50812_timeseries.txt. Skipping.
Warning: Invalid shape (152, 169) or empty file for subject 50814 at regions/50814_timeseries.txt. Skipping.
Warning: Invalid shape (124, 169) or empty file for subject 50816 at regions/50816_timeseries.txt. Skipping.
Warning: Invalid shape (124, 169) or empty file for subject 50817 at regions/50817_timeseries.txt. Skipping.
Warning: Invalid shape (152, 169) or empty file for subject 50820 at regions/50820_timeseries.txt. Skipping.
Warning: Invalid shape (152, 169) or empty file for subject 50821 at regions/50821_timeseries.txt. Skipping.
Warning: Invalid shape (152, 169) or empty file for subject 50824 at regions/50824_timeseries.txt. Skipping.
Warning: Invalid shape (176, 169) or empty file for subject 50952 at regions/50952_timeseries.txt. Skipping.
Warning: Invalid shape (176, 169) or empty file for subject 50955 at regions/50955_timeseries.txt. Skipping.
Warning: Invalid shape (176, 169) or empty file for subject 50956 at regions/50956_timeseries.txt. Skipping.
Warning: Invalid shape (176, 169) or empty file for subject 50957 at regions/50957_timeseries.txt. Skipping.
Warning: Invalid shape (176, 169) or empty file for subject 50959 at regions/50959_timeseries.txt. Skipping.
Warning: Invalid shape (176, 169) or empty file for subject 50960 at regions/50960_timeseries.txt. Skipping.
Warning: Invalid shape (176, 169) or empty file for subject 50961 at regions/50961_timeseries.txt. Skipping.
Warning: Invalid shape (176, 169) or empty file for subject 50962 at regions/50962_timeseries.txt. Skipping.
Warning: Invalid shape (176, 169) or empty file for subject 50964 at regions/50964_timeseries.txt. Skipping.
Warning: Invalid shape (176, 169) or empty file for subject 50965 at regions/50965_timeseries.txt. Skipping.
Warning: Invalid shape (176, 169) or empty file for subject 50966 at regions/50966_timeseries.txt. Skipping.
Warning: Invalid shape (176, 169) or empty file for subject 50967 at regions/50967_timeseries.txt. Skipping.
Warning: Invalid shape (176, 169) or empty file for subject 50968 at regions/50968_timeseries.txt. Skipping.
Warning: Invalid shape (176, 169) or empty file for subject 50969 at regions/50969_timeseries.txt. Skipping.
Warning: Invalid shape (176, 169) or empty file for subject 50970 at regions/50970_timeseries.txt. Skipping.
Warning: Invalid shape (176, 169) or empty file for subject 50972 at regions/50972_timeseries.txt. Skipping.
Warning: Invalid shape (176, 169) or empty file for subject 50973 at regions/50973_timeseries.txt. Skipping.
Warning: Invalid shape (176, 169) or empty file for subject 50974 at regions/50974_timeseries.txt. Skipping.
Warning: Invalid shape (176, 169) or empty file for subject 50976 at regions/50976_timeseries.txt. Skipping.
Warning: Invalid shape (176, 169) or empty file for subject 50977 at regions/50977_timeseries.txt. Skipping.
Warning: Invalid shape (176, 169) or empty file for subject 50978 at regions/50978_timeseries.txt. Skipping.
Warning: Invalid shape (176, 169) or empty file for subject 50979 at regions/50979_timeseries.txt. Skipping.
Warning: Invalid shape (176, 169) or empty file for subject 50981 at regions/50981_timeseries.txt. Skipping.
Warning: Invalid shape (176, 169) or empty file for subject 50982 at regions/50982_timeseries.txt. Skipping.
Warning: Invalid shape (176, 169) or empty file for subject 50983 at regions/50983_timeseries.txt. Skipping.
Warning: Invalid shape (176, 169) or empty file for subject 50984 at regions/50984_timeseries.txt. Skipping.
Warning: Invalid shape (176, 169) or empty file for subject 50985 at regions/50985_timeseries.txt. Skipping.
Warning: Invalid shape (176, 169) or empty file for subject 50986 at regions/50986_timeseries.txt. Skipping.
Warning: Invalid shape (176, 169) or empty file for subject 50987 at regions/50987_timeseries.txt. Skipping.
Warning: Invalid shape (176, 169) or empty file for subject 50988 at regions/50988_timeseries.txt. Skipping.
Warning: Invalid shape (176, 169) or empty file for subject 50989 at regions/50989_timeseries.txt. Skipping.
Warning: Invalid shape (176, 169) or empty file for subject 50990 at regions/50990_timeseries.txt. Skipping.
Warning: Invalid shape (176, 169) or empty file for subject 50991 at regions/50991_timeseries.txt. Skipping.
Warning: Invalid shape (176, 169) or empty file for subject 50992 at regions/50992_timeseries.txt. Skipping.
Warning: Invalid shape (176, 169) or empty file for subject 50993 at regions/50993_timeseries.txt. Skipping.
Warning: Invalid shape (176, 169) or empty file for subject 50995 at regions/50995_timeseries.txt. Skipping.
Warning: Invalid shape (176, 169) or empty file for subject 50996 at regions/50996_timeseries.txt. Skipping.
Warning: Invalid shape (176, 169) or empty file for subject 50999 at regions/50999_timeseries.txt. Skipping.
Warning: Invalid shape (176, 169) or empty file for subject 51000 at regions/51000_timeseries.txt. Skipping.
Warning: Invalid shape (176, 169) or empty file for subject 51001 at regions/51001_timeseries.txt. Skipping.
Warning: Invalid shape (176, 169) or empty file for subject 51002 at regions/51002_timeseries.txt. Skipping.
Warning: Invalid shape (176, 169) or empty file for subject 51003 at regions/51003_timeseries.txt. Skipping.
Warning: Invalid shape (176, 169) or empty file for subject 51007 at regions/51007_timeseries.txt. Skipping.
Warning: Invalid shape (176, 169) or empty file for subject 51008 at regions/51008_timeseries.txt. Skipping.
Warning: Invalid shape (176, 169) or empty file for subject 51009 at regions/51009_timeseries.txt. Skipping.
Warning: Invalid shape (176, 169) or empty file for subject 51010 at regions/51010_timeseries.txt. Skipping.
Warning: Invalid shape (176, 169) or empty file for subject 51011 at regions/51011_timeseries.txt. Skipping.
Warning: Invalid shape (176, 169) or empty file for subject 51012 at regions/51012_timeseries.txt. Skipping.
Warning: Invalid shape (176, 169) or empty file for subject 51014 at regions/51014_timeseries.txt. Skipping.
Warning: Invalid shape (176, 169) or empty file for subject 51016 at regions/51016_timeseries.txt. Skipping.
Warning: Invalid shape (176, 169) or empty file for subject 51017 at regions/51017_timeseries.txt. Skipping.
Warning: Invalid shape (176, 169) or empty file for subject 51019 at regions/51019_timeseries.txt. Skipping.
Warning: Invalid shape (176, 169) or empty file for subject 51020 at regions/51020_timeseries.txt. Skipping.
Warning: Invalid shape (176, 169) or empty file for subject 51021 at regions/51021_timeseries.txt. Skipping.
Warning: Invalid shape (176, 169) or empty file for subject 51023 at regions/51023_timeseries.txt. Skipping.
Warning: Invalid shape (176, 169) or empty file for subject 51024 at regions/51024_timeseries.txt. Skipping.
Warning: Invalid shape (176, 169) or empty file for subject 51025 at regions/51025_timeseries.txt. Skipping.
Warning: Invalid shape (176, 169) or empty file for subject 51026 at regions/51026_timeseries.txt. Skipping.
Warning: Invalid shape (176, 169) or empty file for subject 51027 at regions/51027_timeseries.txt. Skipping.
Warning: Invalid shape (176, 169) or empty file for subject 51029 at regions/51029_timeseries.txt. Skipping.
Warning: Invalid shape (176, 169) or empty file for subject 51030 at regions/51030_timeseries.txt. Skipping.
Warning: Invalid shape (176, 169) or empty file for subject 51032 at regions/51032_timeseries.txt. Skipping.
Warning: Invalid shape (176, 169) or empty file for subject 51033 at regions/51033_timeseries.txt. Skipping.
Warning: Invalid shape (176, 169) or empty file for subject 51034 at regions/51034_timeseries.txt. Skipping.
Warning: Invalid shape (176, 169) or empty file for subject 51035 at regions/51035_timeseries.txt. Skipping.
Warning: Invalid shape (176, 169) or empty file for subject 51036 at regions/51036_timeseries.txt. Skipping.
Warning: Invalid shape (176, 169) or empty file for subject 51038 at regions/51038_timeseries.txt. Skipping.
Warning: Invalid shape (176, 169) or empty file for subject 51039 at regions/51039_timeseries.txt. Skipping.
Warning: Invalid shape (176, 169) or empty file for subject 51040 at regions/51040_timeseries.txt. Skipping.
Warning: Invalid shape (176, 169) or empty file for subject 51041 at regions/51041_timeseries.txt. Skipping.
Warning: Invalid shape (176, 169) or empty file for subject 51042 at regions/51042_timeseries.txt. Skipping.
Warning: Invalid shape (176, 169) or empty file for subject 51044 at regions/51044_timeseries.txt. Skipping.
Warning: Invalid shape (176, 169) or empty file for subject 51045 at regions/51045_timeseries.txt. Skipping.
Warning: Invalid shape (176, 169) or empty file for subject 51046 at regions/51046_timeseries.txt. Skipping.
Warning: Invalid shape (176, 169) or empty file for subject 51047 at regions/51047_timeseries.txt. Skipping.
Warning: Invalid shape (176, 169) or empty file for subject 51048 at regions/51048_timeseries.txt. Skipping.
Warning: Invalid shape (176, 169) or empty file for subject 51049 at regions/51049_timeseries.txt. Skipping.
Warning: Invalid shape (176, 169) or empty file for subject 51050 at regions/51050_timeseries.txt. Skipping.
Warning: Invalid shape (176, 169) or empty file for subject 51051 at regions/51051_timeseries.txt. Skipping.
Warning: Invalid shape (176, 169) or empty file for subject 51052 at regions/51052_timeseries.txt. Skipping.
Warning: Invalid shape (176, 169) or empty file for subject 51053 at regions/51053_timeseries.txt. Skipping.
Warning: Invalid shape (176, 169) or empty file for subject 51054 at regions/51054_timeseries.txt. Skipping.
Warning: Invalid shape (176, 169) or empty file for subject 51055 at regions/51055_timeseries.txt. Skipping.
Warning: Invalid shape (176, 169) or empty file for subject 51056 at regions/51056_timeseries.txt. Skipping.
Warning: Invalid shape (176, 169) or empty file for subject 51057 at regions/51057_timeseries.txt. Skipping.
Warning: Invalid shape (176, 169) or empty file for subject 51058 at regions/51058_timeseries.txt. Skipping.
Warning: Invalid shape (176, 169) or empty file for subject 51059 at regions/51059_timeseries.txt. Skipping.
Warning: Invalid shape (176, 169) or empty file for subject 51061 at regions/51061_timeseries.txt. Skipping.
Warning: Invalid shape (176, 169) or empty file for subject 51062 at regions/51062_timeseries.txt. Skipping.
Warning: Invalid shape (176, 169) or empty file for subject 51063 at regions/51063_timeseries.txt. Skipping.
Warning: Invalid shape (176, 169) or empty file for subject 51064 at regions/51064_timeseries.txt. Skipping.
Warning: Invalid shape (176, 169) or empty file for subject 51065 at regions/51065_timeseries.txt. Skipping.
Warning: Invalid shape (176, 169) or empty file for subject 51066 at regions/51066_timeseries.txt. Skipping.
Warning: Invalid shape (176, 169) or empty file for subject 51067 at regions/51067_timeseries.txt. Skipping.
Warning: Invalid shape (176, 169) or empty file for subject 51068 at regions/51068_timeseries.txt. Skipping.
Warning: Invalid shape (176, 169) or empty file for subject 51069 at regions/51069_timeseries.txt. Skipping.
Warning: Invalid shape (176, 169) or empty file for subject 51070 at regions/51070_timeseries.txt. Skipping.
Warning: Invalid shape (176, 169) or empty file for subject 51072 at regions/51072_timeseries.txt. Skipping.
Warning: Invalid shape (176, 169) or empty file for subject 51073 at regions/51073_timeseries.txt. Skipping.
Warning: Invalid shape (176, 169) or empty file for subject 51074 at regions/51074_timeseries.txt. Skipping.
Warning: Invalid shape (176, 169) or empty file for subject 51075 at regions/51075_timeseries.txt. Skipping.
Warning: Invalid shape (176, 169) or empty file for subject 51076 at regions/51076_timeseries.txt. Skipping.
Warning: Invalid shape (176, 169) or empty file for subject 51077 at regions/51077_timeseries.txt. Skipping.
Warning: Invalid shape (176, 169) or empty file for subject 51078 at regions/51078_timeseries.txt. Skipping.
Warning: Invalid shape (176, 169) or empty file for subject 51079 at regions/51079_timeseries.txt. Skipping.
Warning: Invalid shape (176, 169) or empty file for subject 51080 at regions/51080_timeseries.txt. Skipping.
Warning: Invalid shape (176, 169) or empty file for subject 51081 at regions/51081_timeseries.txt. Skipping.
Warning: Invalid shape (176, 169) or empty file for subject 51082 at regions/51082_timeseries.txt. Skipping.
Warning: Invalid shape (176, 169) or empty file for subject 51083 at regions/51083_timeseries.txt. Skipping.
Warning: Invalid shape (176, 169) or empty file for subject 51084 at regions/51084_timeseries.txt. Skipping.
Warning: Invalid shape (176, 169) or empty file for subject 51086 at regions/51086_timeseries.txt. Skipping.
Warning: Invalid shape (176, 169) or empty file for subject 51087 at regions/51087_timeseries.txt. Skipping.
Warning: Invalid shape (176, 169) or empty file for subject 51088 at regions/51088_timeseries.txt. Skipping.
Warning: Invalid shape (176, 169) or empty file for subject 51089 at regions/51089_timeseries.txt. Skipping.
Warning: Invalid shape (176, 169) or empty file for subject 51090 at regions/51090_timeseries.txt. Skipping.
Warning: Invalid shape (176, 169) or empty file for subject 51091 at regions/51091_timeseries.txt. Skipping.
Warning: Invalid shape (176, 169) or empty file for subject 51093 at regions/51093_timeseries.txt. Skipping.
Warning: Invalid shape (176, 169) or empty file for subject 51094 at regions/51094_timeseries.txt. Skipping.
Warning: Invalid shape (176, 169) or empty file for subject 51095 at regions/51095_timeseries.txt. Skipping.
Warning: Invalid shape (176, 169) or empty file for subject 51097 at regions/51097_timeseries.txt. Skipping.
Warning: Invalid shape (176, 169) or empty file for subject 51098 at regions/51098_timeseries.txt. Skipping.
Warning: Invalid shape (176, 169) or empty file for subject 51099 at regions/51099_timeseries.txt. Skipping.
Warning: Invalid shape (176, 169) or empty file for subject 51100 at regions/51100_timeseries.txt. Skipping.
Warning: Invalid shape (176, 169) or empty file for subject 51101 at regions/51101_timeseries.txt. Skipping.
Warning: Invalid shape (176, 169) or empty file for subject 51102 at regions/51102_timeseries.txt. Skipping.
Warning: Invalid shape (176, 169) or empty file for subject 51103 at regions/51103_timeseries.txt. Skipping.
Warning: Invalid shape (176, 169) or empty file for subject 51104 at regions/51104_timeseries.txt. Skipping.
Warning: Invalid shape (176, 169) or empty file for subject 51105 at regions/51105_timeseries.txt. Skipping.
Warning: Invalid shape (176, 169) or empty file for subject 51106 at regions/51106_timeseries.txt. Skipping.
Warning: Invalid shape (176, 169) or empty file for subject 51107 at regions/51107_timeseries.txt. Skipping.
Warning: Invalid shape (176, 169) or empty file for subject 51109 at regions/51109_timeseries.txt. Skipping.
Warning: Invalid shape (176, 169) or empty file for subject 51110 at regions/51110_timeseries.txt. Skipping.
Warning: Invalid shape (176, 169) or empty file for subject 51111 at regions/51111_timeseries.txt. Skipping.
Warning: Invalid shape (176, 169) or empty file for subject 51112 at regions/51112_timeseries.txt. Skipping.
Warning: Invalid shape (176, 169) or empty file for subject 51113 at regions/51113_timeseries.txt. Skipping.
Warning: Invalid shape (176, 169) or empty file for subject 51114 at regions/51114_timeseries.txt. Skipping.
Warning: Invalid shape (176, 169) or empty file for subject 51116 at regions/51116_timeseries.txt. Skipping.
Warning: Invalid shape (176, 169) or empty file for subject 51122 at regions/51122_timeseries.txt. Skipping.
Warning: Invalid shape (176, 169) or empty file for subject 51123 at regions/51123_timeseries.txt. Skipping.
Warning: Invalid shape (176, 169) or empty file for subject 51124 at regions/51124_timeseries.txt. Skipping.
Warning: Invalid shape (176, 169) or empty file for subject 51126 at regions/51126_timeseries.txt. Skipping.
Warning: Invalid shape (176, 169) or empty file for subject 51127 at regions/51127_timeseries.txt. Skipping.
Warning: Invalid shape (176, 169) or empty file for subject 51128 at regions/51128_timeseries.txt. Skipping.
Warning: Invalid shape (176, 169) or empty file for subject 51129 at regions/51129_timeseries.txt. Skipping.
Warning: Invalid shape (176, 169) or empty file for subject 51130 at regions/51130_timeseries.txt. Skipping.
Warning: Invalid shape (176, 169) or empty file for subject 51131 at regions/51131_timeseries.txt. Skipping.
Warning: Invalid shape (146, 169) or empty file for subject 51132 at regions/51132_timeseries.txt. Skipping.
Warning: Invalid shape (146, 169) or empty file for subject 51133 at regions/51133_timeseries.txt. Skipping.
Warning: Invalid shape (146, 169) or empty file for subject 51134 at regions/51134_timeseries.txt. Skipping.
Warning: Invalid shape (146, 169) or empty file for subject 51135 at regions/51135_timeseries.txt. Skipping.
Warning: Invalid shape (146, 169) or empty file for subject 51136 at regions/51136_timeseries.txt. Skipping.
Warning: Invalid shape (146, 169) or empty file for subject 51139 at regions/51139_timeseries.txt. Skipping.
Warning: Invalid shape (146, 169) or empty file for subject 51140 at regions/51140_timeseries.txt. Skipping.
Warning: Invalid shape (146, 169) or empty file for subject 51141 at regions/51141_timeseries.txt. Skipping.
Warning: Invalid shape (146, 169) or empty file for subject 51142 at regions/51142_timeseries.txt. Skipping.
Warning: Invalid shape (176, 169) or empty file for subject 51146 at regions/51146_timeseries.txt. Skipping.
Warning: Invalid shape (176, 169) or empty file for subject 51147 at regions/51147_timeseries.txt. Skipping.
Warning: Invalid shape (176, 169) or empty file for subject 51148 at regions/51148_timeseries.txt. Skipping.
Warning: Invalid shape (176, 169) or empty file for subject 51149 at regions/51149_timeseries.txt. Skipping.
Warning: Invalid shape (176, 169) or empty file for subject 51150 at regions/51150_timeseries.txt. Skipping.
Warning: Invalid shape (176, 169) or empty file for subject 51151 at regions/51151_timeseries.txt. Skipping.
Warning: Invalid shape (176, 169) or empty file for subject 51153 at regions/51153_timeseries.txt. Skipping.
Warning: Invalid shape (176, 169) or empty file for subject 51154 at regions/51154_timeseries.txt. Skipping.
Warning: Invalid shape (176, 169) or empty file for subject 51155 at regions/51155_timeseries.txt. Skipping.
Warning: Invalid shape (176, 169) or empty file for subject 51156 at regions/51156_timeseries.txt. Skipping.
Warning: Invalid shape (176, 169) or empty file for subject 51159 at regions/51159_timeseries.txt. Skipping.
Warning: Invalid shape (176, 169) or empty file for subject 51161 at regions/51161_timeseries.txt. Skipping.
Warning: Invalid shape (176, 169) or empty file for subject 51162 at regions/51162_timeseries.txt. Skipping.
Warning: Invalid shape (176, 169) or empty file for subject 51163 at regions/51163_timeseries.txt. Skipping.
Warning: Invalid shape (176, 169) or empty file for subject 51164 at regions/51164_timeseries.txt. Skipping.
Warning: Invalid shape (176, 169) or empty file for subject 51168 at regions/51168_timeseries.txt. Skipping.
Warning: Invalid shape (176, 169) or empty file for subject 51169 at regions/51169_timeseries.txt. Skipping.
Warning: Invalid shape (176, 169) or empty file for subject 51170 at regions/51170_timeseries.txt. Skipping.
Warning: Invalid shape (176, 169) or empty file for subject 51171 at regions/51171_timeseries.txt. Skipping.
Warning: Invalid shape (176, 169) or empty file for subject 51173 at regions/51173_timeseries.txt. Skipping.
Warning: Invalid shape (176, 169) or empty file for subject 51177 at regions/51177_timeseries.txt. Skipping.
Warning: Invalid shape (176, 169) or empty file for subject 51179 at regions/51179_timeseries.txt. Skipping.
Warning: Invalid shape (236, 169) or empty file for subject 51180 at regions/51180_timeseries.txt. Skipping.
Warning: Invalid shape (236, 169) or empty file for subject 51181 at regions/51181_timeseries.txt. Skipping.
Warning: Invalid shape (236, 169) or empty file for subject 51182 at regions/51182_timeseries.txt. Skipping.
Warning: Invalid shape (236, 169) or empty file for subject 51184 at regions/51184_timeseries.txt. Skipping.
Warning: Invalid shape (236, 169) or empty file for subject 51185 at regions/51185_timeseries.txt. Skipping.
Warning: Invalid shape (236, 169) or empty file for subject 51188 at regions/51188_timeseries.txt. Skipping.
Warning: Invalid shape (236, 169) or empty file for subject 51189 at regions/51189_timeseries.txt. Skipping.
Warning: Invalid shape (236, 169) or empty file for subject 51192 at regions/51192_timeseries.txt. Skipping.
Warning: Invalid shape (236, 169) or empty file for subject 51197 at regions/51197_timeseries.txt. Skipping.
Warning: Invalid shape (236, 169) or empty file for subject 51198 at regions/51198_timeseries.txt. Skipping.
Warning: Invalid shape (116, 169) or empty file for subject 51201 at regions/51201_timeseries.txt. Skipping.
Warning: Invalid shape (116, 169) or empty file for subject 51205 at regions/51205_timeseries.txt. Skipping.
Warning: Invalid shape (116, 169) or empty file for subject 51206 at regions/51206_timeseries.txt. Skipping.
Warning: Invalid shape (116, 169) or empty file for subject 51207 at regions/51207_timeseries.txt. Skipping.
Warning: Invalid shape (116, 169) or empty file for subject 51208 at regions/51208_timeseries.txt. Skipping.
Warning: Invalid shape (116, 169) or empty file for subject 51210 at regions/51210_timeseries.txt. Skipping.
Warning: Invalid shape (116, 169) or empty file for subject 51211 at regions/51211_timeseries.txt. Skipping.
Warning: Invalid shape (116, 169) or empty file for subject 51212 at regions/51212_timeseries.txt. Skipping.
Warning: Invalid shape (116, 169) or empty file for subject 51214 at regions/51214_timeseries.txt. Skipping.
Warning: Invalid shape (116, 169) or empty file for subject 51215 at regions/51215_timeseries.txt. Skipping.
Warning: Invalid shape (116, 169) or empty file for subject 51216 at regions/51216_timeseries.txt. Skipping.
Warning: Invalid shape (116, 169) or empty file for subject 51218 at regions/51218_timeseries.txt. Skipping.
Warning: Invalid shape (116, 169) or empty file for subject 51219 at regions/51219_timeseries.txt. Skipping.
Warning: Invalid shape (116, 169) or empty file for subject 51220 at regions/51220_timeseries.txt. Skipping.
Warning: Invalid shape (116, 169) or empty file for subject 51221 at regions/51221_timeseries.txt. Skipping.
Warning: Invalid shape (116, 169) or empty file for subject 51222 at regions/51222_timeseries.txt. Skipping.
Warning: Invalid shape (116, 169) or empty file for subject 51223 at regions/51223_timeseries.txt. Skipping.
Warning: Invalid shape (116, 169) or empty file for subject 51224 at regions/51224_timeseries.txt. Skipping.
Warning: Invalid shape (116, 169) or empty file for subject 51225 at regions/51225_timeseries.txt. Skipping.
Warning: Invalid shape (116, 169) or empty file for subject 51228 at regions/51228_timeseries.txt. Skipping.
Warning: Invalid shape (116, 169) or empty file for subject 51229 at regions/51229_timeseries.txt. Skipping.
Warning: Invalid shape (116, 169) or empty file for subject 51230 at regions/51230_timeseries.txt. Skipping.
Warning: Invalid shape (116, 169) or empty file for subject 51231 at regions/51231_timeseries.txt. Skipping.
Warning: Invalid shape (116, 169) or empty file for subject 51234 at regions/51234_timeseries.txt. Skipping.
Warning: Invalid shape (116, 169) or empty file for subject 51235 at regions/51235_timeseries.txt. Skipping.
Warning: Invalid shape (116, 169) or empty file for subject 51236 at regions/51236_timeseries.txt. Skipping.
Warning: Invalid shape (116, 169) or empty file for subject 51239 at regions/51239_timeseries.txt. Skipping.
Warning: Invalid shape (116, 169) or empty file for subject 51240 at regions/51240_timeseries.txt. Skipping.
Warning: Invalid shape (116, 169) or empty file for subject 51241 at regions/51241_timeseries.txt. Skipping.
Warning: Invalid shape (116, 169) or empty file for subject 51248 at regions/51248_timeseries.txt. Skipping.
Warning: Invalid shape (116, 169) or empty file for subject 51249 at regions/51249_timeseries.txt. Skipping.
Warning: Invalid shape (116, 169) or empty file for subject 51250 at regions/51250_timeseries.txt. Skipping.
Warning: Invalid shape (116, 169) or empty file for subject 51251 at regions/51251_timeseries.txt. Skipping.
Warning: Invalid shape (116, 169) or empty file for subject 51252 at regions/51252_timeseries.txt. Skipping.
Warning: Invalid shape (116, 169) or empty file for subject 51253 at regions/51253_timeseries.txt. Skipping.
Warning: Invalid shape (116, 169) or empty file for subject 51254 at regions/51254_timeseries.txt. Skipping.
Warning: Invalid shape (116, 169) or empty file for subject 51255 at regions/51255_timeseries.txt. Skipping.
Warning: Invalid shape (116, 169) or empty file for subject 51257 at regions/51257_timeseries.txt. Skipping.
Warning: Invalid shape (116, 169) or empty file for subject 51261 at regions/51261_timeseries.txt. Skipping.
Warning: Invalid shape (116, 169) or empty file for subject 51262 at regions/51262_timeseries.txt. Skipping.
Warning: Invalid shape (116, 169) or empty file for subject 51264 at regions/51264_timeseries.txt. Skipping.
Warning: Invalid shape (116, 169) or empty file for subject 51266 at regions/51266_timeseries.txt. Skipping.
Warning: Invalid shape (116, 169) or empty file for subject 51267 at regions/51267_timeseries.txt. Skipping.
Warning: Invalid shape (116, 169) or empty file for subject 51268 at regions/51268_timeseries.txt. Skipping.
Warning: Invalid shape (116, 169) or empty file for subject 51269 at regions/51269_timeseries.txt. Skipping.
Warning: Invalid shape (116, 169) or empty file for subject 51271 at regions/51271_timeseries.txt. Skipping.
Warning: Invalid shape (116, 169) or empty file for subject 51272 at regions/51272_timeseries.txt. Skipping.
Warning: Invalid shape (116, 169) or empty file for subject 51275 at regions/51275_timeseries.txt. Skipping.
Warning: Invalid shape (116, 169) or empty file for subject 51276 at regions/51276_timeseries.txt. Skipping.
Warning: Invalid shape (116, 169) or empty file for subject 51277 at regions/51277_timeseries.txt. Skipping.
Warning: Invalid shape (116, 169) or empty file for subject 51278 at regions/51278_timeseries.txt. Skipping.
Warning: Invalid shape (116, 169) or empty file for subject 51279 at regions/51279_timeseries.txt. Skipping.
Warning: Invalid shape (116, 169) or empty file for subject 51280 at regions/51280_timeseries.txt. Skipping.
Warning: Invalid shape (116, 169) or empty file for subject 51281 at regions/51281_timeseries.txt. Skipping.
Warning: Invalid shape (116, 169) or empty file for subject 51291 at regions/51291_timeseries.txt. Skipping.
Warning: Invalid shape (116, 169) or empty file for subject 51292 at regions/51292_timeseries.txt. Skipping.
Warning: Invalid shape (116, 169) or empty file for subject 51293 at regions/51293_timeseries.txt. Skipping.
Warning: Invalid shape (116, 169) or empty file for subject 51294 at regions/51294_timeseries.txt. Skipping.
Warning: Invalid shape (116, 169) or empty file for subject 51295 at regions/51295_timeseries.txt. Skipping.
Warning: Invalid shape (116, 169) or empty file for subject 51297 at regions/51297_timeseries.txt. Skipping.
Warning: Invalid shape (116, 169) or empty file for subject 51298 at regions/51298_timeseries.txt. Skipping.
Warning: Invalid shape (116, 169) or empty file for subject 51299 at regions/51299_timeseries.txt. Skipping.
Warning: Invalid shape (116, 169) or empty file for subject 51300 at regions/51300_timeseries.txt. Skipping.
Warning: Invalid shape (116, 169) or empty file for subject 51301 at regions/51301_timeseries.txt. Skipping.
Warning: Invalid shape (116, 169) or empty file for subject 51302 at regions/51302_timeseries.txt. Skipping.
Warning: Invalid shape (116, 169) or empty file for subject 51303 at regions/51303_timeseries.txt. Skipping.
Warning: Invalid shape (116, 169) or empty file for subject 51304 at regions/51304_timeseries.txt. Skipping.
Warning: Invalid shape (116, 169) or empty file for subject 51305 at regions/51305_timeseries.txt. Skipping.
Warning: Invalid shape (116, 169) or empty file for subject 51307 at regions/51307_timeseries.txt. Skipping.
Warning: Invalid shape (116, 169) or empty file for subject 51309 at regions/51309_timeseries.txt. Skipping.
Warning: Invalid shape (116, 169) or empty file for subject 51311 at regions/51311_timeseries.txt. Skipping.
Warning: Invalid shape (116, 169) or empty file for subject 51313 at regions/51313_timeseries.txt. Skipping.
Warning: Invalid shape (116, 169) or empty file for subject 51318 at regions/51318_timeseries.txt. Skipping.
Warning: Invalid shape (116, 169) or empty file for subject 51319 at regions/51319_timeseries.txt. Skipping.
Warning: Invalid shape (116, 169) or empty file for subject 51320 at regions/51320_timeseries.txt. Skipping.
Warning: Invalid shape (116, 169) or empty file for subject 51321 at regions/51321_timeseries.txt. Skipping.
Warning: Invalid shape (116, 169) or empty file for subject 51322 at regions/51322_timeseries.txt. Skipping.
Warning: Invalid shape (116, 169) or empty file for subject 51323 at regions/51323_timeseries.txt. Skipping.
Warning: Invalid shape (116, 169) or empty file for subject 51325 at regions/51325_timeseries.txt. Skipping.
Warning: Invalid shape (116, 169) or empty file for subject 51327 at regions/51327_timeseries.txt. Skipping.
Warning: Invalid shape (116, 169) or empty file for subject 51328 at regions/51328_timeseries.txt. Skipping.
Warning: Invalid shape (196, 169) or empty file for subject 51329 at regions/51329_timeseries.txt. Skipping.
Warning: Invalid shape (196, 169) or empty file for subject 51330 at regions/51330_timeseries.txt. Skipping.
Warning: Invalid shape (196, 169) or empty file for subject 51331 at regions/51331_timeseries.txt. Skipping.
Warning: Invalid shape (116, 169) or empty file for subject 51332 at regions/51332_timeseries.txt. Skipping.
Warning: Invalid shape (116, 169) or empty file for subject 51333 at regions/51333_timeseries.txt. Skipping.
Warning: Invalid shape (116, 169) or empty file for subject 51335 at regions/51335_timeseries.txt. Skipping.
Warning: Invalid shape (116, 169) or empty file for subject 51336 at regions/51336_timeseries.txt. Skipping.
Warning: Invalid shape (116, 169) or empty file for subject 51338 at regions/51338_timeseries.txt. Skipping.
Warning: Invalid shape (116, 169) or empty file for subject 51339 at regions/51339_timeseries.txt. Skipping.
Warning: Invalid shape (116, 169) or empty file for subject 51340 at regions/51340_timeseries.txt. Skipping.
Warning: Invalid shape (116, 169) or empty file for subject 51341 at regions/51341_timeseries.txt. Skipping.
Warning: Invalid shape (116, 169) or empty file for subject 51343 at regions/51343_timeseries.txt. Skipping.
Warning: Invalid shape (116, 169) or empty file for subject 51344 at regions/51344_timeseries.txt. Skipping.
Warning: Invalid shape (116, 169) or empty file for subject 51345 at regions/51345_timeseries.txt. Skipping.
Warning: Invalid shape (116, 169) or empty file for subject 51346 at regions/51346_timeseries.txt. Skipping.
Warning: Invalid shape (116, 169) or empty file for subject 51347 at regions/51347_timeseries.txt. Skipping.
Warning: Invalid shape (196, 169) or empty file for subject 51349 at regions/51349_timeseries.txt. Skipping.
Warning: Invalid shape (196, 169) or empty file for subject 51350 at regions/51350_timeseries.txt. Skipping.
Warning: Invalid shape (196, 169) or empty file for subject 51351 at regions/51351_timeseries.txt. Skipping.
Warning: Invalid shape (196, 169) or empty file for subject 51354 at regions/51354_timeseries.txt. Skipping.
Warning: Invalid shape (196, 169) or empty file for subject 51356 at regions/51356_timeseries.txt. Skipping.
Warning: Invalid shape (196, 169) or empty file for subject 51357 at regions/51357_timeseries.txt. Skipping.
Warning: Invalid shape (196, 169) or empty file for subject 51360 at regions/51360_timeseries.txt. Skipping.
Warning: Invalid shape (196, 169) or empty file for subject 51361 at regions/51361_timeseries.txt. Skipping.
Warning: Invalid shape (116, 169) or empty file for subject 51362 at regions/51362_timeseries.txt. Skipping.
Warning: Invalid shape (116, 169) or empty file for subject 51363 at regions/51363_timeseries.txt. Skipping.
Warning: Invalid shape (116, 169) or empty file for subject 51364 at regions/51364_timeseries.txt. Skipping.
Warning: Invalid shape (116, 169) or empty file for subject 51365 at regions/51365_timeseries.txt. Skipping.
Warning: Invalid shape (116, 169) or empty file for subject 51370 at regions/51370_timeseries.txt. Skipping.
Warning: Invalid shape (116, 169) or empty file for subject 51373 at regions/51373_timeseries.txt. Skipping.
Warning: Invalid shape (146, 169) or empty file for subject 51461 at regions/51461_timeseries.txt. Skipping.
Warning: Invalid shape (146, 169) or empty file for subject 51463 at regions/51463_timeseries.txt. Skipping.
Warning: Invalid shape (146, 169) or empty file for subject 51464 at regions/51464_timeseries.txt. Skipping.
Warning: Invalid shape (146, 169) or empty file for subject 51465 at regions/51465_timeseries.txt. Skipping.
Warning: Invalid shape (146, 169) or empty file for subject 51473 at regions/51473_timeseries.txt. Skipping.
Warning: Invalid shape (146, 169) or empty file for subject 51477 at regions/51477_timeseries.txt. Skipping.
Warning: Invalid shape (146, 169) or empty file for subject 51479 at regions/51479_timeseries.txt. Skipping.
Warning: Invalid shape (146, 169) or empty file for subject 51480 at regions/51480_timeseries.txt. Skipping.
Warning: Invalid shape (146, 169) or empty file for subject 51481 at regions/51481_timeseries.txt. Skipping.
Warning: Invalid shape (146, 169) or empty file for subject 51482 at regions/51482_timeseries.txt. Skipping.
Warning: Invalid shape (146, 169) or empty file for subject 51484 at regions/51484_timeseries.txt. Skipping.
Warning: Invalid shape (146, 169) or empty file for subject 51488 at regions/51488_timeseries.txt. Skipping.
Warning: Invalid shape (146, 169) or empty file for subject 51491 at regions/51491_timeseries.txt. Skipping.
Warning: Invalid shape (146, 169) or empty file for subject 51493 at regions/51493_timeseries.txt. Skipping.
Warning: Invalid shape (196, 169) or empty file for subject 51556 at regions/51556_timeseries.txt. Skipping.
Warning: Invalid shape (196, 169) or empty file for subject 51557 at regions/51557_timeseries.txt. Skipping.
Warning: Invalid shape (196, 169) or empty file for subject 51558 at regions/51558_timeseries.txt. Skipping.
Warning: Invalid shape (196, 169) or empty file for subject 51559 at regions/51559_timeseries.txt. Skipping.
Warning: Invalid shape (196, 169) or empty file for subject 51560 at regions/51560_timeseries.txt. Skipping.
Warning: Invalid shape (196, 169) or empty file for subject 51562 at regions/51562_timeseries.txt. Skipping.
Warning: Invalid shape (196, 169) or empty file for subject 51564 at regions/51564_timeseries.txt. Skipping.
Warning: Invalid shape (196, 169) or empty file for subject 51565 at regions/51565_timeseries.txt. Skipping.
Warning: Invalid shape (196, 169) or empty file for subject 51566 at regions/51566_timeseries.txt. Skipping.
Warning: Invalid shape (196, 169) or empty file for subject 51567 at regions/51567_timeseries.txt. Skipping.
Warning: Invalid shape (196, 169) or empty file for subject 51568 at regions/51568_timeseries.txt. Skipping.
Warning: Invalid shape (196, 169) or empty file for subject 51569 at regions/51569_timeseries.txt. Skipping.
Warning: Invalid shape (196, 169) or empty file for subject 51572 at regions/51572_timeseries.txt. Skipping.
Warning: Invalid shape (196, 169) or empty file for subject 51573 at regions/51573_timeseries.txt. Skipping.
Warning: Invalid shape (196, 169) or empty file for subject 51574 at regions/51574_timeseries.txt. Skipping.
Warning: Invalid shape (196, 169) or empty file for subject 51576 at regions/51576_timeseries.txt. Skipping.
Warning: Invalid shape (196, 169) or empty file for subject 51578 at regions/51578_timeseries.txt. Skipping.
Warning: Invalid shape (196, 169) or empty file for subject 51579 at regions/51579_timeseries.txt. Skipping.
Warning: Invalid shape (196, 169) or empty file for subject 51580 at regions/51580_timeseries.txt. Skipping.
Warning: Invalid shape (196, 169) or empty file for subject 51582 at regions/51582_timeseries.txt. Skipping.
Warning: Invalid shape (196, 169) or empty file for subject 51583 at regions/51583_timeseries.txt. Skipping.
Warning: Invalid shape (196, 169) or empty file for subject 51584 at regions/51584_timeseries.txt. Skipping.
Warning: Invalid shape (196, 169) or empty file for subject 51585 at regions/51585_timeseries.txt. Skipping.
Warning: Invalid shape (116, 169) or empty file for subject 51606 at regions/51606_timeseries.txt. Skipping.
Warning: Invalid shape (116, 169) or empty file for subject 51607 at regions/51607_timeseries.txt. Skipping.
Warning: Invalid shape (196, 169) or empty file for subject 50006 at regions/50006_timeseries.txt. Skipping.
Warning: Invalid shape (196, 169) or empty file for subject 50012 at regions/50012_timeseries.txt. Skipping.
Warning: Invalid shape (196, 169) or empty file for subject 50026 at regions/50026_timeseries.txt. Skipping.
Warning: Invalid shape (196, 169) or empty file for subject 50027 at regions/50027_timeseries.txt. Skipping.
Warning: Invalid shape (196, 169) or empty file for subject 50033 at regions/50033_timeseries.txt. Skipping.
Warning: Invalid shape (78, 169) or empty file for subject 50160 at regions/50160_timeseries.txt. Skipping.
Warning: Invalid shape (78, 169) or empty file for subject 50164 at regions/50164_timeseries.txt. Skipping.
Warning: Invalid shape (78, 169) or empty file for subject 50169 at regions/50169_timeseries.txt. Skipping.
Warning: Invalid shape (176, 169) or empty file for subject 50189 at regions/50189_timeseries.txt. Skipping.
Warning: Invalid shape (176, 169) or empty file for subject 50193 at regions/50193_timeseries.txt. Skipping.
Warning: Invalid shape (176, 169) or empty file for subject 50194 at regions/50194_timeseries.txt. Skipping.
Warning: Invalid shape (176, 169) or empty file for subject 50213 at regions/50213_timeseries.txt. Skipping.
Warning: Invalid shape (176, 169) or empty file for subject 50217 at regions/50217_timeseries.txt. Skipping.
Warning: Invalid shape (146, 169) or empty file for subject 50245 at regions/50245_timeseries.txt. Skipping.
Warning: Invalid shape (146, 169) or empty file for subject 50247 at regions/50247_timeseries.txt. Skipping.
Warning: Invalid shape (146, 169) or empty file for subject 50255 at regions/50255_timeseries.txt. Skipping.
Warning: Invalid shape (146, 169) or empty file for subject 50263 at regions/50263_timeseries.txt. Skipping.
Warning: Invalid shape (296, 169) or empty file for subject 50278 at regions/50278_timeseries.txt. Skipping.
Warning: Invalid shape (296, 169) or empty file for subject 50293 at regions/50293_timeseries.txt. Skipping.
Warning: Invalid shape (296, 169) or empty file for subject 50348 at regions/50348_timeseries.txt. Skipping.
Warning: Invalid shape (296, 169) or empty file for subject 50359 at regions/50359_timeseries.txt. Skipping.
Warning: Invalid shape (296, 169) or empty file for subject 50399 at regions/50399_timeseries.txt. Skipping.
Warning: Invalid shape (236, 169) or empty file for subject 50447 at regions/50447_timeseries.txt. Skipping.
Warning: Invalid shape (236, 169) or empty file for subject 50448 at regions/50448_timeseries.txt. Skipping.
Warning: Invalid shape (236, 169) or empty file for subject 50449 at regions/50449_timeseries.txt. Skipping.
Warning: Invalid shape (236, 169) or empty file for subject 50497 at regions/50497_timeseries.txt. Skipping.
Warning: Invalid shape (236, 169) or empty file for subject 50503 at regions/50503_timeseries.txt. Skipping.
Warning: Invalid shape (236, 169) or empty file for subject 50528 at regions/50528_timeseries.txt. Skipping.
Warning: Invalid shape (196, 169) or empty file for subject 50570 at regions/50570_timeseries.txt. Skipping.
Warning: Invalid shape (196, 169) or empty file for subject 50576 at regions/50576_timeseries.txt. Skipping.
Warning: Invalid shape (196, 169) or empty file for subject 50604 at regions/50604_timeseries.txt. Skipping.
Warning: Invalid shape (196, 169) or empty file for subject 50616 at regions/50616_timeseries.txt. Skipping.
Warning: Invalid shape (236, 169) or empty file for subject 50642 at regions/50642_timeseries.txt. Skipping.
Warning: Invalid shape (246, 169) or empty file for subject 50687 at regions/50687_timeseries.txt. Skipping.
Warning: Invalid shape (246, 169) or empty file for subject 50690 at regions/50690_timeseries.txt. Skipping.
Warning: Invalid shape (246, 169) or empty file for subject 50694 at regions/50694_timeseries.txt. Skipping.
Warning: Invalid shape (246, 169) or empty file for subject 50699 at regions/50699_timeseries.txt. Skipping.
Warning: Invalid shape (246, 169) or empty file for subject 50700 at regions/50700_timeseries.txt. Skipping.
Warning: Invalid shape (246, 169) or empty file for subject 50740 at regions/50740_timeseries.txt. Skipping.
Warning: Invalid shape (246, 169) or empty file for subject 50748 at regions/50748_timeseries.txt. Skipping.
Warning: Invalid shape (152, 169) or empty file for subject 50772 at regions/50772_timeseries.txt. Skipping.
Warning: Invalid shape (152, 169) or empty file for subject 50774 at regions/50774_timeseries.txt. Skipping.
Warning: Invalid shape (152, 169) or empty file for subject 50818 at regions/50818_timeseries.txt. Skipping.
Warning: Invalid shape (152, 169) or empty file for subject 50823 at regions/50823_timeseries.txt. Skipping.
Warning: Invalid shape (176, 169) or empty file for subject 50954 at regions/50954_timeseries.txt. Skipping.
Warning: Invalid shape (176, 169) or empty file for subject 50958 at regions/50958_timeseries.txt. Skipping.
Warning: Invalid shape (176, 169) or empty file for subject 50994 at regions/50994_timeseries.txt. Skipping.
Warning: Invalid shape (176, 169) or empty file for subject 50997 at regions/50997_timeseries.txt. Skipping.
Warning: Invalid shape (176, 169) or empty file for subject 51006 at regions/51006_timeseries.txt. Skipping.
Warning: Invalid shape (176, 169) or empty file for subject 51013 at regions/51013_timeseries.txt. Skipping.
Warning: Invalid shape (176, 169) or empty file for subject 51015 at regions/51015_timeseries.txt. Skipping.
Warning: Invalid shape (176, 169) or empty file for subject 51018 at regions/51018_timeseries.txt. Skipping.
Warning: Invalid shape (176, 169) or empty file for subject 51028 at regions/51028_timeseries.txt. Skipping.
Warning: Invalid shape (176, 169) or empty file for subject 51060 at regions/51060_timeseries.txt. Skipping.
Warning: Invalid shape (176, 169) or empty file for subject 51085 at regions/51085_timeseries.txt. Skipping.
Warning: Invalid shape (176, 169) or empty file for subject 51096 at regions/51096_timeseries.txt. Skipping.
Warning: Invalid shape (176, 169) or empty file for subject 51117 at regions/51117_timeseries.txt. Skipping.
Warning: Invalid shape (176, 169) or empty file for subject 51118 at regions/51118_timeseries.txt. Skipping.
Warning: Invalid shape (146, 169) or empty file for subject 51137 at regions/51137_timeseries.txt. Skipping.
Warning: Invalid shape (146, 169) or empty file for subject 51138 at regions/51138_timeseries.txt. Skipping.
Warning: Invalid shape (176, 169) or empty file for subject 51152 at regions/51152_timeseries.txt. Skipping.
Warning: Invalid shape (176, 169) or empty file for subject 51178 at regions/51178_timeseries.txt. Skipping.
Warning: Invalid shape (236, 169) or empty file for subject 51183 at regions/51183_timeseries.txt. Skipping.
Warning: Invalid shape (236, 169) or empty file for subject 51187 at regions/51187_timeseries.txt. Skipping.
Warning: Invalid shape (236, 169) or empty file for subject 51194 at regions/51194_timeseries.txt. Skipping.
Warning: Invalid shape (116, 169) or empty file for subject 51202 at regions/51202_timeseries.txt. Skipping.
Warning: Invalid shape (116, 169) or empty file for subject 51203 at regions/51203_timeseries.txt. Skipping.
Warning: Invalid shape (116, 169) or empty file for subject 51204 at regions/51204_timeseries.txt. Skipping.
Warning: Invalid shape (116, 169) or empty file for subject 51217 at regions/51217_timeseries.txt. Skipping.
Warning: Invalid shape (116, 169) or empty file for subject 51226 at regions/51226_timeseries.txt. Skipping.
Warning: Invalid shape (116, 169) or empty file for subject 51237 at regions/51237_timeseries.txt. Skipping.
Warning: Invalid shape (116, 169) or empty file for subject 51256 at regions/51256_timeseries.txt. Skipping.
Warning: Invalid shape (116, 169) or empty file for subject 51260 at regions/51260_timeseries.txt. Skipping.
Warning: Invalid shape (116, 169) or empty file for subject 51265 at regions/51265_timeseries.txt. Skipping.
Warning: Invalid shape (116, 169) or empty file for subject 51273 at regions/51273_timeseries.txt. Skipping.
Warning: Invalid shape (116, 169) or empty file for subject 51306 at regions/51306_timeseries.txt. Skipping.
Warning: Invalid shape (116, 169) or empty file for subject 51308 at regions/51308_timeseries.txt. Skipping.
Warning: Invalid shape (116, 169) or empty file for subject 51315 at regions/51315_timeseries.txt. Skipping.
Warning: Invalid shape (116, 169) or empty file for subject 51326 at regions/51326_timeseries.txt. Skipping.
Warning: Invalid shape (116, 169) or empty file for subject 51334 at regions/51334_timeseries.txt. Skipping.
Warning: Invalid shape (116, 169) or empty file for subject 51342 at regions/51342_timeseries.txt. Skipping.
Warning: Invalid shape (196, 169) or empty file for subject 51359 at regions/51359_timeseries.txt. Skipping.
Warning: Invalid shape (116, 169) or empty file for subject 51369 at regions/51369_timeseries.txt. Skipping.
Warning: Invalid shape (146, 169) or empty file for subject 51487 at regions/51487_timeseries.txt. Skipping.
Warning: Invalid shape (196, 169) or empty file for subject 51563 at regions/51563_timeseries.txt. Skipping.
Warning: Invalid shape (196, 169) or empty file for subject 51570 at regions/51570_timeseries.txt. Skipping.
Warning: Invalid shape (196, 169) or empty file for subject 51577 at regions/51577_timeseries.txt. Skipping.
Error: No time series could be loaded successfully for this fold.
Critical Error: Could not load/pad time series for Fold 6. Skipping fold.

--- Fold 7/10 ---
Loading time series for 866 subjects in fold...
Warning: Invalid shape (196, 169) or empty file for subject 50003 at regions/50003_timeseries.txt. Skipping.
Warning: Invalid shape (196, 169) or empty file for subject 50005 at regions/50005_timeseries.txt. Skipping.
Warning: Invalid shape (196, 169) or empty file for subject 50006 at regions/50006_timeseries.txt. Skipping.
Warning: Invalid shape (196, 169) or empty file for subject 50007 at regions/50007_timeseries.txt. Skipping.
Warning: Invalid shape (196, 169) or empty file for subject 50008 at regions/50008_timeseries.txt. Skipping.
Warning: Invalid shape (196, 169) or empty file for subject 50010 at regions/50010_timeseries.txt. Skipping.
Warning: Invalid shape (196, 169) or empty file for subject 50011 at regions/50011_timeseries.txt. Skipping.
Warning: Invalid shape (196, 169) or empty file for subject 50012 at regions/50012_timeseries.txt. Skipping.
Warning: Invalid shape (196, 169) or empty file for subject 50013 at regions/50013_timeseries.txt. Skipping.
Warning: Invalid shape (196, 169) or empty file for subject 50014 at regions/50014_timeseries.txt. Skipping.
Warning: Invalid shape (196, 169) or empty file for subject 50015 at regions/50015_timeseries.txt. Skipping.
Warning: Invalid shape (196, 169) or empty file for subject 50016 at regions/50016_timeseries.txt. Skipping.
Warning: Invalid shape (196, 169) or empty file for subject 50020 at regions/50020_timeseries.txt. Skipping.
Warning: Invalid shape (196, 169) or empty file for subject 50022 at regions/50022_timeseries.txt. Skipping.
Warning: Invalid shape (196, 169) or empty file for subject 50023 at regions/50023_timeseries.txt. Skipping.
Warning: Invalid shape (196, 169) or empty file for subject 50026 at regions/50026_timeseries.txt. Skipping.
Warning: Invalid shape (196, 169) or empty file for subject 50027 at regions/50027_timeseries.txt. Skipping.
Warning: Invalid shape (196, 169) or empty file for subject 50028 at regions/50028_timeseries.txt. Skipping.
Warning: Invalid shape (196, 169) or empty file for subject 50030 at regions/50030_timeseries.txt. Skipping.
Warning: Invalid shape (196, 169) or empty file for subject 50031 at regions/50031_timeseries.txt. Skipping.
Warning: Invalid shape (196, 169) or empty file for subject 50032 at regions/50032_timeseries.txt. Skipping.
Warning: Invalid shape (196, 169) or empty file for subject 50033 at regions/50033_timeseries.txt. Skipping.
Warning: Invalid shape (196, 169) or empty file for subject 50034 at regions/50034_timeseries.txt. Skipping.
Warning: Invalid shape (196, 169) or empty file for subject 50035 at regions/50035_timeseries.txt. Skipping.
Warning: Invalid shape (196, 169) or empty file for subject 50036 at regions/50036_timeseries.txt. Skipping.
Warning: Invalid shape (196, 169) or empty file for subject 50037 at regions/50037_timeseries.txt. Skipping.
Warning: Invalid shape (196, 169) or empty file for subject 50038 at regions/50038_timeseries.txt. Skipping.
Warning: Invalid shape (196, 169) or empty file for subject 50039 at regions/50039_timeseries.txt. Skipping.
Warning: Invalid shape (196, 169) or empty file for subject 50040 at regions/50040_timeseries.txt. Skipping.
Warning: Invalid shape (196, 169) or empty file for subject 50041 at regions/50041_timeseries.txt. Skipping.
Warning: Invalid shape (196, 169) or empty file for subject 50043 at regions/50043_timeseries.txt. Skipping.
Warning: Invalid shape (196, 169) or empty file for subject 50044 at regions/50044_timeseries.txt. Skipping.
Warning: Invalid shape (196, 169) or empty file for subject 50045 at regions/50045_timeseries.txt. Skipping.
Warning: Invalid shape (196, 169) or empty file for subject 50046 at regions/50046_timeseries.txt. Skipping.
Warning: Invalid shape (196, 169) or empty file for subject 50047 at regions/50047_timeseries.txt. Skipping.
Warning: Invalid shape (196, 169) or empty file for subject 50048 at regions/50048_timeseries.txt. Skipping.
Warning: Invalid shape (196, 169) or empty file for subject 50049 at regions/50049_timeseries.txt. Skipping.
Warning: Invalid shape (196, 169) or empty file for subject 50050 at regions/50050_timeseries.txt. Skipping.
Warning: Invalid shape (196, 169) or empty file for subject 50051 at regions/50051_timeseries.txt. Skipping.
Warning: Invalid shape (196, 169) or empty file for subject 50052 at regions/50052_timeseries.txt. Skipping.
Warning: Invalid shape (196, 169) or empty file for subject 50053 at regions/50053_timeseries.txt. Skipping.
Warning: Invalid shape (196, 169) or empty file for subject 50054 at regions/50054_timeseries.txt. Skipping.
Warning: Invalid shape (196, 169) or empty file for subject 50056 at regions/50056_timeseries.txt. Skipping.
Warning: Invalid shape (196, 169) or empty file for subject 50057 at regions/50057_timeseries.txt. Skipping.
Warning: Invalid shape (196, 169) or empty file for subject 50059 at regions/50059_timeseries.txt. Skipping.
Warning: Invalid shape (196, 169) or empty file for subject 50060 at regions/50060_timeseries.txt. Skipping.
Warning: Invalid shape (206, 169) or empty file for subject 50103 at regions/50103_timeseries.txt. Skipping.
Warning: Invalid shape (206, 169) or empty file for subject 50104 at regions/50104_timeseries.txt. Skipping.
Warning: Invalid shape (206, 169) or empty file for subject 50106 at regions/50106_timeseries.txt. Skipping.
Warning: Invalid shape (206, 169) or empty file for subject 50107 at regions/50107_timeseries.txt. Skipping.
Warning: Invalid shape (206, 169) or empty file for subject 50109 at regions/50109_timeseries.txt. Skipping.
Warning: Invalid shape (206, 169) or empty file for subject 50111 at regions/50111_timeseries.txt. Skipping.
Warning: Invalid shape (206, 169) or empty file for subject 50112 at regions/50112_timeseries.txt. Skipping.
Warning: Invalid shape (206, 169) or empty file for subject 50113 at regions/50113_timeseries.txt. Skipping.
Warning: Invalid shape (206, 169) or empty file for subject 50114 at regions/50114_timeseries.txt. Skipping.
Warning: Invalid shape (206, 169) or empty file for subject 50115 at regions/50115_timeseries.txt. Skipping.
Warning: Invalid shape (206, 169) or empty file for subject 50116 at regions/50116_timeseries.txt. Skipping.
Warning: Invalid shape (206, 169) or empty file for subject 50117 at regions/50117_timeseries.txt. Skipping.
Warning: Invalid shape (206, 169) or empty file for subject 50118 at regions/50118_timeseries.txt. Skipping.
Warning: Invalid shape (206, 169) or empty file for subject 50119 at regions/50119_timeseries.txt. Skipping.
Warning: Invalid shape (206, 169) or empty file for subject 50121 at regions/50121_timeseries.txt. Skipping.
Warning: Invalid shape (206, 169) or empty file for subject 50123 at regions/50123_timeseries.txt. Skipping.
Warning: Invalid shape (206, 169) or empty file for subject 50124 at regions/50124_timeseries.txt. Skipping.
Warning: Invalid shape (206, 169) or empty file for subject 50125 at regions/50125_timeseries.txt. Skipping.
Warning: Invalid shape (206, 169) or empty file for subject 50127 at regions/50127_timeseries.txt. Skipping.
Warning: Invalid shape (206, 169) or empty file for subject 50128 at regions/50128_timeseries.txt. Skipping.
Warning: Invalid shape (206, 169) or empty file for subject 50130 at regions/50130_timeseries.txt. Skipping.
Warning: Invalid shape (206, 169) or empty file for subject 50131 at regions/50131_timeseries.txt. Skipping.
Warning: Invalid shape (206, 169) or empty file for subject 50132 at regions/50132_timeseries.txt. Skipping.
Warning: Invalid shape (206, 169) or empty file for subject 50134 at regions/50134_timeseries.txt. Skipping.
Warning: Invalid shape (206, 169) or empty file for subject 50135 at regions/50135_timeseries.txt. Skipping.
Warning: Invalid shape (78, 169) or empty file for subject 50142 at regions/50142_timeseries.txt. Skipping.
Warning: Invalid shape (78, 169) or empty file for subject 50143 at regions/50143_timeseries.txt. Skipping.
Warning: Invalid shape (78, 169) or empty file for subject 50144 at regions/50144_timeseries.txt. Skipping.
Warning: Invalid shape (78, 169) or empty file for subject 50145 at regions/50145_timeseries.txt. Skipping.
Warning: Invalid shape (78, 169) or empty file for subject 50146 at regions/50146_timeseries.txt. Skipping.
Warning: Invalid shape (78, 169) or empty file for subject 50147 at regions/50147_timeseries.txt. Skipping.
Warning: Invalid shape (78, 169) or empty file for subject 50148 at regions/50148_timeseries.txt. Skipping.
Warning: Invalid shape (78, 169) or empty file for subject 50149 at regions/50149_timeseries.txt. Skipping.
Warning: Invalid shape (78, 169) or empty file for subject 50150 at regions/50150_timeseries.txt. Skipping.
Warning: Invalid shape (78, 169) or empty file for subject 50152 at regions/50152_timeseries.txt. Skipping.
Warning: Invalid shape (78, 169) or empty file for subject 50153 at regions/50153_timeseries.txt. Skipping.
Warning: Invalid shape (78, 169) or empty file for subject 50156 at regions/50156_timeseries.txt. Skipping.
Warning: Invalid shape (78, 169) or empty file for subject 50157 at regions/50157_timeseries.txt. Skipping.
Warning: Invalid shape (78, 169) or empty file for subject 50158 at regions/50158_timeseries.txt. Skipping.
Warning: Invalid shape (78, 169) or empty file for subject 50159 at regions/50159_timeseries.txt. Skipping.
Warning: Invalid shape (78, 169) or empty file for subject 50160 at regions/50160_timeseries.txt. Skipping.
Warning: Invalid shape (78, 169) or empty file for subject 50162 at regions/50162_timeseries.txt. Skipping.
Warning: Invalid shape (78, 169) or empty file for subject 50163 at regions/50163_timeseries.txt. Skipping.
Warning: Invalid shape (78, 169) or empty file for subject 50164 at regions/50164_timeseries.txt. Skipping.
Warning: Invalid shape (78, 169) or empty file for subject 50167 at regions/50167_timeseries.txt. Skipping.
Warning: Invalid shape (78, 169) or empty file for subject 50168 at regions/50168_timeseries.txt. Skipping.
Warning: Invalid shape (78, 169) or empty file for subject 50169 at regions/50169_timeseries.txt. Skipping.
Warning: Invalid shape (78, 169) or empty file for subject 50170 at regions/50170_timeseries.txt. Skipping.
Warning: Invalid shape (176, 169) or empty file for subject 50182 at regions/50182_timeseries.txt. Skipping.
Warning: Invalid shape (176, 169) or empty file for subject 50183 at regions/50183_timeseries.txt. Skipping.
Warning: Invalid shape (176, 169) or empty file for subject 50184 at regions/50184_timeseries.txt. Skipping.
Warning: Invalid shape (176, 169) or empty file for subject 50186 at regions/50186_timeseries.txt. Skipping.
Warning: Invalid shape (176, 169) or empty file for subject 50187 at regions/50187_timeseries.txt. Skipping.
Warning: Invalid shape (176, 169) or empty file for subject 50188 at regions/50188_timeseries.txt. Skipping.
Warning: Invalid shape (176, 169) or empty file for subject 50189 at regions/50189_timeseries.txt. Skipping.
Warning: Invalid shape (176, 169) or empty file for subject 50190 at regions/50190_timeseries.txt. Skipping.
Warning: Invalid shape (176, 169) or empty file for subject 50193 at regions/50193_timeseries.txt. Skipping.
Warning: Invalid shape (176, 169) or empty file for subject 50194 at regions/50194_timeseries.txt. Skipping.
Warning: Invalid shape (176, 169) or empty file for subject 50195 at regions/50195_timeseries.txt. Skipping.
Warning: Invalid shape (176, 169) or empty file for subject 50196 at regions/50196_timeseries.txt. Skipping.
Warning: Invalid shape (176, 169) or empty file for subject 50198 at regions/50198_timeseries.txt. Skipping.
Warning: Invalid shape (176, 169) or empty file for subject 50199 at regions/50199_timeseries.txt. Skipping.
Warning: Invalid shape (176, 169) or empty file for subject 50200 at regions/50200_timeseries.txt. Skipping.
Warning: Invalid shape (176, 169) or empty file for subject 50202 at regions/50202_timeseries.txt. Skipping.
Warning: Invalid shape (176, 169) or empty file for subject 50203 at regions/50203_timeseries.txt. Skipping.
Warning: Invalid shape (176, 169) or empty file for subject 50205 at regions/50205_timeseries.txt. Skipping.
Warning: Invalid shape (176, 169) or empty file for subject 50206 at regions/50206_timeseries.txt. Skipping.
Warning: Invalid shape (176, 169) or empty file for subject 50208 at regions/50208_timeseries.txt. Skipping.
Warning: Invalid shape (176, 169) or empty file for subject 50210 at regions/50210_timeseries.txt. Skipping.
Warning: Invalid shape (176, 169) or empty file for subject 50213 at regions/50213_timeseries.txt. Skipping.
Warning: Invalid shape (176, 169) or empty file for subject 50214 at regions/50214_timeseries.txt. Skipping.
Warning: Invalid shape (176, 169) or empty file for subject 50215 at regions/50215_timeseries.txt. Skipping.
Warning: Invalid shape (176, 169) or empty file for subject 50217 at regions/50217_timeseries.txt. Skipping.
Warning: Invalid shape (146, 169) or empty file for subject 50232 at regions/50232_timeseries.txt. Skipping.
Warning: Invalid shape (146, 169) or empty file for subject 50233 at regions/50233_timeseries.txt. Skipping.
Warning: Invalid shape (146, 169) or empty file for subject 50234 at regions/50234_timeseries.txt. Skipping.
Warning: Invalid shape (146, 169) or empty file for subject 50237 at regions/50237_timeseries.txt. Skipping.
Warning: Invalid shape (146, 169) or empty file for subject 50239 at regions/50239_timeseries.txt. Skipping.
Warning: Invalid shape (146, 169) or empty file for subject 50240 at regions/50240_timeseries.txt. Skipping.
Warning: Invalid shape (146, 169) or empty file for subject 50241 at regions/50241_timeseries.txt. Skipping.
Warning: Invalid shape (146, 169) or empty file for subject 50245 at regions/50245_timeseries.txt. Skipping.
Warning: Invalid shape (146, 169) or empty file for subject 50247 at regions/50247_timeseries.txt. Skipping.
Warning: Invalid shape (146, 169) or empty file for subject 50248 at regions/50248_timeseries.txt. Skipping.
Warning: Invalid shape (146, 169) or empty file for subject 50249 at regions/50249_timeseries.txt. Skipping.
Warning: Invalid shape (146, 169) or empty file for subject 50250 at regions/50250_timeseries.txt. Skipping.
Warning: Invalid shape (146, 169) or empty file for subject 50251 at regions/50251_timeseries.txt. Skipping.
Warning: Invalid shape (146, 169) or empty file for subject 50252 at regions/50252_timeseries.txt. Skipping.
Warning: Invalid shape (146, 169) or empty file for subject 50253 at regions/50253_timeseries.txt. Skipping.
Warning: Invalid shape (146, 169) or empty file for subject 50255 at regions/50255_timeseries.txt. Skipping.
Warning: Invalid shape (146, 169) or empty file for subject 50257 at regions/50257_timeseries.txt. Skipping.
Warning: Invalid shape (146, 169) or empty file for subject 50260 at regions/50260_timeseries.txt. Skipping.
Warning: Invalid shape (146, 169) or empty file for subject 50261 at regions/50261_timeseries.txt. Skipping.
Warning: Invalid shape (146, 169) or empty file for subject 50263 at regions/50263_timeseries.txt. Skipping.
Warning: Invalid shape (146, 169) or empty file for subject 50264 at regions/50264_timeseries.txt. Skipping.
Warning: Invalid shape (146, 169) or empty file for subject 50266 at regions/50266_timeseries.txt. Skipping.
Warning: Invalid shape (146, 169) or empty file for subject 50269 at regions/50269_timeseries.txt. Skipping.
Warning: Invalid shape (146, 169) or empty file for subject 50270 at regions/50270_timeseries.txt. Skipping.
Warning: Invalid shape (296, 169) or empty file for subject 50272 at regions/50272_timeseries.txt. Skipping.
Warning: Invalid shape (296, 169) or empty file for subject 50273 at regions/50273_timeseries.txt. Skipping.
Warning: Invalid shape (296, 169) or empty file for subject 50275 at regions/50275_timeseries.txt. Skipping.
Warning: Invalid shape (296, 169) or empty file for subject 50276 at regions/50276_timeseries.txt. Skipping.
Warning: Invalid shape (296, 169) or empty file for subject 50278 at regions/50278_timeseries.txt. Skipping.
Warning: Invalid shape (296, 169) or empty file for subject 50282 at regions/50282_timeseries.txt. Skipping.
Warning: Invalid shape (296, 169) or empty file for subject 50285 at regions/50285_timeseries.txt. Skipping.
Warning: Invalid shape (296, 169) or empty file for subject 50290 at regions/50290_timeseries.txt. Skipping.
Warning: Invalid shape (296, 169) or empty file for subject 50291 at regions/50291_timeseries.txt. Skipping.
Warning: Invalid shape (296, 169) or empty file for subject 50292 at regions/50292_timeseries.txt. Skipping.
Warning: Invalid shape (296, 169) or empty file for subject 50293 at regions/50293_timeseries.txt. Skipping.
Warning: Invalid shape (296, 169) or empty file for subject 50294 at regions/50294_timeseries.txt. Skipping.
Warning: Invalid shape (296, 169) or empty file for subject 50295 at regions/50295_timeseries.txt. Skipping.
Warning: Invalid shape (296, 169) or empty file for subject 50297 at regions/50297_timeseries.txt. Skipping.
Warning: Invalid shape (296, 169) or empty file for subject 50298 at regions/50298_timeseries.txt. Skipping.
Warning: Invalid shape (296, 169) or empty file for subject 50301 at regions/50301_timeseries.txt. Skipping.
Warning: Invalid shape (296, 169) or empty file for subject 50308 at regions/50308_timeseries.txt. Skipping.
Warning: Invalid shape (296, 169) or empty file for subject 50312 at regions/50312_timeseries.txt. Skipping.
Warning: Invalid shape (296, 169) or empty file for subject 50314 at regions/50314_timeseries.txt. Skipping.
Warning: Invalid shape (296, 169) or empty file for subject 50315 at regions/50315_timeseries.txt. Skipping.
Warning: Invalid shape (296, 169) or empty file for subject 50318 at regions/50318_timeseries.txt. Skipping.
Warning: Invalid shape (296, 169) or empty file for subject 50319 at regions/50319_timeseries.txt. Skipping.
Warning: Invalid shape (296, 169) or empty file for subject 50320 at regions/50320_timeseries.txt. Skipping.
Warning: Invalid shape (296, 169) or empty file for subject 50321 at regions/50321_timeseries.txt. Skipping.
Warning: Invalid shape (296, 169) or empty file for subject 50324 at regions/50324_timeseries.txt. Skipping.
Warning: Invalid shape (296, 169) or empty file for subject 50325 at regions/50325_timeseries.txt. Skipping.
Warning: Invalid shape (296, 169) or empty file for subject 50327 at regions/50327_timeseries.txt. Skipping.
Warning: Invalid shape (296, 169) or empty file for subject 50329 at regions/50329_timeseries.txt. Skipping.
Warning: Invalid shape (296, 169) or empty file for subject 50330 at regions/50330_timeseries.txt. Skipping.
Warning: Invalid shape (296, 169) or empty file for subject 50331 at regions/50331_timeseries.txt. Skipping.
Warning: Invalid shape (296, 169) or empty file for subject 50332 at regions/50332_timeseries.txt. Skipping.
Warning: Invalid shape (296, 169) or empty file for subject 50333 at regions/50333_timeseries.txt. Skipping.
Warning: Invalid shape (296, 169) or empty file for subject 50334 at regions/50334_timeseries.txt. Skipping.
Warning: Invalid shape (296, 169) or empty file for subject 50335 at regions/50335_timeseries.txt. Skipping.
Warning: Invalid shape (296, 169) or empty file for subject 50336 at regions/50336_timeseries.txt. Skipping.
Warning: Invalid shape (296, 169) or empty file for subject 50337 at regions/50337_timeseries.txt. Skipping.
Warning: Invalid shape (296, 169) or empty file for subject 50338 at regions/50338_timeseries.txt. Skipping.
Warning: Invalid shape (296, 169) or empty file for subject 50340 at regions/50340_timeseries.txt. Skipping.
Warning: Invalid shape (296, 169) or empty file for subject 50341 at regions/50341_timeseries.txt. Skipping.
Warning: Invalid shape (296, 169) or empty file for subject 50343 at regions/50343_timeseries.txt. Skipping.
Warning: Invalid shape (296, 169) or empty file for subject 50344 at regions/50344_timeseries.txt. Skipping.
Warning: Invalid shape (296, 169) or empty file for subject 50345 at regions/50345_timeseries.txt. Skipping.
Warning: Invalid shape (296, 169) or empty file for subject 50346 at regions/50346_timeseries.txt. Skipping.
Warning: Invalid shape (296, 169) or empty file for subject 50348 at regions/50348_timeseries.txt. Skipping.
Warning: Invalid shape (296, 169) or empty file for subject 50349 at regions/50349_timeseries.txt. Skipping.
Warning: Invalid shape (296, 169) or empty file for subject 50351 at regions/50351_timeseries.txt. Skipping.
Warning: Invalid shape (296, 169) or empty file for subject 50352 at regions/50352_timeseries.txt. Skipping.
Warning: Invalid shape (296, 169) or empty file for subject 50353 at regions/50353_timeseries.txt. Skipping.
Warning: Invalid shape (296, 169) or empty file for subject 50354 at regions/50354_timeseries.txt. Skipping.
Warning: Invalid shape (296, 169) or empty file for subject 50357 at regions/50357_timeseries.txt. Skipping.
Warning: Invalid shape (296, 169) or empty file for subject 50358 at regions/50358_timeseries.txt. Skipping.
Warning: Invalid shape (296, 169) or empty file for subject 50359 at regions/50359_timeseries.txt. Skipping.
Warning: Invalid shape (296, 169) or empty file for subject 50360 at regions/50360_timeseries.txt. Skipping.
Warning: Invalid shape (296, 169) or empty file for subject 50361 at regions/50361_timeseries.txt. Skipping.
Warning: Invalid shape (296, 169) or empty file for subject 50362 at regions/50362_timeseries.txt. Skipping.
Warning: Invalid shape (296, 169) or empty file for subject 50363 at regions/50363_timeseries.txt. Skipping.
Warning: Invalid shape (296, 169) or empty file for subject 50364 at regions/50364_timeseries.txt. Skipping.
Warning: Invalid shape (296, 169) or empty file for subject 50365 at regions/50365_timeseries.txt. Skipping.
Warning: Invalid shape (296, 169) or empty file for subject 50366 at regions/50366_timeseries.txt. Skipping.
Warning: Invalid shape (296, 169) or empty file for subject 50367 at regions/50367_timeseries.txt. Skipping.
Warning: Invalid shape (296, 169) or empty file for subject 50368 at regions/50368_timeseries.txt. Skipping.
Warning: Invalid shape (296, 169) or empty file for subject 50369 at regions/50369_timeseries.txt. Skipping.
Warning: Invalid shape (296, 169) or empty file for subject 50370 at regions/50370_timeseries.txt. Skipping.
Warning: Invalid shape (296, 169) or empty file for subject 50373 at regions/50373_timeseries.txt. Skipping.
Warning: Invalid shape (296, 169) or empty file for subject 50374 at regions/50374_timeseries.txt. Skipping.
Warning: Invalid shape (296, 169) or empty file for subject 50375 at regions/50375_timeseries.txt. Skipping.
Warning: Invalid shape (296, 169) or empty file for subject 50376 at regions/50376_timeseries.txt. Skipping.
Warning: Invalid shape (296, 169) or empty file for subject 50377 at regions/50377_timeseries.txt. Skipping.
Warning: Invalid shape (296, 169) or empty file for subject 50379 at regions/50379_timeseries.txt. Skipping.
Warning: Invalid shape (296, 169) or empty file for subject 50380 at regions/50380_timeseries.txt. Skipping.
Warning: Invalid shape (296, 169) or empty file for subject 50382 at regions/50382_timeseries.txt. Skipping.
Warning: Invalid shape (296, 169) or empty file for subject 50383 at regions/50383_timeseries.txt. Skipping.
Warning: Invalid shape (296, 169) or empty file for subject 50385 at regions/50385_timeseries.txt. Skipping.
Warning: Invalid shape (296, 169) or empty file for subject 50386 at regions/50386_timeseries.txt. Skipping.
Warning: Invalid shape (296, 169) or empty file for subject 50387 at regions/50387_timeseries.txt. Skipping.
Warning: Invalid shape (296, 169) or empty file for subject 50388 at regions/50388_timeseries.txt. Skipping.
Warning: Invalid shape (296, 169) or empty file for subject 50390 at regions/50390_timeseries.txt. Skipping.
Warning: Invalid shape (296, 169) or empty file for subject 50391 at regions/50391_timeseries.txt. Skipping.
Warning: Invalid shape (296, 169) or empty file for subject 50397 at regions/50397_timeseries.txt. Skipping.
Warning: Invalid shape (296, 169) or empty file for subject 50399 at regions/50399_timeseries.txt. Skipping.
Warning: Invalid shape (296, 169) or empty file for subject 50402 at regions/50402_timeseries.txt. Skipping.
Warning: Invalid shape (296, 169) or empty file for subject 50403 at regions/50403_timeseries.txt. Skipping.
Warning: Invalid shape (296, 169) or empty file for subject 50404 at regions/50404_timeseries.txt. Skipping.
Warning: Invalid shape (296, 169) or empty file for subject 50405 at regions/50405_timeseries.txt. Skipping.
Warning: Invalid shape (296, 169) or empty file for subject 50406 at regions/50406_timeseries.txt. Skipping.
Warning: Invalid shape (296, 169) or empty file for subject 50407 at regions/50407_timeseries.txt. Skipping.
Warning: Invalid shape (296, 169) or empty file for subject 50408 at regions/50408_timeseries.txt. Skipping.
Warning: Invalid shape (296, 169) or empty file for subject 50410 at regions/50410_timeseries.txt. Skipping.
Warning: Invalid shape (296, 169) or empty file for subject 50411 at regions/50411_timeseries.txt. Skipping.
Warning: Invalid shape (296, 169) or empty file for subject 50412 at regions/50412_timeseries.txt. Skipping.
Warning: Invalid shape (296, 169) or empty file for subject 50413 at regions/50413_timeseries.txt. Skipping.
Warning: Invalid shape (296, 169) or empty file for subject 50414 at regions/50414_timeseries.txt. Skipping.
Warning: Invalid shape (296, 169) or empty file for subject 50415 at regions/50415_timeseries.txt. Skipping.
Warning: Invalid shape (296, 169) or empty file for subject 50416 at regions/50416_timeseries.txt. Skipping.
Warning: Invalid shape (296, 169) or empty file for subject 50417 at regions/50417_timeseries.txt. Skipping.
Warning: Invalid shape (296, 169) or empty file for subject 50418 at regions/50418_timeseries.txt. Skipping.
Warning: Invalid shape (296, 169) or empty file for subject 50419 at regions/50419_timeseries.txt. Skipping.
Warning: Invalid shape (296, 169) or empty file for subject 50421 at regions/50421_timeseries.txt. Skipping.
Warning: Invalid shape (296, 169) or empty file for subject 50424 at regions/50424_timeseries.txt. Skipping.
Warning: Invalid shape (296, 169) or empty file for subject 50425 at regions/50425_timeseries.txt. Skipping.
Warning: Invalid shape (296, 169) or empty file for subject 50426 at regions/50426_timeseries.txt. Skipping.
Warning: Invalid shape (296, 169) or empty file for subject 50427 at regions/50427_timeseries.txt. Skipping.
Warning: Invalid shape (296, 169) or empty file for subject 50428 at regions/50428_timeseries.txt. Skipping.
Warning: Invalid shape (236, 169) or empty file for subject 50433 at regions/50433_timeseries.txt. Skipping.
Warning: Invalid shape (236, 169) or empty file for subject 50434 at regions/50434_timeseries.txt. Skipping.
Warning: Invalid shape (236, 169) or empty file for subject 50435 at regions/50435_timeseries.txt. Skipping.
Warning: Invalid shape (236, 169) or empty file for subject 50436 at regions/50436_timeseries.txt. Skipping.
Warning: Invalid shape (236, 169) or empty file for subject 50437 at regions/50437_timeseries.txt. Skipping.
Warning: Invalid shape (236, 169) or empty file for subject 50438 at regions/50438_timeseries.txt. Skipping.
Warning: Invalid shape (236, 169) or empty file for subject 50439 at regions/50439_timeseries.txt. Skipping.
Warning: Invalid shape (236, 169) or empty file for subject 50440 at regions/50440_timeseries.txt. Skipping.
Warning: Invalid shape (236, 169) or empty file for subject 50441 at regions/50441_timeseries.txt. Skipping.
Warning: Invalid shape (236, 169) or empty file for subject 50442 at regions/50442_timeseries.txt. Skipping.
Warning: Invalid shape (236, 169) or empty file for subject 50443 at regions/50443_timeseries.txt. Skipping.
Warning: Invalid shape (236, 169) or empty file for subject 50444 at regions/50444_timeseries.txt. Skipping.
Warning: Invalid shape (236, 169) or empty file for subject 50445 at regions/50445_timeseries.txt. Skipping.
Warning: Invalid shape (236, 169) or empty file for subject 50446 at regions/50446_timeseries.txt. Skipping.
Warning: Invalid shape (236, 169) or empty file for subject 50447 at regions/50447_timeseries.txt. Skipping.
Warning: Invalid shape (236, 169) or empty file for subject 50448 at regions/50448_timeseries.txt. Skipping.
Warning: Invalid shape (236, 169) or empty file for subject 50449 at regions/50449_timeseries.txt. Skipping.
Warning: Invalid shape (236, 169) or empty file for subject 50463 at regions/50463_timeseries.txt. Skipping.
Warning: Invalid shape (236, 169) or empty file for subject 50466 at regions/50466_timeseries.txt. Skipping.
Warning: Invalid shape (236, 169) or empty file for subject 50467 at regions/50467_timeseries.txt. Skipping.
Warning: Invalid shape (236, 169) or empty file for subject 50468 at regions/50468_timeseries.txt. Skipping.
Warning: Invalid shape (236, 169) or empty file for subject 50470 at regions/50470_timeseries.txt. Skipping.
Warning: Invalid shape (236, 169) or empty file for subject 50480 at regions/50480_timeseries.txt. Skipping.
Warning: Invalid shape (236, 169) or empty file for subject 50481 at regions/50481_timeseries.txt. Skipping.
Warning: Invalid shape (236, 169) or empty file for subject 50482 at regions/50482_timeseries.txt. Skipping.
Warning: Invalid shape (236, 169) or empty file for subject 50483 at regions/50483_timeseries.txt. Skipping.
Warning: Invalid shape (236, 169) or empty file for subject 50485 at regions/50485_timeseries.txt. Skipping.
Warning: Invalid shape (236, 169) or empty file for subject 50487 at regions/50487_timeseries.txt. Skipping.
Warning: Invalid shape (236, 169) or empty file for subject 50488 at regions/50488_timeseries.txt. Skipping.
Warning: Invalid shape (236, 169) or empty file for subject 50490 at regions/50490_timeseries.txt. Skipping.
Warning: Invalid shape (236, 169) or empty file for subject 50491 at regions/50491_timeseries.txt. Skipping.
Warning: Invalid shape (236, 169) or empty file for subject 50492 at regions/50492_timeseries.txt. Skipping.
Warning: Invalid shape (236, 169) or empty file for subject 50493 at regions/50493_timeseries.txt. Skipping.
Warning: Invalid shape (236, 169) or empty file for subject 50494 at regions/50494_timeseries.txt. Skipping.
Warning: Invalid shape (236, 169) or empty file for subject 50497 at regions/50497_timeseries.txt. Skipping.
Warning: Invalid shape (236, 169) or empty file for subject 50498 at regions/50498_timeseries.txt. Skipping.
Warning: Invalid shape (236, 169) or empty file for subject 50499 at regions/50499_timeseries.txt. Skipping.
Warning: Invalid shape (236, 169) or empty file for subject 50500 at regions/50500_timeseries.txt. Skipping.
Warning: Invalid shape (236, 169) or empty file for subject 50501 at regions/50501_timeseries.txt. Skipping.
Warning: Invalid shape (236, 169) or empty file for subject 50502 at regions/50502_timeseries.txt. Skipping.
Warning: Invalid shape (236, 169) or empty file for subject 50503 at regions/50503_timeseries.txt. Skipping.
Warning: Invalid shape (236, 169) or empty file for subject 50504 at regions/50504_timeseries.txt. Skipping.
Warning: Invalid shape (236, 169) or empty file for subject 50507 at regions/50507_timeseries.txt. Skipping.
Warning: Invalid shape (236, 169) or empty file for subject 50509 at regions/50509_timeseries.txt. Skipping.
Warning: Invalid shape (236, 169) or empty file for subject 50510 at regions/50510_timeseries.txt. Skipping.
Warning: Invalid shape (236, 169) or empty file for subject 50514 at regions/50514_timeseries.txt. Skipping.
Warning: Invalid shape (236, 169) or empty file for subject 50515 at regions/50515_timeseries.txt. Skipping.
Warning: Invalid shape (236, 169) or empty file for subject 50516 at regions/50516_timeseries.txt. Skipping.
Warning: Invalid shape (236, 169) or empty file for subject 50518 at regions/50518_timeseries.txt. Skipping.
Warning: Invalid shape (236, 169) or empty file for subject 50519 at regions/50519_timeseries.txt. Skipping.
Warning: Invalid shape (236, 169) or empty file for subject 50520 at regions/50520_timeseries.txt. Skipping.
Warning: Invalid shape (236, 169) or empty file for subject 50521 at regions/50521_timeseries.txt. Skipping.
Warning: Invalid shape (236, 169) or empty file for subject 50523 at regions/50523_timeseries.txt. Skipping.
Warning: Invalid shape (236, 169) or empty file for subject 50524 at regions/50524_timeseries.txt. Skipping.
Warning: Invalid shape (236, 169) or empty file for subject 50525 at regions/50525_timeseries.txt. Skipping.
Warning: Invalid shape (232, 169) or empty file for subject 50526 at regions/50526_timeseries.txt. Skipping.
Warning: Invalid shape (236, 169) or empty file for subject 50527 at regions/50527_timeseries.txt. Skipping.
Warning: Invalid shape (236, 169) or empty file for subject 50528 at regions/50528_timeseries.txt. Skipping.
Warning: Invalid shape (236, 169) or empty file for subject 50529 at regions/50529_timeseries.txt. Skipping.
Warning: Invalid shape (236, 169) or empty file for subject 50530 at regions/50530_timeseries.txt. Skipping.
Warning: Invalid shape (236, 169) or empty file for subject 50531 at regions/50531_timeseries.txt. Skipping.
Warning: Invalid shape (236, 169) or empty file for subject 50532 at regions/50532_timeseries.txt. Skipping.
Warning: Invalid shape (196, 169) or empty file for subject 50551 at regions/50551_timeseries.txt. Skipping.
Warning: Invalid shape (196, 169) or empty file for subject 50552 at regions/50552_timeseries.txt. Skipping.
Warning: Invalid shape (196, 169) or empty file for subject 50555 at regions/50555_timeseries.txt. Skipping.
Warning: Invalid shape (196, 169) or empty file for subject 50557 at regions/50557_timeseries.txt. Skipping.
Warning: Invalid shape (196, 169) or empty file for subject 50558 at regions/50558_timeseries.txt. Skipping.
Warning: Invalid shape (196, 169) or empty file for subject 50561 at regions/50561_timeseries.txt. Skipping.
Warning: Invalid shape (196, 169) or empty file for subject 50563 at regions/50563_timeseries.txt. Skipping.
Warning: Invalid shape (196, 169) or empty file for subject 50565 at regions/50565_timeseries.txt. Skipping.
Warning: Invalid shape (196, 169) or empty file for subject 50568 at regions/50568_timeseries.txt. Skipping.
Warning: Invalid shape (196, 169) or empty file for subject 50569 at regions/50569_timeseries.txt. Skipping.
Warning: Invalid shape (196, 169) or empty file for subject 50570 at regions/50570_timeseries.txt. Skipping.
Warning: Invalid shape (196, 169) or empty file for subject 50572 at regions/50572_timeseries.txt. Skipping.
Warning: Invalid shape (196, 169) or empty file for subject 50573 at regions/50573_timeseries.txt. Skipping.
Warning: Invalid shape (196, 169) or empty file for subject 50574 at regions/50574_timeseries.txt. Skipping.
Warning: Invalid shape (196, 169) or empty file for subject 50575 at regions/50575_timeseries.txt. Skipping.
Warning: Invalid shape (196, 169) or empty file for subject 50576 at regions/50576_timeseries.txt. Skipping.
Warning: Invalid shape (196, 169) or empty file for subject 50577 at regions/50577_timeseries.txt. Skipping.
Warning: Invalid shape (196, 169) or empty file for subject 50578 at regions/50578_timeseries.txt. Skipping.
Warning: Invalid shape (196, 169) or empty file for subject 50601 at regions/50601_timeseries.txt. Skipping.
Warning: Invalid shape (196, 169) or empty file for subject 50602 at regions/50602_timeseries.txt. Skipping.
Warning: Invalid shape (196, 169) or empty file for subject 50603 at regions/50603_timeseries.txt. Skipping.
Warning: Invalid shape (196, 169) or empty file for subject 50604 at regions/50604_timeseries.txt. Skipping.
Warning: Invalid shape (196, 169) or empty file for subject 50606 at regions/50606_timeseries.txt. Skipping.
Warning: Invalid shape (196, 169) or empty file for subject 50607 at regions/50607_timeseries.txt. Skipping.
Warning: Invalid shape (196, 169) or empty file for subject 50608 at regions/50608_timeseries.txt. Skipping.
Warning: Invalid shape (196, 169) or empty file for subject 50612 at regions/50612_timeseries.txt. Skipping.
Warning: Invalid shape (196, 169) or empty file for subject 50613 at regions/50613_timeseries.txt. Skipping.
Warning: Invalid shape (196, 169) or empty file for subject 50614 at regions/50614_timeseries.txt. Skipping.
Warning: Invalid shape (196, 169) or empty file for subject 50615 at regions/50615_timeseries.txt. Skipping.
Warning: Invalid shape (196, 169) or empty file for subject 50616 at regions/50616_timeseries.txt. Skipping.
Warning: Invalid shape (196, 169) or empty file for subject 50619 at regions/50619_timeseries.txt. Skipping.
Warning: Invalid shape (196, 169) or empty file for subject 50620 at regions/50620_timeseries.txt. Skipping.
Warning: Invalid shape (196, 169) or empty file for subject 50621 at regions/50621_timeseries.txt. Skipping.
Warning: Invalid shape (196, 169) or empty file for subject 50622 at regions/50622_timeseries.txt. Skipping.
Warning: Invalid shape (196, 169) or empty file for subject 50623 at regions/50623_timeseries.txt. Skipping.
Warning: Invalid shape (196, 169) or empty file for subject 50624 at regions/50624_timeseries.txt. Skipping.
Warning: Invalid shape (196, 169) or empty file for subject 50625 at regions/50625_timeseries.txt. Skipping.
Warning: Invalid shape (196, 169) or empty file for subject 50626 at regions/50626_timeseries.txt. Skipping.
Warning: Invalid shape (196, 169) or empty file for subject 50627 at regions/50627_timeseries.txt. Skipping.
Warning: Invalid shape (196, 169) or empty file for subject 50628 at regions/50628_timeseries.txt. Skipping.
Warning: Invalid shape (236, 169) or empty file for subject 50642 at regions/50642_timeseries.txt. Skipping.
Warning: Invalid shape (316, 169) or empty file for subject 50644 at regions/50644_timeseries.txt. Skipping.
Warning: Invalid shape (202, 169) or empty file for subject 50647 at regions/50647_timeseries.txt. Skipping.
Warning: Invalid shape (316, 169) or empty file for subject 50648 at regions/50648_timeseries.txt. Skipping.
Warning: Invalid shape (236, 169) or empty file for subject 50649 at regions/50649_timeseries.txt. Skipping.
Warning: Invalid shape (236, 169) or empty file for subject 50654 at regions/50654_timeseries.txt. Skipping.
Warning: Invalid shape (236, 169) or empty file for subject 50656 at regions/50656_timeseries.txt. Skipping.
Warning: Invalid shape (236, 169) or empty file for subject 50659 at regions/50659_timeseries.txt. Skipping.
Warning: Invalid shape (236, 169) or empty file for subject 50665 at regions/50665_timeseries.txt. Skipping.
Warning: Invalid shape (316, 169) or empty file for subject 50669 at regions/50669_timeseries.txt. Skipping.
Warning: Invalid shape (246, 169) or empty file for subject 50682 at regions/50682_timeseries.txt. Skipping.
Warning: Invalid shape (246, 169) or empty file for subject 50683 at regions/50683_timeseries.txt. Skipping.
Warning: Invalid shape (246, 169) or empty file for subject 50685 at regions/50685_timeseries.txt. Skipping.
Warning: Invalid shape (246, 169) or empty file for subject 50686 at regions/50686_timeseries.txt. Skipping.
Warning: Invalid shape (246, 169) or empty file for subject 50687 at regions/50687_timeseries.txt. Skipping.
Warning: Invalid shape (246, 169) or empty file for subject 50688 at regions/50688_timeseries.txt. Skipping.
Warning: Invalid shape (246, 169) or empty file for subject 50689 at regions/50689_timeseries.txt. Skipping.
Warning: Invalid shape (246, 169) or empty file for subject 50690 at regions/50690_timeseries.txt. Skipping.
Warning: Invalid shape (246, 169) or empty file for subject 50691 at regions/50691_timeseries.txt. Skipping.
Warning: Invalid shape (246, 169) or empty file for subject 50692 at regions/50692_timeseries.txt. Skipping.
Warning: Invalid shape (246, 169) or empty file for subject 50693 at regions/50693_timeseries.txt. Skipping.
Warning: Invalid shape (246, 169) or empty file for subject 50694 at regions/50694_timeseries.txt. Skipping.
Warning: Invalid shape (246, 169) or empty file for subject 50695 at regions/50695_timeseries.txt. Skipping.
Warning: Invalid shape (246, 169) or empty file for subject 50696 at regions/50696_timeseries.txt. Skipping.
Warning: Invalid shape (246, 169) or empty file for subject 50697 at regions/50697_timeseries.txt. Skipping.
Warning: Invalid shape (246, 169) or empty file for subject 50698 at regions/50698_timeseries.txt. Skipping.
Warning: Invalid shape (246, 169) or empty file for subject 50699 at regions/50699_timeseries.txt. Skipping.
Warning: Invalid shape (246, 169) or empty file for subject 50700 at regions/50700_timeseries.txt. Skipping.
Warning: Invalid shape (246, 169) or empty file for subject 50701 at regions/50701_timeseries.txt. Skipping.
Warning: Invalid shape (246, 169) or empty file for subject 50702 at regions/50702_timeseries.txt. Skipping.
Warning: Invalid shape (246, 169) or empty file for subject 50703 at regions/50703_timeseries.txt. Skipping.
Warning: Invalid shape (246, 169) or empty file for subject 50704 at regions/50704_timeseries.txt. Skipping.
Warning: Invalid shape (246, 169) or empty file for subject 50705 at regions/50705_timeseries.txt. Skipping.
Warning: Invalid shape (246, 169) or empty file for subject 50706 at regions/50706_timeseries.txt. Skipping.
Warning: Invalid shape (246, 169) or empty file for subject 50707 at regions/50707_timeseries.txt. Skipping.
Warning: Invalid shape (246, 169) or empty file for subject 50708 at regions/50708_timeseries.txt. Skipping.
Warning: Invalid shape (246, 169) or empty file for subject 50709 at regions/50709_timeseries.txt. Skipping.
Warning: Invalid shape (246, 169) or empty file for subject 50711 at regions/50711_timeseries.txt. Skipping.
Warning: Invalid shape (246, 169) or empty file for subject 50722 at regions/50722_timeseries.txt. Skipping.
Warning: Invalid shape (246, 169) or empty file for subject 50723 at regions/50723_timeseries.txt. Skipping.
Warning: Invalid shape (246, 169) or empty file for subject 50724 at regions/50724_timeseries.txt. Skipping.
Warning: Invalid shape (246, 169) or empty file for subject 50726 at regions/50726_timeseries.txt. Skipping.
Warning: Invalid shape (246, 169) or empty file for subject 50728 at regions/50728_timeseries.txt. Skipping.
Warning: Invalid shape (246, 169) or empty file for subject 50730 at regions/50730_timeseries.txt. Skipping.
Warning: Invalid shape (246, 169) or empty file for subject 50731 at regions/50731_timeseries.txt. Skipping.
Warning: Invalid shape (246, 169) or empty file for subject 50733 at regions/50733_timeseries.txt. Skipping.
Warning: Invalid shape (246, 169) or empty file for subject 50735 at regions/50735_timeseries.txt. Skipping.
Warning: Invalid shape (246, 169) or empty file for subject 50737 at regions/50737_timeseries.txt. Skipping.
Warning: Invalid shape (246, 169) or empty file for subject 50738 at regions/50738_timeseries.txt. Skipping.
Warning: Invalid shape (246, 169) or empty file for subject 50739 at regions/50739_timeseries.txt. Skipping.
Warning: Invalid shape (246, 169) or empty file for subject 50740 at regions/50740_timeseries.txt. Skipping.
Warning: Invalid shape (246, 169) or empty file for subject 50741 at regions/50741_timeseries.txt. Skipping.
Warning: Invalid shape (246, 169) or empty file for subject 50742 at regions/50742_timeseries.txt. Skipping.
Warning: Invalid shape (246, 169) or empty file for subject 50743 at regions/50743_timeseries.txt. Skipping.
Warning: Invalid shape (246, 169) or empty file for subject 50745 at regions/50745_timeseries.txt. Skipping.
Warning: Invalid shape (246, 169) or empty file for subject 50748 at regions/50748_timeseries.txt. Skipping.
Warning: Invalid shape (246, 169) or empty file for subject 50749 at regions/50749_timeseries.txt. Skipping.
Warning: Invalid shape (246, 169) or empty file for subject 50750 at regions/50750_timeseries.txt. Skipping.
Warning: Invalid shape (246, 169) or empty file for subject 50751 at regions/50751_timeseries.txt. Skipping.
Warning: Invalid shape (246, 169) or empty file for subject 50754 at regions/50754_timeseries.txt. Skipping.
Warning: Invalid shape (246, 169) or empty file for subject 50755 at regions/50755_timeseries.txt. Skipping.
Warning: Invalid shape (246, 169) or empty file for subject 50757 at regions/50757_timeseries.txt. Skipping.
Warning: Invalid shape (152, 169) or empty file for subject 50772 at regions/50772_timeseries.txt. Skipping.
Warning: Invalid shape (152, 169) or empty file for subject 50773 at regions/50773_timeseries.txt. Skipping.
Warning: Invalid shape (152, 169) or empty file for subject 50774 at regions/50774_timeseries.txt. Skipping.
Warning: Invalid shape (152, 169) or empty file for subject 50775 at regions/50775_timeseries.txt. Skipping.
Warning: Invalid shape (152, 169) or empty file for subject 50776 at regions/50776_timeseries.txt. Skipping.
Warning: Invalid shape (152, 169) or empty file for subject 50777 at regions/50777_timeseries.txt. Skipping.
Warning: Invalid shape (152, 169) or empty file for subject 50780 at regions/50780_timeseries.txt. Skipping.
Warning: Invalid shape (152, 169) or empty file for subject 50781 at regions/50781_timeseries.txt. Skipping.
Warning: Invalid shape (152, 169) or empty file for subject 50782 at regions/50782_timeseries.txt. Skipping.
Warning: Invalid shape (152, 169) or empty file for subject 50783 at regions/50783_timeseries.txt. Skipping.
Warning: Invalid shape (152, 169) or empty file for subject 50786 at regions/50786_timeseries.txt. Skipping.
Warning: Invalid shape (152, 169) or empty file for subject 50790 at regions/50790_timeseries.txt. Skipping.
Warning: Invalid shape (124, 169) or empty file for subject 50791 at regions/50791_timeseries.txt. Skipping.
Warning: Invalid shape (124, 169) or empty file for subject 50792 at regions/50792_timeseries.txt. Skipping.
Warning: Invalid shape (152, 169) or empty file for subject 50796 at regions/50796_timeseries.txt. Skipping.
Warning: Invalid shape (152, 169) or empty file for subject 50797 at regions/50797_timeseries.txt. Skipping.
Warning: Invalid shape (152, 169) or empty file for subject 50798 at regions/50798_timeseries.txt. Skipping.
Warning: Invalid shape (152, 169) or empty file for subject 50799 at regions/50799_timeseries.txt. Skipping.
Warning: Invalid shape (152, 169) or empty file for subject 50800 at regions/50800_timeseries.txt. Skipping.
Warning: Invalid shape (152, 169) or empty file for subject 50801 at regions/50801_timeseries.txt. Skipping.
Warning: Invalid shape (152, 169) or empty file for subject 50803 at regions/50803_timeseries.txt. Skipping.
Warning: Invalid shape (152, 169) or empty file for subject 50807 at regions/50807_timeseries.txt. Skipping.
Warning: Invalid shape (152, 169) or empty file for subject 50812 at regions/50812_timeseries.txt. Skipping.
Warning: Invalid shape (152, 169) or empty file for subject 50814 at regions/50814_timeseries.txt. Skipping.
Warning: Invalid shape (124, 169) or empty file for subject 50817 at regions/50817_timeseries.txt. Skipping.
Warning: Invalid shape (152, 169) or empty file for subject 50818 at regions/50818_timeseries.txt. Skipping.
Warning: Invalid shape (152, 169) or empty file for subject 50820 at regions/50820_timeseries.txt. Skipping.
Warning: Invalid shape (152, 169) or empty file for subject 50823 at regions/50823_timeseries.txt. Skipping.
Warning: Invalid shape (152, 169) or empty file for subject 50824 at regions/50824_timeseries.txt. Skipping.
Warning: Invalid shape (176, 169) or empty file for subject 50952 at regions/50952_timeseries.txt. Skipping.
Warning: Invalid shape (176, 169) or empty file for subject 50954 at regions/50954_timeseries.txt. Skipping.
Warning: Invalid shape (176, 169) or empty file for subject 50955 at regions/50955_timeseries.txt. Skipping.
Warning: Invalid shape (176, 169) or empty file for subject 50956 at regions/50956_timeseries.txt. Skipping.
Warning: Invalid shape (176, 169) or empty file for subject 50957 at regions/50957_timeseries.txt. Skipping.
Warning: Invalid shape (176, 169) or empty file for subject 50958 at regions/50958_timeseries.txt. Skipping.
Warning: Invalid shape (176, 169) or empty file for subject 50959 at regions/50959_timeseries.txt. Skipping.
Warning: Invalid shape (176, 169) or empty file for subject 50961 at regions/50961_timeseries.txt. Skipping.
Warning: Invalid shape (176, 169) or empty file for subject 50962 at regions/50962_timeseries.txt. Skipping.
Warning: Invalid shape (176, 169) or empty file for subject 50964 at regions/50964_timeseries.txt. Skipping.
Warning: Invalid shape (176, 169) or empty file for subject 50965 at regions/50965_timeseries.txt. Skipping.
Warning: Invalid shape (176, 169) or empty file for subject 50966 at regions/50966_timeseries.txt. Skipping.
Warning: Invalid shape (176, 169) or empty file for subject 50967 at regions/50967_timeseries.txt. Skipping.
Warning: Invalid shape (176, 169) or empty file for subject 50968 at regions/50968_timeseries.txt. Skipping.
Warning: Invalid shape (176, 169) or empty file for subject 50969 at regions/50969_timeseries.txt. Skipping.
Warning: Invalid shape (176, 169) or empty file for subject 50970 at regions/50970_timeseries.txt. Skipping.
Warning: Invalid shape (176, 169) or empty file for subject 50973 at regions/50973_timeseries.txt. Skipping.
Warning: Invalid shape (176, 169) or empty file for subject 50974 at regions/50974_timeseries.txt. Skipping.
Warning: Invalid shape (176, 169) or empty file for subject 50977 at regions/50977_timeseries.txt. Skipping.
Warning: Invalid shape (176, 169) or empty file for subject 50978 at regions/50978_timeseries.txt. Skipping.
Warning: Invalid shape (176, 169) or empty file for subject 50979 at regions/50979_timeseries.txt. Skipping.
Warning: Invalid shape (176, 169) or empty file for subject 50981 at regions/50981_timeseries.txt. Skipping.
Warning: Invalid shape (176, 169) or empty file for subject 50982 at regions/50982_timeseries.txt. Skipping.
Warning: Invalid shape (176, 169) or empty file for subject 50983 at regions/50983_timeseries.txt. Skipping.
Warning: Invalid shape (176, 169) or empty file for subject 50985 at regions/50985_timeseries.txt. Skipping.
Warning: Invalid shape (176, 169) or empty file for subject 50986 at regions/50986_timeseries.txt. Skipping.
Warning: Invalid shape (176, 169) or empty file for subject 50987 at regions/50987_timeseries.txt. Skipping.
Warning: Invalid shape (176, 169) or empty file for subject 50988 at regions/50988_timeseries.txt. Skipping.
Warning: Invalid shape (176, 169) or empty file for subject 50989 at regions/50989_timeseries.txt. Skipping.
Warning: Invalid shape (176, 169) or empty file for subject 50990 at regions/50990_timeseries.txt. Skipping.
Warning: Invalid shape (176, 169) or empty file for subject 50991 at regions/50991_timeseries.txt. Skipping.
Warning: Invalid shape (176, 169) or empty file for subject 50992 at regions/50992_timeseries.txt. Skipping.
Warning: Invalid shape (176, 169) or empty file for subject 50993 at regions/50993_timeseries.txt. Skipping.
Warning: Invalid shape (176, 169) or empty file for subject 50994 at regions/50994_timeseries.txt. Skipping.
Warning: Invalid shape (176, 169) or empty file for subject 50995 at regions/50995_timeseries.txt. Skipping.
Warning: Invalid shape (176, 169) or empty file for subject 50996 at regions/50996_timeseries.txt. Skipping.
Warning: Invalid shape (176, 169) or empty file for subject 50997 at regions/50997_timeseries.txt. Skipping.
Warning: Invalid shape (176, 169) or empty file for subject 50999 at regions/50999_timeseries.txt. Skipping.
Warning: Invalid shape (176, 169) or empty file for subject 51000 at regions/51000_timeseries.txt. Skipping.
Warning: Invalid shape (176, 169) or empty file for subject 51001 at regions/51001_timeseries.txt. Skipping.
Warning: Invalid shape (176, 169) or empty file for subject 51002 at regions/51002_timeseries.txt. Skipping.
Warning: Invalid shape (176, 169) or empty file for subject 51003 at regions/51003_timeseries.txt. Skipping.
Warning: Invalid shape (176, 169) or empty file for subject 51006 at regions/51006_timeseries.txt. Skipping.
Warning: Invalid shape (176, 169) or empty file for subject 51008 at regions/51008_timeseries.txt. Skipping.
Warning: Invalid shape (176, 169) or empty file for subject 51009 at regions/51009_timeseries.txt. Skipping.
Warning: Invalid shape (176, 169) or empty file for subject 51011 at regions/51011_timeseries.txt. Skipping.
Warning: Invalid shape (176, 169) or empty file for subject 51012 at regions/51012_timeseries.txt. Skipping.
Warning: Invalid shape (176, 169) or empty file for subject 51013 at regions/51013_timeseries.txt. Skipping.
Warning: Invalid shape (176, 169) or empty file for subject 51014 at regions/51014_timeseries.txt. Skipping.
Warning: Invalid shape (176, 169) or empty file for subject 51015 at regions/51015_timeseries.txt. Skipping.
Warning: Invalid shape (176, 169) or empty file for subject 51016 at regions/51016_timeseries.txt. Skipping.
Warning: Invalid shape (176, 169) or empty file for subject 51017 at regions/51017_timeseries.txt. Skipping.
Warning: Invalid shape (176, 169) or empty file for subject 51018 at regions/51018_timeseries.txt. Skipping.
Warning: Invalid shape (176, 169) or empty file for subject 51019 at regions/51019_timeseries.txt. Skipping.
Warning: Invalid shape (176, 169) or empty file for subject 51020 at regions/51020_timeseries.txt. Skipping.
Warning: Invalid shape (176, 169) or empty file for subject 51021 at regions/51021_timeseries.txt. Skipping.
Warning: Invalid shape (176, 169) or empty file for subject 51024 at regions/51024_timeseries.txt. Skipping.
Warning: Invalid shape (176, 169) or empty file for subject 51025 at regions/51025_timeseries.txt. Skipping.
Warning: Invalid shape (176, 169) or empty file for subject 51026 at regions/51026_timeseries.txt. Skipping.
Warning: Invalid shape (176, 169) or empty file for subject 51027 at regions/51027_timeseries.txt. Skipping.
Warning: Invalid shape (176, 169) or empty file for subject 51028 at regions/51028_timeseries.txt. Skipping.
Warning: Invalid shape (176, 169) or empty file for subject 51030 at regions/51030_timeseries.txt. Skipping.
Warning: Invalid shape (176, 169) or empty file for subject 51032 at regions/51032_timeseries.txt. Skipping.
Warning: Invalid shape (176, 169) or empty file for subject 51033 at regions/51033_timeseries.txt. Skipping.
Warning: Invalid shape (176, 169) or empty file for subject 51034 at regions/51034_timeseries.txt. Skipping.
Warning: Invalid shape (176, 169) or empty file for subject 51035 at regions/51035_timeseries.txt. Skipping.
Warning: Invalid shape (176, 169) or empty file for subject 51036 at regions/51036_timeseries.txt. Skipping.
Warning: Invalid shape (176, 169) or empty file for subject 51038 at regions/51038_timeseries.txt. Skipping.
Warning: Invalid shape (176, 169) or empty file for subject 51039 at regions/51039_timeseries.txt. Skipping.
Warning: Invalid shape (176, 169) or empty file for subject 51040 at regions/51040_timeseries.txt. Skipping.
Warning: Invalid shape (176, 169) or empty file for subject 51041 at regions/51041_timeseries.txt. Skipping.
Warning: Invalid shape (176, 169) or empty file for subject 51042 at regions/51042_timeseries.txt. Skipping.
Warning: Invalid shape (176, 169) or empty file for subject 51044 at regions/51044_timeseries.txt. Skipping.
Warning: Invalid shape (176, 169) or empty file for subject 51045 at regions/51045_timeseries.txt. Skipping.
Warning: Invalid shape (176, 169) or empty file for subject 51046 at regions/51046_timeseries.txt. Skipping.
Warning: Invalid shape (176, 169) or empty file for subject 51048 at regions/51048_timeseries.txt. Skipping.
Warning: Invalid shape (176, 169) or empty file for subject 51049 at regions/51049_timeseries.txt. Skipping.
Warning: Invalid shape (176, 169) or empty file for subject 51050 at regions/51050_timeseries.txt. Skipping.
Warning: Invalid shape (176, 169) or empty file for subject 51051 at regions/51051_timeseries.txt. Skipping.
Warning: Invalid shape (176, 169) or empty file for subject 51052 at regions/51052_timeseries.txt. Skipping.
Warning: Invalid shape (176, 169) or empty file for subject 51053 at regions/51053_timeseries.txt. Skipping.
Warning: Invalid shape (176, 169) or empty file for subject 51054 at regions/51054_timeseries.txt. Skipping.
Warning: Invalid shape (176, 169) or empty file for subject 51055 at regions/51055_timeseries.txt. Skipping.
Warning: Invalid shape (176, 169) or empty file for subject 51056 at regions/51056_timeseries.txt. Skipping.
Warning: Invalid shape (176, 169) or empty file for subject 51057 at regions/51057_timeseries.txt. Skipping.
Warning: Invalid shape (176, 169) or empty file for subject 51058 at regions/51058_timeseries.txt. Skipping.
Warning: Invalid shape (176, 169) or empty file for subject 51059 at regions/51059_timeseries.txt. Skipping.
Warning: Invalid shape (176, 169) or empty file for subject 51060 at regions/51060_timeseries.txt. Skipping.
Warning: Invalid shape (176, 169) or empty file for subject 51061 at regions/51061_timeseries.txt. Skipping.
Warning: Invalid shape (176, 169) or empty file for subject 51062 at regions/51062_timeseries.txt. Skipping.
Warning: Invalid shape (176, 169) or empty file for subject 51063 at regions/51063_timeseries.txt. Skipping.
Warning: Invalid shape (176, 169) or empty file for subject 51064 at regions/51064_timeseries.txt. Skipping.
Warning: Invalid shape (176, 169) or empty file for subject 51065 at regions/51065_timeseries.txt. Skipping.
Warning: Invalid shape (176, 169) or empty file for subject 51067 at regions/51067_timeseries.txt. Skipping.
Warning: Invalid shape (176, 169) or empty file for subject 51068 at regions/51068_timeseries.txt. Skipping.
Warning: Invalid shape (176, 169) or empty file for subject 51069 at regions/51069_timeseries.txt. Skipping.
Warning: Invalid shape (176, 169) or empty file for subject 51070 at regions/51070_timeseries.txt. Skipping.
Warning: Invalid shape (176, 169) or empty file for subject 51072 at regions/51072_timeseries.txt. Skipping.
Warning: Invalid shape (176, 169) or empty file for subject 51073 at regions/51073_timeseries.txt. Skipping.
Warning: Invalid shape (176, 169) or empty file for subject 51076 at regions/51076_timeseries.txt. Skipping.
Warning: Invalid shape (176, 169) or empty file for subject 51077 at regions/51077_timeseries.txt. Skipping.
Warning: Invalid shape (176, 169) or empty file for subject 51078 at regions/51078_timeseries.txt. Skipping.
Warning: Invalid shape (176, 169) or empty file for subject 51079 at regions/51079_timeseries.txt. Skipping.
Warning: Invalid shape (176, 169) or empty file for subject 51080 at regions/51080_timeseries.txt. Skipping.
Warning: Invalid shape (176, 169) or empty file for subject 51081 at regions/51081_timeseries.txt. Skipping.
Warning: Invalid shape (176, 169) or empty file for subject 51082 at regions/51082_timeseries.txt. Skipping.
Warning: Invalid shape (176, 169) or empty file for subject 51083 at regions/51083_timeseries.txt. Skipping.
Warning: Invalid shape (176, 169) or empty file for subject 51085 at regions/51085_timeseries.txt. Skipping.
Warning: Invalid shape (176, 169) or empty file for subject 51086 at regions/51086_timeseries.txt. Skipping.
Warning: Invalid shape (176, 169) or empty file for subject 51087 at regions/51087_timeseries.txt. Skipping.
Warning: Invalid shape (176, 169) or empty file for subject 51088 at regions/51088_timeseries.txt. Skipping.
Warning: Invalid shape (176, 169) or empty file for subject 51090 at regions/51090_timeseries.txt. Skipping.
Warning: Invalid shape (176, 169) or empty file for subject 51091 at regions/51091_timeseries.txt. Skipping.
Warning: Invalid shape (176, 169) or empty file for subject 51094 at regions/51094_timeseries.txt. Skipping.
Warning: Invalid shape (176, 169) or empty file for subject 51095 at regions/51095_timeseries.txt. Skipping.
Warning: Invalid shape (176, 169) or empty file for subject 51096 at regions/51096_timeseries.txt. Skipping.
Warning: Invalid shape (176, 169) or empty file for subject 51098 at regions/51098_timeseries.txt. Skipping.
Warning: Invalid shape (176, 169) or empty file for subject 51099 at regions/51099_timeseries.txt. Skipping.
Warning: Invalid shape (176, 169) or empty file for subject 51100 at regions/51100_timeseries.txt. Skipping.
Warning: Invalid shape (176, 169) or empty file for subject 51101 at regions/51101_timeseries.txt. Skipping.
Warning: Invalid shape (176, 169) or empty file for subject 51102 at regions/51102_timeseries.txt. Skipping.
Warning: Invalid shape (176, 169) or empty file for subject 51103 at regions/51103_timeseries.txt. Skipping.
Warning: Invalid shape (176, 169) or empty file for subject 51104 at regions/51104_timeseries.txt. Skipping.
Warning: Invalid shape (176, 169) or empty file for subject 51105 at regions/51105_timeseries.txt. Skipping.
Warning: Invalid shape (176, 169) or empty file for subject 51106 at regions/51106_timeseries.txt. Skipping.
Warning: Invalid shape (176, 169) or empty file for subject 51107 at regions/51107_timeseries.txt. Skipping.
Warning: Invalid shape (176, 169) or empty file for subject 51109 at regions/51109_timeseries.txt. Skipping.
Warning: Invalid shape (176, 169) or empty file for subject 51110 at regions/51110_timeseries.txt. Skipping.
Warning: Invalid shape (176, 169) or empty file for subject 51111 at regions/51111_timeseries.txt. Skipping.
Warning: Invalid shape (176, 169) or empty file for subject 51112 at regions/51112_timeseries.txt. Skipping.
Warning: Invalid shape (176, 169) or empty file for subject 51113 at regions/51113_timeseries.txt. Skipping.
Warning: Invalid shape (176, 169) or empty file for subject 51114 at regions/51114_timeseries.txt. Skipping.
Warning: Invalid shape (176, 169) or empty file for subject 51116 at regions/51116_timeseries.txt. Skipping.
Warning: Invalid shape (176, 169) or empty file for subject 51117 at regions/51117_timeseries.txt. Skipping.
Warning: Invalid shape (176, 169) or empty file for subject 51118 at regions/51118_timeseries.txt. Skipping.
Warning: Invalid shape (176, 169) or empty file for subject 51122 at regions/51122_timeseries.txt. Skipping.
Warning: Invalid shape (176, 169) or empty file for subject 51123 at regions/51123_timeseries.txt. Skipping.
Warning: Invalid shape (176, 169) or empty file for subject 51124 at regions/51124_timeseries.txt. Skipping.
Warning: Invalid shape (176, 169) or empty file for subject 51127 at regions/51127_timeseries.txt. Skipping.
Warning: Invalid shape (176, 169) or empty file for subject 51128 at regions/51128_timeseries.txt. Skipping.
Warning: Invalid shape (176, 169) or empty file for subject 51129 at regions/51129_timeseries.txt. Skipping.
Warning: Invalid shape (176, 169) or empty file for subject 51130 at regions/51130_timeseries.txt. Skipping.
Warning: Invalid shape (176, 169) or empty file for subject 51131 at regions/51131_timeseries.txt. Skipping.
Warning: Invalid shape (146, 169) or empty file for subject 51132 at regions/51132_timeseries.txt. Skipping.
Warning: Invalid shape (146, 169) or empty file for subject 51133 at regions/51133_timeseries.txt. Skipping.
Warning: Invalid shape (146, 169) or empty file for subject 51134 at regions/51134_timeseries.txt. Skipping.
Warning: Invalid shape (146, 169) or empty file for subject 51135 at regions/51135_timeseries.txt. Skipping.
Warning: Invalid shape (146, 169) or empty file for subject 51136 at regions/51136_timeseries.txt. Skipping.
Warning: Invalid shape (146, 169) or empty file for subject 51137 at regions/51137_timeseries.txt. Skipping.
Warning: Invalid shape (146, 169) or empty file for subject 51138 at regions/51138_timeseries.txt. Skipping.
Warning: Invalid shape (146, 169) or empty file for subject 51140 at regions/51140_timeseries.txt. Skipping.
Warning: Invalid shape (146, 169) or empty file for subject 51141 at regions/51141_timeseries.txt. Skipping.
Warning: Invalid shape (146, 169) or empty file for subject 51142 at regions/51142_timeseries.txt. Skipping.
Warning: Invalid shape (176, 169) or empty file for subject 51146 at regions/51146_timeseries.txt. Skipping.
Warning: Invalid shape (176, 169) or empty file for subject 51147 at regions/51147_timeseries.txt. Skipping.
Warning: Invalid shape (176, 169) or empty file for subject 51148 at regions/51148_timeseries.txt. Skipping.
Warning: Invalid shape (176, 169) or empty file for subject 51149 at regions/51149_timeseries.txt. Skipping.
Warning: Invalid shape (176, 169) or empty file for subject 51150 at regions/51150_timeseries.txt. Skipping.
Warning: Invalid shape (176, 169) or empty file for subject 51152 at regions/51152_timeseries.txt. Skipping.
Warning: Invalid shape (176, 169) or empty file for subject 51153 at regions/51153_timeseries.txt. Skipping.
Warning: Invalid shape (176, 169) or empty file for subject 51154 at regions/51154_timeseries.txt. Skipping.
Warning: Invalid shape (176, 169) or empty file for subject 51155 at regions/51155_timeseries.txt. Skipping.
Warning: Invalid shape (176, 169) or empty file for subject 51156 at regions/51156_timeseries.txt. Skipping.
Warning: Invalid shape (176, 169) or empty file for subject 51159 at regions/51159_timeseries.txt. Skipping.
Warning: Invalid shape (176, 169) or empty file for subject 51161 at regions/51161_timeseries.txt. Skipping.
Warning: Invalid shape (176, 169) or empty file for subject 51162 at regions/51162_timeseries.txt. Skipping.
Warning: Invalid shape (176, 169) or empty file for subject 51163 at regions/51163_timeseries.txt. Skipping.
Warning: Invalid shape (176, 169) or empty file for subject 51164 at regions/51164_timeseries.txt. Skipping.
Warning: Invalid shape (176, 169) or empty file for subject 51168 at regions/51168_timeseries.txt. Skipping.
Warning: Invalid shape (176, 169) or empty file for subject 51169 at regions/51169_timeseries.txt. Skipping.
Warning: Invalid shape (176, 169) or empty file for subject 51170 at regions/51170_timeseries.txt. Skipping.
Warning: Invalid shape (176, 169) or empty file for subject 51171 at regions/51171_timeseries.txt. Skipping.
Warning: Invalid shape (176, 169) or empty file for subject 51173 at regions/51173_timeseries.txt. Skipping.
Warning: Invalid shape (176, 169) or empty file for subject 51177 at regions/51177_timeseries.txt. Skipping.
Warning: Invalid shape (176, 169) or empty file for subject 51178 at regions/51178_timeseries.txt. Skipping.
Warning: Invalid shape (236, 169) or empty file for subject 51180 at regions/51180_timeseries.txt. Skipping.
Warning: Invalid shape (236, 169) or empty file for subject 51181 at regions/51181_timeseries.txt. Skipping.
Warning: Invalid shape (236, 169) or empty file for subject 51182 at regions/51182_timeseries.txt. Skipping.
Warning: Invalid shape (236, 169) or empty file for subject 51183 at regions/51183_timeseries.txt. Skipping.
Warning: Invalid shape (236, 169) or empty file for subject 51184 at regions/51184_timeseries.txt. Skipping.
Warning: Invalid shape (236, 169) or empty file for subject 51185 at regions/51185_timeseries.txt. Skipping.
Warning: Invalid shape (236, 169) or empty file for subject 51187 at regions/51187_timeseries.txt. Skipping.
Warning: Invalid shape (236, 169) or empty file for subject 51188 at regions/51188_timeseries.txt. Skipping.
Warning: Invalid shape (236, 169) or empty file for subject 51189 at regions/51189_timeseries.txt. Skipping.
Warning: Invalid shape (236, 169) or empty file for subject 51192 at regions/51192_timeseries.txt. Skipping.
Warning: Invalid shape (236, 169) or empty file for subject 51194 at regions/51194_timeseries.txt. Skipping.
Warning: Invalid shape (236, 169) or empty file for subject 51197 at regions/51197_timeseries.txt. Skipping.
Warning: Invalid shape (236, 169) or empty file for subject 51198 at regions/51198_timeseries.txt. Skipping.
Warning: Invalid shape (116, 169) or empty file for subject 51201 at regions/51201_timeseries.txt. Skipping.
Warning: Invalid shape (116, 169) or empty file for subject 51202 at regions/51202_timeseries.txt. Skipping.
Warning: Invalid shape (116, 169) or empty file for subject 51203 at regions/51203_timeseries.txt. Skipping.
Warning: Invalid shape (116, 169) or empty file for subject 51204 at regions/51204_timeseries.txt. Skipping.
Warning: Invalid shape (116, 169) or empty file for subject 51205 at regions/51205_timeseries.txt. Skipping.
Warning: Invalid shape (116, 169) or empty file for subject 51206 at regions/51206_timeseries.txt. Skipping.
Warning: Invalid shape (116, 169) or empty file for subject 51208 at regions/51208_timeseries.txt. Skipping.
Warning: Invalid shape (116, 169) or empty file for subject 51210 at regions/51210_timeseries.txt. Skipping.
Warning: Invalid shape (116, 169) or empty file for subject 51211 at regions/51211_timeseries.txt. Skipping.
Warning: Invalid shape (116, 169) or empty file for subject 51214 at regions/51214_timeseries.txt. Skipping.
Warning: Invalid shape (116, 169) or empty file for subject 51215 at regions/51215_timeseries.txt. Skipping.
Warning: Invalid shape (116, 169) or empty file for subject 51216 at regions/51216_timeseries.txt. Skipping.
Warning: Invalid shape (116, 169) or empty file for subject 51217 at regions/51217_timeseries.txt. Skipping.
Warning: Invalid shape (116, 169) or empty file for subject 51218 at regions/51218_timeseries.txt. Skipping.
Warning: Invalid shape (116, 169) or empty file for subject 51219 at regions/51219_timeseries.txt. Skipping.
Warning: Invalid shape (116, 169) or empty file for subject 51221 at regions/51221_timeseries.txt. Skipping.
Warning: Invalid shape (116, 169) or empty file for subject 51222 at regions/51222_timeseries.txt. Skipping.
Warning: Invalid shape (116, 169) or empty file for subject 51223 at regions/51223_timeseries.txt. Skipping.
Warning: Invalid shape (116, 169) or empty file for subject 51224 at regions/51224_timeseries.txt. Skipping.
Warning: Invalid shape (116, 169) or empty file for subject 51225 at regions/51225_timeseries.txt. Skipping.
Warning: Invalid shape (116, 169) or empty file for subject 51226 at regions/51226_timeseries.txt. Skipping.
Warning: Invalid shape (116, 169) or empty file for subject 51228 at regions/51228_timeseries.txt. Skipping.
Warning: Invalid shape (116, 169) or empty file for subject 51230 at regions/51230_timeseries.txt. Skipping.
Warning: Invalid shape (116, 169) or empty file for subject 51231 at regions/51231_timeseries.txt. Skipping.
Warning: Invalid shape (116, 169) or empty file for subject 51234 at regions/51234_timeseries.txt. Skipping.
Warning: Invalid shape (116, 169) or empty file for subject 51235 at regions/51235_timeseries.txt. Skipping.
Warning: Invalid shape (116, 169) or empty file for subject 51237 at regions/51237_timeseries.txt. Skipping.
Warning: Invalid shape (116, 169) or empty file for subject 51239 at regions/51239_timeseries.txt. Skipping.
Warning: Invalid shape (116, 169) or empty file for subject 51240 at regions/51240_timeseries.txt. Skipping.
Warning: Invalid shape (116, 169) or empty file for subject 51241 at regions/51241_timeseries.txt. Skipping.
Warning: Invalid shape (116, 169) or empty file for subject 51249 at regions/51249_timeseries.txt. Skipping.
Warning: Invalid shape (116, 169) or empty file for subject 51250 at regions/51250_timeseries.txt. Skipping.
Warning: Invalid shape (116, 169) or empty file for subject 51251 at regions/51251_timeseries.txt. Skipping.
Warning: Invalid shape (116, 169) or empty file for subject 51252 at regions/51252_timeseries.txt. Skipping.
Warning: Invalid shape (116, 169) or empty file for subject 51253 at regions/51253_timeseries.txt. Skipping.
Warning: Invalid shape (116, 169) or empty file for subject 51254 at regions/51254_timeseries.txt. Skipping.
Warning: Invalid shape (116, 169) or empty file for subject 51256 at regions/51256_timeseries.txt. Skipping.
Warning: Invalid shape (116, 169) or empty file for subject 51257 at regions/51257_timeseries.txt. Skipping.
Warning: Invalid shape (116, 169) or empty file for subject 51260 at regions/51260_timeseries.txt. Skipping.
Warning: Invalid shape (116, 169) or empty file for subject 51261 at regions/51261_timeseries.txt. Skipping.
Warning: Invalid shape (116, 169) or empty file for subject 51262 at regions/51262_timeseries.txt. Skipping.
Warning: Invalid shape (116, 169) or empty file for subject 51264 at regions/51264_timeseries.txt. Skipping.
Warning: Invalid shape (116, 169) or empty file for subject 51265 at regions/51265_timeseries.txt. Skipping.
Warning: Invalid shape (116, 169) or empty file for subject 51267 at regions/51267_timeseries.txt. Skipping.
Warning: Invalid shape (116, 169) or empty file for subject 51268 at regions/51268_timeseries.txt. Skipping.
Warning: Invalid shape (116, 169) or empty file for subject 51269 at regions/51269_timeseries.txt. Skipping.
Warning: Invalid shape (116, 169) or empty file for subject 51271 at regions/51271_timeseries.txt. Skipping.
Warning: Invalid shape (116, 169) or empty file for subject 51272 at regions/51272_timeseries.txt. Skipping.
Warning: Invalid shape (116, 169) or empty file for subject 51273 at regions/51273_timeseries.txt. Skipping.
Warning: Invalid shape (116, 169) or empty file for subject 51275 at regions/51275_timeseries.txt. Skipping.
Warning: Invalid shape (116, 169) or empty file for subject 51276 at regions/51276_timeseries.txt. Skipping.
Warning: Invalid shape (116, 169) or empty file for subject 51277 at regions/51277_timeseries.txt. Skipping.
Warning: Invalid shape (116, 169) or empty file for subject 51278 at regions/51278_timeseries.txt. Skipping.
Warning: Invalid shape (116, 169) or empty file for subject 51280 at regions/51280_timeseries.txt. Skipping.
Warning: Invalid shape (116, 169) or empty file for subject 51281 at regions/51281_timeseries.txt. Skipping.
Warning: Invalid shape (116, 169) or empty file for subject 51291 at regions/51291_timeseries.txt. Skipping.
Warning: Invalid shape (116, 169) or empty file for subject 51292 at regions/51292_timeseries.txt. Skipping.
Warning: Invalid shape (116, 169) or empty file for subject 51293 at regions/51293_timeseries.txt. Skipping.
Warning: Invalid shape (116, 169) or empty file for subject 51294 at regions/51294_timeseries.txt. Skipping.
Warning: Invalid shape (116, 169) or empty file for subject 51295 at regions/51295_timeseries.txt. Skipping.
Warning: Invalid shape (116, 169) or empty file for subject 51297 at regions/51297_timeseries.txt. Skipping.
Warning: Invalid shape (116, 169) or empty file for subject 51299 at regions/51299_timeseries.txt. Skipping.
Warning: Invalid shape (116, 169) or empty file for subject 51300 at regions/51300_timeseries.txt. Skipping.
Warning: Invalid shape (116, 169) or empty file for subject 51301 at regions/51301_timeseries.txt. Skipping.
Warning: Invalid shape (116, 169) or empty file for subject 51302 at regions/51302_timeseries.txt. Skipping.
Warning: Invalid shape (116, 169) or empty file for subject 51303 at regions/51303_timeseries.txt. Skipping.
Warning: Invalid shape (116, 169) or empty file for subject 51304 at regions/51304_timeseries.txt. Skipping.
Warning: Invalid shape (116, 169) or empty file for subject 51305 at regions/51305_timeseries.txt. Skipping.
Warning: Invalid shape (116, 169) or empty file for subject 51306 at regions/51306_timeseries.txt. Skipping.
Warning: Invalid shape (116, 169) or empty file for subject 51307 at regions/51307_timeseries.txt. Skipping.
Warning: Invalid shape (116, 169) or empty file for subject 51308 at regions/51308_timeseries.txt. Skipping.
Warning: Invalid shape (116, 169) or empty file for subject 51309 at regions/51309_timeseries.txt. Skipping.
Warning: Invalid shape (116, 169) or empty file for subject 51311 at regions/51311_timeseries.txt. Skipping.
Warning: Invalid shape (116, 169) or empty file for subject 51313 at regions/51313_timeseries.txt. Skipping.
Warning: Invalid shape (116, 169) or empty file for subject 51315 at regions/51315_timeseries.txt. Skipping.
Warning: Invalid shape (116, 169) or empty file for subject 51318 at regions/51318_timeseries.txt. Skipping.
Warning: Invalid shape (116, 169) or empty file for subject 51319 at regions/51319_timeseries.txt. Skipping.
Warning: Invalid shape (116, 169) or empty file for subject 51320 at regions/51320_timeseries.txt. Skipping.
Warning: Invalid shape (116, 169) or empty file for subject 51321 at regions/51321_timeseries.txt. Skipping.
Warning: Invalid shape (116, 169) or empty file for subject 51322 at regions/51322_timeseries.txt. Skipping.
Warning: Invalid shape (116, 169) or empty file for subject 51323 at regions/51323_timeseries.txt. Skipping.
Warning: Invalid shape (116, 169) or empty file for subject 51325 at regions/51325_timeseries.txt. Skipping.
Warning: Invalid shape (116, 169) or empty file for subject 51326 at regions/51326_timeseries.txt. Skipping.
Warning: Invalid shape (116, 169) or empty file for subject 51328 at regions/51328_timeseries.txt. Skipping.
Warning: Invalid shape (196, 169) or empty file for subject 51329 at regions/51329_timeseries.txt. Skipping.
Warning: Invalid shape (196, 169) or empty file for subject 51330 at regions/51330_timeseries.txt. Skipping.
Warning: Invalid shape (116, 169) or empty file for subject 51332 at regions/51332_timeseries.txt. Skipping.
Warning: Invalid shape (116, 169) or empty file for subject 51333 at regions/51333_timeseries.txt. Skipping.
Warning: Invalid shape (116, 169) or empty file for subject 51334 at regions/51334_timeseries.txt. Skipping.
Warning: Invalid shape (116, 169) or empty file for subject 51335 at regions/51335_timeseries.txt. Skipping.
Warning: Invalid shape (116, 169) or empty file for subject 51336 at regions/51336_timeseries.txt. Skipping.
Warning: Invalid shape (116, 169) or empty file for subject 51338 at regions/51338_timeseries.txt. Skipping.
Warning: Invalid shape (116, 169) or empty file for subject 51339 at regions/51339_timeseries.txt. Skipping.
Warning: Invalid shape (116, 169) or empty file for subject 51340 at regions/51340_timeseries.txt. Skipping.
Warning: Invalid shape (116, 169) or empty file for subject 51342 at regions/51342_timeseries.txt. Skipping.
Warning: Invalid shape (116, 169) or empty file for subject 51343 at regions/51343_timeseries.txt. Skipping.
Warning: Invalid shape (116, 169) or empty file for subject 51344 at regions/51344_timeseries.txt. Skipping.
Warning: Invalid shape (116, 169) or empty file for subject 51345 at regions/51345_timeseries.txt. Skipping.
Warning: Invalid shape (116, 169) or empty file for subject 51346 at regions/51346_timeseries.txt. Skipping.
Warning: Invalid shape (116, 169) or empty file for subject 51347 at regions/51347_timeseries.txt. Skipping.
Warning: Invalid shape (196, 169) or empty file for subject 51349 at regions/51349_timeseries.txt. Skipping.
Warning: Invalid shape (196, 169) or empty file for subject 51350 at regions/51350_timeseries.txt. Skipping.
Warning: Invalid shape (196, 169) or empty file for subject 51351 at regions/51351_timeseries.txt. Skipping.
Warning: Invalid shape (196, 169) or empty file for subject 51356 at regions/51356_timeseries.txt. Skipping.
Warning: Invalid shape (196, 169) or empty file for subject 51357 at regions/51357_timeseries.txt. Skipping.
Warning: Invalid shape (196, 169) or empty file for subject 51359 at regions/51359_timeseries.txt. Skipping.
Warning: Invalid shape (196, 169) or empty file for subject 51361 at regions/51361_timeseries.txt. Skipping.
Warning: Invalid shape (116, 169) or empty file for subject 51362 at regions/51362_timeseries.txt. Skipping.
Warning: Invalid shape (116, 169) or empty file for subject 51363 at regions/51363_timeseries.txt. Skipping.
Warning: Invalid shape (116, 169) or empty file for subject 51364 at regions/51364_timeseries.txt. Skipping.
Warning: Invalid shape (116, 169) or empty file for subject 51365 at regions/51365_timeseries.txt. Skipping.
Warning: Invalid shape (116, 169) or empty file for subject 51369 at regions/51369_timeseries.txt. Skipping.
Warning: Invalid shape (116, 169) or empty file for subject 51373 at regions/51373_timeseries.txt. Skipping.
Warning: Invalid shape (146, 169) or empty file for subject 51461 at regions/51461_timeseries.txt. Skipping.
Warning: Invalid shape (146, 169) or empty file for subject 51463 at regions/51463_timeseries.txt. Skipping.
Warning: Invalid shape (146, 169) or empty file for subject 51464 at regions/51464_timeseries.txt. Skipping.
Warning: Invalid shape (146, 169) or empty file for subject 51465 at regions/51465_timeseries.txt. Skipping.
Warning: Invalid shape (146, 169) or empty file for subject 51473 at regions/51473_timeseries.txt. Skipping.
Warning: Invalid shape (146, 169) or empty file for subject 51477 at regions/51477_timeseries.txt. Skipping.
Warning: Invalid shape (146, 169) or empty file for subject 51479 at regions/51479_timeseries.txt. Skipping.
Warning: Invalid shape (146, 169) or empty file for subject 51480 at regions/51480_timeseries.txt. Skipping.
Warning: Invalid shape (146, 169) or empty file for subject 51481 at regions/51481_timeseries.txt. Skipping.
Warning: Invalid shape (146, 169) or empty file for subject 51482 at regions/51482_timeseries.txt. Skipping.
Warning: Invalid shape (146, 169) or empty file for subject 51484 at regions/51484_timeseries.txt. Skipping.
Warning: Invalid shape (146, 169) or empty file for subject 51487 at regions/51487_timeseries.txt. Skipping.
Warning: Invalid shape (146, 169) or empty file for subject 51488 at regions/51488_timeseries.txt. Skipping.
Warning: Invalid shape (146, 169) or empty file for subject 51493 at regions/51493_timeseries.txt. Skipping.
Warning: Invalid shape (196, 169) or empty file for subject 51557 at regions/51557_timeseries.txt. Skipping.
Warning: Invalid shape (196, 169) or empty file for subject 51558 at regions/51558_timeseries.txt. Skipping.
Warning: Invalid shape (196, 169) or empty file for subject 51559 at regions/51559_timeseries.txt. Skipping.
Warning: Invalid shape (196, 169) or empty file for subject 51560 at regions/51560_timeseries.txt. Skipping.
Warning: Invalid shape (196, 169) or empty file for subject 51562 at regions/51562_timeseries.txt. Skipping.
Warning: Invalid shape (196, 169) or empty file for subject 51563 at regions/51563_timeseries.txt. Skipping.
Warning: Invalid shape (196, 169) or empty file for subject 51564 at regions/51564_timeseries.txt. Skipping.
Warning: Invalid shape (196, 169) or empty file for subject 51565 at regions/51565_timeseries.txt. Skipping.
Warning: Invalid shape (196, 169) or empty file for subject 51566 at regions/51566_timeseries.txt. Skipping.
Warning: Invalid shape (196, 169) or empty file for subject 51567 at regions/51567_timeseries.txt. Skipping.
Warning: Invalid shape (196, 169) or empty file for subject 51568 at regions/51568_timeseries.txt. Skipping.
Warning: Invalid shape (196, 169) or empty file for subject 51569 at regions/51569_timeseries.txt. Skipping.
Warning: Invalid shape (196, 169) or empty file for subject 51570 at regions/51570_timeseries.txt. Skipping.
Warning: Invalid shape (196, 169) or empty file for subject 51572 at regions/51572_timeseries.txt. Skipping.
Warning: Invalid shape (196, 169) or empty file for subject 51573 at regions/51573_timeseries.txt. Skipping.
Warning: Invalid shape (196, 169) or empty file for subject 51574 at regions/51574_timeseries.txt. Skipping.
Warning: Invalid shape (196, 169) or empty file for subject 51576 at regions/51576_timeseries.txt. Skipping.
Warning: Invalid shape (196, 169) or empty file for subject 51577 at regions/51577_timeseries.txt. Skipping.
Warning: Invalid shape (196, 169) or empty file for subject 51578 at regions/51578_timeseries.txt. Skipping.
Warning: Invalid shape (196, 169) or empty file for subject 51579 at regions/51579_timeseries.txt. Skipping.
Warning: Invalid shape (196, 169) or empty file for subject 51580 at regions/51580_timeseries.txt. Skipping.
Warning: Invalid shape (196, 169) or empty file for subject 51582 at regions/51582_timeseries.txt. Skipping.
Warning: Invalid shape (196, 169) or empty file for subject 51583 at regions/51583_timeseries.txt. Skipping.
Warning: Invalid shape (196, 169) or empty file for subject 51584 at regions/51584_timeseries.txt. Skipping.
Warning: Invalid shape (116, 169) or empty file for subject 51606 at regions/51606_timeseries.txt. Skipping.
Warning: Invalid shape (116, 169) or empty file for subject 51607 at regions/51607_timeseries.txt. Skipping.
Warning: Invalid shape (196, 169) or empty file for subject 50004 at regions/50004_timeseries.txt. Skipping.
Warning: Invalid shape (196, 169) or empty file for subject 50024 at regions/50024_timeseries.txt. Skipping.
Warning: Invalid shape (196, 169) or empty file for subject 50025 at regions/50025_timeseries.txt. Skipping.
Warning: Invalid shape (196, 169) or empty file for subject 50042 at regions/50042_timeseries.txt. Skipping.
Warning: Invalid shape (206, 169) or empty file for subject 50102 at regions/50102_timeseries.txt. Skipping.
Warning: Invalid shape (206, 169) or empty file for subject 50105 at regions/50105_timeseries.txt. Skipping.
Warning: Invalid shape (206, 169) or empty file for subject 50129 at regions/50129_timeseries.txt. Skipping.
Warning: Invalid shape (78, 169) or empty file for subject 50161 at regions/50161_timeseries.txt. Skipping.
Warning: Invalid shape (78, 169) or empty file for subject 50171 at regions/50171_timeseries.txt. Skipping.
Warning: Invalid shape (176, 169) or empty file for subject 50201 at regions/50201_timeseries.txt. Skipping.
Warning: Invalid shape (146, 169) or empty file for subject 50236 at regions/50236_timeseries.txt. Skipping.
Warning: Invalid shape (146, 169) or empty file for subject 50243 at regions/50243_timeseries.txt. Skipping.
Warning: Invalid shape (146, 169) or empty file for subject 50254 at regions/50254_timeseries.txt. Skipping.
Warning: Invalid shape (146, 169) or empty file for subject 50259 at regions/50259_timeseries.txt. Skipping.
Warning: Invalid shape (146, 169) or empty file for subject 50262 at regions/50262_timeseries.txt. Skipping.
Warning: Invalid shape (146, 169) or empty file for subject 50265 at regions/50265_timeseries.txt. Skipping.
Warning: Invalid shape (146, 169) or empty file for subject 50267 at regions/50267_timeseries.txt. Skipping.
Warning: Invalid shape (146, 169) or empty file for subject 50268 at regions/50268_timeseries.txt. Skipping.
Warning: Invalid shape (146, 169) or empty file for subject 50271 at regions/50271_timeseries.txt. Skipping.
Warning: Invalid shape (296, 169) or empty file for subject 50274 at regions/50274_timeseries.txt. Skipping.
Warning: Invalid shape (296, 169) or empty file for subject 50284 at regions/50284_timeseries.txt. Skipping.
Warning: Invalid shape (296, 169) or empty file for subject 50287 at regions/50287_timeseries.txt. Skipping.
Warning: Invalid shape (296, 169) or empty file for subject 50300 at regions/50300_timeseries.txt. Skipping.
Warning: Invalid shape (296, 169) or empty file for subject 50302 at regions/50302_timeseries.txt. Skipping.
Warning: Invalid shape (296, 169) or empty file for subject 50304 at regions/50304_timeseries.txt. Skipping.
Warning: Invalid shape (296, 169) or empty file for subject 50310 at regions/50310_timeseries.txt. Skipping.
Warning: Invalid shape (296, 169) or empty file for subject 50339 at regions/50339_timeseries.txt. Skipping.
Warning: Invalid shape (296, 169) or empty file for subject 50342 at regions/50342_timeseries.txt. Skipping.
Warning: Invalid shape (296, 169) or empty file for subject 50347 at regions/50347_timeseries.txt. Skipping.
Warning: Invalid shape (296, 169) or empty file for subject 50350 at regions/50350_timeseries.txt. Skipping.
Warning: Invalid shape (296, 169) or empty file for subject 50355 at regions/50355_timeseries.txt. Skipping.
Warning: Invalid shape (296, 169) or empty file for subject 50356 at regions/50356_timeseries.txt. Skipping.
Warning: Invalid shape (296, 169) or empty file for subject 50372 at regions/50372_timeseries.txt. Skipping.
Warning: Invalid shape (296, 169) or empty file for subject 50381 at regions/50381_timeseries.txt. Skipping.
Warning: Invalid shape (296, 169) or empty file for subject 50422 at regions/50422_timeseries.txt. Skipping.
Warning: Invalid shape (236, 169) or empty file for subject 50453 at regions/50453_timeseries.txt. Skipping.
Warning: Invalid shape (236, 169) or empty file for subject 50469 at regions/50469_timeseries.txt. Skipping.
Warning: Invalid shape (236, 169) or empty file for subject 50477 at regions/50477_timeseries.txt. Skipping.
Warning: Invalid shape (236, 169) or empty file for subject 50486 at regions/50486_timeseries.txt. Skipping.
Warning: Invalid shape (236, 169) or empty file for subject 50496 at regions/50496_timeseries.txt. Skipping.
Warning: Invalid shape (246, 169) or empty file for subject 50725 at regions/50725_timeseries.txt. Skipping.
Warning: Invalid shape (246, 169) or empty file for subject 50744 at regions/50744_timeseries.txt. Skipping.
Warning: Invalid shape (246, 169) or empty file for subject 50752 at regions/50752_timeseries.txt. Skipping.
Warning: Invalid shape (246, 169) or empty file for subject 50756 at regions/50756_timeseries.txt. Skipping.
Warning: Invalid shape (152, 169) or empty file for subject 50778 at regions/50778_timeseries.txt. Skipping.
Warning: Invalid shape (124, 169) or empty file for subject 50816 at regions/50816_timeseries.txt. Skipping.
Warning: Invalid shape (152, 169) or empty file for subject 50821 at regions/50821_timeseries.txt. Skipping.
Warning: Invalid shape (176, 169) or empty file for subject 50960 at regions/50960_timeseries.txt. Skipping.
Warning: Invalid shape (176, 169) or empty file for subject 50972 at regions/50972_timeseries.txt. Skipping.
Warning: Invalid shape (176, 169) or empty file for subject 50976 at regions/50976_timeseries.txt. Skipping.
Warning: Invalid shape (176, 169) or empty file for subject 50984 at regions/50984_timeseries.txt. Skipping.
Warning: Invalid shape (176, 169) or empty file for subject 51007 at regions/51007_timeseries.txt. Skipping.
Warning: Invalid shape (176, 169) or empty file for subject 51010 at regions/51010_timeseries.txt. Skipping.
Warning: Invalid shape (176, 169) or empty file for subject 51023 at regions/51023_timeseries.txt. Skipping.
Warning: Invalid shape (176, 169) or empty file for subject 51029 at regions/51029_timeseries.txt. Skipping.
Warning: Invalid shape (176, 169) or empty file for subject 51047 at regions/51047_timeseries.txt. Skipping.
Warning: Invalid shape (176, 169) or empty file for subject 51066 at regions/51066_timeseries.txt. Skipping.
Warning: Invalid shape (176, 169) or empty file for subject 51074 at regions/51074_timeseries.txt. Skipping.
Warning: Invalid shape (176, 169) or empty file for subject 51075 at regions/51075_timeseries.txt. Skipping.
Warning: Invalid shape (176, 169) or empty file for subject 51084 at regions/51084_timeseries.txt. Skipping.
Warning: Invalid shape (176, 169) or empty file for subject 51089 at regions/51089_timeseries.txt. Skipping.
Warning: Invalid shape (176, 169) or empty file for subject 51093 at regions/51093_timeseries.txt. Skipping.
Warning: Invalid shape (176, 169) or empty file for subject 51097 at regions/51097_timeseries.txt. Skipping.
Warning: Invalid shape (176, 169) or empty file for subject 51126 at regions/51126_timeseries.txt. Skipping.
Warning: Invalid shape (146, 169) or empty file for subject 51139 at regions/51139_timeseries.txt. Skipping.
Warning: Invalid shape (176, 169) or empty file for subject 51151 at regions/51151_timeseries.txt. Skipping.
Warning: Invalid shape (176, 169) or empty file for subject 51179 at regions/51179_timeseries.txt. Skipping.
Warning: Invalid shape (116, 169) or empty file for subject 51207 at regions/51207_timeseries.txt. Skipping.
Warning: Invalid shape (116, 169) or empty file for subject 51212 at regions/51212_timeseries.txt. Skipping.
Warning: Invalid shape (116, 169) or empty file for subject 51220 at regions/51220_timeseries.txt. Skipping.
Warning: Invalid shape (116, 169) or empty file for subject 51229 at regions/51229_timeseries.txt. Skipping.
Warning: Invalid shape (116, 169) or empty file for subject 51236 at regions/51236_timeseries.txt. Skipping.
Warning: Invalid shape (116, 169) or empty file for subject 51248 at regions/51248_timeseries.txt. Skipping.
Warning: Invalid shape (116, 169) or empty file for subject 51255 at regions/51255_timeseries.txt. Skipping.
Warning: Invalid shape (116, 169) or empty file for subject 51266 at regions/51266_timeseries.txt. Skipping.
Warning: Invalid shape (116, 169) or empty file for subject 51279 at regions/51279_timeseries.txt. Skipping.
Warning: Invalid shape (116, 169) or empty file for subject 51298 at regions/51298_timeseries.txt. Skipping.
Warning: Invalid shape (116, 169) or empty file for subject 51327 at regions/51327_timeseries.txt. Skipping.
Warning: Invalid shape (196, 169) or empty file for subject 51331 at regions/51331_timeseries.txt. Skipping.
Warning: Invalid shape (116, 169) or empty file for subject 51341 at regions/51341_timeseries.txt. Skipping.
Warning: Invalid shape (196, 169) or empty file for subject 51354 at regions/51354_timeseries.txt. Skipping.
Warning: Invalid shape (196, 169) or empty file for subject 51360 at regions/51360_timeseries.txt. Skipping.
Warning: Invalid shape (116, 169) or empty file for subject 51370 at regions/51370_timeseries.txt. Skipping.
Warning: Invalid shape (146, 169) or empty file for subject 51491 at regions/51491_timeseries.txt. Skipping.
Warning: Invalid shape (196, 169) or empty file for subject 51556 at regions/51556_timeseries.txt. Skipping.
Warning: Invalid shape (196, 169) or empty file for subject 51585 at regions/51585_timeseries.txt. Skipping.
Error: No time series could be loaded successfully for this fold.
Critical Error: Could not load/pad time series for Fold 7. Skipping fold.

--- Fold 8/10 ---
Loading time series for 866 subjects in fold...
Warning: Invalid shape (196, 169) or empty file for subject 50004 at regions/50004_timeseries.txt. Skipping.
Warning: Invalid shape (196, 169) or empty file for subject 50005 at regions/50005_timeseries.txt. Skipping.
Warning: Invalid shape (196, 169) or empty file for subject 50006 at regions/50006_timeseries.txt. Skipping.
Warning: Invalid shape (196, 169) or empty file for subject 50007 at regions/50007_timeseries.txt. Skipping.
Warning: Invalid shape (196, 169) or empty file for subject 50008 at regions/50008_timeseries.txt. Skipping.
Warning: Invalid shape (196, 169) or empty file for subject 50010 at regions/50010_timeseries.txt. Skipping.
Warning: Invalid shape (196, 169) or empty file for subject 50011 at regions/50011_timeseries.txt. Skipping.
Warning: Invalid shape (196, 169) or empty file for subject 50012 at regions/50012_timeseries.txt. Skipping.
Warning: Invalid shape (196, 169) or empty file for subject 50013 at regions/50013_timeseries.txt. Skipping.
Warning: Invalid shape (196, 169) or empty file for subject 50014 at regions/50014_timeseries.txt. Skipping.
Warning: Invalid shape (196, 169) or empty file for subject 50015 at regions/50015_timeseries.txt. Skipping.
Warning: Invalid shape (196, 169) or empty file for subject 50016 at regions/50016_timeseries.txt. Skipping.
Warning: Invalid shape (196, 169) or empty file for subject 50020 at regions/50020_timeseries.txt. Skipping.
Warning: Invalid shape (196, 169) or empty file for subject 50022 at regions/50022_timeseries.txt. Skipping.
Warning: Invalid shape (196, 169) or empty file for subject 50023 at regions/50023_timeseries.txt. Skipping.
Warning: Invalid shape (196, 169) or empty file for subject 50024 at regions/50024_timeseries.txt. Skipping.
Warning: Invalid shape (196, 169) or empty file for subject 50025 at regions/50025_timeseries.txt. Skipping.
Warning: Invalid shape (196, 169) or empty file for subject 50026 at regions/50026_timeseries.txt. Skipping.
Warning: Invalid shape (196, 169) or empty file for subject 50027 at regions/50027_timeseries.txt. Skipping.
Warning: Invalid shape (196, 169) or empty file for subject 50028 at regions/50028_timeseries.txt. Skipping.
Warning: Invalid shape (196, 169) or empty file for subject 50030 at regions/50030_timeseries.txt. Skipping.
Warning: Invalid shape (196, 169) or empty file for subject 50031 at regions/50031_timeseries.txt. Skipping.
Warning: Invalid shape (196, 169) or empty file for subject 50032 at regions/50032_timeseries.txt. Skipping.
Warning: Invalid shape (196, 169) or empty file for subject 50033 at regions/50033_timeseries.txt. Skipping.
Warning: Invalid shape (196, 169) or empty file for subject 50034 at regions/50034_timeseries.txt. Skipping.
Warning: Invalid shape (196, 169) or empty file for subject 50035 at regions/50035_timeseries.txt. Skipping.
Warning: Invalid shape (196, 169) or empty file for subject 50036 at regions/50036_timeseries.txt. Skipping.
Warning: Invalid shape (196, 169) or empty file for subject 50038 at regions/50038_timeseries.txt. Skipping.
Warning: Invalid shape (196, 169) or empty file for subject 50040 at regions/50040_timeseries.txt. Skipping.
Warning: Invalid shape (196, 169) or empty file for subject 50041 at regions/50041_timeseries.txt. Skipping.
Warning: Invalid shape (196, 169) or empty file for subject 50042 at regions/50042_timeseries.txt. Skipping.
Warning: Invalid shape (196, 169) or empty file for subject 50044 at regions/50044_timeseries.txt. Skipping.
Warning: Invalid shape (196, 169) or empty file for subject 50045 at regions/50045_timeseries.txt. Skipping.
Warning: Invalid shape (196, 169) or empty file for subject 50046 at regions/50046_timeseries.txt. Skipping.
Warning: Invalid shape (196, 169) or empty file for subject 50047 at regions/50047_timeseries.txt. Skipping.
Warning: Invalid shape (196, 169) or empty file for subject 50048 at regions/50048_timeseries.txt. Skipping.
Warning: Invalid shape (196, 169) or empty file for subject 50049 at regions/50049_timeseries.txt. Skipping.
Warning: Invalid shape (196, 169) or empty file for subject 50050 at regions/50050_timeseries.txt. Skipping.
Warning: Invalid shape (196, 169) or empty file for subject 50052 at regions/50052_timeseries.txt. Skipping.
Warning: Invalid shape (196, 169) or empty file for subject 50053 at regions/50053_timeseries.txt. Skipping.
Warning: Invalid shape (196, 169) or empty file for subject 50056 at regions/50056_timeseries.txt. Skipping.
Warning: Invalid shape (196, 169) or empty file for subject 50057 at regions/50057_timeseries.txt. Skipping.
Warning: Invalid shape (196, 169) or empty file for subject 50059 at regions/50059_timeseries.txt. Skipping.
Warning: Invalid shape (196, 169) or empty file for subject 50060 at regions/50060_timeseries.txt. Skipping.
Warning: Invalid shape (206, 169) or empty file for subject 50102 at regions/50102_timeseries.txt. Skipping.
Warning: Invalid shape (206, 169) or empty file for subject 50103 at regions/50103_timeseries.txt. Skipping.
Warning: Invalid shape (206, 169) or empty file for subject 50104 at regions/50104_timeseries.txt. Skipping.
Warning: Invalid shape (206, 169) or empty file for subject 50105 at regions/50105_timeseries.txt. Skipping.
Warning: Invalid shape (206, 169) or empty file for subject 50106 at regions/50106_timeseries.txt. Skipping.
Warning: Invalid shape (206, 169) or empty file for subject 50107 at regions/50107_timeseries.txt. Skipping.
Warning: Invalid shape (206, 169) or empty file for subject 50109 at regions/50109_timeseries.txt. Skipping.
Warning: Invalid shape (206, 169) or empty file for subject 50111 at regions/50111_timeseries.txt. Skipping.
Warning: Invalid shape (206, 169) or empty file for subject 50112 at regions/50112_timeseries.txt. Skipping.
Warning: Invalid shape (206, 169) or empty file for subject 50113 at regions/50113_timeseries.txt. Skipping.
Warning: Invalid shape (206, 169) or empty file for subject 50114 at regions/50114_timeseries.txt. Skipping.
Warning: Invalid shape (206, 169) or empty file for subject 50115 at regions/50115_timeseries.txt. Skipping.
Warning: Invalid shape (206, 169) or empty file for subject 50116 at regions/50116_timeseries.txt. Skipping.
Warning: Invalid shape (206, 169) or empty file for subject 50117 at regions/50117_timeseries.txt. Skipping.
Warning: Invalid shape (206, 169) or empty file for subject 50118 at regions/50118_timeseries.txt. Skipping.
Warning: Invalid shape (206, 169) or empty file for subject 50119 at regions/50119_timeseries.txt. Skipping.
Warning: Invalid shape (206, 169) or empty file for subject 50121 at regions/50121_timeseries.txt. Skipping.
Warning: Invalid shape (206, 169) or empty file for subject 50123 at regions/50123_timeseries.txt. Skipping.
Warning: Invalid shape (206, 169) or empty file for subject 50124 at regions/50124_timeseries.txt. Skipping.
Warning: Invalid shape (206, 169) or empty file for subject 50125 at regions/50125_timeseries.txt. Skipping.
Warning: Invalid shape (206, 169) or empty file for subject 50127 at regions/50127_timeseries.txt. Skipping.
Warning: Invalid shape (206, 169) or empty file for subject 50128 at regions/50128_timeseries.txt. Skipping.
Warning: Invalid shape (206, 169) or empty file for subject 50129 at regions/50129_timeseries.txt. Skipping.
Warning: Invalid shape (206, 169) or empty file for subject 50130 at regions/50130_timeseries.txt. Skipping.
Warning: Invalid shape (206, 169) or empty file for subject 50131 at regions/50131_timeseries.txt. Skipping.
Warning: Invalid shape (206, 169) or empty file for subject 50132 at regions/50132_timeseries.txt. Skipping.
Warning: Invalid shape (206, 169) or empty file for subject 50134 at regions/50134_timeseries.txt. Skipping.
Warning: Invalid shape (206, 169) or empty file for subject 50135 at regions/50135_timeseries.txt. Skipping.
Warning: Invalid shape (78, 169) or empty file for subject 50142 at regions/50142_timeseries.txt. Skipping.
Warning: Invalid shape (78, 169) or empty file for subject 50143 at regions/50143_timeseries.txt. Skipping.
Warning: Invalid shape (78, 169) or empty file for subject 50144 at regions/50144_timeseries.txt. Skipping.
Warning: Invalid shape (78, 169) or empty file for subject 50145 at regions/50145_timeseries.txt. Skipping.
Warning: Invalid shape (78, 169) or empty file for subject 50146 at regions/50146_timeseries.txt. Skipping.
Warning: Invalid shape (78, 169) or empty file for subject 50147 at regions/50147_timeseries.txt. Skipping.
Warning: Invalid shape (78, 169) or empty file for subject 50148 at regions/50148_timeseries.txt. Skipping.
Warning: Invalid shape (78, 169) or empty file for subject 50149 at regions/50149_timeseries.txt. Skipping.
Warning: Invalid shape (78, 169) or empty file for subject 50150 at regions/50150_timeseries.txt. Skipping.
Warning: Invalid shape (78, 169) or empty file for subject 50152 at regions/50152_timeseries.txt. Skipping.
Warning: Invalid shape (78, 169) or empty file for subject 50153 at regions/50153_timeseries.txt. Skipping.
Warning: Invalid shape (78, 169) or empty file for subject 50156 at regions/50156_timeseries.txt. Skipping.
Warning: Invalid shape (78, 169) or empty file for subject 50157 at regions/50157_timeseries.txt. Skipping.
Warning: Invalid shape (78, 169) or empty file for subject 50158 at regions/50158_timeseries.txt. Skipping.
Warning: Invalid shape (78, 169) or empty file for subject 50159 at regions/50159_timeseries.txt. Skipping.
Warning: Invalid shape (78, 169) or empty file for subject 50160 at regions/50160_timeseries.txt. Skipping.
Warning: Invalid shape (78, 169) or empty file for subject 50161 at regions/50161_timeseries.txt. Skipping.
Warning: Invalid shape (78, 169) or empty file for subject 50162 at regions/50162_timeseries.txt. Skipping.
Warning: Invalid shape (78, 169) or empty file for subject 50163 at regions/50163_timeseries.txt. Skipping.
Warning: Invalid shape (78, 169) or empty file for subject 50164 at regions/50164_timeseries.txt. Skipping.
Warning: Invalid shape (78, 169) or empty file for subject 50168 at regions/50168_timeseries.txt. Skipping.
Warning: Invalid shape (78, 169) or empty file for subject 50169 at regions/50169_timeseries.txt. Skipping.
Warning: Invalid shape (78, 169) or empty file for subject 50170 at regions/50170_timeseries.txt. Skipping.
Warning: Invalid shape (78, 169) or empty file for subject 50171 at regions/50171_timeseries.txt. Skipping.
Warning: Invalid shape (176, 169) or empty file for subject 50182 at regions/50182_timeseries.txt. Skipping.
Warning: Invalid shape (176, 169) or empty file for subject 50184 at regions/50184_timeseries.txt. Skipping.
Warning: Invalid shape (176, 169) or empty file for subject 50186 at regions/50186_timeseries.txt. Skipping.
Warning: Invalid shape (176, 169) or empty file for subject 50187 at regions/50187_timeseries.txt. Skipping.
Warning: Invalid shape (176, 169) or empty file for subject 50188 at regions/50188_timeseries.txt. Skipping.
Warning: Invalid shape (176, 169) or empty file for subject 50189 at regions/50189_timeseries.txt. Skipping.
Warning: Invalid shape (176, 169) or empty file for subject 50190 at regions/50190_timeseries.txt. Skipping.
Warning: Invalid shape (176, 169) or empty file for subject 50193 at regions/50193_timeseries.txt. Skipping.
Warning: Invalid shape (176, 169) or empty file for subject 50194 at regions/50194_timeseries.txt. Skipping.
Warning: Invalid shape (176, 169) or empty file for subject 50195 at regions/50195_timeseries.txt. Skipping.
Warning: Invalid shape (176, 169) or empty file for subject 50196 at regions/50196_timeseries.txt. Skipping.
Warning: Invalid shape (176, 169) or empty file for subject 50198 at regions/50198_timeseries.txt. Skipping.
Warning: Invalid shape (176, 169) or empty file for subject 50199 at regions/50199_timeseries.txt. Skipping.
Warning: Invalid shape (176, 169) or empty file for subject 50201 at regions/50201_timeseries.txt. Skipping.
Warning: Invalid shape (176, 169) or empty file for subject 50202 at regions/50202_timeseries.txt. Skipping.
Warning: Invalid shape (176, 169) or empty file for subject 50203 at regions/50203_timeseries.txt. Skipping.
Warning: Invalid shape (176, 169) or empty file for subject 50205 at regions/50205_timeseries.txt. Skipping.
Warning: Invalid shape (176, 169) or empty file for subject 50206 at regions/50206_timeseries.txt. Skipping.
Warning: Invalid shape (176, 169) or empty file for subject 50208 at regions/50208_timeseries.txt. Skipping.
Warning: Invalid shape (176, 169) or empty file for subject 50210 at regions/50210_timeseries.txt. Skipping.
Warning: Invalid shape (176, 169) or empty file for subject 50213 at regions/50213_timeseries.txt. Skipping.
Warning: Invalid shape (176, 169) or empty file for subject 50214 at regions/50214_timeseries.txt. Skipping.
Warning: Invalid shape (176, 169) or empty file for subject 50215 at regions/50215_timeseries.txt. Skipping.
Warning: Invalid shape (176, 169) or empty file for subject 50217 at regions/50217_timeseries.txt. Skipping.
Warning: Invalid shape (146, 169) or empty file for subject 50232 at regions/50232_timeseries.txt. Skipping.
Warning: Invalid shape (146, 169) or empty file for subject 50233 at regions/50233_timeseries.txt. Skipping.
Warning: Invalid shape (146, 169) or empty file for subject 50234 at regions/50234_timeseries.txt. Skipping.
Warning: Invalid shape (146, 169) or empty file for subject 50236 at regions/50236_timeseries.txt. Skipping.
Warning: Invalid shape (146, 169) or empty file for subject 50239 at regions/50239_timeseries.txt. Skipping.
Warning: Invalid shape (146, 169) or empty file for subject 50240 at regions/50240_timeseries.txt. Skipping.
Warning: Invalid shape (146, 169) or empty file for subject 50241 at regions/50241_timeseries.txt. Skipping.
Warning: Invalid shape (146, 169) or empty file for subject 50243 at regions/50243_timeseries.txt. Skipping.
Warning: Invalid shape (146, 169) or empty file for subject 50245 at regions/50245_timeseries.txt. Skipping.
Warning: Invalid shape (146, 169) or empty file for subject 50247 at regions/50247_timeseries.txt. Skipping.
Warning: Invalid shape (146, 169) or empty file for subject 50248 at regions/50248_timeseries.txt. Skipping.
Warning: Invalid shape (146, 169) or empty file for subject 50250 at regions/50250_timeseries.txt. Skipping.
Warning: Invalid shape (146, 169) or empty file for subject 50251 at regions/50251_timeseries.txt. Skipping.
Warning: Invalid shape (146, 169) or empty file for subject 50252 at regions/50252_timeseries.txt. Skipping.
Warning: Invalid shape (146, 169) or empty file for subject 50253 at regions/50253_timeseries.txt. Skipping.
Warning: Invalid shape (146, 169) or empty file for subject 50254 at regions/50254_timeseries.txt. Skipping.
Warning: Invalid shape (146, 169) or empty file for subject 50255 at regions/50255_timeseries.txt. Skipping.
Warning: Invalid shape (146, 169) or empty file for subject 50257 at regions/50257_timeseries.txt. Skipping.
Warning: Invalid shape (146, 169) or empty file for subject 50259 at regions/50259_timeseries.txt. Skipping.
Warning: Invalid shape (146, 169) or empty file for subject 50260 at regions/50260_timeseries.txt. Skipping.
Warning: Invalid shape (146, 169) or empty file for subject 50261 at regions/50261_timeseries.txt. Skipping.
Warning: Invalid shape (146, 169) or empty file for subject 50262 at regions/50262_timeseries.txt. Skipping.
Warning: Invalid shape (146, 169) or empty file for subject 50263 at regions/50263_timeseries.txt. Skipping.
Warning: Invalid shape (146, 169) or empty file for subject 50264 at regions/50264_timeseries.txt. Skipping.
Warning: Invalid shape (146, 169) or empty file for subject 50265 at regions/50265_timeseries.txt. Skipping.
Warning: Invalid shape (146, 169) or empty file for subject 50266 at regions/50266_timeseries.txt. Skipping.
Warning: Invalid shape (146, 169) or empty file for subject 50267 at regions/50267_timeseries.txt. Skipping.
Warning: Invalid shape (146, 169) or empty file for subject 50268 at regions/50268_timeseries.txt. Skipping.
Warning: Invalid shape (146, 169) or empty file for subject 50269 at regions/50269_timeseries.txt. Skipping.
Warning: Invalid shape (146, 169) or empty file for subject 50270 at regions/50270_timeseries.txt. Skipping.
Warning: Invalid shape (146, 169) or empty file for subject 50271 at regions/50271_timeseries.txt. Skipping.
Warning: Invalid shape (296, 169) or empty file for subject 50272 at regions/50272_timeseries.txt. Skipping.
Warning: Invalid shape (296, 169) or empty file for subject 50273 at regions/50273_timeseries.txt. Skipping.
Warning: Invalid shape (296, 169) or empty file for subject 50274 at regions/50274_timeseries.txt. Skipping.
Warning: Invalid shape (296, 169) or empty file for subject 50275 at regions/50275_timeseries.txt. Skipping.
Warning: Invalid shape (296, 169) or empty file for subject 50276 at regions/50276_timeseries.txt. Skipping.
Warning: Invalid shape (296, 169) or empty file for subject 50278 at regions/50278_timeseries.txt. Skipping.
Warning: Invalid shape (296, 169) or empty file for subject 50282 at regions/50282_timeseries.txt. Skipping.
Warning: Invalid shape (296, 169) or empty file for subject 50284 at regions/50284_timeseries.txt. Skipping.
Warning: Invalid shape (296, 169) or empty file for subject 50285 at regions/50285_timeseries.txt. Skipping.
Warning: Invalid shape (296, 169) or empty file for subject 50287 at regions/50287_timeseries.txt. Skipping.
Warning: Invalid shape (296, 169) or empty file for subject 50291 at regions/50291_timeseries.txt. Skipping.
Warning: Invalid shape (296, 169) or empty file for subject 50292 at regions/50292_timeseries.txt. Skipping.
Warning: Invalid shape (296, 169) or empty file for subject 50293 at regions/50293_timeseries.txt. Skipping.
Warning: Invalid shape (296, 169) or empty file for subject 50294 at regions/50294_timeseries.txt. Skipping.
Warning: Invalid shape (296, 169) or empty file for subject 50295 at regions/50295_timeseries.txt. Skipping.
Warning: Invalid shape (296, 169) or empty file for subject 50297 at regions/50297_timeseries.txt. Skipping.
Warning: Invalid shape (296, 169) or empty file for subject 50298 at regions/50298_timeseries.txt. Skipping.
Warning: Invalid shape (296, 169) or empty file for subject 50300 at regions/50300_timeseries.txt. Skipping.
Warning: Invalid shape (296, 169) or empty file for subject 50301 at regions/50301_timeseries.txt. Skipping.
Warning: Invalid shape (296, 169) or empty file for subject 50302 at regions/50302_timeseries.txt. Skipping.
Warning: Invalid shape (296, 169) or empty file for subject 50304 at regions/50304_timeseries.txt. Skipping.
Warning: Invalid shape (296, 169) or empty file for subject 50308 at regions/50308_timeseries.txt. Skipping.
Warning: Invalid shape (296, 169) or empty file for subject 50310 at regions/50310_timeseries.txt. Skipping.
Warning: Invalid shape (296, 169) or empty file for subject 50312 at regions/50312_timeseries.txt. Skipping.
Warning: Invalid shape (296, 169) or empty file for subject 50314 at regions/50314_timeseries.txt. Skipping.
Warning: Invalid shape (296, 169) or empty file for subject 50315 at regions/50315_timeseries.txt. Skipping.
Warning: Invalid shape (296, 169) or empty file for subject 50318 at regions/50318_timeseries.txt. Skipping.
Warning: Invalid shape (296, 169) or empty file for subject 50319 at regions/50319_timeseries.txt. Skipping.
Warning: Invalid shape (296, 169) or empty file for subject 50320 at regions/50320_timeseries.txt. Skipping.
Warning: Invalid shape (296, 169) or empty file for subject 50321 at regions/50321_timeseries.txt. Skipping.
Warning: Invalid shape (296, 169) or empty file for subject 50324 at regions/50324_timeseries.txt. Skipping.
Warning: Invalid shape (296, 169) or empty file for subject 50325 at regions/50325_timeseries.txt. Skipping.
Warning: Invalid shape (296, 169) or empty file for subject 50329 at regions/50329_timeseries.txt. Skipping.
Warning: Invalid shape (296, 169) or empty file for subject 50330 at regions/50330_timeseries.txt. Skipping.
Warning: Invalid shape (296, 169) or empty file for subject 50331 at regions/50331_timeseries.txt. Skipping.
Warning: Invalid shape (296, 169) or empty file for subject 50332 at regions/50332_timeseries.txt. Skipping.
Warning: Invalid shape (296, 169) or empty file for subject 50333 at regions/50333_timeseries.txt. Skipping.
Warning: Invalid shape (296, 169) or empty file for subject 50334 at regions/50334_timeseries.txt. Skipping.
Warning: Invalid shape (296, 169) or empty file for subject 50335 at regions/50335_timeseries.txt. Skipping.
Warning: Invalid shape (296, 169) or empty file for subject 50336 at regions/50336_timeseries.txt. Skipping.
Warning: Invalid shape (296, 169) or empty file for subject 50337 at regions/50337_timeseries.txt. Skipping.
Warning: Invalid shape (296, 169) or empty file for subject 50338 at regions/50338_timeseries.txt. Skipping.
Warning: Invalid shape (296, 169) or empty file for subject 50339 at regions/50339_timeseries.txt. Skipping.
Warning: Invalid shape (296, 169) or empty file for subject 50340 at regions/50340_timeseries.txt. Skipping.
Warning: Invalid shape (296, 169) or empty file for subject 50341 at regions/50341_timeseries.txt. Skipping.
Warning: Invalid shape (296, 169) or empty file for subject 50342 at regions/50342_timeseries.txt. Skipping.
Warning: Invalid shape (296, 169) or empty file for subject 50343 at regions/50343_timeseries.txt. Skipping.
Warning: Invalid shape (296, 169) or empty file for subject 50344 at regions/50344_timeseries.txt. Skipping.
Warning: Invalid shape (296, 169) or empty file for subject 50345 at regions/50345_timeseries.txt. Skipping.
Warning: Invalid shape (296, 169) or empty file for subject 50346 at regions/50346_timeseries.txt. Skipping.
Warning: Invalid shape (296, 169) or empty file for subject 50347 at regions/50347_timeseries.txt. Skipping.
Warning: Invalid shape (296, 169) or empty file for subject 50348 at regions/50348_timeseries.txt. Skipping.
Warning: Invalid shape (296, 169) or empty file for subject 50349 at regions/50349_timeseries.txt. Skipping.
Warning: Invalid shape (296, 169) or empty file for subject 50350 at regions/50350_timeseries.txt. Skipping.
Warning: Invalid shape (296, 169) or empty file for subject 50351 at regions/50351_timeseries.txt. Skipping.
Warning: Invalid shape (296, 169) or empty file for subject 50352 at regions/50352_timeseries.txt. Skipping.
Warning: Invalid shape (296, 169) or empty file for subject 50353 at regions/50353_timeseries.txt. Skipping.
Warning: Invalid shape (296, 169) or empty file for subject 50354 at regions/50354_timeseries.txt. Skipping.
Warning: Invalid shape (296, 169) or empty file for subject 50355 at regions/50355_timeseries.txt. Skipping.
Warning: Invalid shape (296, 169) or empty file for subject 50356 at regions/50356_timeseries.txt. Skipping.
Warning: Invalid shape (296, 169) or empty file for subject 50357 at regions/50357_timeseries.txt. Skipping.
Warning: Invalid shape (296, 169) or empty file for subject 50358 at regions/50358_timeseries.txt. Skipping.
Warning: Invalid shape (296, 169) or empty file for subject 50359 at regions/50359_timeseries.txt. Skipping.
Warning: Invalid shape (296, 169) or empty file for subject 50360 at regions/50360_timeseries.txt. Skipping.
Warning: Invalid shape (296, 169) or empty file for subject 50362 at regions/50362_timeseries.txt. Skipping.
Warning: Invalid shape (296, 169) or empty file for subject 50363 at regions/50363_timeseries.txt. Skipping.
Warning: Invalid shape (296, 169) or empty file for subject 50364 at regions/50364_timeseries.txt. Skipping.
Warning: Invalid shape (296, 169) or empty file for subject 50366 at regions/50366_timeseries.txt. Skipping.
Warning: Invalid shape (296, 169) or empty file for subject 50367 at regions/50367_timeseries.txt. Skipping.
Warning: Invalid shape (296, 169) or empty file for subject 50368 at regions/50368_timeseries.txt. Skipping.
Warning: Invalid shape (296, 169) or empty file for subject 50369 at regions/50369_timeseries.txt. Skipping.
Warning: Invalid shape (296, 169) or empty file for subject 50370 at regions/50370_timeseries.txt. Skipping.
Warning: Invalid shape (296, 169) or empty file for subject 50372 at regions/50372_timeseries.txt. Skipping.
Warning: Invalid shape (296, 169) or empty file for subject 50373 at regions/50373_timeseries.txt. Skipping.
Warning: Invalid shape (296, 169) or empty file for subject 50374 at regions/50374_timeseries.txt. Skipping.
Warning: Invalid shape (296, 169) or empty file for subject 50376 at regions/50376_timeseries.txt. Skipping.
Warning: Invalid shape (296, 169) or empty file for subject 50377 at regions/50377_timeseries.txt. Skipping.
Warning: Invalid shape (296, 169) or empty file for subject 50379 at regions/50379_timeseries.txt. Skipping.
Warning: Invalid shape (296, 169) or empty file for subject 50380 at regions/50380_timeseries.txt. Skipping.
Warning: Invalid shape (296, 169) or empty file for subject 50381 at regions/50381_timeseries.txt. Skipping.
Warning: Invalid shape (296, 169) or empty file for subject 50382 at regions/50382_timeseries.txt. Skipping.
Warning: Invalid shape (296, 169) or empty file for subject 50383 at regions/50383_timeseries.txt. Skipping.
Warning: Invalid shape (296, 169) or empty file for subject 50385 at regions/50385_timeseries.txt. Skipping.
Warning: Invalid shape (296, 169) or empty file for subject 50386 at regions/50386_timeseries.txt. Skipping.
Warning: Invalid shape (296, 169) or empty file for subject 50387 at regions/50387_timeseries.txt. Skipping.
Warning: Invalid shape (296, 169) or empty file for subject 50388 at regions/50388_timeseries.txt. Skipping.
Warning: Invalid shape (296, 169) or empty file for subject 50390 at regions/50390_timeseries.txt. Skipping.
Warning: Invalid shape (296, 169) or empty file for subject 50391 at regions/50391_timeseries.txt. Skipping.
Warning: Invalid shape (296, 169) or empty file for subject 50397 at regions/50397_timeseries.txt. Skipping.
Warning: Invalid shape (296, 169) or empty file for subject 50399 at regions/50399_timeseries.txt. Skipping.
Warning: Invalid shape (296, 169) or empty file for subject 50402 at regions/50402_timeseries.txt. Skipping.
Warning: Invalid shape (296, 169) or empty file for subject 50403 at regions/50403_timeseries.txt. Skipping.
Warning: Invalid shape (296, 169) or empty file for subject 50405 at regions/50405_timeseries.txt. Skipping.
Warning: Invalid shape (296, 169) or empty file for subject 50406 at regions/50406_timeseries.txt. Skipping.
Warning: Invalid shape (296, 169) or empty file for subject 50408 at regions/50408_timeseries.txt. Skipping.
Warning: Invalid shape (296, 169) or empty file for subject 50410 at regions/50410_timeseries.txt. Skipping.
Warning: Invalid shape (296, 169) or empty file for subject 50411 at regions/50411_timeseries.txt. Skipping.
Warning: Invalid shape (296, 169) or empty file for subject 50412 at regions/50412_timeseries.txt. Skipping.
Warning: Invalid shape (296, 169) or empty file for subject 50413 at regions/50413_timeseries.txt. Skipping.
Warning: Invalid shape (296, 169) or empty file for subject 50414 at regions/50414_timeseries.txt. Skipping.
Warning: Invalid shape (296, 169) or empty file for subject 50415 at regions/50415_timeseries.txt. Skipping.
Warning: Invalid shape (296, 169) or empty file for subject 50419 at regions/50419_timeseries.txt. Skipping.
Warning: Invalid shape (296, 169) or empty file for subject 50421 at regions/50421_timeseries.txt. Skipping.
Warning: Invalid shape (296, 169) or empty file for subject 50422 at regions/50422_timeseries.txt. Skipping.
Warning: Invalid shape (296, 169) or empty file for subject 50424 at regions/50424_timeseries.txt. Skipping.
Warning: Invalid shape (296, 169) or empty file for subject 50425 at regions/50425_timeseries.txt. Skipping.
Warning: Invalid shape (296, 169) or empty file for subject 50426 at regions/50426_timeseries.txt. Skipping.
Warning: Invalid shape (296, 169) or empty file for subject 50427 at regions/50427_timeseries.txt. Skipping.
Warning: Invalid shape (296, 169) or empty file for subject 50428 at regions/50428_timeseries.txt. Skipping.
Warning: Invalid shape (236, 169) or empty file for subject 50434 at regions/50434_timeseries.txt. Skipping.
Warning: Invalid shape (236, 169) or empty file for subject 50435 at regions/50435_timeseries.txt. Skipping.
Warning: Invalid shape (236, 169) or empty file for subject 50437 at regions/50437_timeseries.txt. Skipping.
Warning: Invalid shape (236, 169) or empty file for subject 50438 at regions/50438_timeseries.txt. Skipping.
Warning: Invalid shape (236, 169) or empty file for subject 50439 at regions/50439_timeseries.txt. Skipping.
Warning: Invalid shape (236, 169) or empty file for subject 50440 at regions/50440_timeseries.txt. Skipping.
Warning: Invalid shape (236, 169) or empty file for subject 50442 at regions/50442_timeseries.txt. Skipping.
Warning: Invalid shape (236, 169) or empty file for subject 50443 at regions/50443_timeseries.txt. Skipping.
Warning: Invalid shape (236, 169) or empty file for subject 50445 at regions/50445_timeseries.txt. Skipping.
Warning: Invalid shape (236, 169) or empty file for subject 50446 at regions/50446_timeseries.txt. Skipping.
Warning: Invalid shape (236, 169) or empty file for subject 50447 at regions/50447_timeseries.txt. Skipping.
Warning: Invalid shape (236, 169) or empty file for subject 50448 at regions/50448_timeseries.txt. Skipping.
Warning: Invalid shape (236, 169) or empty file for subject 50449 at regions/50449_timeseries.txt. Skipping.
Warning: Invalid shape (236, 169) or empty file for subject 50453 at regions/50453_timeseries.txt. Skipping.
Warning: Invalid shape (236, 169) or empty file for subject 50463 at regions/50463_timeseries.txt. Skipping.
Warning: Invalid shape (236, 169) or empty file for subject 50466 at regions/50466_timeseries.txt. Skipping.
Warning: Invalid shape (236, 169) or empty file for subject 50467 at regions/50467_timeseries.txt. Skipping.
Warning: Invalid shape (236, 169) or empty file for subject 50468 at regions/50468_timeseries.txt. Skipping.
Warning: Invalid shape (236, 169) or empty file for subject 50469 at regions/50469_timeseries.txt. Skipping.
Warning: Invalid shape (236, 169) or empty file for subject 50470 at regions/50470_timeseries.txt. Skipping.
Warning: Invalid shape (236, 169) or empty file for subject 50477 at regions/50477_timeseries.txt. Skipping.
Warning: Invalid shape (236, 169) or empty file for subject 50480 at regions/50480_timeseries.txt. Skipping.
Warning: Invalid shape (236, 169) or empty file for subject 50481 at regions/50481_timeseries.txt. Skipping.
Warning: Invalid shape (236, 169) or empty file for subject 50482 at regions/50482_timeseries.txt. Skipping.
Warning: Invalid shape (236, 169) or empty file for subject 50483 at regions/50483_timeseries.txt. Skipping.
Warning: Invalid shape (236, 169) or empty file for subject 50485 at regions/50485_timeseries.txt. Skipping.
Warning: Invalid shape (236, 169) or empty file for subject 50486 at regions/50486_timeseries.txt. Skipping.
Warning: Invalid shape (236, 169) or empty file for subject 50488 at regions/50488_timeseries.txt. Skipping.
Warning: Invalid shape (236, 169) or empty file for subject 50490 at regions/50490_timeseries.txt. Skipping.
Warning: Invalid shape (236, 169) or empty file for subject 50491 at regions/50491_timeseries.txt. Skipping.
Warning: Invalid shape (236, 169) or empty file for subject 50492 at regions/50492_timeseries.txt. Skipping.
Warning: Invalid shape (236, 169) or empty file for subject 50493 at regions/50493_timeseries.txt. Skipping.
Warning: Invalid shape (236, 169) or empty file for subject 50494 at regions/50494_timeseries.txt. Skipping.
Warning: Invalid shape (236, 169) or empty file for subject 50496 at regions/50496_timeseries.txt. Skipping.
Warning: Invalid shape (236, 169) or empty file for subject 50497 at regions/50497_timeseries.txt. Skipping.
Warning: Invalid shape (236, 169) or empty file for subject 50498 at regions/50498_timeseries.txt. Skipping.
Warning: Invalid shape (236, 169) or empty file for subject 50499 at regions/50499_timeseries.txt. Skipping.
Warning: Invalid shape (236, 169) or empty file for subject 50500 at regions/50500_timeseries.txt. Skipping.
Warning: Invalid shape (236, 169) or empty file for subject 50502 at regions/50502_timeseries.txt. Skipping.
Warning: Invalid shape (236, 169) or empty file for subject 50503 at regions/50503_timeseries.txt. Skipping.
Warning: Invalid shape (236, 169) or empty file for subject 50504 at regions/50504_timeseries.txt. Skipping.
Warning: Invalid shape (236, 169) or empty file for subject 50507 at regions/50507_timeseries.txt. Skipping.
Warning: Invalid shape (236, 169) or empty file for subject 50509 at regions/50509_timeseries.txt. Skipping.
Warning: Invalid shape (236, 169) or empty file for subject 50510 at regions/50510_timeseries.txt. Skipping.
Warning: Invalid shape (236, 169) or empty file for subject 50514 at regions/50514_timeseries.txt. Skipping.
Warning: Invalid shape (236, 169) or empty file for subject 50515 at regions/50515_timeseries.txt. Skipping.
Warning: Invalid shape (236, 169) or empty file for subject 50518 at regions/50518_timeseries.txt. Skipping.
Warning: Invalid shape (236, 169) or empty file for subject 50519 at regions/50519_timeseries.txt. Skipping.
Warning: Invalid shape (236, 169) or empty file for subject 50520 at regions/50520_timeseries.txt. Skipping.
Warning: Invalid shape (236, 169) or empty file for subject 50521 at regions/50521_timeseries.txt. Skipping.
Warning: Invalid shape (236, 169) or empty file for subject 50523 at regions/50523_timeseries.txt. Skipping.
Warning: Invalid shape (236, 169) or empty file for subject 50524 at regions/50524_timeseries.txt. Skipping.
Warning: Invalid shape (232, 169) or empty file for subject 50526 at regions/50526_timeseries.txt. Skipping.
Warning: Invalid shape (236, 169) or empty file for subject 50527 at regions/50527_timeseries.txt. Skipping.
Warning: Invalid shape (236, 169) or empty file for subject 50528 at regions/50528_timeseries.txt. Skipping.
Warning: Invalid shape (236, 169) or empty file for subject 50529 at regions/50529_timeseries.txt. Skipping.
Warning: Invalid shape (236, 169) or empty file for subject 50530 at regions/50530_timeseries.txt. Skipping.
Warning: Invalid shape (236, 169) or empty file for subject 50531 at regions/50531_timeseries.txt. Skipping.
Warning: Invalid shape (236, 169) or empty file for subject 50532 at regions/50532_timeseries.txt. Skipping.
Warning: Invalid shape (196, 169) or empty file for subject 50552 at regions/50552_timeseries.txt. Skipping.
Warning: Invalid shape (196, 169) or empty file for subject 50555 at regions/50555_timeseries.txt. Skipping.
Warning: Invalid shape (196, 169) or empty file for subject 50557 at regions/50557_timeseries.txt. Skipping.
Warning: Invalid shape (196, 169) or empty file for subject 50558 at regions/50558_timeseries.txt. Skipping.
Warning: Invalid shape (196, 169) or empty file for subject 50561 at regions/50561_timeseries.txt. Skipping.
Warning: Invalid shape (196, 169) or empty file for subject 50563 at regions/50563_timeseries.txt. Skipping.
Warning: Invalid shape (196, 169) or empty file for subject 50565 at regions/50565_timeseries.txt. Skipping.
Warning: Invalid shape (196, 169) or empty file for subject 50569 at regions/50569_timeseries.txt. Skipping.
Warning: Invalid shape (196, 169) or empty file for subject 50570 at regions/50570_timeseries.txt. Skipping.
Warning: Invalid shape (196, 169) or empty file for subject 50572 at regions/50572_timeseries.txt. Skipping.
Warning: Invalid shape (196, 169) or empty file for subject 50573 at regions/50573_timeseries.txt. Skipping.
Warning: Invalid shape (196, 169) or empty file for subject 50574 at regions/50574_timeseries.txt. Skipping.
Warning: Invalid shape (196, 169) or empty file for subject 50575 at regions/50575_timeseries.txt. Skipping.
Warning: Invalid shape (196, 169) or empty file for subject 50576 at regions/50576_timeseries.txt. Skipping.
Warning: Invalid shape (196, 169) or empty file for subject 50577 at regions/50577_timeseries.txt. Skipping.
Warning: Invalid shape (196, 169) or empty file for subject 50578 at regions/50578_timeseries.txt. Skipping.
Warning: Invalid shape (196, 169) or empty file for subject 50601 at regions/50601_timeseries.txt. Skipping.
Warning: Invalid shape (196, 169) or empty file for subject 50602 at regions/50602_timeseries.txt. Skipping.
Warning: Invalid shape (196, 169) or empty file for subject 50603 at regions/50603_timeseries.txt. Skipping.
Warning: Invalid shape (196, 169) or empty file for subject 50604 at regions/50604_timeseries.txt. Skipping.
Warning: Invalid shape (196, 169) or empty file for subject 50606 at regions/50606_timeseries.txt. Skipping.
Warning: Invalid shape (196, 169) or empty file for subject 50607 at regions/50607_timeseries.txt. Skipping.
Warning: Invalid shape (196, 169) or empty file for subject 50608 at regions/50608_timeseries.txt. Skipping.
Warning: Invalid shape (196, 169) or empty file for subject 50612 at regions/50612_timeseries.txt. Skipping.
Warning: Invalid shape (196, 169) or empty file for subject 50613 at regions/50613_timeseries.txt. Skipping.
Warning: Invalid shape (196, 169) or empty file for subject 50615 at regions/50615_timeseries.txt. Skipping.
Warning: Invalid shape (196, 169) or empty file for subject 50616 at regions/50616_timeseries.txt. Skipping.
Warning: Invalid shape (196, 169) or empty file for subject 50619 at regions/50619_timeseries.txt. Skipping.
Warning: Invalid shape (196, 169) or empty file for subject 50620 at regions/50620_timeseries.txt. Skipping.
Warning: Invalid shape (196, 169) or empty file for subject 50621 at regions/50621_timeseries.txt. Skipping.
Warning: Invalid shape (196, 169) or empty file for subject 50622 at regions/50622_timeseries.txt. Skipping.
Warning: Invalid shape (196, 169) or empty file for subject 50623 at regions/50623_timeseries.txt. Skipping.
Warning: Invalid shape (196, 169) or empty file for subject 50624 at regions/50624_timeseries.txt. Skipping.
Warning: Invalid shape (196, 169) or empty file for subject 50625 at regions/50625_timeseries.txt. Skipping.
Warning: Invalid shape (196, 169) or empty file for subject 50626 at regions/50626_timeseries.txt. Skipping.
Warning: Invalid shape (236, 169) or empty file for subject 50642 at regions/50642_timeseries.txt. Skipping.
Warning: Invalid shape (202, 169) or empty file for subject 50647 at regions/50647_timeseries.txt. Skipping.
Warning: Invalid shape (316, 169) or empty file for subject 50648 at regions/50648_timeseries.txt. Skipping.
Warning: Invalid shape (236, 169) or empty file for subject 50649 at regions/50649_timeseries.txt. Skipping.
Warning: Invalid shape (236, 169) or empty file for subject 50656 at regions/50656_timeseries.txt. Skipping.
Warning: Invalid shape (236, 169) or empty file for subject 50665 at regions/50665_timeseries.txt. Skipping.
Warning: Invalid shape (316, 169) or empty file for subject 50669 at regions/50669_timeseries.txt. Skipping.
Warning: Invalid shape (246, 169) or empty file for subject 50682 at regions/50682_timeseries.txt. Skipping.
Warning: Invalid shape (246, 169) or empty file for subject 50683 at regions/50683_timeseries.txt. Skipping.
Warning: Invalid shape (246, 169) or empty file for subject 50685 at regions/50685_timeseries.txt. Skipping.
Warning: Invalid shape (246, 169) or empty file for subject 50686 at regions/50686_timeseries.txt. Skipping.
Warning: Invalid shape (246, 169) or empty file for subject 50687 at regions/50687_timeseries.txt. Skipping.
Warning: Invalid shape (246, 169) or empty file for subject 50688 at regions/50688_timeseries.txt. Skipping.
Warning: Invalid shape (246, 169) or empty file for subject 50689 at regions/50689_timeseries.txt. Skipping.
Warning: Invalid shape (246, 169) or empty file for subject 50690 at regions/50690_timeseries.txt. Skipping.
Warning: Invalid shape (246, 169) or empty file for subject 50692 at regions/50692_timeseries.txt. Skipping.
Warning: Invalid shape (246, 169) or empty file for subject 50693 at regions/50693_timeseries.txt. Skipping.
Warning: Invalid shape (246, 169) or empty file for subject 50694 at regions/50694_timeseries.txt. Skipping.
Warning: Invalid shape (246, 169) or empty file for subject 50696 at regions/50696_timeseries.txt. Skipping.
Warning: Invalid shape (246, 169) or empty file for subject 50697 at regions/50697_timeseries.txt. Skipping.
Warning: Invalid shape (246, 169) or empty file for subject 50699 at regions/50699_timeseries.txt. Skipping.
Warning: Invalid shape (246, 169) or empty file for subject 50700 at regions/50700_timeseries.txt. Skipping.
Warning: Invalid shape (246, 169) or empty file for subject 50701 at regions/50701_timeseries.txt. Skipping.
Warning: Invalid shape (246, 169) or empty file for subject 50703 at regions/50703_timeseries.txt. Skipping.
Warning: Invalid shape (246, 169) or empty file for subject 50706 at regions/50706_timeseries.txt. Skipping.
Warning: Invalid shape (246, 169) or empty file for subject 50707 at regions/50707_timeseries.txt. Skipping.
Warning: Invalid shape (246, 169) or empty file for subject 50708 at regions/50708_timeseries.txt. Skipping.
Warning: Invalid shape (246, 169) or empty file for subject 50709 at regions/50709_timeseries.txt. Skipping.
Warning: Invalid shape (246, 169) or empty file for subject 50711 at regions/50711_timeseries.txt. Skipping.
Warning: Invalid shape (246, 169) or empty file for subject 50722 at regions/50722_timeseries.txt. Skipping.
Warning: Invalid shape (246, 169) or empty file for subject 50723 at regions/50723_timeseries.txt. Skipping.
Warning: Invalid shape (246, 169) or empty file for subject 50724 at regions/50724_timeseries.txt. Skipping.
Warning: Invalid shape (246, 169) or empty file for subject 50725 at regions/50725_timeseries.txt. Skipping.
Warning: Invalid shape (246, 169) or empty file for subject 50726 at regions/50726_timeseries.txt. Skipping.
Warning: Invalid shape (246, 169) or empty file for subject 50728 at regions/50728_timeseries.txt. Skipping.
Warning: Invalid shape (246, 169) or empty file for subject 50730 at regions/50730_timeseries.txt. Skipping.
Warning: Invalid shape (246, 169) or empty file for subject 50731 at regions/50731_timeseries.txt. Skipping.
Warning: Invalid shape (246, 169) or empty file for subject 50733 at regions/50733_timeseries.txt. Skipping.
Warning: Invalid shape (246, 169) or empty file for subject 50737 at regions/50737_timeseries.txt. Skipping.
Warning: Invalid shape (246, 169) or empty file for subject 50738 at regions/50738_timeseries.txt. Skipping.
Warning: Invalid shape (246, 169) or empty file for subject 50739 at regions/50739_timeseries.txt. Skipping.
Warning: Invalid shape (246, 169) or empty file for subject 50740 at regions/50740_timeseries.txt. Skipping.
Warning: Invalid shape (246, 169) or empty file for subject 50741 at regions/50741_timeseries.txt. Skipping.
Warning: Invalid shape (246, 169) or empty file for subject 50742 at regions/50742_timeseries.txt. Skipping.
Warning: Invalid shape (246, 169) or empty file for subject 50743 at regions/50743_timeseries.txt. Skipping.
Warning: Invalid shape (246, 169) or empty file for subject 50744 at regions/50744_timeseries.txt. Skipping.
Warning: Invalid shape (246, 169) or empty file for subject 50745 at regions/50745_timeseries.txt. Skipping.
Warning: Invalid shape (246, 169) or empty file for subject 50748 at regions/50748_timeseries.txt. Skipping.
Warning: Invalid shape (246, 169) or empty file for subject 50749 at regions/50749_timeseries.txt. Skipping.
Warning: Invalid shape (246, 169) or empty file for subject 50750 at regions/50750_timeseries.txt. Skipping.
Warning: Invalid shape (246, 169) or empty file for subject 50751 at regions/50751_timeseries.txt. Skipping.
Warning: Invalid shape (246, 169) or empty file for subject 50752 at regions/50752_timeseries.txt. Skipping.
Warning: Invalid shape (246, 169) or empty file for subject 50754 at regions/50754_timeseries.txt. Skipping.
Warning: Invalid shape (246, 169) or empty file for subject 50755 at regions/50755_timeseries.txt. Skipping.
Warning: Invalid shape (246, 169) or empty file for subject 50756 at regions/50756_timeseries.txt. Skipping.
Warning: Invalid shape (246, 169) or empty file for subject 50757 at regions/50757_timeseries.txt. Skipping.
Warning: Invalid shape (152, 169) or empty file for subject 50772 at regions/50772_timeseries.txt. Skipping.
Warning: Invalid shape (152, 169) or empty file for subject 50773 at regions/50773_timeseries.txt. Skipping.
Warning: Invalid shape (152, 169) or empty file for subject 50774 at regions/50774_timeseries.txt. Skipping.
Warning: Invalid shape (152, 169) or empty file for subject 50775 at regions/50775_timeseries.txt. Skipping.
Warning: Invalid shape (152, 169) or empty file for subject 50776 at regions/50776_timeseries.txt. Skipping.
Warning: Invalid shape (152, 169) or empty file for subject 50777 at regions/50777_timeseries.txt. Skipping.
Warning: Invalid shape (152, 169) or empty file for subject 50778 at regions/50778_timeseries.txt. Skipping.
Warning: Invalid shape (152, 169) or empty file for subject 50780 at regions/50780_timeseries.txt. Skipping.
Warning: Invalid shape (152, 169) or empty file for subject 50782 at regions/50782_timeseries.txt. Skipping.
Warning: Invalid shape (152, 169) or empty file for subject 50783 at regions/50783_timeseries.txt. Skipping.
Warning: Invalid shape (152, 169) or empty file for subject 50786 at regions/50786_timeseries.txt. Skipping.
Warning: Invalid shape (152, 169) or empty file for subject 50790 at regions/50790_timeseries.txt. Skipping.
Warning: Invalid shape (124, 169) or empty file for subject 50792 at regions/50792_timeseries.txt. Skipping.
Warning: Invalid shape (152, 169) or empty file for subject 50796 at regions/50796_timeseries.txt. Skipping.
Warning: Invalid shape (152, 169) or empty file for subject 50798 at regions/50798_timeseries.txt. Skipping.
Warning: Invalid shape (152, 169) or empty file for subject 50799 at regions/50799_timeseries.txt. Skipping.
Warning: Invalid shape (152, 169) or empty file for subject 50800 at regions/50800_timeseries.txt. Skipping.
Warning: Invalid shape (152, 169) or empty file for subject 50801 at regions/50801_timeseries.txt. Skipping.
Warning: Invalid shape (152, 169) or empty file for subject 50803 at regions/50803_timeseries.txt. Skipping.
Warning: Invalid shape (152, 169) or empty file for subject 50807 at regions/50807_timeseries.txt. Skipping.
Warning: Invalid shape (152, 169) or empty file for subject 50812 at regions/50812_timeseries.txt. Skipping.
Warning: Invalid shape (152, 169) or empty file for subject 50814 at regions/50814_timeseries.txt. Skipping.
Warning: Invalid shape (124, 169) or empty file for subject 50816 at regions/50816_timeseries.txt. Skipping.
Warning: Invalid shape (124, 169) or empty file for subject 50817 at regions/50817_timeseries.txt. Skipping.
Warning: Invalid shape (152, 169) or empty file for subject 50818 at regions/50818_timeseries.txt. Skipping.
Warning: Invalid shape (152, 169) or empty file for subject 50820 at regions/50820_timeseries.txt. Skipping.
Warning: Invalid shape (152, 169) or empty file for subject 50821 at regions/50821_timeseries.txt. Skipping.
Warning: Invalid shape (152, 169) or empty file for subject 50823 at regions/50823_timeseries.txt. Skipping.
Warning: Invalid shape (152, 169) or empty file for subject 50824 at regions/50824_timeseries.txt. Skipping.
Warning: Invalid shape (176, 169) or empty file for subject 50952 at regions/50952_timeseries.txt. Skipping.
Warning: Invalid shape (176, 169) or empty file for subject 50954 at regions/50954_timeseries.txt. Skipping.
Warning: Invalid shape (176, 169) or empty file for subject 50955 at regions/50955_timeseries.txt. Skipping.
Warning: Invalid shape (176, 169) or empty file for subject 50956 at regions/50956_timeseries.txt. Skipping.
Warning: Invalid shape (176, 169) or empty file for subject 50958 at regions/50958_timeseries.txt. Skipping.
Warning: Invalid shape (176, 169) or empty file for subject 50959 at regions/50959_timeseries.txt. Skipping.
Warning: Invalid shape (176, 169) or empty file for subject 50960 at regions/50960_timeseries.txt. Skipping.
Warning: Invalid shape (176, 169) or empty file for subject 50962 at regions/50962_timeseries.txt. Skipping.
Warning: Invalid shape (176, 169) or empty file for subject 50964 at regions/50964_timeseries.txt. Skipping.
Warning: Invalid shape (176, 169) or empty file for subject 50965 at regions/50965_timeseries.txt. Skipping.
Warning: Invalid shape (176, 169) or empty file for subject 50966 at regions/50966_timeseries.txt. Skipping.
Warning: Invalid shape (176, 169) or empty file for subject 50967 at regions/50967_timeseries.txt. Skipping.
Warning: Invalid shape (176, 169) or empty file for subject 50968 at regions/50968_timeseries.txt. Skipping.
Warning: Invalid shape (176, 169) or empty file for subject 50969 at regions/50969_timeseries.txt. Skipping.
Warning: Invalid shape (176, 169) or empty file for subject 50970 at regions/50970_timeseries.txt. Skipping.
Warning: Invalid shape (176, 169) or empty file for subject 50972 at regions/50972_timeseries.txt. Skipping.
Warning: Invalid shape (176, 169) or empty file for subject 50974 at regions/50974_timeseries.txt. Skipping.
Warning: Invalid shape (176, 169) or empty file for subject 50976 at regions/50976_timeseries.txt. Skipping.
Warning: Invalid shape (176, 169) or empty file for subject 50977 at regions/50977_timeseries.txt. Skipping.
Warning: Invalid shape (176, 169) or empty file for subject 50979 at regions/50979_timeseries.txt. Skipping.
Warning: Invalid shape (176, 169) or empty file for subject 50981 at regions/50981_timeseries.txt. Skipping.
Warning: Invalid shape (176, 169) or empty file for subject 50982 at regions/50982_timeseries.txt. Skipping.
Warning: Invalid shape (176, 169) or empty file for subject 50983 at regions/50983_timeseries.txt. Skipping.
Warning: Invalid shape (176, 169) or empty file for subject 50984 at regions/50984_timeseries.txt. Skipping.
Warning: Invalid shape (176, 169) or empty file for subject 50985 at regions/50985_timeseries.txt. Skipping.
Warning: Invalid shape (176, 169) or empty file for subject 50986 at regions/50986_timeseries.txt. Skipping.
Warning: Invalid shape (176, 169) or empty file for subject 50987 at regions/50987_timeseries.txt. Skipping.
Warning: Invalid shape (176, 169) or empty file for subject 50988 at regions/50988_timeseries.txt. Skipping.
Warning: Invalid shape (176, 169) or empty file for subject 50989 at regions/50989_timeseries.txt. Skipping.
Warning: Invalid shape (176, 169) or empty file for subject 50990 at regions/50990_timeseries.txt. Skipping.
Warning: Invalid shape (176, 169) or empty file for subject 50991 at regions/50991_timeseries.txt. Skipping.
Warning: Invalid shape (176, 169) or empty file for subject 50992 at regions/50992_timeseries.txt. Skipping.
Warning: Invalid shape (176, 169) or empty file for subject 50993 at regions/50993_timeseries.txt. Skipping.
Warning: Invalid shape (176, 169) or empty file for subject 50994 at regions/50994_timeseries.txt. Skipping.
Warning: Invalid shape (176, 169) or empty file for subject 50995 at regions/50995_timeseries.txt. Skipping.
Warning: Invalid shape (176, 169) or empty file for subject 50996 at regions/50996_timeseries.txt. Skipping.
Warning: Invalid shape (176, 169) or empty file for subject 50997 at regions/50997_timeseries.txt. Skipping.
Warning: Invalid shape (176, 169) or empty file for subject 51001 at regions/51001_timeseries.txt. Skipping.
Warning: Invalid shape (176, 169) or empty file for subject 51002 at regions/51002_timeseries.txt. Skipping.
Warning: Invalid shape (176, 169) or empty file for subject 51006 at regions/51006_timeseries.txt. Skipping.
Warning: Invalid shape (176, 169) or empty file for subject 51007 at regions/51007_timeseries.txt. Skipping.
Warning: Invalid shape (176, 169) or empty file for subject 51008 at regions/51008_timeseries.txt. Skipping.
Warning: Invalid shape (176, 169) or empty file for subject 51009 at regions/51009_timeseries.txt. Skipping.
Warning: Invalid shape (176, 169) or empty file for subject 51010 at regions/51010_timeseries.txt. Skipping.
Warning: Invalid shape (176, 169) or empty file for subject 51011 at regions/51011_timeseries.txt. Skipping.
Warning: Invalid shape (176, 169) or empty file for subject 51012 at regions/51012_timeseries.txt. Skipping.
Warning: Invalid shape (176, 169) or empty file for subject 51013 at regions/51013_timeseries.txt. Skipping.
Warning: Invalid shape (176, 169) or empty file for subject 51014 at regions/51014_timeseries.txt. Skipping.
Warning: Invalid shape (176, 169) or empty file for subject 51015 at regions/51015_timeseries.txt. Skipping.
Warning: Invalid shape (176, 169) or empty file for subject 51016 at regions/51016_timeseries.txt. Skipping.
Warning: Invalid shape (176, 169) or empty file for subject 51017 at regions/51017_timeseries.txt. Skipping.
Warning: Invalid shape (176, 169) or empty file for subject 51018 at regions/51018_timeseries.txt. Skipping.
Warning: Invalid shape (176, 169) or empty file for subject 51019 at regions/51019_timeseries.txt. Skipping.
Warning: Invalid shape (176, 169) or empty file for subject 51020 at regions/51020_timeseries.txt. Skipping.
Warning: Invalid shape (176, 169) or empty file for subject 51021 at regions/51021_timeseries.txt. Skipping.
Warning: Invalid shape (176, 169) or empty file for subject 51023 at regions/51023_timeseries.txt. Skipping.
Warning: Invalid shape (176, 169) or empty file for subject 51024 at regions/51024_timeseries.txt. Skipping.
Warning: Invalid shape (176, 169) or empty file for subject 51025 at regions/51025_timeseries.txt. Skipping.
Warning: Invalid shape (176, 169) or empty file for subject 51026 at regions/51026_timeseries.txt. Skipping.
Warning: Invalid shape (176, 169) or empty file for subject 51027 at regions/51027_timeseries.txt. Skipping.
Warning: Invalid shape (176, 169) or empty file for subject 51028 at regions/51028_timeseries.txt. Skipping.
Warning: Invalid shape (176, 169) or empty file for subject 51029 at regions/51029_timeseries.txt. Skipping.
Warning: Invalid shape (176, 169) or empty file for subject 51032 at regions/51032_timeseries.txt. Skipping.
Warning: Invalid shape (176, 169) or empty file for subject 51033 at regions/51033_timeseries.txt. Skipping.
Warning: Invalid shape (176, 169) or empty file for subject 51034 at regions/51034_timeseries.txt. Skipping.
Warning: Invalid shape (176, 169) or empty file for subject 51035 at regions/51035_timeseries.txt. Skipping.
Warning: Invalid shape (176, 169) or empty file for subject 51036 at regions/51036_timeseries.txt. Skipping.
Warning: Invalid shape (176, 169) or empty file for subject 51038 at regions/51038_timeseries.txt. Skipping.
Warning: Invalid shape (176, 169) or empty file for subject 51039 at regions/51039_timeseries.txt. Skipping.
Warning: Invalid shape (176, 169) or empty file for subject 51040 at regions/51040_timeseries.txt. Skipping.
Warning: Invalid shape (176, 169) or empty file for subject 51041 at regions/51041_timeseries.txt. Skipping.
Warning: Invalid shape (176, 169) or empty file for subject 51042 at regions/51042_timeseries.txt. Skipping.
Warning: Invalid shape (176, 169) or empty file for subject 51044 at regions/51044_timeseries.txt. Skipping.
Warning: Invalid shape (176, 169) or empty file for subject 51045 at regions/51045_timeseries.txt. Skipping.
Warning: Invalid shape (176, 169) or empty file for subject 51046 at regions/51046_timeseries.txt. Skipping.
Warning: Invalid shape (176, 169) or empty file for subject 51047 at regions/51047_timeseries.txt. Skipping.
Warning: Invalid shape (176, 169) or empty file for subject 51048 at regions/51048_timeseries.txt. Skipping.
Warning: Invalid shape (176, 169) or empty file for subject 51049 at regions/51049_timeseries.txt. Skipping.
Warning: Invalid shape (176, 169) or empty file for subject 51050 at regions/51050_timeseries.txt. Skipping.
Warning: Invalid shape (176, 169) or empty file for subject 51051 at regions/51051_timeseries.txt. Skipping.
Warning: Invalid shape (176, 169) or empty file for subject 51052 at regions/51052_timeseries.txt. Skipping.
Warning: Invalid shape (176, 169) or empty file for subject 51053 at regions/51053_timeseries.txt. Skipping.
Warning: Invalid shape (176, 169) or empty file for subject 51055 at regions/51055_timeseries.txt. Skipping.
Warning: Invalid shape (176, 169) or empty file for subject 51056 at regions/51056_timeseries.txt. Skipping.
Warning: Invalid shape (176, 169) or empty file for subject 51058 at regions/51058_timeseries.txt. Skipping.
Warning: Invalid shape (176, 169) or empty file for subject 51059 at regions/51059_timeseries.txt. Skipping.
Warning: Invalid shape (176, 169) or empty file for subject 51060 at regions/51060_timeseries.txt. Skipping.
Warning: Invalid shape (176, 169) or empty file for subject 51061 at regions/51061_timeseries.txt. Skipping.
Warning: Invalid shape (176, 169) or empty file for subject 51064 at regions/51064_timeseries.txt. Skipping.
Warning: Invalid shape (176, 169) or empty file for subject 51065 at regions/51065_timeseries.txt. Skipping.
Warning: Invalid shape (176, 169) or empty file for subject 51066 at regions/51066_timeseries.txt. Skipping.
Warning: Invalid shape (176, 169) or empty file for subject 51067 at regions/51067_timeseries.txt. Skipping.
Warning: Invalid shape (176, 169) or empty file for subject 51068 at regions/51068_timeseries.txt. Skipping.
Warning: Invalid shape (176, 169) or empty file for subject 51069 at regions/51069_timeseries.txt. Skipping.
Warning: Invalid shape (176, 169) or empty file for subject 51070 at regions/51070_timeseries.txt. Skipping.
Warning: Invalid shape (176, 169) or empty file for subject 51072 at regions/51072_timeseries.txt. Skipping.
Warning: Invalid shape (176, 169) or empty file for subject 51073 at regions/51073_timeseries.txt. Skipping.
Warning: Invalid shape (176, 169) or empty file for subject 51074 at regions/51074_timeseries.txt. Skipping.
Warning: Invalid shape (176, 169) or empty file for subject 51075 at regions/51075_timeseries.txt. Skipping.
Warning: Invalid shape (176, 169) or empty file for subject 51076 at regions/51076_timeseries.txt. Skipping.
Warning: Invalid shape (176, 169) or empty file for subject 51077 at regions/51077_timeseries.txt. Skipping.
Warning: Invalid shape (176, 169) or empty file for subject 51078 at regions/51078_timeseries.txt. Skipping.
Warning: Invalid shape (176, 169) or empty file for subject 51079 at regions/51079_timeseries.txt. Skipping.
Warning: Invalid shape (176, 169) or empty file for subject 51080 at regions/51080_timeseries.txt. Skipping.
Warning: Invalid shape (176, 169) or empty file for subject 51081 at regions/51081_timeseries.txt. Skipping.
Warning: Invalid shape (176, 169) or empty file for subject 51082 at regions/51082_timeseries.txt. Skipping.
Warning: Invalid shape (176, 169) or empty file for subject 51083 at regions/51083_timeseries.txt. Skipping.
Warning: Invalid shape (176, 169) or empty file for subject 51084 at regions/51084_timeseries.txt. Skipping.
Warning: Invalid shape (176, 169) or empty file for subject 51085 at regions/51085_timeseries.txt. Skipping.
Warning: Invalid shape (176, 169) or empty file for subject 51086 at regions/51086_timeseries.txt. Skipping.
Warning: Invalid shape (176, 169) or empty file for subject 51087 at regions/51087_timeseries.txt. Skipping.
Warning: Invalid shape (176, 169) or empty file for subject 51088 at regions/51088_timeseries.txt. Skipping.
Warning: Invalid shape (176, 169) or empty file for subject 51089 at regions/51089_timeseries.txt. Skipping.
Warning: Invalid shape (176, 169) or empty file for subject 51090 at regions/51090_timeseries.txt. Skipping.
Warning: Invalid shape (176, 169) or empty file for subject 51091 at regions/51091_timeseries.txt. Skipping.
Warning: Invalid shape (176, 169) or empty file for subject 51093 at regions/51093_timeseries.txt. Skipping.
Warning: Invalid shape (176, 169) or empty file for subject 51094 at regions/51094_timeseries.txt. Skipping.
Warning: Invalid shape (176, 169) or empty file for subject 51095 at regions/51095_timeseries.txt. Skipping.
Warning: Invalid shape (176, 169) or empty file for subject 51096 at regions/51096_timeseries.txt. Skipping.
Warning: Invalid shape (176, 169) or empty file for subject 51097 at regions/51097_timeseries.txt. Skipping.
Warning: Invalid shape (176, 169) or empty file for subject 51099 at regions/51099_timeseries.txt. Skipping.
Warning: Invalid shape (176, 169) or empty file for subject 51100 at regions/51100_timeseries.txt. Skipping.
Warning: Invalid shape (176, 169) or empty file for subject 51101 at regions/51101_timeseries.txt. Skipping.
Warning: Invalid shape (176, 169) or empty file for subject 51103 at regions/51103_timeseries.txt. Skipping.
Warning: Invalid shape (176, 169) or empty file for subject 51104 at regions/51104_timeseries.txt. Skipping.
Warning: Invalid shape (176, 169) or empty file for subject 51105 at regions/51105_timeseries.txt. Skipping.
Warning: Invalid shape (176, 169) or empty file for subject 51106 at regions/51106_timeseries.txt. Skipping.
Warning: Invalid shape (176, 169) or empty file for subject 51109 at regions/51109_timeseries.txt. Skipping.
Warning: Invalid shape (176, 169) or empty file for subject 51110 at regions/51110_timeseries.txt. Skipping.
Warning: Invalid shape (176, 169) or empty file for subject 51111 at regions/51111_timeseries.txt. Skipping.
Warning: Invalid shape (176, 169) or empty file for subject 51112 at regions/51112_timeseries.txt. Skipping.
Warning: Invalid shape (176, 169) or empty file for subject 51113 at regions/51113_timeseries.txt. Skipping.
Warning: Invalid shape (176, 169) or empty file for subject 51114 at regions/51114_timeseries.txt. Skipping.
Warning: Invalid shape (176, 169) or empty file for subject 51116 at regions/51116_timeseries.txt. Skipping.
Warning: Invalid shape (176, 169) or empty file for subject 51117 at regions/51117_timeseries.txt. Skipping.
Warning: Invalid shape (176, 169) or empty file for subject 51118 at regions/51118_timeseries.txt. Skipping.
Warning: Invalid shape (176, 169) or empty file for subject 51122 at regions/51122_timeseries.txt. Skipping.
Warning: Invalid shape (176, 169) or empty file for subject 51123 at regions/51123_timeseries.txt. Skipping.
Warning: Invalid shape (176, 169) or empty file for subject 51124 at regions/51124_timeseries.txt. Skipping.
Warning: Invalid shape (176, 169) or empty file for subject 51126 at regions/51126_timeseries.txt. Skipping.
Warning: Invalid shape (176, 169) or empty file for subject 51127 at regions/51127_timeseries.txt. Skipping.
Warning: Invalid shape (176, 169) or empty file for subject 51128 at regions/51128_timeseries.txt. Skipping.
Warning: Invalid shape (176, 169) or empty file for subject 51129 at regions/51129_timeseries.txt. Skipping.
Warning: Invalid shape (176, 169) or empty file for subject 51131 at regions/51131_timeseries.txt. Skipping.
Warning: Invalid shape (146, 169) or empty file for subject 51132 at regions/51132_timeseries.txt. Skipping.
Warning: Invalid shape (146, 169) or empty file for subject 51133 at regions/51133_timeseries.txt. Skipping.
Warning: Invalid shape (146, 169) or empty file for subject 51135 at regions/51135_timeseries.txt. Skipping.
Warning: Invalid shape (146, 169) or empty file for subject 51136 at regions/51136_timeseries.txt. Skipping.
Warning: Invalid shape (146, 169) or empty file for subject 51137 at regions/51137_timeseries.txt. Skipping.
Warning: Invalid shape (146, 169) or empty file for subject 51138 at regions/51138_timeseries.txt. Skipping.
Warning: Invalid shape (146, 169) or empty file for subject 51139 at regions/51139_timeseries.txt. Skipping.
Warning: Invalid shape (146, 169) or empty file for subject 51140 at regions/51140_timeseries.txt. Skipping.
Warning: Invalid shape (146, 169) or empty file for subject 51141 at regions/51141_timeseries.txt. Skipping.
Warning: Invalid shape (146, 169) or empty file for subject 51142 at regions/51142_timeseries.txt. Skipping.
Warning: Invalid shape (176, 169) or empty file for subject 51146 at regions/51146_timeseries.txt. Skipping.
Warning: Invalid shape (176, 169) or empty file for subject 51147 at regions/51147_timeseries.txt. Skipping.
Warning: Invalid shape (176, 169) or empty file for subject 51149 at regions/51149_timeseries.txt. Skipping.
Warning: Invalid shape (176, 169) or empty file for subject 51150 at regions/51150_timeseries.txt. Skipping.
Warning: Invalid shape (176, 169) or empty file for subject 51151 at regions/51151_timeseries.txt. Skipping.
Warning: Invalid shape (176, 169) or empty file for subject 51152 at regions/51152_timeseries.txt. Skipping.
Warning: Invalid shape (176, 169) or empty file for subject 51153 at regions/51153_timeseries.txt. Skipping.
Warning: Invalid shape (176, 169) or empty file for subject 51154 at regions/51154_timeseries.txt. Skipping.
Warning: Invalid shape (176, 169) or empty file for subject 51155 at regions/51155_timeseries.txt. Skipping.
Warning: Invalid shape (176, 169) or empty file for subject 51156 at regions/51156_timeseries.txt. Skipping.
Warning: Invalid shape (176, 169) or empty file for subject 51159 at regions/51159_timeseries.txt. Skipping.
Warning: Invalid shape (176, 169) or empty file for subject 51161 at regions/51161_timeseries.txt. Skipping.
Warning: Invalid shape (176, 169) or empty file for subject 51162 at regions/51162_timeseries.txt. Skipping.
Warning: Invalid shape (176, 169) or empty file for subject 51163 at regions/51163_timeseries.txt. Skipping.
Warning: Invalid shape (176, 169) or empty file for subject 51164 at regions/51164_timeseries.txt. Skipping.
Warning: Invalid shape (176, 169) or empty file for subject 51169 at regions/51169_timeseries.txt. Skipping.
Warning: Invalid shape (176, 169) or empty file for subject 51170 at regions/51170_timeseries.txt. Skipping.
Warning: Invalid shape (176, 169) or empty file for subject 51171 at regions/51171_timeseries.txt. Skipping.
Warning: Invalid shape (176, 169) or empty file for subject 51173 at regions/51173_timeseries.txt. Skipping.
Warning: Invalid shape (176, 169) or empty file for subject 51177 at regions/51177_timeseries.txt. Skipping.
Warning: Invalid shape (176, 169) or empty file for subject 51178 at regions/51178_timeseries.txt. Skipping.
Warning: Invalid shape (176, 169) or empty file for subject 51179 at regions/51179_timeseries.txt. Skipping.
Warning: Invalid shape (236, 169) or empty file for subject 51180 at regions/51180_timeseries.txt. Skipping.
Warning: Invalid shape (236, 169) or empty file for subject 51182 at regions/51182_timeseries.txt. Skipping.
Warning: Invalid shape (236, 169) or empty file for subject 51183 at regions/51183_timeseries.txt. Skipping.
Warning: Invalid shape (236, 169) or empty file for subject 51184 at regions/51184_timeseries.txt. Skipping.
Warning: Invalid shape (236, 169) or empty file for subject 51187 at regions/51187_timeseries.txt. Skipping.
Warning: Invalid shape (236, 169) or empty file for subject 51188 at regions/51188_timeseries.txt. Skipping.
Warning: Invalid shape (236, 169) or empty file for subject 51189 at regions/51189_timeseries.txt. Skipping.
Warning: Invalid shape (236, 169) or empty file for subject 51192 at regions/51192_timeseries.txt. Skipping.
Warning: Invalid shape (236, 169) or empty file for subject 51194 at regions/51194_timeseries.txt. Skipping.
Warning: Invalid shape (236, 169) or empty file for subject 51197 at regions/51197_timeseries.txt. Skipping.
Warning: Invalid shape (236, 169) or empty file for subject 51198 at regions/51198_timeseries.txt. Skipping.
Warning: Invalid shape (116, 169) or empty file for subject 51201 at regions/51201_timeseries.txt. Skipping.
Warning: Invalid shape (116, 169) or empty file for subject 51202 at regions/51202_timeseries.txt. Skipping.
Warning: Invalid shape (116, 169) or empty file for subject 51203 at regions/51203_timeseries.txt. Skipping.
Warning: Invalid shape (116, 169) or empty file for subject 51204 at regions/51204_timeseries.txt. Skipping.
Warning: Invalid shape (116, 169) or empty file for subject 51206 at regions/51206_timeseries.txt. Skipping.
Warning: Invalid shape (116, 169) or empty file for subject 51207 at regions/51207_timeseries.txt. Skipping.
Warning: Invalid shape (116, 169) or empty file for subject 51208 at regions/51208_timeseries.txt. Skipping.
Warning: Invalid shape (116, 169) or empty file for subject 51210 at regions/51210_timeseries.txt. Skipping.
Warning: Invalid shape (116, 169) or empty file for subject 51212 at regions/51212_timeseries.txt. Skipping.
Warning: Invalid shape (116, 169) or empty file for subject 51214 at regions/51214_timeseries.txt. Skipping.
Warning: Invalid shape (116, 169) or empty file for subject 51215 at regions/51215_timeseries.txt. Skipping.
Warning: Invalid shape (116, 169) or empty file for subject 51216 at regions/51216_timeseries.txt. Skipping.
Warning: Invalid shape (116, 169) or empty file for subject 51217 at regions/51217_timeseries.txt. Skipping.
Warning: Invalid shape (116, 169) or empty file for subject 51218 at regions/51218_timeseries.txt. Skipping.
Warning: Invalid shape (116, 169) or empty file for subject 51220 at regions/51220_timeseries.txt. Skipping.
Warning: Invalid shape (116, 169) or empty file for subject 51221 at regions/51221_timeseries.txt. Skipping.
Warning: Invalid shape (116, 169) or empty file for subject 51222 at regions/51222_timeseries.txt. Skipping.
Warning: Invalid shape (116, 169) or empty file for subject 51223 at regions/51223_timeseries.txt. Skipping.
Warning: Invalid shape (116, 169) or empty file for subject 51224 at regions/51224_timeseries.txt. Skipping.
Warning: Invalid shape (116, 169) or empty file for subject 51225 at regions/51225_timeseries.txt. Skipping.
Warning: Invalid shape (116, 169) or empty file for subject 51226 at regions/51226_timeseries.txt. Skipping.
Warning: Invalid shape (116, 169) or empty file for subject 51228 at regions/51228_timeseries.txt. Skipping.
Warning: Invalid shape (116, 169) or empty file for subject 51229 at regions/51229_timeseries.txt. Skipping.
Warning: Invalid shape (116, 169) or empty file for subject 51230 at regions/51230_timeseries.txt. Skipping.
Warning: Invalid shape (116, 169) or empty file for subject 51231 at regions/51231_timeseries.txt. Skipping.
Warning: Invalid shape (116, 169) or empty file for subject 51234 at regions/51234_timeseries.txt. Skipping.
Warning: Invalid shape (116, 169) or empty file for subject 51235 at regions/51235_timeseries.txt. Skipping.
Warning: Invalid shape (116, 169) or empty file for subject 51236 at regions/51236_timeseries.txt. Skipping.
Warning: Invalid shape (116, 169) or empty file for subject 51237 at regions/51237_timeseries.txt. Skipping.
Warning: Invalid shape (116, 169) or empty file for subject 51239 at regions/51239_timeseries.txt. Skipping.
Warning: Invalid shape (116, 169) or empty file for subject 51241 at regions/51241_timeseries.txt. Skipping.
Warning: Invalid shape (116, 169) or empty file for subject 51248 at regions/51248_timeseries.txt. Skipping.
Warning: Invalid shape (116, 169) or empty file for subject 51249 at regions/51249_timeseries.txt. Skipping.
Warning: Invalid shape (116, 169) or empty file for subject 51250 at regions/51250_timeseries.txt. Skipping.
Warning: Invalid shape (116, 169) or empty file for subject 51251 at regions/51251_timeseries.txt. Skipping.
Warning: Invalid shape (116, 169) or empty file for subject 51252 at regions/51252_timeseries.txt. Skipping.
Warning: Invalid shape (116, 169) or empty file for subject 51253 at regions/51253_timeseries.txt. Skipping.
Warning: Invalid shape (116, 169) or empty file for subject 51254 at regions/51254_timeseries.txt. Skipping.
Warning: Invalid shape (116, 169) or empty file for subject 51255 at regions/51255_timeseries.txt. Skipping.
Warning: Invalid shape (116, 169) or empty file for subject 51256 at regions/51256_timeseries.txt. Skipping.
Warning: Invalid shape (116, 169) or empty file for subject 51257 at regions/51257_timeseries.txt. Skipping.
Warning: Invalid shape (116, 169) or empty file for subject 51260 at regions/51260_timeseries.txt. Skipping.
Warning: Invalid shape (116, 169) or empty file for subject 51261 at regions/51261_timeseries.txt. Skipping.
Warning: Invalid shape (116, 169) or empty file for subject 51264 at regions/51264_timeseries.txt. Skipping.
Warning: Invalid shape (116, 169) or empty file for subject 51265 at regions/51265_timeseries.txt. Skipping.
Warning: Invalid shape (116, 169) or empty file for subject 51266 at regions/51266_timeseries.txt. Skipping.
Warning: Invalid shape (116, 169) or empty file for subject 51267 at regions/51267_timeseries.txt. Skipping.
Warning: Invalid shape (116, 169) or empty file for subject 51268 at regions/51268_timeseries.txt. Skipping.
Warning: Invalid shape (116, 169) or empty file for subject 51271 at regions/51271_timeseries.txt. Skipping.
Warning: Invalid shape (116, 169) or empty file for subject 51272 at regions/51272_timeseries.txt. Skipping.
Warning: Invalid shape (116, 169) or empty file for subject 51273 at regions/51273_timeseries.txt. Skipping.
Warning: Invalid shape (116, 169) or empty file for subject 51275 at regions/51275_timeseries.txt. Skipping.
Warning: Invalid shape (116, 169) or empty file for subject 51276 at regions/51276_timeseries.txt. Skipping.
Warning: Invalid shape (116, 169) or empty file for subject 51277 at regions/51277_timeseries.txt. Skipping.
Warning: Invalid shape (116, 169) or empty file for subject 51278 at regions/51278_timeseries.txt. Skipping.
Warning: Invalid shape (116, 169) or empty file for subject 51279 at regions/51279_timeseries.txt. Skipping.
Warning: Invalid shape (116, 169) or empty file for subject 51280 at regions/51280_timeseries.txt. Skipping.
Warning: Invalid shape (116, 169) or empty file for subject 51281 at regions/51281_timeseries.txt. Skipping.
Warning: Invalid shape (116, 169) or empty file for subject 51291 at regions/51291_timeseries.txt. Skipping.
Warning: Invalid shape (116, 169) or empty file for subject 51292 at regions/51292_timeseries.txt. Skipping.
Warning: Invalid shape (116, 169) or empty file for subject 51293 at regions/51293_timeseries.txt. Skipping.
Warning: Invalid shape (116, 169) or empty file for subject 51295 at regions/51295_timeseries.txt. Skipping.
Warning: Invalid shape (116, 169) or empty file for subject 51298 at regions/51298_timeseries.txt. Skipping.
Warning: Invalid shape (116, 169) or empty file for subject 51299 at regions/51299_timeseries.txt. Skipping.
Warning: Invalid shape (116, 169) or empty file for subject 51300 at regions/51300_timeseries.txt. Skipping.
Warning: Invalid shape (116, 169) or empty file for subject 51301 at regions/51301_timeseries.txt. Skipping.
Warning: Invalid shape (116, 169) or empty file for subject 51302 at regions/51302_timeseries.txt. Skipping.
Warning: Invalid shape (116, 169) or empty file for subject 51303 at regions/51303_timeseries.txt. Skipping.
Warning: Invalid shape (116, 169) or empty file for subject 51304 at regions/51304_timeseries.txt. Skipping.
Warning: Invalid shape (116, 169) or empty file for subject 51305 at regions/51305_timeseries.txt. Skipping.
Warning: Invalid shape (116, 169) or empty file for subject 51306 at regions/51306_timeseries.txt. Skipping.
Warning: Invalid shape (116, 169) or empty file for subject 51308 at regions/51308_timeseries.txt. Skipping.
Warning: Invalid shape (116, 169) or empty file for subject 51309 at regions/51309_timeseries.txt. Skipping.
Warning: Invalid shape (116, 169) or empty file for subject 51311 at regions/51311_timeseries.txt. Skipping.
Warning: Invalid shape (116, 169) or empty file for subject 51313 at regions/51313_timeseries.txt. Skipping.
Warning: Invalid shape (116, 169) or empty file for subject 51315 at regions/51315_timeseries.txt. Skipping.
Warning: Invalid shape (116, 169) or empty file for subject 51318 at regions/51318_timeseries.txt. Skipping.
Warning: Invalid shape (116, 169) or empty file for subject 51319 at regions/51319_timeseries.txt. Skipping.
Warning: Invalid shape (116, 169) or empty file for subject 51320 at regions/51320_timeseries.txt. Skipping.
Warning: Invalid shape (116, 169) or empty file for subject 51321 at regions/51321_timeseries.txt. Skipping.
Warning: Invalid shape (116, 169) or empty file for subject 51322 at regions/51322_timeseries.txt. Skipping.
Warning: Invalid shape (116, 169) or empty file for subject 51323 at regions/51323_timeseries.txt. Skipping.
Warning: Invalid shape (116, 169) or empty file for subject 51325 at regions/51325_timeseries.txt. Skipping.
Warning: Invalid shape (116, 169) or empty file for subject 51326 at regions/51326_timeseries.txt. Skipping.
Warning: Invalid shape (116, 169) or empty file for subject 51327 at regions/51327_timeseries.txt. Skipping.
Warning: Invalid shape (116, 169) or empty file for subject 51328 at regions/51328_timeseries.txt. Skipping.
Warning: Invalid shape (196, 169) or empty file for subject 51330 at regions/51330_timeseries.txt. Skipping.
Warning: Invalid shape (196, 169) or empty file for subject 51331 at regions/51331_timeseries.txt. Skipping.
Warning: Invalid shape (116, 169) or empty file for subject 51332 at regions/51332_timeseries.txt. Skipping.
Warning: Invalid shape (116, 169) or empty file for subject 51333 at regions/51333_timeseries.txt. Skipping.
Warning: Invalid shape (116, 169) or empty file for subject 51334 at regions/51334_timeseries.txt. Skipping.
Warning: Invalid shape (116, 169) or empty file for subject 51335 at regions/51335_timeseries.txt. Skipping.
Warning: Invalid shape (116, 169) or empty file for subject 51336 at regions/51336_timeseries.txt. Skipping.
Warning: Invalid shape (116, 169) or empty file for subject 51338 at regions/51338_timeseries.txt. Skipping.
Warning: Invalid shape (116, 169) or empty file for subject 51339 at regions/51339_timeseries.txt. Skipping.
Warning: Invalid shape (116, 169) or empty file for subject 51340 at regions/51340_timeseries.txt. Skipping.
Warning: Invalid shape (116, 169) or empty file for subject 51341 at regions/51341_timeseries.txt. Skipping.
Warning: Invalid shape (116, 169) or empty file for subject 51342 at regions/51342_timeseries.txt. Skipping.
Warning: Invalid shape (116, 169) or empty file for subject 51343 at regions/51343_timeseries.txt. Skipping.
Warning: Invalid shape (116, 169) or empty file for subject 51344 at regions/51344_timeseries.txt. Skipping.
Warning: Invalid shape (116, 169) or empty file for subject 51345 at regions/51345_timeseries.txt. Skipping.
Warning: Invalid shape (116, 169) or empty file for subject 51346 at regions/51346_timeseries.txt. Skipping.
Warning: Invalid shape (116, 169) or empty file for subject 51347 at regions/51347_timeseries.txt. Skipping.
Warning: Invalid shape (196, 169) or empty file for subject 51349 at regions/51349_timeseries.txt. Skipping.
Warning: Invalid shape (196, 169) or empty file for subject 51351 at regions/51351_timeseries.txt. Skipping.
Warning: Invalid shape (196, 169) or empty file for subject 51354 at regions/51354_timeseries.txt. Skipping.
Warning: Invalid shape (196, 169) or empty file for subject 51356 at regions/51356_timeseries.txt. Skipping.
Warning: Invalid shape (196, 169) or empty file for subject 51357 at regions/51357_timeseries.txt. Skipping.
Warning: Invalid shape (196, 169) or empty file for subject 51359 at regions/51359_timeseries.txt. Skipping.
Warning: Invalid shape (196, 169) or empty file for subject 51360 at regions/51360_timeseries.txt. Skipping.
Warning: Invalid shape (196, 169) or empty file for subject 51361 at regions/51361_timeseries.txt. Skipping.
Warning: Invalid shape (116, 169) or empty file for subject 51362 at regions/51362_timeseries.txt. Skipping.
Warning: Invalid shape (116, 169) or empty file for subject 51364 at regions/51364_timeseries.txt. Skipping.
Warning: Invalid shape (116, 169) or empty file for subject 51365 at regions/51365_timeseries.txt. Skipping.
Warning: Invalid shape (116, 169) or empty file for subject 51369 at regions/51369_timeseries.txt. Skipping.
Warning: Invalid shape (116, 169) or empty file for subject 51370 at regions/51370_timeseries.txt. Skipping.
Warning: Invalid shape (116, 169) or empty file for subject 51373 at regions/51373_timeseries.txt. Skipping.
Warning: Invalid shape (146, 169) or empty file for subject 51463 at regions/51463_timeseries.txt. Skipping.
Warning: Invalid shape (146, 169) or empty file for subject 51464 at regions/51464_timeseries.txt. Skipping.
Warning: Invalid shape (146, 169) or empty file for subject 51465 at regions/51465_timeseries.txt. Skipping.
Warning: Invalid shape (146, 169) or empty file for subject 51473 at regions/51473_timeseries.txt. Skipping.
Warning: Invalid shape (146, 169) or empty file for subject 51477 at regions/51477_timeseries.txt. Skipping.
Warning: Invalid shape (146, 169) or empty file for subject 51479 at regions/51479_timeseries.txt. Skipping.
Warning: Invalid shape (146, 169) or empty file for subject 51480 at regions/51480_timeseries.txt. Skipping.
Warning: Invalid shape (146, 169) or empty file for subject 51481 at regions/51481_timeseries.txt. Skipping.
Warning: Invalid shape (146, 169) or empty file for subject 51482 at regions/51482_timeseries.txt. Skipping.
Warning: Invalid shape (146, 169) or empty file for subject 51487 at regions/51487_timeseries.txt. Skipping.
Warning: Invalid shape (146, 169) or empty file for subject 51488 at regions/51488_timeseries.txt. Skipping.
Warning: Invalid shape (146, 169) or empty file for subject 51491 at regions/51491_timeseries.txt. Skipping.
Warning: Invalid shape (146, 169) or empty file for subject 51493 at regions/51493_timeseries.txt. Skipping.
Warning: Invalid shape (196, 169) or empty file for subject 51556 at regions/51556_timeseries.txt. Skipping.
Warning: Invalid shape (196, 169) or empty file for subject 51558 at regions/51558_timeseries.txt. Skipping.
Warning: Invalid shape (196, 169) or empty file for subject 51563 at regions/51563_timeseries.txt. Skipping.
Warning: Invalid shape (196, 169) or empty file for subject 51564 at regions/51564_timeseries.txt. Skipping.
Warning: Invalid shape (196, 169) or empty file for subject 51565 at regions/51565_timeseries.txt. Skipping.
Warning: Invalid shape (196, 169) or empty file for subject 51566 at regions/51566_timeseries.txt. Skipping.
Warning: Invalid shape (196, 169) or empty file for subject 51567 at regions/51567_timeseries.txt. Skipping.
Warning: Invalid shape (196, 169) or empty file for subject 51568 at regions/51568_timeseries.txt. Skipping.
Warning: Invalid shape (196, 169) or empty file for subject 51569 at regions/51569_timeseries.txt. Skipping.
Warning: Invalid shape (196, 169) or empty file for subject 51570 at regions/51570_timeseries.txt. Skipping.
Warning: Invalid shape (196, 169) or empty file for subject 51572 at regions/51572_timeseries.txt. Skipping.
Warning: Invalid shape (196, 169) or empty file for subject 51573 at regions/51573_timeseries.txt. Skipping.
Warning: Invalid shape (196, 169) or empty file for subject 51574 at regions/51574_timeseries.txt. Skipping.
Warning: Invalid shape (196, 169) or empty file for subject 51576 at regions/51576_timeseries.txt. Skipping.
Warning: Invalid shape (196, 169) or empty file for subject 51577 at regions/51577_timeseries.txt. Skipping.
Warning: Invalid shape (196, 169) or empty file for subject 51578 at regions/51578_timeseries.txt. Skipping.
Warning: Invalid shape (196, 169) or empty file for subject 51579 at regions/51579_timeseries.txt. Skipping.
Warning: Invalid shape (196, 169) or empty file for subject 51580 at regions/51580_timeseries.txt. Skipping.
Warning: Invalid shape (196, 169) or empty file for subject 51582 at regions/51582_timeseries.txt. Skipping.
Warning: Invalid shape (196, 169) or empty file for subject 51583 at regions/51583_timeseries.txt. Skipping.
Warning: Invalid shape (196, 169) or empty file for subject 51584 at regions/51584_timeseries.txt. Skipping.
Warning: Invalid shape (196, 169) or empty file for subject 51585 at regions/51585_timeseries.txt. Skipping.
Warning: Invalid shape (116, 169) or empty file for subject 51606 at regions/51606_timeseries.txt. Skipping.
Warning: Invalid shape (116, 169) or empty file for subject 51607 at regions/51607_timeseries.txt. Skipping.
Warning: Invalid shape (196, 169) or empty file for subject 50003 at regions/50003_timeseries.txt. Skipping.
Warning: Invalid shape (196, 169) or empty file for subject 50037 at regions/50037_timeseries.txt. Skipping.
Warning: Invalid shape (196, 169) or empty file for subject 50039 at regions/50039_timeseries.txt. Skipping.
Warning: Invalid shape (196, 169) or empty file for subject 50043 at regions/50043_timeseries.txt. Skipping.
Warning: Invalid shape (196, 169) or empty file for subject 50051 at regions/50051_timeseries.txt. Skipping.
Warning: Invalid shape (196, 169) or empty file for subject 50054 at regions/50054_timeseries.txt. Skipping.
Warning: Invalid shape (78, 169) or empty file for subject 50167 at regions/50167_timeseries.txt. Skipping.
Warning: Invalid shape (176, 169) or empty file for subject 50183 at regions/50183_timeseries.txt. Skipping.
Warning: Invalid shape (176, 169) or empty file for subject 50200 at regions/50200_timeseries.txt. Skipping.
Warning: Invalid shape (146, 169) or empty file for subject 50237 at regions/50237_timeseries.txt. Skipping.
Warning: Invalid shape (146, 169) or empty file for subject 50249 at regions/50249_timeseries.txt. Skipping.
Warning: Invalid shape (296, 169) or empty file for subject 50290 at regions/50290_timeseries.txt. Skipping.
Warning: Invalid shape (296, 169) or empty file for subject 50327 at regions/50327_timeseries.txt. Skipping.
Warning: Invalid shape (296, 169) or empty file for subject 50361 at regions/50361_timeseries.txt. Skipping.
Warning: Invalid shape (296, 169) or empty file for subject 50365 at regions/50365_timeseries.txt. Skipping.
Warning: Invalid shape (296, 169) or empty file for subject 50375 at regions/50375_timeseries.txt. Skipping.
Warning: Invalid shape (296, 169) or empty file for subject 50404 at regions/50404_timeseries.txt. Skipping.
Warning: Invalid shape (296, 169) or empty file for subject 50407 at regions/50407_timeseries.txt. Skipping.
Warning: Invalid shape (296, 169) or empty file for subject 50416 at regions/50416_timeseries.txt. Skipping.
Warning: Invalid shape (296, 169) or empty file for subject 50417 at regions/50417_timeseries.txt. Skipping.
Warning: Invalid shape (296, 169) or empty file for subject 50418 at regions/50418_timeseries.txt. Skipping.
Warning: Invalid shape (236, 169) or empty file for subject 50433 at regions/50433_timeseries.txt. Skipping.
Warning: Invalid shape (236, 169) or empty file for subject 50436 at regions/50436_timeseries.txt. Skipping.
Warning: Invalid shape (236, 169) or empty file for subject 50441 at regions/50441_timeseries.txt. Skipping.
Warning: Invalid shape (236, 169) or empty file for subject 50444 at regions/50444_timeseries.txt. Skipping.
Warning: Invalid shape (236, 169) or empty file for subject 50487 at regions/50487_timeseries.txt. Skipping.
Warning: Invalid shape (236, 169) or empty file for subject 50501 at regions/50501_timeseries.txt. Skipping.
Warning: Invalid shape (236, 169) or empty file for subject 50516 at regions/50516_timeseries.txt. Skipping.
Warning: Invalid shape (236, 169) or empty file for subject 50525 at regions/50525_timeseries.txt. Skipping.
Warning: Invalid shape (196, 169) or empty file for subject 50551 at regions/50551_timeseries.txt. Skipping.
Warning: Invalid shape (196, 169) or empty file for subject 50568 at regions/50568_timeseries.txt. Skipping.
Warning: Invalid shape (196, 169) or empty file for subject 50614 at regions/50614_timeseries.txt. Skipping.
Warning: Invalid shape (196, 169) or empty file for subject 50627 at regions/50627_timeseries.txt. Skipping.
Warning: Invalid shape (196, 169) or empty file for subject 50628 at regions/50628_timeseries.txt. Skipping.
Warning: Invalid shape (316, 169) or empty file for subject 50644 at regions/50644_timeseries.txt. Skipping.
Warning: Invalid shape (236, 169) or empty file for subject 50654 at regions/50654_timeseries.txt. Skipping.
Warning: Invalid shape (236, 169) or empty file for subject 50659 at regions/50659_timeseries.txt. Skipping.
Warning: Invalid shape (246, 169) or empty file for subject 50691 at regions/50691_timeseries.txt. Skipping.
Warning: Invalid shape (246, 169) or empty file for subject 50695 at regions/50695_timeseries.txt. Skipping.
Warning: Invalid shape (246, 169) or empty file for subject 50698 at regions/50698_timeseries.txt. Skipping.
Warning: Invalid shape (246, 169) or empty file for subject 50702 at regions/50702_timeseries.txt. Skipping.
Warning: Invalid shape (246, 169) or empty file for subject 50704 at regions/50704_timeseries.txt. Skipping.
Warning: Invalid shape (246, 169) or empty file for subject 50705 at regions/50705_timeseries.txt. Skipping.
Warning: Invalid shape (246, 169) or empty file for subject 50735 at regions/50735_timeseries.txt. Skipping.
Warning: Invalid shape (152, 169) or empty file for subject 50781 at regions/50781_timeseries.txt. Skipping.
Warning: Invalid shape (124, 169) or empty file for subject 50791 at regions/50791_timeseries.txt. Skipping.
Warning: Invalid shape (152, 169) or empty file for subject 50797 at regions/50797_timeseries.txt. Skipping.
Warning: Invalid shape (176, 169) or empty file for subject 50957 at regions/50957_timeseries.txt. Skipping.
Warning: Invalid shape (176, 169) or empty file for subject 50961 at regions/50961_timeseries.txt. Skipping.
Warning: Invalid shape (176, 169) or empty file for subject 50973 at regions/50973_timeseries.txt. Skipping.
Warning: Invalid shape (176, 169) or empty file for subject 50978 at regions/50978_timeseries.txt. Skipping.
Warning: Invalid shape (176, 169) or empty file for subject 50999 at regions/50999_timeseries.txt. Skipping.
Warning: Invalid shape (176, 169) or empty file for subject 51000 at regions/51000_timeseries.txt. Skipping.
Warning: Invalid shape (176, 169) or empty file for subject 51003 at regions/51003_timeseries.txt. Skipping.
Warning: Invalid shape (176, 169) or empty file for subject 51030 at regions/51030_timeseries.txt. Skipping.
Warning: Invalid shape (176, 169) or empty file for subject 51054 at regions/51054_timeseries.txt. Skipping.
Warning: Invalid shape (176, 169) or empty file for subject 51057 at regions/51057_timeseries.txt. Skipping.
Warning: Invalid shape (176, 169) or empty file for subject 51062 at regions/51062_timeseries.txt. Skipping.
Warning: Invalid shape (176, 169) or empty file for subject 51063 at regions/51063_timeseries.txt. Skipping.
Warning: Invalid shape (176, 169) or empty file for subject 51098 at regions/51098_timeseries.txt. Skipping.
Warning: Invalid shape (176, 169) or empty file for subject 51102 at regions/51102_timeseries.txt. Skipping.
Warning: Invalid shape (176, 169) or empty file for subject 51107 at regions/51107_timeseries.txt. Skipping.
Warning: Invalid shape (176, 169) or empty file for subject 51130 at regions/51130_timeseries.txt. Skipping.
Warning: Invalid shape (146, 169) or empty file for subject 51134 at regions/51134_timeseries.txt. Skipping.
Warning: Invalid shape (176, 169) or empty file for subject 51148 at regions/51148_timeseries.txt. Skipping.
Warning: Invalid shape (176, 169) or empty file for subject 51168 at regions/51168_timeseries.txt. Skipping.
Warning: Invalid shape (236, 169) or empty file for subject 51181 at regions/51181_timeseries.txt. Skipping.
Warning: Invalid shape (236, 169) or empty file for subject 51185 at regions/51185_timeseries.txt. Skipping.
Warning: Invalid shape (116, 169) or empty file for subject 51205 at regions/51205_timeseries.txt. Skipping.
Warning: Invalid shape (116, 169) or empty file for subject 51211 at regions/51211_timeseries.txt. Skipping.
Warning: Invalid shape (116, 169) or empty file for subject 51219 at regions/51219_timeseries.txt. Skipping.
Warning: Invalid shape (116, 169) or empty file for subject 51240 at regions/51240_timeseries.txt. Skipping.
Warning: Invalid shape (116, 169) or empty file for subject 51262 at regions/51262_timeseries.txt. Skipping.
Warning: Invalid shape (116, 169) or empty file for subject 51269 at regions/51269_timeseries.txt. Skipping.
Warning: Invalid shape (116, 169) or empty file for subject 51294 at regions/51294_timeseries.txt. Skipping.
Warning: Invalid shape (116, 169) or empty file for subject 51297 at regions/51297_timeseries.txt. Skipping.
Warning: Invalid shape (116, 169) or empty file for subject 51307 at regions/51307_timeseries.txt. Skipping.
Warning: Invalid shape (196, 169) or empty file for subject 51329 at regions/51329_timeseries.txt. Skipping.
Warning: Invalid shape (196, 169) or empty file for subject 51350 at regions/51350_timeseries.txt. Skipping.
Warning: Invalid shape (116, 169) or empty file for subject 51363 at regions/51363_timeseries.txt. Skipping.
Warning: Invalid shape (146, 169) or empty file for subject 51461 at regions/51461_timeseries.txt. Skipping.
Warning: Invalid shape (146, 169) or empty file for subject 51484 at regions/51484_timeseries.txt. Skipping.
Warning: Invalid shape (196, 169) or empty file for subject 51557 at regions/51557_timeseries.txt. Skipping.
Warning: Invalid shape (196, 169) or empty file for subject 51559 at regions/51559_timeseries.txt. Skipping.
Warning: Invalid shape (196, 169) or empty file for subject 51560 at regions/51560_timeseries.txt. Skipping.
Warning: Invalid shape (196, 169) or empty file for subject 51562 at regions/51562_timeseries.txt. Skipping.
Error: No time series could be loaded successfully for this fold.
Critical Error: Could not load/pad time series for Fold 8. Skipping fold.

--- Fold 9/10 ---
Loading time series for 866 subjects in fold...
Warning: Invalid shape (196, 169) or empty file for subject 50003 at regions/50003_timeseries.txt. Skipping.
Warning: Invalid shape (196, 169) or empty file for subject 50004 at regions/50004_timeseries.txt. Skipping.
Warning: Invalid shape (196, 169) or empty file for subject 50005 at regions/50005_timeseries.txt. Skipping.
Warning: Invalid shape (196, 169) or empty file for subject 50006 at regions/50006_timeseries.txt. Skipping.
Warning: Invalid shape (196, 169) or empty file for subject 50007 at regions/50007_timeseries.txt. Skipping.
Warning: Invalid shape (196, 169) or empty file for subject 50008 at regions/50008_timeseries.txt. Skipping.
Warning: Invalid shape (196, 169) or empty file for subject 50010 at regions/50010_timeseries.txt. Skipping.
Warning: Invalid shape (196, 169) or empty file for subject 50011 at regions/50011_timeseries.txt. Skipping.
Warning: Invalid shape (196, 169) or empty file for subject 50012 at regions/50012_timeseries.txt. Skipping.
Warning: Invalid shape (196, 169) or empty file for subject 50013 at regions/50013_timeseries.txt. Skipping.
Warning: Invalid shape (196, 169) or empty file for subject 50014 at regions/50014_timeseries.txt. Skipping.
Warning: Invalid shape (196, 169) or empty file for subject 50015 at regions/50015_timeseries.txt. Skipping.
Warning: Invalid shape (196, 169) or empty file for subject 50016 at regions/50016_timeseries.txt. Skipping.
Warning: Invalid shape (196, 169) or empty file for subject 50020 at regions/50020_timeseries.txt. Skipping.
Warning: Invalid shape (196, 169) or empty file for subject 50022 at regions/50022_timeseries.txt. Skipping.
Warning: Invalid shape (196, 169) or empty file for subject 50023 at regions/50023_timeseries.txt. Skipping.
Warning: Invalid shape (196, 169) or empty file for subject 50024 at regions/50024_timeseries.txt. Skipping.
Warning: Invalid shape (196, 169) or empty file for subject 50025 at regions/50025_timeseries.txt. Skipping.
Warning: Invalid shape (196, 169) or empty file for subject 50026 at regions/50026_timeseries.txt. Skipping.
Warning: Invalid shape (196, 169) or empty file for subject 50027 at regions/50027_timeseries.txt. Skipping.
Warning: Invalid shape (196, 169) or empty file for subject 50028 at regions/50028_timeseries.txt. Skipping.
Warning: Invalid shape (196, 169) or empty file for subject 50030 at regions/50030_timeseries.txt. Skipping.
Warning: Invalid shape (196, 169) or empty file for subject 50031 at regions/50031_timeseries.txt. Skipping.
Warning: Invalid shape (196, 169) or empty file for subject 50032 at regions/50032_timeseries.txt. Skipping.
Warning: Invalid shape (196, 169) or empty file for subject 50033 at regions/50033_timeseries.txt. Skipping.
Warning: Invalid shape (196, 169) or empty file for subject 50034 at regions/50034_timeseries.txt. Skipping.
Warning: Invalid shape (196, 169) or empty file for subject 50035 at regions/50035_timeseries.txt. Skipping.
Warning: Invalid shape (196, 169) or empty file for subject 50036 at regions/50036_timeseries.txt. Skipping.
Warning: Invalid shape (196, 169) or empty file for subject 50037 at regions/50037_timeseries.txt. Skipping.
Warning: Invalid shape (196, 169) or empty file for subject 50038 at regions/50038_timeseries.txt. Skipping.
Warning: Invalid shape (196, 169) or empty file for subject 50039 at regions/50039_timeseries.txt. Skipping.
Warning: Invalid shape (196, 169) or empty file for subject 50040 at regions/50040_timeseries.txt. Skipping.
Warning: Invalid shape (196, 169) or empty file for subject 50041 at regions/50041_timeseries.txt. Skipping.
Warning: Invalid shape (196, 169) or empty file for subject 50042 at regions/50042_timeseries.txt. Skipping.
Warning: Invalid shape (196, 169) or empty file for subject 50043 at regions/50043_timeseries.txt. Skipping.
Warning: Invalid shape (196, 169) or empty file for subject 50044 at regions/50044_timeseries.txt. Skipping.
Warning: Invalid shape (196, 169) or empty file for subject 50045 at regions/50045_timeseries.txt. Skipping.
Warning: Invalid shape (196, 169) or empty file for subject 50046 at regions/50046_timeseries.txt. Skipping.
Warning: Invalid shape (196, 169) or empty file for subject 50047 at regions/50047_timeseries.txt. Skipping.
Warning: Invalid shape (196, 169) or empty file for subject 50048 at regions/50048_timeseries.txt. Skipping.
Warning: Invalid shape (196, 169) or empty file for subject 50049 at regions/50049_timeseries.txt. Skipping.
Warning: Invalid shape (196, 169) or empty file for subject 50050 at regions/50050_timeseries.txt. Skipping.
Warning: Invalid shape (196, 169) or empty file for subject 50051 at regions/50051_timeseries.txt. Skipping.
Warning: Invalid shape (196, 169) or empty file for subject 50052 at regions/50052_timeseries.txt. Skipping.
Warning: Invalid shape (196, 169) or empty file for subject 50053 at regions/50053_timeseries.txt. Skipping.
Warning: Invalid shape (196, 169) or empty file for subject 50054 at regions/50054_timeseries.txt. Skipping.
Warning: Invalid shape (196, 169) or empty file for subject 50056 at regions/50056_timeseries.txt. Skipping.
Warning: Invalid shape (196, 169) or empty file for subject 50059 at regions/50059_timeseries.txt. Skipping.
Warning: Invalid shape (196, 169) or empty file for subject 50060 at regions/50060_timeseries.txt. Skipping.
Warning: Invalid shape (206, 169) or empty file for subject 50102 at regions/50102_timeseries.txt. Skipping.
Warning: Invalid shape (206, 169) or empty file for subject 50103 at regions/50103_timeseries.txt. Skipping.
Warning: Invalid shape (206, 169) or empty file for subject 50105 at regions/50105_timeseries.txt. Skipping.
Warning: Invalid shape (206, 169) or empty file for subject 50106 at regions/50106_timeseries.txt. Skipping.
Warning: Invalid shape (206, 169) or empty file for subject 50107 at regions/50107_timeseries.txt. Skipping.
Warning: Invalid shape (206, 169) or empty file for subject 50109 at regions/50109_timeseries.txt. Skipping.
Warning: Invalid shape (206, 169) or empty file for subject 50111 at regions/50111_timeseries.txt. Skipping.
Warning: Invalid shape (206, 169) or empty file for subject 50112 at regions/50112_timeseries.txt. Skipping.
Warning: Invalid shape (206, 169) or empty file for subject 50113 at regions/50113_timeseries.txt. Skipping.
Warning: Invalid shape (206, 169) or empty file for subject 50114 at regions/50114_timeseries.txt. Skipping.
Warning: Invalid shape (206, 169) or empty file for subject 50115 at regions/50115_timeseries.txt. Skipping.
Warning: Invalid shape (206, 169) or empty file for subject 50116 at regions/50116_timeseries.txt. Skipping.
Warning: Invalid shape (206, 169) or empty file for subject 50117 at regions/50117_timeseries.txt. Skipping.
Warning: Invalid shape (206, 169) or empty file for subject 50118 at regions/50118_timeseries.txt. Skipping.
Warning: Invalid shape (206, 169) or empty file for subject 50119 at regions/50119_timeseries.txt. Skipping.
Warning: Invalid shape (206, 169) or empty file for subject 50121 at regions/50121_timeseries.txt. Skipping.
Warning: Invalid shape (206, 169) or empty file for subject 50124 at regions/50124_timeseries.txt. Skipping.
Warning: Invalid shape (206, 169) or empty file for subject 50125 at regions/50125_timeseries.txt. Skipping.
Warning: Invalid shape (206, 169) or empty file for subject 50127 at regions/50127_timeseries.txt. Skipping.
Warning: Invalid shape (206, 169) or empty file for subject 50128 at regions/50128_timeseries.txt. Skipping.
Warning: Invalid shape (206, 169) or empty file for subject 50129 at regions/50129_timeseries.txt. Skipping.
Warning: Invalid shape (206, 169) or empty file for subject 50130 at regions/50130_timeseries.txt. Skipping.
Warning: Invalid shape (206, 169) or empty file for subject 50132 at regions/50132_timeseries.txt. Skipping.
Warning: Invalid shape (206, 169) or empty file for subject 50134 at regions/50134_timeseries.txt. Skipping.
Warning: Invalid shape (206, 169) or empty file for subject 50135 at regions/50135_timeseries.txt. Skipping.
Warning: Invalid shape (78, 169) or empty file for subject 50142 at regions/50142_timeseries.txt. Skipping.
Warning: Invalid shape (78, 169) or empty file for subject 50143 at regions/50143_timeseries.txt. Skipping.
Warning: Invalid shape (78, 169) or empty file for subject 50145 at regions/50145_timeseries.txt. Skipping.
Warning: Invalid shape (78, 169) or empty file for subject 50146 at regions/50146_timeseries.txt. Skipping.
Warning: Invalid shape (78, 169) or empty file for subject 50147 at regions/50147_timeseries.txt. Skipping.
Warning: Invalid shape (78, 169) or empty file for subject 50148 at regions/50148_timeseries.txt. Skipping.
Warning: Invalid shape (78, 169) or empty file for subject 50149 at regions/50149_timeseries.txt. Skipping.
Warning: Invalid shape (78, 169) or empty file for subject 50150 at regions/50150_timeseries.txt. Skipping.
Warning: Invalid shape (78, 169) or empty file for subject 50152 at regions/50152_timeseries.txt. Skipping.
Warning: Invalid shape (78, 169) or empty file for subject 50153 at regions/50153_timeseries.txt. Skipping.
Warning: Invalid shape (78, 169) or empty file for subject 50156 at regions/50156_timeseries.txt. Skipping.
Warning: Invalid shape (78, 169) or empty file for subject 50157 at regions/50157_timeseries.txt. Skipping.
Warning: Invalid shape (78, 169) or empty file for subject 50158 at regions/50158_timeseries.txt. Skipping.
Warning: Invalid shape (78, 169) or empty file for subject 50159 at regions/50159_timeseries.txt. Skipping.
Warning: Invalid shape (78, 169) or empty file for subject 50160 at regions/50160_timeseries.txt. Skipping.
Warning: Invalid shape (78, 169) or empty file for subject 50161 at regions/50161_timeseries.txt. Skipping.
Warning: Invalid shape (78, 169) or empty file for subject 50162 at regions/50162_timeseries.txt. Skipping.
Warning: Invalid shape (78, 169) or empty file for subject 50163 at regions/50163_timeseries.txt. Skipping.
Warning: Invalid shape (78, 169) or empty file for subject 50164 at regions/50164_timeseries.txt. Skipping.
Warning: Invalid shape (78, 169) or empty file for subject 50167 at regions/50167_timeseries.txt. Skipping.
Warning: Invalid shape (78, 169) or empty file for subject 50168 at regions/50168_timeseries.txt. Skipping.
Warning: Invalid shape (78, 169) or empty file for subject 50169 at regions/50169_timeseries.txt. Skipping.
Warning: Invalid shape (78, 169) or empty file for subject 50170 at regions/50170_timeseries.txt. Skipping.
Warning: Invalid shape (78, 169) or empty file for subject 50171 at regions/50171_timeseries.txt. Skipping.
Warning: Invalid shape (176, 169) or empty file for subject 50182 at regions/50182_timeseries.txt. Skipping.
Warning: Invalid shape (176, 169) or empty file for subject 50183 at regions/50183_timeseries.txt. Skipping.
Warning: Invalid shape (176, 169) or empty file for subject 50186 at regions/50186_timeseries.txt. Skipping.
Warning: Invalid shape (176, 169) or empty file for subject 50187 at regions/50187_timeseries.txt. Skipping.
Warning: Invalid shape (176, 169) or empty file for subject 50188 at regions/50188_timeseries.txt. Skipping.
Warning: Invalid shape (176, 169) or empty file for subject 50189 at regions/50189_timeseries.txt. Skipping.
Warning: Invalid shape (176, 169) or empty file for subject 50190 at regions/50190_timeseries.txt. Skipping.
Warning: Invalid shape (176, 169) or empty file for subject 50193 at regions/50193_timeseries.txt. Skipping.
Warning: Invalid shape (176, 169) or empty file for subject 50194 at regions/50194_timeseries.txt. Skipping.
Warning: Invalid shape (176, 169) or empty file for subject 50195 at regions/50195_timeseries.txt. Skipping.
Warning: Invalid shape (176, 169) or empty file for subject 50196 at regions/50196_timeseries.txt. Skipping.
Warning: Invalid shape (176, 169) or empty file for subject 50199 at regions/50199_timeseries.txt. Skipping.
Warning: Invalid shape (176, 169) or empty file for subject 50200 at regions/50200_timeseries.txt. Skipping.
Warning: Invalid shape (176, 169) or empty file for subject 50201 at regions/50201_timeseries.txt. Skipping.
Warning: Invalid shape (176, 169) or empty file for subject 50202 at regions/50202_timeseries.txt. Skipping.
Warning: Invalid shape (176, 169) or empty file for subject 50203 at regions/50203_timeseries.txt. Skipping.
Warning: Invalid shape (176, 169) or empty file for subject 50205 at regions/50205_timeseries.txt. Skipping.
Warning: Invalid shape (176, 169) or empty file for subject 50206 at regions/50206_timeseries.txt. Skipping.
Warning: Invalid shape (176, 169) or empty file for subject 50208 at regions/50208_timeseries.txt. Skipping.
Warning: Invalid shape (176, 169) or empty file for subject 50210 at regions/50210_timeseries.txt. Skipping.
Warning: Invalid shape (176, 169) or empty file for subject 50213 at regions/50213_timeseries.txt. Skipping.
Warning: Invalid shape (176, 169) or empty file for subject 50215 at regions/50215_timeseries.txt. Skipping.
Warning: Invalid shape (176, 169) or empty file for subject 50217 at regions/50217_timeseries.txt. Skipping.
Warning: Invalid shape (146, 169) or empty file for subject 50232 at regions/50232_timeseries.txt. Skipping.
Warning: Invalid shape (146, 169) or empty file for subject 50233 at regions/50233_timeseries.txt. Skipping.
Warning: Invalid shape (146, 169) or empty file for subject 50234 at regions/50234_timeseries.txt. Skipping.
Warning: Invalid shape (146, 169) or empty file for subject 50236 at regions/50236_timeseries.txt. Skipping.
Warning: Invalid shape (146, 169) or empty file for subject 50237 at regions/50237_timeseries.txt. Skipping.
Warning: Invalid shape (146, 169) or empty file for subject 50239 at regions/50239_timeseries.txt. Skipping.
Warning: Invalid shape (146, 169) or empty file for subject 50240 at regions/50240_timeseries.txt. Skipping.
Warning: Invalid shape (146, 169) or empty file for subject 50241 at regions/50241_timeseries.txt. Skipping.
Warning: Invalid shape (146, 169) or empty file for subject 50243 at regions/50243_timeseries.txt. Skipping.
Warning: Invalid shape (146, 169) or empty file for subject 50245 at regions/50245_timeseries.txt. Skipping.
Warning: Invalid shape (146, 169) or empty file for subject 50247 at regions/50247_timeseries.txt. Skipping.
Warning: Invalid shape (146, 169) or empty file for subject 50248 at regions/50248_timeseries.txt. Skipping.
Warning: Invalid shape (146, 169) or empty file for subject 50249 at regions/50249_timeseries.txt. Skipping.
Warning: Invalid shape (146, 169) or empty file for subject 50250 at regions/50250_timeseries.txt. Skipping.
Warning: Invalid shape (146, 169) or empty file for subject 50251 at regions/50251_timeseries.txt. Skipping.
Warning: Invalid shape (146, 169) or empty file for subject 50252 at regions/50252_timeseries.txt. Skipping.
Warning: Invalid shape (146, 169) or empty file for subject 50253 at regions/50253_timeseries.txt. Skipping.
Warning: Invalid shape (146, 169) or empty file for subject 50254 at regions/50254_timeseries.txt. Skipping.
Warning: Invalid shape (146, 169) or empty file for subject 50255 at regions/50255_timeseries.txt. Skipping.
Warning: Invalid shape (146, 169) or empty file for subject 50257 at regions/50257_timeseries.txt. Skipping.
Warning: Invalid shape (146, 169) or empty file for subject 50259 at regions/50259_timeseries.txt. Skipping.
Warning: Invalid shape (146, 169) or empty file for subject 50260 at regions/50260_timeseries.txt. Skipping.
Warning: Invalid shape (146, 169) or empty file for subject 50261 at regions/50261_timeseries.txt. Skipping.
Warning: Invalid shape (146, 169) or empty file for subject 50262 at regions/50262_timeseries.txt. Skipping.
Warning: Invalid shape (146, 169) or empty file for subject 50263 at regions/50263_timeseries.txt. Skipping.
Warning: Invalid shape (146, 169) or empty file for subject 50265 at regions/50265_timeseries.txt. Skipping.
Warning: Invalid shape (146, 169) or empty file for subject 50267 at regions/50267_timeseries.txt. Skipping.
Warning: Invalid shape (146, 169) or empty file for subject 50268 at regions/50268_timeseries.txt. Skipping.
Warning: Invalid shape (146, 169) or empty file for subject 50269 at regions/50269_timeseries.txt. Skipping.
Warning: Invalid shape (146, 169) or empty file for subject 50270 at regions/50270_timeseries.txt. Skipping.
Warning: Invalid shape (146, 169) or empty file for subject 50271 at regions/50271_timeseries.txt. Skipping.
Warning: Invalid shape (296, 169) or empty file for subject 50272 at regions/50272_timeseries.txt. Skipping.
Warning: Invalid shape (296, 169) or empty file for subject 50273 at regions/50273_timeseries.txt. Skipping.
Warning: Invalid shape (296, 169) or empty file for subject 50274 at regions/50274_timeseries.txt. Skipping.
Warning: Invalid shape (296, 169) or empty file for subject 50275 at regions/50275_timeseries.txt. Skipping.
Warning: Invalid shape (296, 169) or empty file for subject 50276 at regions/50276_timeseries.txt. Skipping.
Warning: Invalid shape (296, 169) or empty file for subject 50278 at regions/50278_timeseries.txt. Skipping.
Warning: Invalid shape (296, 169) or empty file for subject 50284 at regions/50284_timeseries.txt. Skipping.
Warning: Invalid shape (296, 169) or empty file for subject 50285 at regions/50285_timeseries.txt. Skipping.
Warning: Invalid shape (296, 169) or empty file for subject 50287 at regions/50287_timeseries.txt. Skipping.
Warning: Invalid shape (296, 169) or empty file for subject 50290 at regions/50290_timeseries.txt. Skipping.
Warning: Invalid shape (296, 169) or empty file for subject 50291 at regions/50291_timeseries.txt. Skipping.
Warning: Invalid shape (296, 169) or empty file for subject 50292 at regions/50292_timeseries.txt. Skipping.
Warning: Invalid shape (296, 169) or empty file for subject 50293 at regions/50293_timeseries.txt. Skipping.
Warning: Invalid shape (296, 169) or empty file for subject 50295 at regions/50295_timeseries.txt. Skipping.
Warning: Invalid shape (296, 169) or empty file for subject 50298 at regions/50298_timeseries.txt. Skipping.
Warning: Invalid shape (296, 169) or empty file for subject 50300 at regions/50300_timeseries.txt. Skipping.
Warning: Invalid shape (296, 169) or empty file for subject 50301 at regions/50301_timeseries.txt. Skipping.
Warning: Invalid shape (296, 169) or empty file for subject 50302 at regions/50302_timeseries.txt. Skipping.
Warning: Invalid shape (296, 169) or empty file for subject 50304 at regions/50304_timeseries.txt. Skipping.
Warning: Invalid shape (296, 169) or empty file for subject 50308 at regions/50308_timeseries.txt. Skipping.
Warning: Invalid shape (296, 169) or empty file for subject 50310 at regions/50310_timeseries.txt. Skipping.
Warning: Invalid shape (296, 169) or empty file for subject 50312 at regions/50312_timeseries.txt. Skipping.
Warning: Invalid shape (296, 169) or empty file for subject 50314 at regions/50314_timeseries.txt. Skipping.
Warning: Invalid shape (296, 169) or empty file for subject 50315 at regions/50315_timeseries.txt. Skipping.
Warning: Invalid shape (296, 169) or empty file for subject 50318 at regions/50318_timeseries.txt. Skipping.
Warning: Invalid shape (296, 169) or empty file for subject 50319 at regions/50319_timeseries.txt. Skipping.
Warning: Invalid shape (296, 169) or empty file for subject 50320 at regions/50320_timeseries.txt. Skipping.
Warning: Invalid shape (296, 169) or empty file for subject 50321 at regions/50321_timeseries.txt. Skipping.
Warning: Invalid shape (296, 169) or empty file for subject 50327 at regions/50327_timeseries.txt. Skipping.
Warning: Invalid shape (296, 169) or empty file for subject 50329 at regions/50329_timeseries.txt. Skipping.
Warning: Invalid shape (296, 169) or empty file for subject 50330 at regions/50330_timeseries.txt. Skipping.
Warning: Invalid shape (296, 169) or empty file for subject 50331 at regions/50331_timeseries.txt. Skipping.
Warning: Invalid shape (296, 169) or empty file for subject 50332 at regions/50332_timeseries.txt. Skipping.
Warning: Invalid shape (296, 169) or empty file for subject 50333 at regions/50333_timeseries.txt. Skipping.
Warning: Invalid shape (296, 169) or empty file for subject 50334 at regions/50334_timeseries.txt. Skipping.
Warning: Invalid shape (296, 169) or empty file for subject 50335 at regions/50335_timeseries.txt. Skipping.
Warning: Invalid shape (296, 169) or empty file for subject 50339 at regions/50339_timeseries.txt. Skipping.
Warning: Invalid shape (296, 169) or empty file for subject 50340 at regions/50340_timeseries.txt. Skipping.
Warning: Invalid shape (296, 169) or empty file for subject 50341 at regions/50341_timeseries.txt. Skipping.
Warning: Invalid shape (296, 169) or empty file for subject 50342 at regions/50342_timeseries.txt. Skipping.
Warning: Invalid shape (296, 169) or empty file for subject 50343 at regions/50343_timeseries.txt. Skipping.
Warning: Invalid shape (296, 169) or empty file for subject 50344 at regions/50344_timeseries.txt. Skipping.
Warning: Invalid shape (296, 169) or empty file for subject 50346 at regions/50346_timeseries.txt. Skipping.
Warning: Invalid shape (296, 169) or empty file for subject 50347 at regions/50347_timeseries.txt. Skipping.
Warning: Invalid shape (296, 169) or empty file for subject 50348 at regions/50348_timeseries.txt. Skipping.
Warning: Invalid shape (296, 169) or empty file for subject 50349 at regions/50349_timeseries.txt. Skipping.
Warning: Invalid shape (296, 169) or empty file for subject 50350 at regions/50350_timeseries.txt. Skipping.
Warning: Invalid shape (296, 169) or empty file for subject 50351 at regions/50351_timeseries.txt. Skipping.
Warning: Invalid shape (296, 169) or empty file for subject 50352 at regions/50352_timeseries.txt. Skipping.
Warning: Invalid shape (296, 169) or empty file for subject 50353 at regions/50353_timeseries.txt. Skipping.
Warning: Invalid shape (296, 169) or empty file for subject 50354 at regions/50354_timeseries.txt. Skipping.
Warning: Invalid shape (296, 169) or empty file for subject 50355 at regions/50355_timeseries.txt. Skipping.
Warning: Invalid shape (296, 169) or empty file for subject 50356 at regions/50356_timeseries.txt. Skipping.
Warning: Invalid shape (296, 169) or empty file for subject 50357 at regions/50357_timeseries.txt. Skipping.
Warning: Invalid shape (296, 169) or empty file for subject 50358 at regions/50358_timeseries.txt. Skipping.
Warning: Invalid shape (296, 169) or empty file for subject 50359 at regions/50359_timeseries.txt. Skipping.
Warning: Invalid shape (296, 169) or empty file for subject 50360 at regions/50360_timeseries.txt. Skipping.
Warning: Invalid shape (296, 169) or empty file for subject 50361 at regions/50361_timeseries.txt. Skipping.
Warning: Invalid shape (296, 169) or empty file for subject 50362 at regions/50362_timeseries.txt. Skipping.
Warning: Invalid shape (296, 169) or empty file for subject 50363 at regions/50363_timeseries.txt. Skipping.
Warning: Invalid shape (296, 169) or empty file for subject 50364 at regions/50364_timeseries.txt. Skipping.
Warning: Invalid shape (296, 169) or empty file for subject 50365 at regions/50365_timeseries.txt. Skipping.
Warning: Invalid shape (296, 169) or empty file for subject 50366 at regions/50366_timeseries.txt. Skipping.
Warning: Invalid shape (296, 169) or empty file for subject 50367 at regions/50367_timeseries.txt. Skipping.
Warning: Invalid shape (296, 169) or empty file for subject 50368 at regions/50368_timeseries.txt. Skipping.
Warning: Invalid shape (296, 169) or empty file for subject 50369 at regions/50369_timeseries.txt. Skipping.
Warning: Invalid shape (296, 169) or empty file for subject 50370 at regions/50370_timeseries.txt. Skipping.
Warning: Invalid shape (296, 169) or empty file for subject 50372 at regions/50372_timeseries.txt. Skipping.
Warning: Invalid shape (296, 169) or empty file for subject 50374 at regions/50374_timeseries.txt. Skipping.
Warning: Invalid shape (296, 169) or empty file for subject 50375 at regions/50375_timeseries.txt. Skipping.
Warning: Invalid shape (296, 169) or empty file for subject 50377 at regions/50377_timeseries.txt. Skipping.
Warning: Invalid shape (296, 169) or empty file for subject 50379 at regions/50379_timeseries.txt. Skipping.
Warning: Invalid shape (296, 169) or empty file for subject 50380 at regions/50380_timeseries.txt. Skipping.
Warning: Invalid shape (296, 169) or empty file for subject 50381 at regions/50381_timeseries.txt. Skipping.
Warning: Invalid shape (296, 169) or empty file for subject 50382 at regions/50382_timeseries.txt. Skipping.
Warning: Invalid shape (296, 169) or empty file for subject 50383 at regions/50383_timeseries.txt. Skipping.
Warning: Invalid shape (296, 169) or empty file for subject 50385 at regions/50385_timeseries.txt. Skipping.
Warning: Invalid shape (296, 169) or empty file for subject 50386 at regions/50386_timeseries.txt. Skipping.
Warning: Invalid shape (296, 169) or empty file for subject 50388 at regions/50388_timeseries.txt. Skipping.
Warning: Invalid shape (296, 169) or empty file for subject 50390 at regions/50390_timeseries.txt. Skipping.
Warning: Invalid shape (296, 169) or empty file for subject 50391 at regions/50391_timeseries.txt. Skipping.
Warning: Invalid shape (296, 169) or empty file for subject 50397 at regions/50397_timeseries.txt. Skipping.
Warning: Invalid shape (296, 169) or empty file for subject 50399 at regions/50399_timeseries.txt. Skipping.
Warning: Invalid shape (296, 169) or empty file for subject 50402 at regions/50402_timeseries.txt. Skipping.
Warning: Invalid shape (296, 169) or empty file for subject 50403 at regions/50403_timeseries.txt. Skipping.
Warning: Invalid shape (296, 169) or empty file for subject 50404 at regions/50404_timeseries.txt. Skipping.
Warning: Invalid shape (296, 169) or empty file for subject 50405 at regions/50405_timeseries.txt. Skipping.
Warning: Invalid shape (296, 169) or empty file for subject 50406 at regions/50406_timeseries.txt. Skipping.
Warning: Invalid shape (296, 169) or empty file for subject 50407 at regions/50407_timeseries.txt. Skipping.
Warning: Invalid shape (296, 169) or empty file for subject 50410 at regions/50410_timeseries.txt. Skipping.
Warning: Invalid shape (296, 169) or empty file for subject 50411 at regions/50411_timeseries.txt. Skipping.
Warning: Invalid shape (296, 169) or empty file for subject 50412 at regions/50412_timeseries.txt. Skipping.
Warning: Invalid shape (296, 169) or empty file for subject 50413 at regions/50413_timeseries.txt. Skipping.
Warning: Invalid shape (296, 169) or empty file for subject 50414 at regions/50414_timeseries.txt. Skipping.
Warning: Invalid shape (296, 169) or empty file for subject 50415 at regions/50415_timeseries.txt. Skipping.
Warning: Invalid shape (296, 169) or empty file for subject 50416 at regions/50416_timeseries.txt. Skipping.
Warning: Invalid shape (296, 169) or empty file for subject 50417 at regions/50417_timeseries.txt. Skipping.
Warning: Invalid shape (296, 169) or empty file for subject 50418 at regions/50418_timeseries.txt. Skipping.
Warning: Invalid shape (296, 169) or empty file for subject 50419 at regions/50419_timeseries.txt. Skipping.
Warning: Invalid shape (296, 169) or empty file for subject 50421 at regions/50421_timeseries.txt. Skipping.
Warning: Invalid shape (296, 169) or empty file for subject 50422 at regions/50422_timeseries.txt. Skipping.
Warning: Invalid shape (296, 169) or empty file for subject 50424 at regions/50424_timeseries.txt. Skipping.
Warning: Invalid shape (296, 169) or empty file for subject 50427 at regions/50427_timeseries.txt. Skipping.
Warning: Invalid shape (296, 169) or empty file for subject 50428 at regions/50428_timeseries.txt. Skipping.
Warning: Invalid shape (236, 169) or empty file for subject 50433 at regions/50433_timeseries.txt. Skipping.
Warning: Invalid shape (236, 169) or empty file for subject 50434 at regions/50434_timeseries.txt. Skipping.
Warning: Invalid shape (236, 169) or empty file for subject 50435 at regions/50435_timeseries.txt. Skipping.
Warning: Invalid shape (236, 169) or empty file for subject 50436 at regions/50436_timeseries.txt. Skipping.
Warning: Invalid shape (236, 169) or empty file for subject 50437 at regions/50437_timeseries.txt. Skipping.
Warning: Invalid shape (236, 169) or empty file for subject 50439 at regions/50439_timeseries.txt. Skipping.
Warning: Invalid shape (236, 169) or empty file for subject 50441 at regions/50441_timeseries.txt. Skipping.
Warning: Invalid shape (236, 169) or empty file for subject 50442 at regions/50442_timeseries.txt. Skipping.
Warning: Invalid shape (236, 169) or empty file for subject 50443 at regions/50443_timeseries.txt. Skipping.
Warning: Invalid shape (236, 169) or empty file for subject 50444 at regions/50444_timeseries.txt. Skipping.
Warning: Invalid shape (236, 169) or empty file for subject 50445 at regions/50445_timeseries.txt. Skipping.
Warning: Invalid shape (236, 169) or empty file for subject 50446 at regions/50446_timeseries.txt. Skipping.
Warning: Invalid shape (236, 169) or empty file for subject 50447 at regions/50447_timeseries.txt. Skipping.
Warning: Invalid shape (236, 169) or empty file for subject 50448 at regions/50448_timeseries.txt. Skipping.
Warning: Invalid shape (236, 169) or empty file for subject 50449 at regions/50449_timeseries.txt. Skipping.
Warning: Invalid shape (236, 169) or empty file for subject 50453 at regions/50453_timeseries.txt. Skipping.
Warning: Invalid shape (236, 169) or empty file for subject 50463 at regions/50463_timeseries.txt. Skipping.
Warning: Invalid shape (236, 169) or empty file for subject 50466 at regions/50466_timeseries.txt. Skipping.
Warning: Invalid shape (236, 169) or empty file for subject 50468 at regions/50468_timeseries.txt. Skipping.
Warning: Invalid shape (236, 169) or empty file for subject 50469 at regions/50469_timeseries.txt. Skipping.
Warning: Invalid shape (236, 169) or empty file for subject 50470 at regions/50470_timeseries.txt. Skipping.
Warning: Invalid shape (236, 169) or empty file for subject 50477 at regions/50477_timeseries.txt. Skipping.
Warning: Invalid shape (236, 169) or empty file for subject 50480 at regions/50480_timeseries.txt. Skipping.
Warning: Invalid shape (236, 169) or empty file for subject 50481 at regions/50481_timeseries.txt. Skipping.
Warning: Invalid shape (236, 169) or empty file for subject 50483 at regions/50483_timeseries.txt. Skipping.
Warning: Invalid shape (236, 169) or empty file for subject 50485 at regions/50485_timeseries.txt. Skipping.
Warning: Invalid shape (236, 169) or empty file for subject 50486 at regions/50486_timeseries.txt. Skipping.
Warning: Invalid shape (236, 169) or empty file for subject 50487 at regions/50487_timeseries.txt. Skipping.
Warning: Invalid shape (236, 169) or empty file for subject 50488 at regions/50488_timeseries.txt. Skipping.
Warning: Invalid shape (236, 169) or empty file for subject 50491 at regions/50491_timeseries.txt. Skipping.
Warning: Invalid shape (236, 169) or empty file for subject 50492 at regions/50492_timeseries.txt. Skipping.
Warning: Invalid shape (236, 169) or empty file for subject 50493 at regions/50493_timeseries.txt. Skipping.
Warning: Invalid shape (236, 169) or empty file for subject 50496 at regions/50496_timeseries.txt. Skipping.
Warning: Invalid shape (236, 169) or empty file for subject 50497 at regions/50497_timeseries.txt. Skipping.
Warning: Invalid shape (236, 169) or empty file for subject 50498 at regions/50498_timeseries.txt. Skipping.
Warning: Invalid shape (236, 169) or empty file for subject 50499 at regions/50499_timeseries.txt. Skipping.
Warning: Invalid shape (236, 169) or empty file for subject 50500 at regions/50500_timeseries.txt. Skipping.
Warning: Invalid shape (236, 169) or empty file for subject 50501 at regions/50501_timeseries.txt. Skipping.
Warning: Invalid shape (236, 169) or empty file for subject 50502 at regions/50502_timeseries.txt. Skipping.
Warning: Invalid shape (236, 169) or empty file for subject 50503 at regions/50503_timeseries.txt. Skipping.
Warning: Invalid shape (236, 169) or empty file for subject 50504 at regions/50504_timeseries.txt. Skipping.
Warning: Invalid shape (236, 169) or empty file for subject 50507 at regions/50507_timeseries.txt. Skipping.
Warning: Invalid shape (236, 169) or empty file for subject 50509 at regions/50509_timeseries.txt. Skipping.
Warning: Invalid shape (236, 169) or empty file for subject 50510 at regions/50510_timeseries.txt. Skipping.
Warning: Invalid shape (236, 169) or empty file for subject 50514 at regions/50514_timeseries.txt. Skipping.
Warning: Invalid shape (236, 169) or empty file for subject 50515 at regions/50515_timeseries.txt. Skipping.
Warning: Invalid shape (236, 169) or empty file for subject 50516 at regions/50516_timeseries.txt. Skipping.
Warning: Invalid shape (236, 169) or empty file for subject 50518 at regions/50518_timeseries.txt. Skipping.
Warning: Invalid shape (236, 169) or empty file for subject 50519 at regions/50519_timeseries.txt. Skipping.
Warning: Invalid shape (236, 169) or empty file for subject 50520 at regions/50520_timeseries.txt. Skipping.
Warning: Invalid shape (236, 169) or empty file for subject 50521 at regions/50521_timeseries.txt. Skipping.
Warning: Invalid shape (236, 169) or empty file for subject 50523 at regions/50523_timeseries.txt. Skipping.
Warning: Invalid shape (236, 169) or empty file for subject 50524 at regions/50524_timeseries.txt. Skipping.
Warning: Invalid shape (236, 169) or empty file for subject 50525 at regions/50525_timeseries.txt. Skipping.
Warning: Invalid shape (236, 169) or empty file for subject 50527 at regions/50527_timeseries.txt. Skipping.
Warning: Invalid shape (236, 169) or empty file for subject 50528 at regions/50528_timeseries.txt. Skipping.
Warning: Invalid shape (236, 169) or empty file for subject 50530 at regions/50530_timeseries.txt. Skipping.
Warning: Invalid shape (236, 169) or empty file for subject 50532 at regions/50532_timeseries.txt. Skipping.
Warning: Invalid shape (196, 169) or empty file for subject 50551 at regions/50551_timeseries.txt. Skipping.
Warning: Invalid shape (196, 169) or empty file for subject 50555 at regions/50555_timeseries.txt. Skipping.
Warning: Invalid shape (196, 169) or empty file for subject 50557 at regions/50557_timeseries.txt. Skipping.
Warning: Invalid shape (196, 169) or empty file for subject 50561 at regions/50561_timeseries.txt. Skipping.
Warning: Invalid shape (196, 169) or empty file for subject 50565 at regions/50565_timeseries.txt. Skipping.
Warning: Invalid shape (196, 169) or empty file for subject 50568 at regions/50568_timeseries.txt. Skipping.
Warning: Invalid shape (196, 169) or empty file for subject 50569 at regions/50569_timeseries.txt. Skipping.
Warning: Invalid shape (196, 169) or empty file for subject 50570 at regions/50570_timeseries.txt. Skipping.
Warning: Invalid shape (196, 169) or empty file for subject 50572 at regions/50572_timeseries.txt. Skipping.
Warning: Invalid shape (196, 169) or empty file for subject 50573 at regions/50573_timeseries.txt. Skipping.
Warning: Invalid shape (196, 169) or empty file for subject 50574 at regions/50574_timeseries.txt. Skipping.
Warning: Invalid shape (196, 169) or empty file for subject 50575 at regions/50575_timeseries.txt. Skipping.
Warning: Invalid shape (196, 169) or empty file for subject 50576 at regions/50576_timeseries.txt. Skipping.
Warning: Invalid shape (196, 169) or empty file for subject 50578 at regions/50578_timeseries.txt. Skipping.
Warning: Invalid shape (196, 169) or empty file for subject 50601 at regions/50601_timeseries.txt. Skipping.
Warning: Invalid shape (196, 169) or empty file for subject 50602 at regions/50602_timeseries.txt. Skipping.
Warning: Invalid shape (196, 169) or empty file for subject 50603 at regions/50603_timeseries.txt. Skipping.
Warning: Invalid shape (196, 169) or empty file for subject 50604 at regions/50604_timeseries.txt. Skipping.
Warning: Invalid shape (196, 169) or empty file for subject 50606 at regions/50606_timeseries.txt. Skipping.
Warning: Invalid shape (196, 169) or empty file for subject 50607 at regions/50607_timeseries.txt. Skipping.
Warning: Invalid shape (196, 169) or empty file for subject 50608 at regions/50608_timeseries.txt. Skipping.
Warning: Invalid shape (196, 169) or empty file for subject 50612 at regions/50612_timeseries.txt. Skipping.
Warning: Invalid shape (196, 169) or empty file for subject 50613 at regions/50613_timeseries.txt. Skipping.
Warning: Invalid shape (196, 169) or empty file for subject 50614 at regions/50614_timeseries.txt. Skipping.
Warning: Invalid shape (196, 169) or empty file for subject 50615 at regions/50615_timeseries.txt. Skipping.
Warning: Invalid shape (196, 169) or empty file for subject 50616 at regions/50616_timeseries.txt. Skipping.
Warning: Invalid shape (196, 169) or empty file for subject 50619 at regions/50619_timeseries.txt. Skipping.
Warning: Invalid shape (196, 169) or empty file for subject 50620 at regions/50620_timeseries.txt. Skipping.
Warning: Invalid shape (196, 169) or empty file for subject 50621 at regions/50621_timeseries.txt. Skipping.
Warning: Invalid shape (196, 169) or empty file for subject 50622 at regions/50622_timeseries.txt. Skipping.
Warning: Invalid shape (196, 169) or empty file for subject 50623 at regions/50623_timeseries.txt. Skipping.
Warning: Invalid shape (196, 169) or empty file for subject 50625 at regions/50625_timeseries.txt. Skipping.
Warning: Invalid shape (196, 169) or empty file for subject 50626 at regions/50626_timeseries.txt. Skipping.
Warning: Invalid shape (196, 169) or empty file for subject 50627 at regions/50627_timeseries.txt. Skipping.
Warning: Invalid shape (196, 169) or empty file for subject 50628 at regions/50628_timeseries.txt. Skipping.
Warning: Invalid shape (236, 169) or empty file for subject 50642 at regions/50642_timeseries.txt. Skipping.
Warning: Invalid shape (316, 169) or empty file for subject 50644 at regions/50644_timeseries.txt. Skipping.
Warning: Invalid shape (202, 169) or empty file for subject 50647 at regions/50647_timeseries.txt. Skipping.
Warning: Invalid shape (316, 169) or empty file for subject 50648 at regions/50648_timeseries.txt. Skipping.
Warning: Invalid shape (236, 169) or empty file for subject 50649 at regions/50649_timeseries.txt. Skipping.
Warning: Invalid shape (236, 169) or empty file for subject 50654 at regions/50654_timeseries.txt. Skipping.
Warning: Invalid shape (236, 169) or empty file for subject 50659 at regions/50659_timeseries.txt. Skipping.
Warning: Invalid shape (236, 169) or empty file for subject 50665 at regions/50665_timeseries.txt. Skipping.
Warning: Invalid shape (316, 169) or empty file for subject 50669 at regions/50669_timeseries.txt. Skipping.
Warning: Invalid shape (246, 169) or empty file for subject 50682 at regions/50682_timeseries.txt. Skipping.
Warning: Invalid shape (246, 169) or empty file for subject 50683 at regions/50683_timeseries.txt. Skipping.
Warning: Invalid shape (246, 169) or empty file for subject 50686 at regions/50686_timeseries.txt. Skipping.
Warning: Invalid shape (246, 169) or empty file for subject 50687 at regions/50687_timeseries.txt. Skipping.
Warning: Invalid shape (246, 169) or empty file for subject 50688 at regions/50688_timeseries.txt. Skipping.
Warning: Invalid shape (246, 169) or empty file for subject 50690 at regions/50690_timeseries.txt. Skipping.
Warning: Invalid shape (246, 169) or empty file for subject 50691 at regions/50691_timeseries.txt. Skipping.
Warning: Invalid shape (246, 169) or empty file for subject 50692 at regions/50692_timeseries.txt. Skipping.
Warning: Invalid shape (246, 169) or empty file for subject 50694 at regions/50694_timeseries.txt. Skipping.
Warning: Invalid shape (246, 169) or empty file for subject 50695 at regions/50695_timeseries.txt. Skipping.
Warning: Invalid shape (246, 169) or empty file for subject 50697 at regions/50697_timeseries.txt. Skipping.
Warning: Invalid shape (246, 169) or empty file for subject 50698 at regions/50698_timeseries.txt. Skipping.
Warning: Invalid shape (246, 169) or empty file for subject 50699 at regions/50699_timeseries.txt. Skipping.
Warning: Invalid shape (246, 169) or empty file for subject 50700 at regions/50700_timeseries.txt. Skipping.
Warning: Invalid shape (246, 169) or empty file for subject 50701 at regions/50701_timeseries.txt. Skipping.
Warning: Invalid shape (246, 169) or empty file for subject 50702 at regions/50702_timeseries.txt. Skipping.
Warning: Invalid shape (246, 169) or empty file for subject 50703 at regions/50703_timeseries.txt. Skipping.
Warning: Invalid shape (246, 169) or empty file for subject 50704 at regions/50704_timeseries.txt. Skipping.
Warning: Invalid shape (246, 169) or empty file for subject 50705 at regions/50705_timeseries.txt. Skipping.
Warning: Invalid shape (246, 169) or empty file for subject 50706 at regions/50706_timeseries.txt. Skipping.
Warning: Invalid shape (246, 169) or empty file for subject 50707 at regions/50707_timeseries.txt. Skipping.
Warning: Invalid shape (246, 169) or empty file for subject 50708 at regions/50708_timeseries.txt. Skipping.
Warning: Invalid shape (246, 169) or empty file for subject 50709 at regions/50709_timeseries.txt. Skipping.
Warning: Invalid shape (246, 169) or empty file for subject 50711 at regions/50711_timeseries.txt. Skipping.
Warning: Invalid shape (246, 169) or empty file for subject 50722 at regions/50722_timeseries.txt. Skipping.
Warning: Invalid shape (246, 169) or empty file for subject 50723 at regions/50723_timeseries.txt. Skipping.
Warning: Invalid shape (246, 169) or empty file for subject 50724 at regions/50724_timeseries.txt. Skipping.
Warning: Invalid shape (246, 169) or empty file for subject 50725 at regions/50725_timeseries.txt. Skipping.
Warning: Invalid shape (246, 169) or empty file for subject 50726 at regions/50726_timeseries.txt. Skipping.
Warning: Invalid shape (246, 169) or empty file for subject 50728 at regions/50728_timeseries.txt. Skipping.
Warning: Invalid shape (246, 169) or empty file for subject 50730 at regions/50730_timeseries.txt. Skipping.
Warning: Invalid shape (246, 169) or empty file for subject 50731 at regions/50731_timeseries.txt. Skipping.
Warning: Invalid shape (246, 169) or empty file for subject 50735 at regions/50735_timeseries.txt. Skipping.
Warning: Invalid shape (246, 169) or empty file for subject 50737 at regions/50737_timeseries.txt. Skipping.
Warning: Invalid shape (246, 169) or empty file for subject 50738 at regions/50738_timeseries.txt. Skipping.
Warning: Invalid shape (246, 169) or empty file for subject 50739 at regions/50739_timeseries.txt. Skipping.
Warning: Invalid shape (246, 169) or empty file for subject 50740 at regions/50740_timeseries.txt. Skipping.
Warning: Invalid shape (246, 169) or empty file for subject 50741 at regions/50741_timeseries.txt. Skipping.
Warning: Invalid shape (246, 169) or empty file for subject 50742 at regions/50742_timeseries.txt. Skipping.
Warning: Invalid shape (246, 169) or empty file for subject 50743 at regions/50743_timeseries.txt. Skipping.
Warning: Invalid shape (246, 169) or empty file for subject 50744 at regions/50744_timeseries.txt. Skipping.
Warning: Invalid shape (246, 169) or empty file for subject 50745 at regions/50745_timeseries.txt. Skipping.
Warning: Invalid shape (246, 169) or empty file for subject 50748 at regions/50748_timeseries.txt. Skipping.
Warning: Invalid shape (246, 169) or empty file for subject 50749 at regions/50749_timeseries.txt. Skipping.
Warning: Invalid shape (246, 169) or empty file for subject 50750 at regions/50750_timeseries.txt. Skipping.
Warning: Invalid shape (246, 169) or empty file for subject 50752 at regions/50752_timeseries.txt. Skipping.
Warning: Invalid shape (246, 169) or empty file for subject 50754 at regions/50754_timeseries.txt. Skipping.
Warning: Invalid shape (246, 169) or empty file for subject 50755 at regions/50755_timeseries.txt. Skipping.
Warning: Invalid shape (246, 169) or empty file for subject 50756 at regions/50756_timeseries.txt. Skipping.
Warning: Invalid shape (246, 169) or empty file for subject 50757 at regions/50757_timeseries.txt. Skipping.
Warning: Invalid shape (152, 169) or empty file for subject 50772 at regions/50772_timeseries.txt. Skipping.
Warning: Invalid shape (152, 169) or empty file for subject 50774 at regions/50774_timeseries.txt. Skipping.
Warning: Invalid shape (152, 169) or empty file for subject 50775 at regions/50775_timeseries.txt. Skipping.
Warning: Invalid shape (152, 169) or empty file for subject 50776 at regions/50776_timeseries.txt. Skipping.
Warning: Invalid shape (152, 169) or empty file for subject 50777 at regions/50777_timeseries.txt. Skipping.
Warning: Invalid shape (152, 169) or empty file for subject 50778 at regions/50778_timeseries.txt. Skipping.
Warning: Invalid shape (152, 169) or empty file for subject 50781 at regions/50781_timeseries.txt. Skipping.
Warning: Invalid shape (152, 169) or empty file for subject 50782 at regions/50782_timeseries.txt. Skipping.
Warning: Invalid shape (152, 169) or empty file for subject 50783 at regions/50783_timeseries.txt. Skipping.
Warning: Invalid shape (152, 169) or empty file for subject 50786 at regions/50786_timeseries.txt. Skipping.
Warning: Invalid shape (152, 169) or empty file for subject 50790 at regions/50790_timeseries.txt. Skipping.
Warning: Invalid shape (124, 169) or empty file for subject 50791 at regions/50791_timeseries.txt. Skipping.
Warning: Invalid shape (124, 169) or empty file for subject 50792 at regions/50792_timeseries.txt. Skipping.
Warning: Invalid shape (152, 169) or empty file for subject 50796 at regions/50796_timeseries.txt. Skipping.
Warning: Invalid shape (152, 169) or empty file for subject 50797 at regions/50797_timeseries.txt. Skipping.
Warning: Invalid shape (152, 169) or empty file for subject 50798 at regions/50798_timeseries.txt. Skipping.
Warning: Invalid shape (152, 169) or empty file for subject 50799 at regions/50799_timeseries.txt. Skipping.
Warning: Invalid shape (152, 169) or empty file for subject 50800 at regions/50800_timeseries.txt. Skipping.
Warning: Invalid shape (152, 169) or empty file for subject 50801 at regions/50801_timeseries.txt. Skipping.
Warning: Invalid shape (152, 169) or empty file for subject 50803 at regions/50803_timeseries.txt. Skipping.
Warning: Invalid shape (152, 169) or empty file for subject 50807 at regions/50807_timeseries.txt. Skipping.
Warning: Invalid shape (152, 169) or empty file for subject 50812 at regions/50812_timeseries.txt. Skipping.
Warning: Invalid shape (124, 169) or empty file for subject 50816 at regions/50816_timeseries.txt. Skipping.
Warning: Invalid shape (124, 169) or empty file for subject 50817 at regions/50817_timeseries.txt. Skipping.
Warning: Invalid shape (152, 169) or empty file for subject 50818 at regions/50818_timeseries.txt. Skipping.
Warning: Invalid shape (152, 169) or empty file for subject 50820 at regions/50820_timeseries.txt. Skipping.
Warning: Invalid shape (152, 169) or empty file for subject 50821 at regions/50821_timeseries.txt. Skipping.
Warning: Invalid shape (152, 169) or empty file for subject 50823 at regions/50823_timeseries.txt. Skipping.
Warning: Invalid shape (152, 169) or empty file for subject 50824 at regions/50824_timeseries.txt. Skipping.
Warning: Invalid shape (176, 169) or empty file for subject 50952 at regions/50952_timeseries.txt. Skipping.
Warning: Invalid shape (176, 169) or empty file for subject 50954 at regions/50954_timeseries.txt. Skipping.
Warning: Invalid shape (176, 169) or empty file for subject 50955 at regions/50955_timeseries.txt. Skipping.
Warning: Invalid shape (176, 169) or empty file for subject 50956 at regions/50956_timeseries.txt. Skipping.
Warning: Invalid shape (176, 169) or empty file for subject 50957 at regions/50957_timeseries.txt. Skipping.
Warning: Invalid shape (176, 169) or empty file for subject 50958 at regions/50958_timeseries.txt. Skipping.
Warning: Invalid shape (176, 169) or empty file for subject 50959 at regions/50959_timeseries.txt. Skipping.
Warning: Invalid shape (176, 169) or empty file for subject 50960 at regions/50960_timeseries.txt. Skipping.
Warning: Invalid shape (176, 169) or empty file for subject 50961 at regions/50961_timeseries.txt. Skipping.
Warning: Invalid shape (176, 169) or empty file for subject 50962 at regions/50962_timeseries.txt. Skipping.
Warning: Invalid shape (176, 169) or empty file for subject 50964 at regions/50964_timeseries.txt. Skipping.
Warning: Invalid shape (176, 169) or empty file for subject 50965 at regions/50965_timeseries.txt. Skipping.
Warning: Invalid shape (176, 169) or empty file for subject 50967 at regions/50967_timeseries.txt. Skipping.
Warning: Invalid shape (176, 169) or empty file for subject 50968 at regions/50968_timeseries.txt. Skipping.
Warning: Invalid shape (176, 169) or empty file for subject 50970 at regions/50970_timeseries.txt. Skipping.
Warning: Invalid shape (176, 169) or empty file for subject 50972 at regions/50972_timeseries.txt. Skipping.
Warning: Invalid shape (176, 169) or empty file for subject 50973 at regions/50973_timeseries.txt. Skipping.
Warning: Invalid shape (176, 169) or empty file for subject 50974 at regions/50974_timeseries.txt. Skipping.
Warning: Invalid shape (176, 169) or empty file for subject 50976 at regions/50976_timeseries.txt. Skipping.
Warning: Invalid shape (176, 169) or empty file for subject 50977 at regions/50977_timeseries.txt. Skipping.
Warning: Invalid shape (176, 169) or empty file for subject 50978 at regions/50978_timeseries.txt. Skipping.
Warning: Invalid shape (176, 169) or empty file for subject 50979 at regions/50979_timeseries.txt. Skipping.
Warning: Invalid shape (176, 169) or empty file for subject 50981 at regions/50981_timeseries.txt. Skipping.
Warning: Invalid shape (176, 169) or empty file for subject 50982 at regions/50982_timeseries.txt. Skipping.
Warning: Invalid shape (176, 169) or empty file for subject 50983 at regions/50983_timeseries.txt. Skipping.
Warning: Invalid shape (176, 169) or empty file for subject 50984 at regions/50984_timeseries.txt. Skipping.
Warning: Invalid shape (176, 169) or empty file for subject 50985 at regions/50985_timeseries.txt. Skipping.
Warning: Invalid shape (176, 169) or empty file for subject 50986 at regions/50986_timeseries.txt. Skipping.
Warning: Invalid shape (176, 169) or empty file for subject 50987 at regions/50987_timeseries.txt. Skipping.
Warning: Invalid shape (176, 169) or empty file for subject 50988 at regions/50988_timeseries.txt. Skipping.
Warning: Invalid shape (176, 169) or empty file for subject 50989 at regions/50989_timeseries.txt. Skipping.
Warning: Invalid shape (176, 169) or empty file for subject 50990 at regions/50990_timeseries.txt. Skipping.
Warning: Invalid shape (176, 169) or empty file for subject 50991 at regions/50991_timeseries.txt. Skipping.
Warning: Invalid shape (176, 169) or empty file for subject 50994 at regions/50994_timeseries.txt. Skipping.
Warning: Invalid shape (176, 169) or empty file for subject 50995 at regions/50995_timeseries.txt. Skipping.
Warning: Invalid shape (176, 169) or empty file for subject 50996 at regions/50996_timeseries.txt. Skipping.
Warning: Invalid shape (176, 169) or empty file for subject 50997 at regions/50997_timeseries.txt. Skipping.
Warning: Invalid shape (176, 169) or empty file for subject 50999 at regions/50999_timeseries.txt. Skipping.
Warning: Invalid shape (176, 169) or empty file for subject 51000 at regions/51000_timeseries.txt. Skipping.
Warning: Invalid shape (176, 169) or empty file for subject 51001 at regions/51001_timeseries.txt. Skipping.
Warning: Invalid shape (176, 169) or empty file for subject 51002 at regions/51002_timeseries.txt. Skipping.
Warning: Invalid shape (176, 169) or empty file for subject 51003 at regions/51003_timeseries.txt. Skipping.
Warning: Invalid shape (176, 169) or empty file for subject 51006 at regions/51006_timeseries.txt. Skipping.
Warning: Invalid shape (176, 169) or empty file for subject 51007 at regions/51007_timeseries.txt. Skipping.
Warning: Invalid shape (176, 169) or empty file for subject 51009 at regions/51009_timeseries.txt. Skipping.
Warning: Invalid shape (176, 169) or empty file for subject 51010 at regions/51010_timeseries.txt. Skipping.
Warning: Invalid shape (176, 169) or empty file for subject 51011 at regions/51011_timeseries.txt. Skipping.
Warning: Invalid shape (176, 169) or empty file for subject 51012 at regions/51012_timeseries.txt. Skipping.
Warning: Invalid shape (176, 169) or empty file for subject 51013 at regions/51013_timeseries.txt. Skipping.
Warning: Invalid shape (176, 169) or empty file for subject 51015 at regions/51015_timeseries.txt. Skipping.
Warning: Invalid shape (176, 169) or empty file for subject 51016 at regions/51016_timeseries.txt. Skipping.
Warning: Invalid shape (176, 169) or empty file for subject 51017 at regions/51017_timeseries.txt. Skipping.
Warning: Invalid shape (176, 169) or empty file for subject 51018 at regions/51018_timeseries.txt. Skipping.
Warning: Invalid shape (176, 169) or empty file for subject 51019 at regions/51019_timeseries.txt. Skipping.
Warning: Invalid shape (176, 169) or empty file for subject 51020 at regions/51020_timeseries.txt. Skipping.
Warning: Invalid shape (176, 169) or empty file for subject 51021 at regions/51021_timeseries.txt. Skipping.
Warning: Invalid shape (176, 169) or empty file for subject 51023 at regions/51023_timeseries.txt. Skipping.
Warning: Invalid shape (176, 169) or empty file for subject 51024 at regions/51024_timeseries.txt. Skipping.
Warning: Invalid shape (176, 169) or empty file for subject 51026 at regions/51026_timeseries.txt. Skipping.
Warning: Invalid shape (176, 169) or empty file for subject 51027 at regions/51027_timeseries.txt. Skipping.
Warning: Invalid shape (176, 169) or empty file for subject 51028 at regions/51028_timeseries.txt. Skipping.
Warning: Invalid shape (176, 169) or empty file for subject 51029 at regions/51029_timeseries.txt. Skipping.
Warning: Invalid shape (176, 169) or empty file for subject 51030 at regions/51030_timeseries.txt. Skipping.
Warning: Invalid shape (176, 169) or empty file for subject 51032 at regions/51032_timeseries.txt. Skipping.
Warning: Invalid shape (176, 169) or empty file for subject 51034 at regions/51034_timeseries.txt. Skipping.
Warning: Invalid shape (176, 169) or empty file for subject 51035 at regions/51035_timeseries.txt. Skipping.
Warning: Invalid shape (176, 169) or empty file for subject 51036 at regions/51036_timeseries.txt. Skipping.
Warning: Invalid shape (176, 169) or empty file for subject 51038 at regions/51038_timeseries.txt. Skipping.
Warning: Invalid shape (176, 169) or empty file for subject 51039 at regions/51039_timeseries.txt. Skipping.
Warning: Invalid shape (176, 169) or empty file for subject 51040 at regions/51040_timeseries.txt. Skipping.
Warning: Invalid shape (176, 169) or empty file for subject 51041 at regions/51041_timeseries.txt. Skipping.
Warning: Invalid shape (176, 169) or empty file for subject 51042 at regions/51042_timeseries.txt. Skipping.
Warning: Invalid shape (176, 169) or empty file for subject 51044 at regions/51044_timeseries.txt. Skipping.
Warning: Invalid shape (176, 169) or empty file for subject 51045 at regions/51045_timeseries.txt. Skipping.
Warning: Invalid shape (176, 169) or empty file for subject 51046 at regions/51046_timeseries.txt. Skipping.
Warning: Invalid shape (176, 169) or empty file for subject 51047 at regions/51047_timeseries.txt. Skipping.
Warning: Invalid shape (176, 169) or empty file for subject 51048 at regions/51048_timeseries.txt. Skipping.
Warning: Invalid shape (176, 169) or empty file for subject 51049 at regions/51049_timeseries.txt. Skipping.
Warning: Invalid shape (176, 169) or empty file for subject 51050 at regions/51050_timeseries.txt. Skipping.
Warning: Invalid shape (176, 169) or empty file for subject 51051 at regions/51051_timeseries.txt. Skipping.
Warning: Invalid shape (176, 169) or empty file for subject 51052 at regions/51052_timeseries.txt. Skipping.
Warning: Invalid shape (176, 169) or empty file for subject 51053 at regions/51053_timeseries.txt. Skipping.
Warning: Invalid shape (176, 169) or empty file for subject 51054 at regions/51054_timeseries.txt. Skipping.
Warning: Invalid shape (176, 169) or empty file for subject 51055 at regions/51055_timeseries.txt. Skipping.
Warning: Invalid shape (176, 169) or empty file for subject 51056 at regions/51056_timeseries.txt. Skipping.
Warning: Invalid shape (176, 169) or empty file for subject 51057 at regions/51057_timeseries.txt. Skipping.
Warning: Invalid shape (176, 169) or empty file for subject 51058 at regions/51058_timeseries.txt. Skipping.
Warning: Invalid shape (176, 169) or empty file for subject 51059 at regions/51059_timeseries.txt. Skipping.
Warning: Invalid shape (176, 169) or empty file for subject 51060 at regions/51060_timeseries.txt. Skipping.
Warning: Invalid shape (176, 169) or empty file for subject 51061 at regions/51061_timeseries.txt. Skipping.
Warning: Invalid shape (176, 169) or empty file for subject 51062 at regions/51062_timeseries.txt. Skipping.
Warning: Invalid shape (176, 169) or empty file for subject 51063 at regions/51063_timeseries.txt. Skipping.
Warning: Invalid shape (176, 169) or empty file for subject 51064 at regions/51064_timeseries.txt. Skipping.
Warning: Invalid shape (176, 169) or empty file for subject 51065 at regions/51065_timeseries.txt. Skipping.
Warning: Invalid shape (176, 169) or empty file for subject 51066 at regions/51066_timeseries.txt. Skipping.
Warning: Invalid shape (176, 169) or empty file for subject 51067 at regions/51067_timeseries.txt. Skipping.
Warning: Invalid shape (176, 169) or empty file for subject 51068 at regions/51068_timeseries.txt. Skipping.
Warning: Invalid shape (176, 169) or empty file for subject 51069 at regions/51069_timeseries.txt. Skipping.
Warning: Invalid shape (176, 169) or empty file for subject 51070 at regions/51070_timeseries.txt. Skipping.
Warning: Invalid shape (176, 169) or empty file for subject 51073 at regions/51073_timeseries.txt. Skipping.
Warning: Invalid shape (176, 169) or empty file for subject 51074 at regions/51074_timeseries.txt. Skipping.
Warning: Invalid shape (176, 169) or empty file for subject 51075 at regions/51075_timeseries.txt. Skipping.
Warning: Invalid shape (176, 169) or empty file for subject 51076 at regions/51076_timeseries.txt. Skipping.
Warning: Invalid shape (176, 169) or empty file for subject 51077 at regions/51077_timeseries.txt. Skipping.
Warning: Invalid shape (176, 169) or empty file for subject 51081 at regions/51081_timeseries.txt. Skipping.
Warning: Invalid shape (176, 169) or empty file for subject 51083 at regions/51083_timeseries.txt. Skipping.
Warning: Invalid shape (176, 169) or empty file for subject 51084 at regions/51084_timeseries.txt. Skipping.
Warning: Invalid shape (176, 169) or empty file for subject 51085 at regions/51085_timeseries.txt. Skipping.
Warning: Invalid shape (176, 169) or empty file for subject 51087 at regions/51087_timeseries.txt. Skipping.
Warning: Invalid shape (176, 169) or empty file for subject 51089 at regions/51089_timeseries.txt. Skipping.
Warning: Invalid shape (176, 169) or empty file for subject 51090 at regions/51090_timeseries.txt. Skipping.
Warning: Invalid shape (176, 169) or empty file for subject 51091 at regions/51091_timeseries.txt. Skipping.
Warning: Invalid shape (176, 169) or empty file for subject 51093 at regions/51093_timeseries.txt. Skipping.
Warning: Invalid shape (176, 169) or empty file for subject 51094 at regions/51094_timeseries.txt. Skipping.
Warning: Invalid shape (176, 169) or empty file for subject 51095 at regions/51095_timeseries.txt. Skipping.
Warning: Invalid shape (176, 169) or empty file for subject 51096 at regions/51096_timeseries.txt. Skipping.
Warning: Invalid shape (176, 169) or empty file for subject 51097 at regions/51097_timeseries.txt. Skipping.
Warning: Invalid shape (176, 169) or empty file for subject 51098 at regions/51098_timeseries.txt. Skipping.
Warning: Invalid shape (176, 169) or empty file for subject 51099 at regions/51099_timeseries.txt. Skipping.
Warning: Invalid shape (176, 169) or empty file for subject 51100 at regions/51100_timeseries.txt. Skipping.
Warning: Invalid shape (176, 169) or empty file for subject 51101 at regions/51101_timeseries.txt. Skipping.
Warning: Invalid shape (176, 169) or empty file for subject 51102 at regions/51102_timeseries.txt. Skipping.
Warning: Invalid shape (176, 169) or empty file for subject 51103 at regions/51103_timeseries.txt. Skipping.
Warning: Invalid shape (176, 169) or empty file for subject 51104 at regions/51104_timeseries.txt. Skipping.
Warning: Invalid shape (176, 169) or empty file for subject 51105 at regions/51105_timeseries.txt. Skipping.
Warning: Invalid shape (176, 169) or empty file for subject 51106 at regions/51106_timeseries.txt. Skipping.
Warning: Invalid shape (176, 169) or empty file for subject 51107 at regions/51107_timeseries.txt. Skipping.
Warning: Invalid shape (176, 169) or empty file for subject 51110 at regions/51110_timeseries.txt. Skipping.
Warning: Invalid shape (176, 169) or empty file for subject 51111 at regions/51111_timeseries.txt. Skipping.
Warning: Invalid shape (176, 169) or empty file for subject 51112 at regions/51112_timeseries.txt. Skipping.
Warning: Invalid shape (176, 169) or empty file for subject 51113 at regions/51113_timeseries.txt. Skipping.
Warning: Invalid shape (176, 169) or empty file for subject 51116 at regions/51116_timeseries.txt. Skipping.
Warning: Invalid shape (176, 169) or empty file for subject 51117 at regions/51117_timeseries.txt. Skipping.
Warning: Invalid shape (176, 169) or empty file for subject 51118 at regions/51118_timeseries.txt. Skipping.
Warning: Invalid shape (176, 169) or empty file for subject 51122 at regions/51122_timeseries.txt. Skipping.
Warning: Invalid shape (176, 169) or empty file for subject 51123 at regions/51123_timeseries.txt. Skipping.
Warning: Invalid shape (176, 169) or empty file for subject 51124 at regions/51124_timeseries.txt. Skipping.
Warning: Invalid shape (176, 169) or empty file for subject 51126 at regions/51126_timeseries.txt. Skipping.
Warning: Invalid shape (176, 169) or empty file for subject 51127 at regions/51127_timeseries.txt. Skipping.
Warning: Invalid shape (176, 169) or empty file for subject 51128 at regions/51128_timeseries.txt. Skipping.
Warning: Invalid shape (176, 169) or empty file for subject 51129 at regions/51129_timeseries.txt. Skipping.
Warning: Invalid shape (176, 169) or empty file for subject 51130 at regions/51130_timeseries.txt. Skipping.
Warning: Invalid shape (176, 169) or empty file for subject 51131 at regions/51131_timeseries.txt. Skipping.
Warning: Invalid shape (146, 169) or empty file for subject 51132 at regions/51132_timeseries.txt. Skipping.
Warning: Invalid shape (146, 169) or empty file for subject 51133 at regions/51133_timeseries.txt. Skipping.
Warning: Invalid shape (146, 169) or empty file for subject 51134 at regions/51134_timeseries.txt. Skipping.
Warning: Invalid shape (146, 169) or empty file for subject 51135 at regions/51135_timeseries.txt. Skipping.
Warning: Invalid shape (146, 169) or empty file for subject 51136 at regions/51136_timeseries.txt. Skipping.
Warning: Invalid shape (146, 169) or empty file for subject 51137 at regions/51137_timeseries.txt. Skipping.
Warning: Invalid shape (146, 169) or empty file for subject 51138 at regions/51138_timeseries.txt. Skipping.
Warning: Invalid shape (146, 169) or empty file for subject 51139 at regions/51139_timeseries.txt. Skipping.
Warning: Invalid shape (146, 169) or empty file for subject 51140 at regions/51140_timeseries.txt. Skipping.
Warning: Invalid shape (146, 169) or empty file for subject 51141 at regions/51141_timeseries.txt. Skipping.
Warning: Invalid shape (176, 169) or empty file for subject 51146 at regions/51146_timeseries.txt. Skipping.
Warning: Invalid shape (176, 169) or empty file for subject 51147 at regions/51147_timeseries.txt. Skipping.
Warning: Invalid shape (176, 169) or empty file for subject 51148 at regions/51148_timeseries.txt. Skipping.
Warning: Invalid shape (176, 169) or empty file for subject 51149 at regions/51149_timeseries.txt. Skipping.
Warning: Invalid shape (176, 169) or empty file for subject 51150 at regions/51150_timeseries.txt. Skipping.
Warning: Invalid shape (176, 169) or empty file for subject 51151 at regions/51151_timeseries.txt. Skipping.
Warning: Invalid shape (176, 169) or empty file for subject 51152 at regions/51152_timeseries.txt. Skipping.
Warning: Invalid shape (176, 169) or empty file for subject 51153 at regions/51153_timeseries.txt. Skipping.
Warning: Invalid shape (176, 169) or empty file for subject 51154 at regions/51154_timeseries.txt. Skipping.
Warning: Invalid shape (176, 169) or empty file for subject 51155 at regions/51155_timeseries.txt. Skipping.
Warning: Invalid shape (176, 169) or empty file for subject 51156 at regions/51156_timeseries.txt. Skipping.
Warning: Invalid shape (176, 169) or empty file for subject 51159 at regions/51159_timeseries.txt. Skipping.
Warning: Invalid shape (176, 169) or empty file for subject 51161 at regions/51161_timeseries.txt. Skipping.
Warning: Invalid shape (176, 169) or empty file for subject 51162 at regions/51162_timeseries.txt. Skipping.
Warning: Invalid shape (176, 169) or empty file for subject 51163 at regions/51163_timeseries.txt. Skipping.
Warning: Invalid shape (176, 169) or empty file for subject 51164 at regions/51164_timeseries.txt. Skipping.
Warning: Invalid shape (176, 169) or empty file for subject 51168 at regions/51168_timeseries.txt. Skipping.
Warning: Invalid shape (176, 169) or empty file for subject 51169 at regions/51169_timeseries.txt. Skipping.
Warning: Invalid shape (176, 169) or empty file for subject 51170 at regions/51170_timeseries.txt. Skipping.
Warning: Invalid shape (176, 169) or empty file for subject 51171 at regions/51171_timeseries.txt. Skipping.
Warning: Invalid shape (176, 169) or empty file for subject 51173 at regions/51173_timeseries.txt. Skipping.
Warning: Invalid shape (176, 169) or empty file for subject 51178 at regions/51178_timeseries.txt. Skipping.
Warning: Invalid shape (176, 169) or empty file for subject 51179 at regions/51179_timeseries.txt. Skipping.
Warning: Invalid shape (236, 169) or empty file for subject 51180 at regions/51180_timeseries.txt. Skipping.
Warning: Invalid shape (236, 169) or empty file for subject 51181 at regions/51181_timeseries.txt. Skipping.
Warning: Invalid shape (236, 169) or empty file for subject 51182 at regions/51182_timeseries.txt. Skipping.
Warning: Invalid shape (236, 169) or empty file for subject 51183 at regions/51183_timeseries.txt. Skipping.
Warning: Invalid shape (236, 169) or empty file for subject 51185 at regions/51185_timeseries.txt. Skipping.
Warning: Invalid shape (236, 169) or empty file for subject 51187 at regions/51187_timeseries.txt. Skipping.
Warning: Invalid shape (236, 169) or empty file for subject 51188 at regions/51188_timeseries.txt. Skipping.
Warning: Invalid shape (236, 169) or empty file for subject 51189 at regions/51189_timeseries.txt. Skipping.
Warning: Invalid shape (236, 169) or empty file for subject 51194 at regions/51194_timeseries.txt. Skipping.
Warning: Invalid shape (236, 169) or empty file for subject 51197 at regions/51197_timeseries.txt. Skipping.
Warning: Invalid shape (236, 169) or empty file for subject 51198 at regions/51198_timeseries.txt. Skipping.
Warning: Invalid shape (116, 169) or empty file for subject 51202 at regions/51202_timeseries.txt. Skipping.
Warning: Invalid shape (116, 169) or empty file for subject 51203 at regions/51203_timeseries.txt. Skipping.
Warning: Invalid shape (116, 169) or empty file for subject 51204 at regions/51204_timeseries.txt. Skipping.
Warning: Invalid shape (116, 169) or empty file for subject 51205 at regions/51205_timeseries.txt. Skipping.
Warning: Invalid shape (116, 169) or empty file for subject 51206 at regions/51206_timeseries.txt. Skipping.
Warning: Invalid shape (116, 169) or empty file for subject 51207 at regions/51207_timeseries.txt. Skipping.
Warning: Invalid shape (116, 169) or empty file for subject 51208 at regions/51208_timeseries.txt. Skipping.
Warning: Invalid shape (116, 169) or empty file for subject 51210 at regions/51210_timeseries.txt. Skipping.
Warning: Invalid shape (116, 169) or empty file for subject 51211 at regions/51211_timeseries.txt. Skipping.
Warning: Invalid shape (116, 169) or empty file for subject 51212 at regions/51212_timeseries.txt. Skipping.
Warning: Invalid shape (116, 169) or empty file for subject 51214 at regions/51214_timeseries.txt. Skipping.
Warning: Invalid shape (116, 169) or empty file for subject 51215 at regions/51215_timeseries.txt. Skipping.
Warning: Invalid shape (116, 169) or empty file for subject 51216 at regions/51216_timeseries.txt. Skipping.
Warning: Invalid shape (116, 169) or empty file for subject 51217 at regions/51217_timeseries.txt. Skipping.
Warning: Invalid shape (116, 169) or empty file for subject 51218 at regions/51218_timeseries.txt. Skipping.
Warning: Invalid shape (116, 169) or empty file for subject 51219 at regions/51219_timeseries.txt. Skipping.
Warning: Invalid shape (116, 169) or empty file for subject 51220 at regions/51220_timeseries.txt. Skipping.
Warning: Invalid shape (116, 169) or empty file for subject 51221 at regions/51221_timeseries.txt. Skipping.
Warning: Invalid shape (116, 169) or empty file for subject 51222 at regions/51222_timeseries.txt. Skipping.
Warning: Invalid shape (116, 169) or empty file for subject 51223 at regions/51223_timeseries.txt. Skipping.
Warning: Invalid shape (116, 169) or empty file for subject 51224 at regions/51224_timeseries.txt. Skipping.
Warning: Invalid shape (116, 169) or empty file for subject 51225 at regions/51225_timeseries.txt. Skipping.
Warning: Invalid shape (116, 169) or empty file for subject 51226 at regions/51226_timeseries.txt. Skipping.
Warning: Invalid shape (116, 169) or empty file for subject 51228 at regions/51228_timeseries.txt. Skipping.
Warning: Invalid shape (116, 169) or empty file for subject 51229 at regions/51229_timeseries.txt. Skipping.
Warning: Invalid shape (116, 169) or empty file for subject 51230 at regions/51230_timeseries.txt. Skipping.
Warning: Invalid shape (116, 169) or empty file for subject 51234 at regions/51234_timeseries.txt. Skipping.
Warning: Invalid shape (116, 169) or empty file for subject 51236 at regions/51236_timeseries.txt. Skipping.
Warning: Invalid shape (116, 169) or empty file for subject 51237 at regions/51237_timeseries.txt. Skipping.
Warning: Invalid shape (116, 169) or empty file for subject 51239 at regions/51239_timeseries.txt. Skipping.
Warning: Invalid shape (116, 169) or empty file for subject 51240 at regions/51240_timeseries.txt. Skipping.
Warning: Invalid shape (116, 169) or empty file for subject 51241 at regions/51241_timeseries.txt. Skipping.
Warning: Invalid shape (116, 169) or empty file for subject 51248 at regions/51248_timeseries.txt. Skipping.
Warning: Invalid shape (116, 169) or empty file for subject 51249 at regions/51249_timeseries.txt. Skipping.
Warning: Invalid shape (116, 169) or empty file for subject 51251 at regions/51251_timeseries.txt. Skipping.
Warning: Invalid shape (116, 169) or empty file for subject 51252 at regions/51252_timeseries.txt. Skipping.
Warning: Invalid shape (116, 169) or empty file for subject 51253 at regions/51253_timeseries.txt. Skipping.
Warning: Invalid shape (116, 169) or empty file for subject 51255 at regions/51255_timeseries.txt. Skipping.
Warning: Invalid shape (116, 169) or empty file for subject 51256 at regions/51256_timeseries.txt. Skipping.
Warning: Invalid shape (116, 169) or empty file for subject 51257 at regions/51257_timeseries.txt. Skipping.
Warning: Invalid shape (116, 169) or empty file for subject 51260 at regions/51260_timeseries.txt. Skipping.
Warning: Invalid shape (116, 169) or empty file for subject 51261 at regions/51261_timeseries.txt. Skipping.
Warning: Invalid shape (116, 169) or empty file for subject 51262 at regions/51262_timeseries.txt. Skipping.
Warning: Invalid shape (116, 169) or empty file for subject 51264 at regions/51264_timeseries.txt. Skipping.
Warning: Invalid shape (116, 169) or empty file for subject 51265 at regions/51265_timeseries.txt. Skipping.
Warning: Invalid shape (116, 169) or empty file for subject 51266 at regions/51266_timeseries.txt. Skipping.
Warning: Invalid shape (116, 169) or empty file for subject 51267 at regions/51267_timeseries.txt. Skipping.
Warning: Invalid shape (116, 169) or empty file for subject 51268 at regions/51268_timeseries.txt. Skipping.
Warning: Invalid shape (116, 169) or empty file for subject 51269 at regions/51269_timeseries.txt. Skipping.
Warning: Invalid shape (116, 169) or empty file for subject 51271 at regions/51271_timeseries.txt. Skipping.
Warning: Invalid shape (116, 169) or empty file for subject 51272 at regions/51272_timeseries.txt. Skipping.
Warning: Invalid shape (116, 169) or empty file for subject 51273 at regions/51273_timeseries.txt. Skipping.
Warning: Invalid shape (116, 169) or empty file for subject 51275 at regions/51275_timeseries.txt. Skipping.
Warning: Invalid shape (116, 169) or empty file for subject 51276 at regions/51276_timeseries.txt. Skipping.
Warning: Invalid shape (116, 169) or empty file for subject 51278 at regions/51278_timeseries.txt. Skipping.
Warning: Invalid shape (116, 169) or empty file for subject 51279 at regions/51279_timeseries.txt. Skipping.
Warning: Invalid shape (116, 169) or empty file for subject 51280 at regions/51280_timeseries.txt. Skipping.
Warning: Invalid shape (116, 169) or empty file for subject 51281 at regions/51281_timeseries.txt. Skipping.
Warning: Invalid shape (116, 169) or empty file for subject 51292 at regions/51292_timeseries.txt. Skipping.
Warning: Invalid shape (116, 169) or empty file for subject 51293 at regions/51293_timeseries.txt. Skipping.
Warning: Invalid shape (116, 169) or empty file for subject 51294 at regions/51294_timeseries.txt. Skipping.
Warning: Invalid shape (116, 169) or empty file for subject 51295 at regions/51295_timeseries.txt. Skipping.
Warning: Invalid shape (116, 169) or empty file for subject 51297 at regions/51297_timeseries.txt. Skipping.
Warning: Invalid shape (116, 169) or empty file for subject 51298 at regions/51298_timeseries.txt. Skipping.
Warning: Invalid shape (116, 169) or empty file for subject 51299 at regions/51299_timeseries.txt. Skipping.
Warning: Invalid shape (116, 169) or empty file for subject 51300 at regions/51300_timeseries.txt. Skipping.
Warning: Invalid shape (116, 169) or empty file for subject 51301 at regions/51301_timeseries.txt. Skipping.
Warning: Invalid shape (116, 169) or empty file for subject 51302 at regions/51302_timeseries.txt. Skipping.
Warning: Invalid shape (116, 169) or empty file for subject 51303 at regions/51303_timeseries.txt. Skipping.
Warning: Invalid shape (116, 169) or empty file for subject 51304 at regions/51304_timeseries.txt. Skipping.
Warning: Invalid shape (116, 169) or empty file for subject 51305 at regions/51305_timeseries.txt. Skipping.
Warning: Invalid shape (116, 169) or empty file for subject 51306 at regions/51306_timeseries.txt. Skipping.
Warning: Invalid shape (116, 169) or empty file for subject 51307 at regions/51307_timeseries.txt. Skipping.
Warning: Invalid shape (116, 169) or empty file for subject 51308 at regions/51308_timeseries.txt. Skipping.
Warning: Invalid shape (116, 169) or empty file for subject 51309 at regions/51309_timeseries.txt. Skipping.
Warning: Invalid shape (116, 169) or empty file for subject 51311 at regions/51311_timeseries.txt. Skipping.
Warning: Invalid shape (116, 169) or empty file for subject 51313 at regions/51313_timeseries.txt. Skipping.
Warning: Invalid shape (116, 169) or empty file for subject 51315 at regions/51315_timeseries.txt. Skipping.
Warning: Invalid shape (116, 169) or empty file for subject 51318 at regions/51318_timeseries.txt. Skipping.
Warning: Invalid shape (116, 169) or empty file for subject 51319 at regions/51319_timeseries.txt. Skipping.
Warning: Invalid shape (116, 169) or empty file for subject 51320 at regions/51320_timeseries.txt. Skipping.
Warning: Invalid shape (116, 169) or empty file for subject 51321 at regions/51321_timeseries.txt. Skipping.
Warning: Invalid shape (116, 169) or empty file for subject 51322 at regions/51322_timeseries.txt. Skipping.
Warning: Invalid shape (116, 169) or empty file for subject 51323 at regions/51323_timeseries.txt. Skipping.
Warning: Invalid shape (116, 169) or empty file for subject 51326 at regions/51326_timeseries.txt. Skipping.
Warning: Invalid shape (116, 169) or empty file for subject 51327 at regions/51327_timeseries.txt. Skipping.
Warning: Invalid shape (116, 169) or empty file for subject 51328 at regions/51328_timeseries.txt. Skipping.
Warning: Invalid shape (196, 169) or empty file for subject 51329 at regions/51329_timeseries.txt. Skipping.
Warning: Invalid shape (196, 169) or empty file for subject 51330 at regions/51330_timeseries.txt. Skipping.
Warning: Invalid shape (196, 169) or empty file for subject 51331 at regions/51331_timeseries.txt. Skipping.
Warning: Invalid shape (116, 169) or empty file for subject 51334 at regions/51334_timeseries.txt. Skipping.
Warning: Invalid shape (116, 169) or empty file for subject 51335 at regions/51335_timeseries.txt. Skipping.
Warning: Invalid shape (116, 169) or empty file for subject 51336 at regions/51336_timeseries.txt. Skipping.
Warning: Invalid shape (116, 169) or empty file for subject 51338 at regions/51338_timeseries.txt. Skipping.
Warning: Invalid shape (116, 169) or empty file for subject 51339 at regions/51339_timeseries.txt. Skipping.
Warning: Invalid shape (116, 169) or empty file for subject 51340 at regions/51340_timeseries.txt. Skipping.
Warning: Invalid shape (116, 169) or empty file for subject 51341 at regions/51341_timeseries.txt. Skipping.
Warning: Invalid shape (116, 169) or empty file for subject 51342 at regions/51342_timeseries.txt. Skipping.
Warning: Invalid shape (116, 169) or empty file for subject 51343 at regions/51343_timeseries.txt. Skipping.
Warning: Invalid shape (116, 169) or empty file for subject 51344 at regions/51344_timeseries.txt. Skipping.
Warning: Invalid shape (116, 169) or empty file for subject 51345 at regions/51345_timeseries.txt. Skipping.
Warning: Invalid shape (116, 169) or empty file for subject 51346 at regions/51346_timeseries.txt. Skipping.
Warning: Invalid shape (196, 169) or empty file for subject 51349 at regions/51349_timeseries.txt. Skipping.
Warning: Invalid shape (196, 169) or empty file for subject 51350 at regions/51350_timeseries.txt. Skipping.
Warning: Invalid shape (196, 169) or empty file for subject 51354 at regions/51354_timeseries.txt. Skipping.
Warning: Invalid shape (196, 169) or empty file for subject 51357 at regions/51357_timeseries.txt. Skipping.
Warning: Invalid shape (196, 169) or empty file for subject 51359 at regions/51359_timeseries.txt. Skipping.
Warning: Invalid shape (196, 169) or empty file for subject 51360 at regions/51360_timeseries.txt. Skipping.
Warning: Invalid shape (196, 169) or empty file for subject 51361 at regions/51361_timeseries.txt. Skipping.
Warning: Invalid shape (116, 169) or empty file for subject 51362 at regions/51362_timeseries.txt. Skipping.
Warning: Invalid shape (116, 169) or empty file for subject 51363 at regions/51363_timeseries.txt. Skipping.
Warning: Invalid shape (116, 169) or empty file for subject 51364 at regions/51364_timeseries.txt. Skipping.
Warning: Invalid shape (116, 169) or empty file for subject 51365 at regions/51365_timeseries.txt. Skipping.
Warning: Invalid shape (116, 169) or empty file for subject 51369 at regions/51369_timeseries.txt. Skipping.
Warning: Invalid shape (116, 169) or empty file for subject 51370 at regions/51370_timeseries.txt. Skipping.
Warning: Invalid shape (116, 169) or empty file for subject 51373 at regions/51373_timeseries.txt. Skipping.
Warning: Invalid shape (146, 169) or empty file for subject 51461 at regions/51461_timeseries.txt. Skipping.
Warning: Invalid shape (146, 169) or empty file for subject 51463 at regions/51463_timeseries.txt. Skipping.
Warning: Invalid shape (146, 169) or empty file for subject 51464 at regions/51464_timeseries.txt. Skipping.
Warning: Invalid shape (146, 169) or empty file for subject 51465 at regions/51465_timeseries.txt. Skipping.
Warning: Invalid shape (146, 169) or empty file for subject 51477 at regions/51477_timeseries.txt. Skipping.
Warning: Invalid shape (146, 169) or empty file for subject 51479 at regions/51479_timeseries.txt. Skipping.
Warning: Invalid shape (146, 169) or empty file for subject 51480 at regions/51480_timeseries.txt. Skipping.
Warning: Invalid shape (146, 169) or empty file for subject 51481 at regions/51481_timeseries.txt. Skipping.
Warning: Invalid shape (146, 169) or empty file for subject 51482 at regions/51482_timeseries.txt. Skipping.
Warning: Invalid shape (146, 169) or empty file for subject 51484 at regions/51484_timeseries.txt. Skipping.
Warning: Invalid shape (146, 169) or empty file for subject 51487 at regions/51487_timeseries.txt. Skipping.
Warning: Invalid shape (146, 169) or empty file for subject 51488 at regions/51488_timeseries.txt. Skipping.
Warning: Invalid shape (146, 169) or empty file for subject 51491 at regions/51491_timeseries.txt. Skipping.
Warning: Invalid shape (146, 169) or empty file for subject 51493 at regions/51493_timeseries.txt. Skipping.
Warning: Invalid shape (196, 169) or empty file for subject 51556 at regions/51556_timeseries.txt. Skipping.
Warning: Invalid shape (196, 169) or empty file for subject 51557 at regions/51557_timeseries.txt. Skipping.
Warning: Invalid shape (196, 169) or empty file for subject 51558 at regions/51558_timeseries.txt. Skipping.
Warning: Invalid shape (196, 169) or empty file for subject 51559 at regions/51559_timeseries.txt. Skipping.
Warning: Invalid shape (196, 169) or empty file for subject 51560 at regions/51560_timeseries.txt. Skipping.
Warning: Invalid shape (196, 169) or empty file for subject 51562 at regions/51562_timeseries.txt. Skipping.
Warning: Invalid shape (196, 169) or empty file for subject 51563 at regions/51563_timeseries.txt. Skipping.
Warning: Invalid shape (196, 169) or empty file for subject 51564 at regions/51564_timeseries.txt. Skipping.
Warning: Invalid shape (196, 169) or empty file for subject 51565 at regions/51565_timeseries.txt. Skipping.
Warning: Invalid shape (196, 169) or empty file for subject 51566 at regions/51566_timeseries.txt. Skipping.
Warning: Invalid shape (196, 169) or empty file for subject 51567 at regions/51567_timeseries.txt. Skipping.
Warning: Invalid shape (196, 169) or empty file for subject 51568 at regions/51568_timeseries.txt. Skipping.
Warning: Invalid shape (196, 169) or empty file for subject 51569 at regions/51569_timeseries.txt. Skipping.
Warning: Invalid shape (196, 169) or empty file for subject 51570 at regions/51570_timeseries.txt. Skipping.
Warning: Invalid shape (196, 169) or empty file for subject 51572 at regions/51572_timeseries.txt. Skipping.
Warning: Invalid shape (196, 169) or empty file for subject 51573 at regions/51573_timeseries.txt. Skipping.
Warning: Invalid shape (196, 169) or empty file for subject 51574 at regions/51574_timeseries.txt. Skipping.
Warning: Invalid shape (196, 169) or empty file for subject 51577 at regions/51577_timeseries.txt. Skipping.
Warning: Invalid shape (196, 169) or empty file for subject 51578 at regions/51578_timeseries.txt. Skipping.
Warning: Invalid shape (196, 169) or empty file for subject 51579 at regions/51579_timeseries.txt. Skipping.
Warning: Invalid shape (196, 169) or empty file for subject 51580 at regions/51580_timeseries.txt. Skipping.
Warning: Invalid shape (196, 169) or empty file for subject 51582 at regions/51582_timeseries.txt. Skipping.
Warning: Invalid shape (196, 169) or empty file for subject 51583 at regions/51583_timeseries.txt. Skipping.
Warning: Invalid shape (196, 169) or empty file for subject 51584 at regions/51584_timeseries.txt. Skipping.
Warning: Invalid shape (196, 169) or empty file for subject 51585 at regions/51585_timeseries.txt. Skipping.
Warning: Invalid shape (116, 169) or empty file for subject 51607 at regions/51607_timeseries.txt. Skipping.
Warning: Invalid shape (196, 169) or empty file for subject 50057 at regions/50057_timeseries.txt. Skipping.
Warning: Invalid shape (206, 169) or empty file for subject 50104 at regions/50104_timeseries.txt. Skipping.
Warning: Invalid shape (206, 169) or empty file for subject 50123 at regions/50123_timeseries.txt. Skipping.
Warning: Invalid shape (206, 169) or empty file for subject 50131 at regions/50131_timeseries.txt. Skipping.
Warning: Invalid shape (78, 169) or empty file for subject 50144 at regions/50144_timeseries.txt. Skipping.
Warning: Invalid shape (176, 169) or empty file for subject 50184 at regions/50184_timeseries.txt. Skipping.
Warning: Invalid shape (176, 169) or empty file for subject 50198 at regions/50198_timeseries.txt. Skipping.
Warning: Invalid shape (176, 169) or empty file for subject 50214 at regions/50214_timeseries.txt. Skipping.
Warning: Invalid shape (146, 169) or empty file for subject 50264 at regions/50264_timeseries.txt. Skipping.
Warning: Invalid shape (146, 169) or empty file for subject 50266 at regions/50266_timeseries.txt. Skipping.
Warning: Invalid shape (296, 169) or empty file for subject 50282 at regions/50282_timeseries.txt. Skipping.
Warning: Invalid shape (296, 169) or empty file for subject 50294 at regions/50294_timeseries.txt. Skipping.
Warning: Invalid shape (296, 169) or empty file for subject 50297 at regions/50297_timeseries.txt. Skipping.
Warning: Invalid shape (296, 169) or empty file for subject 50324 at regions/50324_timeseries.txt. Skipping.
Warning: Invalid shape (296, 169) or empty file for subject 50325 at regions/50325_timeseries.txt. Skipping.
Warning: Invalid shape (296, 169) or empty file for subject 50336 at regions/50336_timeseries.txt. Skipping.
Warning: Invalid shape (296, 169) or empty file for subject 50337 at regions/50337_timeseries.txt. Skipping.
Warning: Invalid shape (296, 169) or empty file for subject 50338 at regions/50338_timeseries.txt. Skipping.
Warning: Invalid shape (296, 169) or empty file for subject 50345 at regions/50345_timeseries.txt. Skipping.
Warning: Invalid shape (296, 169) or empty file for subject 50373 at regions/50373_timeseries.txt. Skipping.
Warning: Invalid shape (296, 169) or empty file for subject 50376 at regions/50376_timeseries.txt. Skipping.
Warning: Invalid shape (296, 169) or empty file for subject 50387 at regions/50387_timeseries.txt. Skipping.
Warning: Invalid shape (296, 169) or empty file for subject 50408 at regions/50408_timeseries.txt. Skipping.
Warning: Invalid shape (296, 169) or empty file for subject 50425 at regions/50425_timeseries.txt. Skipping.
Warning: Invalid shape (296, 169) or empty file for subject 50426 at regions/50426_timeseries.txt. Skipping.
Warning: Invalid shape (236, 169) or empty file for subject 50438 at regions/50438_timeseries.txt. Skipping.
Warning: Invalid shape (236, 169) or empty file for subject 50440 at regions/50440_timeseries.txt. Skipping.
Warning: Invalid shape (236, 169) or empty file for subject 50467 at regions/50467_timeseries.txt. Skipping.
Warning: Invalid shape (236, 169) or empty file for subject 50482 at regions/50482_timeseries.txt. Skipping.
Warning: Invalid shape (236, 169) or empty file for subject 50490 at regions/50490_timeseries.txt. Skipping.
Warning: Invalid shape (236, 169) or empty file for subject 50494 at regions/50494_timeseries.txt. Skipping.
Warning: Invalid shape (232, 169) or empty file for subject 50526 at regions/50526_timeseries.txt. Skipping.
Warning: Invalid shape (236, 169) or empty file for subject 50529 at regions/50529_timeseries.txt. Skipping.
Warning: Invalid shape (236, 169) or empty file for subject 50531 at regions/50531_timeseries.txt. Skipping.
Warning: Invalid shape (196, 169) or empty file for subject 50552 at regions/50552_timeseries.txt. Skipping.
Warning: Invalid shape (196, 169) or empty file for subject 50558 at regions/50558_timeseries.txt. Skipping.
Warning: Invalid shape (196, 169) or empty file for subject 50563 at regions/50563_timeseries.txt. Skipping.
Warning: Invalid shape (196, 169) or empty file for subject 50577 at regions/50577_timeseries.txt. Skipping.
Warning: Invalid shape (196, 169) or empty file for subject 50624 at regions/50624_timeseries.txt. Skipping.
Warning: Invalid shape (236, 169) or empty file for subject 50656 at regions/50656_timeseries.txt. Skipping.
Warning: Invalid shape (246, 169) or empty file for subject 50685 at regions/50685_timeseries.txt. Skipping.
Warning: Invalid shape (246, 169) or empty file for subject 50689 at regions/50689_timeseries.txt. Skipping.
Warning: Invalid shape (246, 169) or empty file for subject 50693 at regions/50693_timeseries.txt. Skipping.
Warning: Invalid shape (246, 169) or empty file for subject 50696 at regions/50696_timeseries.txt. Skipping.
Warning: Invalid shape (246, 169) or empty file for subject 50733 at regions/50733_timeseries.txt. Skipping.
Warning: Invalid shape (246, 169) or empty file for subject 50751 at regions/50751_timeseries.txt. Skipping.
Warning: Invalid shape (152, 169) or empty file for subject 50773 at regions/50773_timeseries.txt. Skipping.
Warning: Invalid shape (152, 169) or empty file for subject 50780 at regions/50780_timeseries.txt. Skipping.
Warning: Invalid shape (152, 169) or empty file for subject 50814 at regions/50814_timeseries.txt. Skipping.
Warning: Invalid shape (176, 169) or empty file for subject 50966 at regions/50966_timeseries.txt. Skipping.
Warning: Invalid shape (176, 169) or empty file for subject 50969 at regions/50969_timeseries.txt. Skipping.
Warning: Invalid shape (176, 169) or empty file for subject 50992 at regions/50992_timeseries.txt. Skipping.
Warning: Invalid shape (176, 169) or empty file for subject 50993 at regions/50993_timeseries.txt. Skipping.
Warning: Invalid shape (176, 169) or empty file for subject 51008 at regions/51008_timeseries.txt. Skipping.
Warning: Invalid shape (176, 169) or empty file for subject 51014 at regions/51014_timeseries.txt. Skipping.
Warning: Invalid shape (176, 169) or empty file for subject 51025 at regions/51025_timeseries.txt. Skipping.
Warning: Invalid shape (176, 169) or empty file for subject 51033 at regions/51033_timeseries.txt. Skipping.
Warning: Invalid shape (176, 169) or empty file for subject 51072 at regions/51072_timeseries.txt. Skipping.
Warning: Invalid shape (176, 169) or empty file for subject 51078 at regions/51078_timeseries.txt. Skipping.
Warning: Invalid shape (176, 169) or empty file for subject 51079 at regions/51079_timeseries.txt. Skipping.
Warning: Invalid shape (176, 169) or empty file for subject 51080 at regions/51080_timeseries.txt. Skipping.
Warning: Invalid shape (176, 169) or empty file for subject 51082 at regions/51082_timeseries.txt. Skipping.
Warning: Invalid shape (176, 169) or empty file for subject 51086 at regions/51086_timeseries.txt. Skipping.
Warning: Invalid shape (176, 169) or empty file for subject 51088 at regions/51088_timeseries.txt. Skipping.
Warning: Invalid shape (176, 169) or empty file for subject 51109 at regions/51109_timeseries.txt. Skipping.
Warning: Invalid shape (176, 169) or empty file for subject 51114 at regions/51114_timeseries.txt. Skipping.
Warning: Invalid shape (146, 169) or empty file for subject 51142 at regions/51142_timeseries.txt. Skipping.
Warning: Invalid shape (176, 169) or empty file for subject 51177 at regions/51177_timeseries.txt. Skipping.
Warning: Invalid shape (236, 169) or empty file for subject 51184 at regions/51184_timeseries.txt. Skipping.
Warning: Invalid shape (236, 169) or empty file for subject 51192 at regions/51192_timeseries.txt. Skipping.
Warning: Invalid shape (116, 169) or empty file for subject 51201 at regions/51201_timeseries.txt. Skipping.
Warning: Invalid shape (116, 169) or empty file for subject 51231 at regions/51231_timeseries.txt. Skipping.
Warning: Invalid shape (116, 169) or empty file for subject 51235 at regions/51235_timeseries.txt. Skipping.
Warning: Invalid shape (116, 169) or empty file for subject 51250 at regions/51250_timeseries.txt. Skipping.
Warning: Invalid shape (116, 169) or empty file for subject 51254 at regions/51254_timeseries.txt. Skipping.
Warning: Invalid shape (116, 169) or empty file for subject 51277 at regions/51277_timeseries.txt. Skipping.
Warning: Invalid shape (116, 169) or empty file for subject 51291 at regions/51291_timeseries.txt. Skipping.
Warning: Invalid shape (116, 169) or empty file for subject 51325 at regions/51325_timeseries.txt. Skipping.
Warning: Invalid shape (116, 169) or empty file for subject 51332 at regions/51332_timeseries.txt. Skipping.
Warning: Invalid shape (116, 169) or empty file for subject 51333 at regions/51333_timeseries.txt. Skipping.
Warning: Invalid shape (116, 169) or empty file for subject 51347 at regions/51347_timeseries.txt. Skipping.
Warning: Invalid shape (196, 169) or empty file for subject 51351 at regions/51351_timeseries.txt. Skipping.
Warning: Invalid shape (196, 169) or empty file for subject 51356 at regions/51356_timeseries.txt. Skipping.
Warning: Invalid shape (146, 169) or empty file for subject 51473 at regions/51473_timeseries.txt. Skipping.
Warning: Invalid shape (196, 169) or empty file for subject 51576 at regions/51576_timeseries.txt. Skipping.
Warning: Invalid shape (116, 169) or empty file for subject 51606 at regions/51606_timeseries.txt. Skipping.
Error: No time series could be loaded successfully for this fold.
Critical Error: Could not load/pad time series for Fold 9. Skipping fold.

--- Fold 10/10 ---
Loading time series for 866 subjects in fold...
Warning: Invalid shape (196, 169) or empty file for subject 50003 at regions/50003_timeseries.txt. Skipping.
Warning: Invalid shape (196, 169) or empty file for subject 50004 at regions/50004_timeseries.txt. Skipping.
Warning: Invalid shape (196, 169) or empty file for subject 50005 at regions/50005_timeseries.txt. Skipping.
Warning: Invalid shape (196, 169) or empty file for subject 50006 at regions/50006_timeseries.txt. Skipping.
Warning: Invalid shape (196, 169) or empty file for subject 50007 at regions/50007_timeseries.txt. Skipping.
Warning: Invalid shape (196, 169) or empty file for subject 50008 at regions/50008_timeseries.txt. Skipping.
Warning: Invalid shape (196, 169) or empty file for subject 50011 at regions/50011_timeseries.txt. Skipping.
Warning: Invalid shape (196, 169) or empty file for subject 50012 at regions/50012_timeseries.txt. Skipping.
Warning: Invalid shape (196, 169) or empty file for subject 50013 at regions/50013_timeseries.txt. Skipping.
Warning: Invalid shape (196, 169) or empty file for subject 50014 at regions/50014_timeseries.txt. Skipping.
Warning: Invalid shape (196, 169) or empty file for subject 50016 at regions/50016_timeseries.txt. Skipping.
Warning: Invalid shape (196, 169) or empty file for subject 50020 at regions/50020_timeseries.txt. Skipping.
Warning: Invalid shape (196, 169) or empty file for subject 50022 at regions/50022_timeseries.txt. Skipping.
Warning: Invalid shape (196, 169) or empty file for subject 50023 at regions/50023_timeseries.txt. Skipping.
Warning: Invalid shape (196, 169) or empty file for subject 50024 at regions/50024_timeseries.txt. Skipping.
Warning: Invalid shape (196, 169) or empty file for subject 50025 at regions/50025_timeseries.txt. Skipping.
Warning: Invalid shape (196, 169) or empty file for subject 50026 at regions/50026_timeseries.txt. Skipping.
Warning: Invalid shape (196, 169) or empty file for subject 50027 at regions/50027_timeseries.txt. Skipping.
Warning: Invalid shape (196, 169) or empty file for subject 50028 at regions/50028_timeseries.txt. Skipping.
Warning: Invalid shape (196, 169) or empty file for subject 50030 at regions/50030_timeseries.txt. Skipping.
Warning: Invalid shape (196, 169) or empty file for subject 50032 at regions/50032_timeseries.txt. Skipping.
Warning: Invalid shape (196, 169) or empty file for subject 50033 at regions/50033_timeseries.txt. Skipping.
Warning: Invalid shape (196, 169) or empty file for subject 50034 at regions/50034_timeseries.txt. Skipping.
Warning: Invalid shape (196, 169) or empty file for subject 50035 at regions/50035_timeseries.txt. Skipping.
Warning: Invalid shape (196, 169) or empty file for subject 50036 at regions/50036_timeseries.txt. Skipping.
Warning: Invalid shape (196, 169) or empty file for subject 50037 at regions/50037_timeseries.txt. Skipping.
Warning: Invalid shape (196, 169) or empty file for subject 50038 at regions/50038_timeseries.txt. Skipping.
Warning: Invalid shape (196, 169) or empty file for subject 50039 at regions/50039_timeseries.txt. Skipping.
Warning: Invalid shape (196, 169) or empty file for subject 50040 at regions/50040_timeseries.txt. Skipping.
Warning: Invalid shape (196, 169) or empty file for subject 50042 at regions/50042_timeseries.txt. Skipping.
Warning: Invalid shape (196, 169) or empty file for subject 50043 at regions/50043_timeseries.txt. Skipping.
Warning: Invalid shape (196, 169) or empty file for subject 50045 at regions/50045_timeseries.txt. Skipping.
Warning: Invalid shape (196, 169) or empty file for subject 50046 at regions/50046_timeseries.txt. Skipping.
Warning: Invalid shape (196, 169) or empty file for subject 50047 at regions/50047_timeseries.txt. Skipping.
Warning: Invalid shape (196, 169) or empty file for subject 50048 at regions/50048_timeseries.txt. Skipping.
Warning: Invalid shape (196, 169) or empty file for subject 50049 at regions/50049_timeseries.txt. Skipping.
Warning: Invalid shape (196, 169) or empty file for subject 50050 at regions/50050_timeseries.txt. Skipping.
Warning: Invalid shape (196, 169) or empty file for subject 50051 at regions/50051_timeseries.txt. Skipping.
Warning: Invalid shape (196, 169) or empty file for subject 50052 at regions/50052_timeseries.txt. Skipping.
Warning: Invalid shape (196, 169) or empty file for subject 50053 at regions/50053_timeseries.txt. Skipping.
Warning: Invalid shape (196, 169) or empty file for subject 50054 at regions/50054_timeseries.txt. Skipping.
Warning: Invalid shape (196, 169) or empty file for subject 50057 at regions/50057_timeseries.txt. Skipping.
Warning: Invalid shape (196, 169) or empty file for subject 50059 at regions/50059_timeseries.txt. Skipping.
Warning: Invalid shape (196, 169) or empty file for subject 50060 at regions/50060_timeseries.txt. Skipping.
Warning: Invalid shape (206, 169) or empty file for subject 50102 at regions/50102_timeseries.txt. Skipping.
Warning: Invalid shape (206, 169) or empty file for subject 50104 at regions/50104_timeseries.txt. Skipping.
Warning: Invalid shape (206, 169) or empty file for subject 50105 at regions/50105_timeseries.txt. Skipping.
Warning: Invalid shape (206, 169) or empty file for subject 50106 at regions/50106_timeseries.txt. Skipping.
Warning: Invalid shape (206, 169) or empty file for subject 50107 at regions/50107_timeseries.txt. Skipping.
Warning: Invalid shape (206, 169) or empty file for subject 50109 at regions/50109_timeseries.txt. Skipping.
Warning: Invalid shape (206, 169) or empty file for subject 50111 at regions/50111_timeseries.txt. Skipping.
Warning: Invalid shape (206, 169) or empty file for subject 50112 at regions/50112_timeseries.txt. Skipping.
Warning: Invalid shape (206, 169) or empty file for subject 50113 at regions/50113_timeseries.txt. Skipping.
Warning: Invalid shape (206, 169) or empty file for subject 50114 at regions/50114_timeseries.txt. Skipping.
Warning: Invalid shape (206, 169) or empty file for subject 50116 at regions/50116_timeseries.txt. Skipping.
Warning: Invalid shape (206, 169) or empty file for subject 50117 at regions/50117_timeseries.txt. Skipping.
Warning: Invalid shape (206, 169) or empty file for subject 50118 at regions/50118_timeseries.txt. Skipping.
Warning: Invalid shape (206, 169) or empty file for subject 50121 at regions/50121_timeseries.txt. Skipping.
Warning: Invalid shape (206, 169) or empty file for subject 50123 at regions/50123_timeseries.txt. Skipping.
Warning: Invalid shape (206, 169) or empty file for subject 50125 at regions/50125_timeseries.txt. Skipping.
Warning: Invalid shape (206, 169) or empty file for subject 50128 at regions/50128_timeseries.txt. Skipping.
Warning: Invalid shape (206, 169) or empty file for subject 50129 at regions/50129_timeseries.txt. Skipping.
Warning: Invalid shape (206, 169) or empty file for subject 50130 at regions/50130_timeseries.txt. Skipping.
Warning: Invalid shape (206, 169) or empty file for subject 50131 at regions/50131_timeseries.txt. Skipping.
Warning: Invalid shape (206, 169) or empty file for subject 50132 at regions/50132_timeseries.txt. Skipping.
Warning: Invalid shape (206, 169) or empty file for subject 50134 at regions/50134_timeseries.txt. Skipping.
Warning: Invalid shape (78, 169) or empty file for subject 50142 at regions/50142_timeseries.txt. Skipping.
Warning: Invalid shape (78, 169) or empty file for subject 50143 at regions/50143_timeseries.txt. Skipping.
Warning: Invalid shape (78, 169) or empty file for subject 50144 at regions/50144_timeseries.txt. Skipping.
Warning: Invalid shape (78, 169) or empty file for subject 50145 at regions/50145_timeseries.txt. Skipping.
Warning: Invalid shape (78, 169) or empty file for subject 50146 at regions/50146_timeseries.txt. Skipping.
Warning: Invalid shape (78, 169) or empty file for subject 50147 at regions/50147_timeseries.txt. Skipping.
Warning: Invalid shape (78, 169) or empty file for subject 50148 at regions/50148_timeseries.txt. Skipping.
Warning: Invalid shape (78, 169) or empty file for subject 50150 at regions/50150_timeseries.txt. Skipping.
Warning: Invalid shape (78, 169) or empty file for subject 50152 at regions/50152_timeseries.txt. Skipping.
Warning: Invalid shape (78, 169) or empty file for subject 50153 at regions/50153_timeseries.txt. Skipping.
Warning: Invalid shape (78, 169) or empty file for subject 50156 at regions/50156_timeseries.txt. Skipping.
Warning: Invalid shape (78, 169) or empty file for subject 50157 at regions/50157_timeseries.txt. Skipping.
Warning: Invalid shape (78, 169) or empty file for subject 50158 at regions/50158_timeseries.txt. Skipping.
Warning: Invalid shape (78, 169) or empty file for subject 50159 at regions/50159_timeseries.txt. Skipping.
Warning: Invalid shape (78, 169) or empty file for subject 50160 at regions/50160_timeseries.txt. Skipping.
Warning: Invalid shape (78, 169) or empty file for subject 50161 at regions/50161_timeseries.txt. Skipping.
Warning: Invalid shape (78, 169) or empty file for subject 50162 at regions/50162_timeseries.txt. Skipping.
Warning: Invalid shape (78, 169) or empty file for subject 50163 at regions/50163_timeseries.txt. Skipping.
Warning: Invalid shape (78, 169) or empty file for subject 50164 at regions/50164_timeseries.txt. Skipping.
Warning: Invalid shape (78, 169) or empty file for subject 50167 at regions/50167_timeseries.txt. Skipping.
Warning: Invalid shape (78, 169) or empty file for subject 50168 at regions/50168_timeseries.txt. Skipping.
Warning: Invalid shape (78, 169) or empty file for subject 50169 at regions/50169_timeseries.txt. Skipping.
Warning: Invalid shape (78, 169) or empty file for subject 50170 at regions/50170_timeseries.txt. Skipping.
Warning: Invalid shape (78, 169) or empty file for subject 50171 at regions/50171_timeseries.txt. Skipping.
Warning: Invalid shape (176, 169) or empty file for subject 50182 at regions/50182_timeseries.txt. Skipping.
Warning: Invalid shape (176, 169) or empty file for subject 50183 at regions/50183_timeseries.txt. Skipping.
Warning: Invalid shape (176, 169) or empty file for subject 50184 at regions/50184_timeseries.txt. Skipping.
Warning: Invalid shape (176, 169) or empty file for subject 50186 at regions/50186_timeseries.txt. Skipping.
Warning: Invalid shape (176, 169) or empty file for subject 50188 at regions/50188_timeseries.txt. Skipping.
Warning: Invalid shape (176, 169) or empty file for subject 50189 at regions/50189_timeseries.txt. Skipping.
Warning: Invalid shape (176, 169) or empty file for subject 50190 at regions/50190_timeseries.txt. Skipping.
Warning: Invalid shape (176, 169) or empty file for subject 50193 at regions/50193_timeseries.txt. Skipping.
Warning: Invalid shape (176, 169) or empty file for subject 50194 at regions/50194_timeseries.txt. Skipping.
Warning: Invalid shape (176, 169) or empty file for subject 50195 at regions/50195_timeseries.txt. Skipping.
Warning: Invalid shape (176, 169) or empty file for subject 50196 at regions/50196_timeseries.txt. Skipping.
Warning: Invalid shape (176, 169) or empty file for subject 50198 at regions/50198_timeseries.txt. Skipping.
Warning: Invalid shape (176, 169) or empty file for subject 50199 at regions/50199_timeseries.txt. Skipping.
Warning: Invalid shape (176, 169) or empty file for subject 50200 at regions/50200_timeseries.txt. Skipping.
Warning: Invalid shape (176, 169) or empty file for subject 50201 at regions/50201_timeseries.txt. Skipping.
Warning: Invalid shape (176, 169) or empty file for subject 50202 at regions/50202_timeseries.txt. Skipping.
Warning: Invalid shape (176, 169) or empty file for subject 50203 at regions/50203_timeseries.txt. Skipping.
Warning: Invalid shape (176, 169) or empty file for subject 50205 at regions/50205_timeseries.txt. Skipping.
Warning: Invalid shape (176, 169) or empty file for subject 50206 at regions/50206_timeseries.txt. Skipping.
Warning: Invalid shape (176, 169) or empty file for subject 50208 at regions/50208_timeseries.txt. Skipping.
Warning: Invalid shape (176, 169) or empty file for subject 50213 at regions/50213_timeseries.txt. Skipping.
Warning: Invalid shape (176, 169) or empty file for subject 50214 at regions/50214_timeseries.txt. Skipping.
Warning: Invalid shape (176, 169) or empty file for subject 50215 at regions/50215_timeseries.txt. Skipping.
Warning: Invalid shape (176, 169) or empty file for subject 50217 at regions/50217_timeseries.txt. Skipping.
Warning: Invalid shape (146, 169) or empty file for subject 50232 at regions/50232_timeseries.txt. Skipping.
Warning: Invalid shape (146, 169) or empty file for subject 50233 at regions/50233_timeseries.txt. Skipping.
Warning: Invalid shape (146, 169) or empty file for subject 50234 at regions/50234_timeseries.txt. Skipping.
Warning: Invalid shape (146, 169) or empty file for subject 50236 at regions/50236_timeseries.txt. Skipping.
Warning: Invalid shape (146, 169) or empty file for subject 50237 at regions/50237_timeseries.txt. Skipping.
Warning: Invalid shape (146, 169) or empty file for subject 50239 at regions/50239_timeseries.txt. Skipping.
Warning: Invalid shape (146, 169) or empty file for subject 50240 at regions/50240_timeseries.txt. Skipping.
Warning: Invalid shape (146, 169) or empty file for subject 50241 at regions/50241_timeseries.txt. Skipping.
Warning: Invalid shape (146, 169) or empty file for subject 50243 at regions/50243_timeseries.txt. Skipping.
Warning: Invalid shape (146, 169) or empty file for subject 50245 at regions/50245_timeseries.txt. Skipping.
Warning: Invalid shape (146, 169) or empty file for subject 50247 at regions/50247_timeseries.txt. Skipping.
Warning: Invalid shape (146, 169) or empty file for subject 50248 at regions/50248_timeseries.txt. Skipping.
Warning: Invalid shape (146, 169) or empty file for subject 50249 at regions/50249_timeseries.txt. Skipping.
Warning: Invalid shape (146, 169) or empty file for subject 50250 at regions/50250_timeseries.txt. Skipping.
Warning: Invalid shape (146, 169) or empty file for subject 50251 at regions/50251_timeseries.txt. Skipping.
Warning: Invalid shape (146, 169) or empty file for subject 50252 at regions/50252_timeseries.txt. Skipping.
Warning: Invalid shape (146, 169) or empty file for subject 50254 at regions/50254_timeseries.txt. Skipping.
Warning: Invalid shape (146, 169) or empty file for subject 50255 at regions/50255_timeseries.txt. Skipping.
Warning: Invalid shape (146, 169) or empty file for subject 50257 at regions/50257_timeseries.txt. Skipping.
Warning: Invalid shape (146, 169) or empty file for subject 50259 at regions/50259_timeseries.txt. Skipping.
Warning: Invalid shape (146, 169) or empty file for subject 50261 at regions/50261_timeseries.txt. Skipping.
Warning: Invalid shape (146, 169) or empty file for subject 50262 at regions/50262_timeseries.txt. Skipping.
Warning: Invalid shape (146, 169) or empty file for subject 50263 at regions/50263_timeseries.txt. Skipping.
Warning: Invalid shape (146, 169) or empty file for subject 50264 at regions/50264_timeseries.txt. Skipping.
Warning: Invalid shape (146, 169) or empty file for subject 50265 at regions/50265_timeseries.txt. Skipping.
Warning: Invalid shape (146, 169) or empty file for subject 50266 at regions/50266_timeseries.txt. Skipping.
Warning: Invalid shape (146, 169) or empty file for subject 50267 at regions/50267_timeseries.txt. Skipping.
Warning: Invalid shape (146, 169) or empty file for subject 50268 at regions/50268_timeseries.txt. Skipping.
Warning: Invalid shape (146, 169) or empty file for subject 50269 at regions/50269_timeseries.txt. Skipping.
Warning: Invalid shape (146, 169) or empty file for subject 50270 at regions/50270_timeseries.txt. Skipping.
Warning: Invalid shape (146, 169) or empty file for subject 50271 at regions/50271_timeseries.txt. Skipping.
Warning: Invalid shape (296, 169) or empty file for subject 50273 at regions/50273_timeseries.txt. Skipping.
Warning: Invalid shape (296, 169) or empty file for subject 50274 at regions/50274_timeseries.txt. Skipping.
Warning: Invalid shape (296, 169) or empty file for subject 50275 at regions/50275_timeseries.txt. Skipping.
Warning: Invalid shape (296, 169) or empty file for subject 50276 at regions/50276_timeseries.txt. Skipping.
Warning: Invalid shape (296, 169) or empty file for subject 50278 at regions/50278_timeseries.txt. Skipping.
Warning: Invalid shape (296, 169) or empty file for subject 50282 at regions/50282_timeseries.txt. Skipping.
Warning: Invalid shape (296, 169) or empty file for subject 50284 at regions/50284_timeseries.txt. Skipping.
Warning: Invalid shape (296, 169) or empty file for subject 50285 at regions/50285_timeseries.txt. Skipping.
Warning: Invalid shape (296, 169) or empty file for subject 50287 at regions/50287_timeseries.txt. Skipping.
Warning: Invalid shape (296, 169) or empty file for subject 50290 at regions/50290_timeseries.txt. Skipping.
Warning: Invalid shape (296, 169) or empty file for subject 50291 at regions/50291_timeseries.txt. Skipping.
Warning: Invalid shape (296, 169) or empty file for subject 50292 at regions/50292_timeseries.txt. Skipping.
Warning: Invalid shape (296, 169) or empty file for subject 50293 at regions/50293_timeseries.txt. Skipping.
Warning: Invalid shape (296, 169) or empty file for subject 50294 at regions/50294_timeseries.txt. Skipping.
Warning: Invalid shape (296, 169) or empty file for subject 50295 at regions/50295_timeseries.txt. Skipping.
Warning: Invalid shape (296, 169) or empty file for subject 50297 at regions/50297_timeseries.txt. Skipping.
Warning: Invalid shape (296, 169) or empty file for subject 50298 at regions/50298_timeseries.txt. Skipping.
Warning: Invalid shape (296, 169) or empty file for subject 50300 at regions/50300_timeseries.txt. Skipping.
Warning: Invalid shape (296, 169) or empty file for subject 50302 at regions/50302_timeseries.txt. Skipping.
Warning: Invalid shape (296, 169) or empty file for subject 50304 at regions/50304_timeseries.txt. Skipping.
Warning: Invalid shape (296, 169) or empty file for subject 50308 at regions/50308_timeseries.txt. Skipping.
Warning: Invalid shape (296, 169) or empty file for subject 50310 at regions/50310_timeseries.txt. Skipping.
Warning: Invalid shape (296, 169) or empty file for subject 50312 at regions/50312_timeseries.txt. Skipping.
Warning: Invalid shape (296, 169) or empty file for subject 50314 at regions/50314_timeseries.txt. Skipping.
Warning: Invalid shape (296, 169) or empty file for subject 50315 at regions/50315_timeseries.txt. Skipping.
Warning: Invalid shape (296, 169) or empty file for subject 50318 at regions/50318_timeseries.txt. Skipping.
Warning: Invalid shape (296, 169) or empty file for subject 50319 at regions/50319_timeseries.txt. Skipping.
Warning: Invalid shape (296, 169) or empty file for subject 50320 at regions/50320_timeseries.txt. Skipping.
Warning: Invalid shape (296, 169) or empty file for subject 50321 at regions/50321_timeseries.txt. Skipping.
Warning: Invalid shape (296, 169) or empty file for subject 50324 at regions/50324_timeseries.txt. Skipping.
Warning: Invalid shape (296, 169) or empty file for subject 50325 at regions/50325_timeseries.txt. Skipping.
Warning: Invalid shape (296, 169) or empty file for subject 50327 at regions/50327_timeseries.txt. Skipping.
Warning: Invalid shape (296, 169) or empty file for subject 50329 at regions/50329_timeseries.txt. Skipping.
Warning: Invalid shape (296, 169) or empty file for subject 50331 at regions/50331_timeseries.txt. Skipping.
Warning: Invalid shape (296, 169) or empty file for subject 50332 at regions/50332_timeseries.txt. Skipping.
Warning: Invalid shape (296, 169) or empty file for subject 50333 at regions/50333_timeseries.txt. Skipping.
Warning: Invalid shape (296, 169) or empty file for subject 50336 at regions/50336_timeseries.txt. Skipping.
Warning: Invalid shape (296, 169) or empty file for subject 50337 at regions/50337_timeseries.txt. Skipping.
Warning: Invalid shape (296, 169) or empty file for subject 50338 at regions/50338_timeseries.txt. Skipping.
Warning: Invalid shape (296, 169) or empty file for subject 50339 at regions/50339_timeseries.txt. Skipping.
Warning: Invalid shape (296, 169) or empty file for subject 50341 at regions/50341_timeseries.txt. Skipping.
Warning: Invalid shape (296, 169) or empty file for subject 50342 at regions/50342_timeseries.txt. Skipping.
Warning: Invalid shape (296, 169) or empty file for subject 50343 at regions/50343_timeseries.txt. Skipping.
Warning: Invalid shape (296, 169) or empty file for subject 50344 at regions/50344_timeseries.txt. Skipping.
Warning: Invalid shape (296, 169) or empty file for subject 50345 at regions/50345_timeseries.txt. Skipping.
Warning: Invalid shape (296, 169) or empty file for subject 50347 at regions/50347_timeseries.txt. Skipping.
Warning: Invalid shape (296, 169) or empty file for subject 50348 at regions/50348_timeseries.txt. Skipping.
Warning: Invalid shape (296, 169) or empty file for subject 50349 at regions/50349_timeseries.txt. Skipping.
Warning: Invalid shape (296, 169) or empty file for subject 50350 at regions/50350_timeseries.txt. Skipping.
Warning: Invalid shape (296, 169) or empty file for subject 50351 at regions/50351_timeseries.txt. Skipping.
Warning: Invalid shape (296, 169) or empty file for subject 50352 at regions/50352_timeseries.txt. Skipping.
Warning: Invalid shape (296, 169) or empty file for subject 50353 at regions/50353_timeseries.txt. Skipping.
Warning: Invalid shape (296, 169) or empty file for subject 50354 at regions/50354_timeseries.txt. Skipping.
Warning: Invalid shape (296, 169) or empty file for subject 50355 at regions/50355_timeseries.txt. Skipping.
Warning: Invalid shape (296, 169) or empty file for subject 50356 at regions/50356_timeseries.txt. Skipping.
Warning: Invalid shape (296, 169) or empty file for subject 50358 at regions/50358_timeseries.txt. Skipping.
Warning: Invalid shape (296, 169) or empty file for subject 50359 at regions/50359_timeseries.txt. Skipping.
Warning: Invalid shape (296, 169) or empty file for subject 50360 at regions/50360_timeseries.txt. Skipping.
Warning: Invalid shape (296, 169) or empty file for subject 50361 at regions/50361_timeseries.txt. Skipping.
Warning: Invalid shape (296, 169) or empty file for subject 50362 at regions/50362_timeseries.txt. Skipping.
Warning: Invalid shape (296, 169) or empty file for subject 50363 at regions/50363_timeseries.txt. Skipping.
Warning: Invalid shape (296, 169) or empty file for subject 50364 at regions/50364_timeseries.txt. Skipping.
Warning: Invalid shape (296, 169) or empty file for subject 50365 at regions/50365_timeseries.txt. Skipping.
Warning: Invalid shape (296, 169) or empty file for subject 50366 at regions/50366_timeseries.txt. Skipping.
Warning: Invalid shape (296, 169) or empty file for subject 50367 at regions/50367_timeseries.txt. Skipping.
Warning: Invalid shape (296, 169) or empty file for subject 50369 at regions/50369_timeseries.txt. Skipping.
Warning: Invalid shape (296, 169) or empty file for subject 50372 at regions/50372_timeseries.txt. Skipping.
Warning: Invalid shape (296, 169) or empty file for subject 50373 at regions/50373_timeseries.txt. Skipping.
Warning: Invalid shape (296, 169) or empty file for subject 50374 at regions/50374_timeseries.txt. Skipping.
Warning: Invalid shape (296, 169) or empty file for subject 50375 at regions/50375_timeseries.txt. Skipping.
Warning: Invalid shape (296, 169) or empty file for subject 50376 at regions/50376_timeseries.txt. Skipping.
Warning: Invalid shape (296, 169) or empty file for subject 50377 at regions/50377_timeseries.txt. Skipping.
Warning: Invalid shape (296, 169) or empty file for subject 50379 at regions/50379_timeseries.txt. Skipping.
Warning: Invalid shape (296, 169) or empty file for subject 50381 at regions/50381_timeseries.txt. Skipping.
Warning: Invalid shape (296, 169) or empty file for subject 50382 at regions/50382_timeseries.txt. Skipping.
Warning: Invalid shape (296, 169) or empty file for subject 50383 at regions/50383_timeseries.txt. Skipping.
Warning: Invalid shape (296, 169) or empty file for subject 50385 at regions/50385_timeseries.txt. Skipping.
Warning: Invalid shape (296, 169) or empty file for subject 50386 at regions/50386_timeseries.txt. Skipping.
Warning: Invalid shape (296, 169) or empty file for subject 50387 at regions/50387_timeseries.txt. Skipping.
Warning: Invalid shape (296, 169) or empty file for subject 50388 at regions/50388_timeseries.txt. Skipping.
Warning: Invalid shape (296, 169) or empty file for subject 50390 at regions/50390_timeseries.txt. Skipping.
Warning: Invalid shape (296, 169) or empty file for subject 50391 at regions/50391_timeseries.txt. Skipping.
Warning: Invalid shape (296, 169) or empty file for subject 50397 at regions/50397_timeseries.txt. Skipping.
Warning: Invalid shape (296, 169) or empty file for subject 50399 at regions/50399_timeseries.txt. Skipping.
Warning: Invalid shape (296, 169) or empty file for subject 50404 at regions/50404_timeseries.txt. Skipping.
Warning: Invalid shape (296, 169) or empty file for subject 50405 at regions/50405_timeseries.txt. Skipping.
Warning: Invalid shape (296, 169) or empty file for subject 50406 at regions/50406_timeseries.txt. Skipping.
Warning: Invalid shape (296, 169) or empty file for subject 50407 at regions/50407_timeseries.txt. Skipping.
Warning: Invalid shape (296, 169) or empty file for subject 50408 at regions/50408_timeseries.txt. Skipping.
Warning: Invalid shape (296, 169) or empty file for subject 50411 at regions/50411_timeseries.txt. Skipping.
Warning: Invalid shape (296, 169) or empty file for subject 50412 at regions/50412_timeseries.txt. Skipping.
Warning: Invalid shape (296, 169) or empty file for subject 50413 at regions/50413_timeseries.txt. Skipping.
Warning: Invalid shape (296, 169) or empty file for subject 50414 at regions/50414_timeseries.txt. Skipping.
Warning: Invalid shape (296, 169) or empty file for subject 50415 at regions/50415_timeseries.txt. Skipping.
Warning: Invalid shape (296, 169) or empty file for subject 50416 at regions/50416_timeseries.txt. Skipping.
Warning: Invalid shape (296, 169) or empty file for subject 50417 at regions/50417_timeseries.txt. Skipping.
Warning: Invalid shape (296, 169) or empty file for subject 50418 at regions/50418_timeseries.txt. Skipping.
Warning: Invalid shape (296, 169) or empty file for subject 50419 at regions/50419_timeseries.txt. Skipping.
Warning: Invalid shape (296, 169) or empty file for subject 50422 at regions/50422_timeseries.txt. Skipping.
Warning: Invalid shape (296, 169) or empty file for subject 50424 at regions/50424_timeseries.txt. Skipping.
Warning: Invalid shape (296, 169) or empty file for subject 50425 at regions/50425_timeseries.txt. Skipping.
Warning: Invalid shape (296, 169) or empty file for subject 50426 at regions/50426_timeseries.txt. Skipping.
Warning: Invalid shape (296, 169) or empty file for subject 50427 at regions/50427_timeseries.txt. Skipping.
Warning: Invalid shape (296, 169) or empty file for subject 50428 at regions/50428_timeseries.txt. Skipping.
Warning: Invalid shape (236, 169) or empty file for subject 50433 at regions/50433_timeseries.txt. Skipping.
Warning: Invalid shape (236, 169) or empty file for subject 50434 at regions/50434_timeseries.txt. Skipping.
Warning: Invalid shape (236, 169) or empty file for subject 50435 at regions/50435_timeseries.txt. Skipping.
Warning: Invalid shape (236, 169) or empty file for subject 50436 at regions/50436_timeseries.txt. Skipping.
Warning: Invalid shape (236, 169) or empty file for subject 50437 at regions/50437_timeseries.txt. Skipping.
Warning: Invalid shape (236, 169) or empty file for subject 50438 at regions/50438_timeseries.txt. Skipping.
Warning: Invalid shape (236, 169) or empty file for subject 50439 at regions/50439_timeseries.txt. Skipping.
Warning: Invalid shape (236, 169) or empty file for subject 50440 at regions/50440_timeseries.txt. Skipping.
Warning: Invalid shape (236, 169) or empty file for subject 50441 at regions/50441_timeseries.txt. Skipping.
Warning: Invalid shape (236, 169) or empty file for subject 50442 at regions/50442_timeseries.txt. Skipping.
Warning: Invalid shape (236, 169) or empty file for subject 50443 at regions/50443_timeseries.txt. Skipping.
Warning: Invalid shape (236, 169) or empty file for subject 50444 at regions/50444_timeseries.txt. Skipping.
Warning: Invalid shape (236, 169) or empty file for subject 50445 at regions/50445_timeseries.txt. Skipping.
Warning: Invalid shape (236, 169) or empty file for subject 50447 at regions/50447_timeseries.txt. Skipping.
Warning: Invalid shape (236, 169) or empty file for subject 50448 at regions/50448_timeseries.txt. Skipping.
Warning: Invalid shape (236, 169) or empty file for subject 50449 at regions/50449_timeseries.txt. Skipping.
Warning: Invalid shape (236, 169) or empty file for subject 50453 at regions/50453_timeseries.txt. Skipping.
Warning: Invalid shape (236, 169) or empty file for subject 50466 at regions/50466_timeseries.txt. Skipping.
Warning: Invalid shape (236, 169) or empty file for subject 50467 at regions/50467_timeseries.txt. Skipping.
Warning: Invalid shape (236, 169) or empty file for subject 50468 at regions/50468_timeseries.txt. Skipping.
Warning: Invalid shape (236, 169) or empty file for subject 50469 at regions/50469_timeseries.txt. Skipping.
Warning: Invalid shape (236, 169) or empty file for subject 50470 at regions/50470_timeseries.txt. Skipping.
Warning: Invalid shape (236, 169) or empty file for subject 50477 at regions/50477_timeseries.txt. Skipping.
Warning: Invalid shape (236, 169) or empty file for subject 50480 at regions/50480_timeseries.txt. Skipping.
Warning: Invalid shape (236, 169) or empty file for subject 50481 at regions/50481_timeseries.txt. Skipping.
Warning: Invalid shape (236, 169) or empty file for subject 50482 at regions/50482_timeseries.txt. Skipping.
Warning: Invalid shape (236, 169) or empty file for subject 50485 at regions/50485_timeseries.txt. Skipping.
Warning: Invalid shape (236, 169) or empty file for subject 50486 at regions/50486_timeseries.txt. Skipping.
Warning: Invalid shape (236, 169) or empty file for subject 50487 at regions/50487_timeseries.txt. Skipping.
Warning: Invalid shape (236, 169) or empty file for subject 50488 at regions/50488_timeseries.txt. Skipping.
Warning: Invalid shape (236, 169) or empty file for subject 50490 at regions/50490_timeseries.txt. Skipping.
Warning: Invalid shape (236, 169) or empty file for subject 50491 at regions/50491_timeseries.txt. Skipping.
Warning: Invalid shape (236, 169) or empty file for subject 50492 at regions/50492_timeseries.txt. Skipping.
Warning: Invalid shape (236, 169) or empty file for subject 50493 at regions/50493_timeseries.txt. Skipping.
Warning: Invalid shape (236, 169) or empty file for subject 50494 at regions/50494_timeseries.txt. Skipping.
Warning: Invalid shape (236, 169) or empty file for subject 50496 at regions/50496_timeseries.txt. Skipping.
Warning: Invalid shape (236, 169) or empty file for subject 50497 at regions/50497_timeseries.txt. Skipping.
Warning: Invalid shape (236, 169) or empty file for subject 50499 at regions/50499_timeseries.txt. Skipping.
Warning: Invalid shape (236, 169) or empty file for subject 50500 at regions/50500_timeseries.txt. Skipping.
Warning: Invalid shape (236, 169) or empty file for subject 50501 at regions/50501_timeseries.txt. Skipping.
Warning: Invalid shape (236, 169) or empty file for subject 50502 at regions/50502_timeseries.txt. Skipping.
Warning: Invalid shape (236, 169) or empty file for subject 50503 at regions/50503_timeseries.txt. Skipping.
Warning: Invalid shape (236, 169) or empty file for subject 50504 at regions/50504_timeseries.txt. Skipping.
Warning: Invalid shape (236, 169) or empty file for subject 50507 at regions/50507_timeseries.txt. Skipping.
Warning: Invalid shape (236, 169) or empty file for subject 50509 at regions/50509_timeseries.txt. Skipping.
Warning: Invalid shape (236, 169) or empty file for subject 50510 at regions/50510_timeseries.txt. Skipping.
Warning: Invalid shape (236, 169) or empty file for subject 50515 at regions/50515_timeseries.txt. Skipping.
Warning: Invalid shape (236, 169) or empty file for subject 50516 at regions/50516_timeseries.txt. Skipping.
Warning: Invalid shape (236, 169) or empty file for subject 50519 at regions/50519_timeseries.txt. Skipping.
Warning: Invalid shape (236, 169) or empty file for subject 50520 at regions/50520_timeseries.txt. Skipping.
Warning: Invalid shape (236, 169) or empty file for subject 50521 at regions/50521_timeseries.txt. Skipping.
Warning: Invalid shape (236, 169) or empty file for subject 50523 at regions/50523_timeseries.txt. Skipping.
Warning: Invalid shape (236, 169) or empty file for subject 50524 at regions/50524_timeseries.txt. Skipping.
Warning: Invalid shape (236, 169) or empty file for subject 50525 at regions/50525_timeseries.txt. Skipping.
Warning: Invalid shape (232, 169) or empty file for subject 50526 at regions/50526_timeseries.txt. Skipping.
Warning: Invalid shape (236, 169) or empty file for subject 50528 at regions/50528_timeseries.txt. Skipping.
Warning: Invalid shape (236, 169) or empty file for subject 50529 at regions/50529_timeseries.txt. Skipping.
Warning: Invalid shape (236, 169) or empty file for subject 50530 at regions/50530_timeseries.txt. Skipping.
Warning: Invalid shape (236, 169) or empty file for subject 50531 at regions/50531_timeseries.txt. Skipping.
Warning: Invalid shape (236, 169) or empty file for subject 50532 at regions/50532_timeseries.txt. Skipping.
Warning: Invalid shape (196, 169) or empty file for subject 50551 at regions/50551_timeseries.txt. Skipping.
Warning: Invalid shape (196, 169) or empty file for subject 50552 at regions/50552_timeseries.txt. Skipping.
Warning: Invalid shape (196, 169) or empty file for subject 50557 at regions/50557_timeseries.txt. Skipping.
Warning: Invalid shape (196, 169) or empty file for subject 50558 at regions/50558_timeseries.txt. Skipping.
Warning: Invalid shape (196, 169) or empty file for subject 50561 at regions/50561_timeseries.txt. Skipping.
Warning: Invalid shape (196, 169) or empty file for subject 50563 at regions/50563_timeseries.txt. Skipping.
Warning: Invalid shape (196, 169) or empty file for subject 50565 at regions/50565_timeseries.txt. Skipping.
Warning: Invalid shape (196, 169) or empty file for subject 50568 at regions/50568_timeseries.txt. Skipping.
Warning: Invalid shape (196, 169) or empty file for subject 50569 at regions/50569_timeseries.txt. Skipping.
Warning: Invalid shape (196, 169) or empty file for subject 50570 at regions/50570_timeseries.txt. Skipping.
Warning: Invalid shape (196, 169) or empty file for subject 50572 at regions/50572_timeseries.txt. Skipping.
Warning: Invalid shape (196, 169) or empty file for subject 50573 at regions/50573_timeseries.txt. Skipping.
Warning: Invalid shape (196, 169) or empty file for subject 50574 at regions/50574_timeseries.txt. Skipping.
Warning: Invalid shape (196, 169) or empty file for subject 50575 at regions/50575_timeseries.txt. Skipping.
Warning: Invalid shape (196, 169) or empty file for subject 50576 at regions/50576_timeseries.txt. Skipping.
Warning: Invalid shape (196, 169) or empty file for subject 50577 at regions/50577_timeseries.txt. Skipping.
Warning: Invalid shape (196, 169) or empty file for subject 50578 at regions/50578_timeseries.txt. Skipping.
Warning: Invalid shape (196, 169) or empty file for subject 50601 at regions/50601_timeseries.txt. Skipping.
Warning: Invalid shape (196, 169) or empty file for subject 50602 at regions/50602_timeseries.txt. Skipping.
Warning: Invalid shape (196, 169) or empty file for subject 50603 at regions/50603_timeseries.txt. Skipping.
Warning: Invalid shape (196, 169) or empty file for subject 50604 at regions/50604_timeseries.txt. Skipping.
Warning: Invalid shape (196, 169) or empty file for subject 50606 at regions/50606_timeseries.txt. Skipping.
Warning: Invalid shape (196, 169) or empty file for subject 50607 at regions/50607_timeseries.txt. Skipping.
Warning: Invalid shape (196, 169) or empty file for subject 50608 at regions/50608_timeseries.txt. Skipping.
Warning: Invalid shape (196, 169) or empty file for subject 50612 at regions/50612_timeseries.txt. Skipping.
Warning: Invalid shape (196, 169) or empty file for subject 50613 at regions/50613_timeseries.txt. Skipping.
Warning: Invalid shape (196, 169) or empty file for subject 50614 at regions/50614_timeseries.txt. Skipping.
Warning: Invalid shape (196, 169) or empty file for subject 50615 at regions/50615_timeseries.txt. Skipping.
Warning: Invalid shape (196, 169) or empty file for subject 50616 at regions/50616_timeseries.txt. Skipping.
Warning: Invalid shape (196, 169) or empty file for subject 50619 at regions/50619_timeseries.txt. Skipping.
Warning: Invalid shape (196, 169) or empty file for subject 50620 at regions/50620_timeseries.txt. Skipping.
Warning: Invalid shape (196, 169) or empty file for subject 50621 at regions/50621_timeseries.txt. Skipping.
Warning: Invalid shape (196, 169) or empty file for subject 50622 at regions/50622_timeseries.txt. Skipping.
Warning: Invalid shape (196, 169) or empty file for subject 50623 at regions/50623_timeseries.txt. Skipping.
Warning: Invalid shape (196, 169) or empty file for subject 50624 at regions/50624_timeseries.txt. Skipping.
Warning: Invalid shape (196, 169) or empty file for subject 50625 at regions/50625_timeseries.txt. Skipping.
Warning: Invalid shape (196, 169) or empty file for subject 50626 at regions/50626_timeseries.txt. Skipping.
Warning: Invalid shape (196, 169) or empty file for subject 50627 at regions/50627_timeseries.txt. Skipping.
Warning: Invalid shape (196, 169) or empty file for subject 50628 at regions/50628_timeseries.txt. Skipping.
Warning: Invalid shape (236, 169) or empty file for subject 50642 at regions/50642_timeseries.txt. Skipping.
Warning: Invalid shape (316, 169) or empty file for subject 50644 at regions/50644_timeseries.txt. Skipping.
Warning: Invalid shape (202, 169) or empty file for subject 50647 at regions/50647_timeseries.txt. Skipping.
Warning: Invalid shape (316, 169) or empty file for subject 50648 at regions/50648_timeseries.txt. Skipping.
Warning: Invalid shape (236, 169) or empty file for subject 50649 at regions/50649_timeseries.txt. Skipping.
Warning: Invalid shape (236, 169) or empty file for subject 50654 at regions/50654_timeseries.txt. Skipping.
Warning: Invalid shape (236, 169) or empty file for subject 50656 at regions/50656_timeseries.txt. Skipping.
Warning: Invalid shape (236, 169) or empty file for subject 50659 at regions/50659_timeseries.txt. Skipping.
Warning: Invalid shape (236, 169) or empty file for subject 50665 at regions/50665_timeseries.txt. Skipping.
Warning: Invalid shape (246, 169) or empty file for subject 50682 at regions/50682_timeseries.txt. Skipping.
Warning: Invalid shape (246, 169) or empty file for subject 50683 at regions/50683_timeseries.txt. Skipping.
Warning: Invalid shape (246, 169) or empty file for subject 50685 at regions/50685_timeseries.txt. Skipping.
Warning: Invalid shape (246, 169) or empty file for subject 50686 at regions/50686_timeseries.txt. Skipping.
Warning: Invalid shape (246, 169) or empty file for subject 50687 at regions/50687_timeseries.txt. Skipping.
Warning: Invalid shape (246, 169) or empty file for subject 50688 at regions/50688_timeseries.txt. Skipping.
Warning: Invalid shape (246, 169) or empty file for subject 50689 at regions/50689_timeseries.txt. Skipping.
Warning: Invalid shape (246, 169) or empty file for subject 50690 at regions/50690_timeseries.txt. Skipping.
Warning: Invalid shape (246, 169) or empty file for subject 50691 at regions/50691_timeseries.txt. Skipping.
Warning: Invalid shape (246, 169) or empty file for subject 50693 at regions/50693_timeseries.txt. Skipping.
Warning: Invalid shape (246, 169) or empty file for subject 50694 at regions/50694_timeseries.txt. Skipping.
Warning: Invalid shape (246, 169) or empty file for subject 50695 at regions/50695_timeseries.txt. Skipping.
Warning: Invalid shape (246, 169) or empty file for subject 50696 at regions/50696_timeseries.txt. Skipping.
Warning: Invalid shape (246, 169) or empty file for subject 50697 at regions/50697_timeseries.txt. Skipping.
Warning: Invalid shape (246, 169) or empty file for subject 50698 at regions/50698_timeseries.txt. Skipping.
Warning: Invalid shape (246, 169) or empty file for subject 50699 at regions/50699_timeseries.txt. Skipping.
Warning: Invalid shape (246, 169) or empty file for subject 50700 at regions/50700_timeseries.txt. Skipping.
Warning: Invalid shape (246, 169) or empty file for subject 50701 at regions/50701_timeseries.txt. Skipping.
Warning: Invalid shape (246, 169) or empty file for subject 50702 at regions/50702_timeseries.txt. Skipping.
Warning: Invalid shape (246, 169) or empty file for subject 50704 at regions/50704_timeseries.txt. Skipping.
Warning: Invalid shape (246, 169) or empty file for subject 50705 at regions/50705_timeseries.txt. Skipping.
Warning: Invalid shape (246, 169) or empty file for subject 50706 at regions/50706_timeseries.txt. Skipping.
Warning: Invalid shape (246, 169) or empty file for subject 50707 at regions/50707_timeseries.txt. Skipping.
Warning: Invalid shape (246, 169) or empty file for subject 50708 at regions/50708_timeseries.txt. Skipping.
Warning: Invalid shape (246, 169) or empty file for subject 50709 at regions/50709_timeseries.txt. Skipping.
Warning: Invalid shape (246, 169) or empty file for subject 50711 at regions/50711_timeseries.txt. Skipping.
Warning: Invalid shape (246, 169) or empty file for subject 50722 at regions/50722_timeseries.txt. Skipping.
Warning: Invalid shape (246, 169) or empty file for subject 50723 at regions/50723_timeseries.txt. Skipping.
Warning: Invalid shape (246, 169) or empty file for subject 50724 at regions/50724_timeseries.txt. Skipping.
Warning: Invalid shape (246, 169) or empty file for subject 50725 at regions/50725_timeseries.txt. Skipping.
Warning: Invalid shape (246, 169) or empty file for subject 50728 at regions/50728_timeseries.txt. Skipping.
Warning: Invalid shape (246, 169) or empty file for subject 50730 at regions/50730_timeseries.txt. Skipping.
Warning: Invalid shape (246, 169) or empty file for subject 50733 at regions/50733_timeseries.txt. Skipping.
Warning: Invalid shape (246, 169) or empty file for subject 50735 at regions/50735_timeseries.txt. Skipping.
Warning: Invalid shape (246, 169) or empty file for subject 50738 at regions/50738_timeseries.txt. Skipping.
Warning: Invalid shape (246, 169) or empty file for subject 50739 at regions/50739_timeseries.txt. Skipping.
Warning: Invalid shape (246, 169) or empty file for subject 50740 at regions/50740_timeseries.txt. Skipping.
Warning: Invalid shape (246, 169) or empty file for subject 50741 at regions/50741_timeseries.txt. Skipping.
Warning: Invalid shape (246, 169) or empty file for subject 50743 at regions/50743_timeseries.txt. Skipping.
Warning: Invalid shape (246, 169) or empty file for subject 50744 at regions/50744_timeseries.txt. Skipping.
Warning: Invalid shape (246, 169) or empty file for subject 50745 at regions/50745_timeseries.txt. Skipping.
Warning: Invalid shape (246, 169) or empty file for subject 50748 at regions/50748_timeseries.txt. Skipping.
Warning: Invalid shape (246, 169) or empty file for subject 50749 at regions/50749_timeseries.txt. Skipping.
Warning: Invalid shape (246, 169) or empty file for subject 50750 at regions/50750_timeseries.txt. Skipping.
Warning: Invalid shape (246, 169) or empty file for subject 50751 at regions/50751_timeseries.txt. Skipping.
Warning: Invalid shape (246, 169) or empty file for subject 50752 at regions/50752_timeseries.txt. Skipping.
Warning: Invalid shape (246, 169) or empty file for subject 50754 at regions/50754_timeseries.txt. Skipping.
Warning: Invalid shape (246, 169) or empty file for subject 50756 at regions/50756_timeseries.txt. Skipping.
Warning: Invalid shape (152, 169) or empty file for subject 50772 at regions/50772_timeseries.txt. Skipping.
Warning: Invalid shape (152, 169) or empty file for subject 50773 at regions/50773_timeseries.txt. Skipping.
Warning: Invalid shape (152, 169) or empty file for subject 50774 at regions/50774_timeseries.txt. Skipping.
Warning: Invalid shape (152, 169) or empty file for subject 50775 at regions/50775_timeseries.txt. Skipping.
Warning: Invalid shape (152, 169) or empty file for subject 50776 at regions/50776_timeseries.txt. Skipping.
Warning: Invalid shape (152, 169) or empty file for subject 50778 at regions/50778_timeseries.txt. Skipping.
Warning: Invalid shape (152, 169) or empty file for subject 50780 at regions/50780_timeseries.txt. Skipping.
Warning: Invalid shape (152, 169) or empty file for subject 50781 at regions/50781_timeseries.txt. Skipping.
Warning: Invalid shape (152, 169) or empty file for subject 50782 at regions/50782_timeseries.txt. Skipping.
Warning: Invalid shape (152, 169) or empty file for subject 50783 at regions/50783_timeseries.txt. Skipping.
Warning: Invalid shape (152, 169) or empty file for subject 50786 at regions/50786_timeseries.txt. Skipping.
Warning: Invalid shape (152, 169) or empty file for subject 50790 at regions/50790_timeseries.txt. Skipping.
Warning: Invalid shape (124, 169) or empty file for subject 50791 at regions/50791_timeseries.txt. Skipping.
Warning: Invalid shape (152, 169) or empty file for subject 50796 at regions/50796_timeseries.txt. Skipping.
Warning: Invalid shape (152, 169) or empty file for subject 50797 at regions/50797_timeseries.txt. Skipping.
Warning: Invalid shape (152, 169) or empty file for subject 50798 at regions/50798_timeseries.txt. Skipping.
Warning: Invalid shape (152, 169) or empty file for subject 50799 at regions/50799_timeseries.txt. Skipping.
Warning: Invalid shape (152, 169) or empty file for subject 50800 at regions/50800_timeseries.txt. Skipping.
Warning: Invalid shape (152, 169) or empty file for subject 50801 at regions/50801_timeseries.txt. Skipping.
Warning: Invalid shape (152, 169) or empty file for subject 50807 at regions/50807_timeseries.txt. Skipping.
Warning: Invalid shape (152, 169) or empty file for subject 50814 at regions/50814_timeseries.txt. Skipping.
Warning: Invalid shape (124, 169) or empty file for subject 50816 at regions/50816_timeseries.txt. Skipping.
Warning: Invalid shape (124, 169) or empty file for subject 50817 at regions/50817_timeseries.txt. Skipping.
Warning: Invalid shape (152, 169) or empty file for subject 50818 at regions/50818_timeseries.txt. Skipping.
Warning: Invalid shape (152, 169) or empty file for subject 50820 at regions/50820_timeseries.txt. Skipping.
Warning: Invalid shape (152, 169) or empty file for subject 50821 at regions/50821_timeseries.txt. Skipping.
Warning: Invalid shape (152, 169) or empty file for subject 50823 at regions/50823_timeseries.txt. Skipping.
Warning: Invalid shape (152, 169) or empty file for subject 50824 at regions/50824_timeseries.txt. Skipping.
Warning: Invalid shape (176, 169) or empty file for subject 50954 at regions/50954_timeseries.txt. Skipping.
Warning: Invalid shape (176, 169) or empty file for subject 50955 at regions/50955_timeseries.txt. Skipping.
Warning: Invalid shape (176, 169) or empty file for subject 50956 at regions/50956_timeseries.txt. Skipping.
Warning: Invalid shape (176, 169) or empty file for subject 50957 at regions/50957_timeseries.txt. Skipping.
Warning: Invalid shape (176, 169) or empty file for subject 50958 at regions/50958_timeseries.txt. Skipping.
Warning: Invalid shape (176, 169) or empty file for subject 50960 at regions/50960_timeseries.txt. Skipping.
Warning: Invalid shape (176, 169) or empty file for subject 50961 at regions/50961_timeseries.txt. Skipping.
Warning: Invalid shape (176, 169) or empty file for subject 50964 at regions/50964_timeseries.txt. Skipping.
Warning: Invalid shape (176, 169) or empty file for subject 50965 at regions/50965_timeseries.txt. Skipping.
Warning: Invalid shape (176, 169) or empty file for subject 50966 at regions/50966_timeseries.txt. Skipping.
Warning: Invalid shape (176, 169) or empty file for subject 50967 at regions/50967_timeseries.txt. Skipping.
Warning: Invalid shape (176, 169) or empty file for subject 50968 at regions/50968_timeseries.txt. Skipping.
Warning: Invalid shape (176, 169) or empty file for subject 50969 at regions/50969_timeseries.txt. Skipping.
Warning: Invalid shape (176, 169) or empty file for subject 50970 at regions/50970_timeseries.txt. Skipping.
Warning: Invalid shape (176, 169) or empty file for subject 50972 at regions/50972_timeseries.txt. Skipping.
Warning: Invalid shape (176, 169) or empty file for subject 50973 at regions/50973_timeseries.txt. Skipping.
Warning: Invalid shape (176, 169) or empty file for subject 50974 at regions/50974_timeseries.txt. Skipping.
Warning: Invalid shape (176, 169) or empty file for subject 50976 at regions/50976_timeseries.txt. Skipping.
Warning: Invalid shape (176, 169) or empty file for subject 50977 at regions/50977_timeseries.txt. Skipping.
Warning: Invalid shape (176, 169) or empty file for subject 50978 at regions/50978_timeseries.txt. Skipping.
Warning: Invalid shape (176, 169) or empty file for subject 50979 at regions/50979_timeseries.txt. Skipping.
Warning: Invalid shape (176, 169) or empty file for subject 50982 at regions/50982_timeseries.txt. Skipping.
Warning: Invalid shape (176, 169) or empty file for subject 50983 at regions/50983_timeseries.txt. Skipping.
Warning: Invalid shape (176, 169) or empty file for subject 50984 at regions/50984_timeseries.txt. Skipping.
Warning: Invalid shape (176, 169) or empty file for subject 50985 at regions/50985_timeseries.txt. Skipping.
Warning: Invalid shape (176, 169) or empty file for subject 50986 at regions/50986_timeseries.txt. Skipping.
Warning: Invalid shape (176, 169) or empty file for subject 50987 at regions/50987_timeseries.txt. Skipping.
Warning: Invalid shape (176, 169) or empty file for subject 50988 at regions/50988_timeseries.txt. Skipping.
Warning: Invalid shape (176, 169) or empty file for subject 50989 at regions/50989_timeseries.txt. Skipping.
Warning: Invalid shape (176, 169) or empty file for subject 50990 at regions/50990_timeseries.txt. Skipping.
Warning: Invalid shape (176, 169) or empty file for subject 50991 at regions/50991_timeseries.txt. Skipping.
Warning: Invalid shape (176, 169) or empty file for subject 50992 at regions/50992_timeseries.txt. Skipping.
Warning: Invalid shape (176, 169) or empty file for subject 50993 at regions/50993_timeseries.txt. Skipping.
Warning: Invalid shape (176, 169) or empty file for subject 50994 at regions/50994_timeseries.txt. Skipping.
Warning: Invalid shape (176, 169) or empty file for subject 50995 at regions/50995_timeseries.txt. Skipping.
Warning: Invalid shape (176, 169) or empty file for subject 50996 at regions/50996_timeseries.txt. Skipping.
Warning: Invalid shape (176, 169) or empty file for subject 50997 at regions/50997_timeseries.txt. Skipping.
Warning: Invalid shape (176, 169) or empty file for subject 50999 at regions/50999_timeseries.txt. Skipping.
Warning: Invalid shape (176, 169) or empty file for subject 51000 at regions/51000_timeseries.txt. Skipping.
Warning: Invalid shape (176, 169) or empty file for subject 51001 at regions/51001_timeseries.txt. Skipping.
Warning: Invalid shape (176, 169) or empty file for subject 51002 at regions/51002_timeseries.txt. Skipping.
Warning: Invalid shape (176, 169) or empty file for subject 51003 at regions/51003_timeseries.txt. Skipping.
Warning: Invalid shape (176, 169) or empty file for subject 51006 at regions/51006_timeseries.txt. Skipping.
Warning: Invalid shape (176, 169) or empty file for subject 51007 at regions/51007_timeseries.txt. Skipping.
Warning: Invalid shape (176, 169) or empty file for subject 51008 at regions/51008_timeseries.txt. Skipping.
Warning: Invalid shape (176, 169) or empty file for subject 51009 at regions/51009_timeseries.txt. Skipping.
Warning: Invalid shape (176, 169) or empty file for subject 51010 at regions/51010_timeseries.txt. Skipping.
Warning: Invalid shape (176, 169) or empty file for subject 51012 at regions/51012_timeseries.txt. Skipping.
Warning: Invalid shape (176, 169) or empty file for subject 51013 at regions/51013_timeseries.txt. Skipping.
Warning: Invalid shape (176, 169) or empty file for subject 51014 at regions/51014_timeseries.txt. Skipping.
Warning: Invalid shape (176, 169) or empty file for subject 51015 at regions/51015_timeseries.txt. Skipping.
Warning: Invalid shape (176, 169) or empty file for subject 51016 at regions/51016_timeseries.txt. Skipping.
Warning: Invalid shape (176, 169) or empty file for subject 51017 at regions/51017_timeseries.txt. Skipping.
Warning: Invalid shape (176, 169) or empty file for subject 51018 at regions/51018_timeseries.txt. Skipping.
Warning: Invalid shape (176, 169) or empty file for subject 51019 at regions/51019_timeseries.txt. Skipping.
Warning: Invalid shape (176, 169) or empty file for subject 51020 at regions/51020_timeseries.txt. Skipping.
Warning: Invalid shape (176, 169) or empty file for subject 51021 at regions/51021_timeseries.txt. Skipping.
Warning: Invalid shape (176, 169) or empty file for subject 51023 at regions/51023_timeseries.txt. Skipping.
Warning: Invalid shape (176, 169) or empty file for subject 51024 at regions/51024_timeseries.txt. Skipping.
Warning: Invalid shape (176, 169) or empty file for subject 51025 at regions/51025_timeseries.txt. Skipping.
Warning: Invalid shape (176, 169) or empty file for subject 51026 at regions/51026_timeseries.txt. Skipping.
Warning: Invalid shape (176, 169) or empty file for subject 51028 at regions/51028_timeseries.txt. Skipping.
Warning: Invalid shape (176, 169) or empty file for subject 51029 at regions/51029_timeseries.txt. Skipping.
Warning: Invalid shape (176, 169) or empty file for subject 51030 at regions/51030_timeseries.txt. Skipping.
Warning: Invalid shape (176, 169) or empty file for subject 51032 at regions/51032_timeseries.txt. Skipping.
Warning: Invalid shape (176, 169) or empty file for subject 51033 at regions/51033_timeseries.txt. Skipping.
Warning: Invalid shape (176, 169) or empty file for subject 51034 at regions/51034_timeseries.txt. Skipping.
Warning: Invalid shape (176, 169) or empty file for subject 51035 at regions/51035_timeseries.txt. Skipping.
Warning: Invalid shape (176, 169) or empty file for subject 51036 at regions/51036_timeseries.txt. Skipping.
Warning: Invalid shape (176, 169) or empty file for subject 51038 at regions/51038_timeseries.txt. Skipping.
Warning: Invalid shape (176, 169) or empty file for subject 51041 at regions/51041_timeseries.txt. Skipping.
Warning: Invalid shape (176, 169) or empty file for subject 51042 at regions/51042_timeseries.txt. Skipping.
Warning: Invalid shape (176, 169) or empty file for subject 51044 at regions/51044_timeseries.txt. Skipping.
Warning: Invalid shape (176, 169) or empty file for subject 51046 at regions/51046_timeseries.txt. Skipping.
Warning: Invalid shape (176, 169) or empty file for subject 51047 at regions/51047_timeseries.txt. Skipping.
Warning: Invalid shape (176, 169) or empty file for subject 51048 at regions/51048_timeseries.txt. Skipping.
Warning: Invalid shape (176, 169) or empty file for subject 51050 at regions/51050_timeseries.txt. Skipping.
Warning: Invalid shape (176, 169) or empty file for subject 51051 at regions/51051_timeseries.txt. Skipping.
Warning: Invalid shape (176, 169) or empty file for subject 51052 at regions/51052_timeseries.txt. Skipping.
Warning: Invalid shape (176, 169) or empty file for subject 51053 at regions/51053_timeseries.txt. Skipping.
Warning: Invalid shape (176, 169) or empty file for subject 51054 at regions/51054_timeseries.txt. Skipping.
Warning: Invalid shape (176, 169) or empty file for subject 51055 at regions/51055_timeseries.txt. Skipping.
Warning: Invalid shape (176, 169) or empty file for subject 51056 at regions/51056_timeseries.txt. Skipping.
Warning: Invalid shape (176, 169) or empty file for subject 51057 at regions/51057_timeseries.txt. Skipping.
Warning: Invalid shape (176, 169) or empty file for subject 51059 at regions/51059_timeseries.txt. Skipping.
Warning: Invalid shape (176, 169) or empty file for subject 51060 at regions/51060_timeseries.txt. Skipping.
Warning: Invalid shape (176, 169) or empty file for subject 51061 at regions/51061_timeseries.txt. Skipping.
Warning: Invalid shape (176, 169) or empty file for subject 51062 at regions/51062_timeseries.txt. Skipping.
Warning: Invalid shape (176, 169) or empty file for subject 51063 at regions/51063_timeseries.txt. Skipping.
Warning: Invalid shape (176, 169) or empty file for subject 51064 at regions/51064_timeseries.txt. Skipping.
Warning: Invalid shape (176, 169) or empty file for subject 51066 at regions/51066_timeseries.txt. Skipping.
Warning: Invalid shape (176, 169) or empty file for subject 51067 at regions/51067_timeseries.txt. Skipping.
Warning: Invalid shape (176, 169) or empty file for subject 51068 at regions/51068_timeseries.txt. Skipping.
Warning: Invalid shape (176, 169) or empty file for subject 51069 at regions/51069_timeseries.txt. Skipping.
Warning: Invalid shape (176, 169) or empty file for subject 51070 at regions/51070_timeseries.txt. Skipping.
Warning: Invalid shape (176, 169) or empty file for subject 51072 at regions/51072_timeseries.txt. Skipping.
Warning: Invalid shape (176, 169) or empty file for subject 51073 at regions/51073_timeseries.txt. Skipping.
Warning: Invalid shape (176, 169) or empty file for subject 51074 at regions/51074_timeseries.txt. Skipping.
Warning: Invalid shape (176, 169) or empty file for subject 51075 at regions/51075_timeseries.txt. Skipping.
Warning: Invalid shape (176, 169) or empty file for subject 51077 at regions/51077_timeseries.txt. Skipping.
Warning: Invalid shape (176, 169) or empty file for subject 51078 at regions/51078_timeseries.txt. Skipping.
Warning: Invalid shape (176, 169) or empty file for subject 51079 at regions/51079_timeseries.txt. Skipping.
Warning: Invalid shape (176, 169) or empty file for subject 51080 at regions/51080_timeseries.txt. Skipping.
Warning: Invalid shape (176, 169) or empty file for subject 51081 at regions/51081_timeseries.txt. Skipping.
Warning: Invalid shape (176, 169) or empty file for subject 51082 at regions/51082_timeseries.txt. Skipping.
Warning: Invalid shape (176, 169) or empty file for subject 51083 at regions/51083_timeseries.txt. Skipping.
Warning: Invalid shape (176, 169) or empty file for subject 51084 at regions/51084_timeseries.txt. Skipping.
Warning: Invalid shape (176, 169) or empty file for subject 51085 at regions/51085_timeseries.txt. Skipping.
Warning: Invalid shape (176, 169) or empty file for subject 51086 at regions/51086_timeseries.txt. Skipping.
Warning: Invalid shape (176, 169) or empty file for subject 51087 at regions/51087_timeseries.txt. Skipping.
Warning: Invalid shape (176, 169) or empty file for subject 51088 at regions/51088_timeseries.txt. Skipping.
Warning: Invalid shape (176, 169) or empty file for subject 51089 at regions/51089_timeseries.txt. Skipping.
Warning: Invalid shape (176, 169) or empty file for subject 51090 at regions/51090_timeseries.txt. Skipping.
Warning: Invalid shape (176, 169) or empty file for subject 51091 at regions/51091_timeseries.txt. Skipping.
Warning: Invalid shape (176, 169) or empty file for subject 51093 at regions/51093_timeseries.txt. Skipping.
Warning: Invalid shape (176, 169) or empty file for subject 51094 at regions/51094_timeseries.txt. Skipping.
Warning: Invalid shape (176, 169) or empty file for subject 51095 at regions/51095_timeseries.txt. Skipping.
Warning: Invalid shape (176, 169) or empty file for subject 51096 at regions/51096_timeseries.txt. Skipping.
Warning: Invalid shape (176, 169) or empty file for subject 51097 at regions/51097_timeseries.txt. Skipping.
Warning: Invalid shape (176, 169) or empty file for subject 51098 at regions/51098_timeseries.txt. Skipping.
Warning: Invalid shape (176, 169) or empty file for subject 51100 at regions/51100_timeseries.txt. Skipping.
Warning: Invalid shape (176, 169) or empty file for subject 51101 at regions/51101_timeseries.txt. Skipping.
Warning: Invalid shape (176, 169) or empty file for subject 51102 at regions/51102_timeseries.txt. Skipping.
Warning: Invalid shape (176, 169) or empty file for subject 51103 at regions/51103_timeseries.txt. Skipping.
Warning: Invalid shape (176, 169) or empty file for subject 51104 at regions/51104_timeseries.txt. Skipping.
Warning: Invalid shape (176, 169) or empty file for subject 51105 at regions/51105_timeseries.txt. Skipping.
Warning: Invalid shape (176, 169) or empty file for subject 51106 at regions/51106_timeseries.txt. Skipping.
Warning: Invalid shape (176, 169) or empty file for subject 51107 at regions/51107_timeseries.txt. Skipping.
Warning: Invalid shape (176, 169) or empty file for subject 51109 at regions/51109_timeseries.txt. Skipping.
Warning: Invalid shape (176, 169) or empty file for subject 51110 at regions/51110_timeseries.txt. Skipping.
Warning: Invalid shape (176, 169) or empty file for subject 51111 at regions/51111_timeseries.txt. Skipping.
Warning: Invalid shape (176, 169) or empty file for subject 51112 at regions/51112_timeseries.txt. Skipping.
Warning: Invalid shape (176, 169) or empty file for subject 51113 at regions/51113_timeseries.txt. Skipping.
Warning: Invalid shape (176, 169) or empty file for subject 51114 at regions/51114_timeseries.txt. Skipping.
Warning: Invalid shape (176, 169) or empty file for subject 51116 at regions/51116_timeseries.txt. Skipping.
Warning: Invalid shape (176, 169) or empty file for subject 51117 at regions/51117_timeseries.txt. Skipping.
Warning: Invalid shape (176, 169) or empty file for subject 51118 at regions/51118_timeseries.txt. Skipping.
Warning: Invalid shape (176, 169) or empty file for subject 51122 at regions/51122_timeseries.txt. Skipping.
Warning: Invalid shape (176, 169) or empty file for subject 51123 at regions/51123_timeseries.txt. Skipping.
Warning: Invalid shape (176, 169) or empty file for subject 51124 at regions/51124_timeseries.txt. Skipping.
Warning: Invalid shape (176, 169) or empty file for subject 51126 at regions/51126_timeseries.txt. Skipping.
Warning: Invalid shape (176, 169) or empty file for subject 51128 at regions/51128_timeseries.txt. Skipping.
Warning: Invalid shape (176, 169) or empty file for subject 51129 at regions/51129_timeseries.txt. Skipping.
Warning: Invalid shape (176, 169) or empty file for subject 51130 at regions/51130_timeseries.txt. Skipping.
Warning: Invalid shape (176, 169) or empty file for subject 51131 at regions/51131_timeseries.txt. Skipping.
Warning: Invalid shape (146, 169) or empty file for subject 51133 at regions/51133_timeseries.txt. Skipping.
Warning: Invalid shape (146, 169) or empty file for subject 51134 at regions/51134_timeseries.txt. Skipping.
Warning: Invalid shape (146, 169) or empty file for subject 51135 at regions/51135_timeseries.txt. Skipping.
Warning: Invalid shape (146, 169) or empty file for subject 51136 at regions/51136_timeseries.txt. Skipping.
Warning: Invalid shape (146, 169) or empty file for subject 51137 at regions/51137_timeseries.txt. Skipping.
Warning: Invalid shape (146, 169) or empty file for subject 51138 at regions/51138_timeseries.txt. Skipping.
Warning: Invalid shape (146, 169) or empty file for subject 51139 at regions/51139_timeseries.txt. Skipping.
Warning: Invalid shape (146, 169) or empty file for subject 51140 at regions/51140_timeseries.txt. Skipping.
Warning: Invalid shape (146, 169) or empty file for subject 51141 at regions/51141_timeseries.txt. Skipping.
Warning: Invalid shape (146, 169) or empty file for subject 51142 at regions/51142_timeseries.txt. Skipping.
Warning: Invalid shape (176, 169) or empty file for subject 51146 at regions/51146_timeseries.txt. Skipping.
Warning: Invalid shape (176, 169) or empty file for subject 51147 at regions/51147_timeseries.txt. Skipping.
Warning: Invalid shape (176, 169) or empty file for subject 51148 at regions/51148_timeseries.txt. Skipping.
Warning: Invalid shape (176, 169) or empty file for subject 51149 at regions/51149_timeseries.txt. Skipping.
Warning: Invalid shape (176, 169) or empty file for subject 51150 at regions/51150_timeseries.txt. Skipping.
Warning: Invalid shape (176, 169) or empty file for subject 51151 at regions/51151_timeseries.txt. Skipping.
Warning: Invalid shape (176, 169) or empty file for subject 51152 at regions/51152_timeseries.txt. Skipping.
Warning: Invalid shape (176, 169) or empty file for subject 51153 at regions/51153_timeseries.txt. Skipping.
Warning: Invalid shape (176, 169) or empty file for subject 51154 at regions/51154_timeseries.txt. Skipping.
Warning: Invalid shape (176, 169) or empty file for subject 51155 at regions/51155_timeseries.txt. Skipping.
Warning: Invalid shape (176, 169) or empty file for subject 51156 at regions/51156_timeseries.txt. Skipping.
Warning: Invalid shape (176, 169) or empty file for subject 51159 at regions/51159_timeseries.txt. Skipping.
Warning: Invalid shape (176, 169) or empty file for subject 51161 at regions/51161_timeseries.txt. Skipping.
Warning: Invalid shape (176, 169) or empty file for subject 51162 at regions/51162_timeseries.txt. Skipping.
Warning: Invalid shape (176, 169) or empty file for subject 51163 at regions/51163_timeseries.txt. Skipping.
Warning: Invalid shape (176, 169) or empty file for subject 51164 at regions/51164_timeseries.txt. Skipping.
Warning: Invalid shape (176, 169) or empty file for subject 51168 at regions/51168_timeseries.txt. Skipping.
Warning: Invalid shape (176, 169) or empty file for subject 51169 at regions/51169_timeseries.txt. Skipping.
Warning: Invalid shape (176, 169) or empty file for subject 51170 at regions/51170_timeseries.txt. Skipping.
Warning: Invalid shape (176, 169) or empty file for subject 51171 at regions/51171_timeseries.txt. Skipping.
Warning: Invalid shape (176, 169) or empty file for subject 51177 at regions/51177_timeseries.txt. Skipping.
Warning: Invalid shape (176, 169) or empty file for subject 51178 at regions/51178_timeseries.txt. Skipping.
Warning: Invalid shape (176, 169) or empty file for subject 51179 at regions/51179_timeseries.txt. Skipping.
Warning: Invalid shape (236, 169) or empty file for subject 51180 at regions/51180_timeseries.txt. Skipping.
Warning: Invalid shape (236, 169) or empty file for subject 51181 at regions/51181_timeseries.txt. Skipping.
Warning: Invalid shape (236, 169) or empty file for subject 51182 at regions/51182_timeseries.txt. Skipping.
Warning: Invalid shape (236, 169) or empty file for subject 51183 at regions/51183_timeseries.txt. Skipping.
Warning: Invalid shape (236, 169) or empty file for subject 51184 at regions/51184_timeseries.txt. Skipping.
Warning: Invalid shape (236, 169) or empty file for subject 51185 at regions/51185_timeseries.txt. Skipping.
Warning: Invalid shape (236, 169) or empty file for subject 51187 at regions/51187_timeseries.txt. Skipping.
Warning: Invalid shape (236, 169) or empty file for subject 51188 at regions/51188_timeseries.txt. Skipping.
Warning: Invalid shape (236, 169) or empty file for subject 51189 at regions/51189_timeseries.txt. Skipping.
Warning: Invalid shape (236, 169) or empty file for subject 51192 at regions/51192_timeseries.txt. Skipping.
Warning: Invalid shape (236, 169) or empty file for subject 51194 at regions/51194_timeseries.txt. Skipping.
Warning: Invalid shape (116, 169) or empty file for subject 51201 at regions/51201_timeseries.txt. Skipping.
Warning: Invalid shape (116, 169) or empty file for subject 51202 at regions/51202_timeseries.txt. Skipping.
Warning: Invalid shape (116, 169) or empty file for subject 51203 at regions/51203_timeseries.txt. Skipping.
Warning: Invalid shape (116, 169) or empty file for subject 51204 at regions/51204_timeseries.txt. Skipping.
Warning: Invalid shape (116, 169) or empty file for subject 51205 at regions/51205_timeseries.txt. Skipping.
Warning: Invalid shape (116, 169) or empty file for subject 51207 at regions/51207_timeseries.txt. Skipping.
Warning: Invalid shape (116, 169) or empty file for subject 51211 at regions/51211_timeseries.txt. Skipping.
Warning: Invalid shape (116, 169) or empty file for subject 51212 at regions/51212_timeseries.txt. Skipping.
Warning: Invalid shape (116, 169) or empty file for subject 51214 at regions/51214_timeseries.txt. Skipping.
Warning: Invalid shape (116, 169) or empty file for subject 51215 at regions/51215_timeseries.txt. Skipping.
Warning: Invalid shape (116, 169) or empty file for subject 51216 at regions/51216_timeseries.txt. Skipping.
Warning: Invalid shape (116, 169) or empty file for subject 51217 at regions/51217_timeseries.txt. Skipping.
Warning: Invalid shape (116, 169) or empty file for subject 51218 at regions/51218_timeseries.txt. Skipping.
Warning: Invalid shape (116, 169) or empty file for subject 51219 at regions/51219_timeseries.txt. Skipping.
Warning: Invalid shape (116, 169) or empty file for subject 51220 at regions/51220_timeseries.txt. Skipping.
Warning: Invalid shape (116, 169) or empty file for subject 51221 at regions/51221_timeseries.txt. Skipping.
Warning: Invalid shape (116, 169) or empty file for subject 51222 at regions/51222_timeseries.txt. Skipping.
Warning: Invalid shape (116, 169) or empty file for subject 51223 at regions/51223_timeseries.txt. Skipping.
Warning: Invalid shape (116, 169) or empty file for subject 51224 at regions/51224_timeseries.txt. Skipping.
Warning: Invalid shape (116, 169) or empty file for subject 51225 at regions/51225_timeseries.txt. Skipping.
Warning: Invalid shape (116, 169) or empty file for subject 51226 at regions/51226_timeseries.txt. Skipping.
Warning: Invalid shape (116, 169) or empty file for subject 51228 at regions/51228_timeseries.txt. Skipping.
Warning: Invalid shape (116, 169) or empty file for subject 51229 at regions/51229_timeseries.txt. Skipping.
Warning: Invalid shape (116, 169) or empty file for subject 51230 at regions/51230_timeseries.txt. Skipping.
Warning: Invalid shape (116, 169) or empty file for subject 51231 at regions/51231_timeseries.txt. Skipping.
Warning: Invalid shape (116, 169) or empty file for subject 51234 at regions/51234_timeseries.txt. Skipping.
Warning: Invalid shape (116, 169) or empty file for subject 51235 at regions/51235_timeseries.txt. Skipping.
Warning: Invalid shape (116, 169) or empty file for subject 51236 at regions/51236_timeseries.txt. Skipping.
Warning: Invalid shape (116, 169) or empty file for subject 51237 at regions/51237_timeseries.txt. Skipping.
Warning: Invalid shape (116, 169) or empty file for subject 51239 at regions/51239_timeseries.txt. Skipping.
Warning: Invalid shape (116, 169) or empty file for subject 51240 at regions/51240_timeseries.txt. Skipping.
Warning: Invalid shape (116, 169) or empty file for subject 51241 at regions/51241_timeseries.txt. Skipping.
Warning: Invalid shape (116, 169) or empty file for subject 51248 at regions/51248_timeseries.txt. Skipping.
Warning: Invalid shape (116, 169) or empty file for subject 51249 at regions/51249_timeseries.txt. Skipping.
Warning: Invalid shape (116, 169) or empty file for subject 51250 at regions/51250_timeseries.txt. Skipping.
Warning: Invalid shape (116, 169) or empty file for subject 51251 at regions/51251_timeseries.txt. Skipping.
Warning: Invalid shape (116, 169) or empty file for subject 51252 at regions/51252_timeseries.txt. Skipping.
Warning: Invalid shape (116, 169) or empty file for subject 51254 at regions/51254_timeseries.txt. Skipping.
Warning: Invalid shape (116, 169) or empty file for subject 51255 at regions/51255_timeseries.txt. Skipping.
Warning: Invalid shape (116, 169) or empty file for subject 51256 at regions/51256_timeseries.txt. Skipping.
Warning: Invalid shape (116, 169) or empty file for subject 51257 at regions/51257_timeseries.txt. Skipping.
Warning: Invalid shape (116, 169) or empty file for subject 51260 at regions/51260_timeseries.txt. Skipping.
Warning: Invalid shape (116, 169) or empty file for subject 51261 at regions/51261_timeseries.txt. Skipping.
Warning: Invalid shape (116, 169) or empty file for subject 51262 at regions/51262_timeseries.txt. Skipping.
Warning: Invalid shape (116, 169) or empty file for subject 51264 at regions/51264_timeseries.txt. Skipping.
Warning: Invalid shape (116, 169) or empty file for subject 51265 at regions/51265_timeseries.txt. Skipping.
Warning: Invalid shape (116, 169) or empty file for subject 51266 at regions/51266_timeseries.txt. Skipping.
Warning: Invalid shape (116, 169) or empty file for subject 51267 at regions/51267_timeseries.txt. Skipping.
Warning: Invalid shape (116, 169) or empty file for subject 51268 at regions/51268_timeseries.txt. Skipping.
Warning: Invalid shape (116, 169) or empty file for subject 51269 at regions/51269_timeseries.txt. Skipping.
Warning: Invalid shape (116, 169) or empty file for subject 51271 at regions/51271_timeseries.txt. Skipping.
Warning: Invalid shape (116, 169) or empty file for subject 51272 at regions/51272_timeseries.txt. Skipping.
Warning: Invalid shape (116, 169) or empty file for subject 51273 at regions/51273_timeseries.txt. Skipping.
Warning: Invalid shape (116, 169) or empty file for subject 51275 at regions/51275_timeseries.txt. Skipping.
Warning: Invalid shape (116, 169) or empty file for subject 51277 at regions/51277_timeseries.txt. Skipping.
Warning: Invalid shape (116, 169) or empty file for subject 51278 at regions/51278_timeseries.txt. Skipping.
Warning: Invalid shape (116, 169) or empty file for subject 51279 at regions/51279_timeseries.txt. Skipping.
Warning: Invalid shape (116, 169) or empty file for subject 51280 at regions/51280_timeseries.txt. Skipping.
Warning: Invalid shape (116, 169) or empty file for subject 51281 at regions/51281_timeseries.txt. Skipping.
Warning: Invalid shape (116, 169) or empty file for subject 51291 at regions/51291_timeseries.txt. Skipping.
Warning: Invalid shape (116, 169) or empty file for subject 51293 at regions/51293_timeseries.txt. Skipping.
Warning: Invalid shape (116, 169) or empty file for subject 51294 at regions/51294_timeseries.txt. Skipping.
Warning: Invalid shape (116, 169) or empty file for subject 51297 at regions/51297_timeseries.txt. Skipping.
Warning: Invalid shape (116, 169) or empty file for subject 51298 at regions/51298_timeseries.txt. Skipping.
Warning: Invalid shape (116, 169) or empty file for subject 51299 at regions/51299_timeseries.txt. Skipping.
Warning: Invalid shape (116, 169) or empty file for subject 51301 at regions/51301_timeseries.txt. Skipping.
Warning: Invalid shape (116, 169) or empty file for subject 51302 at regions/51302_timeseries.txt. Skipping.
Warning: Invalid shape (116, 169) or empty file for subject 51304 at regions/51304_timeseries.txt. Skipping.
Warning: Invalid shape (116, 169) or empty file for subject 51305 at regions/51305_timeseries.txt. Skipping.
Warning: Invalid shape (116, 169) or empty file for subject 51306 at regions/51306_timeseries.txt. Skipping.
Warning: Invalid shape (116, 169) or empty file for subject 51307 at regions/51307_timeseries.txt. Skipping.
Warning: Invalid shape (116, 169) or empty file for subject 51308 at regions/51308_timeseries.txt. Skipping.
Warning: Invalid shape (116, 169) or empty file for subject 51309 at regions/51309_timeseries.txt. Skipping.
Warning: Invalid shape (116, 169) or empty file for subject 51311 at regions/51311_timeseries.txt. Skipping.
Warning: Invalid shape (116, 169) or empty file for subject 51313 at regions/51313_timeseries.txt. Skipping.
Warning: Invalid shape (116, 169) or empty file for subject 51315 at regions/51315_timeseries.txt. Skipping.
Warning: Invalid shape (116, 169) or empty file for subject 51318 at regions/51318_timeseries.txt. Skipping.
Warning: Invalid shape (116, 169) or empty file for subject 51320 at regions/51320_timeseries.txt. Skipping.
Warning: Invalid shape (116, 169) or empty file for subject 51321 at regions/51321_timeseries.txt. Skipping.
Warning: Invalid shape (116, 169) or empty file for subject 51322 at regions/51322_timeseries.txt. Skipping.
Warning: Invalid shape (116, 169) or empty file for subject 51323 at regions/51323_timeseries.txt. Skipping.
Warning: Invalid shape (116, 169) or empty file for subject 51325 at regions/51325_timeseries.txt. Skipping.
Warning: Invalid shape (116, 169) or empty file for subject 51326 at regions/51326_timeseries.txt. Skipping.
Warning: Invalid shape (116, 169) or empty file for subject 51327 at regions/51327_timeseries.txt. Skipping.
Warning: Invalid shape (116, 169) or empty file for subject 51328 at regions/51328_timeseries.txt. Skipping.
Warning: Invalid shape (196, 169) or empty file for subject 51329 at regions/51329_timeseries.txt. Skipping.
Warning: Invalid shape (196, 169) or empty file for subject 51330 at regions/51330_timeseries.txt. Skipping.
Warning: Invalid shape (196, 169) or empty file for subject 51331 at regions/51331_timeseries.txt. Skipping.
Warning: Invalid shape (116, 169) or empty file for subject 51332 at regions/51332_timeseries.txt. Skipping.
Warning: Invalid shape (116, 169) or empty file for subject 51333 at regions/51333_timeseries.txt. Skipping.
Warning: Invalid shape (116, 169) or empty file for subject 51334 at regions/51334_timeseries.txt. Skipping.
Warning: Invalid shape (116, 169) or empty file for subject 51335 at regions/51335_timeseries.txt. Skipping.
Warning: Invalid shape (116, 169) or empty file for subject 51336 at regions/51336_timeseries.txt. Skipping.
Warning: Invalid shape (116, 169) or empty file for subject 51338 at regions/51338_timeseries.txt. Skipping.
Warning: Invalid shape (116, 169) or empty file for subject 51339 at regions/51339_timeseries.txt. Skipping.
Warning: Invalid shape (116, 169) or empty file for subject 51340 at regions/51340_timeseries.txt. Skipping.
Warning: Invalid shape (116, 169) or empty file for subject 51341 at regions/51341_timeseries.txt. Skipping.
Warning: Invalid shape (116, 169) or empty file for subject 51342 at regions/51342_timeseries.txt. Skipping.
Warning: Invalid shape (116, 169) or empty file for subject 51343 at regions/51343_timeseries.txt. Skipping.
Warning: Invalid shape (116, 169) or empty file for subject 51344 at regions/51344_timeseries.txt. Skipping.
Warning: Invalid shape (116, 169) or empty file for subject 51346 at regions/51346_timeseries.txt. Skipping.
Warning: Invalid shape (116, 169) or empty file for subject 51347 at regions/51347_timeseries.txt. Skipping.
Warning: Invalid shape (196, 169) or empty file for subject 51349 at regions/51349_timeseries.txt. Skipping.
Warning: Invalid shape (196, 169) or empty file for subject 51350 at regions/51350_timeseries.txt. Skipping.
Warning: Invalid shape (196, 169) or empty file for subject 51351 at regions/51351_timeseries.txt. Skipping.
Warning: Invalid shape (196, 169) or empty file for subject 51354 at regions/51354_timeseries.txt. Skipping.
Warning: Invalid shape (196, 169) or empty file for subject 51356 at regions/51356_timeseries.txt. Skipping.
Warning: Invalid shape (196, 169) or empty file for subject 51357 at regions/51357_timeseries.txt. Skipping.
Warning: Invalid shape (196, 169) or empty file for subject 51359 at regions/51359_timeseries.txt. Skipping.
Warning: Invalid shape (196, 169) or empty file for subject 51360 at regions/51360_timeseries.txt. Skipping.
Warning: Invalid shape (196, 169) or empty file for subject 51361 at regions/51361_timeseries.txt. Skipping.
Warning: Invalid shape (116, 169) or empty file for subject 51362 at regions/51362_timeseries.txt. Skipping.
Warning: Invalid shape (116, 169) or empty file for subject 51363 at regions/51363_timeseries.txt. Skipping.
Warning: Invalid shape (116, 169) or empty file for subject 51364 at regions/51364_timeseries.txt. Skipping.
Warning: Invalid shape (116, 169) or empty file for subject 51365 at regions/51365_timeseries.txt. Skipping.
Warning: Invalid shape (116, 169) or empty file for subject 51369 at regions/51369_timeseries.txt. Skipping.
Warning: Invalid shape (116, 169) or empty file for subject 51370 at regions/51370_timeseries.txt. Skipping.
Warning: Invalid shape (116, 169) or empty file for subject 51373 at regions/51373_timeseries.txt. Skipping.
Warning: Invalid shape (146, 169) or empty file for subject 51461 at regions/51461_timeseries.txt. Skipping.
Warning: Invalid shape (146, 169) or empty file for subject 51463 at regions/51463_timeseries.txt. Skipping.
Warning: Invalid shape (146, 169) or empty file for subject 51464 at regions/51464_timeseries.txt. Skipping.
Warning: Invalid shape (146, 169) or empty file for subject 51465 at regions/51465_timeseries.txt. Skipping.
Warning: Invalid shape (146, 169) or empty file for subject 51473 at regions/51473_timeseries.txt. Skipping.
Warning: Invalid shape (146, 169) or empty file for subject 51477 at regions/51477_timeseries.txt. Skipping.
Warning: Invalid shape (146, 169) or empty file for subject 51479 at regions/51479_timeseries.txt. Skipping.
Warning: Invalid shape (146, 169) or empty file for subject 51480 at regions/51480_timeseries.txt. Skipping.
Warning: Invalid shape (146, 169) or empty file for subject 51481 at regions/51481_timeseries.txt. Skipping.
Warning: Invalid shape (146, 169) or empty file for subject 51482 at regions/51482_timeseries.txt. Skipping.
Warning: Invalid shape (146, 169) or empty file for subject 51484 at regions/51484_timeseries.txt. Skipping.
Warning: Invalid shape (146, 169) or empty file for subject 51487 at regions/51487_timeseries.txt. Skipping.
Warning: Invalid shape (146, 169) or empty file for subject 51488 at regions/51488_timeseries.txt. Skipping.
Warning: Invalid shape (146, 169) or empty file for subject 51491 at regions/51491_timeseries.txt. Skipping.
Warning: Invalid shape (196, 169) or empty file for subject 51556 at regions/51556_timeseries.txt. Skipping.
Warning: Invalid shape (196, 169) or empty file for subject 51557 at regions/51557_timeseries.txt. Skipping.
Warning: Invalid shape (196, 169) or empty file for subject 51558 at regions/51558_timeseries.txt. Skipping.
Warning: Invalid shape (196, 169) or empty file for subject 51559 at regions/51559_timeseries.txt. Skipping.
Warning: Invalid shape (196, 169) or empty file for subject 51560 at regions/51560_timeseries.txt. Skipping.
Warning: Invalid shape (196, 169) or empty file for subject 51562 at regions/51562_timeseries.txt. Skipping.
Warning: Invalid shape (196, 169) or empty file for subject 51563 at regions/51563_timeseries.txt. Skipping.
Warning: Invalid shape (196, 169) or empty file for subject 51564 at regions/51564_timeseries.txt. Skipping.
Warning: Invalid shape (196, 169) or empty file for subject 51565 at regions/51565_timeseries.txt. Skipping.
Warning: Invalid shape (196, 169) or empty file for subject 51566 at regions/51566_timeseries.txt. Skipping.
Warning: Invalid shape (196, 169) or empty file for subject 51567 at regions/51567_timeseries.txt. Skipping.
Warning: Invalid shape (196, 169) or empty file for subject 51568 at regions/51568_timeseries.txt. Skipping.
Warning: Invalid shape (196, 169) or empty file for subject 51569 at regions/51569_timeseries.txt. Skipping.
Warning: Invalid shape (196, 169) or empty file for subject 51570 at regions/51570_timeseries.txt. Skipping.
Warning: Invalid shape (196, 169) or empty file for subject 51572 at regions/51572_timeseries.txt. Skipping.
Warning: Invalid shape (196, 169) or empty file for subject 51574 at regions/51574_timeseries.txt. Skipping.
Warning: Invalid shape (196, 169) or empty file for subject 51576 at regions/51576_timeseries.txt. Skipping.
Warning: Invalid shape (196, 169) or empty file for subject 51577 at regions/51577_timeseries.txt. Skipping.
Warning: Invalid shape (196, 169) or empty file for subject 51578 at regions/51578_timeseries.txt. Skipping.
Warning: Invalid shape (196, 169) or empty file for subject 51580 at regions/51580_timeseries.txt. Skipping.
Warning: Invalid shape (196, 169) or empty file for subject 51582 at regions/51582_timeseries.txt. Skipping.
Warning: Invalid shape (196, 169) or empty file for subject 51583 at regions/51583_timeseries.txt. Skipping.
Warning: Invalid shape (196, 169) or empty file for subject 51584 at regions/51584_timeseries.txt. Skipping.
Warning: Invalid shape (196, 169) or empty file for subject 51585 at regions/51585_timeseries.txt. Skipping.
Warning: Invalid shape (116, 169) or empty file for subject 51606 at regions/51606_timeseries.txt. Skipping.
Warning: Invalid shape (116, 169) or empty file for subject 51607 at regions/51607_timeseries.txt. Skipping.
Warning: Invalid shape (196, 169) or empty file for subject 50010 at regions/50010_timeseries.txt. Skipping.
Warning: Invalid shape (196, 169) or empty file for subject 50015 at regions/50015_timeseries.txt. Skipping.
Warning: Invalid shape (196, 169) or empty file for subject 50031 at regions/50031_timeseries.txt. Skipping.
Warning: Invalid shape (196, 169) or empty file for subject 50041 at regions/50041_timeseries.txt. Skipping.
Warning: Invalid shape (196, 169) or empty file for subject 50044 at regions/50044_timeseries.txt. Skipping.
Warning: Invalid shape (196, 169) or empty file for subject 50056 at regions/50056_timeseries.txt. Skipping.
Warning: Invalid shape (206, 169) or empty file for subject 50103 at regions/50103_timeseries.txt. Skipping.
Warning: Invalid shape (206, 169) or empty file for subject 50115 at regions/50115_timeseries.txt. Skipping.
Warning: Invalid shape (206, 169) or empty file for subject 50119 at regions/50119_timeseries.txt. Skipping.
Warning: Invalid shape (206, 169) or empty file for subject 50124 at regions/50124_timeseries.txt. Skipping.
Warning: Invalid shape (206, 169) or empty file for subject 50127 at regions/50127_timeseries.txt. Skipping.
Warning: Invalid shape (206, 169) or empty file for subject 50135 at regions/50135_timeseries.txt. Skipping.
Warning: Invalid shape (78, 169) or empty file for subject 50149 at regions/50149_timeseries.txt. Skipping.
Warning: Invalid shape (176, 169) or empty file for subject 50187 at regions/50187_timeseries.txt. Skipping.
Warning: Invalid shape (176, 169) or empty file for subject 50210 at regions/50210_timeseries.txt. Skipping.
Warning: Invalid shape (146, 169) or empty file for subject 50253 at regions/50253_timeseries.txt. Skipping.
Warning: Invalid shape (146, 169) or empty file for subject 50260 at regions/50260_timeseries.txt. Skipping.
Warning: Invalid shape (296, 169) or empty file for subject 50272 at regions/50272_timeseries.txt. Skipping.
Warning: Invalid shape (296, 169) or empty file for subject 50301 at regions/50301_timeseries.txt. Skipping.
Warning: Invalid shape (296, 169) or empty file for subject 50330 at regions/50330_timeseries.txt. Skipping.
Warning: Invalid shape (296, 169) or empty file for subject 50334 at regions/50334_timeseries.txt. Skipping.
Warning: Invalid shape (296, 169) or empty file for subject 50335 at regions/50335_timeseries.txt. Skipping.
Warning: Invalid shape (296, 169) or empty file for subject 50340 at regions/50340_timeseries.txt. Skipping.
Warning: Invalid shape (296, 169) or empty file for subject 50346 at regions/50346_timeseries.txt. Skipping.
Warning: Invalid shape (296, 169) or empty file for subject 50357 at regions/50357_timeseries.txt. Skipping.
Warning: Invalid shape (296, 169) or empty file for subject 50368 at regions/50368_timeseries.txt. Skipping.
Warning: Invalid shape (296, 169) or empty file for subject 50370 at regions/50370_timeseries.txt. Skipping.
Warning: Invalid shape (296, 169) or empty file for subject 50380 at regions/50380_timeseries.txt. Skipping.
Warning: Invalid shape (296, 169) or empty file for subject 50402 at regions/50402_timeseries.txt. Skipping.
Warning: Invalid shape (296, 169) or empty file for subject 50403 at regions/50403_timeseries.txt. Skipping.
Warning: Invalid shape (296, 169) or empty file for subject 50410 at regions/50410_timeseries.txt. Skipping.
Warning: Invalid shape (296, 169) or empty file for subject 50421 at regions/50421_timeseries.txt. Skipping.
Warning: Invalid shape (236, 169) or empty file for subject 50446 at regions/50446_timeseries.txt. Skipping.
Warning: Invalid shape (236, 169) or empty file for subject 50463 at regions/50463_timeseries.txt. Skipping.
Warning: Invalid shape (236, 169) or empty file for subject 50483 at regions/50483_timeseries.txt. Skipping.
Warning: Invalid shape (236, 169) or empty file for subject 50498 at regions/50498_timeseries.txt. Skipping.
Warning: Invalid shape (236, 169) or empty file for subject 50514 at regions/50514_timeseries.txt. Skipping.
Warning: Invalid shape (236, 169) or empty file for subject 50518 at regions/50518_timeseries.txt. Skipping.
Warning: Invalid shape (236, 169) or empty file for subject 50527 at regions/50527_timeseries.txt. Skipping.
Warning: Invalid shape (196, 169) or empty file for subject 50555 at regions/50555_timeseries.txt. Skipping.
Warning: Invalid shape (316, 169) or empty file for subject 50669 at regions/50669_timeseries.txt. Skipping.
Warning: Invalid shape (246, 169) or empty file for subject 50692 at regions/50692_timeseries.txt. Skipping.
Warning: Invalid shape (246, 169) or empty file for subject 50703 at regions/50703_timeseries.txt. Skipping.
Warning: Invalid shape (246, 169) or empty file for subject 50726 at regions/50726_timeseries.txt. Skipping.
Warning: Invalid shape (246, 169) or empty file for subject 50731 at regions/50731_timeseries.txt. Skipping.
Warning: Invalid shape (246, 169) or empty file for subject 50737 at regions/50737_timeseries.txt. Skipping.
Warning: Invalid shape (246, 169) or empty file for subject 50742 at regions/50742_timeseries.txt. Skipping.
Warning: Invalid shape (246, 169) or empty file for subject 50755 at regions/50755_timeseries.txt. Skipping.
Warning: Invalid shape (246, 169) or empty file for subject 50757 at regions/50757_timeseries.txt. Skipping.
Warning: Invalid shape (152, 169) or empty file for subject 50777 at regions/50777_timeseries.txt. Skipping.
Warning: Invalid shape (124, 169) or empty file for subject 50792 at regions/50792_timeseries.txt. Skipping.
Warning: Invalid shape (152, 169) or empty file for subject 50803 at regions/50803_timeseries.txt. Skipping.
Warning: Invalid shape (152, 169) or empty file for subject 50812 at regions/50812_timeseries.txt. Skipping.
Warning: Invalid shape (176, 169) or empty file for subject 50952 at regions/50952_timeseries.txt. Skipping.
Warning: Invalid shape (176, 169) or empty file for subject 50959 at regions/50959_timeseries.txt. Skipping.
Warning: Invalid shape (176, 169) or empty file for subject 50962 at regions/50962_timeseries.txt. Skipping.
Warning: Invalid shape (176, 169) or empty file for subject 50981 at regions/50981_timeseries.txt. Skipping.
Warning: Invalid shape (176, 169) or empty file for subject 51011 at regions/51011_timeseries.txt. Skipping.
Warning: Invalid shape (176, 169) or empty file for subject 51027 at regions/51027_timeseries.txt. Skipping.
Warning: Invalid shape (176, 169) or empty file for subject 51039 at regions/51039_timeseries.txt. Skipping.
Warning: Invalid shape (176, 169) or empty file for subject 51040 at regions/51040_timeseries.txt. Skipping.
Warning: Invalid shape (176, 169) or empty file for subject 51045 at regions/51045_timeseries.txt. Skipping.
Warning: Invalid shape (176, 169) or empty file for subject 51049 at regions/51049_timeseries.txt. Skipping.
Warning: Invalid shape (176, 169) or empty file for subject 51058 at regions/51058_timeseries.txt. Skipping.
Warning: Invalid shape (176, 169) or empty file for subject 51065 at regions/51065_timeseries.txt. Skipping.
Warning: Invalid shape (176, 169) or empty file for subject 51076 at regions/51076_timeseries.txt. Skipping.
Warning: Invalid shape (176, 169) or empty file for subject 51099 at regions/51099_timeseries.txt. Skipping.
Warning: Invalid shape (176, 169) or empty file for subject 51127 at regions/51127_timeseries.txt. Skipping.
Warning: Invalid shape (146, 169) or empty file for subject 51132 at regions/51132_timeseries.txt. Skipping.
Warning: Invalid shape (176, 169) or empty file for subject 51173 at regions/51173_timeseries.txt. Skipping.
Warning: Invalid shape (236, 169) or empty file for subject 51197 at regions/51197_timeseries.txt. Skipping.
Warning: Invalid shape (236, 169) or empty file for subject 51198 at regions/51198_timeseries.txt. Skipping.
Warning: Invalid shape (116, 169) or empty file for subject 51206 at regions/51206_timeseries.txt. Skipping.
Warning: Invalid shape (116, 169) or empty file for subject 51208 at regions/51208_timeseries.txt. Skipping.
Warning: Invalid shape (116, 169) or empty file for subject 51210 at regions/51210_timeseries.txt. Skipping.
Warning: Invalid shape (116, 169) or empty file for subject 51253 at regions/51253_timeseries.txt. Skipping.
Warning: Invalid shape (116, 169) or empty file for subject 51276 at regions/51276_timeseries.txt. Skipping.
Warning: Invalid shape (116, 169) or empty file for subject 51292 at regions/51292_timeseries.txt. Skipping.
Warning: Invalid shape (116, 169) or empty file for subject 51295 at regions/51295_timeseries.txt. Skipping.
Warning: Invalid shape (116, 169) or empty file for subject 51300 at regions/51300_timeseries.txt. Skipping.
Warning: Invalid shape (116, 169) or empty file for subject 51303 at regions/51303_timeseries.txt. Skipping.
Warning: Invalid shape (116, 169) or empty file for subject 51319 at regions/51319_timeseries.txt. Skipping.
Warning: Invalid shape (116, 169) or empty file for subject 51345 at regions/51345_timeseries.txt. Skipping.
Warning: Invalid shape (146, 169) or empty file for subject 51493 at regions/51493_timeseries.txt. Skipping.
Warning: Invalid shape (196, 169) or empty file for subject 51573 at regions/51573_timeseries.txt. Skipping.
Warning: Invalid shape (196, 169) or empty file for subject 51579 at regions/51579_timeseries.txt. Skipping.
Error: No time series could be loaded successfully for this fold.
Critical Error: Could not load/pad time series for Fold 10. Skipping fold.

--- Cross-Validation Results ---
Number of successfully completed folds with valid metrics: 10/10
Average Accuracy:  0.0000 +/- 0.0000
Average F1-Score:  0.0000
Average Precision: 0.0000
Average Recall:    0.0000
Average AUC:       0.0000

Total elapsed time: 84.32 seconds.
--- Run Finished ---
Frankenstein Training completed at Wed Apr 16 02:19:12 AM EDT 2025
